transaction_date,transaction_type,property_value,postal_code,town_name,department_code,town_code,property_type_code,property_type,building_area,main_rooms,land_area
06/01/2023,Vente,"430000,00",75019.0,PARIS 19,75,119,1.0,Maison,18.0,1.0,28.0
04/01/2023,Vente en l'état futur d'achèvement,"762000000,00",75001.0,PARIS 01,75,101,4.0,Local industriel. commercial ou assimilé,84.0,0.0,454.0
04/01/2023,Vente en l'état futur d'achèvement,"762000000,00",75001.0,PARIS 01,75,101,4.0,Local industriel. commercial ou assimilé,150.0,0.0,454.0
04/01/2023,Vente en l'état futur d'achèvement,"762000000,00",75001.0,PARIS 01,75,101,4.0,Local industriel. commercial ou assimilé,16.0,0.0,454.0
04/01/2023,Vente en l'état futur d'achèvement,"762000000,00",75001.0,PARIS 01,75,101,4.0,Local industriel. commercial ou assimilé,203.0,0.0,454.0
04/01/2023,Vente en l'état futur d'achèvement,"762000000,00",75001.0,PARIS 01,75,101,4.0,Local industriel. commercial ou assimilé,92.0,0.0,454.0
04/01/2023,Vente en l'état futur d'achèvement,"762000000,00",75001.0,PARIS 01,75,101,4.0,Local industriel. commercial ou assimilé,77.0,0.0,454.0
04/01/2023,Vente en l'état futur d'achèvement,"762000000,00",75001.0,PARIS 01,75,101,4.0,Local industriel. commercial ou assimilé,114.0,0.0,454.0
04/01/2023,Vente en l'état futur d'achèvement,"762000000,00",75001.0,PARIS 01,75,101,4.0,Local industriel. commercial ou assimilé,109.0,0.0,454.0
04/01/2023,Vente en l'état futur d'achèvement,"762000000,00",75001.0,PARIS 01,75,101,4.0,Local industriel. commercial ou assimilé,14.0,0.0,454.0
04/01/2023,Vente en l'état futur d'achèvement,"762000000,00",75001.0,PARIS 01,75,101,4.0,Local industriel. commercial ou assimilé,8.0,0.0,454.0
04/01/2023,Vente en l'état futur d'achèvement,"762000000,00",75001.0,PARIS 01,75,101,4.0,Local industriel. commercial ou assimilé,89.0,0.0,454.0
04/01/2023,Vente en l'état futur d'achèvement,"762000000,00",75001.0,PARIS 01,75,101,4.0,Local industriel. commercial ou assimilé,76.0,0.0,454.0
04/01/2023,Vente en l'état futur d'achèvement,"762000000,00",75001.0,PARIS 01,75,101,4.0,Local industriel. commercial ou assimilé,0.0,0.0,454.0
04/01/2023,Vente en l'état futur d'achèvement,"762000000,00",75001.0,PARIS 01,75,101,4.0,Local industriel. commercial ou assimilé,149.0,0.0,454.0
04/01/2023,Vente en l'état futur d'achèvement,"762000000,00",75001.0,PARIS 01,75,101,4.0,Local industriel. commercial ou assimilé,148.0,0.0,454.0
04/01/2023,Vente en l'état futur d'achèvement,"762000000,00",75001.0,PARIS 01,75,101,4.0,Local industriel. commercial ou assimilé,88.0,0.0,454.0
04/01/2023,Vente en l'état futur d'achèvement,"762000000,00",75001.0,PARIS 01,75,101,2.0,Appartement,175.0,5.0,1057.0
04/01/2023,Vente en l'état futur d'achèvement,"762000000,00",75001.0,PARIS 01,75,101,4.0,Local industriel. commercial ou assimilé,31.0,0.0,1057.0
04/01/2023,Vente en l'état futur d'achèvement,"762000000,00",75001.0,PARIS 01,75,101,4.0,Local industriel. commercial ou assimilé,60.0,0.0,1057.0
04/01/2023,Vente en l'état futur d'achèvement,"762000000,00",75001.0,PARIS 01,75,101,2.0,Appartement,100.0,4.0,1057.0
04/01/2023,Vente en l'état futur d'achèvement,"762000000,00",75001.0,PARIS 01,75,101,4.0,Local industriel. commercial ou assimilé,352.0,0.0,1057.0
04/01/2023,Vente en l'état futur d'achèvement,"762000000,00",75001.0,PARIS 01,75,101,2.0,Appartement,50.0,3.0,1057.0
04/01/2023,Vente en l'état futur d'achèvement,"762000000,00",75001.0,PARIS 01,75,101,4.0,Local industriel. commercial ou assimilé,354.0,0.0,1057.0
04/01/2023,Vente en l'état futur d'achèvement,"762000000,00",75001.0,PARIS 01,75,101,4.0,Local industriel. commercial ou assimilé,88.0,0.0,1057.0
04/01/2023,Vente en l'état futur d'achèvement,"762000000,00",75001.0,PARIS 01,75,101,2.0,Appartement,30.0,2.0,1057.0
04/01/2023,Vente en l'état futur d'achèvement,"762000000,00",75001.0,PARIS 01,75,101,4.0,Local industriel. commercial ou assimilé,385.0,0.0,1057.0
04/01/2023,Vente en l'état futur d'achèvement,"762000000,00",75001.0,PARIS 01,75,101,4.0,Local industriel. commercial ou assimilé,123.0,0.0,1057.0
04/01/2023,Vente en l'état futur d'achèvement,"762000000,00",75001.0,PARIS 01,75,101,4.0,Local industriel. commercial ou assimilé,95.0,0.0,1057.0
04/01/2023,Vente en l'état futur d'achèvement,"762000000,00",75001.0,PARIS 01,75,101,4.0,Local industriel. commercial ou assimilé,80.0,0.0,1057.0
04/01/2023,Vente en l'état futur d'achèvement,"762000000,00",75001.0,PARIS 01,75,101,2.0,Appartement,160.0,5.0,1057.0
04/01/2023,Vente en l'état futur d'achèvement,"762000000,00",75001.0,PARIS 01,75,101,4.0,Local industriel. commercial ou assimilé,28.0,0.0,1057.0
04/01/2023,Vente en l'état futur d'achèvement,"762000000,00",75001.0,PARIS 01,75,101,4.0,Local industriel. commercial ou assimilé,20.0,0.0,1057.0
04/01/2023,Vente en l'état futur d'achèvement,"762000000,00",75001.0,PARIS 01,75,101,2.0,Appartement,18.0,1.0,1057.0
04/01/2023,Vente en l'état futur d'achèvement,"762000000,00",75001.0,PARIS 01,75,101,2.0,Appartement,104.0,4.0,1057.0
04/01/2023,Vente en l'état futur d'achèvement,"762000000,00",75001.0,PARIS 01,75,101,2.0,Appartement,55.0,3.0,1057.0
04/01/2023,Vente en l'état futur d'achèvement,"762000000,00",75001.0,PARIS 01,75,101,2.0,Appartement,103.0,4.0,1057.0
04/01/2023,Vente en l'état futur d'achèvement,"762000000,00",75001.0,PARIS 01,75,101,2.0,Appartement,20.0,1.0,1057.0
04/01/2023,Vente en l'état futur d'achèvement,"762000000,00",75001.0,PARIS 01,75,101,2.0,Appartement,66.0,3.0,1057.0
04/01/2023,Vente en l'état futur d'achèvement,"762000000,00",75001.0,PARIS 01,75,101,2.0,Appartement,15.0,1.0,1057.0
04/01/2023,Vente en l'état futur d'achèvement,"762000000,00",75001.0,PARIS 01,75,101,2.0,Appartement,48.0,2.0,1057.0
04/01/2023,Vente en l'état futur d'achèvement,"762000000,00",75001.0,PARIS 01,75,101,2.0,Appartement,42.0,2.0,1057.0
04/01/2023,Vente en l'état futur d'achèvement,"762000000,00",75001.0,PARIS 01,75,101,2.0,Appartement,50.0,2.0,1057.0
04/01/2023,Vente en l'état futur d'achèvement,"762000000,00",75001.0,PARIS 01,75,101,2.0,Appartement,60.0,3.0,1057.0
04/01/2023,Vente en l'état futur d'achèvement,"762000000,00",75001.0,PARIS 01,75,101,2.0,Appartement,51.0,2.0,1057.0
04/01/2023,Vente en l'état futur d'achèvement,"762000000,00",75001.0,PARIS 01,75,101,2.0,Appartement,167.0,6.0,1057.0
04/01/2023,Vente en l'état futur d'achèvement,"762000000,00",75001.0,PARIS 01,75,101,2.0,Appartement,150.0,5.0,1057.0
04/01/2023,Vente en l'état futur d'achèvement,"762000000,00",75001.0,PARIS 01,75,101,2.0,Appartement,190.0,6.0,1057.0
04/01/2023,Vente en l'état futur d'achèvement,"762000000,00",75001.0,PARIS 01,75,101,4.0,Local industriel. commercial ou assimilé,26.0,0.0,1057.0
04/01/2023,Vente en l'état futur d'achèvement,"762000000,00",75001.0,PARIS 01,75,101,4.0,Local industriel. commercial ou assimilé,18.0,0.0,1057.0
04/01/2023,Vente en l'état futur d'achèvement,"762000000,00",75001.0,PARIS 01,75,101,4.0,Local industriel. commercial ou assimilé,100.0,0.0,1057.0
04/01/2023,Vente en l'état futur d'achèvement,"762000000,00",75001.0,PARIS 01,75,101,4.0,Local industriel. commercial ou assimilé,361.0,0.0,1057.0
04/01/2023,Vente,"4560000,00",75010.0,PARIS 10,75,110,2.0,Appartement,40.0,2.0,96.0
04/01/2023,Vente,"4560000,00",75010.0,PARIS 10,75,110,4.0,Local industriel. commercial ou assimilé,98.0,0.0,96.0
04/01/2023,Vente,"4560000,00",75010.0,PARIS 10,75,110,4.0,Local industriel. commercial ou assimilé,8.0,0.0,96.0
04/01/2023,Vente,"4560000,00",75010.0,PARIS 10,75,110,3.0,Dépendance,0.0,0.0,96.0
04/01/2023,Vente,"4560000,00",75010.0,PARIS 10,75,110,2.0,Appartement,25.0,1.0,96.0
04/01/2023,Vente,"4560000,00",75010.0,PARIS 10,75,110,2.0,Appartement,32.0,2.0,96.0
04/01/2023,Vente,"4560000,00",75010.0,PARIS 10,75,110,2.0,Appartement,30.0,2.0,96.0
04/01/2023,Vente,"4560000,00",75010.0,PARIS 10,75,110,2.0,Appartement,18.0,1.0,96.0
04/01/2023,Vente,"4560000,00",75010.0,PARIS 10,75,110,2.0,Appartement,10.0,1.0,96.0
04/01/2023,Vente,"4560000,00",75010.0,PARIS 10,75,110,2.0,Appartement,12.0,1.0,96.0
18/01/2023,Vente,"27000000,00",75017.0,PARIS 17,75,117,4.0,Local industriel. commercial ou assimilé,1281.0,0.0,466.0
03/01/2023,Vente,"1342222,20",75019.0,PARIS 19,75,119,2.0,Appartement,42.0,2.0,516.0
03/01/2023,Vente,"1342222,20",75019.0,PARIS 19,75,119,3.0,Dépendance,0.0,0.0,516.0
03/01/2023,Vente,"1342222,20",75019.0,PARIS 19,75,119,2.0,Appartement,49.0,2.0,516.0
03/01/2023,Vente,"1342222,20",75019.0,PARIS 19,75,119,2.0,Appartement,42.0,4.0,516.0
03/01/2023,Vente,"1342222,20",75019.0,PARIS 19,75,119,2.0,Appartement,34.0,2.0,516.0
03/01/2023,Vente,"1342222,20",75019.0,PARIS 19,75,119,2.0,Appartement,40.0,2.0,516.0
03/01/2023,Vente,"1342222,20",75019.0,PARIS 19,75,119,2.0,Appartement,50.0,4.0,516.0
03/01/2023,Vente,"1342222,20",75019.0,PARIS 19,75,119,2.0,Appartement,48.0,3.0,516.0
03/01/2023,Vente,"1342222,20",75019.0,PARIS 19,75,119,2.0,Appartement,52.0,3.0,516.0
03/01/2023,Vente,"1342222,20",75019.0,PARIS 19,75,119,2.0,Appartement,46.0,2.0,516.0
03/01/2023,Vente,"1342222,20",75019.0,PARIS 19,75,119,2.0,Appartement,47.0,2.0,516.0
03/01/2023,Vente,"1342222,20",75019.0,PARIS 19,75,119,4.0,Local industriel. commercial ou assimilé,93.0,0.0,516.0
03/01/2023,Vente,"1342222,20",75019.0,PARIS 19,75,119,4.0,Local industriel. commercial ou assimilé,64.0,0.0,516.0
03/01/2023,Vente,"1342222,20",75019.0,PARIS 19,75,119,2.0,Appartement,50.0,2.0,516.0
03/01/2023,Vente,"1342222,20",75019.0,PARIS 19,75,119,2.0,Appartement,48.0,2.0,516.0
03/01/2023,Vente,"1342222,20",75019.0,PARIS 19,75,119,2.0,Appartement,27.0,2.0,516.0
03/01/2023,Vente,"1342222,20",75019.0,PARIS 19,75,119,2.0,Appartement,53.0,2.0,516.0
03/01/2023,Vente,"1342222,20",75019.0,PARIS 19,75,119,2.0,Appartement,44.0,2.0,516.0
03/01/2023,Vente,"1342222,20",75019.0,PARIS 19,75,119,2.0,Appartement,66.0,3.0,516.0
03/01/2023,Vente,"1342222,20",75019.0,PARIS 19,75,119,4.0,Local industriel. commercial ou assimilé,72.0,0.0,516.0
12/01/2023,Vente,"53500000,00",75008.0,PARIS 08,75,108,4.0,Local industriel. commercial ou assimilé,1696.0,0.0,358.0
31/01/2023,Vente,"32600000,00",75009.0,PARIS 09,75,109,4.0,Local industriel. commercial ou assimilé,0.0,0.0,337.0
31/01/2023,Vente,"32600000,00",75009.0,PARIS 09,75,109,4.0,Local industriel. commercial ou assimilé,18.0,0.0,335.0
31/01/2023,Vente,"32600000,00",75009.0,PARIS 09,75,109,4.0,Local industriel. commercial ou assimilé,288.0,0.0,335.0
31/01/2023,Vente,"32600000,00",75009.0,PARIS 09,75,109,4.0,Local industriel. commercial ou assimilé,420.0,0.0,335.0
31/01/2023,Vente,"32600000,00",75009.0,PARIS 09,75,109,4.0,Local industriel. commercial ou assimilé,410.0,0.0,335.0
31/01/2023,Vente,"32600000,00",75009.0,PARIS 09,75,109,4.0,Local industriel. commercial ou assimilé,15.0,0.0,335.0
31/01/2023,Vente,"32600000,00",75009.0,PARIS 09,75,109,4.0,Local industriel. commercial ou assimilé,187.0,0.0,335.0
31/01/2023,Vente,"32600000,00",75009.0,PARIS 09,75,109,4.0,Local industriel. commercial ou assimilé,40.0,0.0,335.0
31/01/2023,Vente,"32600000,00",75009.0,PARIS 09,75,109,4.0,Local industriel. commercial ou assimilé,43.0,0.0,335.0
01/02/2023,Vente,"22400000,00",75017.0,PARIS 17,75,117,4.0,Local industriel. commercial ou assimilé,328.0,0.0,454.0
01/02/2023,Vente,"22400000,00",75017.0,PARIS 17,75,117,4.0,Local industriel. commercial ou assimilé,333.0,0.0,454.0
01/02/2023,Vente,"22400000,00",75017.0,PARIS 17,75,117,4.0,Local industriel. commercial ou assimilé,330.0,0.0,454.0
01/02/2023,Vente,"22400000,00",75017.0,PARIS 17,75,117,4.0,Local industriel. commercial ou assimilé,168.0,0.0,454.0
01/02/2023,Vente,"22400000,00",75017.0,PARIS 17,75,117,4.0,Local industriel. commercial ou assimilé,0.0,0.0,454.0
01/02/2023,Vente,"22400000,00",75017.0,PARIS 17,75,117,4.0,Local industriel. commercial ou assimilé,489.0,0.0,454.0
25/01/2023,Vente,"211050,00",75008.0,PARIS 08,75,108,3.0,Dépendance,0.0,0.0,1719.0
25/01/2023,Vente,"211050,00",75008.0,PARIS 08,75,108,2.0,Appartement,37.0,2.0,1719.0
31/01/2023,Vente,"4315000,00",75019.0,PARIS 19,75,119,2.0,Appartement,43.0,2.0,416.0
31/01/2023,Vente,"4315000,00",75019.0,PARIS 19,75,119,3.0,Dépendance,0.0,0.0,416.0
31/01/2023,Vente,"4315000,00",75019.0,PARIS 19,75,119,4.0,Local industriel. commercial ou assimilé,53.0,0.0,416.0
31/01/2023,Vente,"4315000,00",75019.0,PARIS 19,75,119,2.0,Appartement,57.0,3.0,416.0
31/01/2023,Vente,"4315000,00",75019.0,PARIS 19,75,119,2.0,Appartement,40.0,2.0,416.0
31/01/2023,Vente,"4315000,00",75019.0,PARIS 19,75,119,2.0,Appartement,20.0,1.0,416.0
31/01/2023,Vente,"4315000,00",75019.0,PARIS 19,75,119,2.0,Appartement,37.0,2.0,416.0
31/01/2023,Vente,"4315000,00",75019.0,PARIS 19,75,119,2.0,Appartement,79.0,3.0,416.0
31/01/2023,Vente,"4315000,00",75019.0,PARIS 19,75,119,4.0,Local industriel. commercial ou assimilé,82.0,0.0,416.0
31/01/2023,Vente,"4315000,00",75019.0,PARIS 19,75,119,4.0,Local industriel. commercial ou assimilé,174.0,0.0,416.0
26/01/2023,Vente,"1790000,00",75019.0,PARIS 19,75,119,1.0,Maison,127.0,7.0,139.0
09/02/2023,Vente,"11600,00",75019.0,PARIS 19,75,119,3.0,Dépendance,0.0,0.0,144.0
09/02/2023,Vente,"1300000,00",75020.0,PARIS 20,75,120,4.0,Local industriel. commercial ou assimilé,25.0,0.0,117.0
09/02/2023,Vente,"1300000,00",75020.0,PARIS 20,75,120,3.0,Dépendance,0.0,0.0,117.0
09/02/2023,Vente,"1300000,00",75020.0,PARIS 20,75,120,2.0,Appartement,90.0,6.0,117.0
09/02/2023,Vente,"1300000,00",75020.0,PARIS 20,75,120,4.0,Local industriel. commercial ou assimilé,30.0,0.0,117.0
26/01/2023,Vente,"2650000,00",75020.0,PARIS 20,75,120,4.0,Local industriel. commercial ou assimilé,120.0,0.0,89.0
26/01/2023,Vente,"2650000,00",75020.0,PARIS 20,75,120,2.0,Appartement,31.0,1.0,89.0
26/01/2023,Vente,"2650000,00",75020.0,PARIS 20,75,120,2.0,Appartement,35.0,1.0,89.0
26/01/2023,Vente,"2650000,00",75020.0,PARIS 20,75,120,2.0,Appartement,33.0,1.0,89.0
26/01/2023,Vente,"10650000,00",75017.0,PARIS 17,75,117,4.0,Local industriel. commercial ou assimilé,519.0,0.0,199.0
26/01/2023,Vente,"55000000,00",75008.0,PARIS 08,75,108,4.0,Local industriel. commercial ou assimilé,119.0,0.0,660.0
26/01/2023,Vente,"55000000,00",75008.0,PARIS 08,75,108,4.0,Local industriel. commercial ou assimilé,193.0,0.0,660.0
26/01/2023,Vente,"55000000,00",75008.0,PARIS 08,75,108,4.0,Local industriel. commercial ou assimilé,164.0,0.0,660.0
26/01/2023,Vente,"55000000,00",75008.0,PARIS 08,75,108,4.0,Local industriel. commercial ou assimilé,238.0,0.0,660.0
26/01/2023,Vente,"55000000,00",75008.0,PARIS 08,75,108,4.0,Local industriel. commercial ou assimilé,211.0,0.0,660.0
26/01/2023,Vente,"55000000,00",75008.0,PARIS 08,75,108,4.0,Local industriel. commercial ou assimilé,226.0,0.0,660.0
26/01/2023,Vente,"55000000,00",75008.0,PARIS 08,75,108,4.0,Local industriel. commercial ou assimilé,236.0,0.0,660.0
26/01/2023,Vente,"55000000,00",75008.0,PARIS 08,75,108,4.0,Local industriel. commercial ou assimilé,146.0,0.0,660.0
26/01/2023,Vente,"55000000,00",75008.0,PARIS 08,75,108,4.0,Local industriel. commercial ou assimilé,125.0,0.0,660.0
26/01/2023,Vente,"55000000,00",75008.0,PARIS 08,75,108,2.0,Appartement,43.0,2.0,660.0
03/02/2023,Vente,"2479000,00",75020.0,PARIS 20,75,120,2.0,Appartement,33.0,2.0,118.0
03/02/2023,Vente,"2479000,00",75020.0,PARIS 20,75,120,1.0,Maison,186.0,5.0,118.0
16/02/2023,Vente,"86000000,00",75008.0,PARIS 08,75,108,4.0,Local industriel. commercial ou assimilé,4755.0,0.0,393.0
08/02/2023,Vente,"860000,00",75019.0,PARIS 19,75,119,1.0,Maison,70.0,3.0,92.0
27/01/2023,Vente,"2850000,00",75001.0,PARIS 01,75,101,4.0,Local industriel. commercial ou assimilé,54.0,0.0,65.0
27/01/2023,Vente,"2850000,00",75001.0,PARIS 01,75,101,4.0,Local industriel. commercial ou assimilé,9.0,0.0,65.0
27/01/2023,Vente,"2850000,00",75001.0,PARIS 01,75,101,4.0,Local industriel. commercial ou assimilé,87.0,0.0,65.0
27/01/2023,Vente,"2850000,00",75001.0,PARIS 01,75,101,4.0,Local industriel. commercial ou assimilé,50.0,0.0,65.0
27/01/2023,Vente,"2850000,00",75001.0,PARIS 01,75,101,4.0,Local industriel. commercial ou assimilé,40.0,0.0,65.0
27/01/2023,Vente,"2850000,00",75001.0,PARIS 01,75,101,4.0,Local industriel. commercial ou assimilé,53.0,0.0,65.0
21/02/2023,Vente,"1900000,00",75002.0,PARIS 02,75,102,4.0,Local industriel. commercial ou assimilé,3.0,0.0,87.0
21/02/2023,Vente,"1900000,00",75002.0,PARIS 02,75,102,4.0,Local industriel. commercial ou assimilé,454.0,0.0,87.0
21/02/2023,Vente,"1900000,00",75002.0,PARIS 02,75,102,4.0,Local industriel. commercial ou assimilé,58.0,0.0,87.0
21/02/2023,Vente,"2700000,00",75018.0,PARIS 18,75,118,2.0,Appartement,63.0,3.0,293.0
21/02/2023,Vente,"2700000,00",75018.0,PARIS 18,75,118,2.0,Appartement,29.0,1.0,293.0
21/02/2023,Vente,"2700000,00",75018.0,PARIS 18,75,118,2.0,Appartement,60.0,3.0,293.0
21/02/2023,Vente,"2700000,00",75018.0,PARIS 18,75,118,2.0,Appartement,52.0,2.0,293.0
21/02/2023,Vente,"2700000,00",75018.0,PARIS 18,75,118,2.0,Appartement,19.0,1.0,293.0
21/02/2023,Vente,"2700000,00",75018.0,PARIS 18,75,118,2.0,Appartement,17.0,1.0,293.0
21/02/2023,Vente,"2700000,00",75018.0,PARIS 18,75,118,2.0,Appartement,14.0,1.0,293.0
21/02/2023,Vente,"2700000,00",75018.0,PARIS 18,75,118,2.0,Appartement,80.0,4.0,293.0
21/02/2023,Vente,"2700000,00",75018.0,PARIS 18,75,118,3.0,Dépendance,0.0,0.0,293.0
21/02/2023,Vente,"2700000,00",75018.0,PARIS 18,75,118,2.0,Appartement,21.0,2.0,293.0
21/02/2023,Vente,"2700000,00",75018.0,PARIS 18,75,118,2.0,Appartement,12.0,1.0,293.0
21/02/2023,Vente,"2700000,00",75018.0,PARIS 18,75,118,2.0,Appartement,15.0,1.0,293.0
21/02/2023,Vente,"2700000,00",75018.0,PARIS 18,75,118,2.0,Appartement,81.0,4.0,293.0
21/02/2023,Vente,"2700000,00",75018.0,PARIS 18,75,118,2.0,Appartement,64.0,3.0,293.0
27/02/2023,Vente,"4500000,00",75019.0,PARIS 19,75,119,1.0,Maison,298.0,6.0,611.0
02/02/2023,Vente,"800000,00",75020.0,PARIS 20,75,120,1.0,Maison,40.0,2.0,70.0
09/02/2023,Vente,"4800000,00",75017.0,PARIS 17,75,117,4.0,Local industriel. commercial ou assimilé,462.0,0.0,162.0
24/02/2023,Vente,"723615,00",75017.0,PARIS 17,75,117,4.0,Local industriel. commercial ou assimilé,685.0,0.0,174.0
14/02/2023,Vente,"1900000,00",75020.0,PARIS 20,75,120,1.0,Maison,90.0,5.0,148.0
17/02/2023,Vente,"5000000,00",75008.0,PARIS 08,75,108,2.0,Appartement,28.0,2.0,126.0
17/02/2023,Vente,"5000000,00",75008.0,PARIS 08,75,108,2.0,Appartement,13.0,1.0,126.0
17/02/2023,Vente,"5000000,00",75008.0,PARIS 08,75,108,4.0,Local industriel. commercial ou assimilé,93.0,0.0,126.0
17/02/2023,Vente,"5000000,00",75008.0,PARIS 08,75,108,4.0,Local industriel. commercial ou assimilé,29.0,0.0,126.0
17/02/2023,Vente,"5000000,00",75008.0,PARIS 08,75,108,3.0,Dépendance,0.0,0.0,126.0
09/03/2023,Vente,"157200000,00",75008.0,PARIS 08,75,108,4.0,Local industriel. commercial ou assimilé,8.0,0.0,167.0
09/03/2023,Vente,"157200000,00",75008.0,PARIS 08,75,108,4.0,Local industriel. commercial ou assimilé,120.0,0.0,167.0
09/03/2023,Vente,"157200000,00",75008.0,PARIS 08,75,108,3.0,Dépendance,0.0,0.0,167.0
09/03/2023,Vente,"157200000,00",75008.0,PARIS 08,75,108,4.0,Local industriel. commercial ou assimilé,26.0,0.0,167.0
09/03/2023,Vente,"157200000,00",75008.0,PARIS 08,75,108,2.0,Appartement,36.0,2.0,167.0
09/03/2023,Vente,"157200000,00",75008.0,PARIS 08,75,108,4.0,Local industriel. commercial ou assimilé,56.0,0.0,167.0
09/03/2023,Vente,"157200000,00",75008.0,PARIS 08,75,108,4.0,Local industriel. commercial ou assimilé,91.0,0.0,167.0
09/03/2023,Vente,"157200000,00",75008.0,PARIS 08,75,108,4.0,Local industriel. commercial ou assimilé,19.0,0.0,508.0
09/03/2023,Vente,"157200000,00",75008.0,PARIS 08,75,108,4.0,Local industriel. commercial ou assimilé,190.0,0.0,508.0
09/03/2023,Vente,"157200000,00",75008.0,PARIS 08,75,108,4.0,Local industriel. commercial ou assimilé,1054.0,0.0,508.0
09/03/2023,Vente,"157200000,00",75008.0,PARIS 08,75,108,4.0,Local industriel. commercial ou assimilé,548.0,0.0,508.0
09/03/2023,Vente,"157200000,00",75008.0,PARIS 08,75,108,4.0,Local industriel. commercial ou assimilé,20.0,0.0,508.0
09/03/2023,Vente,"157200000,00",75008.0,PARIS 08,75,108,4.0,Local industriel. commercial ou assimilé,8.0,0.0,324.0
09/03/2023,Vente,"157200000,00",75008.0,PARIS 08,75,108,4.0,Local industriel. commercial ou assimilé,155.0,0.0,324.0
09/03/2023,Vente,"157200000,00",75008.0,PARIS 08,75,108,4.0,Local industriel. commercial ou assimilé,125.0,0.0,324.0
09/03/2023,Vente,"157200000,00",75008.0,PARIS 08,75,108,4.0,Local industriel. commercial ou assimilé,106.0,0.0,324.0
09/03/2023,Vente,"157200000,00",75008.0,PARIS 08,75,108,4.0,Local industriel. commercial ou assimilé,225.0,0.0,324.0
17/02/2023,Vente,"16900000,00",75017.0,PARIS 17,75,117,3.0,Dépendance,0.0,0.0,661.0
17/02/2023,Vente,"16900000,00",75017.0,PARIS 17,75,117,4.0,Local industriel. commercial ou assimilé,236.0,0.0,661.0
17/02/2023,Vente,"16900000,00",75017.0,PARIS 17,75,117,2.0,Appartement,45.0,3.0,661.0
17/02/2023,Vente,"16900000,00",75017.0,PARIS 17,75,117,2.0,Appartement,9.0,1.0,661.0
17/02/2023,Vente,"16900000,00",75017.0,PARIS 17,75,117,2.0,Appartement,135.0,4.0,661.0
17/02/2023,Vente,"16900000,00",75017.0,PARIS 17,75,117,2.0,Appartement,183.0,6.0,661.0
17/02/2023,Vente,"16900000,00",75017.0,PARIS 17,75,117,2.0,Appartement,132.0,4.0,661.0
17/02/2023,Vente,"16900000,00",75017.0,PARIS 17,75,117,2.0,Appartement,47.0,2.0,661.0
17/02/2023,Vente,"16900000,00",75017.0,PARIS 17,75,117,2.0,Appartement,170.0,7.0,661.0
17/02/2023,Vente,"16900000,00",75017.0,PARIS 17,75,117,2.0,Appartement,105.0,3.0,661.0
17/02/2023,Vente,"16900000,00",75017.0,PARIS 17,75,117,2.0,Appartement,35.0,2.0,661.0
21/02/2023,Vente,"8150000,00",75008.0,PARIS 08,75,108,4.0,Local industriel. commercial ou assimilé,450.0,0.0,224.0
21/02/2023,Vente,"8150000,00",75008.0,PARIS 08,75,108,4.0,Local industriel. commercial ou assimilé,50.0,0.0,224.0
02/03/2023,Vente,"1950000,00",75020.0,PARIS 20,75,120,1.0,Maison,127.0,5.0,134.0
02/03/2023,Vente,"1950000,00",75020.0,PARIS 20,75,120,4.0,Local industriel. commercial ou assimilé,50.0,0.0,134.0
08/03/2023,Vente,"2171950,00",75018.0,PARIS 18,75,118,1.0,Maison,55.0,4.0,99.0
08/03/2023,Vente,"2171950,00",75018.0,PARIS 18,75,118,1.0,Maison,73.0,4.0,148.0
14/03/2023,Vente,"620000,00",75019.0,PARIS 19,75,119,1.0,Maison,90.0,4.0,69.0
22/03/2023,Vente,"19109000,00",75001.0,PARIS 01,75,101,3.0,Dépendance,0.0,0.0,237.0
22/03/2023,Vente,"19109000,00",75001.0,PARIS 01,75,101,4.0,Local industriel. commercial ou assimilé,191.0,0.0,237.0
22/03/2023,Vente,"19109000,00",75001.0,PARIS 01,75,101,4.0,Local industriel. commercial ou assimilé,106.0,0.0,237.0
22/03/2023,Vente,"19109000,00",75001.0,PARIS 01,75,101,2.0,Appartement,35.0,2.0,237.0
22/03/2023,Vente,"19109000,00",75001.0,PARIS 01,75,101,2.0,Appartement,96.0,3.0,237.0
22/03/2023,Vente,"19109000,00",75001.0,PARIS 01,75,101,2.0,Appartement,58.0,2.0,237.0
22/03/2023,Vente,"19109000,00",75001.0,PARIS 01,75,101,2.0,Appartement,43.0,2.0,237.0
22/03/2023,Vente,"19109000,00",75001.0,PARIS 01,75,101,2.0,Appartement,65.0,3.0,237.0
22/03/2023,Vente,"19109000,00",75001.0,PARIS 01,75,101,2.0,Appartement,35.0,1.0,237.0
22/03/2023,Vente,"19109000,00",75001.0,PARIS 01,75,101,4.0,Local industriel. commercial ou assimilé,68.0,0.0,237.0
22/03/2023,Vente,"19109000,00",75001.0,PARIS 01,75,101,2.0,Appartement,16.0,1.0,237.0
28/02/2023,Vente,"6000000,00",75008.0,PARIS 08,75,108,4.0,Local industriel. commercial ou assimilé,762.0,0.0,129.0
28/02/2023,Vente,"6000000,00",75008.0,PARIS 08,75,108,4.0,Local industriel. commercial ou assimilé,10.0,0.0,129.0
28/02/2023,Vente,"6000000,00",75008.0,PARIS 08,75,108,4.0,Local industriel. commercial ou assimilé,15.0,0.0,129.0
23/02/2023,Vente,"6000000,00",75009.0,PARIS 09,75,109,4.0,Local industriel. commercial ou assimilé,1158.0,0.0,279.0
22/03/2023,Vente,"150250000,00",75008.0,PARIS 08,75,108,4.0,Local industriel. commercial ou assimilé,1788.0,0.0,895.0
22/03/2023,Vente,"150250000,00",75008.0,PARIS 08,75,108,4.0,Local industriel. commercial ou assimilé,952.0,0.0,895.0
22/03/2023,Vente,"150250000,00",75008.0,PARIS 08,75,108,4.0,Local industriel. commercial ou assimilé,58.0,0.0,895.0
13/03/2023,Vente,"24437500,00",75002.0,PARIS 02,75,102,2.0,Appartement,152.0,5.0,499.0
13/03/2023,Vente,"24437500,00",75002.0,PARIS 02,75,102,4.0,Local industriel. commercial ou assimilé,270.0,0.0,499.0
13/03/2023,Vente,"24437500,00",75002.0,PARIS 02,75,102,3.0,Dépendance,0.0,0.0,499.0
13/03/2023,Vente,"24437500,00",75002.0,PARIS 02,75,102,2.0,Appartement,187.0,6.0,499.0
13/03/2023,Vente,"24437500,00",75002.0,PARIS 02,75,102,4.0,Local industriel. commercial ou assimilé,61.0,0.0,499.0
13/03/2023,Vente,"24437500,00",75002.0,PARIS 02,75,102,4.0,Local industriel. commercial ou assimilé,331.0,0.0,499.0
13/03/2023,Vente,"24437500,00",75002.0,PARIS 02,75,102,4.0,Local industriel. commercial ou assimilé,345.0,0.0,499.0
13/03/2023,Vente,"24437500,00",75002.0,PARIS 02,75,102,4.0,Local industriel. commercial ou assimilé,164.0,0.0,499.0
13/03/2023,Vente,"24437500,00",75002.0,PARIS 02,75,102,2.0,Appartement,125.0,5.0,499.0
13/03/2023,Vente,"24437500,00",75002.0,PARIS 02,75,102,2.0,Appartement,117.0,6.0,499.0
13/03/2023,Vente,"24437500,00",75002.0,PARIS 02,75,102,2.0,Appartement,25.0,2.0,499.0
13/03/2023,Vente,"1462500,00",75002.0,PARIS 02,75,102,2.0,Appartement,25.0,2.0,499.0
13/03/2023,Vente,"1462500,00",75002.0,PARIS 02,75,102,3.0,Dépendance,0.0,0.0,499.0
13/03/2023,Vente,"1462500,00",75002.0,PARIS 02,75,102,2.0,Appartement,152.0,5.0,499.0
13/03/2023,Vente,"1462500,00",75002.0,PARIS 02,75,102,2.0,Appartement,125.0,5.0,499.0
13/03/2023,Vente,"1462500,00",75002.0,PARIS 02,75,102,2.0,Appartement,117.0,6.0,499.0
13/03/2023,Vente,"1462500,00",75002.0,PARIS 02,75,102,4.0,Local industriel. commercial ou assimilé,331.0,0.0,499.0
13/03/2023,Vente,"1462500,00",75002.0,PARIS 02,75,102,4.0,Local industriel. commercial ou assimilé,345.0,0.0,499.0
13/03/2023,Vente,"1462500,00",75002.0,PARIS 02,75,102,4.0,Local industriel. commercial ou assimilé,164.0,0.0,499.0
13/03/2023,Vente,"1462500,00",75002.0,PARIS 02,75,102,4.0,Local industriel. commercial ou assimilé,270.0,0.0,499.0
13/03/2023,Vente,"1462500,00",75002.0,PARIS 02,75,102,2.0,Appartement,187.0,6.0,499.0
13/03/2023,Vente,"1462500,00",75002.0,PARIS 02,75,102,4.0,Local industriel. commercial ou assimilé,61.0,0.0,499.0
24/03/2023,Vente,"6410000,00",75009.0,PARIS 09,75,109,4.0,Local industriel. commercial ou assimilé,15.0,0.0,184.0
24/03/2023,Vente,"6410000,00",75009.0,PARIS 09,75,109,2.0,Appartement,116.0,4.0,184.0
24/03/2023,Vente,"6410000,00",75009.0,PARIS 09,75,109,2.0,Appartement,109.0,4.0,184.0
24/03/2023,Vente,"6410000,00",75009.0,PARIS 09,75,109,2.0,Appartement,25.0,2.0,184.0
24/03/2023,Vente,"6410000,00",75009.0,PARIS 09,75,109,3.0,Dépendance,0.0,0.0,184.0
24/03/2023,Vente,"6410000,00",75009.0,PARIS 09,75,109,4.0,Local industriel. commercial ou assimilé,69.0,0.0,184.0
24/03/2023,Vente,"6410000,00",75009.0,PARIS 09,75,109,4.0,Local industriel. commercial ou assimilé,100.0,0.0,184.0
24/03/2023,Vente,"6410000,00",75009.0,PARIS 09,75,109,4.0,Local industriel. commercial ou assimilé,45.0,0.0,184.0
24/03/2023,Vente,"15000000,00",75008.0,PARIS 08,75,108,4.0,Local industriel. commercial ou assimilé,46.0,0.0,345.0
24/03/2023,Vente,"15000000,00",75008.0,PARIS 08,75,108,4.0,Local industriel. commercial ou assimilé,680.0,0.0,345.0
17/03/2023,Vente,"7000000,00",75010.0,PARIS 10,75,110,2.0,Appartement,51.0,3.0,230.0
17/03/2023,Vente,"7000000,00",75010.0,PARIS 10,75,110,2.0,Appartement,12.0,1.0,230.0
17/03/2023,Vente,"7000000,00",75010.0,PARIS 10,75,110,2.0,Appartement,14.0,1.0,230.0
17/03/2023,Vente,"7000000,00",75010.0,PARIS 10,75,110,2.0,Appartement,20.0,1.0,230.0
17/03/2023,Vente,"7000000,00",75010.0,PARIS 10,75,110,4.0,Local industriel. commercial ou assimilé,150.0,0.0,230.0
17/03/2023,Vente,"7000000,00",75010.0,PARIS 10,75,110,4.0,Local industriel. commercial ou assimilé,48.0,0.0,230.0
17/03/2023,Vente,"7000000,00",75010.0,PARIS 10,75,110,4.0,Local industriel. commercial ou assimilé,159.0,0.0,230.0
17/03/2023,Vente,"7000000,00",75010.0,PARIS 10,75,110,2.0,Appartement,52.0,3.0,230.0
31/03/2023,Vente,"2840000,00",75018.0,PARIS 18,75,118,1.0,Maison,60.0,4.0,182.0
30/03/2023,Vente,"14000000,00",75010.0,PARIS 10,75,110,3.0,Dépendance,0.0,0.0,577.0
30/03/2023,Vente,"14000000,00",75010.0,PARIS 10,75,110,2.0,Appartement,73.0,2.0,577.0
30/03/2023,Vente,"14000000,00",75010.0,PARIS 10,75,110,4.0,Local industriel. commercial ou assimilé,94.0,0.0,577.0
30/03/2023,Vente,"14000000,00",75010.0,PARIS 10,75,110,4.0,Local industriel. commercial ou assimilé,190.0,0.0,577.0
30/03/2023,Vente,"14000000,00",75010.0,PARIS 10,75,110,2.0,Appartement,88.0,3.0,577.0
30/03/2023,Vente,"14000000,00",75010.0,PARIS 10,75,110,2.0,Appartement,73.0,3.0,577.0
30/03/2023,Vente,"14000000,00",75010.0,PARIS 10,75,110,2.0,Appartement,74.0,3.0,577.0
30/03/2023,Vente,"14000000,00",75010.0,PARIS 10,75,110,2.0,Appartement,71.0,3.0,577.0
30/03/2023,Vente,"14000000,00",75010.0,PARIS 10,75,110,2.0,Appartement,10.0,1.0,577.0
30/03/2023,Vente,"14000000,00",75010.0,PARIS 10,75,110,2.0,Appartement,93.0,4.0,577.0
30/03/2023,Vente,"14000000,00",75010.0,PARIS 10,75,110,2.0,Appartement,66.0,3.0,577.0
30/03/2023,Vente,"14000000,00",75010.0,PARIS 10,75,110,2.0,Appartement,93.0,5.0,577.0
30/03/2023,Vente,"14000000,00",75010.0,PARIS 10,75,110,2.0,Appartement,94.0,5.0,577.0
30/03/2023,Vente,"14000000,00",75010.0,PARIS 10,75,110,2.0,Appartement,90.0,5.0,577.0
30/03/2023,Vente,"14000000,00",75010.0,PARIS 10,75,110,2.0,Appartement,65.0,3.0,577.0
30/03/2023,Vente,"14000000,00",75010.0,PARIS 10,75,110,2.0,Appartement,21.0,1.0,577.0
30/03/2023,Vente,"14000000,00",75010.0,PARIS 10,75,110,2.0,Appartement,44.0,2.0,577.0
30/03/2023,Vente,"14000000,00",75010.0,PARIS 10,75,110,2.0,Appartement,147.0,5.0,577.0
05/04/2023,Vente,"5000000,00",75009.0,PARIS 09,75,109,3.0,Dépendance,0.0,0.0,174.0
05/04/2023,Vente,"5000000,00",75009.0,PARIS 09,75,109,4.0,Local industriel. commercial ou assimilé,0.0,0.0,174.0
05/04/2023,Vente,"5000000,00",75009.0,PARIS 09,75,109,4.0,Local industriel. commercial ou assimilé,50.0,0.0,174.0
05/04/2023,Vente,"5000000,00",75009.0,PARIS 09,75,109,4.0,Local industriel. commercial ou assimilé,216.0,0.0,90.0
05/04/2023,Vente,"5000000,00",75009.0,PARIS 09,75,109,4.0,Local industriel. commercial ou assimilé,13.0,0.0,90.0
30/03/2023,Vente,"9650000,00",75018.0,PARIS 18,75,118,4.0,Local industriel. commercial ou assimilé,760.0,0.0,271.0
30/03/2023,Vente,"9650000,00",75018.0,PARIS 18,75,118,4.0,Local industriel. commercial ou assimilé,255.0,0.0,271.0
31/03/2023,Vente,"4550000,00",75018.0,PARIS 18,75,118,2.0,Appartement,62.0,3.0,217.0
31/03/2023,Vente,"4550000,00",75018.0,PARIS 18,75,118,2.0,Appartement,38.0,3.0,217.0
31/03/2023,Vente,"4550000,00",75018.0,PARIS 18,75,118,2.0,Appartement,31.0,2.0,217.0
31/03/2023,Vente,"4550000,00",75018.0,PARIS 18,75,118,2.0,Appartement,35.0,2.0,217.0
31/03/2023,Vente,"4550000,00",75018.0,PARIS 18,75,118,2.0,Appartement,44.0,3.0,217.0
31/03/2023,Vente,"4550000,00",75018.0,PARIS 18,75,118,4.0,Local industriel. commercial ou assimilé,45.0,0.0,217.0
31/03/2023,Vente,"4550000,00",75018.0,PARIS 18,75,118,2.0,Appartement,15.0,1.0,217.0
17/03/2023,Vente,"900000,00",75018.0,PARIS 18,75,118,4.0,Local industriel. commercial ou assimilé,200.0,0.0,146.0
30/03/2023,Vente,"975000,00",75019.0,PARIS 19,75,119,1.0,Maison,75.0,5.0,79.0
12/04/2023,Vente en l'état futur d'achèvement,"134400000,00",75008.0,PARIS 08,75,108,2.0,Appartement,51.0,2.0,589.0
12/04/2023,Vente en l'état futur d'achèvement,"134400000,00",75008.0,PARIS 08,75,108,4.0,Local industriel. commercial ou assimilé,3031.0,0.0,589.0
27/03/2023,Vente,"2850000,00",75002.0,PARIS 02,75,102,2.0,Appartement,45.0,2.0,78.0
27/03/2023,Vente,"2850000,00",75002.0,PARIS 02,75,102,4.0,Local industriel. commercial ou assimilé,50.0,0.0,78.0
27/03/2023,Vente,"2850000,00",75002.0,PARIS 02,75,102,2.0,Appartement,43.0,1.0,78.0
27/03/2023,Vente,"2850000,00",75002.0,PARIS 02,75,102,2.0,Appartement,39.0,2.0,78.0
27/03/2023,Vente,"2850000,00",75002.0,PARIS 02,75,102,2.0,Appartement,37.0,2.0,78.0
30/03/2023,Vente,"490550,00",75019.0,PARIS 19,75,119,3.0,Dépendance,0.0,0.0,188.0
30/03/2023,Vente,"490550,00",75019.0,PARIS 19,75,119,4.0,Local industriel. commercial ou assimilé,870.0,0.0,188.0
30/03/2023,Vente,"490550,00",75019.0,PARIS 19,75,119,2.0,Appartement,84.0,3.0,188.0
06/04/2023,Vente,"3450000,00",75017.0,PARIS 17,75,117,4.0,Local industriel. commercial ou assimilé,847.0,0.0,136.0
11/04/2023,Vente,"68692400,00",75002.0,PARIS 02,75,102,4.0,Local industriel. commercial ou assimilé,365.0,0.0,526.0
11/04/2023,Vente,"68692400,00",75002.0,PARIS 02,75,102,4.0,Local industriel. commercial ou assimilé,9.0,0.0,526.0
11/04/2023,Vente,"68692400,00",75002.0,PARIS 02,75,102,4.0,Local industriel. commercial ou assimilé,176.0,0.0,526.0
11/04/2023,Vente,"68692400,00",75002.0,PARIS 02,75,102,4.0,Local industriel. commercial ou assimilé,310.0,0.0,526.0
11/04/2023,Vente,"68692400,00",75002.0,PARIS 02,75,102,4.0,Local industriel. commercial ou assimilé,355.0,0.0,526.0
11/04/2023,Vente,"68692400,00",75002.0,PARIS 02,75,102,4.0,Local industriel. commercial ou assimilé,362.0,0.0,526.0
11/04/2023,Vente,"68692400,00",75002.0,PARIS 02,75,102,4.0,Local industriel. commercial ou assimilé,277.0,0.0,526.0
11/04/2023,Vente,"68692400,00",75002.0,PARIS 02,75,102,4.0,Local industriel. commercial ou assimilé,267.0,0.0,526.0
11/04/2023,Vente,"68692400,00",75002.0,PARIS 02,75,102,4.0,Local industriel. commercial ou assimilé,294.0,0.0,526.0
11/04/2023,Vente,"68692400,00",75002.0,PARIS 02,75,102,4.0,Local industriel. commercial ou assimilé,271.0,0.0,526.0
11/04/2023,Vente,"68692400,00",75002.0,PARIS 02,75,102,4.0,Local industriel. commercial ou assimilé,947.0,0.0,526.0
11/04/2023,Vente,"68692400,00",75002.0,PARIS 02,75,102,4.0,Local industriel. commercial ou assimilé,315.0,0.0,526.0
11/04/2023,Vente,"68692400,00",75002.0,PARIS 02,75,102,4.0,Local industriel. commercial ou assimilé,263.0,0.0,526.0
11/04/2023,Vente,"68692400,00",75002.0,PARIS 02,75,102,4.0,Local industriel. commercial ou assimilé,157.0,0.0,526.0
30/03/2023,Vente,"9460000,00",75003.0,PARIS 03,75,103,3.0,Dépendance,0.0,0.0,159.0
30/03/2023,Vente,"9460000,00",75003.0,PARIS 03,75,103,2.0,Appartement,24.0,1.0,159.0
30/03/2023,Vente,"9460000,00",75003.0,PARIS 03,75,103,2.0,Appartement,28.0,2.0,159.0
30/03/2023,Vente,"9460000,00",75003.0,PARIS 03,75,103,2.0,Appartement,11.0,1.0,159.0
30/03/2023,Vente,"9460000,00",75003.0,PARIS 03,75,103,2.0,Appartement,15.0,1.0,159.0
30/03/2023,Vente,"9460000,00",75003.0,PARIS 03,75,103,2.0,Appartement,9.0,1.0,159.0
30/03/2023,Vente,"9460000,00",75003.0,PARIS 03,75,103,4.0,Local industriel. commercial ou assimilé,45.0,0.0,159.0
30/03/2023,Vente,"9460000,00",75003.0,PARIS 03,75,103,2.0,Appartement,39.0,3.0,159.0
30/03/2023,Vente,"9460000,00",75003.0,PARIS 03,75,103,2.0,Appartement,34.0,2.0,159.0
30/03/2023,Vente,"9460000,00",75003.0,PARIS 03,75,103,2.0,Appartement,43.0,2.0,159.0
30/03/2023,Vente,"9460000,00",75003.0,PARIS 03,75,103,2.0,Appartement,119.0,4.0,159.0
30/03/2023,Vente,"9460000,00",75003.0,PARIS 03,75,103,2.0,Appartement,30.0,1.0,159.0
30/03/2023,Vente,"9460000,00",75003.0,PARIS 03,75,103,2.0,Appartement,76.0,4.0,159.0
30/03/2023,Vente,"9460000,00",75003.0,PARIS 03,75,103,2.0,Appartement,40.0,3.0,159.0
30/03/2023,Vente,"9460000,00",75003.0,PARIS 03,75,103,2.0,Appartement,65.0,3.0,159.0
30/03/2023,Vente,"9460000,00",75003.0,PARIS 03,75,103,2.0,Appartement,30.0,2.0,159.0
30/03/2023,Vente,"9460000,00",75003.0,PARIS 03,75,103,2.0,Appartement,37.0,2.0,159.0
30/03/2023,Vente,"9460000,00",75003.0,PARIS 03,75,103,4.0,Local industriel. commercial ou assimilé,82.0,0.0,159.0
31/03/2023,Vente,"2950000,00",75018.0,PARIS 18,75,118,4.0,Local industriel. commercial ou assimilé,910.0,0.0,130.0
18/04/2023,Vente,"890000,00",75020.0,PARIS 20,75,120,3.0,Dépendance,0.0,0.0,453.0
18/04/2023,Vente,"890000,00",75020.0,PARIS 20,75,120,1.0,Maison,51.0,3.0,453.0
30/03/2023,Vente,"45000000,00",75008.0,PARIS 08,75,108,4.0,Local industriel. commercial ou assimilé,1166.0,0.0,418.0
30/03/2023,Vente,"45000000,00",75008.0,PARIS 08,75,108,4.0,Local industriel. commercial ou assimilé,284.0,0.0,418.0
30/03/2023,Vente,"45000000,00",75008.0,PARIS 08,75,108,4.0,Local industriel. commercial ou assimilé,0.0,0.0,418.0
30/03/2023,Vente,"45000000,00",75008.0,PARIS 08,75,108,4.0,Local industriel. commercial ou assimilé,761.0,0.0,418.0
13/04/2023,Vente,"1043619,00",75019.0,PARIS 19,75,119,1.0,Maison,80.0,3.0,74.0
30/03/2023,Vente,"3750000,00",75008.0,PARIS 08,75,108,4.0,Local industriel. commercial ou assimilé,0.0,0.0,418.0
30/03/2023,Vente,"3750000,00",75008.0,PARIS 08,75,108,4.0,Local industriel. commercial ou assimilé,761.0,0.0,418.0
30/03/2023,Vente,"3750000,00",75008.0,PARIS 08,75,108,4.0,Local industriel. commercial ou assimilé,284.0,0.0,418.0
30/03/2023,Vente,"3750000,00",75008.0,PARIS 08,75,108,4.0,Local industriel. commercial ou assimilé,1166.0,0.0,418.0
18/04/2023,Vente,"2207500,00",75020.0,PARIS 20,75,120,1.0,Maison,127.0,4.0,255.0
30/03/2023,Vente,"86250000,00",75008.0,PARIS 08,75,108,4.0,Local industriel. commercial ou assimilé,284.0,0.0,418.0
30/03/2023,Vente,"86250000,00",75008.0,PARIS 08,75,108,4.0,Local industriel. commercial ou assimilé,0.0,0.0,418.0
30/03/2023,Vente,"86250000,00",75008.0,PARIS 08,75,108,4.0,Local industriel. commercial ou assimilé,761.0,0.0,418.0
30/03/2023,Vente,"86250000,00",75008.0,PARIS 08,75,108,4.0,Local industriel. commercial ou assimilé,1166.0,0.0,418.0
14/04/2023,Vente,"3800000,00",75010.0,PARIS 10,75,110,4.0,Local industriel. commercial ou assimilé,299.0,0.0,58.0
14/04/2023,Vente,"3800000,00",75010.0,PARIS 10,75,110,4.0,Local industriel. commercial ou assimilé,50.0,0.0,58.0
17/04/2023,Vente,"2550000,00",75020.0,PARIS 20,75,120,3.0,Dépendance,0.0,0.0,198.0
17/04/2023,Vente,"2550000,00",75020.0,PARIS 20,75,120,1.0,Maison,186.0,6.0,198.0
28/03/2023,Vente,"2371480,20",75001.0,PARIS 01,75,101,4.0,Local industriel. commercial ou assimilé,1249.0,0.0,215.0
18/04/2023,Vente,"84650000,00",75017.0,PARIS 17,75,117,4.0,Local industriel. commercial ou assimilé,449.0,0.0,1019.0
18/04/2023,Vente,"84650000,00",75017.0,PARIS 17,75,117,4.0,Local industriel. commercial ou assimilé,221.0,0.0,1019.0
18/04/2023,Vente,"84650000,00",75017.0,PARIS 17,75,117,4.0,Local industriel. commercial ou assimilé,89.0,0.0,1019.0
18/04/2023,Vente,"84650000,00",75017.0,PARIS 17,75,117,4.0,Local industriel. commercial ou assimilé,1248.0,0.0,1019.0
18/04/2023,Vente,"84650000,00",75017.0,PARIS 17,75,117,4.0,Local industriel. commercial ou assimilé,369.0,0.0,1019.0
18/04/2023,Vente,"84650000,00",75017.0,PARIS 17,75,117,4.0,Local industriel. commercial ou assimilé,365.0,0.0,1019.0
18/04/2023,Vente,"84650000,00",75017.0,PARIS 17,75,117,4.0,Local industriel. commercial ou assimilé,563.0,0.0,1019.0
18/04/2023,Vente,"84650000,00",75017.0,PARIS 17,75,117,4.0,Local industriel. commercial ou assimilé,302.0,0.0,1019.0
18/04/2023,Vente,"84650000,00",75017.0,PARIS 17,75,117,4.0,Local industriel. commercial ou assimilé,240.0,0.0,1019.0
18/04/2023,Vente,"84650000,00",75017.0,PARIS 17,75,117,4.0,Local industriel. commercial ou assimilé,1265.0,0.0,1019.0
18/04/2023,Vente,"84650000,00",75017.0,PARIS 17,75,117,4.0,Local industriel. commercial ou assimilé,680.0,0.0,1019.0
18/04/2023,Vente,"84650000,00",75017.0,PARIS 17,75,117,4.0,Local industriel. commercial ou assimilé,284.0,0.0,1019.0
12/04/2023,Vente,"36021632,00",75010.0,PARIS 10,75,110,4.0,Local industriel. commercial ou assimilé,150.0,0.0,1296.0
12/04/2023,Vente,"36021632,00",75010.0,PARIS 10,75,110,4.0,Local industriel. commercial ou assimilé,34.0,0.0,1296.0
12/04/2023,Vente,"36021632,00",75010.0,PARIS 10,75,110,4.0,Local industriel. commercial ou assimilé,133.0,0.0,1296.0
12/04/2023,Vente,"36021632,00",75010.0,PARIS 10,75,110,4.0,Local industriel. commercial ou assimilé,208.0,0.0,1296.0
12/04/2023,Vente,"36021632,00",75010.0,PARIS 10,75,110,4.0,Local industriel. commercial ou assimilé,199.0,0.0,1296.0
12/04/2023,Vente,"36021632,00",75010.0,PARIS 10,75,110,4.0,Local industriel. commercial ou assimilé,94.0,0.0,1296.0
12/04/2023,Vente,"36021632,00",75010.0,PARIS 10,75,110,2.0,Appartement,62.0,2.0,1296.0
12/04/2023,Vente,"36021632,00",75010.0,PARIS 10,75,110,3.0,Dépendance,0.0,0.0,1296.0
12/04/2023,Vente,"36021632,00",75010.0,PARIS 10,75,110,4.0,Local industriel. commercial ou assimilé,52.0,0.0,1296.0
12/04/2023,Vente,"36021632,00",75010.0,PARIS 10,75,110,4.0,Local industriel. commercial ou assimilé,14.0,0.0,1296.0
12/04/2023,Vente,"36021632,00",75010.0,PARIS 10,75,110,2.0,Appartement,47.0,3.0,1296.0
12/04/2023,Vente,"36021632,00",75010.0,PARIS 10,75,110,4.0,Local industriel. commercial ou assimilé,120.0,0.0,1296.0
12/04/2023,Vente,"36021632,00",75010.0,PARIS 10,75,110,4.0,Local industriel. commercial ou assimilé,129.0,0.0,1296.0
12/04/2023,Vente,"36021632,00",75010.0,PARIS 10,75,110,4.0,Local industriel. commercial ou assimilé,92.0,0.0,1296.0
12/04/2023,Vente,"36021632,00",75010.0,PARIS 10,75,110,2.0,Appartement,32.0,3.0,1296.0
12/04/2023,Vente,"36021632,00",75010.0,PARIS 10,75,110,4.0,Local industriel. commercial ou assimilé,89.0,0.0,1296.0
12/04/2023,Vente,"36021632,00",75010.0,PARIS 10,75,110,4.0,Local industriel. commercial ou assimilé,60.0,0.0,1296.0
12/04/2023,Vente,"36021632,00",75010.0,PARIS 10,75,110,4.0,Local industriel. commercial ou assimilé,25.0,0.0,1296.0
12/04/2023,Vente,"36021632,00",75010.0,PARIS 10,75,110,2.0,Appartement,24.0,1.0,1296.0
12/04/2023,Vente,"36021632,00",75010.0,PARIS 10,75,110,2.0,Appartement,82.0,3.0,1296.0
12/04/2023,Vente,"36021632,00",75010.0,PARIS 10,75,110,4.0,Local industriel. commercial ou assimilé,95.0,0.0,1296.0
12/04/2023,Vente,"36021632,00",75010.0,PARIS 10,75,110,2.0,Appartement,70.0,2.0,1296.0
12/04/2023,Vente,"36021632,00",75010.0,PARIS 10,75,110,4.0,Local industriel. commercial ou assimilé,124.0,0.0,1296.0
12/04/2023,Vente,"36021632,00",75010.0,PARIS 10,75,110,4.0,Local industriel. commercial ou assimilé,160.0,0.0,1296.0
12/04/2023,Vente,"36021632,00",75010.0,PARIS 10,75,110,2.0,Appartement,21.0,1.0,1296.0
12/04/2023,Vente,"36021632,00",75010.0,PARIS 10,75,110,2.0,Appartement,54.0,2.0,1296.0
12/04/2023,Vente,"36021632,00",75010.0,PARIS 10,75,110,2.0,Appartement,46.0,3.0,1296.0
12/04/2023,Vente,"36021632,00",75010.0,PARIS 10,75,110,4.0,Local industriel. commercial ou assimilé,415.0,0.0,1296.0
12/04/2023,Vente,"36021632,00",75010.0,PARIS 10,75,110,2.0,Appartement,55.0,2.0,1296.0
12/04/2023,Vente,"36021632,00",75010.0,PARIS 10,75,110,4.0,Local industriel. commercial ou assimilé,18.0,0.0,1296.0
12/04/2023,Vente,"36021632,00",75010.0,PARIS 10,75,110,4.0,Local industriel. commercial ou assimilé,105.0,0.0,1296.0
12/04/2023,Vente,"36021632,00",75010.0,PARIS 10,75,110,4.0,Local industriel. commercial ou assimilé,580.0,0.0,1296.0
07/04/2023,Vente,"146100,00",75003.0,PARIS 03,75,103,3.0,Dépendance,0.0,0.0,234.0
25/04/2023,Vente,"5600000,00",75019.0,PARIS 19,75,119,2.0,Appartement,37.0,2.0,326.0
25/04/2023,Vente,"5600000,00",75019.0,PARIS 19,75,119,2.0,Appartement,38.0,2.0,326.0
25/04/2023,Vente,"5600000,00",75019.0,PARIS 19,75,119,2.0,Appartement,50.0,3.0,326.0
25/04/2023,Vente,"5600000,00",75019.0,PARIS 19,75,119,3.0,Dépendance,0.0,0.0,326.0
25/04/2023,Vente,"5600000,00",75019.0,PARIS 19,75,119,2.0,Appartement,36.0,2.0,326.0
25/04/2023,Vente,"5600000,00",75019.0,PARIS 19,75,119,2.0,Appartement,53.0,3.0,326.0
25/04/2023,Vente,"5600000,00",75019.0,PARIS 19,75,119,2.0,Appartement,52.0,3.0,326.0
25/04/2023,Vente,"5600000,00",75019.0,PARIS 19,75,119,2.0,Appartement,51.0,3.0,326.0
25/04/2023,Vente,"5600000,00",75019.0,PARIS 19,75,119,2.0,Appartement,39.0,2.0,326.0
25/04/2023,Vente,"5600000,00",75019.0,PARIS 19,75,119,2.0,Appartement,26.0,1.0,326.0
25/04/2023,Vente,"5600000,00",75019.0,PARIS 19,75,119,2.0,Appartement,29.0,2.0,326.0
25/04/2023,Vente,"5600000,00",75019.0,PARIS 19,75,119,2.0,Appartement,40.0,2.0,326.0
25/04/2023,Vente,"5600000,00",75019.0,PARIS 19,75,119,2.0,Appartement,33.0,2.0,326.0
14/04/2023,Vente,"468050,00",75020.0,PARIS 20,75,120,1.0,Maison,128.0,5.0,111.0
14/04/2023,Vente,"2170000,00",75009.0,PARIS 09,75,109,4.0,Local industriel. commercial ou assimilé,8.0,0.0,90.0
14/04/2023,Vente,"2170000,00",75009.0,PARIS 09,75,109,4.0,Local industriel. commercial ou assimilé,325.0,0.0,90.0
14/04/2023,Vente,"2170000,00",75009.0,PARIS 09,75,109,4.0,Local industriel. commercial ou assimilé,36.0,0.0,90.0
10/05/2023,Vente,"283182,00",75010.0,PARIS 10,75,110,3.0,Dépendance,0.0,0.0,1804.0
10/05/2023,Vente,"283182,00",75010.0,PARIS 10,75,110,2.0,Appartement,99.0,4.0,1804.0
10/05/2023,Vente,"283182,00",75010.0,PARIS 10,75,110,2.0,Appartement,26.0,2.0,1804.0
10/05/2023,Vente,"283182,00",75010.0,PARIS 10,75,110,2.0,Appartement,14.0,1.0,1804.0
10/05/2023,Vente,"283182,00",75010.0,PARIS 10,75,110,2.0,Appartement,83.0,4.0,1804.0
10/05/2023,Vente,"283182,00",75010.0,PARIS 10,75,110,2.0,Appartement,87.0,3.0,1804.0
10/05/2023,Vente,"283182,00",75010.0,PARIS 10,75,110,2.0,Appartement,49.0,3.0,1804.0
10/05/2023,Vente,"283182,00",75010.0,PARIS 10,75,110,2.0,Appartement,38.0,3.0,1804.0
10/05/2023,Vente,"283182,00",75010.0,PARIS 10,75,110,2.0,Appartement,13.0,1.0,1804.0
10/05/2023,Vente,"283182,00",75010.0,PARIS 10,75,110,2.0,Appartement,53.0,3.0,1804.0
10/05/2023,Vente,"283182,00",75010.0,PARIS 10,75,110,2.0,Appartement,131.0,5.0,1804.0
10/05/2023,Vente,"283182,00",75010.0,PARIS 10,75,110,4.0,Local industriel. commercial ou assimilé,167.0,0.0,1804.0
10/05/2023,Vente,"283182,00",75010.0,PARIS 10,75,110,4.0,Local industriel. commercial ou assimilé,95.0,0.0,1804.0
10/05/2023,Vente,"283182,00",75010.0,PARIS 10,75,110,4.0,Local industriel. commercial ou assimilé,121.0,0.0,1804.0
10/05/2023,Vente,"283182,00",75010.0,PARIS 10,75,110,4.0,Local industriel. commercial ou assimilé,112.0,0.0,1804.0
10/05/2023,Vente,"283182,00",75010.0,PARIS 10,75,110,4.0,Local industriel. commercial ou assimilé,330.0,0.0,1804.0
10/05/2023,Vente,"283182,00",75010.0,PARIS 10,75,110,4.0,Local industriel. commercial ou assimilé,180.0,0.0,1804.0
10/05/2023,Vente,"283182,00",75010.0,PARIS 10,75,110,2.0,Appartement,35.0,2.0,1804.0
10/05/2023,Vente,"283182,00",75010.0,PARIS 10,75,110,2.0,Appartement,61.0,3.0,1804.0
10/05/2023,Vente,"283182,00",75010.0,PARIS 10,75,110,2.0,Appartement,58.0,3.0,1804.0
10/05/2023,Vente,"283182,00",75010.0,PARIS 10,75,110,2.0,Appartement,27.0,2.0,1804.0
10/05/2023,Vente,"283182,00",75010.0,PARIS 10,75,110,2.0,Appartement,101.0,4.0,1804.0
10/05/2023,Vente,"283182,00",75010.0,PARIS 10,75,110,2.0,Appartement,48.0,2.0,1804.0
10/05/2023,Vente,"283182,00",75010.0,PARIS 10,75,110,2.0,Appartement,6.0,1.0,1804.0
10/05/2023,Vente,"283182,00",75010.0,PARIS 10,75,110,4.0,Local industriel. commercial ou assimilé,81.0,0.0,1804.0
10/05/2023,Vente,"283182,00",75010.0,PARIS 10,75,110,2.0,Appartement,38.0,2.0,1804.0
10/05/2023,Vente,"283182,00",75010.0,PARIS 10,75,110,4.0,Local industriel. commercial ou assimilé,389.0,0.0,1804.0
10/05/2023,Vente,"283182,00",75010.0,PARIS 10,75,110,4.0,Local industriel. commercial ou assimilé,188.0,0.0,1804.0
10/05/2023,Vente,"283182,00",75010.0,PARIS 10,75,110,4.0,Local industriel. commercial ou assimilé,74.0,0.0,1804.0
10/05/2023,Vente,"283182,00",75010.0,PARIS 10,75,110,2.0,Appartement,97.0,4.0,1804.0
10/05/2023,Vente,"283182,00",75010.0,PARIS 10,75,110,2.0,Appartement,33.0,2.0,1804.0
10/05/2023,Vente,"283182,00",75010.0,PARIS 10,75,110,2.0,Appartement,136.0,5.0,1804.0
10/05/2023,Vente,"283182,00",75010.0,PARIS 10,75,110,4.0,Local industriel. commercial ou assimilé,10.0,0.0,1804.0
10/05/2023,Vente,"283182,00",75010.0,PARIS 10,75,110,4.0,Local industriel. commercial ou assimilé,107.0,0.0,1804.0
10/05/2023,Vente,"283182,00",75010.0,PARIS 10,75,110,4.0,Local industriel. commercial ou assimilé,132.0,0.0,1804.0
10/05/2023,Vente,"283182,00",75010.0,PARIS 10,75,110,4.0,Local industriel. commercial ou assimilé,50.0,0.0,1804.0
10/05/2023,Vente,"283182,00",75010.0,PARIS 10,75,110,4.0,Local industriel. commercial ou assimilé,265.0,0.0,1804.0
10/05/2023,Vente,"283182,00",75010.0,PARIS 10,75,110,2.0,Appartement,16.0,1.0,1804.0
10/05/2023,Vente,"283182,00",75010.0,PARIS 10,75,110,2.0,Appartement,74.0,5.0,1804.0
10/05/2023,Vente,"283182,00",75010.0,PARIS 10,75,110,4.0,Local industriel. commercial ou assimilé,55.0,0.0,1804.0
10/05/2023,Vente,"283182,00",75010.0,PARIS 10,75,110,2.0,Appartement,163.0,3.0,1804.0
10/05/2023,Vente,"283182,00",75010.0,PARIS 10,75,110,4.0,Local industriel. commercial ou assimilé,116.0,0.0,1804.0
10/05/2023,Vente,"283182,00",75010.0,PARIS 10,75,110,4.0,Local industriel. commercial ou assimilé,130.0,0.0,1804.0
10/05/2023,Vente,"283182,00",75010.0,PARIS 10,75,110,2.0,Appartement,17.0,2.0,1804.0
10/05/2023,Vente,"283182,00",75010.0,PARIS 10,75,110,4.0,Local industriel. commercial ou assimilé,539.0,0.0,1804.0
10/05/2023,Vente,"283182,00",75010.0,PARIS 10,75,110,4.0,Local industriel. commercial ou assimilé,665.0,0.0,1804.0
10/05/2023,Vente,"283182,00",75010.0,PARIS 10,75,110,2.0,Appartement,38.0,1.0,1804.0
10/05/2023,Vente,"283182,00",75010.0,PARIS 10,75,110,4.0,Local industriel. commercial ou assimilé,598.0,0.0,1804.0
10/05/2023,Vente,"283182,00",75010.0,PARIS 10,75,110,2.0,Appartement,104.0,4.0,230.0
10/05/2023,Vente,"283182,00",75010.0,PARIS 10,75,110,3.0,Dépendance,0.0,0.0,230.0
10/05/2023,Vente,"283182,00",75010.0,PARIS 10,75,110,2.0,Appartement,53.0,3.0,230.0
10/05/2023,Vente,"283182,00",75010.0,PARIS 10,75,110,2.0,Appartement,20.0,1.0,230.0
10/05/2023,Vente,"283182,00",75010.0,PARIS 10,75,110,2.0,Appartement,24.0,1.0,230.0
10/05/2023,Vente,"283182,00",75010.0,PARIS 10,75,110,2.0,Appartement,78.0,4.0,230.0
10/05/2023,Vente,"283182,00",75010.0,PARIS 10,75,110,2.0,Appartement,27.0,3.0,230.0
10/05/2023,Vente,"283182,00",75010.0,PARIS 10,75,110,4.0,Local industriel. commercial ou assimilé,712.0,0.0,230.0
10/05/2023,Vente,"283182,00",75010.0,PARIS 10,75,110,4.0,Local industriel. commercial ou assimilé,1007.0,0.0,230.0
10/05/2023,Vente,"283182,00",75010.0,PARIS 10,75,110,2.0,Appartement,74.0,3.0,230.0
21/04/2023,Vente,"1465200,00",75019.0,PARIS 19,75,119,1.0,Maison,61.0,3.0,183.0
20/04/2023,Vente,"24000000,00",75010.0,PARIS 10,75,110,2.0,Appartement,88.0,4.0,909.0
20/04/2023,Vente,"24000000,00",75010.0,PARIS 10,75,110,4.0,Local industriel. commercial ou assimilé,140.0,0.0,909.0
20/04/2023,Vente,"24000000,00",75010.0,PARIS 10,75,110,4.0,Local industriel. commercial ou assimilé,47.0,0.0,909.0
20/04/2023,Vente,"24000000,00",75010.0,PARIS 10,75,110,4.0,Local industriel. commercial ou assimilé,65.0,0.0,909.0
20/04/2023,Vente,"24000000,00",75010.0,PARIS 10,75,110,2.0,Appartement,37.0,1.0,909.0
20/04/2023,Vente,"24000000,00",75010.0,PARIS 10,75,110,4.0,Local industriel. commercial ou assimilé,285.0,0.0,909.0
20/04/2023,Vente,"24000000,00",75010.0,PARIS 10,75,110,4.0,Local industriel. commercial ou assimilé,100.0,0.0,909.0
20/04/2023,Vente,"24000000,00",75010.0,PARIS 10,75,110,2.0,Appartement,55.0,3.0,909.0
20/04/2023,Vente,"24000000,00",75010.0,PARIS 10,75,110,4.0,Local industriel. commercial ou assimilé,95.0,0.0,909.0
20/04/2023,Vente,"24000000,00",75010.0,PARIS 10,75,110,4.0,Local industriel. commercial ou assimilé,193.0,0.0,909.0
20/04/2023,Vente,"24000000,00",75010.0,PARIS 10,75,110,2.0,Appartement,60.0,3.0,909.0
20/04/2023,Vente,"24000000,00",75010.0,PARIS 10,75,110,4.0,Local industriel. commercial ou assimilé,158.0,0.0,909.0
20/04/2023,Vente,"24000000,00",75010.0,PARIS 10,75,110,4.0,Local industriel. commercial ou assimilé,66.0,0.0,909.0
20/04/2023,Vente,"24000000,00",75010.0,PARIS 10,75,110,4.0,Local industriel. commercial ou assimilé,55.0,0.0,909.0
20/04/2023,Vente,"24000000,00",75010.0,PARIS 10,75,110,4.0,Local industriel. commercial ou assimilé,373.0,0.0,909.0
20/04/2023,Vente,"24000000,00",75010.0,PARIS 10,75,110,4.0,Local industriel. commercial ou assimilé,93.0,0.0,909.0
12/05/2023,Vente,"1250000,00",75019.0,PARIS 19,75,119,1.0,Maison,104.0,5.0,88.0
12/05/2023,Vente,"1250000,00",75019.0,PARIS 19,75,119,3.0,Dépendance,0.0,0.0,88.0
23/05/2023,Vente,"13500000,00",75003.0,PARIS 03,75,103,2.0,Appartement,94.0,4.0,766.0
23/05/2023,Vente,"13500000,00",75003.0,PARIS 03,75,103,3.0,Dépendance,0.0,0.0,766.0
23/05/2023,Vente,"13500000,00",75003.0,PARIS 03,75,103,4.0,Local industriel. commercial ou assimilé,98.0,0.0,766.0
23/05/2023,Vente,"13500000,00",75003.0,PARIS 03,75,103,2.0,Appartement,132.0,5.0,766.0
23/05/2023,Vente,"13500000,00",75003.0,PARIS 03,75,103,2.0,Appartement,63.0,2.0,766.0
23/05/2023,Vente,"13500000,00",75003.0,PARIS 03,75,103,2.0,Appartement,45.0,2.0,766.0
23/05/2023,Vente,"13500000,00",75003.0,PARIS 03,75,103,2.0,Appartement,54.0,2.0,766.0
23/05/2023,Vente,"13500000,00",75003.0,PARIS 03,75,103,2.0,Appartement,55.0,2.0,766.0
23/05/2023,Vente,"13500000,00",75003.0,PARIS 03,75,103,2.0,Appartement,135.0,4.0,766.0
23/05/2023,Vente,"13500000,00",75003.0,PARIS 03,75,103,2.0,Appartement,53.0,3.0,766.0
23/05/2023,Vente,"13500000,00",75003.0,PARIS 03,75,103,2.0,Appartement,92.0,3.0,766.0
23/05/2023,Vente,"13500000,00",75003.0,PARIS 03,75,103,2.0,Appartement,47.0,1.0,766.0
23/05/2023,Vente,"13500000,00",75003.0,PARIS 03,75,103,2.0,Appartement,85.0,4.0,766.0
22/05/2023,Vente,"4000000,00",75010.0,PARIS 10,75,110,4.0,Local industriel. commercial ou assimilé,324.0,0.0,62.0
22/05/2023,Vente,"4000000,00",75010.0,PARIS 10,75,110,4.0,Local industriel. commercial ou assimilé,400.0,0.0,62.0
12/05/2023,Vente,"3000000,00",75017.0,PARIS 17,75,117,2.0,Appartement,25.0,2.0,194.0
12/05/2023,Vente,"3000000,00",75017.0,PARIS 17,75,117,2.0,Appartement,35.0,3.0,194.0
12/05/2023,Vente,"3000000,00",75017.0,PARIS 17,75,117,2.0,Appartement,21.0,2.0,194.0
12/05/2023,Vente,"3000000,00",75017.0,PARIS 17,75,117,4.0,Local industriel. commercial ou assimilé,99.0,0.0,194.0
12/05/2023,Vente,"3000000,00",75017.0,PARIS 17,75,117,4.0,Local industriel. commercial ou assimilé,100.0,0.0,194.0
12/05/2023,Vente,"3000000,00",75017.0,PARIS 17,75,117,2.0,Appartement,12.0,1.0,194.0
12/05/2023,Vente,"3000000,00",75017.0,PARIS 17,75,117,2.0,Appartement,31.0,2.0,194.0
12/05/2023,Vente,"3000000,00",75017.0,PARIS 17,75,117,2.0,Appartement,18.0,1.0,194.0
12/05/2023,Vente,"3000000,00",75017.0,PARIS 17,75,117,2.0,Appartement,14.0,1.0,194.0
12/05/2023,Vente,"3000000,00",75017.0,PARIS 17,75,117,2.0,Appartement,29.0,2.0,194.0
12/05/2023,Vente,"3000000,00",75017.0,PARIS 17,75,117,2.0,Appartement,22.0,1.0,194.0
12/05/2023,Vente,"3000000,00",75017.0,PARIS 17,75,117,4.0,Local industriel. commercial ou assimilé,63.0,0.0,194.0
12/05/2023,Vente,"3000000,00",75017.0,PARIS 17,75,117,2.0,Appartement,24.0,1.0,194.0
12/05/2023,Vente,"3000000,00",75017.0,PARIS 17,75,117,3.0,Dépendance,0.0,0.0,194.0
15/05/2023,Vente,"4650000,00",75017.0,PARIS 17,75,117,2.0,Appartement,24.0,1.0,194.0
15/05/2023,Vente,"4650000,00",75017.0,PARIS 17,75,117,2.0,Appartement,22.0,1.0,194.0
15/05/2023,Vente,"4650000,00",75017.0,PARIS 17,75,117,2.0,Appartement,29.0,2.0,194.0
15/05/2023,Vente,"4650000,00",75017.0,PARIS 17,75,117,2.0,Appartement,31.0,2.0,194.0
15/05/2023,Vente,"4650000,00",75017.0,PARIS 17,75,117,2.0,Appartement,12.0,1.0,194.0
15/05/2023,Vente,"4650000,00",75017.0,PARIS 17,75,117,4.0,Local industriel. commercial ou assimilé,100.0,0.0,194.0
15/05/2023,Vente,"4650000,00",75017.0,PARIS 17,75,117,4.0,Local industriel. commercial ou assimilé,99.0,0.0,194.0
15/05/2023,Vente,"4650000,00",75017.0,PARIS 17,75,117,2.0,Appartement,21.0,2.0,194.0
15/05/2023,Vente,"4650000,00",75017.0,PARIS 17,75,117,2.0,Appartement,35.0,3.0,194.0
15/05/2023,Vente,"4650000,00",75017.0,PARIS 17,75,117,3.0,Dépendance,0.0,0.0,194.0
15/05/2023,Vente,"4650000,00",75017.0,PARIS 17,75,117,4.0,Local industriel. commercial ou assimilé,63.0,0.0,194.0
15/05/2023,Vente,"4650000,00",75017.0,PARIS 17,75,117,2.0,Appartement,18.0,1.0,194.0
15/05/2023,Vente,"4650000,00",75017.0,PARIS 17,75,117,2.0,Appartement,14.0,1.0,194.0
15/05/2023,Vente,"4650000,00",75017.0,PARIS 17,75,117,2.0,Appartement,25.0,2.0,194.0
26/05/2023,Vente,"5300000,00",75020.0,PARIS 20,75,120,4.0,Local industriel. commercial ou assimilé,164.0,0.0,164.0
31/05/2023,Vente,"7289000,00",75004.0,PARIS 04,75,104,4.0,Local industriel. commercial ou assimilé,2214.0,0.0,639.0
05/06/2023,Vente,"1800,00",75003.0,PARIS 03,75,103,3.0,Dépendance,0.0,0.0,115.0
15/05/2023,Vente,"21136768,00",75008.0,PARIS 08,75,108,4.0,Local industriel. commercial ou assimilé,185.0,0.0,426.0
15/05/2023,Vente,"21136768,00",75008.0,PARIS 08,75,108,4.0,Local industriel. commercial ou assimilé,247.0,0.0,426.0
15/05/2023,Vente,"21136768,00",75008.0,PARIS 08,75,108,4.0,Local industriel. commercial ou assimilé,51.0,0.0,426.0
15/05/2023,Vente,"21136768,00",75008.0,PARIS 08,75,108,4.0,Local industriel. commercial ou assimilé,240.0,0.0,426.0
15/05/2023,Vente,"21136768,00",75008.0,PARIS 08,75,108,4.0,Local industriel. commercial ou assimilé,97.0,0.0,426.0
15/05/2023,Vente,"21136768,00",75008.0,PARIS 08,75,108,4.0,Local industriel. commercial ou assimilé,37.0,0.0,426.0
15/05/2023,Vente,"21136768,00",75008.0,PARIS 08,75,108,4.0,Local industriel. commercial ou assimilé,158.0,0.0,426.0
15/05/2023,Vente,"21136768,00",75008.0,PARIS 08,75,108,4.0,Local industriel. commercial ou assimilé,72.0,0.0,426.0
15/05/2023,Vente,"21136768,00",75008.0,PARIS 08,75,108,4.0,Local industriel. commercial ou assimilé,215.0,0.0,426.0
15/05/2023,Vente,"21136768,00",75008.0,PARIS 08,75,108,4.0,Local industriel. commercial ou assimilé,186.0,0.0,426.0
15/05/2023,Vente,"21136768,00",75008.0,PARIS 08,75,108,4.0,Local industriel. commercial ou assimilé,61.0,0.0,426.0
05/06/2023,Vente,"4800000,00",75019.0,PARIS 19,75,119,4.0,Local industriel. commercial ou assimilé,187.0,0.0,312.0
05/06/2023,Vente,"4800000,00",75019.0,PARIS 19,75,119,4.0,Local industriel. commercial ou assimilé,24.0,0.0,312.0
05/06/2023,Vente,"4800000,00",75019.0,PARIS 19,75,119,4.0,Local industriel. commercial ou assimilé,112.0,0.0,312.0
05/06/2023,Vente,"4800000,00",75019.0,PARIS 19,75,119,4.0,Local industriel. commercial ou assimilé,170.0,0.0,312.0
05/06/2023,Vente,"4800000,00",75019.0,PARIS 19,75,119,4.0,Local industriel. commercial ou assimilé,166.0,0.0,312.0
05/06/2023,Vente,"4800000,00",75019.0,PARIS 19,75,119,4.0,Local industriel. commercial ou assimilé,175.0,0.0,312.0
05/06/2023,Vente,"4800000,00",75019.0,PARIS 19,75,119,4.0,Local industriel. commercial ou assimilé,178.0,0.0,312.0
06/06/2023,Vente,"2100000,00",75020.0,PARIS 20,75,120,1.0,Maison,157.0,6.0,126.0
07/06/2023,Vente,"106906224,00",75017.0,PARIS 17,75,117,4.0,Local industriel. commercial ou assimilé,71.0,0.0,1336.0
25/05/2023,Vente,"9850000,00",75003.0,PARIS 03,75,103,2.0,Appartement,18.0,1.0,410.0
25/05/2023,Vente,"9850000,00",75003.0,PARIS 03,75,103,2.0,Appartement,40.0,2.0,410.0
25/05/2023,Vente,"9850000,00",75003.0,PARIS 03,75,103,2.0,Appartement,55.0,3.0,410.0
25/05/2023,Vente,"9850000,00",75003.0,PARIS 03,75,103,2.0,Appartement,36.0,2.0,410.0
25/05/2023,Vente,"9850000,00",75003.0,PARIS 03,75,103,2.0,Appartement,39.0,2.0,410.0
25/05/2023,Vente,"9850000,00",75003.0,PARIS 03,75,103,2.0,Appartement,43.0,3.0,410.0
25/05/2023,Vente,"9850000,00",75003.0,PARIS 03,75,103,2.0,Appartement,26.0,2.0,410.0
25/05/2023,Vente,"9850000,00",75003.0,PARIS 03,75,103,2.0,Appartement,38.0,2.0,410.0
25/05/2023,Vente,"9850000,00",75003.0,PARIS 03,75,103,2.0,Appartement,42.0,3.0,410.0
25/05/2023,Vente,"9850000,00",75003.0,PARIS 03,75,103,2.0,Appartement,47.0,3.0,410.0
25/05/2023,Vente,"9850000,00",75003.0,PARIS 03,75,103,2.0,Appartement,42.0,2.0,410.0
25/05/2023,Vente,"9850000,00",75003.0,PARIS 03,75,103,2.0,Appartement,73.0,3.0,410.0
25/05/2023,Vente,"9850000,00",75003.0,PARIS 03,75,103,2.0,Appartement,28.0,2.0,410.0
25/05/2023,Vente,"9850000,00",75003.0,PARIS 03,75,103,2.0,Appartement,6.0,1.0,410.0
25/05/2023,Vente,"9850000,00",75003.0,PARIS 03,75,103,4.0,Local industriel. commercial ou assimilé,224.0,0.0,410.0
25/05/2023,Vente,"9850000,00",75003.0,PARIS 03,75,103,4.0,Local industriel. commercial ou assimilé,39.0,0.0,410.0
25/05/2023,Vente,"9850000,00",75003.0,PARIS 03,75,103,4.0,Local industriel. commercial ou assimilé,88.0,0.0,410.0
25/05/2023,Vente,"9850000,00",75003.0,PARIS 03,75,103,3.0,Dépendance,0.0,0.0,410.0
25/05/2023,Vente,"9850000,00",75003.0,PARIS 03,75,103,2.0,Appartement,49.0,2.0,410.0
20/06/2023,Vente,"750000000,00",75008.0,PARIS 08,75,108,4.0,Local industriel. commercial ou assimilé,6823.0,0.0,1141.0
20/06/2023,Vente,"750000000,00",75008.0,PARIS 08,75,108,4.0,Local industriel. commercial ou assimilé,567.0,0.0,1141.0
20/06/2023,Vente,"750000000,00",75008.0,PARIS 08,75,108,4.0,Local industriel. commercial ou assimilé,3003.0,0.0,1141.0
26/05/2023,Vente,"80000000,00",75008.0,PARIS 08,75,108,4.0,Local industriel. commercial ou assimilé,2232.0,0.0,551.0
15/06/2023,Vente,"6660000,00",75002.0,PARIS 02,75,102,2.0,Appartement,34.0,2.0,131.0
15/06/2023,Vente,"6660000,00",75002.0,PARIS 02,75,102,4.0,Local industriel. commercial ou assimilé,119.0,0.0,131.0
15/06/2023,Vente,"6660000,00",75002.0,PARIS 02,75,102,4.0,Local industriel. commercial ou assimilé,83.0,0.0,131.0
15/06/2023,Vente,"6660000,00",75002.0,PARIS 02,75,102,2.0,Appartement,55.0,2.0,131.0
15/06/2023,Vente,"6660000,00",75002.0,PARIS 02,75,102,4.0,Local industriel. commercial ou assimilé,44.0,0.0,131.0
15/06/2023,Vente,"6660000,00",75002.0,PARIS 02,75,102,4.0,Local industriel. commercial ou assimilé,79.0,0.0,131.0
15/06/2023,Vente,"6660000,00",75002.0,PARIS 02,75,102,4.0,Local industriel. commercial ou assimilé,84.0,0.0,131.0
15/06/2023,Vente,"6660000,00",75002.0,PARIS 02,75,102,4.0,Local industriel. commercial ou assimilé,85.0,0.0,131.0
15/06/2023,Vente,"6660000,00",75002.0,PARIS 02,75,102,2.0,Appartement,43.0,2.0,131.0
15/06/2023,Vente,"6660000,00",75002.0,PARIS 02,75,102,2.0,Appartement,37.0,2.0,131.0
15/06/2023,Vente,"6660000,00",75002.0,PARIS 02,75,102,4.0,Local industriel. commercial ou assimilé,16.0,0.0,131.0
21/06/2023,Vente,"48200000,00",75009.0,PARIS 09,75,109,4.0,Local industriel. commercial ou assimilé,3246.0,0.0,516.0
08/06/2023,Vente,"4700000,00",75019.0,PARIS 19,75,119,4.0,Local industriel. commercial ou assimilé,342.0,0.0,275.0
08/06/2023,Vente,"4700000,00",75019.0,PARIS 19,75,119,4.0,Local industriel. commercial ou assimilé,176.0,0.0,252.0
08/06/2023,Vente,"4700000,00",75019.0,PARIS 19,75,119,1.0,Maison,98.0,4.0,252.0
20/06/2023,Vente,"2119000,00",75002.0,PARIS 02,75,102,4.0,Local industriel. commercial ou assimilé,40.0,0.0,136.0
20/06/2023,Vente,"2119000,00",75002.0,PARIS 02,75,102,4.0,Local industriel. commercial ou assimilé,41.0,0.0,136.0
20/06/2023,Vente,"2119000,00",75002.0,PARIS 02,75,102,4.0,Local industriel. commercial ou assimilé,20.0,0.0,136.0
20/06/2023,Vente,"2119000,00",75002.0,PARIS 02,75,102,2.0,Appartement,15.0,1.0,136.0
29/06/2023,Vente,"7200000,00",75017.0,PARIS 17,75,117,4.0,Local industriel. commercial ou assimilé,882.0,0.0,158.0
28/06/2023,Vente,"3300000,00",75003.0,PARIS 03,75,103,4.0,Local industriel. commercial ou assimilé,50.0,0.0,100.0
28/06/2023,Vente,"3300000,00",75003.0,PARIS 03,75,103,2.0,Appartement,41.0,2.0,100.0
28/06/2023,Vente,"3300000,00",75003.0,PARIS 03,75,103,2.0,Appartement,37.0,2.0,100.0
28/06/2023,Vente,"3300000,00",75003.0,PARIS 03,75,103,2.0,Appartement,38.0,2.0,100.0
28/06/2023,Vente,"3300000,00",75003.0,PARIS 03,75,103,2.0,Appartement,18.0,1.0,100.0
28/06/2023,Vente,"3300000,00",75003.0,PARIS 03,75,103,4.0,Local industriel. commercial ou assimilé,120.0,0.0,100.0
28/06/2023,Vente,"3300000,00",75003.0,PARIS 03,75,103,4.0,Local industriel. commercial ou assimilé,0.0,0.0,100.0
28/06/2023,Vente,"3300000,00",75003.0,PARIS 03,75,103,2.0,Appartement,14.0,1.0,100.0
30/06/2023,Vente,"3350000,00",75018.0,PARIS 18,75,118,4.0,Local industriel. commercial ou assimilé,166.0,0.0,121.0
30/06/2023,Vente,"3350000,00",75018.0,PARIS 18,75,118,2.0,Appartement,35.0,2.0,121.0
19/06/2023,Vente,"10500000,00",75009.0,PARIS 09,75,109,4.0,Local industriel. commercial ou assimilé,159.0,0.0,266.0
19/06/2023,Vente,"10500000,00",75009.0,PARIS 09,75,109,4.0,Local industriel. commercial ou assimilé,73.0,0.0,266.0
19/06/2023,Vente,"10500000,00",75009.0,PARIS 09,75,109,4.0,Local industriel. commercial ou assimilé,96.0,0.0,266.0
19/06/2023,Vente,"10500000,00",75009.0,PARIS 09,75,109,2.0,Appartement,22.0,1.0,266.0
19/06/2023,Vente,"10500000,00",75009.0,PARIS 09,75,109,3.0,Dépendance,0.0,0.0,266.0
19/06/2023,Vente,"10500000,00",75009.0,PARIS 09,75,109,4.0,Local industriel. commercial ou assimilé,150.0,0.0,266.0
19/06/2023,Vente,"10500000,00",75009.0,PARIS 09,75,109,4.0,Local industriel. commercial ou assimilé,153.0,0.0,266.0
19/06/2023,Vente,"10500000,00",75009.0,PARIS 09,75,109,2.0,Appartement,151.0,5.0,266.0
19/06/2023,Vente,"10500000,00",75009.0,PARIS 09,75,109,2.0,Appartement,120.0,5.0,266.0
19/06/2023,Vente,"10500000,00",75009.0,PARIS 09,75,109,4.0,Local industriel. commercial ou assimilé,140.0,0.0,266.0
19/06/2023,Vente,"10500000,00",75009.0,PARIS 09,75,109,2.0,Appartement,30.0,2.0,266.0
04/07/2023,Vente,"1192750,00",75019.0,PARIS 19,75,119,2.0,Appartement,36.0,2.0,385.0
04/07/2023,Vente,"1192750,00",75019.0,PARIS 19,75,119,2.0,Appartement,40.0,2.0,385.0
04/07/2023,Vente,"1192750,00",75019.0,PARIS 19,75,119,2.0,Appartement,35.0,2.0,385.0
04/07/2023,Vente,"1192750,00",75019.0,PARIS 19,75,119,2.0,Appartement,29.0,2.0,385.0
04/07/2023,Vente,"1192750,00",75019.0,PARIS 19,75,119,2.0,Appartement,37.0,2.0,385.0
04/07/2023,Vente,"1192750,00",75019.0,PARIS 19,75,119,2.0,Appartement,34.0,2.0,385.0
04/07/2023,Vente,"1192750,00",75019.0,PARIS 19,75,119,3.0,Dépendance,0.0,0.0,385.0
04/07/2023,Vente,"1192750,00",75019.0,PARIS 19,75,119,4.0,Local industriel. commercial ou assimilé,19.0,0.0,385.0
04/07/2023,Vente,"1192750,00",75019.0,PARIS 19,75,119,2.0,Appartement,39.0,2.0,385.0
04/07/2023,Vente,"1192750,00",75019.0,PARIS 19,75,119,2.0,Appartement,40.0,3.0,385.0
04/07/2023,Vente,"1192750,00",75019.0,PARIS 19,75,119,2.0,Appartement,31.0,2.0,385.0
04/07/2023,Vente,"1192750,00",75019.0,PARIS 19,75,119,2.0,Appartement,32.0,2.0,385.0
04/07/2023,Vente,"1192750,00",75019.0,PARIS 19,75,119,2.0,Appartement,38.0,2.0,385.0
04/07/2023,Vente,"1192750,00",75019.0,PARIS 19,75,119,2.0,Appartement,30.0,2.0,385.0
04/07/2023,Vente,"1192750,00",75019.0,PARIS 19,75,119,2.0,Appartement,32.0,1.0,385.0
04/07/2023,Vente,"1192750,00",75019.0,PARIS 19,75,119,2.0,Appartement,41.0,2.0,385.0
04/07/2023,Vente,"1192750,00",75019.0,PARIS 19,75,119,2.0,Appartement,66.0,3.0,385.0
04/07/2023,Vente,"1192750,00",75019.0,PARIS 19,75,119,4.0,Local industriel. commercial ou assimilé,218.0,0.0,385.0
04/07/2023,Vente,"1192750,00",75019.0,PARIS 19,75,119,4.0,Local industriel. commercial ou assimilé,188.0,0.0,385.0
04/07/2023,Vente,"1192750,00",75019.0,PARIS 19,75,119,2.0,Appartement,24.0,1.0,385.0
08/06/2023,Vente,"12300000,00",75001.0,PARIS 01,75,101,2.0,Appartement,84.0,3.0,545.0
08/06/2023,Vente,"12300000,00",75001.0,PARIS 01,75,101,2.0,Appartement,86.0,3.0,545.0
08/06/2023,Vente,"12300000,00",75001.0,PARIS 01,75,101,4.0,Local industriel. commercial ou assimilé,136.0,0.0,545.0
08/06/2023,Vente,"12300000,00",75001.0,PARIS 01,75,101,2.0,Appartement,100.0,4.0,545.0
08/06/2023,Vente,"12300000,00",75001.0,PARIS 01,75,101,2.0,Appartement,83.0,3.0,545.0
08/06/2023,Vente,"12300000,00",75001.0,PARIS 01,75,101,3.0,Dépendance,0.0,0.0,545.0
08/06/2023,Vente,"12300000,00",75001.0,PARIS 01,75,101,2.0,Appartement,66.0,2.0,545.0
08/06/2023,Vente,"12300000,00",75001.0,PARIS 01,75,101,4.0,Local industriel. commercial ou assimilé,49.0,0.0,545.0
08/06/2023,Vente,"12300000,00",75001.0,PARIS 01,75,101,4.0,Local industriel. commercial ou assimilé,180.0,0.0,545.0
08/06/2023,Vente,"12300000,00",75001.0,PARIS 01,75,101,4.0,Local industriel. commercial ou assimilé,51.0,0.0,545.0
08/06/2023,Vente,"12300000,00",75001.0,PARIS 01,75,101,2.0,Appartement,50.0,2.0,545.0
08/06/2023,Vente,"12300000,00",75001.0,PARIS 01,75,101,2.0,Appartement,110.0,3.0,545.0
08/06/2023,Vente,"12300000,00",75001.0,PARIS 01,75,101,2.0,Appartement,32.0,1.0,545.0
08/06/2023,Vente,"12300000,00",75001.0,PARIS 01,75,101,2.0,Appartement,34.0,2.0,545.0
08/06/2023,Vente,"12300000,00",75001.0,PARIS 01,75,101,4.0,Local industriel. commercial ou assimilé,156.0,0.0,545.0
08/06/2023,Vente,"12300000,00",75001.0,PARIS 01,75,101,4.0,Local industriel. commercial ou assimilé,313.0,0.0,545.0
08/06/2023,Vente,"12300000,00",75001.0,PARIS 01,75,101,2.0,Appartement,24.0,1.0,545.0
29/06/2023,Vente,"7226000,00",75008.0,PARIS 08,75,108,2.0,Appartement,101.0,4.0,243.0
29/06/2023,Vente,"7226000,00",75008.0,PARIS 08,75,108,2.0,Appartement,35.0,2.0,243.0
29/06/2023,Vente,"7226000,00",75008.0,PARIS 08,75,108,2.0,Appartement,37.0,2.0,243.0
29/06/2023,Vente,"7226000,00",75008.0,PARIS 08,75,108,2.0,Appartement,95.0,4.0,243.0
29/06/2023,Vente,"7226000,00",75008.0,PARIS 08,75,108,2.0,Appartement,116.0,4.0,243.0
29/06/2023,Vente,"7226000,00",75008.0,PARIS 08,75,108,2.0,Appartement,26.0,2.0,243.0
29/06/2023,Vente,"7226000,00",75008.0,PARIS 08,75,108,3.0,Dépendance,0.0,0.0,243.0
29/06/2023,Vente,"7226000,00",75008.0,PARIS 08,75,108,2.0,Appartement,96.0,4.0,243.0
29/06/2023,Vente,"7226000,00",75008.0,PARIS 08,75,108,2.0,Appartement,100.0,4.0,243.0
29/06/2023,Vente,"7226000,00",75008.0,PARIS 08,75,108,2.0,Appartement,34.0,2.0,243.0
29/06/2023,Vente,"7226000,00",75008.0,PARIS 08,75,108,2.0,Appartement,41.0,2.0,243.0
29/06/2023,Vente,"7226000,00",75008.0,PARIS 08,75,108,2.0,Appartement,20.0,1.0,243.0
29/06/2023,Vente,"7226000,00",75008.0,PARIS 08,75,108,2.0,Appartement,16.0,1.0,243.0
05/07/2023,Vente,"7300000,00",75010.0,PARIS 10,75,110,4.0,Local industriel. commercial ou assimilé,676.0,0.0,257.0
05/07/2023,Vente,"7300000,00",75010.0,PARIS 10,75,110,4.0,Local industriel. commercial ou assimilé,24.0,0.0,257.0
05/07/2023,Vente,"7300000,00",75010.0,PARIS 10,75,110,4.0,Local industriel. commercial ou assimilé,107.0,0.0,257.0
05/07/2023,Vente,"30000000,00",75008.0,PARIS 08,75,108,4.0,Local industriel. commercial ou assimilé,0.0,0.0,637.0
22/06/2023,Vente,"2000000,00",75018.0,PARIS 18,75,118,2.0,Appartement,35.0,2.0,105.0
22/06/2023,Vente,"2000000,00",75018.0,PARIS 18,75,118,2.0,Appartement,32.0,2.0,105.0
22/06/2023,Vente,"2000000,00",75018.0,PARIS 18,75,118,4.0,Local industriel. commercial ou assimilé,18.0,0.0,105.0
22/06/2023,Vente,"2000000,00",75018.0,PARIS 18,75,118,4.0,Local industriel. commercial ou assimilé,21.0,0.0,105.0
22/06/2023,Vente,"2000000,00",75018.0,PARIS 18,75,118,3.0,Dépendance,0.0,0.0,105.0
26/05/2023,Vente en l'état futur d'achèvement,"3927087,80",75020.0,PARIS 20,75,120,4.0,Local industriel. commercial ou assimilé,164.0,0.0,164.0
07/07/2023,Vente,"5175678,50",75019.0,PARIS 19,75,119,4.0,Local industriel. commercial ou assimilé,603.0,0.0,736.0
03/07/2023,Vente,"7226000,00",75008.0,PARIS 08,75,108,3.0,Dépendance,0.0,0.0,243.0
03/07/2023,Vente,"7226000,00",75008.0,PARIS 08,75,108,2.0,Appartement,101.0,4.0,243.0
03/07/2023,Vente,"7226000,00",75008.0,PARIS 08,75,108,2.0,Appartement,26.0,2.0,243.0
03/07/2023,Vente,"7226000,00",75008.0,PARIS 08,75,108,2.0,Appartement,116.0,4.0,243.0
03/07/2023,Vente,"7226000,00",75008.0,PARIS 08,75,108,2.0,Appartement,35.0,2.0,243.0
03/07/2023,Vente,"7226000,00",75008.0,PARIS 08,75,108,2.0,Appartement,96.0,4.0,243.0
03/07/2023,Vente,"7226000,00",75008.0,PARIS 08,75,108,2.0,Appartement,37.0,2.0,243.0
03/07/2023,Vente,"7226000,00",75008.0,PARIS 08,75,108,2.0,Appartement,95.0,4.0,243.0
03/07/2023,Vente,"7226000,00",75008.0,PARIS 08,75,108,2.0,Appartement,100.0,4.0,243.0
03/07/2023,Vente,"7226000,00",75008.0,PARIS 08,75,108,2.0,Appartement,34.0,2.0,243.0
03/07/2023,Vente,"7226000,00",75008.0,PARIS 08,75,108,2.0,Appartement,41.0,2.0,243.0
03/07/2023,Vente,"7226000,00",75008.0,PARIS 08,75,108,2.0,Appartement,20.0,1.0,243.0
03/07/2023,Vente,"7226000,00",75008.0,PARIS 08,75,108,2.0,Appartement,16.0,1.0,243.0
26/06/2023,Vente,"8800000,00",75008.0,PARIS 08,75,108,3.0,Dépendance,0.0,0.0,241.0
26/06/2023,Vente,"8800000,00",75008.0,PARIS 08,75,108,2.0,Appartement,15.0,1.0,241.0
26/06/2023,Vente,"8800000,00",75008.0,PARIS 08,75,108,2.0,Appartement,56.0,4.0,241.0
26/06/2023,Vente,"8800000,00",75008.0,PARIS 08,75,108,2.0,Appartement,23.0,1.0,241.0
26/06/2023,Vente,"8800000,00",75008.0,PARIS 08,75,108,4.0,Local industriel. commercial ou assimilé,140.0,0.0,241.0
26/06/2023,Vente,"8800000,00",75008.0,PARIS 08,75,108,2.0,Appartement,138.0,6.0,241.0
26/06/2023,Vente,"8800000,00",75008.0,PARIS 08,75,108,2.0,Appartement,140.0,5.0,241.0
26/06/2023,Vente,"8800000,00",75008.0,PARIS 08,75,108,2.0,Appartement,56.0,3.0,241.0
04/07/2023,Vente,"8257002,00",75019.0,PARIS 19,75,119,4.0,Local industriel. commercial ou assimilé,64.0,0.0,493.0
04/07/2023,Vente,"8257002,00",75019.0,PARIS 19,75,119,3.0,Dépendance,0.0,0.0,493.0
04/07/2023,Vente,"8257002,00",75019.0,PARIS 19,75,119,2.0,Appartement,41.0,2.0,493.0
04/07/2023,Vente,"8257002,00",75019.0,PARIS 19,75,119,2.0,Appartement,64.0,3.0,493.0
04/07/2023,Vente,"8257002,00",75019.0,PARIS 19,75,119,2.0,Appartement,36.0,2.0,493.0
04/07/2023,Vente,"8257002,00",75019.0,PARIS 19,75,119,2.0,Appartement,61.0,3.0,493.0
04/07/2023,Vente,"8257002,00",75019.0,PARIS 19,75,119,2.0,Appartement,22.0,0.0,493.0
04/07/2023,Vente,"8257002,00",75019.0,PARIS 19,75,119,4.0,Local industriel. commercial ou assimilé,100.0,0.0,493.0
04/07/2023,Vente,"8257002,00",75019.0,PARIS 19,75,119,4.0,Local industriel. commercial ou assimilé,56.0,0.0,493.0
04/07/2023,Vente,"8257002,00",75019.0,PARIS 19,75,119,2.0,Appartement,22.0,1.0,493.0
04/07/2023,Vente,"8257002,00",75019.0,PARIS 19,75,119,2.0,Appartement,43.0,2.0,493.0
04/07/2023,Vente,"8257002,00",75019.0,PARIS 19,75,119,2.0,Appartement,128.0,7.0,493.0
04/07/2023,Vente,"8257002,00",75019.0,PARIS 19,75,119,2.0,Appartement,34.0,2.0,493.0
04/07/2023,Vente,"8257002,00",75019.0,PARIS 19,75,119,2.0,Appartement,35.0,2.0,493.0
04/07/2023,Vente,"8257002,00",75019.0,PARIS 19,75,119,2.0,Appartement,38.0,2.0,493.0
04/07/2023,Vente,"8257002,00",75019.0,PARIS 19,75,119,2.0,Appartement,37.0,2.0,493.0
04/07/2023,Vente,"5734742,00",75019.0,PARIS 19,75,119,2.0,Appartement,24.0,1.0,385.0
04/07/2023,Vente,"5734742,00",75019.0,PARIS 19,75,119,2.0,Appartement,41.0,2.0,385.0
04/07/2023,Vente,"5734742,00",75019.0,PARIS 19,75,119,2.0,Appartement,38.0,2.0,385.0
04/07/2023,Vente,"5734742,00",75019.0,PARIS 19,75,119,2.0,Appartement,39.0,2.0,385.0
04/07/2023,Vente,"5734742,00",75019.0,PARIS 19,75,119,2.0,Appartement,66.0,3.0,385.0
04/07/2023,Vente,"5734742,00",75019.0,PARIS 19,75,119,3.0,Dépendance,0.0,0.0,385.0
04/07/2023,Vente,"5734742,00",75019.0,PARIS 19,75,119,2.0,Appartement,32.0,1.0,385.0
04/07/2023,Vente,"5734742,00",75019.0,PARIS 19,75,119,4.0,Local industriel. commercial ou assimilé,218.0,0.0,385.0
04/07/2023,Vente,"5734742,00",75019.0,PARIS 19,75,119,4.0,Local industriel. commercial ou assimilé,188.0,0.0,385.0
04/07/2023,Vente,"5734742,00",75019.0,PARIS 19,75,119,2.0,Appartement,36.0,2.0,385.0
04/07/2023,Vente,"5734742,00",75019.0,PARIS 19,75,119,2.0,Appartement,30.0,2.0,385.0
04/07/2023,Vente,"5734742,00",75019.0,PARIS 19,75,119,2.0,Appartement,40.0,2.0,385.0
04/07/2023,Vente,"5734742,00",75019.0,PARIS 19,75,119,2.0,Appartement,35.0,2.0,385.0
04/07/2023,Vente,"5734742,00",75019.0,PARIS 19,75,119,2.0,Appartement,29.0,2.0,385.0
04/07/2023,Vente,"5734742,00",75019.0,PARIS 19,75,119,2.0,Appartement,37.0,2.0,385.0
04/07/2023,Vente,"5734742,00",75019.0,PARIS 19,75,119,2.0,Appartement,34.0,2.0,385.0
04/07/2023,Vente,"5734742,00",75019.0,PARIS 19,75,119,2.0,Appartement,32.0,2.0,385.0
04/07/2023,Vente,"5734742,00",75019.0,PARIS 19,75,119,2.0,Appartement,40.0,3.0,385.0
04/07/2023,Vente,"5734742,00",75019.0,PARIS 19,75,119,4.0,Local industriel. commercial ou assimilé,19.0,0.0,385.0
04/07/2023,Vente,"5734742,00",75019.0,PARIS 19,75,119,2.0,Appartement,31.0,2.0,385.0
28/06/2023,Vente,"48420000,00",75008.0,PARIS 08,75,108,4.0,Local industriel. commercial ou assimilé,269.0,0.0,388.0
28/06/2023,Vente,"48420000,00",75008.0,PARIS 08,75,108,4.0,Local industriel. commercial ou assimilé,1594.0,0.0,388.0
21/06/2023,Vente,"2450000,00",75019.0,PARIS 19,75,119,2.0,Appartement,71.0,4.0,177.0
21/06/2023,Vente,"2450000,00",75019.0,PARIS 19,75,119,3.0,Dépendance,0.0,0.0,177.0
21/06/2023,Vente,"2450000,00",75019.0,PARIS 19,75,119,2.0,Appartement,133.0,6.0,177.0
20/06/2023,Vente,"15000000,00",75002.0,PARIS 02,75,102,4.0,Local industriel. commercial ou assimilé,209.0,0.0,367.0
20/06/2023,Vente,"15000000,00",75002.0,PARIS 02,75,102,4.0,Local industriel. commercial ou assimilé,80.0,0.0,367.0
20/06/2023,Vente,"15000000,00",75002.0,PARIS 02,75,102,3.0,Dépendance,0.0,0.0,367.0
20/06/2023,Vente,"15000000,00",75002.0,PARIS 02,75,102,4.0,Local industriel. commercial ou assimilé,30.0,0.0,367.0
20/06/2023,Vente,"15000000,00",75002.0,PARIS 02,75,102,2.0,Appartement,50.0,2.0,367.0
20/06/2023,Vente,"15000000,00",75002.0,PARIS 02,75,102,2.0,Appartement,41.0,1.0,367.0
20/06/2023,Vente,"15000000,00",75002.0,PARIS 02,75,102,2.0,Appartement,145.0,5.0,367.0
20/06/2023,Vente,"15000000,00",75002.0,PARIS 02,75,102,2.0,Appartement,129.0,4.0,367.0
20/06/2023,Vente,"15000000,00",75002.0,PARIS 02,75,102,2.0,Appartement,45.0,2.0,367.0
20/06/2023,Vente,"15000000,00",75002.0,PARIS 02,75,102,4.0,Local industriel. commercial ou assimilé,130.0,0.0,367.0
20/06/2023,Vente,"15000000,00",75002.0,PARIS 02,75,102,4.0,Local industriel. commercial ou assimilé,50.0,0.0,367.0
20/06/2023,Vente,"15000000,00",75002.0,PARIS 02,75,102,4.0,Local industriel. commercial ou assimilé,41.0,0.0,367.0
20/06/2023,Vente,"15000000,00",75002.0,PARIS 02,75,102,2.0,Appartement,150.0,4.0,367.0
20/06/2023,Vente,"15000000,00",75002.0,PARIS 02,75,102,2.0,Appartement,36.0,1.0,367.0
20/06/2023,Vente,"15000000,00",75002.0,PARIS 02,75,102,2.0,Appartement,39.0,2.0,367.0
29/06/2023,Vente,"40189140,00",75009.0,PARIS 09,75,109,4.0,Local industriel. commercial ou assimilé,0.0,0.0,337.0
29/06/2023,Vente,"40189140,00",75009.0,PARIS 09,75,109,4.0,Local industriel. commercial ou assimilé,18.0,0.0,335.0
29/06/2023,Vente,"40189140,00",75009.0,PARIS 09,75,109,4.0,Local industriel. commercial ou assimilé,288.0,0.0,335.0
29/06/2023,Vente,"40189140,00",75009.0,PARIS 09,75,109,4.0,Local industriel. commercial ou assimilé,420.0,0.0,335.0
29/06/2023,Vente,"40189140,00",75009.0,PARIS 09,75,109,4.0,Local industriel. commercial ou assimilé,410.0,0.0,335.0
29/06/2023,Vente,"40189140,00",75009.0,PARIS 09,75,109,4.0,Local industriel. commercial ou assimilé,15.0,0.0,335.0
29/06/2023,Vente,"40189140,00",75009.0,PARIS 09,75,109,4.0,Local industriel. commercial ou assimilé,187.0,0.0,335.0
29/06/2023,Vente,"40189140,00",75009.0,PARIS 09,75,109,4.0,Local industriel. commercial ou assimilé,43.0,0.0,335.0
29/06/2023,Vente,"40189140,00",75009.0,PARIS 09,75,109,4.0,Local industriel. commercial ou assimilé,40.0,0.0,335.0
07/07/2023,Vente,"1750000,00",75020.0,PARIS 20,75,120,1.0,Maison,154.0,4.0,113.0
20/07/2023,Vente,"11000000,00",75008.0,PARIS 08,75,108,3.0,Dépendance,0.0,0.0,216.0
20/07/2023,Vente,"11000000,00",75008.0,PARIS 08,75,108,2.0,Appartement,20.0,1.0,216.0
20/07/2023,Vente,"11000000,00",75008.0,PARIS 08,75,108,2.0,Appartement,40.0,2.0,216.0
20/07/2023,Vente,"11000000,00",75008.0,PARIS 08,75,108,4.0,Local industriel. commercial ou assimilé,420.0,0.0,216.0
20/07/2023,Vente,"11000000,00",75008.0,PARIS 08,75,108,4.0,Local industriel. commercial ou assimilé,70.0,0.0,216.0
20/07/2023,Vente,"11000000,00",75008.0,PARIS 08,75,108,4.0,Local industriel. commercial ou assimilé,37.0,0.0,216.0
20/07/2023,Vente,"11000000,00",75008.0,PARIS 08,75,108,2.0,Appartement,38.0,2.0,216.0
20/07/2023,Vente,"11000000,00",75008.0,PARIS 08,75,108,2.0,Appartement,39.0,2.0,216.0
07/07/2023,Vente,"8950000,00",75008.0,PARIS 08,75,108,4.0,Local industriel. commercial ou assimilé,1120.0,0.0,305.0
04/07/2023,Vente,"1875000,00",75019.0,PARIS 19,75,119,1.0,Maison,140.0,5.0,164.0
28/06/2023,Vente,"37329308,00",75017.0,PARIS 17,75,117,4.0,Local industriel. commercial ou assimilé,2045.0,0.0,684.0
24/07/2023,Vente,"1320000,00",75019.0,PARIS 19,75,119,1.0,Maison,150.0,5.0,101.0
20/07/2023,Vente,"546240,00",75002.0,PARIS 02,75,102,4.0,Local industriel. commercial ou assimilé,121.0,0.0,1050.0
20/07/2023,Vente,"546240,00",75002.0,PARIS 02,75,102,4.0,Local industriel. commercial ou assimilé,113.0,0.0,1050.0
20/07/2023,Vente,"546240,00",75002.0,PARIS 02,75,102,4.0,Local industriel. commercial ou assimilé,2562.0,0.0,1050.0
03/07/2023,Vente,"860000,00",75019.0,PARIS 19,75,119,1.0,Maison,90.0,4.0,68.0
26/07/2023,Vente,"20000000,00",75002.0,PARIS 02,75,102,4.0,Local industriel. commercial ou assimilé,145.0,0.0,223.0
26/07/2023,Vente,"20000000,00",75002.0,PARIS 02,75,102,4.0,Local industriel. commercial ou assimilé,0.0,0.0,223.0
26/07/2023,Vente,"20000000,00",75002.0,PARIS 02,75,102,4.0,Local industriel. commercial ou assimilé,155.0,0.0,223.0
26/07/2023,Vente,"20000000,00",75002.0,PARIS 02,75,102,2.0,Appartement,20.0,1.0,223.0
26/07/2023,Vente,"20000000,00",75002.0,PARIS 02,75,102,4.0,Local industriel. commercial ou assimilé,63.0,0.0,223.0
26/07/2023,Vente,"20000000,00",75002.0,PARIS 02,75,102,4.0,Local industriel. commercial ou assimilé,327.0,0.0,223.0
26/07/2023,Vente,"20000000,00",75002.0,PARIS 02,75,102,4.0,Local industriel. commercial ou assimilé,56.0,0.0,223.0
26/07/2023,Vente,"20000000,00",75002.0,PARIS 02,75,102,3.0,Dépendance,0.0,0.0,223.0
26/07/2023,Vente,"20000000,00",75002.0,PARIS 02,75,102,4.0,Local industriel. commercial ou assimilé,61.0,0.0,223.0
26/07/2023,Vente,"20000000,00",75002.0,PARIS 02,75,102,4.0,Local industriel. commercial ou assimilé,150.0,0.0,223.0
26/07/2023,Vente,"20000000,00",75002.0,PARIS 02,75,102,2.0,Appartement,30.0,2.0,223.0
26/07/2023,Vente,"20000000,00",75002.0,PARIS 02,75,102,4.0,Local industriel. commercial ou assimilé,42.0,0.0,223.0
12/07/2023,Vente,"7280000,00",75004.0,PARIS 04,75,104,2.0,Appartement,42.0,2.0,173.0
12/07/2023,Vente,"7280000,00",75004.0,PARIS 04,75,104,4.0,Local industriel. commercial ou assimilé,311.0,0.0,173.0
12/07/2023,Vente,"7280000,00",75004.0,PARIS 04,75,104,2.0,Appartement,44.0,2.0,173.0
12/07/2023,Vente,"7280000,00",75004.0,PARIS 04,75,104,2.0,Appartement,66.0,3.0,173.0
12/07/2023,Vente,"7280000,00",75004.0,PARIS 04,75,104,2.0,Appartement,36.0,2.0,173.0
12/07/2023,Vente,"7280000,00",75004.0,PARIS 04,75,104,2.0,Appartement,59.0,3.0,173.0
12/07/2023,Vente,"7280000,00",75004.0,PARIS 04,75,104,2.0,Appartement,46.0,3.0,173.0
12/07/2023,Vente,"7280000,00",75004.0,PARIS 04,75,104,4.0,Local industriel. commercial ou assimilé,50.0,0.0,173.0
12/07/2023,Vente,"7280000,00",75004.0,PARIS 04,75,104,2.0,Appartement,46.0,2.0,173.0
07/07/2023,Vente,"6180000,00",75017.0,PARIS 17,75,117,4.0,Local industriel. commercial ou assimilé,278.0,0.0,151.0
12/07/2023,Vente,"31500000,00",75008.0,PARIS 08,75,108,3.0,Dépendance,0.0,0.0,627.0
07/07/2023,Vente,"1770000,00",75018.0,PARIS 18,75,118,1.0,Maison,82.0,2.0,176.0
06/07/2023,Vente,"590000,00",75019.0,PARIS 19,75,119,4.0,Local industriel. commercial ou assimilé,70.0,0.0,121.0
12/07/2023,Vente,"3800000,00",75010.0,PARIS 10,75,110,4.0,Local industriel. commercial ou assimilé,40.0,0.0,104.0
12/07/2023,Vente,"3800000,00",75010.0,PARIS 10,75,110,4.0,Local industriel. commercial ou assimilé,60.0,0.0,104.0
12/07/2023,Vente,"3800000,00",75010.0,PARIS 10,75,110,4.0,Local industriel. commercial ou assimilé,45.0,0.0,104.0
26/07/2023,Vente,"8500000,00",75017.0,PARIS 17,75,117,3.0,Dépendance,0.0,0.0,210.0
26/07/2023,Vente,"8500000,00",75017.0,PARIS 17,75,117,2.0,Appartement,17.0,3.0,210.0
26/07/2023,Vente,"8500000,00",75017.0,PARIS 17,75,117,2.0,Appartement,59.0,3.0,210.0
26/07/2023,Vente,"8500000,00",75017.0,PARIS 17,75,117,2.0,Appartement,69.0,4.0,210.0
26/07/2023,Vente,"8500000,00",75017.0,PARIS 17,75,117,2.0,Appartement,67.0,3.0,210.0
26/07/2023,Vente,"8500000,00",75017.0,PARIS 17,75,117,2.0,Appartement,60.0,3.0,210.0
26/07/2023,Vente,"8500000,00",75017.0,PARIS 17,75,117,2.0,Appartement,67.0,4.0,210.0
26/07/2023,Vente,"8500000,00",75017.0,PARIS 17,75,117,2.0,Appartement,71.0,4.0,210.0
26/07/2023,Vente,"8500000,00",75017.0,PARIS 17,75,117,4.0,Local industriel. commercial ou assimilé,94.0,0.0,210.0
26/07/2023,Vente,"8500000,00",75017.0,PARIS 17,75,117,4.0,Local industriel. commercial ou assimilé,16.0,0.0,210.0
26/07/2023,Vente,"8500000,00",75017.0,PARIS 17,75,117,4.0,Local industriel. commercial ou assimilé,36.0,0.0,210.0
25/07/2023,Vente,"1595950,00",75020.0,PARIS 20,75,120,1.0,Maison,100.0,4.0,116.0
31/07/2023,Vente,"1741700,00",75019.0,PARIS 19,75,119,1.0,Maison,173.0,5.0,78.0
01/08/2023,Vente,"11731253,00",75010.0,PARIS 10,75,110,4.0,Local industriel. commercial ou assimilé,0.0,0.0,900.0
01/08/2023,Vente,"11731253,00",75010.0,PARIS 10,75,110,3.0,Dépendance,0.0,0.0,900.0
01/08/2023,Vente,"11731253,00",75010.0,PARIS 10,75,110,2.0,Appartement,9.0,1.0,900.0
01/08/2023,Vente,"11731253,00",75010.0,PARIS 10,75,110,2.0,Appartement,24.0,1.0,900.0
01/08/2023,Vente,"11731253,00",75010.0,PARIS 10,75,110,2.0,Appartement,30.0,2.0,900.0
01/08/2023,Vente,"11731253,00",75010.0,PARIS 10,75,110,2.0,Appartement,32.0,2.0,900.0
01/08/2023,Vente,"11731253,00",75010.0,PARIS 10,75,110,2.0,Appartement,28.0,2.0,900.0
01/08/2023,Vente,"11731253,00",75010.0,PARIS 10,75,110,2.0,Appartement,38.0,2.0,900.0
01/08/2023,Vente,"11731253,00",75010.0,PARIS 10,75,110,2.0,Appartement,39.0,2.0,900.0
01/08/2023,Vente,"11731253,00",75010.0,PARIS 10,75,110,2.0,Appartement,20.0,1.0,900.0
01/08/2023,Vente,"11731253,00",75010.0,PARIS 10,75,110,4.0,Local industriel. commercial ou assimilé,1090.0,0.0,900.0
01/08/2023,Vente,"11731253,00",75010.0,PARIS 10,75,110,4.0,Local industriel. commercial ou assimilé,64.0,0.0,900.0
01/08/2023,Vente,"11731253,00",75010.0,PARIS 10,75,110,4.0,Local industriel. commercial ou assimilé,57.0,0.0,900.0
01/08/2023,Vente,"11731253,00",75010.0,PARIS 10,75,110,2.0,Appartement,16.0,1.0,900.0
01/08/2023,Vente,"11731253,00",75010.0,PARIS 10,75,110,2.0,Appartement,34.0,2.0,900.0
01/08/2023,Vente,"11731253,00",75010.0,PARIS 10,75,110,2.0,Appartement,49.0,2.0,900.0
01/08/2023,Vente,"11731253,00",75010.0,PARIS 10,75,110,2.0,Appartement,48.0,3.0,900.0
01/08/2023,Vente,"11731253,00",75010.0,PARIS 10,75,110,2.0,Appartement,27.0,1.0,900.0
01/08/2023,Vente,"11731253,00",75010.0,PARIS 10,75,110,2.0,Appartement,41.0,2.0,900.0
01/08/2023,Vente,"11731253,00",75010.0,PARIS 10,75,110,2.0,Appartement,50.0,2.0,900.0
01/08/2023,Vente,"11731253,00",75010.0,PARIS 10,75,110,2.0,Appartement,33.0,2.0,900.0
01/08/2023,Vente,"11731253,00",75010.0,PARIS 10,75,110,2.0,Appartement,25.0,1.0,900.0
01/08/2023,Vente,"11731253,00",75010.0,PARIS 10,75,110,2.0,Appartement,23.0,2.0,900.0
01/08/2023,Vente,"11731253,00",75010.0,PARIS 10,75,110,2.0,Appartement,25.0,2.0,900.0
01/08/2023,Vente,"11731253,00",75010.0,PARIS 10,75,110,2.0,Appartement,110.0,4.0,900.0
01/08/2023,Vente,"11731253,00",75010.0,PARIS 10,75,110,2.0,Appartement,19.0,1.0,900.0
01/08/2023,Vente,"11731253,00",75010.0,PARIS 10,75,110,2.0,Appartement,45.0,3.0,900.0
01/08/2023,Vente,"11731253,00",75010.0,PARIS 10,75,110,2.0,Appartement,13.0,1.0,900.0
01/08/2023,Vente,"11731253,00",75010.0,PARIS 10,75,110,2.0,Appartement,35.0,2.0,900.0
01/08/2023,Vente,"11731253,00",75010.0,PARIS 10,75,110,2.0,Appartement,73.0,4.0,900.0
01/08/2023,Vente,"11731253,00",75010.0,PARIS 10,75,110,2.0,Appartement,29.0,2.0,900.0
01/08/2023,Vente,"11731253,00",75010.0,PARIS 10,75,110,2.0,Appartement,24.0,2.0,900.0
01/08/2023,Vente,"11731253,00",75010.0,PARIS 10,75,110,2.0,Appartement,46.0,2.0,900.0
27/07/2023,Vente,"8120000,00",75017.0,PARIS 17,75,117,2.0,Appartement,52.0,3.0,178.0
27/07/2023,Vente,"8120000,00",75017.0,PARIS 17,75,117,2.0,Appartement,54.0,3.0,178.0
27/07/2023,Vente,"8120000,00",75017.0,PARIS 17,75,117,2.0,Appartement,56.0,3.0,178.0
27/07/2023,Vente,"8120000,00",75017.0,PARIS 17,75,117,2.0,Appartement,55.0,3.0,178.0
27/07/2023,Vente,"8120000,00",75017.0,PARIS 17,75,117,2.0,Appartement,35.0,2.0,178.0
27/07/2023,Vente,"8120000,00",75017.0,PARIS 17,75,117,2.0,Appartement,29.0,2.0,178.0
27/07/2023,Vente,"8120000,00",75017.0,PARIS 17,75,117,2.0,Appartement,14.0,1.0,178.0
27/07/2023,Vente,"8120000,00",75017.0,PARIS 17,75,117,3.0,Dépendance,0.0,0.0,178.0
27/07/2023,Vente,"8120000,00",75017.0,PARIS 17,75,117,2.0,Appartement,50.0,2.0,178.0
27/07/2023,Vente,"8120000,00",75017.0,PARIS 17,75,117,2.0,Appartement,30.0,2.0,178.0
27/07/2023,Vente,"8120000,00",75017.0,PARIS 17,75,117,2.0,Appartement,51.0,3.0,178.0
01/08/2023,Vente,"20000000,00",75010.0,PARIS 10,75,110,2.0,Appartement,56.0,3.0,664.0
01/08/2023,Vente,"20000000,00",75010.0,PARIS 10,75,110,2.0,Appartement,45.0,2.0,664.0
01/08/2023,Vente,"20000000,00",75010.0,PARIS 10,75,110,2.0,Appartement,46.0,2.0,664.0
01/08/2023,Vente,"20000000,00",75010.0,PARIS 10,75,110,2.0,Appartement,87.0,4.0,664.0
01/08/2023,Vente,"20000000,00",75010.0,PARIS 10,75,110,2.0,Appartement,42.0,2.0,664.0
01/08/2023,Vente,"20000000,00",75010.0,PARIS 10,75,110,2.0,Appartement,65.0,3.0,664.0
01/08/2023,Vente,"20000000,00",75010.0,PARIS 10,75,110,2.0,Appartement,75.0,3.0,664.0
01/08/2023,Vente,"20000000,00",75010.0,PARIS 10,75,110,2.0,Appartement,47.0,2.0,664.0
01/08/2023,Vente,"20000000,00",75010.0,PARIS 10,75,110,2.0,Appartement,74.0,3.0,664.0
01/08/2023,Vente,"20000000,00",75010.0,PARIS 10,75,110,2.0,Appartement,78.0,3.0,664.0
01/08/2023,Vente,"20000000,00",75010.0,PARIS 10,75,110,2.0,Appartement,80.0,3.0,664.0
01/08/2023,Vente,"20000000,00",75010.0,PARIS 10,75,110,4.0,Local industriel. commercial ou assimilé,127.0,0.0,664.0
01/08/2023,Vente,"20000000,00",75010.0,PARIS 10,75,110,2.0,Appartement,83.0,4.0,664.0
01/08/2023,Vente,"20000000,00",75010.0,PARIS 10,75,110,2.0,Appartement,85.0,4.0,664.0
01/08/2023,Vente,"20000000,00",75010.0,PARIS 10,75,110,2.0,Appartement,36.0,2.0,664.0
01/08/2023,Vente,"20000000,00",75010.0,PARIS 10,75,110,2.0,Appartement,55.0,2.0,664.0
01/08/2023,Vente,"20000000,00",75010.0,PARIS 10,75,110,4.0,Local industriel. commercial ou assimilé,177.0,0.0,664.0
01/08/2023,Vente,"20000000,00",75010.0,PARIS 10,75,110,4.0,Local industriel. commercial ou assimilé,173.0,0.0,664.0
01/08/2023,Vente,"20000000,00",75010.0,PARIS 10,75,110,2.0,Appartement,58.0,2.0,664.0
01/08/2023,Vente,"20000000,00",75010.0,PARIS 10,75,110,4.0,Local industriel. commercial ou assimilé,140.0,0.0,664.0
01/08/2023,Vente,"20000000,00",75010.0,PARIS 10,75,110,4.0,Local industriel. commercial ou assimilé,132.0,0.0,664.0
01/08/2023,Vente,"20000000,00",75010.0,PARIS 10,75,110,4.0,Local industriel. commercial ou assimilé,19.0,0.0,664.0
01/08/2023,Vente,"20000000,00",75010.0,PARIS 10,75,110,2.0,Appartement,60.0,2.0,664.0
01/08/2023,Vente,"20000000,00",75010.0,PARIS 10,75,110,2.0,Appartement,66.0,2.0,664.0
01/08/2023,Vente,"20000000,00",75010.0,PARIS 10,75,110,2.0,Appartement,64.0,3.0,664.0
01/08/2023,Vente,"20000000,00",75010.0,PARIS 10,75,110,2.0,Appartement,44.0,2.0,664.0
01/08/2023,Vente,"20000000,00",75010.0,PARIS 10,75,110,2.0,Appartement,61.0,2.0,664.0
21/07/2023,Vente,"962210,00",75020.0,PARIS 20,75,120,1.0,Maison,100.0,4.0,51.0
20/07/2023,Vente,"1200000,00",75020.0,PARIS 20,75,120,4.0,Local industriel. commercial ou assimilé,270.0,0.0,129.0
03/08/2023,Vente,"1600000,00",75001.0,PARIS 01,75,101,4.0,Local industriel. commercial ou assimilé,228.0,0.0,41.0
25/07/2023,Vente,"6500000,00",75018.0,PARIS 18,75,118,4.0,Local industriel. commercial ou assimilé,404.0,0.0,285.0
18/07/2023,Vente,"78856,25",75001.0,PARIS 01,75,101,2.0,Appartement,34.0,2.0,208.0
18/07/2023,Vente,"78856,25",75001.0,PARIS 01,75,101,2.0,Appartement,62.0,3.0,208.0
18/07/2023,Vente,"78856,25",75001.0,PARIS 01,75,101,2.0,Appartement,20.0,1.0,208.0
18/07/2023,Vente,"78856,25",75001.0,PARIS 01,75,101,2.0,Appartement,34.0,1.0,208.0
18/07/2023,Vente,"78856,25",75001.0,PARIS 01,75,101,2.0,Appartement,49.0,2.0,208.0
18/07/2023,Vente,"78856,25",75001.0,PARIS 01,75,101,4.0,Local industriel. commercial ou assimilé,72.0,0.0,208.0
18/07/2023,Vente,"78856,25",75001.0,PARIS 01,75,101,4.0,Local industriel. commercial ou assimilé,160.0,0.0,208.0
18/07/2023,Vente,"78856,25",75001.0,PARIS 01,75,101,3.0,Dépendance,0.0,0.0,208.0
18/07/2023,Vente,"78856,25",75001.0,PARIS 01,75,101,2.0,Appartement,24.0,1.0,208.0
18/07/2023,Vente,"78856,25",75001.0,PARIS 01,75,101,4.0,Local industriel. commercial ou assimilé,83.0,0.0,208.0
18/07/2023,Vente,"78856,25",75001.0,PARIS 01,75,101,2.0,Appartement,96.0,4.0,208.0
18/07/2023,Vente,"55962,50",75003.0,PARIS 03,75,103,4.0,Local industriel. commercial ou assimilé,79.0,0.0,140.0
18/07/2023,Vente,"55962,50",75003.0,PARIS 03,75,103,2.0,Appartement,35.0,1.0,140.0
18/07/2023,Vente,"55962,50",75003.0,PARIS 03,75,103,2.0,Appartement,39.0,2.0,140.0
18/07/2023,Vente,"55962,50",75003.0,PARIS 03,75,103,2.0,Appartement,95.0,4.0,140.0
18/07/2023,Vente,"55962,50",75003.0,PARIS 03,75,103,4.0,Local industriel. commercial ou assimilé,199.0,0.0,140.0
01/08/2023,Vente,"38300000,00",75009.0,PARIS 09,75,109,3.0,Dépendance,0.0,0.0,0.0
01/08/2023,Vente,"38300000,00",75009.0,PARIS 09,75,109,3.0,Dépendance,0.0,0.0,1933.0
01/08/2023,Vente,"38300000,00",75009.0,PARIS 09,75,109,4.0,Local industriel. commercial ou assimilé,10.0,0.0,0.0
01/08/2023,Vente,"38300000,00",75009.0,PARIS 09,75,109,4.0,Local industriel. commercial ou assimilé,84.0,0.0,0.0
01/08/2023,Vente,"38300000,00",75009.0,PARIS 09,75,109,2.0,Appartement,63.0,3.0,0.0
01/08/2023,Vente,"38300000,00",75009.0,PARIS 09,75,109,4.0,Local industriel. commercial ou assimilé,12.0,0.0,0.0
01/08/2023,Vente,"38300000,00",75009.0,PARIS 09,75,109,2.0,Appartement,145.0,5.0,0.0
01/08/2023,Vente,"38300000,00",75009.0,PARIS 09,75,109,2.0,Appartement,42.0,1.0,0.0
01/08/2023,Vente,"38300000,00",75009.0,PARIS 09,75,109,2.0,Appartement,102.0,5.0,0.0
01/08/2023,Vente,"38300000,00",75009.0,PARIS 09,75,109,2.0,Appartement,64.0,3.0,0.0
01/08/2023,Vente,"38300000,00",75009.0,PARIS 09,75,109,4.0,Local industriel. commercial ou assimilé,10.0,0.0,1933.0
01/08/2023,Vente,"38300000,00",75009.0,PARIS 09,75,109,4.0,Local industriel. commercial ou assimilé,84.0,0.0,1933.0
01/08/2023,Vente,"38300000,00",75009.0,PARIS 09,75,109,2.0,Appartement,63.0,3.0,1933.0
01/08/2023,Vente,"38300000,00",75009.0,PARIS 09,75,109,4.0,Local industriel. commercial ou assimilé,12.0,0.0,1933.0
01/08/2023,Vente,"38300000,00",75009.0,PARIS 09,75,109,2.0,Appartement,145.0,5.0,1933.0
01/08/2023,Vente,"38300000,00",75009.0,PARIS 09,75,109,2.0,Appartement,42.0,1.0,1933.0
01/08/2023,Vente,"38300000,00",75009.0,PARIS 09,75,109,2.0,Appartement,102.0,5.0,1933.0
01/08/2023,Vente,"38300000,00",75009.0,PARIS 09,75,109,2.0,Appartement,64.0,3.0,1933.0
01/08/2023,Vente,"38300000,00",75009.0,PARIS 09,75,109,2.0,Appartement,59.0,2.0,1933.0
01/08/2023,Vente,"38300000,00",75009.0,PARIS 09,75,109,2.0,Appartement,113.0,5.0,1933.0
01/08/2023,Vente,"38300000,00",75009.0,PARIS 09,75,109,2.0,Appartement,128.0,5.0,1933.0
01/08/2023,Vente,"38300000,00",75009.0,PARIS 09,75,109,2.0,Appartement,59.0,3.0,1933.0
01/08/2023,Vente,"38300000,00",75009.0,PARIS 09,75,109,2.0,Appartement,76.0,3.0,1933.0
01/08/2023,Vente,"38300000,00",75009.0,PARIS 09,75,109,2.0,Appartement,73.0,3.0,1933.0
01/08/2023,Vente,"38300000,00",75009.0,PARIS 09,75,109,2.0,Appartement,112.0,5.0,1933.0
01/08/2023,Vente,"38300000,00",75009.0,PARIS 09,75,109,4.0,Local industriel. commercial ou assimilé,140.0,0.0,1933.0
01/08/2023,Vente,"38300000,00",75009.0,PARIS 09,75,109,4.0,Local industriel. commercial ou assimilé,214.0,0.0,1933.0
01/08/2023,Vente,"38300000,00",75009.0,PARIS 09,75,109,4.0,Local industriel. commercial ou assimilé,170.0,0.0,1933.0
01/08/2023,Vente,"38300000,00",75009.0,PARIS 09,75,109,4.0,Local industriel. commercial ou assimilé,107.0,0.0,1933.0
01/08/2023,Vente,"38300000,00",75009.0,PARIS 09,75,109,4.0,Local industriel. commercial ou assimilé,136.0,0.0,1933.0
01/08/2023,Vente,"38300000,00",75009.0,PARIS 09,75,109,4.0,Local industriel. commercial ou assimilé,205.0,0.0,1933.0
01/08/2023,Vente,"38300000,00",75009.0,PARIS 09,75,109,4.0,Local industriel. commercial ou assimilé,55.0,0.0,1933.0
01/08/2023,Vente,"38300000,00",75009.0,PARIS 09,75,109,4.0,Local industriel. commercial ou assimilé,194.0,0.0,1933.0
01/08/2023,Vente,"38300000,00",75009.0,PARIS 09,75,109,4.0,Local industriel. commercial ou assimilé,137.0,0.0,1933.0
01/08/2023,Vente,"38300000,00",75009.0,PARIS 09,75,109,4.0,Local industriel. commercial ou assimilé,137.0,0.0,0.0
01/08/2023,Vente,"38300000,00",75009.0,PARIS 09,75,109,4.0,Local industriel. commercial ou assimilé,194.0,0.0,0.0
01/08/2023,Vente,"38300000,00",75009.0,PARIS 09,75,109,4.0,Local industriel. commercial ou assimilé,55.0,0.0,0.0
01/08/2023,Vente,"38300000,00",75009.0,PARIS 09,75,109,4.0,Local industriel. commercial ou assimilé,205.0,0.0,0.0
01/08/2023,Vente,"38300000,00",75009.0,PARIS 09,75,109,4.0,Local industriel. commercial ou assimilé,136.0,0.0,0.0
01/08/2023,Vente,"38300000,00",75009.0,PARIS 09,75,109,4.0,Local industriel. commercial ou assimilé,107.0,0.0,0.0
01/08/2023,Vente,"38300000,00",75009.0,PARIS 09,75,109,4.0,Local industriel. commercial ou assimilé,170.0,0.0,0.0
01/08/2023,Vente,"38300000,00",75009.0,PARIS 09,75,109,4.0,Local industriel. commercial ou assimilé,214.0,0.0,0.0
01/08/2023,Vente,"38300000,00",75009.0,PARIS 09,75,109,4.0,Local industriel. commercial ou assimilé,140.0,0.0,0.0
01/08/2023,Vente,"38300000,00",75009.0,PARIS 09,75,109,2.0,Appartement,112.0,5.0,0.0
01/08/2023,Vente,"38300000,00",75009.0,PARIS 09,75,109,2.0,Appartement,73.0,3.0,0.0
01/08/2023,Vente,"38300000,00",75009.0,PARIS 09,75,109,2.0,Appartement,76.0,3.0,0.0
01/08/2023,Vente,"38300000,00",75009.0,PARIS 09,75,109,2.0,Appartement,59.0,3.0,0.0
01/08/2023,Vente,"38300000,00",75009.0,PARIS 09,75,109,2.0,Appartement,128.0,5.0,0.0
01/08/2023,Vente,"38300000,00",75009.0,PARIS 09,75,109,2.0,Appartement,113.0,5.0,0.0
01/08/2023,Vente,"38300000,00",75009.0,PARIS 09,75,109,2.0,Appartement,59.0,2.0,0.0
27/07/2023,Vente,"14000000,00",75002.0,PARIS 02,75,102,4.0,Local industriel. commercial ou assimilé,1268.0,0.0,231.0
31/08/2023,Vente,"20300000,00",75003.0,PARIS 03,75,103,2.0,Appartement,21.0,1.0,331.0
31/08/2023,Vente,"20300000,00",75003.0,PARIS 03,75,103,4.0,Local industriel. commercial ou assimilé,240.0,0.0,331.0
31/08/2023,Vente,"20300000,00",75003.0,PARIS 03,75,103,2.0,Appartement,128.0,4.0,331.0
31/08/2023,Vente,"20300000,00",75003.0,PARIS 03,75,103,4.0,Local industriel. commercial ou assimilé,1534.0,0.0,331.0
31/08/2023,Vente,"20300000,00",75003.0,PARIS 03,75,103,4.0,Local industriel. commercial ou assimilé,168.0,0.0,331.0
31/08/2023,Vente,"20300000,00",75003.0,PARIS 03,75,103,4.0,Local industriel. commercial ou assimilé,65.0,0.0,331.0
31/08/2023,Vente,"20300000,00",75003.0,PARIS 03,75,103,4.0,Local industriel. commercial ou assimilé,147.0,0.0,331.0
30/08/2023,Vente,"1732000,00",75018.0,PARIS 18,75,118,1.0,Maison,92.0,4.0,82.0
06/09/2023,Vente,"140000,00",75020.0,PARIS 20,75,120,1.0,Maison,83.0,5.0,96.0
20/09/2023,Vente,"6500000,00",75003.0,PARIS 03,75,103,4.0,Local industriel. commercial ou assimilé,800.0,0.0,820.0
22/09/2023,Vente,"3300000,00",75002.0,PARIS 02,75,102,4.0,Local industriel. commercial ou assimilé,50.0,0.0,78.0
22/09/2023,Vente,"3300000,00",75002.0,PARIS 02,75,102,2.0,Appartement,45.0,2.0,78.0
22/09/2023,Vente,"3300000,00",75002.0,PARIS 02,75,102,2.0,Appartement,37.0,2.0,78.0
22/09/2023,Vente,"3300000,00",75002.0,PARIS 02,75,102,2.0,Appartement,39.0,2.0,78.0
22/09/2023,Vente,"3300000,00",75002.0,PARIS 02,75,102,2.0,Appartement,43.0,1.0,78.0
05/09/2023,Vente,"8500000,00",75009.0,PARIS 09,75,109,4.0,Local industriel. commercial ou assimilé,1050.0,0.0,151.0
11/09/2023,Vente,"900000,00",75017.0,PARIS 17,75,117,4.0,Local industriel. commercial ou assimilé,685.0,0.0,174.0
15/09/2023,Vente,"13300000,00",75003.0,PARIS 03,75,103,4.0,Local industriel. commercial ou assimilé,167.0,0.0,429.0
15/09/2023,Vente,"13300000,00",75003.0,PARIS 03,75,103,4.0,Local industriel. commercial ou assimilé,104.0,0.0,429.0
15/09/2023,Vente,"13300000,00",75003.0,PARIS 03,75,103,4.0,Local industriel. commercial ou assimilé,30.0,0.0,429.0
15/09/2023,Vente,"13300000,00",75003.0,PARIS 03,75,103,2.0,Appartement,18.0,2.0,429.0
15/09/2023,Vente,"13300000,00",75003.0,PARIS 03,75,103,3.0,Dépendance,0.0,0.0,429.0
15/09/2023,Vente,"13300000,00",75003.0,PARIS 03,75,103,4.0,Local industriel. commercial ou assimilé,50.0,0.0,429.0
15/09/2023,Vente,"13300000,00",75003.0,PARIS 03,75,103,4.0,Local industriel. commercial ou assimilé,71.0,0.0,429.0
15/09/2023,Vente,"13300000,00",75003.0,PARIS 03,75,103,4.0,Local industriel. commercial ou assimilé,61.0,0.0,429.0
15/09/2023,Vente,"13300000,00",75003.0,PARIS 03,75,103,4.0,Local industriel. commercial ou assimilé,109.0,0.0,429.0
15/09/2023,Vente,"13300000,00",75003.0,PARIS 03,75,103,4.0,Local industriel. commercial ou assimilé,124.0,0.0,429.0
15/09/2023,Vente,"13300000,00",75003.0,PARIS 03,75,103,4.0,Local industriel. commercial ou assimilé,108.0,0.0,429.0
15/09/2023,Vente,"13300000,00",75003.0,PARIS 03,75,103,4.0,Local industriel. commercial ou assimilé,39.0,0.0,429.0
15/09/2023,Vente,"13300000,00",75003.0,PARIS 03,75,103,4.0,Local industriel. commercial ou assimilé,138.0,0.0,429.0
15/09/2023,Vente,"13300000,00",75003.0,PARIS 03,75,103,2.0,Appartement,82.0,4.0,429.0
15/09/2023,Vente,"13300000,00",75003.0,PARIS 03,75,103,2.0,Appartement,17.0,1.0,429.0
15/09/2023,Vente,"13300000,00",75003.0,PARIS 03,75,103,2.0,Appartement,19.0,2.0,429.0
15/09/2023,Vente,"13300000,00",75003.0,PARIS 03,75,103,2.0,Appartement,28.0,2.0,429.0
15/09/2023,Vente,"13300000,00",75003.0,PARIS 03,75,103,2.0,Appartement,13.0,1.0,429.0
15/09/2023,Vente,"13300000,00",75003.0,PARIS 03,75,103,2.0,Appartement,7.0,1.0,429.0
15/09/2023,Vente,"13300000,00",75003.0,PARIS 03,75,103,2.0,Appartement,30.0,3.0,429.0
15/09/2023,Vente,"13300000,00",75003.0,PARIS 03,75,103,4.0,Local industriel. commercial ou assimilé,0.0,0.0,429.0
28/09/2023,Vente,"900000,00",75009.0,PARIS 09,75,109,4.0,Local industriel. commercial ou assimilé,1174.0,0.0,271.0
27/09/2023,Vente,"1057692,00",75020.0,PARIS 20,75,120,1.0,Maison,70.0,4.0,105.0
02/10/2023,Vente,"6325000,00",75020.0,PARIS 20,75,120,2.0,Appartement,37.0,2.0,208.0
02/10/2023,Vente,"6325000,00",75020.0,PARIS 20,75,120,4.0,Local industriel. commercial ou assimilé,42.0,0.0,208.0
02/10/2023,Vente,"6325000,00",75020.0,PARIS 20,75,120,4.0,Local industriel. commercial ou assimilé,40.0,0.0,208.0
02/10/2023,Vente,"6325000,00",75020.0,PARIS 20,75,120,4.0,Local industriel. commercial ou assimilé,37.0,0.0,208.0
02/10/2023,Vente,"6325000,00",75020.0,PARIS 20,75,120,2.0,Appartement,70.0,3.0,208.0
02/10/2023,Vente,"6325000,00",75020.0,PARIS 20,75,120,2.0,Appartement,62.0,3.0,208.0
02/10/2023,Vente,"6325000,00",75020.0,PARIS 20,75,120,2.0,Appartement,60.0,3.0,208.0
02/10/2023,Vente,"6325000,00",75020.0,PARIS 20,75,120,3.0,Dépendance,0.0,0.0,208.0
02/10/2023,Vente,"6325000,00",75020.0,PARIS 20,75,120,4.0,Local industriel. commercial ou assimilé,12.0,0.0,208.0
02/10/2023,Vente,"6325000,00",75020.0,PARIS 20,75,120,2.0,Appartement,20.0,2.0,208.0
02/10/2023,Vente,"6325000,00",75020.0,PARIS 20,75,120,2.0,Appartement,13.0,1.0,208.0
29/09/2023,Vente,"58500000,00",75002.0,PARIS 02,75,102,4.0,Local industriel. commercial ou assimilé,105.0,0.0,501.0
29/09/2023,Vente,"58500000,00",75002.0,PARIS 02,75,102,4.0,Local industriel. commercial ou assimilé,1928.0,0.0,501.0
29/09/2023,Vente,"3550000,00",75003.0,PARIS 03,75,103,2.0,Appartement,18.0,1.0,92.0
29/09/2023,Vente,"3550000,00",75003.0,PARIS 03,75,103,4.0,Local industriel. commercial ou assimilé,88.0,0.0,92.0
29/09/2023,Vente,"3550000,00",75003.0,PARIS 03,75,103,2.0,Appartement,44.0,2.0,92.0
29/09/2023,Vente,"3550000,00",75003.0,PARIS 03,75,103,2.0,Appartement,17.0,1.0,92.0
29/09/2023,Vente,"3550000,00",75003.0,PARIS 03,75,103,4.0,Local industriel. commercial ou assimilé,16.0,0.0,92.0
29/09/2023,Vente,"3550000,00",75003.0,PARIS 03,75,103,2.0,Appartement,39.0,2.0,92.0
29/09/2023,Vente,"3550000,00",75003.0,PARIS 03,75,103,2.0,Appartement,40.0,2.0,92.0
06/10/2023,Vente,"1023697,00",75019.0,PARIS 19,75,119,1.0,Maison,78.0,4.0,58.0
29/09/2023,Vente,"1600820,00",75003.0,PARIS 03,75,103,4.0,Local industriel. commercial ou assimilé,24.0,0.0,33.0
29/09/2023,Vente,"1600820,00",75003.0,PARIS 03,75,103,2.0,Appartement,46.0,3.0,33.0
10/10/2023,Vente,"16600000,00",75017.0,PARIS 17,75,117,4.0,Local industriel. commercial ou assimilé,116.0,0.0,555.0
10/10/2023,Vente,"16600000,00",75017.0,PARIS 17,75,117,4.0,Local industriel. commercial ou assimilé,156.0,0.0,555.0
10/10/2023,Vente,"16600000,00",75017.0,PARIS 17,75,117,4.0,Local industriel. commercial ou assimilé,89.0,0.0,555.0
10/10/2023,Vente,"16600000,00",75017.0,PARIS 17,75,117,4.0,Local industriel. commercial ou assimilé,97.0,0.0,555.0
10/10/2023,Vente,"16600000,00",75017.0,PARIS 17,75,117,4.0,Local industriel. commercial ou assimilé,95.0,0.0,555.0
10/10/2023,Vente,"16600000,00",75017.0,PARIS 17,75,117,4.0,Local industriel. commercial ou assimilé,313.0,0.0,555.0
10/10/2023,Vente,"16600000,00",75017.0,PARIS 17,75,117,4.0,Local industriel. commercial ou assimilé,209.0,0.0,555.0
28/09/2023,Vente,"2800000,00",75003.0,PARIS 03,75,103,3.0,Dépendance,0.0,0.0,47.0
28/09/2023,Vente,"2800000,00",75003.0,PARIS 03,75,103,2.0,Appartement,32.0,2.0,47.0
28/09/2023,Vente,"2800000,00",75003.0,PARIS 03,75,103,2.0,Appartement,33.0,2.0,47.0
28/09/2023,Vente,"2800000,00",75003.0,PARIS 03,75,103,2.0,Appartement,31.0,2.0,47.0
28/09/2023,Vente,"2800000,00",75003.0,PARIS 03,75,103,4.0,Local industriel. commercial ou assimilé,50.0,0.0,47.0
28/09/2023,Vente,"984000,00",75020.0,PARIS 20,75,120,1.0,Maison,80.0,4.0,69.0
18/10/2023,Vente,"1100000,00",75019.0,PARIS 19,75,119,1.0,Maison,204.0,4.0,132.0
10/10/2023,Vente,"1323000,00",75004.0,PARIS 04,75,104,4.0,Local industriel. commercial ou assimilé,236.0,0.0,53.0
12/10/2023,Vente,"14934786,00",75018.0,PARIS 18,75,118,4.0,Local industriel. commercial ou assimilé,112.0,0.0,6159.0
06/10/2023,Vente,"900000,00",75020.0,PARIS 20,75,120,2.0,Appartement,29.0,3.0,114.0
06/10/2023,Vente,"900000,00",75020.0,PARIS 20,75,120,2.0,Appartement,32.0,3.0,114.0
06/10/2023,Vente,"900000,00",75020.0,PARIS 20,75,120,2.0,Appartement,26.0,2.0,114.0
06/10/2023,Vente,"900000,00",75020.0,PARIS 20,75,120,2.0,Appartement,28.0,3.0,114.0
13/10/2023,Vente,"800000,00",75010.0,PARIS 10,75,110,4.0,Local industriel. commercial ou assimilé,624.0,0.0,111.0
20/10/2023,Vente,"135000000,00",75008.0,PARIS 08,75,108,4.0,Local industriel. commercial ou assimilé,271.0,0.0,400.0
20/10/2023,Vente,"135000000,00",75008.0,PARIS 08,75,108,4.0,Local industriel. commercial ou assimilé,93.0,0.0,400.0
20/10/2023,Vente,"135000000,00",75008.0,PARIS 08,75,108,4.0,Local industriel. commercial ou assimilé,220.0,0.0,400.0
20/10/2023,Vente,"135000000,00",75008.0,PARIS 08,75,108,4.0,Local industriel. commercial ou assimilé,30.0,0.0,400.0
20/10/2023,Vente,"135000000,00",75008.0,PARIS 08,75,108,3.0,Dépendance,0.0,0.0,400.0
20/10/2023,Vente,"135000000,00",75008.0,PARIS 08,75,108,4.0,Local industriel. commercial ou assimilé,280.0,0.0,400.0
20/10/2023,Vente,"135000000,00",75008.0,PARIS 08,75,108,4.0,Local industriel. commercial ou assimilé,0.0,0.0,400.0
20/10/2023,Vente,"135000000,00",75008.0,PARIS 08,75,108,2.0,Appartement,31.0,1.0,400.0
20/10/2023,Vente,"135000000,00",75008.0,PARIS 08,75,108,4.0,Local industriel. commercial ou assimilé,853.0,0.0,400.0
20/10/2023,Vente,"135000000,00",75008.0,PARIS 08,75,108,4.0,Local industriel. commercial ou assimilé,827.0,0.0,400.0
24/10/2023,Vente,"7500000,00",75010.0,PARIS 10,75,110,3.0,Dépendance,0.0,0.0,246.0
24/10/2023,Vente,"7500000,00",75010.0,PARIS 10,75,110,4.0,Local industriel. commercial ou assimilé,89.0,0.0,246.0
24/10/2023,Vente,"7500000,00",75010.0,PARIS 10,75,110,4.0,Local industriel. commercial ou assimilé,19.0,0.0,246.0
24/10/2023,Vente,"7500000,00",75010.0,PARIS 10,75,110,2.0,Appartement,49.0,3.0,246.0
24/10/2023,Vente,"7500000,00",75010.0,PARIS 10,75,110,2.0,Appartement,67.0,3.0,246.0
24/10/2023,Vente,"7500000,00",75010.0,PARIS 10,75,110,2.0,Appartement,65.0,3.0,246.0
24/10/2023,Vente,"7500000,00",75010.0,PARIS 10,75,110,2.0,Appartement,68.0,3.0,246.0
24/10/2023,Vente,"7500000,00",75010.0,PARIS 10,75,110,2.0,Appartement,66.0,3.0,246.0
24/10/2023,Vente,"7500000,00",75010.0,PARIS 10,75,110,2.0,Appartement,61.0,3.0,246.0
24/10/2023,Vente,"7500000,00",75010.0,PARIS 10,75,110,2.0,Appartement,63.0,3.0,246.0
24/10/2023,Vente,"7500000,00",75010.0,PARIS 10,75,110,2.0,Appartement,41.0,2.0,246.0
10/10/2023,Vente,"917000,00",75020.0,PARIS 20,75,120,1.0,Maison,92.0,4.0,116.0
08/11/2023,Vente,"1822450,00",75019.0,PARIS 19,75,119,1.0,Maison,165.0,5.0,97.0
20/10/2023,Vente,"2727500,00",75017.0,PARIS 17,75,117,1.0,Maison,202.0,9.0,175.0
31/10/2023,Vente,"10400000,00",75019.0,PARIS 19,75,119,2.0,Appartement,53.0,3.0,788.0
31/10/2023,Vente,"10400000,00",75019.0,PARIS 19,75,119,2.0,Appartement,40.0,2.0,788.0
31/10/2023,Vente,"10400000,00",75019.0,PARIS 19,75,119,2.0,Appartement,41.0,2.0,788.0
31/10/2023,Vente,"10400000,00",75019.0,PARIS 19,75,119,2.0,Appartement,39.0,2.0,788.0
31/10/2023,Vente,"10400000,00",75019.0,PARIS 19,75,119,4.0,Local industriel. commercial ou assimilé,120.0,0.0,788.0
31/10/2023,Vente,"10400000,00",75019.0,PARIS 19,75,119,3.0,Dépendance,0.0,0.0,788.0
31/10/2023,Vente,"10400000,00",75019.0,PARIS 19,75,119,2.0,Appartement,64.0,4.0,788.0
31/10/2023,Vente,"10400000,00",75019.0,PARIS 19,75,119,2.0,Appartement,51.0,2.0,788.0
31/10/2023,Vente,"10400000,00",75019.0,PARIS 19,75,119,2.0,Appartement,48.0,2.0,788.0
31/10/2023,Vente,"10400000,00",75019.0,PARIS 19,75,119,2.0,Appartement,63.0,3.0,788.0
31/10/2023,Vente,"10400000,00",75019.0,PARIS 19,75,119,2.0,Appartement,50.0,2.0,788.0
31/10/2023,Vente,"10400000,00",75019.0,PARIS 19,75,119,2.0,Appartement,64.0,3.0,788.0
31/10/2023,Vente,"10400000,00",75019.0,PARIS 19,75,119,2.0,Appartement,49.0,2.0,788.0
31/10/2023,Vente,"10400000,00",75019.0,PARIS 19,75,119,2.0,Appartement,30.0,2.0,788.0
31/10/2023,Vente,"10400000,00",75019.0,PARIS 19,75,119,2.0,Appartement,37.0,2.0,788.0
31/10/2023,Vente,"10400000,00",75019.0,PARIS 19,75,119,2.0,Appartement,34.0,1.0,788.0
31/10/2023,Vente,"10400000,00",75019.0,PARIS 19,75,119,2.0,Appartement,60.0,3.0,788.0
31/10/2023,Vente,"10400000,00",75019.0,PARIS 19,75,119,2.0,Appartement,62.0,3.0,788.0
10/11/2023,Vente,"15952501,00",75009.0,PARIS 09,75,109,4.0,Local industriel. commercial ou assimilé,221.0,0.0,286.0
10/11/2023,Vente,"15952501,00",75009.0,PARIS 09,75,109,4.0,Local industriel. commercial ou assimilé,262.0,0.0,286.0
10/11/2023,Vente,"15952501,00",75009.0,PARIS 09,75,109,4.0,Local industriel. commercial ou assimilé,174.0,0.0,286.0
10/11/2023,Vente,"15952501,00",75009.0,PARIS 09,75,109,4.0,Local industriel. commercial ou assimilé,165.0,0.0,286.0
10/11/2023,Vente,"15952501,00",75009.0,PARIS 09,75,109,4.0,Local industriel. commercial ou assimilé,161.0,0.0,286.0
03/11/2023,Vente,"14000000,00",75017.0,PARIS 17,75,117,2.0,Appartement,24.0,1.0,289.0
03/11/2023,Vente,"14000000,00",75017.0,PARIS 17,75,117,2.0,Appartement,76.0,4.0,289.0
03/11/2023,Vente,"14000000,00",75017.0,PARIS 17,75,117,4.0,Local industriel. commercial ou assimilé,59.0,0.0,289.0
03/11/2023,Vente,"14000000,00",75017.0,PARIS 17,75,117,2.0,Appartement,140.0,4.0,289.0
03/11/2023,Vente,"14000000,00",75017.0,PARIS 17,75,117,3.0,Dépendance,0.0,0.0,289.0
03/11/2023,Vente,"14000000,00",75017.0,PARIS 17,75,117,2.0,Appartement,200.0,7.0,289.0
03/11/2023,Vente,"14000000,00",75017.0,PARIS 17,75,117,2.0,Appartement,190.0,7.0,289.0
03/11/2023,Vente,"14000000,00",75017.0,PARIS 17,75,117,2.0,Appartement,148.0,5.0,289.0
03/11/2023,Vente,"14000000,00",75017.0,PARIS 17,75,117,2.0,Appartement,19.0,2.0,289.0
03/11/2023,Vente,"14000000,00",75017.0,PARIS 17,75,117,4.0,Local industriel. commercial ou assimilé,43.0,0.0,289.0
03/11/2023,Vente,"14000000,00",75017.0,PARIS 17,75,117,4.0,Local industriel. commercial ou assimilé,135.0,0.0,289.0
03/11/2023,Vente,"14000000,00",75017.0,PARIS 17,75,117,2.0,Appartement,12.0,1.0,289.0
03/11/2023,Vente,"14000000,00",75017.0,PARIS 17,75,117,2.0,Appartement,199.0,7.0,289.0
27/10/2023,Vente,"1020000,00",75019.0,PARIS 19,75,119,1.0,Maison,92.0,4.0,79.0
07/11/2023,Vente,"9000000,00",75018.0,PARIS 18,75,118,2.0,Appartement,54.0,2.0,1224.0
07/11/2023,Vente,"9000000,00",75018.0,PARIS 18,75,118,3.0,Dépendance,0.0,0.0,1224.0
07/11/2023,Vente,"9000000,00",75018.0,PARIS 18,75,118,2.0,Appartement,48.0,2.0,1224.0
07/11/2023,Vente,"9000000,00",75018.0,PARIS 18,75,118,2.0,Appartement,46.0,2.0,1224.0
07/11/2023,Vente,"9000000,00",75018.0,PARIS 18,75,118,2.0,Appartement,56.0,2.0,1224.0
07/11/2023,Vente,"9000000,00",75018.0,PARIS 18,75,118,2.0,Appartement,39.0,2.0,1224.0
07/11/2023,Vente,"9000000,00",75018.0,PARIS 18,75,118,2.0,Appartement,60.0,2.0,1224.0
07/11/2023,Vente,"9000000,00",75018.0,PARIS 18,75,118,2.0,Appartement,49.0,2.0,1224.0
07/11/2023,Vente,"9000000,00",75018.0,PARIS 18,75,118,2.0,Appartement,27.0,1.0,1224.0
07/11/2023,Vente,"9000000,00",75018.0,PARIS 18,75,118,2.0,Appartement,33.0,1.0,1224.0
07/11/2023,Vente,"9000000,00",75018.0,PARIS 18,75,118,2.0,Appartement,29.0,1.0,1224.0
07/11/2023,Vente,"9000000,00",75018.0,PARIS 18,75,118,2.0,Appartement,31.0,1.0,1224.0
07/11/2023,Vente,"9000000,00",75018.0,PARIS 18,75,118,2.0,Appartement,38.0,1.0,1224.0
07/11/2023,Vente,"9000000,00",75018.0,PARIS 18,75,118,2.0,Appartement,40.0,1.0,1224.0
07/11/2023,Vente,"9000000,00",75018.0,PARIS 18,75,118,2.0,Appartement,51.0,2.0,1224.0
07/11/2023,Vente,"9000000,00",75018.0,PARIS 18,75,118,2.0,Appartement,28.0,1.0,1224.0
07/11/2023,Vente,"9000000,00",75018.0,PARIS 18,75,118,2.0,Appartement,26.0,1.0,1224.0
07/11/2023,Vente,"9000000,00",75018.0,PARIS 18,75,118,2.0,Appartement,32.0,1.0,1224.0
07/11/2023,Vente,"9000000,00",75018.0,PARIS 18,75,118,2.0,Appartement,34.0,1.0,1224.0
07/11/2023,Vente,"9000000,00",75018.0,PARIS 18,75,118,2.0,Appartement,30.0,1.0,1224.0
07/11/2023,Vente,"9000000,00",75018.0,PARIS 18,75,118,2.0,Appartement,50.0,2.0,1224.0
07/11/2023,Vente,"9000000,00",75018.0,PARIS 18,75,118,2.0,Appartement,42.0,2.0,1224.0
19/10/2023,Vente,"158728992,00",75017.0,PARIS 17,75,117,4.0,Local industriel. commercial ou assimilé,8870.0,0.0,1316.0
19/10/2023,Vente,"158728992,00",75017.0,PARIS 17,75,117,4.0,Local industriel. commercial ou assimilé,440.0,0.0,354.0
16/11/2023,Vente,"1170000,00",75019.0,PARIS 19,75,119,1.0,Maison,78.0,3.0,65.0
24/10/2023,Vente,"2402500,00",75019.0,PARIS 19,75,119,1.0,Maison,120.0,4.0,126.0
09/11/2023,Vente,"4271500,00",75018.0,PARIS 18,75,118,1.0,Maison,200.0,6.0,145.0
22/11/2023,Vente,"4100000,00",75017.0,PARIS 17,75,117,2.0,Appartement,39.0,2.0,146.0
22/11/2023,Vente,"4100000,00",75017.0,PARIS 17,75,117,2.0,Appartement,41.0,3.0,146.0
22/11/2023,Vente,"4100000,00",75017.0,PARIS 17,75,117,2.0,Appartement,35.0,2.0,146.0
22/11/2023,Vente,"4100000,00",75017.0,PARIS 17,75,117,2.0,Appartement,14.0,1.0,146.0
22/11/2023,Vente,"4100000,00",75017.0,PARIS 17,75,117,2.0,Appartement,69.0,3.0,146.0
22/11/2023,Vente,"4100000,00",75017.0,PARIS 17,75,117,3.0,Dépendance,0.0,0.0,146.0
22/11/2023,Vente,"4100000,00",75017.0,PARIS 17,75,117,2.0,Appartement,56.0,3.0,146.0
22/11/2023,Vente,"4100000,00",75017.0,PARIS 17,75,117,2.0,Appartement,37.0,3.0,146.0
15/11/2023,Vente,"2630676,00",75018.0,PARIS 18,75,118,2.0,Appartement,46.0,2.0,1360.0
15/11/2023,Vente,"2630676,00",75018.0,PARIS 18,75,118,2.0,Appartement,30.0,1.0,1360.0
15/11/2023,Vente,"2630676,00",75018.0,PARIS 18,75,118,2.0,Appartement,31.0,1.0,1360.0
15/11/2023,Vente,"2630676,00",75018.0,PARIS 18,75,118,3.0,Dépendance,0.0,0.0,1360.0
15/11/2023,Vente,"2630676,00",75018.0,PARIS 18,75,118,2.0,Appartement,32.0,1.0,1360.0
15/11/2023,Vente,"2630676,00",75018.0,PARIS 18,75,118,2.0,Appartement,45.0,1.0,1360.0
15/11/2023,Vente,"2630676,00",75018.0,PARIS 18,75,118,2.0,Appartement,96.0,3.0,1360.0
15/11/2023,Vente,"2630676,00",75018.0,PARIS 18,75,118,2.0,Appartement,30.0,2.0,1360.0
15/11/2023,Vente,"2630676,00",75018.0,PARIS 18,75,118,2.0,Appartement,22.0,1.0,1360.0
15/11/2023,Vente,"198940,00",75018.0,PARIS 18,75,118,2.0,Appartement,30.0,1.0,407.0
15/11/2023,Vente,"198940,00",75018.0,PARIS 18,75,118,2.0,Appartement,31.0,1.0,407.0
15/11/2023,Vente,"198940,00",75018.0,PARIS 18,75,118,2.0,Appartement,22.0,1.0,407.0
15/11/2023,Vente,"198940,00",75018.0,PARIS 18,75,118,2.0,Appartement,47.0,2.0,407.0
15/11/2023,Vente,"198940,00",75018.0,PARIS 18,75,118,3.0,Dépendance,0.0,0.0,407.0
15/11/2023,Vente,"198940,00",75018.0,PARIS 18,75,118,2.0,Appartement,69.0,4.0,407.0
15/11/2023,Vente,"198940,00",75018.0,PARIS 18,75,118,2.0,Appartement,54.0,2.0,407.0
15/11/2023,Vente,"198940,00",75018.0,PARIS 18,75,118,2.0,Appartement,68.0,3.0,407.0
15/11/2023,Vente,"6146597,00",75018.0,PARIS 18,75,118,3.0,Dépendance,0.0,0.0,2760.0
15/11/2023,Vente,"6146597,00",75018.0,PARIS 18,75,118,2.0,Appartement,30.0,1.0,2760.0
15/11/2023,Vente,"6146597,00",75018.0,PARIS 18,75,118,2.0,Appartement,56.0,2.0,2760.0
15/11/2023,Vente,"6146597,00",75018.0,PARIS 18,75,118,2.0,Appartement,55.0,2.0,2760.0
15/11/2023,Vente,"6146597,00",75018.0,PARIS 18,75,118,2.0,Appartement,53.0,2.0,2760.0
15/11/2023,Vente,"6146597,00",75018.0,PARIS 18,75,118,2.0,Appartement,33.0,1.0,2760.0
15/11/2023,Vente,"6146597,00",75018.0,PARIS 18,75,118,2.0,Appartement,82.0,4.0,2760.0
15/11/2023,Vente,"6146597,00",75018.0,PARIS 18,75,118,2.0,Appartement,46.0,2.0,2760.0
15/11/2023,Vente,"6146597,00",75018.0,PARIS 18,75,118,2.0,Appartement,78.0,4.0,2760.0
15/11/2023,Vente,"6146597,00",75018.0,PARIS 18,75,118,2.0,Appartement,32.0,1.0,2760.0
15/11/2023,Vente,"6146597,00",75018.0,PARIS 18,75,118,2.0,Appartement,48.0,2.0,2760.0
15/11/2023,Vente,"6146597,00",75018.0,PARIS 18,75,118,2.0,Appartement,49.0,2.0,2760.0
15/11/2023,Vente,"6146597,00",75018.0,PARIS 18,75,118,2.0,Appartement,69.0,3.0,2760.0
15/11/2023,Vente,"6146597,00",75018.0,PARIS 18,75,118,2.0,Appartement,35.0,1.0,2760.0
15/11/2023,Vente,"6146597,00",75018.0,PARIS 18,75,118,2.0,Appartement,61.0,2.0,2760.0
15/11/2023,Vente,"6146597,00",75018.0,PARIS 18,75,118,2.0,Appartement,73.0,3.0,2760.0
15/11/2023,Vente,"6146597,00",75018.0,PARIS 18,75,118,2.0,Appartement,70.0,3.0,2760.0
15/11/2023,Vente,"6146597,00",75018.0,PARIS 18,75,118,2.0,Appartement,66.0,3.0,2760.0
15/11/2023,Vente,"6146597,00",75018.0,PARIS 18,75,118,2.0,Appartement,31.0,1.0,2760.0
15/11/2023,Vente,"6146597,00",75018.0,PARIS 18,75,118,2.0,Appartement,94.0,5.0,2760.0
15/11/2023,Vente,"6146597,00",75018.0,PARIS 18,75,118,2.0,Appartement,77.0,3.0,2760.0
15/11/2023,Vente,"6146597,00",75018.0,PARIS 18,75,118,2.0,Appartement,87.0,4.0,2760.0
15/11/2023,Vente,"6146597,00",75018.0,PARIS 18,75,118,2.0,Appartement,34.0,1.0,2760.0
15/11/2023,Vente,"6146597,00",75018.0,PARIS 18,75,118,2.0,Appartement,38.0,1.0,2760.0
15/11/2023,Vente,"6146597,00",75018.0,PARIS 18,75,118,2.0,Appartement,62.0,3.0,2760.0
15/11/2023,Vente,"6146597,00",75018.0,PARIS 18,75,118,2.0,Appartement,61.0,3.0,2760.0
15/11/2023,Vente,"6146597,00",75018.0,PARIS 18,75,118,2.0,Appartement,47.0,2.0,2760.0
15/11/2023,Vente,"6146597,00",75018.0,PARIS 18,75,118,4.0,Local industriel. commercial ou assimilé,136.0,0.0,2760.0
15/11/2023,Vente,"6146597,00",75018.0,PARIS 18,75,118,2.0,Appartement,112.0,5.0,2760.0
15/11/2023,Vente,"6146597,00",75018.0,PARIS 18,75,118,2.0,Appartement,54.0,2.0,2760.0
15/11/2023,Vente,"6146597,00",75018.0,PARIS 18,75,118,2.0,Appartement,41.0,1.0,2760.0
15/11/2023,Vente,"6146597,00",75018.0,PARIS 18,75,118,2.0,Appartement,51.0,2.0,2760.0
15/11/2023,Vente,"6146597,00",75018.0,PARIS 18,75,118,2.0,Appartement,50.0,2.0,2760.0
15/11/2023,Vente,"6146597,00",75018.0,PARIS 18,75,118,2.0,Appartement,36.0,1.0,2760.0
15/11/2023,Vente,"6146597,00",75018.0,PARIS 18,75,118,2.0,Appartement,57.0,2.0,2760.0
15/11/2023,Vente,"6146597,00",75018.0,PARIS 18,75,118,2.0,Appartement,83.0,4.0,2760.0
15/11/2023,Vente,"6146597,00",75018.0,PARIS 18,75,118,2.0,Appartement,80.0,4.0,2760.0
10/11/2023,Vente,"7500000,00",75020.0,PARIS 20,75,120,2.0,Appartement,28.0,2.0,211.0
10/11/2023,Vente,"7500000,00",75020.0,PARIS 20,75,120,2.0,Appartement,28.0,3.0,211.0
10/11/2023,Vente,"7500000,00",75020.0,PARIS 20,75,120,2.0,Appartement,33.0,2.0,211.0
10/11/2023,Vente,"7500000,00",75020.0,PARIS 20,75,120,2.0,Appartement,37.0,2.0,211.0
10/11/2023,Vente,"7500000,00",75020.0,PARIS 20,75,120,2.0,Appartement,39.0,2.0,211.0
10/11/2023,Vente,"7500000,00",75020.0,PARIS 20,75,120,2.0,Appartement,28.0,1.0,211.0
10/11/2023,Vente,"7500000,00",75020.0,PARIS 20,75,120,4.0,Local industriel. commercial ou assimilé,85.0,0.0,211.0
10/11/2023,Vente,"7500000,00",75020.0,PARIS 20,75,120,2.0,Appartement,22.0,1.0,211.0
10/11/2023,Vente,"7500000,00",75020.0,PARIS 20,75,120,4.0,Local industriel. commercial ou assimilé,43.0,0.0,211.0
10/11/2023,Vente,"7500000,00",75020.0,PARIS 20,75,120,3.0,Dépendance,0.0,0.0,211.0
10/11/2023,Vente,"7500000,00",75020.0,PARIS 20,75,120,2.0,Appartement,21.0,1.0,211.0
10/11/2023,Vente,"7500000,00",75020.0,PARIS 20,75,120,4.0,Local industriel. commercial ou assimilé,35.0,0.0,211.0
21/11/2023,Vente,"5000000,00",75009.0,PARIS 09,75,109,4.0,Local industriel. commercial ou assimilé,740.0,0.0,197.0
30/11/2023,Vente,"45500000,00",75001.0,PARIS 01,75,101,4.0,Local industriel. commercial ou assimilé,2162.0,0.0,355.0
24/11/2023,Vente,"3100000,00",75020.0,PARIS 20,75,120,3.0,Dépendance,0.0,0.0,247.0
24/11/2023,Vente,"3100000,00",75020.0,PARIS 20,75,120,2.0,Appartement,31.0,1.0,247.0
24/11/2023,Vente,"3100000,00",75020.0,PARIS 20,75,120,2.0,Appartement,40.0,3.0,247.0
24/11/2023,Vente,"3100000,00",75020.0,PARIS 20,75,120,2.0,Appartement,16.0,1.0,247.0
24/11/2023,Vente,"3100000,00",75020.0,PARIS 20,75,120,2.0,Appartement,88.0,4.0,247.0
24/11/2023,Vente,"3100000,00",75020.0,PARIS 20,75,120,2.0,Appartement,26.0,1.0,247.0
25/10/2023,Vente,"53500000,00",75008.0,PARIS 08,75,108,4.0,Local industriel. commercial ou assimilé,133.0,0.0,814.0
25/10/2023,Vente,"53500000,00",75008.0,PARIS 08,75,108,4.0,Local industriel. commercial ou assimilé,127.0,0.0,814.0
25/10/2023,Vente,"53500000,00",75008.0,PARIS 08,75,108,4.0,Local industriel. commercial ou assimilé,147.0,0.0,814.0
25/10/2023,Vente,"53500000,00",75008.0,PARIS 08,75,108,4.0,Local industriel. commercial ou assimilé,128.0,0.0,814.0
25/10/2023,Vente,"53500000,00",75008.0,PARIS 08,75,108,4.0,Local industriel. commercial ou assimilé,79.0,0.0,814.0
25/10/2023,Vente,"53500000,00",75008.0,PARIS 08,75,108,4.0,Local industriel. commercial ou assimilé,95.0,0.0,814.0
25/10/2023,Vente,"53500000,00",75008.0,PARIS 08,75,108,3.0,Dépendance,0.0,0.0,814.0
25/10/2023,Vente,"53500000,00",75008.0,PARIS 08,75,108,4.0,Local industriel. commercial ou assimilé,19.0,0.0,814.0
25/10/2023,Vente,"53500000,00",75008.0,PARIS 08,75,108,4.0,Local industriel. commercial ou assimilé,31.0,0.0,814.0
25/10/2023,Vente,"53500000,00",75008.0,PARIS 08,75,108,2.0,Appartement,33.0,3.0,814.0
25/10/2023,Vente,"53500000,00",75008.0,PARIS 08,75,108,4.0,Local industriel. commercial ou assimilé,140.0,0.0,814.0
25/10/2023,Vente,"53500000,00",75008.0,PARIS 08,75,108,4.0,Local industriel. commercial ou assimilé,148.0,0.0,814.0
25/10/2023,Vente,"53500000,00",75008.0,PARIS 08,75,108,4.0,Local industriel. commercial ou assimilé,129.0,0.0,814.0
25/10/2023,Vente,"53500000,00",75008.0,PARIS 08,75,108,4.0,Local industriel. commercial ou assimilé,130.0,0.0,814.0
25/10/2023,Vente,"53500000,00",75008.0,PARIS 08,75,108,4.0,Local industriel. commercial ou assimilé,123.0,0.0,814.0
25/10/2023,Vente,"53500000,00",75008.0,PARIS 08,75,108,4.0,Local industriel. commercial ou assimilé,10.0,0.0,814.0
25/10/2023,Vente,"53500000,00",75008.0,PARIS 08,75,108,4.0,Local industriel. commercial ou assimilé,114.0,0.0,814.0
25/10/2023,Vente,"53500000,00",75008.0,PARIS 08,75,108,4.0,Local industriel. commercial ou assimilé,20.0,0.0,814.0
25/10/2023,Vente,"53500000,00",75008.0,PARIS 08,75,108,4.0,Local industriel. commercial ou assimilé,70.0,0.0,814.0
25/10/2023,Vente,"53500000,00",75008.0,PARIS 08,75,108,4.0,Local industriel. commercial ou assimilé,105.0,0.0,814.0
25/10/2023,Vente,"53500000,00",75008.0,PARIS 08,75,108,4.0,Local industriel. commercial ou assimilé,266.0,0.0,814.0
25/10/2023,Vente,"53500000,00",75008.0,PARIS 08,75,108,4.0,Local industriel. commercial ou assimilé,276.0,0.0,814.0
25/10/2023,Vente,"53500000,00",75008.0,PARIS 08,75,108,4.0,Local industriel. commercial ou assimilé,149.0,0.0,814.0
25/10/2023,Vente,"53500000,00",75008.0,PARIS 08,75,108,4.0,Local industriel. commercial ou assimilé,116.0,0.0,814.0
25/10/2023,Vente,"53500000,00",75008.0,PARIS 08,75,108,4.0,Local industriel. commercial ou assimilé,12.0,0.0,814.0
27/11/2023,Vente,"5820000,00",75019.0,PARIS 19,75,119,4.0,Local industriel. commercial ou assimilé,435.0,0.0,444.0
27/11/2023,Vente,"5820000,00",75019.0,PARIS 19,75,119,4.0,Local industriel. commercial ou assimilé,305.0,0.0,444.0
24/11/2023,Vente,"4300000,00",75017.0,PARIS 17,75,117,2.0,Appartement,32.0,2.0,288.0
24/11/2023,Vente,"4300000,00",75017.0,PARIS 17,75,117,2.0,Appartement,13.0,1.0,288.0
24/11/2023,Vente,"4300000,00",75017.0,PARIS 17,75,117,2.0,Appartement,20.0,1.0,288.0
24/11/2023,Vente,"4300000,00",75017.0,PARIS 17,75,117,2.0,Appartement,18.0,1.0,288.0
24/11/2023,Vente,"4300000,00",75017.0,PARIS 17,75,117,2.0,Appartement,60.0,3.0,288.0
24/11/2023,Vente,"4300000,00",75017.0,PARIS 17,75,117,2.0,Appartement,53.0,3.0,288.0
24/11/2023,Vente,"4300000,00",75017.0,PARIS 17,75,117,2.0,Appartement,38.0,2.0,288.0
24/11/2023,Vente,"4300000,00",75017.0,PARIS 17,75,117,2.0,Appartement,54.0,3.0,288.0
24/11/2023,Vente,"4300000,00",75017.0,PARIS 17,75,117,3.0,Dépendance,0.0,0.0,288.0
24/11/2023,Vente,"4300000,00",75017.0,PARIS 17,75,117,2.0,Appartement,10.0,1.0,288.0
24/11/2023,Vente,"4300000,00",75017.0,PARIS 17,75,117,2.0,Appartement,24.0,1.0,288.0
24/11/2023,Vente,"4300000,00",75017.0,PARIS 17,75,117,2.0,Appartement,37.0,2.0,288.0
24/11/2023,Vente,"4300000,00",75017.0,PARIS 17,75,117,2.0,Appartement,45.0,3.0,288.0
24/11/2023,Vente,"4300000,00",75017.0,PARIS 17,75,117,2.0,Appartement,33.0,2.0,288.0
24/11/2023,Vente,"4300000,00",75017.0,PARIS 17,75,117,2.0,Appartement,34.0,2.0,288.0
29/11/2023,Vente,"40000000,00",75008.0,PARIS 08,75,108,2.0,Appartement,390.0,9.0,668.0
29/11/2023,Vente,"40000000,00",75008.0,PARIS 08,75,108,2.0,Appartement,158.0,8.0,668.0
29/11/2023,Vente,"40000000,00",75008.0,PARIS 08,75,108,4.0,Local industriel. commercial ou assimilé,452.0,0.0,668.0
29/11/2023,Vente,"40000000,00",75008.0,PARIS 08,75,108,4.0,Local industriel. commercial ou assimilé,488.0,0.0,668.0
29/11/2023,Vente,"40000000,00",75008.0,PARIS 08,75,108,4.0,Local industriel. commercial ou assimilé,441.0,0.0,668.0
29/11/2023,Vente,"40000000,00",75008.0,PARIS 08,75,108,2.0,Appartement,46.0,2.0,668.0
29/11/2023,Vente,"40000000,00",75008.0,PARIS 08,75,108,2.0,Appartement,32.0,1.0,668.0
29/11/2023,Vente,"40000000,00",75008.0,PARIS 08,75,108,4.0,Local industriel. commercial ou assimilé,80.0,0.0,668.0
29/11/2023,Vente,"40000000,00",75008.0,PARIS 08,75,108,4.0,Local industriel. commercial ou assimilé,220.0,0.0,668.0
29/11/2023,Vente,"40000000,00",75008.0,PARIS 08,75,108,4.0,Local industriel. commercial ou assimilé,30.0,0.0,668.0
29/11/2023,Vente,"40000000,00",75008.0,PARIS 08,75,108,4.0,Local industriel. commercial ou assimilé,41.0,0.0,668.0
29/11/2023,Vente,"40000000,00",75008.0,PARIS 08,75,108,3.0,Dépendance,0.0,0.0,668.0
29/11/2023,Vente,"40000000,00",75008.0,PARIS 08,75,108,2.0,Appartement,39.0,1.0,668.0
29/11/2023,Vente,"40000000,00",75008.0,PARIS 08,75,108,2.0,Appartement,90.0,5.0,668.0
29/11/2023,Vente,"40000000,00",75008.0,PARIS 08,75,108,2.0,Appartement,13.0,1.0,668.0
29/11/2023,Vente,"40000000,00",75008.0,PARIS 08,75,108,4.0,Local industriel. commercial ou assimilé,295.0,0.0,668.0
29/11/2023,Vente,"40000000,00",75008.0,PARIS 08,75,108,2.0,Appartement,100.0,2.0,668.0
01/12/2023,Vente,"2418150,00",75019.0,PARIS 19,75,119,1.0,Maison,269.0,8.0,273.0
01/12/2023,Vente,"4200000,00",75018.0,PARIS 18,75,118,2.0,Appartement,44.0,3.0,168.0
01/12/2023,Vente,"4200000,00",75018.0,PARIS 18,75,118,2.0,Appartement,43.0,2.0,168.0
01/12/2023,Vente,"4200000,00",75018.0,PARIS 18,75,118,2.0,Appartement,57.0,3.0,168.0
01/12/2023,Vente,"4200000,00",75018.0,PARIS 18,75,118,4.0,Local industriel. commercial ou assimilé,95.0,0.0,168.0
01/12/2023,Vente,"4200000,00",75018.0,PARIS 18,75,118,2.0,Appartement,43.0,3.0,168.0
01/12/2023,Vente,"4200000,00",75018.0,PARIS 18,75,118,2.0,Appartement,45.0,3.0,168.0
01/12/2023,Vente,"4200000,00",75018.0,PARIS 18,75,118,2.0,Appartement,52.0,3.0,168.0
01/12/2023,Vente,"4200000,00",75018.0,PARIS 18,75,118,2.0,Appartement,24.0,2.0,168.0
01/12/2023,Vente,"4200000,00",75018.0,PARIS 18,75,118,3.0,Dépendance,0.0,0.0,168.0
27/11/2023,Vente,"900000,00",75017.0,PARIS 17,75,117,4.0,Local industriel. commercial ou assimilé,298.0,0.0,126.0
27/11/2023,Vente,"2600000,00",75003.0,PARIS 03,75,103,4.0,Local industriel. commercial ou assimilé,923.0,0.0,151.0
27/11/2023,Vente,"2600000,00",75003.0,PARIS 03,75,103,4.0,Local industriel. commercial ou assimilé,72.0,0.0,151.0
16/11/2023,Vente,"3375000,00",75017.0,PARIS 17,75,117,3.0,Dépendance,0.0,0.0,191.0
16/11/2023,Vente,"3375000,00",75017.0,PARIS 17,75,117,2.0,Appartement,54.0,2.0,191.0
16/11/2023,Vente,"3375000,00",75017.0,PARIS 17,75,117,4.0,Local industriel. commercial ou assimilé,54.0,0.0,191.0
16/11/2023,Vente,"3375000,00",75017.0,PARIS 17,75,117,4.0,Local industriel. commercial ou assimilé,79.0,0.0,191.0
16/11/2023,Vente,"3375000,00",75017.0,PARIS 17,75,117,2.0,Appartement,56.0,3.0,191.0
16/11/2023,Vente,"3375000,00",75017.0,PARIS 17,75,117,2.0,Appartement,74.0,4.0,191.0
16/11/2023,Vente,"3375000,00",75017.0,PARIS 17,75,117,2.0,Appartement,77.0,4.0,191.0
16/11/2023,Vente,"3375000,00",75017.0,PARIS 17,75,117,2.0,Appartement,54.0,3.0,191.0
16/11/2023,Vente,"3375000,00",75017.0,PARIS 17,75,117,2.0,Appartement,77.0,3.0,191.0
16/11/2023,Vente,"3375000,00",75017.0,PARIS 17,75,117,2.0,Appartement,25.0,1.0,191.0
16/11/2023,Vente,"3375000,00",75017.0,PARIS 17,75,117,4.0,Local industriel. commercial ou assimilé,62.0,0.0,191.0
16/11/2023,Vente,"3375000,00",75017.0,PARIS 17,75,117,2.0,Appartement,52.0,3.0,191.0
16/11/2023,Vente,"3375000,00",75017.0,PARIS 17,75,117,2.0,Appartement,35.0,3.0,191.0
16/11/2023,Vente,"3375000,00",75017.0,PARIS 17,75,117,2.0,Appartement,7.0,1.0,191.0
16/11/2023,Vente,"3375000,00",75017.0,PARIS 17,75,117,4.0,Local industriel. commercial ou assimilé,88.0,0.0,191.0
30/11/2023,Vente,"22000000,00",75003.0,PARIS 03,75,103,3.0,Dépendance,0.0,0.0,647.0
30/11/2023,Vente,"22000000,00",75003.0,PARIS 03,75,103,4.0,Local industriel. commercial ou assimilé,169.0,0.0,647.0
30/11/2023,Vente,"22000000,00",75003.0,PARIS 03,75,103,4.0,Local industriel. commercial ou assimilé,41.0,0.0,647.0
30/11/2023,Vente,"22000000,00",75003.0,PARIS 03,75,103,2.0,Appartement,38.0,2.0,647.0
30/11/2023,Vente,"22000000,00",75003.0,PARIS 03,75,103,4.0,Local industriel. commercial ou assimilé,70.0,0.0,647.0
30/11/2023,Vente,"22000000,00",75003.0,PARIS 03,75,103,4.0,Local industriel. commercial ou assimilé,20.0,0.0,647.0
30/11/2023,Vente,"22000000,00",75003.0,PARIS 03,75,103,2.0,Appartement,73.0,4.0,647.0
30/11/2023,Vente,"22000000,00",75003.0,PARIS 03,75,103,2.0,Appartement,50.0,3.0,647.0
30/11/2023,Vente,"22000000,00",75003.0,PARIS 03,75,103,4.0,Local industriel. commercial ou assimilé,208.0,0.0,647.0
30/11/2023,Vente,"22000000,00",75003.0,PARIS 03,75,103,4.0,Local industriel. commercial ou assimilé,220.0,0.0,647.0
30/11/2023,Vente,"22000000,00",75003.0,PARIS 03,75,103,4.0,Local industriel. commercial ou assimilé,435.0,0.0,647.0
30/11/2023,Vente,"22000000,00",75003.0,PARIS 03,75,103,4.0,Local industriel. commercial ou assimilé,23.0,0.0,647.0
30/11/2023,Vente,"22000000,00",75003.0,PARIS 03,75,103,4.0,Local industriel. commercial ou assimilé,24.0,0.0,647.0
30/11/2023,Vente,"22000000,00",75003.0,PARIS 03,75,103,4.0,Local industriel. commercial ou assimilé,36.0,0.0,647.0
30/11/2023,Vente,"22000000,00",75003.0,PARIS 03,75,103,4.0,Local industriel. commercial ou assimilé,47.0,0.0,647.0
30/11/2023,Vente,"22000000,00",75003.0,PARIS 03,75,103,2.0,Appartement,18.0,1.0,201.0
30/11/2023,Vente,"22000000,00",75003.0,PARIS 03,75,103,2.0,Appartement,80.0,3.0,201.0
30/11/2023,Vente,"22000000,00",75003.0,PARIS 03,75,103,2.0,Appartement,40.0,2.0,201.0
30/11/2023,Vente,"22000000,00",75003.0,PARIS 03,75,103,2.0,Appartement,88.0,3.0,201.0
30/11/2023,Vente,"22000000,00",75003.0,PARIS 03,75,103,2.0,Appartement,20.0,1.0,201.0
30/11/2023,Vente,"22000000,00",75003.0,PARIS 03,75,103,4.0,Local industriel. commercial ou assimilé,115.0,0.0,201.0
30/11/2023,Vente,"22000000,00",75003.0,PARIS 03,75,103,4.0,Local industriel. commercial ou assimilé,41.0,0.0,201.0
30/11/2023,Vente,"22000000,00",75003.0,PARIS 03,75,103,2.0,Appartement,21.0,1.0,201.0
30/11/2023,Vente,"22000000,00",75003.0,PARIS 03,75,103,4.0,Local industriel. commercial ou assimilé,23.0,0.0,201.0
20/11/2023,Vente,"5400000,00",75003.0,PARIS 03,75,103,2.0,Appartement,16.0,1.0,216.0
20/11/2023,Vente,"5400000,00",75003.0,PARIS 03,75,103,2.0,Appartement,59.0,3.0,216.0
20/11/2023,Vente,"5400000,00",75003.0,PARIS 03,75,103,2.0,Appartement,46.0,2.0,216.0
20/11/2023,Vente,"5400000,00",75003.0,PARIS 03,75,103,2.0,Appartement,77.0,3.0,216.0
20/11/2023,Vente,"5400000,00",75003.0,PARIS 03,75,103,2.0,Appartement,27.0,2.0,216.0
20/11/2023,Vente,"5400000,00",75003.0,PARIS 03,75,103,2.0,Appartement,26.0,2.0,216.0
20/11/2023,Vente,"5400000,00",75003.0,PARIS 03,75,103,3.0,Dépendance,0.0,0.0,216.0
20/11/2023,Vente,"5400000,00",75003.0,PARIS 03,75,103,2.0,Appartement,49.0,3.0,216.0
20/11/2023,Vente,"5400000,00",75003.0,PARIS 03,75,103,4.0,Local industriel. commercial ou assimilé,394.0,0.0,216.0
23/11/2023,Echange,"3000000,00",75002.0,PARIS 02,75,102,4.0,Local industriel. commercial ou assimilé,7.0,0.0,281.0
23/11/2023,Echange,"3000000,00",75002.0,PARIS 02,75,102,4.0,Local industriel. commercial ou assimilé,8.0,0.0,281.0
23/11/2023,Echange,"3000000,00",75002.0,PARIS 02,75,102,4.0,Local industriel. commercial ou assimilé,148.0,0.0,281.0
23/11/2023,Echange,"3000000,00",75002.0,PARIS 02,75,102,4.0,Local industriel. commercial ou assimilé,160.0,0.0,281.0
23/11/2023,Echange,"3000000,00",75002.0,PARIS 02,75,102,4.0,Local industriel. commercial ou assimilé,341.0,0.0,281.0
23/11/2023,Echange,"3000000,00",75002.0,PARIS 02,75,102,4.0,Local industriel. commercial ou assimilé,106.0,0.0,281.0
13/12/2023,Vente,"43000000,00",75009.0,PARIS 09,75,109,4.0,Local industriel. commercial ou assimilé,4000.0,0.0,1003.0
13/12/2023,Vente,"43000000,00",75009.0,PARIS 09,75,109,4.0,Local industriel. commercial ou assimilé,605.0,0.0,1003.0
13/12/2023,Vente,"43000000,00",75009.0,PARIS 09,75,109,4.0,Local industriel. commercial ou assimilé,45.0,0.0,1003.0
13/12/2023,Vente,"43000000,00",75009.0,PARIS 09,75,109,4.0,Local industriel. commercial ou assimilé,40.0,0.0,1003.0
07/12/2023,Vente,"1200000,00",75010.0,PARIS 10,75,110,4.0,Local industriel. commercial ou assimilé,624.0,0.0,111.0
01/12/2023,Vente,"800000,00",75018.0,PARIS 18,75,118,4.0,Local industriel. commercial ou assimilé,105.0,0.0,106.0
13/12/2023,Vente,"3375000,00",75018.0,PARIS 18,75,118,4.0,Local industriel. commercial ou assimilé,1064.0,0.0,187.0
14/12/2023,Vente,"10600000,00",75004.0,PARIS 04,75,104,2.0,Appartement,15.0,1.0,214.0
14/12/2023,Vente,"10600000,00",75004.0,PARIS 04,75,104,2.0,Appartement,17.0,1.0,214.0
14/12/2023,Vente,"10600000,00",75004.0,PARIS 04,75,104,2.0,Appartement,21.0,2.0,214.0
14/12/2023,Vente,"10600000,00",75004.0,PARIS 04,75,104,2.0,Appartement,30.0,1.0,214.0
14/12/2023,Vente,"10600000,00",75004.0,PARIS 04,75,104,2.0,Appartement,22.0,1.0,214.0
14/12/2023,Vente,"10600000,00",75004.0,PARIS 04,75,104,2.0,Appartement,63.0,3.0,214.0
14/12/2023,Vente,"10600000,00",75004.0,PARIS 04,75,104,2.0,Appartement,51.0,2.0,214.0
14/12/2023,Vente,"10600000,00",75004.0,PARIS 04,75,104,2.0,Appartement,36.0,2.0,214.0
14/12/2023,Vente,"10600000,00",75004.0,PARIS 04,75,104,2.0,Appartement,19.0,1.0,214.0
14/12/2023,Vente,"10600000,00",75004.0,PARIS 04,75,104,2.0,Appartement,39.0,2.0,214.0
14/12/2023,Vente,"10600000,00",75004.0,PARIS 04,75,104,2.0,Appartement,53.0,2.0,214.0
14/12/2023,Vente,"10600000,00",75004.0,PARIS 04,75,104,2.0,Appartement,25.0,1.0,214.0
14/12/2023,Vente,"10600000,00",75004.0,PARIS 04,75,104,2.0,Appartement,23.0,2.0,214.0
14/12/2023,Vente,"10600000,00",75004.0,PARIS 04,75,104,2.0,Appartement,38.0,2.0,214.0
14/12/2023,Vente,"10600000,00",75004.0,PARIS 04,75,104,2.0,Appartement,75.0,2.0,214.0
14/12/2023,Vente,"10600000,00",75004.0,PARIS 04,75,104,4.0,Local industriel. commercial ou assimilé,17.0,0.0,214.0
14/12/2023,Vente,"10600000,00",75004.0,PARIS 04,75,104,4.0,Local industriel. commercial ou assimilé,164.0,0.0,214.0
14/12/2023,Vente,"10600000,00",75004.0,PARIS 04,75,104,4.0,Local industriel. commercial ou assimilé,350.0,0.0,214.0
14/12/2023,Vente,"10600000,00",75004.0,PARIS 04,75,104,2.0,Appartement,18.0,1.0,214.0
21/12/2023,Vente,"92596160,00",75001.0,PARIS 01,75,101,4.0,Local industriel. commercial ou assimilé,591.0,0.0,527.0
21/12/2023,Vente,"92596160,00",75001.0,PARIS 01,75,101,4.0,Local industriel. commercial ou assimilé,1926.0,0.0,527.0
21/12/2023,Vente,"9000000,00",75017.0,PARIS 17,75,117,3.0,Dépendance,0.0,0.0,561.0
21/12/2023,Vente,"9000000,00",75017.0,PARIS 17,75,117,2.0,Appartement,35.0,2.0,561.0
21/12/2023,Vente,"9000000,00",75017.0,PARIS 17,75,117,2.0,Appartement,378.0,5.0,561.0
21/12/2023,Vente,"9000000,00",75017.0,PARIS 17,75,117,2.0,Appartement,67.0,2.0,561.0
21/12/2023,Vente,"9000000,00",75017.0,PARIS 17,75,117,2.0,Appartement,277.0,3.0,561.0
01/12/2023,Vente,"538480,00",75018.0,PARIS 18,75,118,1.0,Maison,69.0,4.0,49.0
21/12/2023,Vente,"1571438,00",75018.0,PARIS 18,75,118,1.0,Maison,115.0,5.0,80.0
12/12/2023,Vente,"7000000,00",75002.0,PARIS 02,75,102,4.0,Local industriel. commercial ou assimilé,160.0,0.0,281.0
12/12/2023,Vente,"7000000,00",75002.0,PARIS 02,75,102,4.0,Local industriel. commercial ou assimilé,341.0,0.0,281.0
12/12/2023,Vente,"7000000,00",75002.0,PARIS 02,75,102,4.0,Local industriel. commercial ou assimilé,148.0,0.0,281.0
12/12/2023,Vente,"7000000,00",75002.0,PARIS 02,75,102,4.0,Local industriel. commercial ou assimilé,8.0,0.0,281.0
12/12/2023,Vente,"7000000,00",75002.0,PARIS 02,75,102,4.0,Local industriel. commercial ou assimilé,106.0,0.0,281.0
12/12/2023,Vente,"7000000,00",75002.0,PARIS 02,75,102,4.0,Local industriel. commercial ou assimilé,7.0,0.0,281.0
20/12/2023,Vente,"4950000,00",75020.0,PARIS 20,75,120,4.0,Local industriel. commercial ou assimilé,40.0,0.0,642.0
20/12/2023,Vente,"4950000,00",75020.0,PARIS 20,75,120,2.0,Appartement,29.0,1.0,642.0
20/12/2023,Vente,"4950000,00",75020.0,PARIS 20,75,120,2.0,Appartement,18.0,2.0,642.0
20/12/2023,Vente,"4950000,00",75020.0,PARIS 20,75,120,2.0,Appartement,12.0,1.0,642.0
20/12/2023,Vente,"4950000,00",75020.0,PARIS 20,75,120,2.0,Appartement,21.0,1.0,642.0
20/12/2023,Vente,"4950000,00",75020.0,PARIS 20,75,120,2.0,Appartement,21.0,2.0,642.0
20/12/2023,Vente,"4950000,00",75020.0,PARIS 20,75,120,2.0,Appartement,22.0,1.0,642.0
20/12/2023,Vente,"4950000,00",75020.0,PARIS 20,75,120,2.0,Appartement,24.0,1.0,642.0
20/12/2023,Vente,"4950000,00",75020.0,PARIS 20,75,120,2.0,Appartement,17.0,1.0,642.0
20/12/2023,Vente,"4950000,00",75020.0,PARIS 20,75,120,2.0,Appartement,15.0,1.0,642.0
20/12/2023,Vente,"4950000,00",75020.0,PARIS 20,75,120,4.0,Local industriel. commercial ou assimilé,192.0,0.0,642.0
20/12/2023,Vente,"4950000,00",75020.0,PARIS 20,75,120,2.0,Appartement,104.0,6.0,642.0
20/12/2023,Vente,"4950000,00",75020.0,PARIS 20,75,120,2.0,Appartement,25.0,2.0,642.0
20/12/2023,Vente,"4950000,00",75020.0,PARIS 20,75,120,2.0,Appartement,24.0,2.0,642.0
20/12/2023,Vente,"4950000,00",75020.0,PARIS 20,75,120,2.0,Appartement,32.0,2.0,642.0
20/12/2023,Vente,"4950000,00",75020.0,PARIS 20,75,120,2.0,Appartement,29.0,2.0,642.0
20/12/2023,Vente,"4950000,00",75020.0,PARIS 20,75,120,2.0,Appartement,19.0,1.0,642.0
20/12/2023,Vente,"4950000,00",75020.0,PARIS 20,75,120,2.0,Appartement,42.0,2.0,642.0
13/12/2023,Vente,"16000000,00",75019.0,PARIS 19,75,119,4.0,Local industriel. commercial ou assimilé,550.0,0.0,930.0
13/12/2023,Vente,"16000000,00",75019.0,PARIS 19,75,119,4.0,Local industriel. commercial ou assimilé,638.0,0.0,930.0
13/12/2023,Vente,"16000000,00",75019.0,PARIS 19,75,119,4.0,Local industriel. commercial ou assimilé,579.0,0.0,930.0
13/12/2023,Vente,"16000000,00",75019.0,PARIS 19,75,119,4.0,Local industriel. commercial ou assimilé,110.0,0.0,930.0
13/12/2023,Vente,"16000000,00",75019.0,PARIS 19,75,119,4.0,Local industriel. commercial ou assimilé,392.0,0.0,930.0
13/12/2023,Vente,"16000000,00",75019.0,PARIS 19,75,119,4.0,Local industriel. commercial ou assimilé,113.0,0.0,930.0
22/12/2023,Vente,"1818886,60",75001.0,PARIS 01,75,101,4.0,Local industriel. commercial ou assimilé,401.0,0.0,117.0
20/12/2023,Vente,"2000000,00",75020.0,PARIS 20,75,120,4.0,Local industriel. commercial ou assimilé,540.0,0.0,573.0
21/12/2023,Vente,"43000,00",75008.0,PARIS 08,75,108,3.0,Dépendance,0.0,0.0,248.0
21/12/2023,Vente,"43000,00",75008.0,PARIS 08,75,108,4.0,Local industriel. commercial ou assimilé,567.0,0.0,248.0
19/12/2023,Vente,"21000000,00",75002.0,PARIS 02,75,102,4.0,Local industriel. commercial ou assimilé,214.0,0.0,256.0
19/12/2023,Vente,"21000000,00",75002.0,PARIS 02,75,102,4.0,Local industriel. commercial ou assimilé,161.0,0.0,256.0
19/12/2023,Vente,"21000000,00",75002.0,PARIS 02,75,102,4.0,Local industriel. commercial ou assimilé,164.0,0.0,256.0
19/12/2023,Vente,"21000000,00",75002.0,PARIS 02,75,102,4.0,Local industriel. commercial ou assimilé,68.0,0.0,256.0
19/12/2023,Vente,"21000000,00",75002.0,PARIS 02,75,102,4.0,Local industriel. commercial ou assimilé,59.0,0.0,256.0
19/12/2023,Vente,"21000000,00",75002.0,PARIS 02,75,102,4.0,Local industriel. commercial ou assimilé,148.0,0.0,256.0
19/12/2023,Vente,"21000000,00",75002.0,PARIS 02,75,102,4.0,Local industriel. commercial ou assimilé,296.0,0.0,256.0
20/12/2023,Vente,"2350000,00",75018.0,PARIS 18,75,118,4.0,Local industriel. commercial ou assimilé,521.0,0.0,142.0
20/12/2023,Vente,"2350000,00",75018.0,PARIS 18,75,118,4.0,Local industriel. commercial ou assimilé,24.0,0.0,142.0
22/12/2023,Vente,"1373870,00",75020.0,PARIS 20,75,120,1.0,Maison,85.0,3.0,89.0
21/12/2023,Vente,"10750000,00",75018.0,PARIS 18,75,118,4.0,Local industriel. commercial ou assimilé,441.0,0.0,268.0
27/12/2023,Vente,"29000000,00",75004.0,PARIS 04,75,104,3.0,Dépendance,0.0,0.0,611.0
27/12/2023,Vente,"29000000,00",75004.0,PARIS 04,75,104,4.0,Local industriel. commercial ou assimilé,32.0,0.0,611.0
27/12/2023,Vente,"29000000,00",75004.0,PARIS 04,75,104,2.0,Appartement,45.0,2.0,611.0
27/12/2023,Vente,"29000000,00",75004.0,PARIS 04,75,104,2.0,Appartement,36.0,2.0,611.0
27/12/2023,Vente,"29000000,00",75004.0,PARIS 04,75,104,2.0,Appartement,42.0,2.0,611.0
27/12/2023,Vente,"29000000,00",75004.0,PARIS 04,75,104,2.0,Appartement,18.0,2.0,611.0
27/12/2023,Vente,"29000000,00",75004.0,PARIS 04,75,104,2.0,Appartement,30.0,1.0,611.0
27/12/2023,Vente,"29000000,00",75004.0,PARIS 04,75,104,2.0,Appartement,24.0,1.0,611.0
27/12/2023,Vente,"29000000,00",75004.0,PARIS 04,75,104,4.0,Local industriel. commercial ou assimilé,25.0,0.0,611.0
27/12/2023,Vente,"29000000,00",75004.0,PARIS 04,75,104,4.0,Local industriel. commercial ou assimilé,75.0,0.0,611.0
27/12/2023,Vente,"29000000,00",75004.0,PARIS 04,75,104,4.0,Local industriel. commercial ou assimilé,45.0,0.0,611.0
27/12/2023,Vente,"29000000,00",75004.0,PARIS 04,75,104,4.0,Local industriel. commercial ou assimilé,26.0,0.0,611.0
27/12/2023,Vente,"29000000,00",75004.0,PARIS 04,75,104,2.0,Appartement,12.0,1.0,611.0
27/12/2023,Vente,"29000000,00",75004.0,PARIS 04,75,104,2.0,Appartement,58.0,3.0,611.0
27/12/2023,Vente,"29000000,00",75004.0,PARIS 04,75,104,2.0,Appartement,150.0,4.0,611.0
27/12/2023,Vente,"29000000,00",75004.0,PARIS 04,75,104,2.0,Appartement,35.0,2.0,611.0
27/12/2023,Vente,"29000000,00",75004.0,PARIS 04,75,104,2.0,Appartement,26.0,3.0,611.0
27/12/2023,Vente,"29000000,00",75004.0,PARIS 04,75,104,2.0,Appartement,27.0,2.0,611.0
27/12/2023,Vente,"29000000,00",75004.0,PARIS 04,75,104,2.0,Appartement,32.0,2.0,611.0
27/12/2023,Vente,"29000000,00",75004.0,PARIS 04,75,104,2.0,Appartement,63.0,2.0,611.0
27/12/2023,Vente,"29000000,00",75004.0,PARIS 04,75,104,2.0,Appartement,68.0,3.0,611.0
27/12/2023,Vente,"29000000,00",75004.0,PARIS 04,75,104,2.0,Appartement,64.0,2.0,611.0
27/12/2023,Vente,"29000000,00",75004.0,PARIS 04,75,104,2.0,Appartement,63.0,3.0,611.0
27/12/2023,Vente,"29000000,00",75004.0,PARIS 04,75,104,2.0,Appartement,44.0,2.0,611.0
27/12/2023,Vente,"29000000,00",75004.0,PARIS 04,75,104,2.0,Appartement,64.0,3.0,611.0
27/12/2023,Vente,"29000000,00",75004.0,PARIS 04,75,104,2.0,Appartement,85.0,3.0,611.0
28/12/2023,Vente,"375000,00",75004.0,PARIS 04,75,104,4.0,Local industriel. commercial ou assimilé,1019.0,0.0,179.0
29/12/2023,Vente,"3100000,00",75018.0,PARIS 18,75,118,4.0,Local industriel. commercial ou assimilé,76.0,0.0,121.0
29/12/2023,Vente,"3100000,00",75018.0,PARIS 18,75,118,2.0,Appartement,30.0,1.0,121.0
29/12/2023,Vente,"3100000,00",75018.0,PARIS 18,75,118,2.0,Appartement,26.0,1.0,121.0
29/12/2023,Vente,"3100000,00",75018.0,PARIS 18,75,118,2.0,Appartement,27.0,1.0,121.0
29/12/2023,Vente,"3100000,00",75018.0,PARIS 18,75,118,2.0,Appartement,23.0,1.0,121.0
29/12/2023,Vente,"3100000,00",75018.0,PARIS 18,75,118,2.0,Appartement,45.0,3.0,121.0
21/12/2023,Vente,"3463000,00",75004.0,PARIS 04,75,104,2.0,Appartement,30.0,2.0,102.0
21/12/2023,Vente,"3463000,00",75004.0,PARIS 04,75,104,2.0,Appartement,40.0,3.0,102.0
21/12/2023,Vente,"3463000,00",75004.0,PARIS 04,75,104,2.0,Appartement,25.0,2.0,102.0
21/12/2023,Vente,"3463000,00",75004.0,PARIS 04,75,104,4.0,Local industriel. commercial ou assimilé,71.0,0.0,102.0
21/12/2023,Vente,"3463000,00",75004.0,PARIS 04,75,104,2.0,Appartement,24.0,2.0,102.0
21/12/2023,Vente,"3463000,00",75004.0,PARIS 04,75,104,2.0,Appartement,32.0,2.0,102.0
21/12/2023,Vente,"3463000,00",75004.0,PARIS 04,75,104,2.0,Appartement,22.0,2.0,102.0
21/12/2023,Vente,"3463000,00",75004.0,PARIS 04,75,104,4.0,Local industriel. commercial ou assimilé,75.0,0.0,102.0
28/12/2023,Vente,"1419300,00",75018.0,PARIS 18,75,118,1.0,Maison,260.0,6.0,120.0
29/12/2023,Vente,"1300000,00",75020.0,PARIS 20,75,120,3.0,Dépendance,0.0,0.0,263.0
11/12/2023,Vente,"6750000,00",75002.0,PARIS 02,75,102,4.0,Local industriel. commercial ou assimilé,205.0,0.0,166.0
11/12/2023,Vente,"6750000,00",75002.0,PARIS 02,75,102,4.0,Local industriel. commercial ou assimilé,653.0,0.0,166.0
29/12/2023,Vente,"2064600,00",75002.0,PARIS 02,75,102,4.0,Local industriel. commercial ou assimilé,85.0,0.0,131.0
29/12/2023,Vente,"2064600,00",75002.0,PARIS 02,75,102,4.0,Local industriel. commercial ou assimilé,44.0,0.0,131.0
29/12/2023,Vente,"2064600,00",75002.0,PARIS 02,75,102,4.0,Local industriel. commercial ou assimilé,119.0,0.0,131.0
29/12/2023,Vente,"2064600,00",75002.0,PARIS 02,75,102,2.0,Appartement,43.0,2.0,131.0
29/12/2023,Vente,"2064600,00",75002.0,PARIS 02,75,102,4.0,Local industriel. commercial ou assimilé,16.0,0.0,131.0
29/12/2023,Vente,"2064600,00",75002.0,PARIS 02,75,102,2.0,Appartement,34.0,2.0,131.0
29/12/2023,Vente,"2064600,00",75002.0,PARIS 02,75,102,4.0,Local industriel. commercial ou assimilé,83.0,0.0,131.0
29/12/2023,Vente,"2064600,00",75002.0,PARIS 02,75,102,2.0,Appartement,37.0,2.0,131.0
29/12/2023,Vente,"2064600,00",75002.0,PARIS 02,75,102,4.0,Local industriel. commercial ou assimilé,79.0,0.0,131.0
29/12/2023,Vente,"2064600,00",75002.0,PARIS 02,75,102,2.0,Appartement,55.0,2.0,131.0
29/12/2023,Vente,"2064600,00",75002.0,PARIS 02,75,102,4.0,Local industriel. commercial ou assimilé,84.0,0.0,131.0
12/01/2023,Vente,"5300000,00",75014.0,PARIS 14,75,114,4.0,Local industriel. commercial ou assimilé,700.0,0.0,257.0
13/01/2023,Vente,"2988200,00",75013.0,PARIS 13,75,113,4.0,Local industriel. commercial ou assimilé,50.0,0.0,137.0
13/01/2023,Vente,"2988200,00",75013.0,PARIS 13,75,113,3.0,Dépendance,0.0,0.0,137.0
13/01/2023,Vente,"2988200,00",75013.0,PARIS 13,75,113,2.0,Appartement,32.0,2.0,137.0
13/01/2023,Vente,"2988200,00",75013.0,PARIS 13,75,113,4.0,Local industriel. commercial ou assimilé,245.0,0.0,137.0
12/01/2023,Vente,"4100000,00",75016.0,PARIS 16,75,116,1.0,Maison,283.0,11.0,197.0
26/01/2023,Vente,"21300000,00",75007.0,PARIS 07,75,107,4.0,Local industriel. commercial ou assimilé,1087.0,0.0,382.0
23/01/2023,Vente,"2200000,00",75011.0,PARIS 11,75,111,2.0,Appartement,30.0,2.0,109.0
23/01/2023,Vente,"2200000,00",75011.0,PARIS 11,75,111,2.0,Appartement,65.0,2.0,109.0
23/01/2023,Vente,"2200000,00",75011.0,PARIS 11,75,111,4.0,Local industriel. commercial ou assimilé,81.0,0.0,109.0
23/01/2023,Vente,"2200000,00",75011.0,PARIS 11,75,111,2.0,Appartement,35.0,2.0,109.0
06/01/2023,Vente,"2280000,00",75014.0,PARIS 14,75,114,1.0,Maison,200.0,4.0,275.0
25/01/2023,Vente,"7000000,00",75012.0,PARIS 12,75,112,4.0,Local industriel. commercial ou assimilé,34.0,0.0,236.0
25/01/2023,Vente,"7000000,00",75012.0,PARIS 12,75,112,4.0,Local industriel. commercial ou assimilé,33.0,0.0,236.0
25/01/2023,Vente,"7000000,00",75012.0,PARIS 12,75,112,2.0,Appartement,41.0,2.0,236.0
25/01/2023,Vente,"7000000,00",75012.0,PARIS 12,75,112,2.0,Appartement,46.0,3.0,236.0
25/01/2023,Vente,"7000000,00",75012.0,PARIS 12,75,112,2.0,Appartement,52.0,3.0,236.0
25/01/2023,Vente,"7000000,00",75012.0,PARIS 12,75,112,2.0,Appartement,47.0,3.0,236.0
25/01/2023,Vente,"7000000,00",75012.0,PARIS 12,75,112,2.0,Appartement,42.0,2.0,236.0
25/01/2023,Vente,"7000000,00",75012.0,PARIS 12,75,112,3.0,Dépendance,0.0,0.0,236.0
25/01/2023,Vente,"7000000,00",75012.0,PARIS 12,75,112,2.0,Appartement,40.0,2.0,236.0
25/01/2023,Vente,"7000000,00",75012.0,PARIS 12,75,112,2.0,Appartement,34.0,2.0,236.0
25/01/2023,Vente,"7000000,00",75012.0,PARIS 12,75,112,2.0,Appartement,32.0,2.0,236.0
25/01/2023,Vente,"7000000,00",75012.0,PARIS 12,75,112,2.0,Appartement,30.0,2.0,236.0
25/01/2023,Vente,"7000000,00",75012.0,PARIS 12,75,112,2.0,Appartement,15.0,1.0,236.0
25/01/2023,Vente,"7000000,00",75012.0,PARIS 12,75,112,4.0,Local industriel. commercial ou assimilé,26.0,0.0,236.0
27/01/2023,Vente,"22765000,00",75016.0,PARIS 16,75,116,1.0,Maison,985.0,11.0,1394.0
23/01/2023,Vente,"2016000,00",75011.0,PARIS 11,75,111,4.0,Local industriel. commercial ou assimilé,600.0,0.0,107.0
23/01/2023,Vente,"2016000,00",75011.0,PARIS 11,75,111,2.0,Appartement,25.0,2.0,107.0
01/02/2023,Vente,"2100000,00",75011.0,PARIS 11,75,111,4.0,Local industriel. commercial ou assimilé,423.0,0.0,263.0
17/01/2023,Vente,"1171200,00",75016.0,PARIS 16,75,116,1.0,Maison,68.0,3.0,93.0
27/01/2023,Vente,"2900000,00",75015.0,PARIS 15,75,115,4.0,Local industriel. commercial ou assimilé,301.0,0.0,124.0
27/01/2023,Vente,"2900000,00",75015.0,PARIS 15,75,115,4.0,Local industriel. commercial ou assimilé,0.0,0.0,124.0
30/01/2023,Vente,"1000000,00",75015.0,PARIS 15,75,115,1.0,Maison,65.0,4.0,102.0
06/02/2023,Vente,"1380000,00",75013.0,PARIS 13,75,113,1.0,Maison,72.0,5.0,77.0
24/01/2023,Vente,"70000000,00",75016.0,PARIS 16,75,116,2.0,Appartement,159.0,3.0,1530.0
24/01/2023,Vente,"70000000,00",75016.0,PARIS 16,75,116,3.0,Dépendance,0.0,0.0,1530.0
24/01/2023,Vente,"70000000,00",75016.0,PARIS 16,75,116,2.0,Appartement,72.0,2.0,1530.0
24/01/2023,Vente,"70000000,00",75016.0,PARIS 16,75,116,2.0,Appartement,56.0,1.0,1530.0
24/01/2023,Vente,"70000000,00",75016.0,PARIS 16,75,116,2.0,Appartement,71.0,1.0,1530.0
24/01/2023,Vente,"70000000,00",75016.0,PARIS 16,75,116,2.0,Appartement,75.0,2.0,1530.0
24/01/2023,Vente,"70000000,00",75016.0,PARIS 16,75,116,2.0,Appartement,64.0,2.0,1530.0
24/01/2023,Vente,"70000000,00",75016.0,PARIS 16,75,116,4.0,Local industriel. commercial ou assimilé,64.0,0.0,1530.0
24/01/2023,Vente,"70000000,00",75016.0,PARIS 16,75,116,2.0,Appartement,61.0,2.0,1530.0
24/01/2023,Vente,"70000000,00",75016.0,PARIS 16,75,116,2.0,Appartement,284.0,6.0,1530.0
24/01/2023,Vente,"70000000,00",75016.0,PARIS 16,75,116,2.0,Appartement,146.0,2.0,1530.0
24/01/2023,Vente,"70000000,00",75016.0,PARIS 16,75,116,4.0,Local industriel. commercial ou assimilé,66.0,0.0,1530.0
24/01/2023,Vente,"70000000,00",75016.0,PARIS 16,75,116,2.0,Appartement,80.0,2.0,1530.0
24/01/2023,Vente,"70000000,00",75016.0,PARIS 16,75,116,2.0,Appartement,87.0,3.0,1530.0
24/01/2023,Vente,"70000000,00",75016.0,PARIS 16,75,116,2.0,Appartement,126.0,3.0,1530.0
24/01/2023,Vente,"70000000,00",75016.0,PARIS 16,75,116,2.0,Appartement,273.0,3.0,1530.0
24/01/2023,Vente,"70000000,00",75016.0,PARIS 16,75,116,2.0,Appartement,108.0,2.0,1530.0
24/01/2023,Vente,"70000000,00",75016.0,PARIS 16,75,116,2.0,Appartement,68.0,2.0,1530.0
24/01/2023,Vente,"70000000,00",75016.0,PARIS 16,75,116,2.0,Appartement,104.0,4.0,1530.0
24/01/2023,Vente,"70000000,00",75016.0,PARIS 16,75,116,2.0,Appartement,115.0,4.0,1530.0
24/01/2023,Vente,"70000000,00",75016.0,PARIS 16,75,116,2.0,Appartement,103.0,3.0,1530.0
24/01/2023,Vente,"70000000,00",75016.0,PARIS 16,75,116,4.0,Local industriel. commercial ou assimilé,219.0,0.0,1530.0
24/01/2023,Vente,"70000000,00",75016.0,PARIS 16,75,116,2.0,Appartement,116.0,3.0,1530.0
24/01/2023,Vente,"70000000,00",75016.0,PARIS 16,75,116,2.0,Appartement,57.0,2.0,1530.0
24/01/2023,Vente,"70000000,00",75016.0,PARIS 16,75,116,2.0,Appartement,152.0,4.0,1530.0
24/01/2023,Vente,"70000000,00",75016.0,PARIS 16,75,116,2.0,Appartement,67.0,2.0,1530.0
24/01/2023,Vente,"70000000,00",75016.0,PARIS 16,75,116,2.0,Appartement,123.0,3.0,1530.0
24/01/2023,Vente,"70000000,00",75016.0,PARIS 16,75,116,2.0,Appartement,125.0,2.0,1530.0
24/01/2023,Vente,"70000000,00",75016.0,PARIS 16,75,116,2.0,Appartement,222.0,6.0,1530.0
24/01/2023,Vente,"70000000,00",75016.0,PARIS 16,75,116,2.0,Appartement,74.0,2.0,1530.0
24/01/2023,Vente,"70000000,00",75016.0,PARIS 16,75,116,2.0,Appartement,76.0,2.0,1530.0
24/01/2023,Vente,"70000000,00",75016.0,PARIS 16,75,116,2.0,Appartement,62.0,2.0,1530.0
24/01/2023,Vente,"70000000,00",75016.0,PARIS 16,75,116,2.0,Appartement,284.0,5.0,1530.0
27/01/2023,Vente,"14785000,00",75015.0,PARIS 15,75,115,3.0,Dépendance,0.0,0.0,670.0
27/01/2023,Vente,"14785000,00",75015.0,PARIS 15,75,115,2.0,Appartement,45.0,3.0,670.0
27/01/2023,Vente,"14785000,00",75015.0,PARIS 15,75,115,4.0,Local industriel. commercial ou assimilé,139.0,0.0,670.0
27/01/2023,Vente,"14785000,00",75015.0,PARIS 15,75,115,4.0,Local industriel. commercial ou assimilé,219.0,0.0,670.0
27/01/2023,Vente,"14785000,00",75015.0,PARIS 15,75,115,2.0,Appartement,47.0,2.0,670.0
27/01/2023,Vente,"14785000,00",75015.0,PARIS 15,75,115,2.0,Appartement,33.0,2.0,670.0
27/01/2023,Vente,"14785000,00",75015.0,PARIS 15,75,115,4.0,Local industriel. commercial ou assimilé,0.0,0.0,670.0
27/01/2023,Vente,"14785000,00",75015.0,PARIS 15,75,115,2.0,Appartement,50.0,3.0,670.0
27/01/2023,Vente,"14785000,00",75015.0,PARIS 15,75,115,2.0,Appartement,30.0,1.0,670.0
27/01/2023,Vente,"14785000,00",75015.0,PARIS 15,75,115,2.0,Appartement,47.0,3.0,670.0
27/01/2023,Vente,"14785000,00",75015.0,PARIS 15,75,115,2.0,Appartement,43.0,3.0,670.0
27/01/2023,Vente,"14785000,00",75015.0,PARIS 15,75,115,2.0,Appartement,72.0,4.0,670.0
27/01/2023,Vente,"14785000,00",75015.0,PARIS 15,75,115,2.0,Appartement,48.0,3.0,670.0
27/01/2023,Vente,"14785000,00",75015.0,PARIS 15,75,115,2.0,Appartement,38.0,3.0,670.0
27/01/2023,Vente,"14785000,00",75015.0,PARIS 15,75,115,2.0,Appartement,41.0,2.0,670.0
27/01/2023,Vente,"14785000,00",75015.0,PARIS 15,75,115,2.0,Appartement,39.0,3.0,670.0
27/01/2023,Vente,"14785000,00",75015.0,PARIS 15,75,115,2.0,Appartement,36.0,2.0,670.0
27/01/2023,Vente,"14785000,00",75015.0,PARIS 15,75,115,2.0,Appartement,39.0,2.0,670.0
27/01/2023,Vente,"14785000,00",75015.0,PARIS 15,75,115,2.0,Appartement,35.0,2.0,670.0
27/01/2023,Vente,"14785000,00",75015.0,PARIS 15,75,115,2.0,Appartement,46.0,3.0,670.0
27/01/2023,Vente,"14785000,00",75015.0,PARIS 15,75,115,2.0,Appartement,48.0,1.0,670.0
15/02/2023,Vente,"2110000,00",75012.0,PARIS 12,75,112,1.0,Maison,180.0,7.0,160.0
03/02/2023,Vente,"3600,00",75014.0,PARIS 14,75,114,3.0,Dépendance,0.0,0.0,1980.0
03/02/2023,Vente,"3600,00",75014.0,PARIS 14,75,114,2.0,Appartement,20.0,1.0,1980.0
21/02/2023,Vente,"6500000,00",75016.0,PARIS 16,75,116,1.0,Maison,350.0,6.0,176.0
24/02/2023,Vente,"1511100,00",75013.0,PARIS 13,75,113,1.0,Maison,104.0,5.0,107.0
24/02/2023,Vente,"1511100,00",75013.0,PARIS 13,75,113,3.0,Dépendance,0.0,0.0,107.0
28/02/2023,Vente,"20000000,00",75006.0,PARIS 06,75,106,2.0,Appartement,82.0,2.0,197.0
28/02/2023,Vente,"20000000,00",75006.0,PARIS 06,75,106,2.0,Appartement,50.0,3.0,197.0
28/02/2023,Vente,"20000000,00",75006.0,PARIS 06,75,106,2.0,Appartement,32.0,2.0,197.0
28/02/2023,Vente,"20000000,00",75006.0,PARIS 06,75,106,4.0,Local industriel. commercial ou assimilé,38.0,0.0,197.0
28/02/2023,Vente,"20000000,00",75006.0,PARIS 06,75,106,4.0,Local industriel. commercial ou assimilé,176.0,0.0,197.0
28/02/2023,Vente,"20000000,00",75006.0,PARIS 06,75,106,2.0,Appartement,49.0,3.0,197.0
28/02/2023,Vente,"20000000,00",75006.0,PARIS 06,75,106,3.0,Dépendance,0.0,0.0,197.0
28/02/2023,Vente,"20000000,00",75006.0,PARIS 06,75,106,2.0,Appartement,34.0,2.0,197.0
21/02/2023,Vente,"8300000,00",75016.0,PARIS 16,75,116,4.0,Local industriel. commercial ou assimilé,409.0,0.0,174.0
10/03/2023,Vente,"1848648,00",75016.0,PARIS 16,75,116,4.0,Local industriel. commercial ou assimilé,9.0,0.0,86.0
10/03/2023,Vente,"1848648,00",75016.0,PARIS 16,75,116,1.0,Maison,161.0,5.0,86.0
27/02/2023,Vente,"1846000,00",75013.0,PARIS 13,75,113,1.0,Maison,145.0,6.0,97.0
24/02/2023,Vente,"1535000,00",75014.0,PARIS 14,75,114,4.0,Local industriel. commercial ou assimilé,32.0,0.0,107.0
24/02/2023,Vente,"1535000,00",75014.0,PARIS 14,75,114,1.0,Maison,70.0,4.0,107.0
14/03/2023,Vente,"9100000,00",75011.0,PARIS 11,75,111,4.0,Local industriel. commercial ou assimilé,719.0,0.0,491.0
14/03/2023,Vente,"9100000,00",75011.0,PARIS 11,75,111,2.0,Appartement,26.0,2.0,491.0
14/03/2023,Vente,"9100000,00",75011.0,PARIS 11,75,111,2.0,Appartement,38.0,2.0,491.0
14/03/2023,Vente,"9100000,00",75011.0,PARIS 11,75,111,2.0,Appartement,29.0,1.0,491.0
14/03/2023,Vente,"9100000,00",75011.0,PARIS 11,75,111,2.0,Appartement,20.0,2.0,491.0
14/03/2023,Vente,"9100000,00",75011.0,PARIS 11,75,111,2.0,Appartement,123.0,5.0,491.0
14/03/2023,Vente,"9100000,00",75011.0,PARIS 11,75,111,3.0,Dépendance,0.0,0.0,491.0
14/03/2023,Vente,"9100000,00",75011.0,PARIS 11,75,111,2.0,Appartement,21.0,1.0,491.0
14/03/2023,Vente,"9100000,00",75011.0,PARIS 11,75,111,2.0,Appartement,18.0,1.0,491.0
14/03/2023,Vente,"9100000,00",75011.0,PARIS 11,75,111,2.0,Appartement,85.0,3.0,491.0
14/03/2023,Vente,"9100000,00",75011.0,PARIS 11,75,111,2.0,Appartement,17.0,1.0,491.0
14/03/2023,Vente,"9100000,00",75011.0,PARIS 11,75,111,2.0,Appartement,28.0,1.0,491.0
14/03/2023,Vente,"9100000,00",75011.0,PARIS 11,75,111,2.0,Appartement,16.0,1.0,491.0
14/03/2023,Vente,"9100000,00",75011.0,PARIS 11,75,111,2.0,Appartement,32.0,2.0,491.0
06/03/2023,Vente,"3300000,00",75014.0,PARIS 14,75,114,4.0,Local industriel. commercial ou assimilé,250.0,0.0,223.0
24/03/2023,Vente,"1160000,00",75016.0,PARIS 16,75,116,1.0,Maison,78.0,3.0,81.0
28/02/2023,Vente,"6200000,00",75011.0,PARIS 11,75,111,4.0,Local industriel. commercial ou assimilé,553.0,0.0,146.0
28/02/2023,Vente,"6200000,00",75011.0,PARIS 11,75,111,2.0,Appartement,30.0,2.0,146.0
16/03/2023,Vente,"6950000,00",75015.0,PARIS 15,75,115,2.0,Appartement,71.0,3.0,369.0
16/03/2023,Vente,"6950000,00",75015.0,PARIS 15,75,115,3.0,Dépendance,0.0,0.0,369.0
16/03/2023,Vente,"6950000,00",75015.0,PARIS 15,75,115,2.0,Appartement,46.0,3.0,369.0
16/03/2023,Vente,"6950000,00",75015.0,PARIS 15,75,115,2.0,Appartement,24.0,2.0,369.0
16/03/2023,Vente,"6950000,00",75015.0,PARIS 15,75,115,2.0,Appartement,29.0,2.0,369.0
16/03/2023,Vente,"6950000,00",75015.0,PARIS 15,75,115,2.0,Appartement,31.0,2.0,369.0
16/03/2023,Vente,"6950000,00",75015.0,PARIS 15,75,115,2.0,Appartement,35.0,2.0,369.0
16/03/2023,Vente,"6950000,00",75015.0,PARIS 15,75,115,2.0,Appartement,71.0,4.0,369.0
16/03/2023,Vente,"6950000,00",75015.0,PARIS 15,75,115,2.0,Appartement,35.0,3.0,369.0
16/03/2023,Vente,"6950000,00",75015.0,PARIS 15,75,115,2.0,Appartement,70.0,4.0,369.0
16/03/2023,Vente,"6950000,00",75015.0,PARIS 15,75,115,2.0,Appartement,73.0,4.0,369.0
16/03/2023,Vente,"6950000,00",75015.0,PARIS 15,75,115,4.0,Local industriel. commercial ou assimilé,50.0,0.0,369.0
16/03/2023,Vente,"6950000,00",75015.0,PARIS 15,75,115,4.0,Local industriel. commercial ou assimilé,43.0,0.0,369.0
16/03/2023,Vente,"6950000,00",75015.0,PARIS 15,75,115,2.0,Appartement,15.0,1.0,369.0
31/03/2023,Vente,"45098848,00",75011.0,PARIS 11,75,111,4.0,Local industriel. commercial ou assimilé,2543.0,0.0,359.0
10/03/2023,Vente,"6650000,00",75006.0,PARIS 06,75,106,4.0,Local industriel. commercial ou assimilé,210.0,0.0,98.0
21/03/2023,Vente,"6950000,00",75015.0,PARIS 15,75,115,3.0,Dépendance,0.0,0.0,369.0
21/03/2023,Vente,"6950000,00",75015.0,PARIS 15,75,115,2.0,Appartement,15.0,1.0,369.0
21/03/2023,Vente,"6950000,00",75015.0,PARIS 15,75,115,4.0,Local industriel. commercial ou assimilé,43.0,0.0,369.0
21/03/2023,Vente,"6950000,00",75015.0,PARIS 15,75,115,4.0,Local industriel. commercial ou assimilé,50.0,0.0,369.0
21/03/2023,Vente,"6950000,00",75015.0,PARIS 15,75,115,2.0,Appartement,35.0,2.0,369.0
21/03/2023,Vente,"6950000,00",75015.0,PARIS 15,75,115,2.0,Appartement,73.0,4.0,369.0
21/03/2023,Vente,"6950000,00",75015.0,PARIS 15,75,115,2.0,Appartement,35.0,3.0,369.0
21/03/2023,Vente,"6950000,00",75015.0,PARIS 15,75,115,2.0,Appartement,46.0,3.0,369.0
21/03/2023,Vente,"6950000,00",75015.0,PARIS 15,75,115,2.0,Appartement,29.0,2.0,369.0
21/03/2023,Vente,"6950000,00",75015.0,PARIS 15,75,115,2.0,Appartement,24.0,2.0,369.0
21/03/2023,Vente,"6950000,00",75015.0,PARIS 15,75,115,2.0,Appartement,70.0,4.0,369.0
21/03/2023,Vente,"6950000,00",75015.0,PARIS 15,75,115,2.0,Appartement,71.0,4.0,369.0
21/03/2023,Vente,"6950000,00",75015.0,PARIS 15,75,115,2.0,Appartement,71.0,3.0,369.0
21/03/2023,Vente,"6950000,00",75015.0,PARIS 15,75,115,2.0,Appartement,31.0,2.0,369.0
25/01/2023,Expropriation,"2110500,00",75014.0,PARIS 14,75,114,4.0,Local industriel. commercial ou assimilé,205.0,0.0,88.0
31/03/2023,Vente,"1600000,00",75015.0,PARIS 15,75,115,2.0,Appartement,23.0,1.0,134.0
31/03/2023,Vente,"1600000,00",75015.0,PARIS 15,75,115,3.0,Dépendance,0.0,0.0,134.0
31/03/2023,Vente,"1600000,00",75015.0,PARIS 15,75,115,4.0,Local industriel. commercial ou assimilé,84.0,0.0,134.0
31/03/2023,Vente,"1600000,00",75015.0,PARIS 15,75,115,4.0,Local industriel. commercial ou assimilé,25.0,0.0,134.0
31/03/2023,Vente,"1600000,00",75015.0,PARIS 15,75,115,2.0,Appartement,24.0,2.0,134.0
31/03/2023,Vente,"1600000,00",75015.0,PARIS 15,75,115,2.0,Appartement,75.0,3.0,134.0
16/03/2023,Vente,"10500000,00",75012.0,PARIS 12,75,112,4.0,Local industriel. commercial ou assimilé,5560.0,0.0,1667.0
06/04/2023,Vente,"1290000,00",75012.0,PARIS 12,75,112,1.0,Maison,98.0,6.0,120.0
13/04/2023,Vente,"1390000,00",75013.0,PARIS 13,75,113,2.0,Appartement,42.0,2.0,210.0
13/04/2023,Vente,"1390000,00",75013.0,PARIS 13,75,113,3.0,Dépendance,0.0,0.0,210.0
13/04/2023,Vente,"1390000,00",75013.0,PARIS 13,75,113,2.0,Appartement,34.0,2.0,210.0
13/04/2023,Vente,"1390000,00",75013.0,PARIS 13,75,113,2.0,Appartement,40.0,2.0,210.0
13/04/2023,Vente,"1390000,00",75013.0,PARIS 13,75,113,2.0,Appartement,42.0,3.0,210.0
13/04/2023,Vente,"1390000,00",75013.0,PARIS 13,75,113,4.0,Local industriel. commercial ou assimilé,171.0,0.0,210.0
13/04/2023,Vente,"1390000,00",75013.0,PARIS 13,75,113,2.0,Appartement,32.0,2.0,210.0
03/04/2023,Vente,"36100000,00",75011.0,PARIS 11,75,111,4.0,Local industriel. commercial ou assimilé,5460.0,0.0,1301.0
31/03/2023,Vente,"2075000,00",75014.0,PARIS 14,75,114,1.0,Maison,165.0,7.0,160.0
31/03/2023,Vente,"2075000,00",75014.0,PARIS 14,75,114,3.0,Dépendance,0.0,0.0,160.0
31/03/2023,Vente,"2075000,00",75014.0,PARIS 14,75,114,1.0,Maison,9.0,1.0,160.0
14/04/2023,Vente,"1270000,00",75011.0,PARIS 11,75,111,2.0,Appartement,32.0,2.0,277.0
14/04/2023,Vente,"1270000,00",75011.0,PARIS 11,75,111,2.0,Appartement,25.0,1.0,277.0
14/04/2023,Vente,"1270000,00",75011.0,PARIS 11,75,111,2.0,Appartement,82.0,4.0,277.0
14/04/2023,Vente,"1270000,00",75011.0,PARIS 11,75,111,2.0,Appartement,33.0,2.0,277.0
14/04/2023,Vente,"1270000,00",75011.0,PARIS 11,75,111,2.0,Appartement,36.0,2.0,277.0
14/04/2023,Vente,"1270000,00",75011.0,PARIS 11,75,111,3.0,Dépendance,0.0,0.0,277.0
14/04/2023,Vente,"1270000,00",75011.0,PARIS 11,75,111,4.0,Local industriel. commercial ou assimilé,48.0,0.0,277.0
14/04/2023,Vente,"1270000,00",75011.0,PARIS 11,75,111,4.0,Local industriel. commercial ou assimilé,27.0,0.0,277.0
14/04/2023,Vente,"1270000,00",75011.0,PARIS 11,75,111,2.0,Appartement,46.0,2.0,277.0
14/04/2023,Vente,"1270000,00",75011.0,PARIS 11,75,111,4.0,Local industriel. commercial ou assimilé,33.0,0.0,277.0
14/04/2023,Vente,"1270000,00",75011.0,PARIS 11,75,111,2.0,Appartement,46.0,3.0,277.0
14/04/2023,Vente,"1270000,00",75011.0,PARIS 11,75,111,2.0,Appartement,47.0,3.0,277.0
14/04/2023,Vente,"1270000,00",75011.0,PARIS 11,75,111,2.0,Appartement,25.0,2.0,277.0
14/04/2023,Vente,"1270000,00",75011.0,PARIS 11,75,111,2.0,Appartement,27.0,2.0,277.0
14/04/2023,Vente,"1270000,00",75011.0,PARIS 11,75,111,2.0,Appartement,34.0,2.0,277.0
05/04/2023,Vente,"2713550,00",75014.0,PARIS 14,75,114,1.0,Maison,168.0,5.0,59.0
07/04/2023,Vente,"7991512,00",75016.0,PARIS 16,75,116,1.0,Maison,380.0,9.0,429.0
20/04/2023,Vente,"475000,00",75012.0,PARIS 12,75,112,4.0,Local industriel. commercial ou assimilé,37.0,0.0,58.0
20/04/2023,Vente,"475000,00",75012.0,PARIS 12,75,112,2.0,Appartement,50.0,4.0,58.0
14/04/2023,Vente,"1000000,00",75014.0,PARIS 14,75,114,4.0,Local industriel. commercial ou assimilé,243.0,0.0,121.0
31/03/2023,Vente,"1865800,00",75011.0,PARIS 11,75,111,4.0,Local industriel. commercial ou assimilé,198.0,0.0,180.0
20/04/2023,Vente,"18790000,00",75015.0,PARIS 15,75,115,4.0,Local industriel. commercial ou assimilé,2029.0,0.0,620.0
18/04/2023,Vente,"4850000,00",75016.0,PARIS 16,75,116,4.0,Local industriel. commercial ou assimilé,60.0,0.0,178.0
18/04/2023,Vente,"3450000,00",75006.0,PARIS 06,75,106,2.0,Appartement,8.0,1.0,90.0
18/04/2023,Vente,"3450000,00",75006.0,PARIS 06,75,106,3.0,Dépendance,0.0,0.0,90.0
18/04/2023,Vente,"3450000,00",75006.0,PARIS 06,75,106,2.0,Appartement,34.0,2.0,90.0
18/04/2023,Vente,"3450000,00",75006.0,PARIS 06,75,106,2.0,Appartement,42.0,3.0,90.0
18/04/2023,Vente,"3450000,00",75006.0,PARIS 06,75,106,2.0,Appartement,19.0,2.0,90.0
18/04/2023,Vente,"3450000,00",75006.0,PARIS 06,75,106,2.0,Appartement,9.0,1.0,90.0
18/04/2023,Vente,"3450000,00",75006.0,PARIS 06,75,106,2.0,Appartement,43.0,1.0,90.0
18/04/2023,Vente,"3450000,00",75006.0,PARIS 06,75,106,2.0,Appartement,10.0,1.0,90.0
18/04/2023,Vente,"3450000,00",75006.0,PARIS 06,75,106,4.0,Local industriel. commercial ou assimilé,95.0,0.0,90.0
20/04/2023,Vente,"38467200,00",75007.0,PARIS 07,75,107,4.0,Local industriel. commercial ou assimilé,1241.0,0.0,321.0
06/04/2023,Vente,"970000,00",75015.0,PARIS 15,75,115,3.0,Dépendance,0.0,0.0,8644.0
06/04/2023,Vente,"970000,00",75015.0,PARIS 15,75,115,4.0,Local industriel. commercial ou assimilé,70.0,0.0,8644.0
17/04/2023,Vente,"4900000,00",75016.0,PARIS 16,75,116,4.0,Local industriel. commercial ou assimilé,17.0,0.0,389.0
17/04/2023,Vente,"4900000,00",75016.0,PARIS 16,75,116,1.0,Maison,263.0,9.0,389.0
25/04/2023,Vente,"6855000,00",75005.0,PARIS 05,75,105,3.0,Dépendance,0.0,0.0,334.0
25/04/2023,Vente,"6855000,00",75005.0,PARIS 05,75,105,2.0,Appartement,28.0,2.0,334.0
25/04/2023,Vente,"6855000,00",75005.0,PARIS 05,75,105,2.0,Appartement,10.0,1.0,334.0
25/04/2023,Vente,"6855000,00",75005.0,PARIS 05,75,105,2.0,Appartement,30.0,2.0,334.0
25/04/2023,Vente,"6855000,00",75005.0,PARIS 05,75,105,2.0,Appartement,18.0,1.0,334.0
25/04/2023,Vente,"6855000,00",75005.0,PARIS 05,75,105,2.0,Appartement,35.0,3.0,334.0
25/04/2023,Vente,"6855000,00",75005.0,PARIS 05,75,105,2.0,Appartement,30.0,3.0,334.0
25/04/2023,Vente,"6855000,00",75005.0,PARIS 05,75,105,2.0,Appartement,46.0,2.0,334.0
25/04/2023,Vente,"6855000,00",75005.0,PARIS 05,75,105,2.0,Appartement,32.0,2.0,334.0
25/04/2023,Vente,"6855000,00",75005.0,PARIS 05,75,105,2.0,Appartement,36.0,2.0,334.0
25/04/2023,Vente,"6855000,00",75005.0,PARIS 05,75,105,2.0,Appartement,12.0,1.0,334.0
25/04/2023,Vente,"6855000,00",75005.0,PARIS 05,75,105,2.0,Appartement,15.0,1.0,334.0
25/04/2023,Vente,"6855000,00",75005.0,PARIS 05,75,105,2.0,Appartement,23.0,1.0,334.0
25/04/2023,Vente,"6855000,00",75005.0,PARIS 05,75,105,4.0,Local industriel. commercial ou assimilé,31.0,0.0,334.0
25/04/2023,Vente,"6855000,00",75005.0,PARIS 05,75,105,4.0,Local industriel. commercial ou assimilé,57.0,0.0,334.0
25/04/2023,Vente,"6855000,00",75005.0,PARIS 05,75,105,4.0,Local industriel. commercial ou assimilé,22.0,0.0,334.0
25/04/2023,Vente,"6855000,00",75005.0,PARIS 05,75,105,2.0,Appartement,23.0,2.0,334.0
28/04/2023,Vente,"6900000,00",75011.0,PARIS 11,75,111,4.0,Local industriel. commercial ou assimilé,751.0,0.0,1167.0
28/04/2023,Vente,"6900000,00",75011.0,PARIS 11,75,111,4.0,Local industriel. commercial ou assimilé,90.0,0.0,1167.0
28/04/2023,Vente,"6900000,00",75011.0,PARIS 11,75,111,4.0,Local industriel. commercial ou assimilé,41.0,0.0,1167.0
28/04/2023,Vente,"6900000,00",75011.0,PARIS 11,75,111,4.0,Local industriel. commercial ou assimilé,99.0,0.0,1167.0
28/04/2023,Vente,"6900000,00",75011.0,PARIS 11,75,111,1.0,Maison,150.0,6.0,1167.0
28/04/2023,Vente,"69228856,00",75016.0,PARIS 16,75,116,1.0,Maison,1237.0,17.0,446.0
04/05/2023,Vente,"119661248,00",75016.0,PARIS 16,75,116,4.0,Local industriel. commercial ou assimilé,5459.0,0.0,1104.0
21/04/2023,Vente,"1045725,00",75013.0,PARIS 13,75,113,1.0,Maison,54.0,4.0,32.0
17/05/2023,Vente,"23500000,00",75007.0,PARIS 07,75,107,2.0,Appartement,62.0,3.0,416.0
17/05/2023,Vente,"23500000,00",75007.0,PARIS 07,75,107,1.0,Maison,465.0,11.0,416.0
17/05/2023,Vente,"23500000,00",75007.0,PARIS 07,75,107,3.0,Dépendance,0.0,0.0,416.0
09/05/2023,Vente,"550000,00",75012.0,PARIS 12,75,112,3.0,Dépendance,0.0,0.0,134.0
09/05/2023,Vente,"550000,00",75012.0,PARIS 12,75,112,2.0,Appartement,40.0,2.0,134.0
09/05/2023,Vente,"550000,00",75012.0,PARIS 12,75,112,2.0,Appartement,31.0,2.0,134.0
09/05/2023,Vente,"550000,00",75012.0,PARIS 12,75,112,2.0,Appartement,34.0,2.0,134.0
09/05/2023,Vente,"550000,00",75012.0,PARIS 12,75,112,2.0,Appartement,34.0,3.0,134.0
09/05/2023,Vente,"550000,00",75012.0,PARIS 12,75,112,2.0,Appartement,45.0,3.0,134.0
09/05/2023,Vente,"550000,00",75012.0,PARIS 12,75,112,2.0,Appartement,78.0,3.0,134.0
09/05/2023,Vente,"550000,00",75012.0,PARIS 12,75,112,2.0,Appartement,55.0,3.0,134.0
09/05/2023,Vente,"550000,00",75012.0,PARIS 12,75,112,2.0,Appartement,50.0,3.0,134.0
09/05/2023,Vente,"550000,00",75012.0,PARIS 12,75,112,2.0,Appartement,54.0,2.0,134.0
09/05/2023,Vente,"550000,00",75012.0,PARIS 12,75,112,4.0,Local industriel. commercial ou assimilé,93.0,0.0,134.0
17/05/2023,Vente,"4150000,00",75016.0,PARIS 16,75,116,1.0,Maison,250.0,8.0,268.0
16/05/2023,Vente,"25750000,00",75006.0,PARIS 06,75,106,3.0,Dépendance,0.0,0.0,275.0
16/05/2023,Vente,"25750000,00",75006.0,PARIS 06,75,106,2.0,Appartement,14.0,1.0,275.0
16/05/2023,Vente,"25750000,00",75006.0,PARIS 06,75,106,4.0,Local industriel. commercial ou assimilé,29.0,0.0,275.0
16/05/2023,Vente,"25750000,00",75006.0,PARIS 06,75,106,2.0,Appartement,110.0,4.0,275.0
16/05/2023,Vente,"25750000,00",75006.0,PARIS 06,75,106,2.0,Appartement,9.0,1.0,275.0
16/05/2023,Vente,"25750000,00",75006.0,PARIS 06,75,106,4.0,Local industriel. commercial ou assimilé,28.0,0.0,275.0
16/05/2023,Vente,"25750000,00",75006.0,PARIS 06,75,106,2.0,Appartement,49.0,2.0,275.0
16/05/2023,Vente,"25750000,00",75006.0,PARIS 06,75,106,4.0,Local industriel. commercial ou assimilé,50.0,0.0,275.0
16/05/2023,Vente,"25750000,00",75006.0,PARIS 06,75,106,2.0,Appartement,115.0,5.0,275.0
16/05/2023,Vente,"25750000,00",75006.0,PARIS 06,75,106,2.0,Appartement,42.0,2.0,275.0
16/05/2023,Vente,"25750000,00",75006.0,PARIS 06,75,106,2.0,Appartement,49.0,3.0,275.0
23/05/2023,Vente,"1270000,00",75014.0,PARIS 14,75,114,1.0,Maison,62.0,3.0,87.0
05/05/2023,Vente,"1230000,00",75013.0,PARIS 13,75,113,2.0,Appartement,15.0,1.0,57.0
05/05/2023,Vente,"1230000,00",75013.0,PARIS 13,75,113,4.0,Local industriel. commercial ou assimilé,80.0,0.0,57.0
25/05/2023,Vente,"18100000,00",75016.0,PARIS 16,75,116,4.0,Local industriel. commercial ou assimilé,1168.0,0.0,747.0
25/05/2023,Vente,"7140000,00",75014.0,PARIS 14,75,114,3.0,Dépendance,0.0,0.0,75.0
25/05/2023,Vente,"7140000,00",75014.0,PARIS 14,75,114,4.0,Local industriel. commercial ou assimilé,167.0,0.0,75.0
25/05/2023,Vente,"7140000,00",75014.0,PARIS 14,75,114,2.0,Appartement,24.0,1.0,75.0
25/05/2023,Vente,"7140000,00",75014.0,PARIS 14,75,114,2.0,Appartement,84.0,3.0,173.0
25/05/2023,Vente,"7140000,00",75014.0,PARIS 14,75,114,3.0,Dépendance,0.0,0.0,173.0
25/05/2023,Vente,"7140000,00",75014.0,PARIS 14,75,114,2.0,Appartement,34.0,1.0,173.0
25/05/2023,Vente,"7140000,00",75014.0,PARIS 14,75,114,2.0,Appartement,43.0,2.0,173.0
25/05/2023,Vente,"7140000,00",75014.0,PARIS 14,75,114,2.0,Appartement,34.0,2.0,173.0
25/05/2023,Vente,"7140000,00",75014.0,PARIS 14,75,114,2.0,Appartement,39.0,2.0,173.0
25/05/2023,Vente,"7140000,00",75014.0,PARIS 14,75,114,2.0,Appartement,48.0,2.0,173.0
25/05/2023,Vente,"7140000,00",75014.0,PARIS 14,75,114,2.0,Appartement,14.0,1.0,173.0
25/05/2023,Vente,"7140000,00",75014.0,PARIS 14,75,114,4.0,Local industriel. commercial ou assimilé,95.0,0.0,173.0
23/05/2023,Vente,"1195458,90",75012.0,PARIS 12,75,112,4.0,Local industriel. commercial ou assimilé,963.0,0.0,264.0
23/05/2023,Vente,"1195458,90",75012.0,PARIS 12,75,112,4.0,Local industriel. commercial ou assimilé,625.0,0.0,264.0
02/06/2023,Vente,"28200000,00",75007.0,PARIS 07,75,107,4.0,Local industriel. commercial ou assimilé,1111.0,0.0,309.0
31/05/2023,Vente,"620000,00",75012.0,PARIS 12,75,112,1.0,Maison,54.0,3.0,32.0
23/05/2023,Vente,"6721000,00",75016.0,PARIS 16,75,116,1.0,Maison,180.0,6.0,153.0
07/06/2023,Vente,"9690680,00",75016.0,PARIS 16,75,116,1.0,Maison,300.0,14.0,226.0
05/06/2023,Vente,"19500000,00",75006.0,PARIS 06,75,106,4.0,Local industriel. commercial ou assimilé,12.0,0.0,254.0
05/06/2023,Vente,"19500000,00",75006.0,PARIS 06,75,106,4.0,Local industriel. commercial ou assimilé,31.0,0.0,254.0
05/06/2023,Vente,"19500000,00",75006.0,PARIS 06,75,106,4.0,Local industriel. commercial ou assimilé,258.0,0.0,254.0
05/06/2023,Vente,"19500000,00",75006.0,PARIS 06,75,106,2.0,Appartement,18.0,1.0,254.0
05/06/2023,Vente,"19500000,00",75006.0,PARIS 06,75,106,3.0,Dépendance,0.0,0.0,254.0
05/06/2023,Vente,"19500000,00",75006.0,PARIS 06,75,106,4.0,Local industriel. commercial ou assimilé,174.0,0.0,254.0
05/06/2023,Vente,"19500000,00",75006.0,PARIS 06,75,106,2.0,Appartement,8.0,1.0,254.0
05/06/2023,Vente,"19500000,00",75006.0,PARIS 06,75,106,2.0,Appartement,142.0,6.0,254.0
05/06/2023,Vente,"19500000,00",75006.0,PARIS 06,75,106,2.0,Appartement,70.0,4.0,254.0
05/06/2023,Vente,"19500000,00",75006.0,PARIS 06,75,106,2.0,Appartement,102.0,5.0,254.0
05/06/2023,Vente,"19500000,00",75006.0,PARIS 06,75,106,2.0,Appartement,72.0,4.0,254.0
22/05/2023,Vente,"1330000,00",75015.0,PARIS 15,75,115,4.0,Local industriel. commercial ou assimilé,640.0,0.0,82.0
22/05/2023,Vente,"1330000,00",75015.0,PARIS 15,75,115,4.0,Local industriel. commercial ou assimilé,7.0,0.0,82.0
13/06/2023,Vente,"2400000,00",75013.0,PARIS 13,75,113,2.0,Appartement,24.0,1.0,103.0
13/06/2023,Vente,"2400000,00",75013.0,PARIS 13,75,113,2.0,Appartement,16.0,1.0,103.0
13/06/2023,Vente,"2400000,00",75013.0,PARIS 13,75,113,2.0,Appartement,14.0,1.0,103.0
13/06/2023,Vente,"2400000,00",75013.0,PARIS 13,75,113,2.0,Appartement,15.0,1.0,103.0
13/06/2023,Vente,"2400000,00",75013.0,PARIS 13,75,113,2.0,Appartement,21.0,1.0,103.0
31/05/2023,Vente,"8200000,00",75013.0,PARIS 13,75,113,3.0,Dépendance,0.0,0.0,480.0
31/05/2023,Vente,"8200000,00",75013.0,PARIS 13,75,113,2.0,Appartement,37.0,2.0,480.0
31/05/2023,Vente,"8200000,00",75013.0,PARIS 13,75,113,2.0,Appartement,40.0,1.0,480.0
31/05/2023,Vente,"8200000,00",75013.0,PARIS 13,75,113,2.0,Appartement,33.0,2.0,480.0
31/05/2023,Vente,"8200000,00",75013.0,PARIS 13,75,113,2.0,Appartement,32.0,2.0,480.0
31/05/2023,Vente,"8200000,00",75013.0,PARIS 13,75,113,2.0,Appartement,102.0,5.0,480.0
31/05/2023,Vente,"8200000,00",75013.0,PARIS 13,75,113,2.0,Appartement,49.0,3.0,480.0
31/05/2023,Vente,"8200000,00",75013.0,PARIS 13,75,113,4.0,Local industriel. commercial ou assimilé,75.0,0.0,480.0
31/05/2023,Vente,"8200000,00",75013.0,PARIS 13,75,113,2.0,Appartement,63.0,3.0,480.0
31/05/2023,Vente,"8200000,00",75013.0,PARIS 13,75,113,2.0,Appartement,29.0,2.0,480.0
31/05/2023,Vente,"8200000,00",75013.0,PARIS 13,75,113,2.0,Appartement,45.0,2.0,480.0
31/05/2023,Vente,"8200000,00",75013.0,PARIS 13,75,113,2.0,Appartement,55.0,3.0,480.0
31/05/2023,Vente,"8200000,00",75013.0,PARIS 13,75,113,2.0,Appartement,50.0,3.0,480.0
31/05/2023,Vente,"8200000,00",75013.0,PARIS 13,75,113,2.0,Appartement,64.0,3.0,480.0
31/05/2023,Vente,"8200000,00",75013.0,PARIS 13,75,113,2.0,Appartement,68.0,4.0,480.0
31/05/2023,Vente,"8200000,00",75013.0,PARIS 13,75,113,2.0,Appartement,22.0,1.0,480.0
31/05/2023,Vente,"8200000,00",75013.0,PARIS 13,75,113,2.0,Appartement,12.0,1.0,480.0
31/05/2023,Vente,"8200000,00",75013.0,PARIS 13,75,113,4.0,Local industriel. commercial ou assimilé,38.0,0.0,480.0
31/05/2023,Vente,"8200000,00",75013.0,PARIS 13,75,113,4.0,Local industriel. commercial ou assimilé,44.0,0.0,480.0
08/06/2023,Vente,"2675000,00",75016.0,PARIS 16,75,116,3.0,Dépendance,0.0,0.0,147.0
08/06/2023,Vente,"2675000,00",75016.0,PARIS 16,75,116,2.0,Appartement,129.0,5.0,147.0
08/06/2023,Vente,"2675000,00",75016.0,PARIS 16,75,116,4.0,Local industriel. commercial ou assimilé,50.0,0.0,147.0
08/06/2023,Vente,"2675000,00",75016.0,PARIS 16,75,116,4.0,Local industriel. commercial ou assimilé,18.0,0.0,147.0
05/06/2023,Vente,"17500000,00",75006.0,PARIS 06,75,106,3.0,Dépendance,0.0,0.0,347.0
25/05/2023,Vente,"15000,00",75006.0,PARIS 06,75,106,3.0,Dépendance,0.0,0.0,478.0
25/05/2023,Vente,"15000,00",75006.0,PARIS 06,75,106,2.0,Appartement,31.0,2.0,478.0
19/06/2023,Vente,"10500000,00",75016.0,PARIS 16,75,116,4.0,Local industriel. commercial ou assimilé,200.0,0.0,414.0
19/06/2023,Vente,"10500000,00",75016.0,PARIS 16,75,116,1.0,Maison,300.0,4.0,414.0
22/06/2023,Vente,"1800000,00",75014.0,PARIS 14,75,114,4.0,Local industriel. commercial ou assimilé,18.0,0.0,271.0
22/06/2023,Vente,"1800000,00",75014.0,PARIS 14,75,114,3.0,Dépendance,0.0,0.0,271.0
22/06/2023,Vente,"1800000,00",75014.0,PARIS 14,75,114,2.0,Appartement,14.0,1.0,271.0
22/06/2023,Vente,"1800000,00",75014.0,PARIS 14,75,114,4.0,Local industriel. commercial ou assimilé,15.0,0.0,271.0
22/06/2023,Vente,"1800000,00",75014.0,PARIS 14,75,114,2.0,Appartement,65.0,3.0,271.0
22/06/2023,Vente,"1800000,00",75014.0,PARIS 14,75,114,2.0,Appartement,35.0,2.0,271.0
22/06/2023,Vente,"1800000,00",75014.0,PARIS 14,75,114,2.0,Appartement,23.0,1.0,271.0
22/06/2023,Vente,"1800000,00",75014.0,PARIS 14,75,114,2.0,Appartement,62.0,3.0,271.0
22/06/2023,Vente,"1800000,00",75014.0,PARIS 14,75,114,2.0,Appartement,54.0,3.0,271.0
22/06/2023,Vente,"1800000,00",75014.0,PARIS 14,75,114,4.0,Local industriel. commercial ou assimilé,139.0,0.0,271.0
22/06/2023,Vente,"1800000,00",75014.0,PARIS 14,75,114,2.0,Appartement,45.0,2.0,271.0
22/06/2023,Vente,"1800000,00",75014.0,PARIS 14,75,114,2.0,Appartement,66.0,3.0,271.0
22/06/2023,Vente,"1800000,00",75014.0,PARIS 14,75,114,2.0,Appartement,40.0,2.0,271.0
22/06/2023,Vente,"1800000,00",75014.0,PARIS 14,75,114,2.0,Appartement,52.0,3.0,271.0
22/06/2023,Vente,"7700000,00",75015.0,PARIS 15,75,115,3.0,Dépendance,0.0,0.0,250.0
22/06/2023,Vente,"7700000,00",75015.0,PARIS 15,75,115,2.0,Appartement,46.0,3.0,250.0
22/06/2023,Vente,"7700000,00",75015.0,PARIS 15,75,115,4.0,Local industriel. commercial ou assimilé,30.0,0.0,250.0
22/06/2023,Vente,"7700000,00",75015.0,PARIS 15,75,115,2.0,Appartement,45.0,2.0,250.0
22/06/2023,Vente,"7700000,00",75015.0,PARIS 15,75,115,2.0,Appartement,39.0,2.0,250.0
22/06/2023,Vente,"7700000,00",75015.0,PARIS 15,75,115,2.0,Appartement,29.0,2.0,250.0
22/06/2023,Vente,"7700000,00",75015.0,PARIS 15,75,115,2.0,Appartement,51.0,3.0,250.0
22/06/2023,Vente,"7700000,00",75015.0,PARIS 15,75,115,2.0,Appartement,42.0,2.0,250.0
22/06/2023,Vente,"7700000,00",75015.0,PARIS 15,75,115,2.0,Appartement,36.0,3.0,250.0
22/06/2023,Vente,"7700000,00",75015.0,PARIS 15,75,115,2.0,Appartement,53.0,3.0,250.0
22/06/2023,Vente,"7700000,00",75015.0,PARIS 15,75,115,2.0,Appartement,41.0,3.0,250.0
22/06/2023,Vente,"7700000,00",75015.0,PARIS 15,75,115,2.0,Appartement,44.0,3.0,250.0
22/06/2023,Vente,"7700000,00",75015.0,PARIS 15,75,115,2.0,Appartement,34.0,2.0,250.0
22/06/2023,Vente,"7700000,00",75015.0,PARIS 15,75,115,4.0,Local industriel. commercial ou assimilé,37.0,0.0,250.0
22/06/2023,Vente,"7700000,00",75015.0,PARIS 15,75,115,2.0,Appartement,15.0,1.0,250.0
26/06/2023,Vente,"5876000,00",75016.0,PARIS 16,75,116,1.0,Maison,250.0,8.0,264.0
05/07/2023,Vente,"3600000,00",75016.0,PARIS 16,75,116,2.0,Appartement,39.0,2.0,188.0
05/07/2023,Vente,"3600000,00",75016.0,PARIS 16,75,116,2.0,Appartement,156.0,6.0,188.0
05/07/2023,Vente,"3600000,00",75016.0,PARIS 16,75,116,3.0,Dépendance,0.0,0.0,188.0
06/07/2023,Vente,"5120000,00",75013.0,PARIS 13,75,113,2.0,Appartement,33.0,2.0,159.0
06/07/2023,Vente,"5120000,00",75013.0,PARIS 13,75,113,4.0,Local industriel. commercial ou assimilé,26.0,0.0,159.0
06/07/2023,Vente,"5120000,00",75013.0,PARIS 13,75,113,4.0,Local industriel. commercial ou assimilé,53.0,0.0,159.0
06/07/2023,Vente,"5120000,00",75013.0,PARIS 13,75,113,2.0,Appartement,55.0,3.0,159.0
06/07/2023,Vente,"5120000,00",75013.0,PARIS 13,75,113,2.0,Appartement,15.0,1.0,159.0
06/07/2023,Vente,"5120000,00",75013.0,PARIS 13,75,113,3.0,Dépendance,0.0,0.0,159.0
06/07/2023,Vente,"5120000,00",75013.0,PARIS 13,75,113,2.0,Appartement,48.0,3.0,159.0
06/07/2023,Vente,"5120000,00",75013.0,PARIS 13,75,113,2.0,Appartement,53.0,3.0,159.0
06/07/2023,Vente,"5120000,00",75013.0,PARIS 13,75,113,2.0,Appartement,51.0,3.0,159.0
06/07/2023,Vente,"5120000,00",75013.0,PARIS 13,75,113,2.0,Appartement,56.0,3.0,159.0
06/07/2023,Vente,"5120000,00",75013.0,PARIS 13,75,113,2.0,Appartement,60.0,3.0,159.0
06/07/2023,Vente,"5120000,00",75013.0,PARIS 13,75,113,2.0,Appartement,47.0,3.0,159.0
06/07/2023,Vente,"5120000,00",75013.0,PARIS 13,75,113,2.0,Appartement,31.0,2.0,159.0
06/07/2023,Vente,"5120000,00",75013.0,PARIS 13,75,113,2.0,Appartement,30.0,2.0,159.0
03/07/2023,Vente,"10226000,00",75011.0,PARIS 11,75,111,3.0,Dépendance,0.0,0.0,359.0
03/07/2023,Vente,"10226000,00",75011.0,PARIS 11,75,111,2.0,Appartement,49.0,3.0,359.0
03/07/2023,Vente,"10226000,00",75011.0,PARIS 11,75,111,2.0,Appartement,39.0,2.0,359.0
03/07/2023,Vente,"10226000,00",75011.0,PARIS 11,75,111,2.0,Appartement,36.0,2.0,359.0
03/07/2023,Vente,"10226000,00",75011.0,PARIS 11,75,111,2.0,Appartement,54.0,3.0,359.0
03/07/2023,Vente,"10226000,00",75011.0,PARIS 11,75,111,4.0,Local industriel. commercial ou assimilé,82.0,0.0,359.0
03/07/2023,Vente,"10226000,00",75011.0,PARIS 11,75,111,2.0,Appartement,11.0,1.0,359.0
03/07/2023,Vente,"10226000,00",75011.0,PARIS 11,75,111,2.0,Appartement,59.0,3.0,359.0
03/07/2023,Vente,"10226000,00",75011.0,PARIS 11,75,111,2.0,Appartement,36.0,3.0,359.0
03/07/2023,Vente,"10226000,00",75011.0,PARIS 11,75,111,2.0,Appartement,45.0,3.0,359.0
30/06/2023,Vente,"2150000,00",75016.0,PARIS 16,75,116,3.0,Dépendance,0.0,0.0,74.0
12/06/2023,Vente,"8650000,00",75016.0,PARIS 16,75,116,1.0,Maison,293.0,10.0,285.0
13/07/2023,Vente,"14750000,00",75006.0,PARIS 06,75,106,2.0,Appartement,40.0,2.0,275.0
13/07/2023,Vente,"14750000,00",75006.0,PARIS 06,75,106,2.0,Appartement,75.0,4.0,275.0
13/07/2023,Vente,"14750000,00",75006.0,PARIS 06,75,106,2.0,Appartement,48.0,4.0,275.0
13/07/2023,Vente,"14750000,00",75006.0,PARIS 06,75,106,4.0,Local industriel. commercial ou assimilé,35.0,0.0,275.0
13/07/2023,Vente,"14750000,00",75006.0,PARIS 06,75,106,2.0,Appartement,10.0,1.0,275.0
13/07/2023,Vente,"14750000,00",75006.0,PARIS 06,75,106,4.0,Local industriel. commercial ou assimilé,43.0,0.0,275.0
13/07/2023,Vente,"14750000,00",75006.0,PARIS 06,75,106,2.0,Appartement,48.0,3.0,275.0
13/07/2023,Vente,"14750000,00",75006.0,PARIS 06,75,106,3.0,Dépendance,0.0,0.0,275.0
13/07/2023,Vente,"14750000,00",75006.0,PARIS 06,75,106,2.0,Appartement,8.0,1.0,275.0
28/06/2023,Vente,"1300000,00",75016.0,PARIS 16,75,116,1.0,Maison,67.0,3.0,67.0
20/07/2023,Vente,"1305500,00",75013.0,PARIS 13,75,113,1.0,Maison,65.0,5.0,50.0
17/07/2023,Vente,"3850000,00",75014.0,PARIS 14,75,114,3.0,Dépendance,0.0,0.0,224.0
17/07/2023,Vente,"3850000,00",75014.0,PARIS 14,75,114,2.0,Appartement,252.0,9.0,224.0
17/07/2023,Vente,"3850000,00",75014.0,PARIS 14,75,114,2.0,Appartement,35.0,1.0,224.0
20/07/2023,Vente,"3720000,00",75016.0,PARIS 16,75,116,3.0,Dépendance,0.0,0.0,115.0
20/07/2023,Vente,"3720000,00",75016.0,PARIS 16,75,116,2.0,Appartement,30.0,3.0,115.0
20/07/2023,Vente,"3720000,00",75016.0,PARIS 16,75,116,2.0,Appartement,11.0,1.0,115.0
20/07/2023,Vente,"3720000,00",75016.0,PARIS 16,75,116,2.0,Appartement,10.0,1.0,115.0
20/07/2023,Vente,"3720000,00",75016.0,PARIS 16,75,116,2.0,Appartement,49.0,4.0,115.0
20/07/2023,Vente,"3720000,00",75016.0,PARIS 16,75,116,4.0,Local industriel. commercial ou assimilé,10.0,0.0,115.0
20/07/2023,Vente,"3720000,00",75016.0,PARIS 16,75,116,4.0,Local industriel. commercial ou assimilé,14.0,0.0,115.0
20/07/2023,Vente,"3720000,00",75016.0,PARIS 16,75,116,4.0,Local industriel. commercial ou assimilé,30.0,0.0,115.0
20/07/2023,Vente,"3720000,00",75016.0,PARIS 16,75,116,2.0,Appartement,31.0,2.0,115.0
20/07/2023,Vente,"3720000,00",75016.0,PARIS 16,75,116,4.0,Local industriel. commercial ou assimilé,90.0,0.0,115.0
20/07/2023,Vente,"3720000,00",75016.0,PARIS 16,75,116,2.0,Appartement,38.0,3.0,115.0
20/07/2023,Vente,"3720000,00",75016.0,PARIS 16,75,116,2.0,Appartement,49.0,3.0,115.0
26/07/2023,Vente,"1987900,00",75015.0,PARIS 15,75,115,1.0,Maison,175.0,6.0,81.0
07/07/2023,Vente,"1710000,00",75006.0,PARIS 06,75,106,4.0,Local industriel. commercial ou assimilé,52.0,0.0,34.0
07/07/2023,Vente,"3300000,00",75016.0,PARIS 16,75,116,1.0,Maison,284.0,9.0,252.0
04/07/2023,Vente,"23350000,00",75007.0,PARIS 07,75,107,4.0,Local industriel. commercial ou assimilé,1072.0,0.0,272.0
21/07/2023,Vente,"1977000,00",75016.0,PARIS 16,75,116,1.0,Maison,138.0,5.0,94.0
18/07/2023,Vente,"14700000,00",75016.0,PARIS 16,75,116,2.0,Appartement,99.0,4.0,369.0
18/07/2023,Vente,"14700000,00",75016.0,PARIS 16,75,116,4.0,Local industriel. commercial ou assimilé,182.0,0.0,369.0
18/07/2023,Vente,"14700000,00",75016.0,PARIS 16,75,116,4.0,Local industriel. commercial ou assimilé,74.0,0.0,369.0
18/07/2023,Vente,"14700000,00",75016.0,PARIS 16,75,116,2.0,Appartement,30.0,1.0,369.0
18/07/2023,Vente,"14700000,00",75016.0,PARIS 16,75,116,2.0,Appartement,115.0,3.0,369.0
18/07/2023,Vente,"14700000,00",75016.0,PARIS 16,75,116,2.0,Appartement,115.0,4.0,369.0
18/07/2023,Vente,"14700000,00",75016.0,PARIS 16,75,116,2.0,Appartement,103.0,4.0,369.0
18/07/2023,Vente,"14700000,00",75016.0,PARIS 16,75,116,2.0,Appartement,22.0,1.0,369.0
18/07/2023,Vente,"14700000,00",75016.0,PARIS 16,75,116,4.0,Local industriel. commercial ou assimilé,55.0,0.0,369.0
10/07/2023,Vente,"1660500,00",75013.0,PARIS 13,75,113,1.0,Maison,152.0,6.0,87.0
11/07/2023,Vente,"2680000,00",75013.0,PARIS 13,75,113,3.0,Dépendance,0.0,0.0,194.0
11/07/2023,Vente,"2680000,00",75013.0,PARIS 13,75,113,2.0,Appartement,59.0,3.0,194.0
11/07/2023,Vente,"2680000,00",75013.0,PARIS 13,75,113,2.0,Appartement,57.0,3.0,194.0
11/07/2023,Vente,"2680000,00",75013.0,PARIS 13,75,113,2.0,Appartement,71.0,3.0,194.0
11/07/2023,Vente,"2680000,00",75013.0,PARIS 13,75,113,2.0,Appartement,86.0,3.0,194.0
20/07/2023,Vente,"7820204,00",75016.0,PARIS 16,75,116,1.0,Maison,240.0,6.0,270.0
21/07/2023,Vente,"1290000,00",75014.0,PARIS 14,75,114,3.0,Dépendance,0.0,0.0,104.0
21/07/2023,Vente,"1290000,00",75014.0,PARIS 14,75,114,2.0,Appartement,7.0,1.0,104.0
21/07/2023,Vente,"1290000,00",75014.0,PARIS 14,75,114,2.0,Appartement,34.0,3.0,104.0
21/07/2023,Vente,"1290000,00",75014.0,PARIS 14,75,114,2.0,Appartement,23.0,2.0,104.0
21/07/2023,Vente,"1290000,00",75014.0,PARIS 14,75,114,2.0,Appartement,19.0,1.0,104.0
12/07/2023,Vente,"1441300,00",75013.0,PARIS 13,75,113,1.0,Maison,119.0,5.0,137.0
12/07/2023,Vente,"1441300,00",75013.0,PARIS 13,75,113,4.0,Local industriel. commercial ou assimilé,21.0,0.0,137.0
03/08/2023,Vente,"1570000,00",75015.0,PARIS 15,75,115,1.0,Maison,75.0,3.0,132.0
03/08/2023,Vente,"1570000,00",75015.0,PARIS 15,75,115,4.0,Local industriel. commercial ou assimilé,83.0,0.0,132.0
19/07/2023,Vente,"1050000,00",75014.0,PARIS 14,75,114,1.0,Maison,52.0,2.0,56.0
01/08/2023,Vente en l'état futur d'achèvement,"124150000,00",75013.0,PARIS 13,75,113,4.0,Local industriel. commercial ou assimilé,140.0,0.0,2247.0
01/08/2023,Vente en l'état futur d'achèvement,"124150000,00",75013.0,PARIS 13,75,113,4.0,Local industriel. commercial ou assimilé,1089.0,0.0,2247.0
01/08/2023,Vente en l'état futur d'achèvement,"124150000,00",75013.0,PARIS 13,75,113,4.0,Local industriel. commercial ou assimilé,10099.0,0.0,2247.0
04/08/2023,Vente,"1790000,00",75014.0,PARIS 14,75,114,2.0,Appartement,25.0,2.0,146.0
04/08/2023,Vente,"1790000,00",75014.0,PARIS 14,75,114,3.0,Dépendance,0.0,0.0,146.0
04/08/2023,Vente,"1790000,00",75014.0,PARIS 14,75,114,4.0,Local industriel. commercial ou assimilé,57.0,0.0,146.0
04/08/2023,Vente,"1790000,00",75014.0,PARIS 14,75,114,2.0,Appartement,29.0,2.0,146.0
04/08/2023,Vente,"1790000,00",75014.0,PARIS 14,75,114,2.0,Appartement,21.0,1.0,146.0
04/08/2023,Vente,"1790000,00",75014.0,PARIS 14,75,114,2.0,Appartement,50.0,3.0,146.0
04/08/2023,Vente,"1790000,00",75014.0,PARIS 14,75,114,2.0,Appartement,30.0,2.0,146.0
04/08/2023,Vente,"1790000,00",75014.0,PARIS 14,75,114,2.0,Appartement,22.0,1.0,146.0
01/08/2023,Vente,"28400000,00",75015.0,PARIS 15,75,115,4.0,Local industriel. commercial ou assimilé,164.0,0.0,1745.0
01/08/2023,Vente,"28400000,00",75015.0,PARIS 15,75,115,4.0,Local industriel. commercial ou assimilé,9095.0,0.0,1745.0
02/08/2023,Vente,"6500000,00",75006.0,PARIS 06,75,106,2.0,Appartement,243.0,7.0,89.0
16/08/2023,Vente,"1407500,00",75014.0,PARIS 14,75,114,1.0,Maison,130.0,7.0,67.0
30/06/2023,Vente,"5000000,00",75005.0,PARIS 05,75,105,3.0,Dépendance,0.0,0.0,162.0
30/06/2023,Vente,"5000000,00",75005.0,PARIS 05,75,105,4.0,Local industriel. commercial ou assimilé,50.0,0.0,162.0
30/06/2023,Vente,"5000000,00",75005.0,PARIS 05,75,105,4.0,Local industriel. commercial ou assimilé,48.0,0.0,162.0
30/06/2023,Vente,"5000000,00",75005.0,PARIS 05,75,105,2.0,Appartement,48.0,3.0,162.0
30/06/2023,Vente,"5000000,00",75005.0,PARIS 05,75,105,2.0,Appartement,64.0,3.0,162.0
30/06/2023,Vente,"5000000,00",75005.0,PARIS 05,75,105,2.0,Appartement,34.0,2.0,162.0
30/06/2023,Vente,"5000000,00",75005.0,PARIS 05,75,105,2.0,Appartement,49.0,3.0,162.0
30/06/2023,Vente,"5000000,00",75005.0,PARIS 05,75,105,2.0,Appartement,47.0,3.0,162.0
30/06/2023,Vente,"5000000,00",75005.0,PARIS 05,75,105,2.0,Appartement,46.0,3.0,162.0
30/06/2023,Vente,"5000000,00",75005.0,PARIS 05,75,105,2.0,Appartement,12.0,1.0,162.0
30/06/2023,Vente,"5000000,00",75005.0,PARIS 05,75,105,2.0,Appartement,11.0,1.0,162.0
30/06/2023,Vente,"5000000,00",75005.0,PARIS 05,75,105,2.0,Appartement,8.0,1.0,162.0
30/06/2023,Vente,"5000000,00",75005.0,PARIS 05,75,105,2.0,Appartement,19.0,1.0,162.0
30/06/2023,Vente,"5000000,00",75005.0,PARIS 05,75,105,2.0,Appartement,10.0,1.0,162.0
03/08/2023,Vente,"8250,00",75016.0,PARIS 16,75,116,2.0,Appartement,25.0,1.0,345.0
25/08/2023,Vente,"1839420,00",75013.0,PARIS 13,75,113,1.0,Maison,69.0,4.0,51.0
03/08/2023,Vente,"9000000,00",75012.0,PARIS 12,75,112,4.0,Local industriel. commercial ou assimilé,625.0,0.0,264.0
03/08/2023,Vente,"9000000,00",75012.0,PARIS 12,75,112,4.0,Local industriel. commercial ou assimilé,963.0,0.0,264.0
08/08/2023,Vente,"1000000,00",75013.0,PARIS 13,75,113,4.0,Local industriel. commercial ou assimilé,210.0,0.0,86.0
05/09/2023,Vente,"785000,00",75015.0,PARIS 15,75,115,1.0,Maison,39.0,2.0,108.0
01/09/2023,Vente,"5507000,00",75014.0,PARIS 14,75,114,2.0,Appartement,50.0,3.0,195.0
01/09/2023,Vente,"5507000,00",75014.0,PARIS 14,75,114,2.0,Appartement,9.0,1.0,195.0
01/09/2023,Vente,"5507000,00",75014.0,PARIS 14,75,114,2.0,Appartement,83.0,4.0,195.0
01/09/2023,Vente,"5507000,00",75014.0,PARIS 14,75,114,2.0,Appartement,48.0,3.0,195.0
01/09/2023,Vente,"5507000,00",75014.0,PARIS 14,75,114,3.0,Dépendance,0.0,0.0,195.0
01/09/2023,Vente,"5507000,00",75014.0,PARIS 14,75,114,4.0,Local industriel. commercial ou assimilé,71.0,0.0,195.0
01/09/2023,Vente,"5507000,00",75014.0,PARIS 14,75,114,4.0,Local industriel. commercial ou assimilé,50.0,0.0,195.0
01/09/2023,Vente,"5507000,00",75014.0,PARIS 14,75,114,2.0,Appartement,12.0,1.0,195.0
01/09/2023,Vente,"5507000,00",75014.0,PARIS 14,75,114,2.0,Appartement,25.0,2.0,195.0
01/09/2023,Vente,"5507000,00",75014.0,PARIS 14,75,114,2.0,Appartement,68.0,4.0,195.0
01/09/2023,Vente,"5507000,00",75014.0,PARIS 14,75,114,2.0,Appartement,51.0,3.0,195.0
01/09/2023,Vente,"5507000,00",75014.0,PARIS 14,75,114,2.0,Appartement,51.0,1.0,195.0
01/09/2023,Vente,"5507000,00",75014.0,PARIS 14,75,114,2.0,Appartement,51.0,2.0,195.0
01/09/2023,Vente,"5507000,00",75014.0,PARIS 14,75,114,2.0,Appartement,67.0,4.0,195.0
01/09/2023,Vente,"5507000,00",75014.0,PARIS 14,75,114,2.0,Appartement,15.0,1.0,195.0
01/09/2023,Vente,"5507000,00",75014.0,PARIS 14,75,114,2.0,Appartement,26.0,1.0,195.0
01/09/2023,Vente,"5507000,00",75014.0,PARIS 14,75,114,2.0,Appartement,27.0,2.0,195.0
07/09/2023,Vente,"4696500,00",75014.0,PARIS 14,75,114,2.0,Appartement,50.0,1.0,136.0
07/09/2023,Vente,"4696500,00",75014.0,PARIS 14,75,114,2.0,Appartement,41.0,2.0,136.0
07/09/2023,Vente,"4696500,00",75014.0,PARIS 14,75,114,2.0,Appartement,41.0,1.0,136.0
07/09/2023,Vente,"4696500,00",75014.0,PARIS 14,75,114,3.0,Dépendance,0.0,0.0,136.0
07/09/2023,Vente,"4696500,00",75014.0,PARIS 14,75,114,4.0,Local industriel. commercial ou assimilé,85.0,0.0,136.0
07/09/2023,Vente,"4696500,00",75014.0,PARIS 14,75,114,2.0,Appartement,35.0,2.0,136.0
07/09/2023,Vente,"4696500,00",75014.0,PARIS 14,75,114,2.0,Appartement,13.0,1.0,136.0
07/09/2023,Vente,"4696500,00",75014.0,PARIS 14,75,114,2.0,Appartement,39.0,2.0,136.0
07/09/2023,Vente,"4696500,00",75014.0,PARIS 14,75,114,2.0,Appartement,50.0,3.0,136.0
07/09/2023,Vente,"4696500,00",75014.0,PARIS 14,75,114,2.0,Appartement,28.0,2.0,136.0
08/09/2023,Vente,"60000000,00",75006.0,PARIS 06,75,106,4.0,Local industriel. commercial ou assimilé,2579.0,0.0,774.0
08/09/2023,Vente,"7610400,00",75016.0,PARIS 16,75,116,1.0,Maison,255.0,8.0,467.0
11/09/2023,Vente,"11775189,00",75014.0,PARIS 14,75,114,1.0,Maison,496.0,6.0,239.0
11/09/2023,Vente,"1101000,00",75014.0,PARIS 14,75,114,4.0,Local industriel. commercial ou assimilé,115.0,0.0,115.0
12/09/2023,Vente,"55412172,00",75014.0,PARIS 14,75,114,2.0,Appartement,63.0,3.0,1063.0
12/09/2023,Vente,"55412172,00",75014.0,PARIS 14,75,114,4.0,Local industriel. commercial ou assimilé,4565.0,0.0,1063.0
14/09/2023,Vente,"40000000,00",75016.0,PARIS 16,75,116,4.0,Local industriel. commercial ou assimilé,1790.0,0.0,850.0
14/09/2023,Vente,"40000000,00",75016.0,PARIS 16,75,116,4.0,Local industriel. commercial ou assimilé,1790.0,0.0,716.0
22/09/2023,Vente,"433605,00",75013.0,PARIS 13,75,113,1.0,Maison,86.0,6.0,278.0
18/09/2023,Vente,"18680000,00",75012.0,PARIS 12,75,112,4.0,Local industriel. commercial ou assimilé,1000.0,0.0,2702.0
18/09/2023,Vente,"18680000,00",75012.0,PARIS 12,75,112,1.0,Maison,75.0,2.0,2702.0
18/09/2023,Vente,"18680000,00",75012.0,PARIS 12,75,112,4.0,Local industriel. commercial ou assimilé,800.0,0.0,2702.0
18/09/2023,Vente,"18680000,00",75012.0,PARIS 12,75,112,2.0,Appartement,18.0,1.0,2702.0
25/09/2023,Vente,"21665360,00",75012.0,PARIS 12,75,112,4.0,Local industriel. commercial ou assimilé,90.0,0.0,514.0
25/09/2023,Vente,"21665360,00",75012.0,PARIS 12,75,112,4.0,Local industriel. commercial ou assimilé,302.0,0.0,514.0
25/09/2023,Vente,"21665360,00",75012.0,PARIS 12,75,112,4.0,Local industriel. commercial ou assimilé,93.0,0.0,514.0
25/09/2023,Vente,"21665360,00",75012.0,PARIS 12,75,112,4.0,Local industriel. commercial ou assimilé,52.0,0.0,514.0
25/09/2023,Vente,"21665360,00",75012.0,PARIS 12,75,112,4.0,Local industriel. commercial ou assimilé,16.0,0.0,514.0
25/09/2023,Vente,"21665360,00",75012.0,PARIS 12,75,112,4.0,Local industriel. commercial ou assimilé,125.0,0.0,514.0
25/09/2023,Vente,"21665360,00",75012.0,PARIS 12,75,112,4.0,Local industriel. commercial ou assimilé,129.0,0.0,514.0
25/09/2023,Vente,"21665360,00",75012.0,PARIS 12,75,112,4.0,Local industriel. commercial ou assimilé,120.0,0.0,514.0
25/09/2023,Vente,"21665360,00",75012.0,PARIS 12,75,112,4.0,Local industriel. commercial ou assimilé,304.0,0.0,514.0
25/09/2023,Vente,"21665360,00",75012.0,PARIS 12,75,112,4.0,Local industriel. commercial ou assimilé,131.0,0.0,514.0
25/09/2023,Vente,"21665360,00",75012.0,PARIS 12,75,112,4.0,Local industriel. commercial ou assimilé,80.0,0.0,514.0
25/09/2023,Vente,"21665360,00",75012.0,PARIS 12,75,112,4.0,Local industriel. commercial ou assimilé,242.0,0.0,514.0
06/09/2023,Vente,"15174950,00",75007.0,PARIS 07,75,107,1.0,Maison,430.0,13.0,181.0
14/09/2023,Vente,"784088,00",75012.0,PARIS 12,75,112,2.0,Appartement,52.0,2.0,458.0
14/09/2023,Vente,"784088,00",75012.0,PARIS 12,75,112,2.0,Appartement,177.0,6.0,458.0
14/09/2023,Vente,"784088,00",75012.0,PARIS 12,75,112,3.0,Dépendance,0.0,0.0,458.0
14/09/2023,Vente,"784088,00",75012.0,PARIS 12,75,112,2.0,Appartement,90.0,3.0,458.0
14/09/2023,Vente,"784088,00",75012.0,PARIS 12,75,112,2.0,Appartement,15.0,1.0,458.0
14/09/2023,Vente,"784088,00",75012.0,PARIS 12,75,112,4.0,Local industriel. commercial ou assimilé,83.0,0.0,458.0
14/09/2023,Vente,"784088,00",75012.0,PARIS 12,75,112,4.0,Local industriel. commercial ou assimilé,106.0,0.0,458.0
14/09/2023,Vente,"784088,00",75012.0,PARIS 12,75,112,4.0,Local industriel. commercial ou assimilé,48.0,0.0,458.0
14/09/2023,Vente,"784088,00",75012.0,PARIS 12,75,112,2.0,Appartement,20.0,1.0,458.0
14/09/2023,Vente,"784088,00",75012.0,PARIS 12,75,112,4.0,Local industriel. commercial ou assimilé,410.0,0.0,458.0
28/09/2023,Vente,"3478400,00",75016.0,PARIS 16,75,116,1.0,Maison,274.0,7.0,182.0
06/10/2023,Vente,"1300000,00",75012.0,PARIS 12,75,112,2.0,Appartement,31.0,2.0,26.0
06/10/2023,Vente,"1300000,00",75012.0,PARIS 12,75,112,2.0,Appartement,28.0,2.0,26.0
06/10/2023,Vente,"1300000,00",75012.0,PARIS 12,75,112,2.0,Appartement,30.0,2.0,26.0
29/09/2023,Vente,"16800000,00",75016.0,PARIS 16,75,116,4.0,Local industriel. commercial ou assimilé,1610.0,0.0,381.0
18/09/2023,Vente,"5950000,00",75006.0,PARIS 06,75,106,1.0,Maison,195.0,7.0,104.0
28/09/2023,Vente,"3500000,00",75016.0,PARIS 16,75,116,4.0,Local industriel. commercial ou assimilé,841.0,0.0,272.0
28/08/2023,Vente,"2200000,00",75014.0,PARIS 14,75,114,1.0,Maison,225.0,7.0,116.0
03/10/2023,Vente,"9500000,00",75015.0,PARIS 15,75,115,4.0,Local industriel. commercial ou assimilé,960.0,0.0,1758.0
10/10/2023,Vente,"16000000,00",75016.0,PARIS 16,75,116,3.0,Dépendance,0.0,0.0,750.0
10/10/2023,Vente,"16000000,00",75016.0,PARIS 16,75,116,2.0,Appartement,29.0,2.0,750.0
10/10/2023,Vente,"16000000,00",75016.0,PARIS 16,75,116,4.0,Local industriel. commercial ou assimilé,282.0,0.0,750.0
10/10/2023,Vente,"16000000,00",75016.0,PARIS 16,75,116,4.0,Local industriel. commercial ou assimilé,37.0,0.0,750.0
10/10/2023,Vente,"16000000,00",75016.0,PARIS 16,75,116,4.0,Local industriel. commercial ou assimilé,14.0,0.0,750.0
10/10/2023,Vente,"16000000,00",75016.0,PARIS 16,75,116,4.0,Local industriel. commercial ou assimilé,123.0,0.0,750.0
10/10/2023,Vente,"16000000,00",75016.0,PARIS 16,75,116,2.0,Appartement,42.0,3.0,750.0
10/10/2023,Vente,"16000000,00",75016.0,PARIS 16,75,116,2.0,Appartement,60.0,4.0,750.0
10/10/2023,Vente,"16000000,00",75016.0,PARIS 16,75,116,2.0,Appartement,34.0,2.0,750.0
10/10/2023,Vente,"16000000,00",75016.0,PARIS 16,75,116,2.0,Appartement,33.0,2.0,750.0
10/10/2023,Vente,"16000000,00",75016.0,PARIS 16,75,116,2.0,Appartement,37.0,2.0,750.0
10/10/2023,Vente,"16000000,00",75016.0,PARIS 16,75,116,2.0,Appartement,38.0,2.0,750.0
10/10/2023,Vente,"16000000,00",75016.0,PARIS 16,75,116,4.0,Local industriel. commercial ou assimilé,28.0,0.0,750.0
10/10/2023,Vente,"16000000,00",75016.0,PARIS 16,75,116,2.0,Appartement,19.0,1.0,750.0
10/10/2023,Vente,"16000000,00",75016.0,PARIS 16,75,116,2.0,Appartement,9.0,1.0,750.0
10/10/2023,Vente,"16000000,00",75016.0,PARIS 16,75,116,2.0,Appartement,62.0,3.0,750.0
10/10/2023,Vente,"16000000,00",75016.0,PARIS 16,75,116,2.0,Appartement,26.0,1.0,750.0
10/10/2023,Vente,"16000000,00",75016.0,PARIS 16,75,116,2.0,Appartement,35.0,1.0,750.0
10/10/2023,Vente,"16000000,00",75016.0,PARIS 16,75,116,2.0,Appartement,72.0,3.0,750.0
10/10/2023,Vente,"16000000,00",75016.0,PARIS 16,75,116,2.0,Appartement,56.0,3.0,750.0
10/10/2023,Vente,"16000000,00",75016.0,PARIS 16,75,116,2.0,Appartement,66.0,3.0,750.0
10/10/2023,Vente,"16000000,00",75016.0,PARIS 16,75,116,2.0,Appartement,70.0,3.0,750.0
10/10/2023,Vente,"16000000,00",75016.0,PARIS 16,75,116,2.0,Appartement,25.0,1.0,750.0
10/10/2023,Vente,"16000000,00",75016.0,PARIS 16,75,116,2.0,Appartement,13.0,1.0,750.0
10/10/2023,Vente,"16000000,00",75016.0,PARIS 16,75,116,4.0,Local industriel. commercial ou assimilé,6.0,0.0,750.0
10/10/2023,Vente,"16000000,00",75016.0,PARIS 16,75,116,2.0,Appartement,57.0,2.0,750.0
10/10/2023,Vente,"16000000,00",75016.0,PARIS 16,75,116,4.0,Local industriel. commercial ou assimilé,63.0,0.0,750.0
10/10/2023,Vente,"16000000,00",75016.0,PARIS 16,75,116,4.0,Local industriel. commercial ou assimilé,25.0,0.0,750.0
10/10/2023,Vente,"16000000,00",75016.0,PARIS 16,75,116,4.0,Local industriel. commercial ou assimilé,7.0,0.0,750.0
10/10/2023,Vente,"16000000,00",75016.0,PARIS 16,75,116,4.0,Local industriel. commercial ou assimilé,30.0,0.0,750.0
10/10/2023,Vente,"16000000,00",75016.0,PARIS 16,75,116,2.0,Appartement,18.0,1.0,750.0
10/10/2023,Vente,"16000000,00",75016.0,PARIS 16,75,116,4.0,Local industriel. commercial ou assimilé,48.0,0.0,750.0
10/10/2023,Vente,"16000000,00",75016.0,PARIS 16,75,116,2.0,Appartement,63.0,4.0,750.0
10/10/2023,Vente,"16000000,00",75016.0,PARIS 16,75,116,2.0,Appartement,12.0,2.0,750.0
11/10/2023,Vente,"2175000,00",75015.0,PARIS 15,75,115,1.0,Maison,157.0,5.0,98.0
09/10/2023,Vente,"1000,00",75016.0,PARIS 16,75,116,3.0,Dépendance,0.0,0.0,339.0
29/09/2023,Vente,"16250000,00",75006.0,PARIS 06,75,106,4.0,Local industriel. commercial ou assimilé,69.0,0.0,300.0
29/09/2023,Vente,"16250000,00",75006.0,PARIS 06,75,106,4.0,Local industriel. commercial ou assimilé,184.0,0.0,300.0
29/09/2023,Vente,"16250000,00",75006.0,PARIS 06,75,106,2.0,Appartement,190.0,6.0,300.0
29/09/2023,Vente,"16250000,00",75006.0,PARIS 06,75,106,4.0,Local industriel. commercial ou assimilé,64.0,0.0,300.0
29/09/2023,Vente,"16250000,00",75006.0,PARIS 06,75,106,2.0,Appartement,8.0,1.0,300.0
29/09/2023,Vente,"16250000,00",75006.0,PARIS 06,75,106,4.0,Local industriel. commercial ou assimilé,198.0,0.0,300.0
29/09/2023,Vente,"16250000,00",75006.0,PARIS 06,75,106,3.0,Dépendance,0.0,0.0,300.0
29/09/2023,Vente,"16250000,00",75006.0,PARIS 06,75,106,2.0,Appartement,10.0,1.0,300.0
29/09/2023,Vente,"16250000,00",75006.0,PARIS 06,75,106,2.0,Appartement,11.0,1.0,300.0
29/09/2023,Vente,"16250000,00",75006.0,PARIS 06,75,106,2.0,Appartement,50.0,3.0,300.0
29/09/2023,Vente,"16250000,00",75006.0,PARIS 06,75,106,2.0,Appartement,77.0,2.0,300.0
17/10/2023,Vente,"1750000,00",75014.0,PARIS 14,75,114,4.0,Local industriel. commercial ou assimilé,40.0,0.0,64.0
17/10/2023,Vente,"1750000,00",75014.0,PARIS 14,75,114,2.0,Appartement,40.0,3.0,64.0
17/10/2023,Vente,"1750000,00",75014.0,PARIS 14,75,114,2.0,Appartement,50.0,2.0,64.0
17/10/2023,Vente,"1750000,00",75014.0,PARIS 14,75,114,2.0,Appartement,40.0,2.0,64.0
17/10/2023,Vente,"915000,00",75014.0,PARIS 14,75,114,3.0,Dépendance,0.0,0.0,113.0
17/10/2023,Vente,"915000,00",75014.0,PARIS 14,75,114,1.0,Maison,79.0,4.0,113.0
12/10/2023,Vente,"25000000,00",75007.0,PARIS 07,75,107,4.0,Local industriel. commercial ou assimilé,1727.0,0.0,389.0
26/10/2023,Vente,"1650000,00",75012.0,PARIS 12,75,112,2.0,Appartement,30.0,2.0,128.0
26/10/2023,Vente,"1650000,00",75012.0,PARIS 12,75,112,2.0,Appartement,20.0,1.0,128.0
26/10/2023,Vente,"1650000,00",75012.0,PARIS 12,75,112,4.0,Local industriel. commercial ou assimilé,100.0,0.0,128.0
26/10/2023,Vente,"1650000,00",75012.0,PARIS 12,75,112,2.0,Appartement,33.0,2.0,128.0
06/10/2023,Vente,"1120000,00",75013.0,PARIS 13,75,113,1.0,Maison,49.0,3.0,126.0
27/10/2023,Vente,"18600000,00",75006.0,PARIS 06,75,106,2.0,Appartement,128.0,5.0,353.0
27/10/2023,Vente,"18600000,00",75006.0,PARIS 06,75,106,2.0,Appartement,98.0,5.0,353.0
27/10/2023,Vente,"18600000,00",75006.0,PARIS 06,75,106,4.0,Local industriel. commercial ou assimilé,32.0,0.0,353.0
27/10/2023,Vente,"18600000,00",75006.0,PARIS 06,75,106,4.0,Local industriel. commercial ou assimilé,36.0,0.0,353.0
27/10/2023,Vente,"18600000,00",75006.0,PARIS 06,75,106,4.0,Local industriel. commercial ou assimilé,28.0,0.0,353.0
27/10/2023,Vente,"18600000,00",75006.0,PARIS 06,75,106,2.0,Appartement,98.0,4.0,353.0
27/10/2023,Vente,"18600000,00",75006.0,PARIS 06,75,106,2.0,Appartement,60.0,2.0,353.0
27/10/2023,Vente,"18600000,00",75006.0,PARIS 06,75,106,4.0,Local industriel. commercial ou assimilé,103.0,0.0,353.0
27/10/2023,Vente,"18600000,00",75006.0,PARIS 06,75,106,2.0,Appartement,28.0,1.0,353.0
27/10/2023,Vente,"18600000,00",75006.0,PARIS 06,75,106,4.0,Local industriel. commercial ou assimilé,136.0,0.0,353.0
27/10/2023,Vente,"18600000,00",75006.0,PARIS 06,75,106,4.0,Local industriel. commercial ou assimilé,95.0,0.0,353.0
27/10/2023,Vente,"18600000,00",75006.0,PARIS 06,75,106,3.0,Dépendance,0.0,0.0,353.0
27/10/2023,Vente,"18600000,00",75006.0,PARIS 06,75,106,2.0,Appartement,26.0,1.0,353.0
27/10/2023,Vente,"18600000,00",75006.0,PARIS 06,75,106,2.0,Appartement,28.0,2.0,353.0
27/10/2023,Vente,"18600000,00",75006.0,PARIS 06,75,106,2.0,Appartement,45.0,2.0,353.0
27/10/2023,Vente,"18600000,00",75006.0,PARIS 06,75,106,2.0,Appartement,61.0,3.0,353.0
27/10/2023,Vente,"18600000,00",75006.0,PARIS 06,75,106,4.0,Local industriel. commercial ou assimilé,75.0,0.0,353.0
27/10/2023,Vente,"18600000,00",75006.0,PARIS 06,75,106,4.0,Local industriel. commercial ou assimilé,24.0,0.0,353.0
27/10/2023,Vente,"18600000,00",75006.0,PARIS 06,75,106,4.0,Local industriel. commercial ou assimilé,145.0,0.0,353.0
26/10/2023,Vente,"9493250,00",75006.0,PARIS 06,75,106,1.0,Maison,369.0,8.0,226.0
26/10/2023,Vente,"9493250,00",75006.0,PARIS 06,75,106,4.0,Local industriel. commercial ou assimilé,9.0,0.0,226.0
13/10/2023,Vente,"2680000,00",75016.0,PARIS 16,75,116,4.0,Local industriel. commercial ou assimilé,195.0,0.0,82.0
12/10/2023,Vente,"26260000,00",75015.0,PARIS 15,75,115,4.0,Local industriel. commercial ou assimilé,1377.0,0.0,1968.0
12/10/2023,Vente,"26260000,00",75015.0,PARIS 15,75,115,4.0,Local industriel. commercial ou assimilé,129.0,0.0,1968.0
12/10/2023,Vente,"26260000,00",75015.0,PARIS 15,75,115,4.0,Local industriel. commercial ou assimilé,76.0,0.0,1968.0
12/10/2023,Vente,"26260000,00",75015.0,PARIS 15,75,115,3.0,Dépendance,0.0,0.0,1968.0
12/10/2023,Vente,"26260000,00",75015.0,PARIS 15,75,115,4.0,Local industriel. commercial ou assimilé,71.0,0.0,1968.0
12/10/2023,Vente,"26260000,00",75015.0,PARIS 15,75,115,4.0,Local industriel. commercial ou assimilé,93.0,0.0,1968.0
12/10/2023,Vente,"26260000,00",75015.0,PARIS 15,75,115,4.0,Local industriel. commercial ou assimilé,374.0,0.0,1968.0
12/10/2023,Vente,"26260000,00",75015.0,PARIS 15,75,115,2.0,Appartement,50.0,3.0,1968.0
12/10/2023,Vente,"26260000,00",75015.0,PARIS 15,75,115,2.0,Appartement,60.0,3.0,1968.0
12/10/2023,Vente,"26260000,00",75015.0,PARIS 15,75,115,2.0,Appartement,92.0,5.0,1968.0
12/10/2023,Vente,"26260000,00",75015.0,PARIS 15,75,115,2.0,Appartement,62.0,3.0,1968.0
12/10/2023,Vente,"26260000,00",75015.0,PARIS 15,75,115,2.0,Appartement,70.0,4.0,1968.0
27/10/2023,Vente,"18000,00",75016.0,PARIS 16,75,116,2.0,Appartement,10.0,1.0,1160.0
27/10/2023,Vente,"18000,00",75016.0,PARIS 16,75,116,3.0,Dépendance,0.0,0.0,1160.0
20/10/2023,Vente,"1819000,00",75013.0,PARIS 13,75,113,1.0,Maison,120.0,4.0,98.0
30/10/2023,Vente,"3150000,00",75014.0,PARIS 14,75,114,1.0,Maison,180.0,6.0,204.0
23/10/2023,Vente,"18000000,00",75007.0,PARIS 07,75,107,3.0,Dépendance,0.0,0.0,322.0
23/10/2023,Vente,"18000000,00",75007.0,PARIS 07,75,107,2.0,Appartement,38.0,2.0,322.0
23/10/2023,Vente,"18000000,00",75007.0,PARIS 07,75,107,2.0,Appartement,112.0,5.0,322.0
23/10/2023,Vente,"18000000,00",75007.0,PARIS 07,75,107,2.0,Appartement,118.0,5.0,322.0
23/10/2023,Vente,"18000000,00",75007.0,PARIS 07,75,107,4.0,Local industriel. commercial ou assimilé,183.0,0.0,322.0
23/10/2023,Vente,"18000000,00",75007.0,PARIS 07,75,107,2.0,Appartement,14.0,1.0,322.0
23/10/2023,Vente,"18000000,00",75007.0,PARIS 07,75,107,2.0,Appartement,101.0,4.0,322.0
23/10/2023,Vente,"18000000,00",75007.0,PARIS 07,75,107,2.0,Appartement,118.0,6.0,322.0
23/10/2023,Vente,"18000000,00",75007.0,PARIS 07,75,107,4.0,Local industriel. commercial ou assimilé,200.0,0.0,322.0
23/10/2023,Vente,"18000000,00",75007.0,PARIS 07,75,107,4.0,Local industriel. commercial ou assimilé,168.0,0.0,322.0
23/10/2023,Vente,"18000000,00",75007.0,PARIS 07,75,107,4.0,Local industriel. commercial ou assimilé,142.0,0.0,322.0
09/11/2023,Vente,"385000,00",75013.0,PARIS 13,75,113,1.0,Maison,89.0,4.0,78.0
09/11/2023,Vente,"2713300,00",75015.0,PARIS 15,75,115,1.0,Maison,180.0,6.0,90.0
06/11/2023,Vente,"1,00",75013.0,PARIS 13,75,113,2.0,Appartement,62.0,3.0,78.0
25/10/2023,Vente,"1,00",75016.0,PARIS 16,75,116,3.0,Dépendance,0.0,0.0,1101.0
25/10/2023,Vente,"1,00",75016.0,PARIS 16,75,116,2.0,Appartement,45.0,2.0,1101.0
14/11/2023,Vente,"3120000,00",75006.0,PARIS 06,75,106,2.0,Appartement,25.0,1.0,78.0
14/11/2023,Vente,"3120000,00",75006.0,PARIS 06,75,106,4.0,Local industriel. commercial ou assimilé,116.0,0.0,78.0
14/11/2023,Vente,"3120000,00",75006.0,PARIS 06,75,106,2.0,Appartement,45.0,3.0,78.0
14/11/2023,Vente,"3120000,00",75006.0,PARIS 06,75,106,2.0,Appartement,42.0,3.0,78.0
14/11/2023,Vente,"3120000,00",75006.0,PARIS 06,75,106,2.0,Appartement,50.0,2.0,78.0
14/11/2023,Vente,"3120000,00",75006.0,PARIS 06,75,106,3.0,Dépendance,0.0,0.0,78.0
14/11/2023,Vente,"3120000,00",75006.0,PARIS 06,75,106,2.0,Appartement,45.0,2.0,78.0
14/11/2023,Vente,"3120000,00",75006.0,PARIS 06,75,106,2.0,Appartement,65.0,3.0,78.0
14/11/2023,Vente,"3120000,00",75006.0,PARIS 06,75,106,2.0,Appartement,21.0,2.0,78.0
25/10/2023,Vente,"3000000,00",75015.0,PARIS 15,75,115,1.0,Maison,100.0,4.0,462.0
25/10/2023,Vente,"3000000,00",75015.0,PARIS 15,75,115,4.0,Local industriel. commercial ou assimilé,28.0,0.0,462.0
25/10/2023,Vente,"3000000,00",75015.0,PARIS 15,75,115,2.0,Appartement,20.0,1.0,462.0
25/10/2023,Vente,"3000000,00",75015.0,PARIS 15,75,115,2.0,Appartement,22.0,1.0,462.0
25/10/2023,Vente,"3000000,00",75015.0,PARIS 15,75,115,2.0,Appartement,68.0,4.0,462.0
25/10/2023,Vente,"3000000,00",75015.0,PARIS 15,75,115,2.0,Appartement,67.0,4.0,462.0
25/10/2023,Vente,"3000000,00",75015.0,PARIS 15,75,115,3.0,Dépendance,0.0,0.0,462.0
15/11/2023,Vente,"8972,00",75013.0,PARIS 13,75,113,3.0,Dépendance,0.0,0.0,1151.0
15/11/2023,Vente,"8972,00",75013.0,PARIS 13,75,113,2.0,Appartement,45.0,2.0,1151.0
15/11/2023,Vente,"8972,00",75013.0,PARIS 13,75,113,2.0,Appartement,36.0,1.0,1151.0
15/11/2023,Vente,"8972,00",75013.0,PARIS 13,75,113,2.0,Appartement,44.0,2.0,1151.0
15/11/2023,Vente,"8972,00",75013.0,PARIS 13,75,113,2.0,Appartement,51.0,2.0,1151.0
15/11/2023,Vente,"8972,00",75013.0,PARIS 13,75,113,2.0,Appartement,31.0,2.0,1151.0
15/11/2023,Vente,"8972,00",75013.0,PARIS 13,75,113,4.0,Local industriel. commercial ou assimilé,25.0,0.0,1151.0
15/11/2023,Vente,"8972,00",75013.0,PARIS 13,75,113,2.0,Appartement,21.0,1.0,1151.0
15/11/2023,Vente,"8972,00",75013.0,PARIS 13,75,113,2.0,Appartement,33.0,1.0,1151.0
15/11/2023,Vente,"8972,00",75013.0,PARIS 13,75,113,2.0,Appartement,27.0,1.0,1151.0
15/11/2023,Vente,"8972,00",75013.0,PARIS 13,75,113,2.0,Appartement,42.0,2.0,1151.0
15/11/2023,Vente,"8972,00",75013.0,PARIS 13,75,113,2.0,Appartement,26.0,2.0,1151.0
15/11/2023,Vente,"8972,00",75013.0,PARIS 13,75,113,2.0,Appartement,26.0,1.0,1151.0
15/11/2023,Vente,"8972,00",75013.0,PARIS 13,75,113,2.0,Appartement,46.0,2.0,1151.0
15/11/2023,Vente,"8972,00",75013.0,PARIS 13,75,113,2.0,Appartement,25.0,1.0,1151.0
15/11/2023,Vente,"8972,00",75013.0,PARIS 13,75,113,2.0,Appartement,41.0,2.0,1151.0
15/11/2023,Vente,"8972,00",75013.0,PARIS 13,75,113,2.0,Appartement,40.0,2.0,1151.0
15/11/2023,Vente,"8972,00",75013.0,PARIS 13,75,113,2.0,Appartement,43.0,2.0,1151.0
15/11/2023,Vente,"8972,00",75013.0,PARIS 13,75,113,2.0,Appartement,35.0,1.0,1151.0
15/11/2023,Vente,"8972,00",75013.0,PARIS 13,75,113,4.0,Local industriel. commercial ou assimilé,112.0,0.0,1151.0
15/11/2023,Vente,"8972,00",75013.0,PARIS 13,75,113,2.0,Appartement,52.0,2.0,1151.0
15/11/2023,Vente,"8972,00",75013.0,PARIS 13,75,113,2.0,Appartement,31.0,1.0,1151.0
15/11/2023,Vente,"8972,00",75013.0,PARIS 13,75,113,2.0,Appartement,34.0,1.0,1151.0
15/11/2023,Vente,"8972,00",75013.0,PARIS 13,75,113,2.0,Appartement,14.0,1.0,1151.0
15/11/2023,Vente,"8972,00",75013.0,PARIS 13,75,113,2.0,Appartement,48.0,2.0,1151.0
15/11/2023,Vente,"8972,00",75013.0,PARIS 13,75,113,2.0,Appartement,49.0,2.0,1151.0
15/11/2023,Vente,"8972,00",75013.0,PARIS 13,75,113,2.0,Appartement,50.0,2.0,1151.0
16/11/2023,Echange,"1100000,00",75013.0,PARIS 13,75,113,1.0,Maison,89.0,4.0,78.0
16/11/2023,Echange,"1515000,00",75013.0,PARIS 13,75,113,1.0,Maison,135.0,5.0,103.0
10/11/2023,Vente,"120000000,00",75012.0,PARIS 12,75,112,4.0,Local industriel. commercial ou assimilé,4494.0,0.0,1624.0
14/11/2023,Vente,"1310000,00",75014.0,PARIS 14,75,114,1.0,Maison,76.0,5.0,123.0
20/11/2023,Vente,"1706800,00",75013.0,PARIS 13,75,113,1.0,Maison,122.0,6.0,152.0
09/11/2023,Vente,"6098000,00",75016.0,PARIS 16,75,116,1.0,Maison,147.0,7.0,296.0
30/11/2023,Vente,"750000,00",75014.0,PARIS 14,75,114,4.0,Local industriel. commercial ou assimilé,338.0,0.0,128.0
30/11/2023,Vente,"750000,00",75014.0,PARIS 14,75,114,2.0,Appartement,22.0,1.0,128.0
30/11/2023,Vente,"10120000,00",75011.0,PARIS 11,75,111,4.0,Local industriel. commercial ou assimilé,17.0,0.0,737.0
30/11/2023,Vente,"10120000,00",75011.0,PARIS 11,75,111,3.0,Dépendance,0.0,0.0,737.0
30/11/2023,Vente,"10120000,00",75011.0,PARIS 11,75,111,2.0,Appartement,25.0,2.0,737.0
30/11/2023,Vente,"10120000,00",75011.0,PARIS 11,75,111,2.0,Appartement,24.0,1.0,737.0
30/11/2023,Vente,"10120000,00",75011.0,PARIS 11,75,111,2.0,Appartement,43.0,2.0,737.0
30/11/2023,Vente,"10120000,00",75011.0,PARIS 11,75,111,2.0,Appartement,57.0,3.0,737.0
30/11/2023,Vente,"10120000,00",75011.0,PARIS 11,75,111,4.0,Local industriel. commercial ou assimilé,23.0,0.0,737.0
30/11/2023,Vente,"10120000,00",75011.0,PARIS 11,75,111,4.0,Local industriel. commercial ou assimilé,321.0,0.0,737.0
30/11/2023,Vente,"10120000,00",75011.0,PARIS 11,75,111,4.0,Local industriel. commercial ou assimilé,39.0,0.0,737.0
30/11/2023,Vente,"10120000,00",75011.0,PARIS 11,75,111,4.0,Local industriel. commercial ou assimilé,26.0,0.0,737.0
30/11/2023,Vente,"10120000,00",75011.0,PARIS 11,75,111,4.0,Local industriel. commercial ou assimilé,209.0,0.0,737.0
30/11/2023,Vente,"10120000,00",75011.0,PARIS 11,75,111,4.0,Local industriel. commercial ou assimilé,18.0,0.0,737.0
30/11/2023,Vente,"10120000,00",75011.0,PARIS 11,75,111,2.0,Appartement,50.0,3.0,737.0
30/11/2023,Vente,"10120000,00",75011.0,PARIS 11,75,111,4.0,Local industriel. commercial ou assimilé,330.0,0.0,737.0
30/11/2023,Vente,"10120000,00",75011.0,PARIS 11,75,111,2.0,Appartement,29.0,2.0,737.0
30/11/2023,Vente,"10120000,00",75011.0,PARIS 11,75,111,2.0,Appartement,21.0,2.0,737.0
30/11/2023,Vente,"10120000,00",75011.0,PARIS 11,75,111,2.0,Appartement,22.0,1.0,737.0
30/11/2023,Vente,"10120000,00",75011.0,PARIS 11,75,111,2.0,Appartement,28.0,1.0,737.0
30/11/2023,Vente,"10120000,00",75011.0,PARIS 11,75,111,2.0,Appartement,42.0,2.0,737.0
30/11/2023,Vente,"10120000,00",75011.0,PARIS 11,75,111,4.0,Local industriel. commercial ou assimilé,53.0,0.0,737.0
27/11/2023,Vente,"1915000,00",75011.0,PARIS 11,75,111,1.0,Maison,139.0,7.0,69.0
06/12/2023,Vente,"44000000,00",75011.0,PARIS 11,75,111,4.0,Local industriel. commercial ou assimilé,2564.0,0.0,496.0
01/12/2023,Vente,"4759500,00",75016.0,PARIS 16,75,116,2.0,Appartement,32.0,1.0,272.0
01/12/2023,Vente,"4759500,00",75016.0,PARIS 16,75,116,2.0,Appartement,225.0,7.0,272.0
18/12/2023,Adjudication,"1400000,00",75005.0,PARIS 05,75,105,2.0,Appartement,84.0,6.0,33.0
18/12/2023,Adjudication,"1400000,00",75005.0,PARIS 05,75,105,4.0,Local industriel. commercial ou assimilé,23.0,0.0,33.0
15/12/2023,Vente,"5100000,00",75016.0,PARIS 16,75,116,3.0,Dépendance,0.0,0.0,275.0
15/12/2023,Vente,"5100000,00",75016.0,PARIS 16,75,116,2.0,Appartement,205.0,5.0,275.0
15/12/2023,Vente,"5100000,00",75016.0,PARIS 16,75,116,2.0,Appartement,56.0,3.0,275.0
29/11/2023,Vente,"1059900,00",75013.0,PARIS 13,75,113,3.0,Dépendance,0.0,0.0,68.0
29/11/2023,Vente,"1059900,00",75013.0,PARIS 13,75,113,1.0,Maison,52.0,4.0,68.0
30/11/2023,Vente,"14250000,00",75006.0,PARIS 06,75,106,3.0,Dépendance,0.0,0.0,317.0
30/11/2023,Vente,"14250000,00",75006.0,PARIS 06,75,106,4.0,Local industriel. commercial ou assimilé,143.0,0.0,317.0
30/11/2023,Vente,"14250000,00",75006.0,PARIS 06,75,106,4.0,Local industriel. commercial ou assimilé,35.0,0.0,317.0
30/11/2023,Vente,"14250000,00",75006.0,PARIS 06,75,106,2.0,Appartement,18.0,1.0,317.0
30/11/2023,Vente,"14250000,00",75006.0,PARIS 06,75,106,2.0,Appartement,96.0,5.0,317.0
30/11/2023,Vente,"14250000,00",75006.0,PARIS 06,75,106,2.0,Appartement,90.0,4.0,317.0
30/11/2023,Vente,"14250000,00",75006.0,PARIS 06,75,106,2.0,Appartement,91.0,3.0,317.0
30/11/2023,Vente,"14250000,00",75006.0,PARIS 06,75,106,2.0,Appartement,90.0,3.0,317.0
30/11/2023,Vente,"14250000,00",75006.0,PARIS 06,75,106,2.0,Appartement,32.0,2.0,317.0
30/11/2023,Vente,"14250000,00",75006.0,PARIS 06,75,106,2.0,Appartement,15.0,1.0,317.0
30/11/2023,Vente,"14250000,00",75006.0,PARIS 06,75,106,2.0,Appartement,12.0,1.0,317.0
30/11/2023,Vente,"14250000,00",75006.0,PARIS 06,75,106,2.0,Appartement,6.0,1.0,317.0
30/11/2023,Vente,"14250000,00",75006.0,PARIS 06,75,106,2.0,Appartement,33.0,2.0,317.0
30/11/2023,Vente,"14250000,00",75006.0,PARIS 06,75,106,2.0,Appartement,13.0,1.0,317.0
30/11/2023,Vente,"14250000,00",75006.0,PARIS 06,75,106,2.0,Appartement,37.0,2.0,317.0
30/11/2023,Vente,"14250000,00",75006.0,PARIS 06,75,106,2.0,Appartement,55.0,3.0,317.0
30/11/2023,Vente,"14250000,00",75006.0,PARIS 06,75,106,2.0,Appartement,56.0,3.0,317.0
30/11/2023,Vente,"14250000,00",75006.0,PARIS 06,75,106,2.0,Appartement,47.0,2.0,317.0
29/11/2023,Vente,"2473500,00",75012.0,PARIS 12,75,112,3.0,Dépendance,0.0,0.0,269.0
29/11/2023,Vente,"2473500,00",75012.0,PARIS 12,75,112,1.0,Maison,140.0,6.0,269.0
29/11/2023,Vente,"2473500,00",75012.0,PARIS 12,75,112,4.0,Local industriel. commercial ou assimilé,72.0,0.0,269.0
11/12/2023,Vente,"12000000,00",75016.0,PARIS 16,75,116,2.0,Appartement,29.0,1.0,346.0
11/12/2023,Vente,"12000000,00",75016.0,PARIS 16,75,116,2.0,Appartement,45.0,1.0,346.0
11/12/2023,Vente,"12000000,00",75016.0,PARIS 16,75,116,4.0,Local industriel. commercial ou assimilé,83.0,0.0,346.0
11/12/2023,Vente,"12000000,00",75016.0,PARIS 16,75,116,3.0,Dépendance,0.0,0.0,346.0
11/12/2023,Vente,"12000000,00",75016.0,PARIS 16,75,116,2.0,Appartement,108.0,2.0,346.0
11/12/2023,Vente,"12000000,00",75016.0,PARIS 16,75,116,2.0,Appartement,102.0,3.0,346.0
11/12/2023,Vente,"12000000,00",75016.0,PARIS 16,75,116,2.0,Appartement,54.0,1.0,346.0
11/12/2023,Vente,"12000000,00",75016.0,PARIS 16,75,116,2.0,Appartement,125.0,5.0,346.0
11/12/2023,Vente,"12000000,00",75016.0,PARIS 16,75,116,2.0,Appartement,103.0,4.0,346.0
11/12/2023,Vente,"12000000,00",75016.0,PARIS 16,75,116,4.0,Local industriel. commercial ou assimilé,40.0,0.0,346.0
11/12/2023,Vente,"12000000,00",75016.0,PARIS 16,75,116,2.0,Appartement,146.0,4.0,346.0
11/12/2023,Vente,"12000000,00",75016.0,PARIS 16,75,116,2.0,Appartement,145.0,4.0,346.0
14/12/2023,Vente,"1750000,00",75015.0,PARIS 15,75,115,4.0,Local industriel. commercial ou assimilé,912.0,0.0,300.0
14/12/2023,Vente,"2400000,00",75011.0,PARIS 11,75,111,2.0,Appartement,19.0,1.0,57.0
14/12/2023,Vente,"2400000,00",75011.0,PARIS 11,75,111,3.0,Dépendance,0.0,0.0,57.0
14/12/2023,Vente,"2400000,00",75011.0,PARIS 11,75,111,2.0,Appartement,21.0,1.0,57.0
14/12/2023,Vente,"2400000,00",75011.0,PARIS 11,75,111,4.0,Local industriel. commercial ou assimilé,15.0,0.0,57.0
15/12/2023,Vente,"3100000,00",75014.0,PARIS 14,75,114,2.0,Appartement,47.0,3.0,167.0
15/12/2023,Vente,"3100000,00",75014.0,PARIS 14,75,114,2.0,Appartement,49.0,3.0,167.0
15/12/2023,Vente,"3100000,00",75014.0,PARIS 14,75,114,2.0,Appartement,34.0,2.0,167.0
15/12/2023,Vente,"3100000,00",75014.0,PARIS 14,75,114,2.0,Appartement,16.0,1.0,167.0
15/12/2023,Vente,"3100000,00",75014.0,PARIS 14,75,114,2.0,Appartement,42.0,2.0,167.0
15/12/2023,Vente,"3100000,00",75014.0,PARIS 14,75,114,2.0,Appartement,29.0,1.0,167.0
15/12/2023,Vente,"3100000,00",75014.0,PARIS 14,75,114,2.0,Appartement,18.0,1.0,167.0
15/12/2023,Vente,"3100000,00",75014.0,PARIS 14,75,114,4.0,Local industriel. commercial ou assimilé,60.0,0.0,167.0
19/12/2023,Vente,"8000000,00",75012.0,PARIS 12,75,112,3.0,Dépendance,0.0,0.0,619.0
05/12/2023,Vente,"62600000,00",75016.0,PARIS 16,75,116,4.0,Local industriel. commercial ou assimilé,4040.0,0.0,781.0
05/12/2023,Vente,"62600000,00",75016.0,PARIS 16,75,116,4.0,Local industriel. commercial ou assimilé,1627.0,0.0,781.0
05/12/2023,Vente,"62600000,00",75016.0,PARIS 16,75,116,4.0,Local industriel. commercial ou assimilé,0.0,0.0,781.0
13/12/2023,Vente,"2200000,00",75014.0,PARIS 14,75,114,1.0,Maison,95.0,6.0,281.0
21/12/2023,Vente,"2075645,00",75014.0,PARIS 14,75,114,3.0,Dépendance,0.0,0.0,201.0
21/12/2023,Vente,"2075645,00",75014.0,PARIS 14,75,114,1.0,Maison,180.0,4.0,201.0
20/12/2023,Vente,"19000000,00",75014.0,PARIS 14,75,114,3.0,Dépendance,0.0,0.0,1246.0
20/12/2023,Vente,"19000000,00",75014.0,PARIS 14,75,114,2.0,Appartement,56.0,3.0,1246.0
20/12/2023,Vente,"19000000,00",75014.0,PARIS 14,75,114,2.0,Appartement,41.0,2.0,1246.0
20/12/2023,Vente,"19000000,00",75014.0,PARIS 14,75,114,2.0,Appartement,76.0,4.0,1246.0
20/12/2023,Vente,"19000000,00",75014.0,PARIS 14,75,114,2.0,Appartement,59.0,3.0,1246.0
20/12/2023,Vente,"19000000,00",75014.0,PARIS 14,75,114,2.0,Appartement,72.0,4.0,1246.0
20/12/2023,Vente,"19000000,00",75014.0,PARIS 14,75,114,2.0,Appartement,71.0,4.0,1246.0
20/12/2023,Vente,"19000000,00",75014.0,PARIS 14,75,114,2.0,Appartement,62.0,3.0,1246.0
20/12/2023,Vente,"19000000,00",75014.0,PARIS 14,75,114,2.0,Appartement,56.0,2.0,1246.0
20/12/2023,Vente,"19000000,00",75014.0,PARIS 14,75,114,2.0,Appartement,46.0,2.0,1246.0
20/12/2023,Vente,"19000000,00",75014.0,PARIS 14,75,114,2.0,Appartement,66.0,3.0,1246.0
20/12/2023,Vente,"19000000,00",75014.0,PARIS 14,75,114,2.0,Appartement,79.0,3.0,1246.0
20/12/2023,Vente,"19000000,00",75014.0,PARIS 14,75,114,2.0,Appartement,74.0,3.0,1246.0
20/12/2023,Vente,"19000000,00",75014.0,PARIS 14,75,114,2.0,Appartement,60.0,3.0,1246.0
20/12/2023,Vente,"19000000,00",75014.0,PARIS 14,75,114,2.0,Appartement,29.0,1.0,1246.0
28/12/2023,Vente,"5630000,00",75011.0,PARIS 11,75,111,2.0,Appartement,31.0,1.0,484.0
28/12/2023,Vente,"5630000,00",75011.0,PARIS 11,75,111,2.0,Appartement,45.0,2.0,484.0
28/12/2023,Vente,"5630000,00",75011.0,PARIS 11,75,111,2.0,Appartement,47.0,2.0,484.0
28/12/2023,Vente,"5630000,00",75011.0,PARIS 11,75,111,2.0,Appartement,88.0,3.0,484.0
28/12/2023,Vente,"5630000,00",75011.0,PARIS 11,75,111,2.0,Appartement,43.0,2.0,484.0
28/12/2023,Vente,"5630000,00",75011.0,PARIS 11,75,111,2.0,Appartement,30.0,1.0,484.0
28/12/2023,Vente,"5630000,00",75011.0,PARIS 11,75,111,4.0,Local industriel. commercial ou assimilé,134.0,0.0,484.0
07/12/2023,Vente,"15200000,00",75014.0,PARIS 14,75,114,4.0,Local industriel. commercial ou assimilé,1108.0,0.0,205.0
20/12/2023,Vente,"3050000,00",75011.0,PARIS 11,75,111,2.0,Appartement,75.0,3.0,196.0
20/12/2023,Vente,"3050000,00",75011.0,PARIS 11,75,111,4.0,Local industriel. commercial ou assimilé,350.0,0.0,196.0
21/12/2023,Vente,"36500000,00",75016.0,PARIS 16,75,116,2.0,Appartement,218.0,6.0,919.0
21/12/2023,Vente,"36500000,00",75016.0,PARIS 16,75,116,2.0,Appartement,231.0,6.0,919.0
21/12/2023,Vente,"36500000,00",75016.0,PARIS 16,75,116,3.0,Dépendance,0.0,0.0,919.0
21/12/2023,Vente,"36500000,00",75016.0,PARIS 16,75,116,2.0,Appartement,134.0,3.0,919.0
21/12/2023,Vente,"36500000,00",75016.0,PARIS 16,75,116,2.0,Appartement,186.0,5.0,919.0
21/12/2023,Vente,"36500000,00",75016.0,PARIS 16,75,116,2.0,Appartement,145.0,5.0,919.0
21/12/2023,Vente,"36500000,00",75016.0,PARIS 16,75,116,2.0,Appartement,151.0,5.0,919.0
21/12/2023,Vente,"36500000,00",75016.0,PARIS 16,75,116,2.0,Appartement,157.0,4.0,919.0
21/12/2023,Vente,"36500000,00",75016.0,PARIS 16,75,116,2.0,Appartement,265.0,5.0,919.0
21/12/2023,Vente,"36500000,00",75016.0,PARIS 16,75,116,2.0,Appartement,156.0,5.0,919.0
21/12/2023,Vente,"36500000,00",75016.0,PARIS 16,75,116,2.0,Appartement,136.0,3.0,919.0
21/12/2023,Vente,"36500000,00",75016.0,PARIS 16,75,116,2.0,Appartement,228.0,6.0,919.0
21/12/2023,Vente,"36500000,00",75016.0,PARIS 16,75,116,2.0,Appartement,278.0,5.0,919.0
21/12/2023,Vente,"36500000,00",75016.0,PARIS 16,75,116,2.0,Appartement,147.0,6.0,919.0
21/12/2023,Vente,"36500000,00",75016.0,PARIS 16,75,116,2.0,Appartement,50.0,2.0,919.0
21/12/2023,Vente,"36500000,00",75016.0,PARIS 16,75,116,2.0,Appartement,17.0,2.0,919.0
21/12/2023,Vente,"36500000,00",75016.0,PARIS 16,75,116,2.0,Appartement,138.0,4.0,919.0
21/12/2023,Vente,"36500000,00",75016.0,PARIS 16,75,116,2.0,Appartement,157.0,5.0,919.0
21/12/2023,Vente,"36500000,00",75016.0,PARIS 16,75,116,2.0,Appartement,134.0,5.0,919.0
21/12/2023,Vente,"36500000,00",75016.0,PARIS 16,75,116,2.0,Appartement,137.0,4.0,919.0
21/12/2023,Vente,"36500000,00",75016.0,PARIS 16,75,116,2.0,Appartement,78.0,4.0,919.0
21/12/2023,Vente,"36500000,00",75016.0,PARIS 16,75,116,4.0,Local industriel. commercial ou assimilé,11.0,0.0,919.0
21/12/2023,Vente,"36500000,00",75016.0,PARIS 16,75,116,2.0,Appartement,107.0,4.0,919.0
19/12/2023,Vente,"6850000,00",75011.0,PARIS 11,75,111,2.0,Appartement,14.0,1.0,217.0
19/12/2023,Vente,"6850000,00",75011.0,PARIS 11,75,111,2.0,Appartement,16.0,1.0,217.0
19/12/2023,Vente,"6850000,00",75011.0,PARIS 11,75,111,4.0,Local industriel. commercial ou assimilé,24.0,0.0,217.0
19/12/2023,Vente,"6850000,00",75011.0,PARIS 11,75,111,2.0,Appartement,19.0,1.0,217.0
19/12/2023,Vente,"6850000,00",75011.0,PARIS 11,75,111,2.0,Appartement,33.0,2.0,217.0
19/12/2023,Vente,"6850000,00",75011.0,PARIS 11,75,111,2.0,Appartement,29.0,2.0,217.0
19/12/2023,Vente,"6850000,00",75011.0,PARIS 11,75,111,2.0,Appartement,48.0,3.0,217.0
19/12/2023,Vente,"6850000,00",75011.0,PARIS 11,75,111,2.0,Appartement,83.0,4.0,217.0
19/12/2023,Vente,"6850000,00",75011.0,PARIS 11,75,111,2.0,Appartement,67.0,4.0,217.0
19/12/2023,Vente,"6850000,00",75011.0,PARIS 11,75,111,3.0,Dépendance,0.0,0.0,217.0
19/12/2023,Vente,"6850000,00",75011.0,PARIS 11,75,111,2.0,Appartement,34.0,2.0,217.0
19/12/2023,Vente,"6850000,00",75011.0,PARIS 11,75,111,2.0,Appartement,7.0,1.0,217.0
19/12/2023,Vente,"6850000,00",75011.0,PARIS 11,75,111,2.0,Appartement,9.0,1.0,217.0
19/12/2023,Vente,"6850000,00",75011.0,PARIS 11,75,111,2.0,Appartement,11.0,1.0,217.0
19/12/2023,Vente,"6850000,00",75011.0,PARIS 11,75,111,2.0,Appartement,15.0,1.0,217.0
19/12/2023,Vente,"6850000,00",75011.0,PARIS 11,75,111,2.0,Appartement,30.0,2.0,217.0
19/12/2023,Vente,"6850000,00",75011.0,PARIS 11,75,111,4.0,Local industriel. commercial ou assimilé,35.0,0.0,217.0
19/12/2023,Vente,"6850000,00",75011.0,PARIS 11,75,111,2.0,Appartement,20.0,1.0,217.0
20/12/2023,Vente,"9426000,00",75011.0,PARIS 11,75,111,3.0,Dépendance,0.0,0.0,610.0
20/12/2023,Vente,"9426000,00",75011.0,PARIS 11,75,111,2.0,Appartement,113.0,5.0,610.0
20/12/2023,Vente,"9426000,00",75011.0,PARIS 11,75,111,2.0,Appartement,80.0,3.0,610.0
20/12/2023,Vente,"9426000,00",75011.0,PARIS 11,75,111,4.0,Local industriel. commercial ou assimilé,24.0,0.0,610.0
20/12/2023,Vente,"9426000,00",75011.0,PARIS 11,75,111,4.0,Local industriel. commercial ou assimilé,73.0,0.0,610.0
20/12/2023,Vente,"9426000,00",75011.0,PARIS 11,75,111,2.0,Appartement,36.0,2.0,610.0
20/12/2023,Vente,"9426000,00",75011.0,PARIS 11,75,111,2.0,Appartement,70.0,3.0,610.0
20/12/2023,Vente,"9426000,00",75011.0,PARIS 11,75,111,2.0,Appartement,101.0,5.0,610.0
18/12/2023,Vente,"4500000,00",75016.0,PARIS 16,75,116,3.0,Dépendance,0.0,0.0,166.0
18/12/2023,Vente,"4500000,00",75016.0,PARIS 16,75,116,1.0,Maison,265.0,9.0,166.0
21/12/2023,Vente,"13000000,00",75006.0,PARIS 06,75,106,4.0,Local industriel. commercial ou assimilé,10.0,0.0,303.0
21/12/2023,Vente,"13000000,00",75006.0,PARIS 06,75,106,2.0,Appartement,8.0,1.0,303.0
21/12/2023,Vente,"7000000,00",75007.0,PARIS 07,75,107,4.0,Local industriel. commercial ou assimilé,1327.0,0.0,349.0
29/12/2023,Vente,"4800000,00",75015.0,PARIS 15,75,115,2.0,Appartement,33.0,2.0,164.0
29/12/2023,Vente,"4800000,00",75015.0,PARIS 15,75,115,2.0,Appartement,29.0,2.0,164.0
29/12/2023,Vente,"4800000,00",75015.0,PARIS 15,75,115,2.0,Appartement,43.0,3.0,164.0
29/12/2023,Vente,"4800000,00",75015.0,PARIS 15,75,115,2.0,Appartement,30.0,2.0,164.0
29/12/2023,Vente,"4800000,00",75015.0,PARIS 15,75,115,2.0,Appartement,34.0,2.0,164.0
29/12/2023,Vente,"4800000,00",75015.0,PARIS 15,75,115,2.0,Appartement,16.0,1.0,164.0
29/12/2023,Vente,"4800000,00",75015.0,PARIS 15,75,115,2.0,Appartement,17.0,2.0,164.0
29/12/2023,Vente,"4800000,00",75015.0,PARIS 15,75,115,2.0,Appartement,21.0,2.0,164.0
29/12/2023,Vente,"4800000,00",75015.0,PARIS 15,75,115,2.0,Appartement,11.0,1.0,164.0
29/12/2023,Vente,"4800000,00",75015.0,PARIS 15,75,115,3.0,Dépendance,0.0,0.0,164.0
29/12/2023,Vente,"4800000,00",75015.0,PARIS 15,75,115,2.0,Appartement,54.0,3.0,164.0
29/12/2023,Vente,"4800000,00",75015.0,PARIS 15,75,115,2.0,Appartement,39.0,3.0,164.0
21/12/2023,Vente,"63000000,00",75012.0,PARIS 12,75,112,2.0,Appartement,80.0,4.0,3604.0
21/12/2023,Vente,"63000000,00",75012.0,PARIS 12,75,112,2.0,Appartement,37.0,1.0,3604.0
21/12/2023,Vente,"63000000,00",75012.0,PARIS 12,75,112,2.0,Appartement,58.0,2.0,3604.0
21/12/2023,Vente,"63000000,00",75012.0,PARIS 12,75,112,3.0,Dépendance,0.0,0.0,3604.0
21/12/2023,Vente,"63000000,00",75012.0,PARIS 12,75,112,2.0,Appartement,35.0,1.0,3604.0
21/12/2023,Vente,"63000000,00",75012.0,PARIS 12,75,112,2.0,Appartement,85.0,4.0,3604.0
21/12/2023,Vente,"63000000,00",75012.0,PARIS 12,75,112,2.0,Appartement,120.0,6.0,3604.0
21/12/2023,Vente,"63000000,00",75012.0,PARIS 12,75,112,2.0,Appartement,23.0,1.0,3604.0
21/12/2023,Vente,"63000000,00",75012.0,PARIS 12,75,112,2.0,Appartement,68.0,3.0,3604.0
21/12/2023,Vente,"63000000,00",75012.0,PARIS 12,75,112,2.0,Appartement,15.0,1.0,3604.0
21/12/2023,Vente,"63000000,00",75012.0,PARIS 12,75,112,2.0,Appartement,25.0,1.0,3604.0
21/12/2023,Vente,"63000000,00",75012.0,PARIS 12,75,112,2.0,Appartement,63.0,3.0,3604.0
21/12/2023,Vente,"63000000,00",75012.0,PARIS 12,75,112,2.0,Appartement,22.0,1.0,3604.0
21/12/2023,Vente,"63000000,00",75012.0,PARIS 12,75,112,2.0,Appartement,93.0,4.0,3604.0
21/12/2023,Vente,"63000000,00",75012.0,PARIS 12,75,112,4.0,Local industriel. commercial ou assimilé,17.0,0.0,3604.0
21/12/2023,Vente,"63000000,00",75012.0,PARIS 12,75,112,2.0,Appartement,48.0,2.0,3604.0
21/12/2023,Vente,"63000000,00",75012.0,PARIS 12,75,112,4.0,Local industriel. commercial ou assimilé,58.0,0.0,3604.0
21/12/2023,Vente,"63000000,00",75012.0,PARIS 12,75,112,4.0,Local industriel. commercial ou assimilé,275.0,0.0,3604.0
21/12/2023,Vente,"63000000,00",75012.0,PARIS 12,75,112,4.0,Local industriel. commercial ou assimilé,744.0,0.0,3604.0
20/12/2023,Vente,"10350000,00",75011.0,PARIS 11,75,111,2.0,Appartement,106.0,4.0,523.0
20/12/2023,Vente,"10350000,00",75011.0,PARIS 11,75,111,4.0,Local industriel. commercial ou assimilé,530.0,0.0,523.0
14/12/2023,Vente,"4618000,00",75012.0,PARIS 12,75,112,4.0,Local industriel. commercial ou assimilé,400.0,0.0,83.0
28/12/2023,Vente,"91000000,00",75013.0,PARIS 13,75,113,2.0,Appartement,70.0,3.0,5508.0
28/12/2023,Vente,"91000000,00",75013.0,PARIS 13,75,113,3.0,Dépendance,0.0,0.0,5508.0
28/12/2023,Vente,"91000000,00",75013.0,PARIS 13,75,113,2.0,Appartement,57.0,2.0,5508.0
28/12/2023,Vente,"91000000,00",75013.0,PARIS 13,75,113,2.0,Appartement,116.0,5.0,5508.0
28/12/2023,Vente,"91000000,00",75013.0,PARIS 13,75,113,2.0,Appartement,100.0,4.0,5508.0
28/12/2023,Vente,"91000000,00",75013.0,PARIS 13,75,113,2.0,Appartement,85.0,4.0,5508.0
28/12/2023,Vente,"91000000,00",75013.0,PARIS 13,75,113,2.0,Appartement,14.0,1.0,5508.0
28/12/2023,Vente,"91000000,00",75013.0,PARIS 13,75,113,2.0,Appartement,50.0,2.0,5508.0
28/12/2023,Vente,"91000000,00",75013.0,PARIS 13,75,113,2.0,Appartement,86.0,4.0,5508.0
28/12/2023,Vente,"91000000,00",75013.0,PARIS 13,75,113,2.0,Appartement,52.0,2.0,5508.0
28/12/2023,Vente,"91000000,00",75013.0,PARIS 13,75,113,2.0,Appartement,17.0,1.0,5508.0
28/12/2023,Vente,"91000000,00",75013.0,PARIS 13,75,113,2.0,Appartement,13.0,1.0,5508.0
28/12/2023,Vente,"91000000,00",75013.0,PARIS 13,75,113,2.0,Appartement,49.0,2.0,5508.0
28/12/2023,Vente,"91000000,00",75013.0,PARIS 13,75,113,2.0,Appartement,13.0,2.0,5508.0
28/12/2023,Vente,"91000000,00",75013.0,PARIS 13,75,113,4.0,Local industriel. commercial ou assimilé,574.0,0.0,5508.0
28/12/2023,Vente,"91000000,00",75013.0,PARIS 13,75,113,2.0,Appartement,75.0,3.0,5508.0
28/12/2023,Vente,"91000000,00",75013.0,PARIS 13,75,113,4.0,Local industriel. commercial ou assimilé,138.0,0.0,5508.0
28/12/2023,Vente,"91000000,00",75013.0,PARIS 13,75,113,2.0,Appartement,116.0,4.0,5508.0
28/12/2023,Vente,"91000000,00",75013.0,PARIS 13,75,113,2.0,Appartement,58.0,2.0,5508.0
28/12/2023,Vente,"8450000,00",75007.0,PARIS 07,75,107,3.0,Dépendance,0.0,0.0,172.0
28/12/2023,Vente,"8450000,00",75007.0,PARIS 07,75,107,2.0,Appartement,101.0,5.0,172.0
28/12/2023,Vente,"8450000,00",75007.0,PARIS 07,75,107,4.0,Local industriel. commercial ou assimilé,0.0,0.0,172.0
28/12/2023,Vente,"8450000,00",75007.0,PARIS 07,75,107,2.0,Appartement,27.0,1.0,172.0
28/12/2023,Vente,"8450000,00",75007.0,PARIS 07,75,107,2.0,Appartement,17.0,1.0,172.0
28/12/2023,Vente,"8450000,00",75007.0,PARIS 07,75,107,4.0,Local industriel. commercial ou assimilé,60.0,0.0,172.0
28/12/2023,Vente,"8450000,00",75007.0,PARIS 07,75,107,4.0,Local industriel. commercial ou assimilé,39.0,0.0,172.0
29/12/2023,Vente,"4080000,00",75006.0,PARIS 06,75,106,4.0,Local industriel. commercial ou assimilé,43.0,0.0,91.0
29/12/2023,Vente,"4080000,00",75006.0,PARIS 06,75,106,4.0,Local industriel. commercial ou assimilé,42.0,0.0,91.0
29/12/2023,Vente,"4080000,00",75006.0,PARIS 06,75,106,2.0,Appartement,70.0,4.0,91.0
29/12/2023,Vente,"4080000,00",75006.0,PARIS 06,75,106,2.0,Appartement,40.0,2.0,91.0
29/12/2023,Vente,"4080000,00",75006.0,PARIS 06,75,106,3.0,Dépendance,0.0,0.0,91.0
22/12/2023,Vente,"46500000,00",75016.0,PARIS 16,75,116,1.0,Maison,3160.0,20.0,1475.0
22/12/2023,Vente,"46500000,00",75016.0,PARIS 16,75,116,4.0,Local industriel. commercial ou assimilé,0.0,0.0,1475.0
21/12/2023,Vente,"4379000,00",75016.0,PARIS 16,75,116,1.0,Maison,280.0,6.0,106.0
22/12/2023,Vente,"3403100,00",75011.0,PARIS 11,75,111,2.0,Appartement,126.0,4.0,65.0
22/12/2023,Vente,"3403100,00",75011.0,PARIS 11,75,111,3.0,Dépendance,0.0,0.0,65.0
22/12/2023,Vente,"3403100,00",75011.0,PARIS 11,75,111,2.0,Appartement,142.0,6.0,65.0
22/12/2023,Vente,"2670000,00",75013.0,PARIS 13,75,113,2.0,Appartement,180.0,5.0,223.0
22/12/2023,Vente,"2670000,00",75013.0,PARIS 13,75,113,4.0,Local industriel. commercial ou assimilé,47.0,0.0,223.0
22/12/2023,Vente,"2670000,00",75013.0,PARIS 13,75,113,3.0,Dépendance,0.0,0.0,223.0
29/12/2023,Vente,"1763000,00",75012.0,PARIS 12,75,112,2.0,Appartement,30.0,2.0,26.0
29/12/2023,Vente,"1763000,00",75012.0,PARIS 12,75,112,2.0,Appartement,28.0,2.0,26.0
29/12/2023,Vente,"1763000,00",75012.0,PARIS 12,75,112,2.0,Appartement,31.0,2.0,26.0
29/12/2023,Vente,"24000000,00",75016.0,PARIS 16,75,116,3.0,Dépendance,0.0,0.0,802.0
29/12/2023,Vente,"24000000,00",75016.0,PARIS 16,75,116,2.0,Appartement,237.0,7.0,802.0
29/12/2023,Vente,"24000000,00",75016.0,PARIS 16,75,116,2.0,Appartement,349.0,8.0,802.0
29/12/2023,Vente,"24000000,00",75016.0,PARIS 16,75,116,2.0,Appartement,236.0,8.0,802.0
29/12/2023,Vente,"24000000,00",75016.0,PARIS 16,75,116,2.0,Appartement,236.0,3.0,802.0
29/12/2023,Vente,"24000000,00",75016.0,PARIS 16,75,116,2.0,Appartement,130.0,3.0,802.0
29/12/2023,Vente,"24000000,00",75016.0,PARIS 16,75,116,2.0,Appartement,242.0,5.0,802.0
29/12/2023,Vente,"24000000,00",75016.0,PARIS 16,75,116,2.0,Appartement,129.0,3.0,802.0
29/12/2023,Vente,"24000000,00",75016.0,PARIS 16,75,116,2.0,Appartement,360.0,7.0,802.0
29/12/2023,Vente,"24000000,00",75016.0,PARIS 16,75,116,2.0,Appartement,124.0,3.0,802.0
22/12/2023,Vente,"5400000,00",75014.0,PARIS 14,75,114,2.0,Appartement,45.0,2.0,191.0
22/12/2023,Vente,"5400000,00",75014.0,PARIS 14,75,114,2.0,Appartement,36.0,2.0,191.0
22/12/2023,Vente,"5400000,00",75014.0,PARIS 14,75,114,2.0,Appartement,43.0,2.0,191.0
22/12/2023,Vente,"5400000,00",75014.0,PARIS 14,75,114,4.0,Local industriel. commercial ou assimilé,40.0,0.0,191.0
22/12/2023,Vente,"5400000,00",75014.0,PARIS 14,75,114,4.0,Local industriel. commercial ou assimilé,77.0,0.0,191.0
22/12/2023,Vente,"5400000,00",75014.0,PARIS 14,75,114,2.0,Appartement,20.0,1.0,191.0
22/12/2023,Vente,"5400000,00",75014.0,PARIS 14,75,114,3.0,Dépendance,0.0,0.0,191.0
22/12/2023,Vente,"5400000,00",75014.0,PARIS 14,75,114,2.0,Appartement,35.0,2.0,191.0
22/12/2023,Vente,"5400000,00",75014.0,PARIS 14,75,114,2.0,Appartement,65.0,3.0,191.0
22/12/2023,Vente,"5400000,00",75014.0,PARIS 14,75,114,2.0,Appartement,65.0,2.0,191.0
22/12/2023,Vente,"5400000,00",75014.0,PARIS 14,75,114,2.0,Appartement,102.0,4.0,191.0
22/12/2023,Vente,"5400000,00",75014.0,PARIS 14,75,114,2.0,Appartement,23.0,2.0,191.0
22/12/2023,Vente,"5400000,00",75014.0,PARIS 14,75,114,2.0,Appartement,21.0,1.0,191.0
29/12/2023,Vente,"1153200,00",75016.0,PARIS 16,75,116,3.0,Dépendance,0.0,0.0,115.0
29/12/2023,Vente,"1153200,00",75016.0,PARIS 16,75,116,4.0,Local industriel. commercial ou assimilé,10.0,0.0,115.0
29/12/2023,Vente,"1153200,00",75016.0,PARIS 16,75,116,4.0,Local industriel. commercial ou assimilé,14.0,0.0,115.0
29/12/2023,Vente,"1153200,00",75016.0,PARIS 16,75,116,2.0,Appartement,11.0,1.0,115.0
29/12/2023,Vente,"1153200,00",75016.0,PARIS 16,75,116,2.0,Appartement,30.0,3.0,115.0
29/12/2023,Vente,"1153200,00",75016.0,PARIS 16,75,116,2.0,Appartement,49.0,4.0,115.0
29/12/2023,Vente,"1153200,00",75016.0,PARIS 16,75,116,2.0,Appartement,49.0,3.0,115.0
29/12/2023,Vente,"1153200,00",75016.0,PARIS 16,75,116,2.0,Appartement,10.0,1.0,115.0
29/12/2023,Vente,"1153200,00",75016.0,PARIS 16,75,116,2.0,Appartement,38.0,3.0,115.0
29/12/2023,Vente,"1153200,00",75016.0,PARIS 16,75,116,4.0,Local industriel. commercial ou assimilé,90.0,0.0,115.0
29/12/2023,Vente,"1153200,00",75016.0,PARIS 16,75,116,2.0,Appartement,31.0,2.0,115.0
29/12/2023,Vente,"1153200,00",75016.0,PARIS 16,75,116,4.0,Local industriel. commercial ou assimilé,30.0,0.0,115.0
15/12/2023,Vente,"47000000,00",75006.0,PARIS 06,75,106,3.0,Dépendance,0.0,0.0,747.0
15/12/2023,Vente,"47000000,00",75006.0,PARIS 06,75,106,2.0,Appartement,92.0,4.0,747.0
15/12/2023,Vente,"47000000,00",75006.0,PARIS 06,75,106,2.0,Appartement,47.0,2.0,747.0
15/12/2023,Vente,"47000000,00",75006.0,PARIS 06,75,106,4.0,Local industriel. commercial ou assimilé,375.0,0.0,747.0
15/12/2023,Vente,"47000000,00",75006.0,PARIS 06,75,106,2.0,Appartement,37.0,2.0,747.0
15/12/2023,Vente,"47000000,00",75006.0,PARIS 06,75,106,2.0,Appartement,72.0,3.0,747.0
15/12/2023,Vente,"47000000,00",75006.0,PARIS 06,75,106,2.0,Appartement,8.0,1.0,747.0
15/12/2023,Vente,"47000000,00",75006.0,PARIS 06,75,106,2.0,Appartement,91.0,4.0,747.0
15/12/2023,Vente,"47000000,00",75006.0,PARIS 06,75,106,2.0,Appartement,20.0,2.0,747.0
15/12/2023,Vente,"47000000,00",75006.0,PARIS 06,75,106,2.0,Appartement,36.0,3.0,747.0
15/12/2023,Vente,"47000000,00",75006.0,PARIS 06,75,106,4.0,Local industriel. commercial ou assimilé,610.0,0.0,747.0
15/12/2023,Vente,"47000000,00",75006.0,PARIS 06,75,106,2.0,Appartement,85.0,4.0,747.0
15/12/2023,Vente,"47000000,00",75006.0,PARIS 06,75,106,2.0,Appartement,82.0,3.0,747.0
15/12/2023,Vente,"47000000,00",75006.0,PARIS 06,75,106,2.0,Appartement,65.0,4.0,747.0
15/12/2023,Vente,"47000000,00",75006.0,PARIS 06,75,106,2.0,Appartement,39.0,3.0,625.0
15/12/2023,Vente,"47000000,00",75006.0,PARIS 06,75,106,2.0,Appartement,154.0,5.0,625.0
15/12/2023,Vente,"47000000,00",75006.0,PARIS 06,75,106,2.0,Appartement,239.0,6.0,625.0
15/12/2023,Vente,"47000000,00",75006.0,PARIS 06,75,106,4.0,Local industriel. commercial ou assimilé,571.0,0.0,625.0
15/12/2023,Vente,"47000000,00",75006.0,PARIS 06,75,106,2.0,Appartement,25.0,2.0,625.0
15/12/2023,Vente,"47000000,00",75006.0,PARIS 06,75,106,4.0,Local industriel. commercial ou assimilé,299.0,0.0,625.0
15/12/2023,Vente,"47000000,00",75006.0,PARIS 06,75,106,2.0,Appartement,37.0,2.0,625.0
15/12/2023,Vente,"47000000,00",75006.0,PARIS 06,75,106,2.0,Appartement,37.0,1.0,625.0
15/12/2023,Vente,"47000000,00",75006.0,PARIS 06,75,106,2.0,Appartement,78.0,3.0,625.0
15/12/2023,Vente,"47000000,00",75006.0,PARIS 06,75,106,2.0,Appartement,24.0,2.0,625.0
15/12/2023,Vente,"47000000,00",75006.0,PARIS 06,75,106,2.0,Appartement,220.0,8.0,625.0
15/12/2023,Vente,"47000000,00",75006.0,PARIS 06,75,106,4.0,Local industriel. commercial ou assimilé,239.0,0.0,625.0
15/12/2023,Vente,"47000000,00",75006.0,PARIS 06,75,106,2.0,Appartement,239.0,8.0,625.0
15/12/2023,Vente,"47000000,00",75006.0,PARIS 06,75,106,3.0,Dépendance,0.0,0.0,625.0
15/12/2023,Vente,"47000000,00",75006.0,PARIS 06,75,106,2.0,Appartement,51.0,3.0,625.0
05/10/2023,Adjudication,"9000000,00",75006.0,PARIS 06,75,106,3.0,Dépendance,0.0,0.0,365.0
05/10/2023,Adjudication,"9000000,00",75006.0,PARIS 06,75,106,2.0,Appartement,20.0,2.0,365.0
05/10/2023,Adjudication,"9000000,00",75006.0,PARIS 06,75,106,2.0,Appartement,23.0,3.0,365.0
05/10/2023,Adjudication,"9000000,00",75006.0,PARIS 06,75,106,2.0,Appartement,67.0,4.0,365.0
05/10/2023,Adjudication,"9000000,00",75006.0,PARIS 06,75,106,2.0,Appartement,68.0,4.0,365.0
05/10/2023,Adjudication,"9000000,00",75006.0,PARIS 06,75,106,2.0,Appartement,69.0,4.0,365.0
05/10/2023,Adjudication,"9000000,00",75006.0,PARIS 06,75,106,2.0,Appartement,66.0,4.0,365.0
05/10/2023,Adjudication,"9000000,00",75006.0,PARIS 06,75,106,2.0,Appartement,70.0,4.0,365.0
05/10/2023,Adjudication,"9000000,00",75006.0,PARIS 06,75,106,2.0,Appartement,70.0,3.0,365.0
