,postal_code,building_surface,land_surface,main_rooms
postal_code,1.0,-0.00020934653650645388,-0.015554375996030835,-0.03059501970922288
building_surface,-0.00020934653650645388,1.0,0.06863486498516422,0.026335246508076126
land_surface,-0.015554375996030835,0.06863486498516422,1.0,-0.023442898606768403
main_rooms,-0.03059501970922288,0.026335246508076126,-0.023442898606768403,1.0
