,postal_code,department_code,town_code,property_type_code,building_area,main_rooms,land_area
postal_code,1.0,,0.0010445197594408278,-0.023355025188668128,-0.013396563972741924,0.026959921584516735,-0.047016604928898593
department_code,,,,,,,
town_code,0.0010445197594408278,,1.0,-0.010157079048274502,0.02036079426973344,0.023749814744401257,-0.11830264981940435
property_type_code,-0.023355025188668128,,-0.010157079048274502,1.0,0.16169446272889246,-0.8237687430432986,0.23581963675918569
building_area,-0.013396563972741924,,0.02036079426973344,0.16169446272889246,1.0,-0.06820215245463523,0.20091445816593848
main_rooms,0.026959921584516735,,0.023749814744401257,-0.8237687430432986,-0.06820215245463523,1.0,-0.13037039163616668
land_area,-0.047016604928898593,,-0.11830264981940435,0.23581963675918569,0.20091445816593848,-0.13037039163616668,1.0
