,count,unique,top,freq,mean,std,min,25%,50%,75%,max
land_value,10013,3955,"1,00",99,,,,,,,
postal_code,10058.0,,,,50137.657188307814,27330.653284670807,1000.0,28630.0,49435.0,75005.0,97490.0
building_surface,5750.0,,,,74.75165217391304,773.5475128448866,0.0,0.0,33.0,80.0,45000.0
mutation_date,10127,304,20/12/2024,127,,,,,,,
land_surface,7025.0,,,,3045.9537366548043,9686.68859435307,1.0,258.0,648.0,2000.0,244960.0
main_rooms,5750.0,,,,1.768,2.0605933313902525,0.0,0.0,1.0,3.0,13.0
