,count,unique,top,freq,mean,std,min,25%,50%,75%,max
property_value,8021,1712,"300000,00",100,,,,,,,
postal_code,8021.0,,,,95380.00498690936,210.5279552108278,95000.0,95220.0,95350.0,95520.0,95880.0
department_code,8021.0,,,,95.0,0.0,95.0,95.0,95.0,95.0,95.0
town_code,8021.0,,,,319.0365291110834,201.8756840424381,2.0,166.0,306.0,500.0,690.0
property_type_code,8021.0,,,,1.7236005485600299,1.0447721903340748,1.0,1.0,1.0,3.0,4.0
building_area,8021.0,,,,158.42887420521132,960.6259740030291,0.0,34.0,78.0,110.0,41992.0
main_rooms,8021.0,,,,2.991397581348959,2.2983352544362785,0.0,0.0,3.0,5.0,18.0
land_area,8021.0,,,,2101.0827826954246,11360.4479733741,1.0,238.0,400.0,600.0,157390.0
