property_value,postal_code,town_name,department_code,property_type,building_area,main_rooms,land_area,year
305000,77000,ROCHETTE(LA),77,Maison,87,5,628,2024
571500,77710,LORREZ-LE-BOCAGE-PREAUX,77,Maison,194,7,1300,2024
236000,77250,VILLECERF,77,Dépendance,0,0,720,2024
236000,77250,VILLECERF,77,Maison,120,4,720,2024
322200,77390,CRISENOY,77,Maison,100,5,627,2024
270000,77170,SERVON,77,Dépendance,0,0,425,2024
270000,77170,SERVON,77,Maison,85,4,425,2024
319450,77380,COMBS LA VILLE,77,Maison,88,4,424,2024
784130,77170,BRIE COMTE ROBERT,77,Maison,102,6,568,2024
784130,77170,BRIE COMTE ROBERT,77,Dépendance,0,0,568,2024
174300,77570,CHATEAU-LANDON,77,Dépendance,0,0,288,2024
174300,77570,CHATEAU-LANDON,77,Maison,70,3,288,2024
185000,77710,LORREZ-LE-BOCAGE-PREAUX,77,Maison,94,5,513,2024
185000,77710,LORREZ-LE-BOCAGE-PREAUX,77,Dépendance,0,0,513,2024
267250,77930,PERTHES,77,Maison,76,4,311,2024
235000,77240,CESSON,77,Maison,60,3,359,2024
235000,77240,CESSON,77,Dépendance,0,0,359,2024
271000,77170,SERVON,77,Maison,43,3,500,2024
443600,77930,PERTHES,77,Dépendance,0,0,767,2024
443600,77930,PERTHES,77,Maison,130,5,500,2024
443600,77930,PERTHES,77,Dépendance,0,0,500,2024
443600,77930,PERTHES,77,Maison,130,5,767,2024
693237,77130,VARENNES-SUR-SEINE,77,Local industriel. commercial ou assimilé,0,0,6368,2024
127000,77620,EGREVILLE,77,Dépendance,0,0,98,2024
127000,77620,EGREVILLE,77,Maison,90,4,98,2024
360000,77310,SAINT-FARGEAU-PONTHIERRY,77,Maison,121,6,500,2024
215500,77240,CESSON,77,Maison,92,5,167,2024
449200,77690,MONTIGNY-SUR-LOING,77,Maison,110,4,825,2024
200000,77690,MONTIGNY-SUR-LOING,77,Dépendance,0,0,685,2024
143000,77710,PALEY,77,Maison,111,6,500,2024
143000,77710,PALEY,77,Maison,111,6,674,2024
8000351,77390,CHAUMES-EN-BRIE,77,Dépendance,0,0,4055,2024
8000351,77390,CHAUMES-EN-BRIE,77,Appartement,71,4,4055,2024
8000351,77390,CHAUMES-EN-BRIE,77,Appartement,83,5,4055,2024
8000351,77390,CHAUMES-EN-BRIE,77,Appartement,62,3,4055,2024
8000351,77390,CHAUMES-EN-BRIE,77,Appartement,49,2,4055,2024
8000351,77390,CHAUMES-EN-BRIE,77,Local industriel. commercial ou assimilé,0,0,4055,2024
8000351,77390,CHAUMES-EN-BRIE,77,Local industriel. commercial ou assimilé,66,0,4055,2024
8000351,77460,SOUPPES-SUR-LOING,77,Maison,79,4,4596,2024
8000351,77460,SOUPPES-SUR-LOING,77,Maison,101,5,4596,2024
8000351,77460,SOUPPES-SUR-LOING,77,Maison,102,5,4596,2024
8000351,77460,SOUPPES-SUR-LOING,77,Appartement,82,4,2066,2024
8000351,77460,SOUPPES-SUR-LOING,77,Dépendance,0,0,2066,2024
8000351,77460,SOUPPES-SUR-LOING,77,Appartement,64,3,2066,2024
8000351,77460,SOUPPES-SUR-LOING,77,Appartement,65,3,2066,2024
8000351,77460,SOUPPES-SUR-LOING,77,Appartement,92,5,2066,2024
8000351,77460,SOUPPES-SUR-LOING,77,Appartement,81,4,2066,2024
8000351,77460,SOUPPES-SUR-LOING,77,Appartement,69,3,2066,2024
8000351,77460,SOUPPES-SUR-LOING,77,Appartement,46,2,2066,2024
8000351,77460,SOUPPES-SUR-LOING,77,Appartement,79,4,2066,2024
8000351,77460,SOUPPES-SUR-LOING,77,Appartement,33,1,2066,2024
8000351,77460,SOUPPES-SUR-LOING,77,Appartement,80,4,2066,2024
8000351,77460,SOUPPES-SUR-LOING,77,Appartement,54,2,2066,2024
8000351,77460,SOUPPES-SUR-LOING,77,Appartement,52,2,2066,2024
8000351,77460,SOUPPES-SUR-LOING,77,Local industriel. commercial ou assimilé,45,0,2066,2024
8000351,77460,SOUPPES-SUR-LOING,77,Appartement,51,2,2066,2024
8000351,77460,SOUPPES-SUR-LOING,77,Appartement,66,3,2066,2024
40000,77620,EGREVILLE,77,Local industriel. commercial ou assimilé,159,0,222,2024
40000,77620,EGREVILLE,77,Dépendance,0,0,222,2024
115000,77240,CESSON,77,Maison,38,2,91,2024
190000,77167,POLIGNY,77,Maison,35,2,283,2024
227700,77133,MACHAULT,77,Maison,106,6,382,2024
321800,77140,NONVILLE,77,Maison,100,4,898,2024
321800,77140,NONVILLE,77,Dépendance,0,0,100,2024
321800,77140,NONVILLE,77,Maison,100,4,100,2024
321800,77140,NONVILLE,77,Dépendance,0,0,898,2024
399500,77240,VERT-SAINT-DENIS,77,Dépendance,0,0,580,2024
399500,77240,VERT-SAINT-DENIS,77,Maison,117,5,580,2024
330000,77760,BUTHIERS,77,Maison,220,4,1005,2024
330000,77760,BUTHIERS,77,Local industriel. commercial ou assimilé,59,0,1005,2024
330000,77760,BUTHIERS,77,Dépendance,0,0,1005,2024
465000,77170,SERVON,77,Maison,178,5,972,2024
465000,77170,SERVON,77,Maison,178,5,84,2024
465000,77170,SERVON,77,Dépendance,0,0,972,2024
465000,77170,SERVON,77,Dépendance,0,0,84,2024
200000,77220,GRETZ-ARMAINVILLIERS,77,Maison,56,2,397,2024
255000,77350,LE MEE SUR SEINE,77,Maison,102,6,219,2024
230000,77170,BRIE COMTE ROBERT,77,Maison,86,5,325,2024
230000,77170,BRIE COMTE ROBERT,77,Dépendance,0,0,325,2024
331000,77220,GRETZ-ARMAINVILLIERS,77,Maison,90,4,516,2024
228600,77390,FOUJU,77,Maison,109,5,815,2024
399000,77167,POLIGNY,77,Dépendance,0,0,120,2024
399000,77167,POLIGNY,77,Dépendance,0,0,2639,2024
399000,77167,POLIGNY,77,Maison,198,8,120,2024
399000,77167,POLIGNY,77,Maison,198,8,2639,2024
40000,77130,MAROLLES-SUR-SEINE,77,Dépendance,0,0,2055,2024
205000,77140,NEMOURS,77,Maison,89,4,441,2024
205000,77140,NEMOURS,77,Dépendance,0,0,441,2024
280000,77390,FOUJU,77,Maison,100,3,170,2024
114000,77148,SALINS,77,Maison,115,3,153,2024
185500,77130,GRANDE-PAROISSE (LA),77,Dépendance,0,0,546,2024
185500,77130,GRANDE-PAROISSE (LA),77,Maison,63,3,546,2024
225000,77148,SALINS,77,Maison,93,5,756,2024
202000,77130,CANNES-ECLUSE,77,Maison,86,5,656,2024
152000,77940,ESMANS,77,Dépendance,0,0,630,2024
152000,77940,ESMANS,77,Maison,84,5,630,2024
500000,77000,MELUN,77,Maison,84,5,459,2024
500000,77000,MELUN,77,Dépendance,0,0,459,2024
339900,77173,CHEVRY-COSSIGNY,77,Maison,76,5,348,2024
160000,77000,MELUN,77,Local industriel. commercial ou assimilé,43,0,98,2024
55000,77590,BOIS LE ROI,77,Dépendance,0,0,292,2024
55000,77590,BOIS LE ROI,77,Maison,18,1,292,2024
1450000,77630,BARBIZON,77,Maison,220,6,715,2024
433000,77680,ROISSY-EN-BRIE,77,Maison,140,7,754,2024
433000,77680,ROISSY-EN-BRIE,77,Dépendance,0,0,754,2024
440000,77680,ROISSY-EN-BRIE,77,Maison,36,2,218,2024
440000,77680,ROISSY-EN-BRIE,77,Appartement,38,2,218,2024
440000,77680,ROISSY-EN-BRIE,77,Appartement,25,1,218,2024
150000,77460,SOUPPES-SUR-LOING,77,Maison,100,5,566,2024
336000,77690,MONTIGNY-SUR-LOING,77,Maison,146,5,88,2024
336000,77690,MONTIGNY-SUR-LOING,77,Maison,146,5,1127,2024
92400,77690,GENEVRAYE (LA),77,Maison,68,3,698,2024
250000,77130,VARENNES-SUR-SEINE,77,Local industriel. commercial ou assimilé,1524,0,1455,2024
249000,77720,MORMANT,77,Maison,84,5,387,2024
160000,77130,CANNES-ECLUSE,77,Maison,145,5,351,2024
165450,77930,PERTHES,77,Maison,48,2,118,2024
165450,77930,PERTHES,77,Dépendance,0,0,118,2024
211500,77240,VERT-SAINT-DENIS,77,Maison,110,5,1117,2024
211500,77240,VERT-SAINT-DENIS,77,Dépendance,0,0,1117,2024
1630000,77240,VERT-SAINT-DENIS,77,Local industriel. commercial ou assimilé,768,0,2223,2024
4500000,77680,ROISSY-EN-BRIE,77,Local industriel. commercial ou assimilé,1084,0,7507,2024
4500000,77680,ROISSY-EN-BRIE,77,Local industriel. commercial ou assimilé,1460,0,7507,2024
225000,77250,MORET-LOING-ET-ORVANNE,77,Maison,91,4,80,2024
225000,77250,MORET-LOING-ET-ORVANNE,77,Dépendance,0,0,80,2024
259000,77570,CHATEAU-LANDON,77,Maison,72,4,425,2024
259000,77570,CHATEAU-LANDON,77,Dépendance,0,0,425,2024
266000,77380,COMBS LA VILLE,77,Dépendance,0,0,359,2024
266000,77380,COMBS LA VILLE,77,Maison,53,1,359,2024
1401450,77630,BARBIZON,77,Dépendance,0,0,1075,2024
1401450,77630,BARBIZON,77,Dépendance,0,0,500,2024
1401450,77630,BARBIZON,77,Maison,204,5,500,2024
1401450,77630,BARBIZON,77,Maison,204,5,1075,2024
353000,77340,PONTAULT COMBAULT,77,Maison,88,4,207,2024
970000,77380,COMBS LA VILLE,77,Local industriel. commercial ou assimilé,835,0,1392,2024
252250,77720,GRANDPUITS-BAILLY-CARROIS,77,Maison,152,7,980,2024
190000,77130,VARENNES-SUR-SEINE,77,Maison,36,3,439,2024
272000,77140,MONCOURT FROMONVILLE,77,Maison,104,5,647,2024
272000,77140,MONCOURT FROMONVILLE,77,Dépendance,0,0,647,2024
301000,77240,VERT-SAINT-DENIS,77,Local industriel. commercial ou assimilé,0,0,64,2024
301000,77240,VERT-SAINT-DENIS,77,Maison,98,5,441,2024
20029,77820,ECRENNES (LES),77,Maison,100,4,210,2024
420100,77590,BOIS LE ROI,77,Maison,120,4,345,2024
305750,77710,NANTEAU-SUR-LUNAIN,77,Local industriel. commercial ou assimilé,9,0,359,2024
305750,77710,NANTEAU-SUR-LUNAIN,77,Dépendance,0,0,359,2024
305750,77710,NANTEAU-SUR-LUNAIN,77,Maison,172,5,359,2024
260000,77210,SAMOREAU,77,Maison,133,4,245,2024
260000,77210,SAMOREAU,77,Dépendance,0,0,245,2024
260000,77210,SAMOREAU,77,Maison,133,4,500,2024
260000,77210,SAMOREAU,77,Dépendance,0,0,500,2024
158000,77850,HERICY,77,Dépendance,0,0,75,2024
158000,77850,HERICY,77,Maison,102,4,75,2024
276750,77000,MELUN,77,Maison,90,4,171,2024
345600,77690,MONTIGNY-SUR-LOING,77,Maison,77,4,512,2024
345600,77690,MONTIGNY-SUR-LOING,77,Dépendance,0,0,512,2024
280000,77250,MORET-LOING-ET-ORVANNE,77,Maison,128,6,244,2024
280000,77250,MORET-LOING-ET-ORVANNE,77,Dépendance,0,0,244,2024
268000,77250,MORET-LOING-ET-ORVANNE,77,Dépendance,0,0,460,2024
268000,77250,MORET-LOING-ET-ORVANNE,77,Maison,83,4,460,2024
35000,77000,LIVRY-SUR-SEINE,77,Dépendance,0,0,51,2024
973450,77300,FONTAINEBLEAU,77,Maison,161,7,929,2024
197000,77140,NEMOURS,77,Maison,92,3,255,2024
329000,77390,VERNEUIL-L ETANG,77,Maison,148,6,534,2024
265000,77720,GRANDPUITS-BAILLY-CARROIS,77,Dépendance,0,0,309,2024
265000,77720,GRANDPUITS-BAILLY-CARROIS,77,Maison,106,4,309,2024
70000,77460,SOUPPES-SUR-LOING,77,Maison,171,4,680,2024
70000,77460,SOUPPES-SUR-LOING,77,Dépendance,0,0,680,2024
317000,77176,SAVIGNY-LE-TEMPLE,77,Maison,114,5,418,2024
100000,77690,MONTIGNY-SUR-LOING,77,Maison,56,3,183,2024
1770000,77460,CHAINTREAUX,77,Maison,215,7,2485,2024
1770000,77460,CHAINTREAUX,77,Dépendance,0,0,2485,2024
62500,77460,SOUPPES-SUR-LOING,77,Maison,80,4,240,2024
242000,77167,POLIGNY,77,Maison,96,5,732,2024
639500,77310,SAINT-FARGEAU-PONTHIERRY,77,Maison,164,5,119,2024
639500,77310,SAINT-FARGEAU-PONTHIERRY,77,Dépendance,0,0,119,2024
639500,77310,SAINT-FARGEAU-PONTHIERRY,77,Maison,164,5,3291,2024
639500,77310,SAINT-FARGEAU-PONTHIERRY,77,Dépendance,0,0,3291,2024
257000,77130,MONTEREAU FAULT YONNE,77,Local industriel. commercial ou assimilé,46,0,66,2024
257000,77130,MONTEREAU FAULT YONNE,77,Appartement,25,2,66,2024
257000,77130,MONTEREAU FAULT YONNE,77,Appartement,40,2,66,2024
257000,77130,MONTEREAU FAULT YONNE,77,Appartement,41,2,66,2024
133000,77820,CHATILLON-LA-BORDE,77,Dépendance,0,0,233,2024
133000,77820,CHATILLON-LA-BORDE,77,Maison,60,4,233,2024
360000,77350,LE MEE SUR SEINE,77,Maison,140,7,334,2024
360000,77350,LE MEE SUR SEINE,77,Maison,140,7,500,2024
190000,77190,DAMMARIE LES LYS,77,Maison,54,3,502,2024
340000,77380,COMBS LA VILLE,77,Maison,77,4,304,2024
2547600,77680,ROISSY-EN-BRIE,77,Maison,52,3,419,2024
2547600,77680,ROISSY-EN-BRIE,77,Dépendance,0,0,419,2024
2547600,77680,ROISSY-EN-BRIE,77,Maison,43,2,464,2024
2547600,77680,ROISSY-EN-BRIE,77,Dépendance,0,0,464,2024
2547600,77680,ROISSY-EN-BRIE,77,Maison,70,3,396,2024
2547600,77680,ROISSY-EN-BRIE,77,Maison,72,4,406,2024
2547600,77680,ROISSY-EN-BRIE,77,Local industriel. commercial ou assimilé,9,0,406,2024
2547600,77680,ROISSY-EN-BRIE,77,Maison,75,4,419,2024
349000,77380,COMBS LA VILLE,77,Maison,82,6,465,2024
315000,77166,GRISY-SUISNES,77,Maison,57,3,674,2024
249000,77190,DAMMARIE LES LYS,77,Maison,64,3,434,2024
285400,77670,VERNOU-LA-CELLE-SUR-SEINE,77,Maison,87,4,1126,2024
205000,77000,MELUN,77,Maison,48,5,360,2024
200000,77310,SAINT-FARGEAU-PONTHIERRY,77,Maison,92,4,770,2024
250000,77710,VILLEBEON,77,Maison,196,7,348,2024
245000,77590,FONTAINE-LE-PORT,77,Maison,65,4,87,2024
245000,77590,FONTAINE-LE-PORT,77,Dépendance,0,0,87,2024
245000,77590,FONTAINE-LE-PORT,77,Dépendance,0,0,761,2024
245000,77590,FONTAINE-LE-PORT,77,Maison,65,4,761,2024
660000,77930,SAINT-SAUVEUR-SUR-ECOLE,77,Maison,332,8,500,2024
660000,77930,SAINT-SAUVEUR-SUR-ECOLE,77,Dépendance,0,0,500,2024
660000,77930,SAINT-SAUVEUR-SUR-ECOLE,77,Dépendance,0,0,2424,2024
660000,77930,SAINT-SAUVEUR-SUR-ECOLE,77,Maison,332,8,2424,2024
189500,77950,MAINCY,77,Maison,60,4,279,2024
250000,77240,VERT-SAINT-DENIS,77,Maison,90,5,398,2024
268400,77176,SAVIGNY-LE-TEMPLE,77,Maison,110,5,301,2024
228000,77140,NEMOURS,77,Maison,97,4,306,2024
350000,77330,OZOIR LA FERRIERE,77,Maison,89,4,479,2024
233000,77130,DORMELLES,77,Maison,92,4,331,2024
233000,77130,DORMELLES,77,Dépendance,0,0,66,2024
98000,77710,LORREZ-LE-BOCAGE-PREAUX,77,Maison,75,2,494,2024
98000,77710,LORREZ-LE-BOCAGE-PREAUX,77,Dépendance,0,0,494,2024
188000,77710,PALEY,77,Dépendance,0,0,92,2024
188000,77710,PALEY,77,Maison,101,6,92,2024
235000,77130,SAINT-GERMAIN-LAVAL,77,Maison,100,5,900,2024
280000,77940,VOULX,77,Maison,97,6,3514,2024
280000,77940,VOULX,77,Maison,97,6,79,2024
280000,77940,VOULX,77,Dépendance,0,0,79,2024
280000,77940,VOULX,77,Dépendance,0,0,3514,2024
560000,77310,SAINT-FARGEAU-PONTHIERRY,77,Maison,139,4,446,2024
170000,77130,VARENNES-SUR-SEINE,77,Dépendance,0,0,562,2024
170000,77130,VARENNES-SUR-SEINE,77,Maison,84,4,562,2024
425000,77250,MORET-LOING-ET-ORVANNE,77,Local industriel. commercial ou assimilé,560,0,2003,2024
466800,77780,BOURRON-MARLOTTE,77,Maison,82,3,280,2024
34500,77460,SOUPPES-SUR-LOING,77,Maison,90,4,3150,2024
34500,77460,SOUPPES-SUR-LOING,77,Maison,90,4,53,2024
34500,77460,SOUPPES-SUR-LOING,77,Maison,90,4,5342,2024
270000,77390,COURTOMER,77,Maison,111,6,685,2024
220000,77310,SAINT-FARGEAU-PONTHIERRY,77,Maison,70,3,264,2024
220000,77310,SAINT-FARGEAU-PONTHIERRY,77,Dépendance,0,0,264,2024
225000,77130,SAINT-GERMAIN-LAVAL,77,Maison,88,5,705,2024
84000,77130,MISY-SUR-YONNE,77,Maison,32,2,66,2024
217000,77130,SAINT-GERMAIN-LAVAL,77,Maison,85,5,600,2024
217000,77130,SAINT-GERMAIN-LAVAL,77,Dépendance,0,0,600,2024
260000,77210,AVON,77,Dépendance,0,0,563,2024
260000,77210,AVON,77,Maison,96,4,563,2024
521110,77590,BOIS LE ROI,77,Maison,129,5,330,2024
270000,77380,COMBS LA VILLE,77,Maison,130,5,571,2024
324065,77890,ICHY,77,Dépendance,0,0,992,2024
324065,77890,ICHY,77,Maison,170,6,992,2024
155000,77620,EGREVILLE,77,Maison,92,4,3150,2024
155000,77620,EGREVILLE,77,Maison,92,4,200,2024
170100,77830,VALENCE-EN-BRIE,77,Maison,79,3,248,2024
195000,77176,SAVIGNY-LE-TEMPLE,77,Maison,67,4,118,2024
194000,77330,OZOIR LA FERRIERE,77,Maison,33,4,334,2024
480000,77150,LESIGNY,77,Maison,123,4,427,2024
480000,77150,LESIGNY,77,Maison,123,4,500,2024
11562762,77680,ROISSY-EN-BRIE,77,Dépendance,0,0,419,2024
11562762,77680,ROISSY-EN-BRIE,77,Maison,52,3,419,2024
11562762,77680,ROISSY-EN-BRIE,77,Maison,43,2,464,2024
11562762,77680,ROISSY-EN-BRIE,77,Dépendance,0,0,464,2024
11562762,77680,ROISSY-EN-BRIE,77,Maison,70,3,396,2024
11562762,77680,ROISSY-EN-BRIE,77,Maison,72,4,406,2024
11562762,77680,ROISSY-EN-BRIE,77,Local industriel. commercial ou assimilé,9,0,406,2024
11562762,77680,ROISSY-EN-BRIE,77,Maison,75,4,419,2024
211000,77190,DAMMARIE LES LYS,77,Dépendance,0,0,1451,2024
211000,77190,DAMMARIE LES LYS,77,Maison,20,1,1451,2024
211000,77190,DAMMARIE LES LYS,77,Maison,40,3,422,2024
211000,77190,DAMMARIE LES LYS,77,Maison,20,1,422,2024
211000,77190,DAMMARIE LES LYS,77,Dépendance,0,0,422,2024
211000,77190,DAMMARIE LES LYS,77,Maison,40,3,1451,2024
355000,77380,COMBS LA VILLE,77,Maison,120,4,623,2024
232000,77000,MELUN,77,Maison,69,4,40,2024
307800,77170,BRIE COMTE ROBERT,77,Maison,91,4,219,2024
295000,77176,SAVIGNY-LE-TEMPLE,77,Maison,86,4,228,2024
255000,77176,SAVIGNY-LE-TEMPLE,77,Dépendance,0,0,610,2024
255000,77176,SAVIGNY-LE-TEMPLE,77,Maison,81,4,610,2024
125000,77000,LIVRY-SUR-SEINE,77,Maison,69,4,505,2024
139000,77710,PALEY,77,Dépendance,0,0,1117,2024
139000,77710,PALEY,77,Dépendance,0,0,150,2024
139000,77710,PALEY,77,Maison,75,4,1117,2024
139000,77710,PALEY,77,Maison,75,4,150,2024
55550,77940,BLENNES,77,Dépendance,0,0,173,2024
55550,77940,BLENNES,77,Maison,76,2,173,2024
55550,77940,BLENNES,77,Dépendance,0,0,1065,2024
55550,77940,BLENNES,77,Maison,76,2,1065,2024
213000,77130,MONTEREAU FAULT YONNE,77,Maison,72,4,905,2024
300000,77930,CHAILLY-EN-BIERE,77,Maison,95,4,1372,2024
300000,77930,CHAILLY-EN-BIERE,77,Maison,80,4,1372,2024
160000,77810,THOMERY,77,Local industriel. commercial ou assimilé,200,0,468,2024
296450,77240,CESSON,77,Maison,142,6,192,2024
155000,77670,SAINT-MAMMES,77,Maison,60,4,598,2024
155000,77670,SAINT-MAMMES,77,Dépendance,0,0,598,2024
248000,77140,NEMOURS,77,Dépendance,0,0,1196,2024
248000,77140,NEMOURS,77,Maison,86,5,1196,2024
249900,77240,CESSON,77,Maison,63,3,313,2024
240000,77111,SOIGNOLLES-EN-BRIE,77,Maison,74,3,430,2024
280000,77340,PONTAULT COMBAULT,77,Maison,60,3,221,2024
280000,77340,PONTAULT COMBAULT,77,Dépendance,0,0,221,2024
330000,77000,ROCHETTE(LA),77,Dépendance,0,0,464,2024
330000,77000,ROCHETTE(LA),77,Maison,98,4,464,2024
240000,77930,PERTHES,77,Maison,101,5,213,2024
312000,77930,PERTHES,77,Maison,130,4,844,2024
312000,77930,PERTHES,77,Dépendance,0,0,844,2024
230000,77760,ACHERES-LA-FORET,77,Maison,76,3,500,2024
230000,77760,ACHERES-LA-FORET,77,Maison,76,3,649,2024
131000,77940,THOURY FEROTTES,77,Dépendance,0,0,455,2024
131000,77940,THOURY FEROTTES,77,Maison,39,2,455,2024
322000,77240,VERT-SAINT-DENIS,77,Maison,110,5,214,2024
280000,77140,NONVILLE,77,Maison,118,5,500,2024
280000,77140,NONVILLE,77,Maison,118,5,627,2024
252000,77670,VERNOU-LA-CELLE-SUR-SEINE,77,Dépendance,0,0,62,2024
252000,77670,VERNOU-LA-CELLE-SUR-SEINE,77,Dépendance,0,0,200,2024
252000,77670,VERNOU-LA-CELLE-SUR-SEINE,77,Maison,88,4,802,2024
252000,77670,VERNOU-LA-CELLE-SUR-SEINE,77,Dépendance,0,0,802,2024
252000,77670,VERNOU-LA-CELLE-SUR-SEINE,77,Maison,88,4,200,2024
125000,77710,LORREZ-LE-BOCAGE-PREAUX,77,Maison,91,4,500,2024
125000,77710,LORREZ-LE-BOCAGE-PREAUX,77,Maison,91,4,98,2024
413000,77680,ROISSY-EN-BRIE,77,Dépendance,0,0,379,2024
413000,77680,ROISSY-EN-BRIE,77,Maison,97,4,379,2024
330000,77170,BRIE COMTE ROBERT,77,Maison,136,5,808,2024
144200,77760,BUTHIERS,77,Maison,130,6,74,2024
202000,77680,ROISSY-EN-BRIE,77,Maison,45,2,432,2024
1035651,77350,BOISSISE-LA-BERTRAND,77,Dépendance,0,0,427,2024
1035651,77350,BOISSISE-LA-BERTRAND,77,Maison,307,10,427,2024
320000,77930,PERTHES,77,Appartement,82,4,726,2024
320000,77930,PERTHES,77,Dépendance,0,0,500,2024
320000,77930,PERTHES,77,Appartement,68,5,500,2024
320000,77930,PERTHES,77,Appartement,82,4,500,2024
320000,77930,PERTHES,77,Dépendance,0,0,726,2024
320000,77930,PERTHES,77,Appartement,68,5,726,2024
435000,77350,BOISSISE-LA-BERTRAND,77,Maison,82,4,453,2024
435000,77350,BOISSISE-LA-BERTRAND,77,Dépendance,0,0,453,2024
111750,77570,CHATEAU-LANDON,77,Dépendance,0,0,82,2024
111750,77570,CHATEAU-LANDON,77,Maison,70,3,82,2024
165000,77350,LE MEE SUR SEINE,77,Dépendance,0,0,8617,2024
363000,77680,ROISSY-EN-BRIE,77,Maison,142,6,456,2024
340000,77680,ROISSY-EN-BRIE,77,Maison,77,5,541,2024
340000,77680,ROISSY-EN-BRIE,77,Dépendance,0,0,541,2024
328000,77115,BLANDY,77,Maison,24,1,390,2024
328000,77115,BLANDY,77,Maison,71,4,390,2024
150000,77000,MELUN,77,Dépendance,0,0,766,2024
25000,77000,VAUX-LE-PENIL,77,Dépendance,0,0,24,2024
305000,77380,COMBS LA VILLE,77,Maison,99,5,385,2024
605500,77170,BRIE COMTE ROBERT,77,Dépendance,0,0,584,2024
605500,77170,BRIE COMTE ROBERT,77,Maison,144,6,584,2024
195000,77380,COMBS LA VILLE,77,Dépendance,0,0,330,2024
440000,77340,PONTAULT COMBAULT,77,Maison,147,5,698,2024
440000,77340,PONTAULT COMBAULT,77,Dépendance,0,0,698,2024
260000,77670,SAINT-MAMMES,77,Maison,66,4,563,2024
260000,77670,SAINT-MAMMES,77,Dépendance,0,0,563,2024
275000,77220,GRETZ-ARMAINVILLIERS,77,Maison,58,3,535,2024
275000,77220,GRETZ-ARMAINVILLIERS,77,Dépendance,0,0,535,2024
374000,77710,NANTEAU-SUR-LUNAIN,77,Maison,148,5,493,2024
374000,77710,NANTEAU-SUR-LUNAIN,77,Dépendance,0,0,493,2024
150000,77370,FONTENAILLES,77,Maison,110,4,574,2024
150000,77370,FONTENAILLES,77,Maison,110,4,500,2024
272000,77166,GRISY-SUISNES,77,Dépendance,0,0,466,2024
272000,77166,GRISY-SUISNES,77,Maison,87,4,466,2024
100000,77140,NEMOURS,77,Maison,97,5,237,2024
208000,77148,SALINS,77,Maison,109,5,821,2024
208000,77148,SALINS,77,Maison,109,5,126,2024
231000,77760,CHAPELLE-LA-REINE (LA),77,Maison,129,6,507,2024
345000,77820,CHATELET-EN-BRIE (LE),77,Maison,153,7,541,2024
329000,77340,PONTAULT COMBAULT,77,Dépendance,0,0,395,2024
329000,77340,PONTAULT COMBAULT,77,Maison,88,5,395,2024
193000,77710,TREUZY-LEVELAY,77,Maison,100,4,663,2024
220000,77250,VILLECERF,77,Maison,86,4,669,2024
180000,77870,VULAINES-SUR-SEINE,77,Dépendance,0,0,1158,2024
180000,77870,VULAINES-SUR-SEINE,77,Maison,40,3,1158,2024
180000,77870,VULAINES-SUR-SEINE,77,Dépendance,0,0,500,2024
180000,77870,VULAINES-SUR-SEINE,77,Maison,40,3,500,2024
170000,77140,NEMOURS,77,Maison,88,5,227,2024
170000,77140,NEMOURS,77,Dépendance,0,0,227,2024
318000,77166,EVRY-GREGY-SUR-YERRE,77,Dépendance,0,0,550,2024
318000,77166,EVRY-GREGY-SUR-YERRE,77,Maison,107,5,550,2024
45000,77710,LORREZ-LE-BOCAGE-PREAUX,77,Maison,29,2,29,2024
45000,77710,LORREZ-LE-BOCAGE-PREAUX,77,Local industriel. commercial ou assimilé,22,0,21,2024
45000,77710,LORREZ-LE-BOCAGE-PREAUX,77,Dépendance,0,0,36,2024
110000,77720,CHAPELLE-GAUTHIER (LA),77,Maison,105,6,637,2024
110000,77720,CHAPELLE-GAUTHIER (LA),77,Dépendance,0,0,637,2024
219000,77130,MISY-SUR-YONNE,77,Dépendance,0,0,523,2024
219000,77130,MISY-SUR-YONNE,77,Maison,77,3,523,2024
290000,77240,VERT-SAINT-DENIS,77,Maison,108,4,449,2024
89000,77940,VOULX,77,Dépendance,0,0,385,2024
89000,77940,VOULX,77,Maison,33,2,385,2024
299900,77670,SAINT-MAMMES,77,Maison,83,4,309,2024
171370,77167,BAGNEAUX-SUR-LOING,77,Maison,69,4,390,2024
171370,77167,BAGNEAUX-SUR-LOING,77,Dépendance,0,0,390,2024
300000,77130,MONTEREAU FAULT YONNE,77,Local industriel. commercial ou assimilé,362,0,2498,2024
290000,77760,CHAPELLE-LA-REINE (LA),77,Maison,87,4,620,2024
280000,77550,MOISSY-CRAMAYEL,77,Maison,79,4,234,2024
300000,77590,FONTAINE-LE-PORT,77,Maison,110,4,500,2024
300000,77590,FONTAINE-LE-PORT,77,Maison,178,7,500,2024
300000,77590,FONTAINE-LE-PORT,77,Maison,178,7,1095,2024
300000,77590,FONTAINE-LE-PORT,77,Maison,110,4,1095,2024
295000,77240,VERT-SAINT-DENIS,77,Maison,80,4,1058,2024
295000,77240,VERT-SAINT-DENIS,77,Dépendance,0,0,1058,2024
385000,77380,COMBS LA VILLE,77,Maison,122,4,452,2024
250000,77240,SEINE-PORT,77,Appartement,50,3,350,2024
3500,77570,MONDREVILLE,77,Dépendance,0,0,500,2024
3500,77570,MONDREVILLE,77,Dépendance,0,0,301,2024
390000,77760,URY,77,Dépendance,0,0,885,2024
390000,77760,URY,77,Dépendance,0,0,1000,2024
390000,77760,URY,77,Maison,167,6,885,2024
390000,77760,URY,77,Maison,167,6,1000,2024
265000,77760,CHAPELLE-LA-REINE (LA),77,Dépendance,0,0,260,2024
265000,77760,CHAPELLE-LA-REINE (LA),77,Maison,118,4,260,2024
286000,77000,VAUX-LE-PENIL,77,Maison,72,3,5,2024
375000,77150,LESIGNY,77,Maison,130,6,179,2024
375000,77150,LESIGNY,77,Maison,130,6,500,2024
292920,77430,CHAMPAGNE SUR SEINE,77,Dépendance,0,0,223,2024
292920,77430,CHAMPAGNE SUR SEINE,77,Maison,135,4,223,2024
304020,77250,MORET-LOING-ET-ORVANNE,77,Maison,118,6,285,2024
130000,77390,CHAUMES-EN-BRIE,77,Appartement,43,2,81,2024
130000,77390,CHAUMES-EN-BRIE,77,Dépendance,0,0,81,2024
130000,77390,CHAUMES-EN-BRIE,77,Appartement,44,2,81,2024
290000,77190,DAMMARIE LES LYS,77,Dépendance,0,0,638,2024
290000,77190,DAMMARIE LES LYS,77,Dépendance,0,0,492,2024
290000,77190,DAMMARIE LES LYS,77,Appartement,72,5,638,2024
290000,77190,DAMMARIE LES LYS,77,Appartement,72,5,492,2024
220000,77250,VILLECERF,77,Dépendance,0,0,445,2024
220000,77250,VILLECERF,77,Maison,65,3,445,2024
210000,77940,VOULX,77,Maison,121,4,463,2024
135000,77250,MORET-LOING-ET-ORVANNE,77,Maison,51,3,210,2024
285237,77950,MAINCY,77,Maison,176,7,859,2024
275000,77240,VERT-SAINT-DENIS,77,Maison,89,5,234,2024
345460,77173,CHEVRY-COSSIGNY,77,Maison,80,4,295,2024
427500,77340,PONTAULT COMBAULT,77,Maison,62,3,391,2024
440000,77330,OZOIR LA FERRIERE,77,Maison,115,4,614,2024
255000,77000,MELUN,77,Maison,74,4,475,2024
252000,77130,MONTEREAU FAULT YONNE,77,Appartement,45,2,264,2024
252000,77130,MONTEREAU FAULT YONNE,77,Local industriel. commercial ou assimilé,52,0,264,2024
252000,77130,MONTEREAU FAULT YONNE,77,Appartement,37,2,264,2024
252000,77130,MONTEREAU FAULT YONNE,77,Appartement,39,2,264,2024
249400,77220,TOURNAN-EN-BRIE,77,Maison,98,5,444,2024
120000,77930,CELY EN BIERE,77,Maison,80,4,325,2024
262000,77940,FLAGY,77,Dépendance,0,0,749,2024
262000,77940,FLAGY,77,Maison,103,5,749,2024
210000,77220,GRETZ-ARMAINVILLIERS,77,Appartement,32,3,343,2024
210000,77220,GRETZ-ARMAINVILLIERS,77,Dépendance,0,0,343,2024
210000,77220,GRETZ-ARMAINVILLIERS,77,Appartement,61,4,343,2024
130000,77210,AVON,77,Maison,45,2,163,2024
242000,77590,BOIS LE ROI,77,Dépendance,0,0,40,2024
242000,77590,BOIS LE ROI,77,Maison,60,3,40,2024
262000,77570,BOUGLIGNY,77,Maison,130,4,500,2024
262000,77570,BOUGLIGNY,77,Maison,130,4,269,2024
350000,77250,MORET-LOING-ET-ORVANNE,77,Maison,79,3,521,2024
275000,77170,SERVON,77,Maison,84,3,460,2024
275000,77170,SERVON,77,Dépendance,0,0,460,2024
263000,77250,VILLEMER,77,Dépendance,0,0,377,2024
263000,77250,VILLEMER,77,Maison,112,4,377,2024
187500,77190,DAMMARIE LES LYS,77,Dépendance,0,0,277,2024
187500,77190,DAMMARIE LES LYS,77,Maison,48,3,277,2024
341000,77240,SEINE-PORT,77,Maison,97,5,230,2024
276000,77310,PRINGY,77,Maison,89,4,605,2024
527500,77630,BARBIZON,77,Maison,160,7,1288,2024
105000,77148,SALINS,77,Maison,118,5,195,2024
326970,77170,BRIE COMTE ROBERT,77,Maison,89,5,241,2024
315000,77380,COMBS LA VILLE,77,Maison,114,6,312,2024
140000,77570,MADELEINE-SUR-LOING (LA),77,Maison,21,1,1040,2024
140000,77570,MADELEINE-SUR-LOING (LA),77,Dépendance,0,0,1040,2024
140000,77570,MADELEINE-SUR-LOING (LA),77,Maison,60,3,1040,2024
584220,77630,BARBIZON,77,Dépendance,0,0,111,2024
584220,77630,BARBIZON,77,Maison,111,5,111,2024
419000,77170,COUBERT,77,Local industriel. commercial ou assimilé,2600,0,1485,2024
164000,77810,THOMERY,77,Maison,57,3,200,2024
164000,77810,THOMERY,77,Maison,57,3,622,2024
217000,77130,CANNES-ECLUSE,77,Maison,92,5,558,2024
153000,77760,ACHERES-LA-FORET,77,Maison,84,4,268,2024
153000,77760,ACHERES-LA-FORET,77,Dépendance,0,0,268,2024
80000,77140,DARVAULT,77,Dépendance,0,0,639,2024
434000,77680,ROISSY-EN-BRIE,77,Maison,110,5,433,2024
237000,77330,OZOIR LA FERRIERE,77,Dépendance,0,0,67,2024
237000,77330,OZOIR LA FERRIERE,77,Maison,44,3,67,2024
119000,77350,LE MEE SUR SEINE,77,Dépendance,0,0,8617,2024
377700,77000,ROCHETTE(LA),77,Maison,107,4,576,2024
190000,77460,SOUPPES-SUR-LOING,77,Maison,127,7,162,2024
190000,77460,SOUPPES-SUR-LOING,77,Dépendance,0,0,162,2024
410500,77166,GRISY-SUISNES,77,Maison,136,6,443,2024
148000,77720,CHAPELLE-GAUTHIER (LA),77,Dépendance,0,0,195,2024
148000,77720,CHAPELLE-GAUTHIER (LA),77,Maison,92,4,195,2024
104825,77176,SAVIGNY-LE-TEMPLE,77,Maison,98,4,227,2024
210771,77176,SAVIGNY-LE-TEMPLE,77,Maison,63,3,227,2024
305000,77000,VAUX-LE-PENIL,77,Maison,73,4,260,2024
267000,77950,MAINCY,77,Maison,135,5,191,2024
189000,77140,NEMOURS,77,Maison,76,4,244,2024
376333,77170,BRIE COMTE ROBERT,77,Maison,136,5,808,2024
685180,77210,AVON,77,Dépendance,0,0,607,2024
685180,77210,AVON,77,Maison,180,6,607,2024
307500,77340,PONTAULT COMBAULT,77,Maison,77,4,153,2024
170000,77140,SAINT-PIERRE-LES-NEMOURS,77,Local industriel. commercial ou assimilé,84,0,820,2024
370000,77350,LE MEE SUR SEINE,77,Maison,24,1,701,2024
370000,77350,LE MEE SUR SEINE,77,Maison,200,7,701,2024
255000,77240,VERT-SAINT-DENIS,77,Maison,72,4,142,2024
435000,77680,ROISSY-EN-BRIE,77,Maison,113,6,425,2024
419000,77220,TOURNAN-EN-BRIE,77,Maison,125,5,547,2024
419000,77220,TOURNAN-EN-BRIE,77,Dépendance,0,0,547,2024
329800,77340,PONTAULT COMBAULT,77,Maison,73,4,220,2024
300000,77330,OZOIR LA FERRIERE,77,Maison,70,4,418,2024
300000,77330,OZOIR LA FERRIERE,77,Dépendance,0,0,418,2024
300000,77127,LIEUSAINT,77,Maison,110,5,288,2024
390000,77240,SEINE-PORT,77,Appartement,35,1,4372,2024
390000,77240,SEINE-PORT,77,Appartement,42,2,4372,2024
390000,77240,SEINE-PORT,77,Appartement,42,2,1000,2024
390000,77240,SEINE-PORT,77,Appartement,32,1,1000,2024
390000,77240,SEINE-PORT,77,Appartement,70,1,4372,2024
390000,77240,SEINE-PORT,77,Appartement,70,1,1000,2024
390000,77240,SEINE-PORT,77,Appartement,32,1,4372,2024
390000,77240,SEINE-PORT,77,Appartement,35,1,1000,2024
290000,77240,VERT-SAINT-DENIS,77,Maison,144,7,209,2024
87000,77240,VERT-SAINT-DENIS,77,Dépendance,0,0,366,2024
87000,77240,VERT-SAINT-DENIS,77,Maison,58,3,366,2024
479254,77930,CELY EN BIERE,77,Dépendance,0,0,332,2024
479254,77930,CELY EN BIERE,77,Maison,160,4,332,2024
310000,77330,OZOIR LA FERRIERE,77,Maison,100,3,330,2024
57547,77130,GRANDE-PAROISSE (LA),77,Maison,32,2,598,2024
57547,77130,GRANDE-PAROISSE (LA),77,Dépendance,0,0,598,2024
305000,77390,GUIGNES,77,Maison,112,5,525,2024
390000,77940,THOURY FEROTTES,77,Dépendance,0,0,590,2024
390000,77940,THOURY FEROTTES,77,Maison,180,7,590,2024
245000,77130,MISY-SUR-YONNE,77,Maison,59,2,724,2024
810000,77630,BARBIZON,77,Maison,120,4,324,2024
810000,77630,BARBIZON,77,Dépendance,0,0,324,2024
360000,77380,COMBS LA VILLE,77,Maison,130,5,76,2024
215000,77140,SAINT-PIERRE-LES-NEMOURS,77,Dépendance,0,0,555,2024
215000,77140,SAINT-PIERRE-LES-NEMOURS,77,Maison,125,6,555,2024
470000,77310,SAINT-FARGEAU-PONTHIERRY,77,Maison,106,5,551,2024
248000,77190,DAMMARIE LES LYS,77,Dépendance,0,0,437,2024
248000,77190,DAMMARIE LES LYS,77,Maison,71,3,437,2024
78000,77680,ROISSY-EN-BRIE,77,Maison,103,5,524,2024
285000,77380,COMBS LA VILLE,77,Local industriel. commercial ou assimilé,68,0,84,2024
285000,77380,COMBS LA VILLE,77,Dépendance,0,0,84,2024
285000,77380,COMBS LA VILLE,77,Appartement,26,2,84,2024
285000,77380,COMBS LA VILLE,77,Appartement,27,2,84,2024
215000,77310,SAINT-FARGEAU-PONTHIERRY,77,Dépendance,0,0,372,2024
215000,77310,SAINT-FARGEAU-PONTHIERRY,77,Maison,48,3,372,2024
560000,77330,OZOIR LA FERRIERE,77,Maison,125,4,679,2024
560000,77330,OZOIR LA FERRIERE,77,Maison,125,4,500,2024
402650,77310,PRINGY,77,Maison,150,6,500,2024
402650,77310,PRINGY,77,Maison,150,6,511,2024
85000,77570,CHATEAU-LANDON,77,Maison,67,4,49,2024
205000,77115,SIVRY-COURTRY,77,Maison,82,5,500,2024
205000,77115,SIVRY-COURTRY,77,Maison,82,5,572,2024
738550,77123,NOISY-SUR-ECOLE,77,Maison,180,5,1022,2024
738550,77123,NOISY-SUR-ECOLE,77,Maison,180,5,200,2024
295000,77190,DAMMARIE LES LYS,77,Maison,90,4,299,2024
137000,77620,EGREVILLE,77,Maison,60,3,973,2024
137000,77620,EGREVILLE,77,Maison,60,3,97,2024
239000,77930,CHAILLY-EN-BIERE,77,Maison,69,3,376,2024
239000,77930,CHAILLY-EN-BIERE,77,Maison,69,3,104,2024
350000,77390,FOUJU,77,Maison,136,5,800,2024
275000,77720,BOMBON,77,Maison,116,5,577,2024
390000,77000,MELUN,77,Local industriel. commercial ou assimilé,316,0,159,2024
254400,77133,FERICY,77,Maison,83,4,103,2024
220000,77140,NEMOURS,77,Appartement,55,3,110,2024
220000,77140,NEMOURS,77,Appartement,51,3,110,2024
220000,77140,NEMOURS,77,Appartement,53,3,110,2024
205000,77140,NEMOURS,77,Maison,89,4,81,2024
258000,77176,SAVIGNY-LE-TEMPLE,77,Maison,109,6,332,2024
393000,77340,PONTAULT COMBAULT,77,Maison,88,5,415,2024
393000,77340,PONTAULT COMBAULT,77,Dépendance,0,0,415,2024
210000,77130,CANNES-ECLUSE,77,Dépendance,0,0,760,2024
210000,77130,CANNES-ECLUSE,77,Maison,84,5,760,2024
289000,77460,SOUPPES-SUR-LOING,77,Maison,135,6,1000,2024
289000,77460,SOUPPES-SUR-LOING,77,Maison,135,6,2756,2024
248000,77690,GENEVRAYE (LA),77,Maison,105,6,862,2024
330000,77710,VILLEMARECHAL,77,Maison,147,6,676,2024
330000,77710,VILLEMARECHAL,77,Dépendance,0,0,676,2024
330000,77710,VILLEMARECHAL,77,Maison,147,6,500,2024
330000,77710,VILLEMARECHAL,77,Dépendance,0,0,500,2024
340000,77340,PONTAULT COMBAULT,77,Dépendance,0,0,403,2024
340000,77340,PONTAULT COMBAULT,77,Maison,81,5,403,2024
240000,77176,SAVIGNY-LE-TEMPLE,77,Maison,83,5,273,2024
287000,77220,GRETZ-ARMAINVILLIERS,77,Dépendance,0,0,825,2024
287000,77220,GRETZ-ARMAINVILLIERS,77,Dépendance,0,0,125,2024
287000,77220,GRETZ-ARMAINVILLIERS,77,Maison,89,5,825,2024
287000,77220,GRETZ-ARMAINVILLIERS,77,Maison,89,5,125,2024
210000,77000,LIVRY-SUR-SEINE,77,Maison,66,4,70,2024
219800,77176,SAVIGNY-LE-TEMPLE,77,Maison,85,4,193,2024
105000,77620,BRANSLES,77,Dépendance,0,0,378,2024
105000,77620,BRANSLES,77,Maison,53,2,378,2024
115000,77670,SAINT-MAMMES,77,Maison,60,3,177,2024
115000,77670,SAINT-MAMMES,77,Dépendance,0,0,177,2024
115000,77670,SAINT-MAMMES,77,Dépendance,0,0,225,2024
115000,77670,SAINT-MAMMES,77,Maison,60,3,225,2024
384600,77170,BRIE COMTE ROBERT,77,Maison,180,6,500,2024
384600,77170,BRIE COMTE ROBERT,77,Maison,180,6,829,2024
384600,77170,BRIE COMTE ROBERT,77,Dépendance,0,0,829,2024
384600,77170,BRIE COMTE ROBERT,77,Dépendance,0,0,500,2024
169000,77670,VERNOU-LA-CELLE-SUR-SEINE,77,Maison,57,3,278,2024
560000,77760,AMPONVILLE,77,Maison,156,4,445,2024
560000,77760,AMPONVILLE,77,Dépendance,0,0,445,2024
260000,77176,NANDY,77,Maison,128,5,274,2024
385000,77340,PONTAULT COMBAULT,77,Maison,137,5,445,2024
390000,77340,PONTAULT COMBAULT,77,Maison,105,4,523,2024
355000,77310,SAINT-FARGEAU-PONTHIERRY,77,Maison,133,5,429,2024
252530,77240,VERT-SAINT-DENIS,77,Maison,74,4,141,2024
50000,77135,PONTCARRE,77,Maison,90,4,500,2024
50000,77135,PONTCARRE,77,Dépendance,0,0,500,2024
50000,77135,PONTCARRE,77,Maison,90,4,362,2024
50000,77135,PONTCARRE,77,Dépendance,0,0,362,2024
303000,77240,VERT-SAINT-DENIS,77,Maison,151,6,373,2024
291000,77950,MAINCY,77,Dépendance,0,0,334,2024
291000,77950,MAINCY,77,Maison,92,4,334,2024
305000,77170,BRIE COMTE ROBERT,77,Maison,110,5,194,2024
435000,77000,LIVRY-SUR-SEINE,77,Maison,221,7,10700,2024
435000,77000,LIVRY-SUR-SEINE,77,Maison,221,7,14125,2024
435000,77000,LIVRY-SUR-SEINE,77,Maison,145,7,14125,2024
435000,77000,LIVRY-SUR-SEINE,77,Maison,145,7,10700,2024
435000,77000,LIVRY-SUR-SEINE,77,Maison,221,7,120,2024
435000,77000,LIVRY-SUR-SEINE,77,Maison,145,7,120,2024
230000,77550,MOISSY-CRAMAYEL,77,Maison,123,6,649,2024
90000,77690,MONTIGNY-SUR-LOING,77,Maison,70,3,523,2024
90000,77690,MONTIGNY-SUR-LOING,77,Dépendance,0,0,29,2024
122980,77220,GRETZ-ARMAINVILLIERS,77,Maison,87,5,735,2024
122980,77220,GRETZ-ARMAINVILLIERS,77,Dépendance,0,0,735,2024
200000,77220,TOURNAN-EN-BRIE,77,Maison,75,3,173,2024
230000,77250,MORET-LOING-ET-ORVANNE,77,Local industriel. commercial ou assimilé,600,0,1000,2024
230000,77250,MORET-LOING-ET-ORVANNE,77,Local industriel. commercial ou assimilé,600,0,931,2024
275000,77190,DAMMARIE LES LYS,77,Maison,90,4,588,2024
225000,77167,POLIGNY,77,Maison,80,2,105,2024
185000,77220,FAVIERES,77,Maison,60,3,467,2024
185000,77220,FAVIERES,77,Dépendance,0,0,467,2024
195000,77250,VILLECERF,77,Maison,96,5,624,2024
85000,77167,POLIGNY,77,Maison,82,5,175,2024
308300,77167,FAY-LES-NEMOURS,77,Maison,130,4,497,2024
308300,77167,FAY-LES-NEMOURS,77,Dépendance,0,0,497,2024
825000,77000,VAUX-LE-PENIL,77,Local industriel. commercial ou assimilé,0,0,1640,2024
825000,77000,VAUX-LE-PENIL,77,Appartement,36,2,1640,2024
45000,77710,VILLEMARECHAL,77,Maison,28,1,789,2024
45000,77710,VILLEMARECHAL,77,Maison,28,1,29,2024
460000,77150,LESIGNY,77,Maison,140,7,482,2024
460000,77150,LESIGNY,77,Maison,140,7,500,2024
240000,77940,BROSSE-MONTCEAUX (LA),77,Maison,100,3,199,2024
245000,77176,SAVIGNY-LE-TEMPLE,77,Maison,98,5,146,2024
370000,77350,BOISSETTES,77,Maison,194,6,25,2024
150000,77126,COURCELLES-EN-BASSEE,77,Maison,126,8,347,2024
150000,77126,COURCELLES-EN-BASSEE,77,Dépendance,0,0,347,2024
150000,77126,COURCELLES-EN-BASSEE,77,Dépendance,0,0,122,2024
546000,77810,THOMERY,77,Dépendance,0,0,411,2024
546000,77810,THOMERY,77,Maison,120,5,411,2024
525000,77710,TREUZY-LEVELAY,77,Maison,149,6,134,2024
525000,77710,TREUZY-LEVELAY,77,Dépendance,0,0,134,2024
525000,77710,TREUZY-LEVELAY,77,Dépendance,0,0,2488,2024
525000,77710,TREUZY-LEVELAY,77,Maison,149,6,2488,2024
211300,77310,SAINT-FARGEAU-PONTHIERRY,77,Dépendance,0,0,149,2024
211300,77310,SAINT-FARGEAU-PONTHIERRY,77,Maison,103,3,149,2024
265000,77880,GREZ-SUR-LOING,77,Maison,69,3,423,2024
265000,77880,GREZ-SUR-LOING,77,Dépendance,0,0,423,2024
265000,77880,GREZ-SUR-LOING,77,Local industriel. commercial ou assimilé,27,0,423,2024
104348,77190,DAMMARIE LES LYS,77,Maison,107,5,525,2024
104348,77190,DAMMARIE LES LYS,77,Maison,107,5,206,2024
271000,77380,COMBS LA VILLE,77,Maison,64,4,348,2024
335000,77940,BLENNES,77,Dépendance,0,0,1283,2024
335000,77940,BLENNES,77,Maison,160,5,1283,2024
546000,77170,SERVON,77,Maison,140,7,409,2024
546000,77170,SERVON,77,Dépendance,0,0,400,2024
546000,77170,SERVON,77,Maison,140,7,400,2024
546000,77170,SERVON,77,Dépendance,0,0,409,2024
675000,77810,THOMERY,77,Maison,240,7,779,2024
675000,77810,THOMERY,77,Dépendance,0,0,779,2024
637500,77780,BOURRON-MARLOTTE,77,Maison,111,6,415,2024
637500,77780,BOURRON-MARLOTTE,77,Dépendance,0,0,415,2024
321538,77240,SEINE-PORT,77,Dépendance,0,0,69,2024
321538,77240,SEINE-PORT,77,Maison,100,5,69,2024
150000,77710,LORREZ-LE-BOCAGE-PREAUX,77,Maison,120,2,417,2024
150000,77710,LORREZ-LE-BOCAGE-PREAUX,77,Local industriel. commercial ou assimilé,389,0,417,2024
319000,77000,ROCHETTE(LA),77,Maison,64,1,388,2024
475000,77000,ROCHETTE(LA),77,Maison,156,7,570,2024
475000,77000,ROCHETTE(LA),77,Maison,156,7,500,2024
309000,77390,VERNEUIL-L ETANG,77,Maison,149,6,418,2024
309000,77390,VERNEUIL-L ETANG,77,Maison,149,6,500,2024
330000,77390,GUIGNES,77,Dépendance,0,0,500,2024
330000,77390,GUIGNES,77,Maison,140,5,500,2024
208000,77111,SOLERS,77,Maison,86,4,787,2024
208000,77111,SOLERS,77,Maison,86,4,253,2024
242000,77380,COMBS LA VILLE,77,Maison,88,5,109,2024
321422,77820,CHATILLON-LA-BORDE,77,Maison,100,3,543,2024
321422,77820,CHATILLON-LA-BORDE,77,Dépendance,0,0,543,2024
190000,77620,EGREVILLE,77,Dépendance,0,0,106,2024
190000,77620,EGREVILLE,77,Maison,160,6,106,2024
1300000,77920,SAMOIS SUR SEINE,77,Maison,95,8,765,2024
150000,77590,CHARTRETTES,77,Dépendance,0,0,557,2024
150000,77590,CHARTRETTES,77,Maison,66,4,557,2024
256000,77550,MOISSY-CRAMAYEL,77,Maison,104,5,678,2024
610000,77330,OZOIR LA FERRIERE,77,Maison,165,6,500,2024
610000,77330,OZOIR LA FERRIERE,77,Maison,165,6,342,2024
610000,77330,OZOIR LA FERRIERE,77,Dépendance,0,0,500,2024
610000,77330,OZOIR LA FERRIERE,77,Dépendance,0,0,342,2024
205000,77130,DORMELLES,77,Dépendance,0,0,45,2024
205000,77130,DORMELLES,77,Maison,80,3,45,2024
215812,77380,COMBS LA VILLE,77,Dépendance,0,0,380,2024
215812,77380,COMBS LA VILLE,77,Maison,57,3,380,2024
221800,77820,CHATELET-EN-BRIE (LE),77,Maison,63,3,413,2024
300000,77820,CHATELET-EN-BRIE (LE),77,Maison,83,5,550,2024
537000,77920,SAMOIS SUR SEINE,77,Dépendance,0,0,470,2024
537000,77920,SAMOIS SUR SEINE,77,Maison,170,5,470,2024
80000,77570,CHATEAU-LANDON,77,Maison,45,2,305,2024
80000,77570,CHATEAU-LANDON,77,Dépendance,0,0,305,2024
115000,77940,BLENNES,77,Dépendance,0,0,72,2024
115000,77940,BLENNES,77,Maison,69,4,1106,2024
115000,77940,BLENNES,77,Dépendance,0,0,1106,2024
115000,77940,BLENNES,77,Maison,69,4,72,2024
333000,77710,NANTEAU-SUR-LUNAIN,77,Dépendance,0,0,685,2024
333000,77710,NANTEAU-SUR-LUNAIN,77,Maison,150,5,685,2024
333000,77710,NANTEAU-SUR-LUNAIN,77,Dépendance,0,0,500,2024
333000,77710,NANTEAU-SUR-LUNAIN,77,Maison,150,5,500,2024
279450,77310,PRINGY,77,Dépendance,0,0,645,2024
279450,77310,PRINGY,77,Maison,80,4,645,2024
265000,77590,BOIS LE ROI,77,Dépendance,0,0,128,2024
265000,77590,BOIS LE ROI,77,Maison,87,5,128,2024
158571,77133,FERICY,77,Maison,123,4,136,2024
158571,77133,FERICY,77,Maison,123,4,500,2024
352000,77127,LIEUSAINT,77,Maison,82,4,348,2024
407100,77340,PONTAULT COMBAULT,77,Maison,93,6,130,2024
407100,77340,PONTAULT COMBAULT,77,Maison,93,6,500,2024
365000,77340,PONTAULT COMBAULT,77,Dépendance,0,0,531,2024
365000,77340,PONTAULT COMBAULT,77,Maison,120,5,531,2024
210000,77130,VARENNES-SUR-SEINE,77,Maison,54,3,606,2024
210000,77130,VARENNES-SUR-SEINE,77,Dépendance,0,0,606,2024
70000,77690,MONTIGNY-SUR-LOING,77,Dépendance,0,0,37,2024
415000,77166,GRISY-SUISNES,77,Maison,111,5,503,2024
415000,77166,GRISY-SUISNES,77,Maison,111,5,500,2024
97200,77810,THOMERY,77,Maison,62,3,115,2024
203460,77130,CANNES-ECLUSE,77,Dépendance,0,0,592,2024
203460,77130,CANNES-ECLUSE,77,Maison,88,5,592,2024
415000,77170,BRIE COMTE ROBERT,77,Maison,81,4,460,2024
415000,77170,BRIE COMTE ROBERT,77,Dépendance,0,0,460,2024
343000,77610,CHATRES,77,Dépendance,0,0,500,2024
343000,77610,CHATRES,77,Maison,132,6,1219,2024
343000,77610,CHATRES,77,Dépendance,0,0,1219,2024
343000,77610,CHATRES,77,Maison,132,6,500,2024
579600,77300,FONTAINEBLEAU,77,Maison,140,8,113,2024
543000,77150,LESIGNY,77,Maison,140,7,565,2024
543000,77150,LESIGNY,77,Maison,140,7,500,2024
270000,77166,GRISY-SUISNES,77,Dépendance,0,0,181,2024
270000,77166,GRISY-SUISNES,77,Appartement,34,3,181,2024
270000,77166,GRISY-SUISNES,77,Appartement,77,3,181,2024
105000,77870,VULAINES-SUR-SEINE,77,Maison,83,5,1199,2024
14000,77240,CESSON,77,Dépendance,0,0,14,2024
168000,77250,MORET-LOING-ET-ORVANNE,77,Dépendance,0,0,60,2024
168000,77250,MORET-LOING-ET-ORVANNE,77,Appartement,42,2,60,2024
310000,77190,DAMMARIE LES LYS,77,Maison,122,8,500,2024
310000,77190,DAMMARIE LES LYS,77,Maison,122,8,276,2024
250000,77130,SAINT-GERMAIN-LAVAL,77,Local industriel. commercial ou assimilé,0,0,3157,2024
250000,77130,SAINT-GERMAIN-LAVAL,77,Maison,124,4,3157,2024
415350,77140,MONCOURT FROMONVILLE,77,Dépendance,0,0,697,2024
415350,77140,MONCOURT FROMONVILLE,77,Maison,158,6,697,2024
327897,77166,EVRY-GREGY-SUR-YERRE,77,Maison,114,5,191,2024
327897,77166,EVRY-GREGY-SUR-YERRE,77,Maison,114,5,500,2024
390000,77210,SAMOREAU,77,Maison,138,6,500,2024
390000,77210,SAMOREAU,77,Maison,138,6,132,2024
235000,77760,AMPONVILLE,77,Dépendance,0,0,629,2024
235000,77760,AMPONVILLE,77,Maison,60,3,629,2024
243750,77760,CHAPELLE-LA-REINE (LA),77,Maison,96,5,500,2024
146000,77140,NEMOURS,77,Maison,54,3,423,2024
320000,77380,COMBS LA VILLE,77,Maison,88,5,307,2024
370000,77310,SAINT-FARGEAU-PONTHIERRY,77,Maison,100,4,285,2024
319900,77111,SOIGNOLLES-EN-BRIE,77,Maison,100,4,420,2024
319900,77111,SOIGNOLLES-EN-BRIE,77,Maison,100,4,565,2024
243000,77190,DAMMARIE LES LYS,77,Dépendance,0,0,197,2024
243000,77190,DAMMARIE LES LYS,77,Maison,99,5,197,2024
190000,77130,GRANDE-PAROISSE (LA),77,Maison,73,4,512,2024
200000,77430,CHAMPAGNE SUR SEINE,77,Maison,86,5,599,2024
250000,77330,OZOIR LA FERRIERE,77,Maison,68,4,508,2024
50000,77930,FLEURY-EN-BIERE,77,Maison,65,3,296,2024
342000,77127,LIEUSAINT,77,Maison,88,4,217,2024
865000,77300,FONTAINEBLEAU,77,Dépendance,0,0,460,2024
865000,77300,FONTAINEBLEAU,77,Maison,136,5,460,2024
385000,77166,EVRY-GREGY-SUR-YERRE,77,Maison,100,6,502,2024
1550000,77300,FONTAINEBLEAU,77,Maison,285,9,326,2024
190000,77173,CHEVRY-COSSIGNY,77,Dépendance,0,0,531,2024
190000,77173,CHEVRY-COSSIGNY,77,Maison,58,3,531,2024
421420,77173,CHEVRY-COSSIGNY,77,Maison,121,4,382,2024
280000,77550,MOISSY-CRAMAYEL,77,Maison,88,5,285,2024
245000,77680,ROISSY-EN-BRIE,77,Maison,51,3,396,2024
533400,77930,PERTHES,77,Maison,165,6,500,2024
533400,77930,PERTHES,77,Maison,165,6,700,2024
187000,77680,ROISSY-EN-BRIE,77,Maison,116,4,512,2024
270000,77680,ROISSY-EN-BRIE,77,Maison,76,3,432,2024
100000,77620,BRANSLES,77,Dépendance,0,0,631,2024
100000,77620,BRANSLES,77,Maison,127,6,631,2024
353700,77340,PONTAULT COMBAULT,77,Maison,101,5,256,2024
353700,77340,PONTAULT COMBAULT,77,Dépendance,0,0,256,2024
170000,77690,MONTIGNY-SUR-LOING,77,Maison,93,3,674,2024
21733,77890,BEAUMONT-DU-GATINAIS,77,Maison,50,2,59,2024
200000,77670,VERNOU-LA-CELLE-SUR-SEINE,77,Dépendance,0,0,655,2024
200000,77670,VERNOU-LA-CELLE-SUR-SEINE,77,Maison,87,3,655,2024
243000,77176,SAVIGNY-LE-TEMPLE,77,Maison,79,4,165,2024
435000,77140,NEMOURS,77,Local industriel. commercial ou assimilé,90,0,143,2024
435000,77140,NEMOURS,77,Appartement,61,3,143,2024
435000,77140,NEMOURS,77,Appartement,26,1,143,2024
435000,77140,NEMOURS,77,Appartement,42,1,143,2024
435000,77140,NEMOURS,77,Appartement,55,2,143,2024
435000,77140,NEMOURS,77,Dépendance,0,0,143,2024
220000,77380,COMBS LA VILLE,77,Dépendance,0,0,222,2024
220000,77380,COMBS LA VILLE,77,Dépendance,0,0,500,2024
220000,77380,COMBS LA VILLE,77,Maison,72,4,500,2024
220000,77380,COMBS LA VILLE,77,Maison,72,4,222,2024
12900,77220,TOURNAN-EN-BRIE,77,Dépendance,0,0,42,2024
700000,77550,MOISSY-CRAMAYEL,77,Maison,66,4,2600,2024
700000,77550,MOISSY-CRAMAYEL,77,Maison,343,11,500,2024
700000,77550,MOISSY-CRAMAYEL,77,Maison,66,4,500,2024
700000,77550,MOISSY-CRAMAYEL,77,Maison,343,11,2600,2024
31036,77890,BEAUMONT-DU-GATINAIS,77,Dépendance,0,0,31,2024
31036,77890,BEAUMONT-DU-GATINAIS,77,Maison,80,3,168,2024
31036,77890,BEAUMONT-DU-GATINAIS,77,Dépendance,0,0,168,2024
330000,77310,BOISSISE-LE-ROI,77,Maison,150,5,914,2024
330000,77310,BOISSISE-LE-ROI,77,Dépendance,0,0,914,2024
272000,77670,SAINT-MAMMES,77,Dépendance,0,0,125,2024
272000,77670,SAINT-MAMMES,77,Maison,80,4,125,2024
272000,77670,SAINT-MAMMES,77,Maison,20,1,125,2024
375000,77310,BOISSISE-LE-ROI,77,Maison,145,7,1190,2024
375000,77310,BOISSISE-LE-ROI,77,Maison,145,7,500,2024
300000,77190,DAMMARIE LES LYS,77,Maison,180,5,39,2024
300000,77190,DAMMARIE LES LYS,77,Maison,180,5,1649,2024
380000,77380,COMBS LA VILLE,77,Maison,85,4,577,2024
232000,77220,GRETZ-ARMAINVILLIERS,77,Maison,112,5,348,2024
232000,77220,GRETZ-ARMAINVILLIERS,77,Dépendance,0,0,348,2024
360000,77820,CHATELET-EN-BRIE (LE),77,Maison,148,8,875,2024
830000,77300,FONTAINEBLEAU,77,Local industriel. commercial ou assimilé,276,0,111,2024
57000,77240,VERT-SAINT-DENIS,77,Dépendance,0,0,55,2024
60000,77390,CHAUMES-EN-BRIE,77,Dépendance,0,0,5,2024
60000,77390,CHAUMES-EN-BRIE,77,Maison,10,1,1750,2024
60000,77390,CHAUMES-EN-BRIE,77,Dépendance,0,0,1750,2024
60000,77390,CHAUMES-EN-BRIE,77,Maison,10,1,5,2024
214000,77760,VILLIERS-SOUS-GREZ,77,Maison,83,4,468,2024
302000,77310,BOISSISE-LE-ROI,77,Maison,100,3,502,2024
330000,77670,VERNOU-LA-CELLE-SUR-SEINE,77,Dépendance,0,0,609,2024
330000,77670,VERNOU-LA-CELLE-SUR-SEINE,77,Maison,116,6,609,2024
347500,77310,BOISSISE-LE-ROI,77,Maison,156,6,704,2024
190000,77350,LE MEE SUR SEINE,77,Maison,80,4,109,2024
172764,77190,DAMMARIE LES LYS,77,Maison,62,3,492,2024
172764,77190,DAMMARIE LES LYS,77,Maison,62,3,245,2024
172764,77190,DAMMARIE LES LYS,77,Dépendance,0,0,492,2024
172764,77190,DAMMARIE LES LYS,77,Dépendance,0,0,245,2024
120603,77950,MAINCY,77,Maison,55,3,370,2024
195000,77190,DAMMARIE LES LYS,77,Maison,58,3,347,2024
255000,77130,MONTEREAU FAULT YONNE,77,Local industriel. commercial ou assimilé,40,0,65,2024
255000,77130,MONTEREAU FAULT YONNE,77,Appartement,65,3,65,2024
255000,77130,MONTEREAU FAULT YONNE,77,Appartement,32,1,65,2024
255000,77130,MONTEREAU FAULT YONNE,77,Appartement,58,2,65,2024
510000,77000,MELUN,77,Maison,95,3,3331,2024
247000,77127,LIEUSAINT,77,Dépendance,0,0,232,2024
247000,77127,LIEUSAINT,77,Maison,107,4,232,2024
98000,77350,LE MEE SUR SEINE,77,Dépendance,0,0,8617,2024
306000,77550,MOISSY-CRAMAYEL,77,Maison,107,5,239,2024
480000,77150,LESIGNY,77,Maison,126,6,260,2024
480000,77150,LESIGNY,77,Maison,126,6,500,2024
258000,77380,COMBS LA VILLE,77,Maison,20,1,270,2024
258000,77380,COMBS LA VILLE,77,Maison,70,3,270,2024
240000,77000,VAUX-LE-PENIL,77,Maison,73,4,844,2024
623500,77300,FONTAINEBLEAU,77,Local industriel. commercial ou assimilé,37,0,295,2024
623500,77300,FONTAINEBLEAU,77,Dépendance,0,0,295,2024
623500,77300,FONTAINEBLEAU,77,Appartement,57,3,295,2024
623500,77300,FONTAINEBLEAU,77,Appartement,54,3,295,2024
623500,77300,FONTAINEBLEAU,77,Appartement,20,1,295,2024
343000,77220,GRETZ-ARMAINVILLIERS,77,Maison,128,6,547,2024
320000,77000,MELUN,77,Maison,120,5,107,2024
215000,77190,DAMMARIE LES LYS,77,Maison,90,3,149,2024
1,77240,CESSON,77,Local industriel. commercial ou assimilé,1388,0,4092,2024
1,77240,CESSON,77,Appartement,40,2,4092,2024
158000,77760,VILLIERS-SOUS-GREZ,77,Maison,90,4,420,2024
290000,77310,SAINT-FARGEAU-PONTHIERRY,77,Maison,56,3,500,2024
290000,77310,SAINT-FARGEAU-PONTHIERRY,77,Dépendance,0,0,500,2024
290000,77310,SAINT-FARGEAU-PONTHIERRY,77,Maison,56,3,507,2024
290000,77310,SAINT-FARGEAU-PONTHIERRY,77,Dépendance,0,0,507,2024
385000,77170,SERVON,77,Maison,133,6,636,2024
174000,77330,OZOIR LA FERRIERE,77,Maison,25,1,322,2024
392500,77250,VILLEMER,77,Dépendance,0,0,81,2024
392500,77250,VILLEMER,77,Maison,190,7,81,2024
392500,77250,VILLEMER,77,Dépendance,0,0,919,2024
392500,77250,VILLEMER,77,Maison,190,7,919,2024
375000,77240,SEINE-PORT,77,Dépendance,0,0,426,2024
375000,77240,SEINE-PORT,77,Maison,99,5,426,2024
243000,77390,GUIGNES,77,Dépendance,0,0,523,2024
243000,77390,GUIGNES,77,Maison,86,6,523,2024
225000,77140,NEMOURS,77,Maison,99,5,285,2024
90000,77620,EGREVILLE,77,Dépendance,0,0,776,2024
90000,77620,EGREVILLE,77,Maison,51,2,776,2024
415000,77173,CHEVRY-COSSIGNY,77,Maison,109,5,406,2024
455200,77173,CHEVRY-COSSIGNY,77,Maison,138,4,1031,2024
455200,77173,CHEVRY-COSSIGNY,77,Dépendance,0,0,1031,2024
315000,77680,ROISSY-EN-BRIE,77,Maison,82,4,172,2024
346200,77166,EVRY-GREGY-SUR-YERRE,77,Maison,89,4,266,2024
190000,77130,SAINT-GERMAIN-LAVAL,77,Dépendance,0,0,602,2024
190000,77130,SAINT-GERMAIN-LAVAL,77,Maison,93,6,602,2024
310000,77220,PRESLES-EN-BRIE,77,Maison,115,6,657,2024
280000,77780,BOURRON-MARLOTTE,77,Maison,81,3,157,2024
280000,77780,BOURRON-MARLOTTE,77,Dépendance,0,0,157,2024
92000,77630,BARBIZON,77,Dépendance,0,0,562,2024
92000,77630,BARBIZON,77,Maison,241,8,562,2024
261000,77250,VILLECERF,77,Maison,92,3,800,2024
625000,77930,CHAILLY-EN-BIERE,77,Dépendance,0,0,500,2024
625000,77930,CHAILLY-EN-BIERE,77,Maison,170,6,500,2024
625000,77930,CHAILLY-EN-BIERE,77,Maison,170,6,2215,2024
625000,77930,CHAILLY-EN-BIERE,77,Dépendance,0,0,2215,2024
655000,77330,OZOIR LA FERRIERE,77,Maison,157,6,500,2024
655000,77330,OZOIR LA FERRIERE,77,Dépendance,0,0,500,2024
655000,77330,OZOIR LA FERRIERE,77,Maison,157,6,455,2024
655000,77330,OZOIR LA FERRIERE,77,Dépendance,0,0,455,2024
351000,77000,LIVRY-SUR-SEINE,77,Maison,132,5,30,2024
399040,77220,FAVIERES,77,Maison,46,3,1182,2024
399040,77220,FAVIERES,77,Maison,130,3,1000,2024
399040,77220,FAVIERES,77,Dépendance,0,0,1182,2024
399040,77220,FAVIERES,77,Dépendance,0,0,1000,2024
399040,77220,FAVIERES,77,Maison,46,3,1000,2024
399040,77220,FAVIERES,77,Maison,130,3,1182,2024
460000,77240,SEINE-PORT,77,Maison,120,3,649,2024
205000,77670,SAINT-MAMMES,77,Maison,90,5,434,2024
247500,77720,CHAPELLE-GAUTHIER (LA),77,Dépendance,0,0,571,2024
247500,77720,CHAPELLE-GAUTHIER (LA),77,Maison,95,2,571,2024
4225552,77760,URY,77,Local industriel. commercial ou assimilé,787,0,35163,2024
4225552,77760,URY,77,Local industriel. commercial ou assimilé,787,0,5000,2024
4225552,77760,URY,77,Local industriel. commercial ou assimilé,4335,0,5000,2024
4225552,77760,URY,77,Local industriel. commercial ou assimilé,4335,0,35163,2024
320000,77220,GRETZ-ARMAINVILLIERS,77,Dépendance,0,0,1401,2024
311500,77390,CHAUMES-EN-BRIE,77,Dépendance,0,0,748,2024
311500,77390,CHAUMES-EN-BRIE,77,Dépendance,0,0,2186,2024
311500,77390,CHAUMES-EN-BRIE,77,Maison,120,5,2186,2024
311500,77390,CHAUMES-EN-BRIE,77,Maison,120,5,748,2024
15128000,77760,URY,77,Local industriel. commercial ou assimilé,4335,0,35163,2024
15128000,77760,URY,77,Local industriel. commercial ou assimilé,787,0,35163,2024
15128000,77760,URY,77,Local industriel. commercial ou assimilé,4335,0,5000,2024
15128000,77760,URY,77,Local industriel. commercial ou assimilé,787,0,5000,2024
1221600,77300,FONTAINEBLEAU,77,Maison,131,6,627,2024
134000,77350,LE MEE SUR SEINE,77,Dépendance,0,0,8617,2024
165000,77940,VOULX,77,Maison,68,4,319,2024
279000,77170,BRIE COMTE ROBERT,77,Maison,77,4,489,2024
349100,77710,PALEY,77,Dépendance,0,0,558,2024
349100,77710,PALEY,77,Maison,177,4,558,2024
349100,77710,PALEY,77,Dépendance,0,0,3000,2024
349100,77710,PALEY,77,Maison,177,4,3000,2024
240000,77460,SOUPPES-SUR-LOING,77,Local industriel. commercial ou assimilé,70,0,179,2024
240000,77460,SOUPPES-SUR-LOING,77,Dépendance,0,0,179,2024
240000,77460,SOUPPES-SUR-LOING,77,Maison,127,4,179,2024
150000,77167,BAGNEAUX-SUR-LOING,77,Maison,38,3,772,2024
150000,77167,BAGNEAUX-SUR-LOING,77,Maison,38,3,313,2024
225000,77240,CESSON,77,Dépendance,0,0,459,2024
225000,77240,CESSON,77,Maison,70,4,459,2024
225000,77240,CESSON,77,Dépendance,0,0,17,2024
255000,77176,SAVIGNY-LE-TEMPLE,77,Maison,96,6,424,2024
285650,77111,SOIGNOLLES-EN-BRIE,77,Dépendance,0,0,500,2024
285650,77111,SOIGNOLLES-EN-BRIE,77,Maison,102,4,490,2024
285650,77111,SOIGNOLLES-EN-BRIE,77,Dépendance,0,0,490,2024
285650,77111,SOIGNOLLES-EN-BRIE,77,Maison,102,4,500,2024
277000,77127,LIEUSAINT,77,Maison,85,4,205,2024
277000,77127,LIEUSAINT,77,Dépendance,0,0,205,2024
277000,77127,LIEUSAINT,77,Dépendance,0,0,35,2024
250000,77240,CESSON,77,Maison,64,4,158,2024
250000,77240,CESSON,77,Dépendance,0,0,158,2024
240000,77340,PONTAULT COMBAULT,77,Maison,33,3,450,2024
160000,77240,VERT-SAINT-DENIS,77,Maison,79,7,87,2024
365000,77930,PERTHES,77,Maison,118,5,567,2024
280000,77123,VAUDOUE (LE),77,Maison,118,4,47,2024
67484,77570,CHATEAU-LANDON,77,Local industriel. commercial ou assimilé,56,0,38680,2024
195000,77000,MELUN,77,Maison,72,4,501,2024
370000,77310,SAINT-FARGEAU-PONTHIERRY,77,Maison,106,5,63,2024
370000,77310,SAINT-FARGEAU-PONTHIERRY,77,Maison,106,5,937,2024
467000,77127,LIEUSAINT,77,Dépendance,0,0,395,2024
467000,77127,LIEUSAINT,77,Local industriel. commercial ou assimilé,16,0,395,2024
467000,77127,LIEUSAINT,77,Maison,130,6,395,2024
298000,77930,CHAILLY-EN-BIERE,77,Maison,103,6,497,2024
265000,77340,PONTAULT COMBAULT,77,Maison,55,3,500,2024
265000,77340,PONTAULT COMBAULT,77,Dépendance,0,0,500,2024
40000,77140,SAINT-PIERRE-LES-NEMOURS,77,Maison,20,2,290,2024
40000,77140,SAINT-PIERRE-LES-NEMOURS,77,Maison,20,2,20,2024
195000,77460,SOUPPES-SUR-LOING,77,Dépendance,0,0,699,2024
195000,77460,SOUPPES-SUR-LOING,77,Appartement,51,2,699,2024
40000,77167,POLIGNY,77,Dépendance,0,0,272,2024
750000,77380,COMBS LA VILLE,77,Local industriel. commercial ou assimilé,983,0,1959,2024
5314800,77190,DAMMARIE LES LYS,77,Local industriel. commercial ou assimilé,1116,0,1495,2024
260530,77550,MOISSY-CRAMAYEL,77,Maison,88,5,230,2024
226000,77550,MOISSY-CRAMAYEL,77,Maison,64,3,181,2024
623250,77870,VULAINES-SUR-SEINE,77,Dépendance,0,0,500,2024
623250,77870,VULAINES-SUR-SEINE,77,Dépendance,0,0,957,2024
623250,77870,VULAINES-SUR-SEINE,77,Maison,114,5,957,2024
623250,77870,VULAINES-SUR-SEINE,77,Maison,114,5,500,2024
140000,77167,BAGNEAUX-SUR-LOING,77,Dépendance,0,0,1427,2024
140000,77167,BAGNEAUX-SUR-LOING,77,Maison,60,2,1427,2024
265000,77710,LORREZ-LE-BOCAGE-PREAUX,77,Dépendance,0,0,836,2024
265000,77710,LORREZ-LE-BOCAGE-PREAUX,77,Maison,194,6,836,2024
280000,77250,MORET-LOING-ET-ORVANNE,77,Maison,97,4,517,2024
280000,77250,MORET-LOING-ET-ORVANNE,77,Maison,97,4,76,2024
347000,77127,LIEUSAINT,77,Maison,97,4,297,2024
415500,77123,NOISY-SUR-ECOLE,77,Maison,168,6,138,2024
415500,77123,NOISY-SUR-ECOLE,77,Maison,168,6,1381,2024
405500,77166,GRISY-SUISNES,77,Maison,109,4,500,2024
290000,77176,SAVIGNY-LE-TEMPLE,77,Maison,98,5,343,2024
290000,77176,SAVIGNY-LE-TEMPLE,77,Dépendance,0,0,343,2024
540000,77150,FEROLLES-ATTILLY,77,Maison,146,5,500,2024
540000,77150,FEROLLES-ATTILLY,77,Maison,146,5,1000,2024
218000,77720,CHAMPEAUX,77,Maison,54,3,620,2024
525000,77173,CHEVRY-COSSIGNY,77,Maison,170,6,437,2024
450000,77430,CHAMPAGNE SUR SEINE,77,Dépendance,0,0,1864,2024
450000,77430,CHAMPAGNE SUR SEINE,77,Maison,164,7,200,2024
450000,77430,CHAMPAGNE SUR SEINE,77,Dépendance,0,0,200,2024
450000,77430,CHAMPAGNE SUR SEINE,77,Maison,164,7,1864,2024
295000,77340,PONTAULT COMBAULT,77,Maison,53,3,402,2024
248000,77176,SAVIGNY-LE-TEMPLE,77,Dépendance,0,0,500,2024
248000,77176,SAVIGNY-LE-TEMPLE,77,Maison,79,3,500,2024
180000,77250,MORET-LOING-ET-ORVANNE,77,Dépendance,0,0,327,2024
180000,77250,MORET-LOING-ET-ORVANNE,77,Maison,61,2,327,2024
180000,77250,MORET-LOING-ET-ORVANNE,77,Maison,76,3,327,2024
235000,77250,MORET-LOING-ET-ORVANNE,77,Maison,50,4,543,2024
235000,77250,MORET-LOING-ET-ORVANNE,77,Dépendance,0,0,543,2024
305000,77000,VAUX-LE-PENIL,77,Maison,105,5,331,2024
305000,77000,VAUX-LE-PENIL,77,Maison,105,5,500,2024
221000,77390,OZOUER-LE-VOULGIS,77,Dépendance,0,0,104,2024
221000,77390,OZOUER-LE-VOULGIS,77,Maison,50,2,104,2024
1,77000,MELUN,77,Appartement,40,3,2986,2024
1,77000,MELUN,77,Local industriel. commercial ou assimilé,109,0,2986,2024
1,77000,MELUN,77,Local industriel. commercial ou assimilé,85,0,2986,2024
1,77000,MELUN,77,Local industriel. commercial ou assimilé,141,0,2986,2024
1,77000,MELUN,77,Local industriel. commercial ou assimilé,10,0,2986,2024
1,77000,MELUN,77,Appartement,24,1,2986,2024
1,77000,MELUN,77,Appartement,34,3,2986,2024
230000,77190,DAMMARIE LES LYS,77,Appartement,54,2,380,2024
230000,77190,DAMMARIE LES LYS,77,Dépendance,0,0,380,2024
230000,77190,DAMMARIE LES LYS,77,Appartement,46,3,380,2024
290000,77140,SAINT-PIERRE-LES-NEMOURS,77,Maison,186,7,196,2024
290000,77140,SAINT-PIERRE-LES-NEMOURS,77,Dépendance,0,0,196,2024
290000,77140,SAINT-PIERRE-LES-NEMOURS,77,Dépendance,0,0,1672,2024
290000,77140,SAINT-PIERRE-LES-NEMOURS,77,Maison,186,7,1672,2024
212000,77140,MONCOURT FROMONVILLE,77,Maison,88,3,426,2024
207000,77460,SOUPPES-SUR-LOING,77,Maison,90,5,626,2024
207000,77460,SOUPPES-SUR-LOING,77,Dépendance,0,0,626,2024
412000,77170,SERVON,77,Dépendance,0,0,500,2024
412000,77170,SERVON,77,Maison,136,5,500,2024
412000,77170,SERVON,77,Maison,136,5,526,2024
412000,77170,SERVON,77,Dépendance,0,0,526,2024
4480000,77176,SAVIGNY-LE-TEMPLE,77,Local industriel. commercial ou assimilé,190,0,10535,2024
4480000,77176,SAVIGNY-LE-TEMPLE,77,Local industriel. commercial ou assimilé,1679,0,10535,2024
4480000,77176,SAVIGNY-LE-TEMPLE,77,Local industriel. commercial ou assimilé,3124,0,10535,2024
340000,77630,ARBONNE-LA-FORET,77,Maison,100,3,800,2024
265000,77170,BRIE COMTE ROBERT,77,Maison,98,5,355,2024
477300,77810,THOMERY,77,Dépendance,0,0,152,2024
477300,77810,THOMERY,77,Maison,150,6,941,2024
477300,77810,THOMERY,77,Dépendance,0,0,941,2024
477300,77810,THOMERY,77,Maison,150,6,152,2024
142000,77570,CHATEAU-LANDON,77,Maison,72,4,459,2024
315000,77720,BOMBON,77,Dépendance,0,0,581,2024
315000,77720,BOMBON,77,Maison,125,5,581,2024
950000,77190,DAMMARIE LES LYS,77,Appartement,16,1,590,2024
950000,77190,DAMMARIE LES LYS,77,Appartement,23,1,590,2024
950000,77190,DAMMARIE LES LYS,77,Appartement,16,1,1587,2024
950000,77190,DAMMARIE LES LYS,77,Local industriel. commercial ou assimilé,164,0,1587,2024
950000,77190,DAMMARIE LES LYS,77,Maison,90,4,1587,2024
950000,77190,DAMMARIE LES LYS,77,Appartement,17,1,590,2024
950000,77190,DAMMARIE LES LYS,77,Appartement,34,2,590,2024
950000,77190,DAMMARIE LES LYS,77,Appartement,23,1,1587,2024
950000,77190,DAMMARIE LES LYS,77,Appartement,17,1,1587,2024
950000,77190,DAMMARIE LES LYS,77,Appartement,34,2,1587,2024
950000,77190,DAMMARIE LES LYS,77,Appartement,38,2,1587,2024
950000,77190,DAMMARIE LES LYS,77,Appartement,34,1,1587,2024
950000,77190,DAMMARIE LES LYS,77,Appartement,46,3,1587,2024
950000,77190,DAMMARIE LES LYS,77,Local industriel. commercial ou assimilé,164,0,590,2024
950000,77190,DAMMARIE LES LYS,77,Appartement,38,2,590,2024
950000,77190,DAMMARIE LES LYS,77,Appartement,46,3,590,2024
950000,77190,DAMMARIE LES LYS,77,Maison,90,4,590,2024
950000,77190,DAMMARIE LES LYS,77,Appartement,34,1,590,2024
180000,77166,EVRY-GREGY-SUR-YERRE,77,Maison,35,2,39,2024
180000,77166,EVRY-GREGY-SUR-YERRE,77,Maison,35,2,881,2024
183000,77710,CHEVRY-EN-SEREINE,77,Dépendance,0,0,488,2024
183000,77710,CHEVRY-EN-SEREINE,77,Maison,119,6,488,2024
290900,77240,CESSON,77,Maison,92,5,230,2024
686400,77240,SEINE-PORT,77,Dépendance,0,0,10515,2024
686400,77240,SEINE-PORT,77,Maison,162,5,10515,2024
283550,77430,CHAMPAGNE SUR SEINE,77,Maison,103,5,69,2024
283550,77430,CHAMPAGNE SUR SEINE,77,Dépendance,0,0,993,2024
283550,77430,CHAMPAGNE SUR SEINE,77,Dépendance,0,0,69,2024
283550,77430,CHAMPAGNE SUR SEINE,77,Maison,103,5,993,2024
215000,77720,SAINT-OUEN-EN-BRIE,77,Maison,110,5,737,2024
375650,77870,VULAINES-SUR-SEINE,77,Maison,88,4,597,2024
235000,77000,MELUN,77,Dépendance,0,0,256,2024
235000,77000,MELUN,77,Maison,90,4,256,2024
210000,77710,CHEVRY-EN-SEREINE,77,Maison,80,3,670,2024
210000,77710,CHEVRY-EN-SEREINE,77,Dépendance,0,0,670,2024
310000,77133,FERICY,77,Maison,105,5,719,2024
320950,77380,COMBS LA VILLE,77,Maison,120,7,325,2024
1000000,77950,SAINT-GERMAIN-LAXIS,77,Maison,178,5,1000,2024
1000000,77950,SAINT-GERMAIN-LAXIS,77,Maison,178,5,10380,2024
1000000,77950,SAINT-GERMAIN-LAXIS,77,Maison,196,6,10380,2024
1000000,77950,SAINT-GERMAIN-LAXIS,77,Maison,196,6,1000,2024
220000,77390,YEBLES,77,Maison,138,5,1295,2024
220000,77670,SAINT-MAMMES,77,Dépendance,0,0,726,2024
220000,77670,SAINT-MAMMES,77,Maison,143,6,726,2024
250000,77340,PONTAULT COMBAULT,77,Maison,96,5,500,2024
305000,77680,ROISSY-EN-BRIE,77,Dépendance,0,0,239,2024
305000,77680,ROISSY-EN-BRIE,77,Maison,78,4,239,2024
490000,77210,AVON,77,Maison,80,3,662,2024
1150000,77135,PONTCARRE,77,Local industriel. commercial ou assimilé,1666,0,3330,2024
73000,77940,VOULX,77,Dépendance,0,0,144,2024
130000,77810,THOMERY,77,Maison,61,2,127,2024
170000,77130,VARENNES-SUR-SEINE,77,Maison,78,4,383,2024
83000,77130,MISY-SUR-YONNE,77,Maison,63,3,36,2024
83000,77130,MISY-SUR-YONNE,77,Maison,63,3,311,2024
172950,77760,FROMONT,77,Dépendance,0,0,699,2024
172950,77760,FROMONT,77,Maison,70,3,699,2024
187000,77390,GUIGNES,77,Maison,42,2,470,2024
249000,77310,SAINT-FARGEAU-PONTHIERRY,77,Maison,94,5,216,2024
249000,77310,SAINT-FARGEAU-PONTHIERRY,77,Dépendance,0,0,216,2024
811000,77920,SAMOIS SUR SEINE,77,Dépendance,0,0,1000,2024
811000,77920,SAMOIS SUR SEINE,77,Maison,225,8,1000,2024
811000,77920,SAMOIS SUR SEINE,77,Maison,225,8,216,2024
811000,77920,SAMOIS SUR SEINE,77,Dépendance,0,0,216,2024
65750,77166,EVRY-GREGY-SUR-YERRE,77,Appartement,40,1,400,2024
65750,77166,EVRY-GREGY-SUR-YERRE,77,Maison,35,1,400,2024
65750,77166,EVRY-GREGY-SUR-YERRE,77,Maison,93,5,400,2024
310000,77380,COMBS LA VILLE,77,Maison,95,4,639,2024
492500,77000,ROCHETTE(LA),77,Dépendance,0,0,1190,2024
492500,77000,ROCHETTE(LA),77,Dépendance,0,0,500,2024
492500,77000,ROCHETTE(LA),77,Maison,100,4,500,2024
492500,77000,ROCHETTE(LA),77,Maison,100,4,1190,2024
273000,77850,HERICY,77,Maison,127,4,600,2024
357000,77166,GRISY-SUISNES,77,Dépendance,0,0,224,2024
357000,77166,GRISY-SUISNES,77,Maison,95,4,224,2024
418700,77000,VAUX-LE-PENIL,77,Maison,109,4,350,2024
132075,77940,BLENNES,77,Maison,180,3,928,2024
132075,77940,BLENNES,77,Maison,85,2,833,2024
132075,77940,BLENNES,77,Maison,85,2,500,2024
245000,77130,MONTEREAU FAULT YONNE,77,Dépendance,0,0,553,2024
245000,77130,MONTEREAU FAULT YONNE,77,Appartement,75,3,553,2024
245000,77130,MONTEREAU FAULT YONNE,77,Appartement,70,2,553,2024
100000,77166,GRISY-SUISNES,77,Maison,27,1,28,2024
204000,77115,BLANDY,77,Dépendance,0,0,248,2024
204000,77115,BLANDY,77,Maison,94,4,248,2024
272000,77190,DAMMARIE LES LYS,77,Maison,69,4,885,2024
181000,77140,NEMOURS,77,Maison,105,4,414,2024
90000,77140,NEMOURS,77,Maison,71,4,414,2024
186000,77140,SAINT-PIERRE-LES-NEMOURS,77,Maison,71,3,363,2024
150000,77760,BUTHIERS,77,Maison,107,5,587,2024
778400,77780,BOURRON-MARLOTTE,77,Maison,292,10,839,2024
778400,77780,BOURRON-MARLOTTE,77,Dépendance,0,0,839,2024
650000,77240,CESSON,77,Local industriel. commercial ou assimilé,392,0,1720,2024
195000,77370,FONTENAILLES,77,Maison,97,4,92,2024
230000,77820,CHATELET-EN-BRIE (LE),77,Maison,122,5,450,2024
230000,77820,CHATELET-EN-BRIE (LE),77,Dépendance,0,0,450,2024
275000,77870,VULAINES-SUR-SEINE,77,Maison,88,4,602,2024
532710,77130,DORMELLES,77,Dépendance,0,0,290,2024
532710,77130,DORMELLES,77,Maison,143,4,290,2024
265000,77250,MORET-LOING-ET-ORVANNE,77,Dépendance,0,0,468,2024
265000,77250,MORET-LOING-ET-ORVANNE,77,Maison,65,4,468,2024
150000,77250,MORET-LOING-ET-ORVANNE,77,Dépendance,0,0,306,2024
272000,77680,ROISSY-EN-BRIE,77,Dépendance,0,0,372,2024
272000,77680,ROISSY-EN-BRIE,77,Maison,70,3,372,2024
246000,77330,OZOIR LA FERRIERE,77,Maison,59,3,445,2024
295000,77550,MOISSY-CRAMAYEL,77,Maison,101,6,321,2024
295000,77550,MOISSY-CRAMAYEL,77,Dépendance,0,0,321,2024
270000,77170,SERVON,77,Maison,103,5,369,2024
350000,77870,VULAINES-SUR-SEINE,77,Maison,112,5,810,2024
350000,77870,VULAINES-SUR-SEINE,77,Dépendance,0,0,810,2024
245000,77190,DAMMARIE LES LYS,77,Dépendance,0,0,421,2024
245000,77190,DAMMARIE LES LYS,77,Maison,61,4,421,2024
260000,77380,COMBS LA VILLE,77,Maison,96,5,706,2024
590300,77340,PONTAULT COMBAULT,77,Dépendance,0,0,500,2024
590300,77340,PONTAULT COMBAULT,77,Maison,30,2,500,2024
590300,77340,PONTAULT COMBAULT,77,Maison,210,8,500,2024
590300,77340,PONTAULT COMBAULT,77,Maison,30,2,345,2024
590300,77340,PONTAULT COMBAULT,77,Maison,210,8,345,2024
590300,77340,PONTAULT COMBAULT,77,Dépendance,0,0,345,2024
230000,77590,BOIS LE ROI,77,Maison,79,4,543,2024
294000,77220,GRETZ-ARMAINVILLIERS,77,Maison,131,6,346,2024
345000,77000,VAUX-LE-PENIL,77,Maison,97,4,458,2024
299000,77190,DAMMARIE LES LYS,77,Dépendance,0,0,1039,2024
299000,77190,DAMMARIE LES LYS,77,Maison,90,3,1039,2024
299000,77190,DAMMARIE LES LYS,77,Maison,90,3,82,2024
299000,77190,DAMMARIE LES LYS,77,Dépendance,0,0,82,2024
430000,77340,PONTAULT COMBAULT,77,Maison,111,3,409,2024
430000,77340,PONTAULT COMBAULT,77,Dépendance,0,0,409,2024
280159,77920,SAMOIS SUR SEINE,77,Maison,95,4,332,2024
264300,77690,MONTIGNY-SUR-LOING,77,Appartement,72,2,52,2024
264300,77690,MONTIGNY-SUR-LOING,77,Maison,90,3,52,2024
296805,77430,CHAMPAGNE SUR SEINE,77,Maison,111,6,71,2024
260000,77670,SAINT-MAMMES,77,Dépendance,0,0,935,2024
260000,77670,SAINT-MAMMES,77,Maison,88,4,935,2024
950000,77000,MELUN,77,Dépendance,0,0,1003,2024
950000,77000,MELUN,77,Appartement,40,2,1003,2024
950000,77000,MELUN,77,Maison,53,3,1003,2024
950000,77000,MELUN,77,Appartement,50,2,1003,2024
950000,77000,MELUN,77,Appartement,70,4,1003,2024
950000,77000,MELUN,77,Maison,36,1,1003,2024
950000,77000,MELUN,77,Appartement,30,1,1003,2024
950000,77000,MELUN,77,Appartement,60,3,1003,2024
950000,77000,MELUN,77,Appartement,44,2,1003,2024
599000,77880,GREZ-SUR-LOING,77,Maison,245,8,1006,2024
330000,77340,PONTAULT COMBAULT,77,Maison,83,4,224,2024
82000,77350,LE MEE SUR SEINE,77,Dépendance,0,0,8617,2024
190000,77550,MOISSY-CRAMAYEL,77,Dépendance,0,0,119,2024
190000,77550,MOISSY-CRAMAYEL,77,Maison,70,5,119,2024
205000,77590,FONTAINE-LE-PORT,77,Maison,93,4,582,2024
205000,77590,FONTAINE-LE-PORT,77,Dépendance,0,0,582,2024
147000,77250,MORET-LOING-ET-ORVANNE,77,Maison,70,3,302,2024
340000,77720,SAINT-OUEN-EN-BRIE,77,Maison,150,6,275,2024
340000,77720,SAINT-OUEN-EN-BRIE,77,Dépendance,0,0,275,2024
233000,77140,NEMOURS,77,Maison,122,5,502,2024
340000,77390,VERNEUIL-L ETANG,77,Maison,114,6,543,2024
253000,77000,VAUX-LE-PENIL,77,Maison,109,5,379,2024
312735,77760,GUERCHEVILLE,77,Maison,150,6,425,2024
312735,77760,GUERCHEVILLE,77,Dépendance,0,0,425,2024
301000,77170,BRIE COMTE ROBERT,77,Maison,103,5,177,2024
315000,77250,MORET-LOING-ET-ORVANNE,77,Maison,118,6,535,2024
395000,77220,FAVIERES,77,Maison,147,6,618,2024
395000,77220,FAVIERES,77,Appartement,30,1,618,2024
80000,77350,LE MEE SUR SEINE,77,Dépendance,0,0,8617,2024
200000,77130,CANNES-ECLUSE,77,Maison,75,2,570,2024
209000,77720,BOMBON,77,Dépendance,0,0,500,2024
209000,77720,BOMBON,77,Maison,80,3,500,2024
209000,77720,BOMBON,77,Dépendance,0,0,1103,2024
209000,77720,BOMBON,77,Maison,80,3,1103,2024
280000,77310,BOISSISE-LE-ROI,77,Maison,109,6,323,2024
484600,77350,BOISSISE-LA-BERTRAND,77,Local industriel. commercial ou assimilé,50,0,1000,2024
484600,77350,BOISSISE-LA-BERTRAND,77,Dépendance,0,0,1000,2024
484600,77350,BOISSISE-LA-BERTRAND,77,Maison,154,7,1000,2024
370000,77760,BUTHIERS,77,Dépendance,0,0,350,2024
370000,77760,BUTHIERS,77,Maison,155,6,350,2024
363250,77000,MELUN,77,Maison,84,4,440,2024
250000,77380,COMBS LA VILLE,77,Maison,84,3,268,2024
275000,77240,CESSON,77,Maison,81,4,190,2024
275000,77240,CESSON,77,Dépendance,0,0,190,2024
337000,77330,OZOIR LA FERRIERE,77,Maison,128,5,402,2024
51000,77250,VILLEMER,77,Maison,51,3,74,2024
333612,77250,MORET-LOING-ET-ORVANNE,77,Maison,150,7,500,2024
333612,77250,MORET-LOING-ET-ORVANNE,77,Maison,150,7,377,2024
304000,77170,BRIE COMTE ROBERT,77,Maison,131,7,326,2024
324150,77390,GUIGNES,77,Maison,101,6,325,2024
140000,77130,MONTEREAU FAULT YONNE,77,Dépendance,0,0,95,2024
140000,77130,MONTEREAU FAULT YONNE,77,Appartement,32,1,95,2024
140000,77130,MONTEREAU FAULT YONNE,77,Appartement,37,1,95,2024
140000,77130,MONTEREAU FAULT YONNE,77,Local industriel. commercial ou assimilé,60,0,95,2024
541700,77220,PRESLES-EN-BRIE,77,Maison,133,5,5,2024
119000,77130,MONTEREAU FAULT YONNE,77,Maison,74,4,147,2024
230000,77130,VARENNES-SUR-SEINE,77,Maison,78,4,1138,2024
230000,77130,VARENNES-SUR-SEINE,77,Dépendance,0,0,88,2024
230000,77130,VARENNES-SUR-SEINE,77,Maison,78,4,88,2024
230000,77130,VARENNES-SUR-SEINE,77,Dépendance,0,0,1138,2024
82000,77130,VILLE-SAINT-JACQUES,77,Dépendance,0,0,245,2024
82000,77130,VILLE-SAINT-JACQUES,77,Maison,86,4,245,2024
190000,77940,ESMANS,77,Maison,79,3,153,2024
190000,77940,ESMANS,77,Dépendance,0,0,30,2024
210000,77550,MOISSY-CRAMAYEL,77,Maison,43,2,261,2024
585540,77930,SAINT-SAUVEUR-SUR-ECOLE,77,Maison,150,5,600,2024
585540,77930,SAINT-SAUVEUR-SUR-ECOLE,77,Maison,150,5,1668,2024
105000,77760,CHAPELLE-LA-REINE (LA),77,Maison,121,5,366,2024
210000,77390,OZOUER-LE-VOULGIS,77,Maison,49,3,467,2024
210000,77390,OZOUER-LE-VOULGIS,77,Maison,49,3,188,2024
250000,77350,LE MEE SUR SEINE,77,Maison,89,4,499,2024
250000,77350,LE MEE SUR SEINE,77,Dépendance,0,0,499,2024
150000,77130,MONTEREAU FAULT YONNE,77,Dépendance,0,0,690,2024
150000,77130,MONTEREAU FAULT YONNE,77,Maison,126,5,690,2024
1264000,77930,FLEURY-EN-BIERE,77,Maison,415,10,500,2024
1264000,77930,FLEURY-EN-BIERE,77,Dépendance,0,0,500,2024
1264000,77930,FLEURY-EN-BIERE,77,Dépendance,0,0,1285,2024
1264000,77930,FLEURY-EN-BIERE,77,Maison,415,10,1285,2024
413500,77330,OZOIR LA FERRIERE,77,Maison,114,5,639,2024
300000,77930,FLEURY-EN-BIERE,77,Dépendance,0,0,412,2024
300000,77930,FLEURY-EN-BIERE,77,Maison,72,3,1548,2024
300000,77930,FLEURY-EN-BIERE,77,Dépendance,0,0,1548,2024
300000,77930,FLEURY-EN-BIERE,77,Maison,72,3,412,2024
291000,77760,CHAPELLE-LA-REINE (LA),77,Dépendance,0,0,717,2024
291000,77760,CHAPELLE-LA-REINE (LA),77,Maison,127,4,717,2024
291000,77760,CHAPELLE-LA-REINE (LA),77,Dépendance,0,0,200,2024
291000,77760,CHAPELLE-LA-REINE (LA),77,Maison,127,4,200,2024
409000,77000,MELUN,77,Appartement,54,3,276,2024
409000,77000,MELUN,77,Appartement,58,3,276,2024
409000,77000,MELUN,77,Local industriel. commercial ou assimilé,120,0,276,2024
409000,77000,MELUN,77,Appartement,60,3,276,2024
409000,77000,MELUN,77,Dépendance,0,0,276,2024
409000,77000,MELUN,77,Appartement,55,2,276,2024
247000,77380,COMBS LA VILLE,77,Maison,76,3,638,2024
247000,77380,COMBS LA VILLE,77,Dépendance,0,0,638,2024
265000,77590,CHARTRETTES,77,Dépendance,0,0,133,2024
265000,77590,CHARTRETTES,77,Maison,63,4,133,2024
266000,77380,COMBS LA VILLE,77,Dépendance,0,0,304,2024
266000,77380,COMBS LA VILLE,77,Maison,77,4,304,2024
8000,77130,VARENNES-SUR-SEINE,77,Dépendance,0,0,22,2024
289250,77176,NANDY,77,Maison,85,4,348,2024
289250,77176,NANDY,77,Dépendance,0,0,348,2024
255000,77310,SAINT-FARGEAU-PONTHIERRY,77,Maison,92,5,172,2024
141000,77950,MAINCY,77,Maison,40,2,45,2024
349455,77240,SEINE-PORT,77,Dépendance,0,0,682,2024
349455,77240,SEINE-PORT,77,Appartement,109,6,682,2024
143000,77250,MORET-LOING-ET-ORVANNE,77,Maison,65,3,55,2024
165000,77250,MORET-LOING-ET-ORVANNE,77,Maison,60,2,60,2024
165000,77250,MORET-LOING-ET-ORVANNE,77,Local industriel. commercial ou assimilé,93,0,60,2024
165000,77250,MORET-LOING-ET-ORVANNE,77,Maison,65,3,55,2024
165000,77250,MORET-LOING-ET-ORVANNE,77,Dépendance,0,0,45,2024
90000,77710,LORREZ-LE-BOCAGE-PREAUX,77,Maison,80,3,189,2024
188000,77130,MONTEREAU FAULT YONNE,77,Maison,105,4,262,2024
208000,77620,EGREVILLE,77,Dépendance,0,0,220,2024
208000,77620,EGREVILLE,77,Maison,77,4,590,2024
208000,77620,EGREVILLE,77,Dépendance,0,0,590,2024
208000,77620,EGREVILLE,77,Maison,77,4,220,2024
345000,77570,CHATEAU-LANDON,77,Maison,190,5,158,2024
345000,77570,CHATEAU-LANDON,77,Dépendance,0,0,500,2024
345000,77570,CHATEAU-LANDON,77,Dépendance,0,0,1583,2024
220000,77250,MORET-LOING-ET-ORVANNE,77,Maison,35,2,44,2024
160000,77130,CANNES-ECLUSE,77,Dépendance,0,0,269,2024
160000,77130,CANNES-ECLUSE,77,Maison,63,3,269,2024
160000,77130,CANNES-ECLUSE,77,Dépendance,0,0,24,2024
246450,77380,COMBS LA VILLE,77,Maison,78,4,139,2024
218000,77140,NEMOURS,77,Dépendance,0,0,447,2024
218000,77140,NEMOURS,77,Maison,80,4,447,2024
195000,77000,MELUN,77,Maison,92,5,621,2024
195000,77000,MELUN,77,Dépendance,0,0,621,2024
290000,77170,COUBERT,77,Maison,79,4,167,2024
460000,77630,ARBONNE-LA-FORET,77,Dépendance,0,0,795,2024
460000,77630,ARBONNE-LA-FORET,77,Maison,125,5,795,2024
230000,77190,DAMMARIE LES LYS,77,Maison,120,5,307,2024
273900,77220,GRETZ-ARMAINVILLIERS,77,Dépendance,0,0,328,2024
273900,77220,GRETZ-ARMAINVILLIERS,77,Maison,110,6,328,2024
260000,77340,PONTAULT COMBAULT,77,Maison,84,3,391,2024
415000,77170,BRIE COMTE ROBERT,77,Maison,171,7,836,2024
415000,77170,BRIE COMTE ROBERT,77,Maison,171,7,500,2024
180000,77220,GRETZ-ARMAINVILLIERS,77,Dépendance,0,0,312,2024
210000,77760,LARCHANT,77,Maison,161,4,300,2024
210000,77760,LARCHANT,77,Dépendance,0,0,300,2024
210000,77760,LARCHANT,77,Maison,161,4,135,2024
210000,77760,LARCHANT,77,Dépendance,0,0,135,2024
125000,77167,ORMESSON,77,Dépendance,0,0,575,2024
125000,77167,ORMESSON,77,Maison,54,2,575,2024
60000,77850,HERICY,77,Maison,63,3,343,2024
246000,77190,DAMMARIE LES LYS,77,Appartement,85,2,600,2024
246000,77190,DAMMARIE LES LYS,77,Appartement,85,2,292,2024
246000,77190,DAMMARIE LES LYS,77,Appartement,160,8,292,2024
246000,77190,DAMMARIE LES LYS,77,Appartement,160,8,600,2024
450900,77330,OZOIR LA FERRIERE,77,Maison,142,6,758,2024
410000,77330,OZOIR LA FERRIERE,77,Maison,127,6,418,2024
275000,77680,ROISSY-EN-BRIE,77,Dépendance,0,0,481,2024
275000,77680,ROISSY-EN-BRIE,77,Maison,60,4,481,2024
390000,77220,TOURNAN-EN-BRIE,77,Maison,141,9,500,2024
390000,77220,TOURNAN-EN-BRIE,77,Maison,141,9,303,2024
105000,77130,MONTEREAU FAULT YONNE,77,Maison,44,3,114,2024
105000,77130,MONTEREAU FAULT YONNE,77,Dépendance,0,0,114,2024
383500,77000,VAUX-LE-PENIL,77,Maison,160,7,734,2024
226000,77190,DAMMARIE LES LYS,77,Maison,56,3,157,2024
259780,77390,CHAUMES-EN-BRIE,77,Local industriel. commercial ou assimilé,0,0,471,2024
259780,77390,CHAUMES-EN-BRIE,77,Maison,113,6,471,2024
275000,77166,EVRY-GREGY-SUR-YERRE,77,Maison,73,4,107,2024
230000,77670,SAINT-MAMMES,77,Dépendance,0,0,436,2024
230000,77670,SAINT-MAMMES,77,Maison,64,3,436,2024
320000,77127,LIEUSAINT,77,Maison,87,4,278,2024
187500,77130,CANNES-ECLUSE,77,Maison,88,4,429,2024
138000,77570,CHATEAU-LANDON,77,Dépendance,0,0,13,2024
138000,77570,CHATEAU-LANDON,77,Maison,86,4,80,2024
452000,77630,ARBONNE-LA-FORET,77,Maison,128,5,32,2024
340000,77390,YEBLES,77,Maison,102,5,623,2024
610000,77390,CHAUMES-EN-BRIE,77,Maison,120,3,500,2024
610000,77390,CHAUMES-EN-BRIE,77,Maison,120,3,1156,2024
75600,77720,CHAMPEAUX,77,Dépendance,0,0,67,2024
129000,77350,LE MEE SUR SEINE,77,Dépendance,0,0,8617,2024
229000,77130,CANNES-ECLUSE,77,Maison,94,5,530,2024
500000,77150,LESIGNY,77,Maison,104,5,293,2024
500000,77150,LESIGNY,77,Maison,104,5,500,2024
200000,77350,LE MEE SUR SEINE,77,Maison,140,8,467,2024
269990,77380,COMBS LA VILLE,77,Maison,111,4,294,2024
308150,77000,ROCHETTE(LA),77,Dépendance,0,0,488,2024
308150,77000,ROCHETTE(LA),77,Maison,85,4,488,2024
70000,77000,ROCHETTE(LA),77,Local industriel. commercial ou assimilé,1360,0,1360,2024
192700,77000,VAUX-LE-PENIL,77,Maison,68,4,576,2024
271000,77950,MOISENAY,77,Maison,101,4,202,2024
256550,77140,MONCOURT FROMONVILLE,77,Maison,110,3,79,2024
200000,77140,MONCOURT FROMONVILLE,77,Maison,85,4,540,2024
500000,77220,GRETZ-ARMAINVILLIERS,77,Local industriel. commercial ou assimilé,130,0,467,2024
500000,77220,GRETZ-ARMAINVILLIERS,77,Appartement,64,3,467,2024
500000,77220,GRETZ-ARMAINVILLIERS,77,Appartement,74,4,467,2024
275000,77690,MONTIGNY-SUR-LOING,77,Maison,195,7,1094,2024
275000,77690,MONTIGNY-SUR-LOING,77,Maison,195,7,35,2024
408620,77590,CHARTRETTES,77,Maison,72,3,817,2024
284000,77210,AVON,77,Maison,40,3,199,2024
284000,77210,AVON,77,Dépendance,0,0,199,2024
284000,77210,AVON,77,Maison,58,3,199,2024
380000,77127,LIEUSAINT,77,Maison,107,6,479,2024
275300,77340,PONTAULT COMBAULT,77,Maison,108,5,300,2024
350000,77127,LIEUSAINT,77,Maison,96,7,302,2024
340000,77380,COMBS LA VILLE,77,Maison,81,4,483,2024
311000,77127,LIEUSAINT,77,Maison,120,5,356,2024
270000,77380,COMBS LA VILLE,77,Dépendance,0,0,185,2024
270000,77380,COMBS LA VILLE,77,Maison,84,4,185,2024
335000,77350,BOISSISE-LA-BERTRAND,77,Maison,65,4,789,2024
335000,77350,BOISSISE-LA-BERTRAND,77,Maison,24,1,615,2024
335000,77350,BOISSISE-LA-BERTRAND,77,Dépendance,0,0,615,2024
365000,77166,GRISY-SUISNES,77,Maison,82,4,183,2024
365000,77166,GRISY-SUISNES,77,Dépendance,0,0,183,2024
350000,77310,SAINT-FARGEAU-PONTHIERRY,77,Maison,106,3,500,2024
350000,77310,SAINT-FARGEAU-PONTHIERRY,77,Maison,106,3,1404,2024
66960,77167,BAGNEAUX-SUR-LOING,77,Maison,116,5,1312,2024
66960,77167,BAGNEAUX-SUR-LOING,77,Dépendance,0,0,1312,2024
259000,77430,CHAMPAGNE SUR SEINE,77,Local industriel. commercial ou assimilé,250,0,848,2024
245000,77390,OZOUER-LE-VOULGIS,77,Maison,72,3,500,2024
245000,77390,OZOUER-LE-VOULGIS,77,Maison,72,3,480,2024
250000,77166,EVRY-GREGY-SUR-YERRE,77,Dépendance,0,0,340,2024
250000,77166,EVRY-GREGY-SUR-YERRE,77,Maison,177,9,500,2024
250000,77166,EVRY-GREGY-SUR-YERRE,77,Maison,177,9,594,2024
230000,77111,SOIGNOLLES-EN-BRIE,77,Maison,85,2,425,2024
230000,77111,SOIGNOLLES-EN-BRIE,77,Dépendance,0,0,425,2024
230000,77111,SOIGNOLLES-EN-BRIE,77,Maison,10,1,425,2024
250000,77390,ARGENTIERES,77,Maison,100,4,438,2024
442000,77340,PONTAULT COMBAULT,77,Dépendance,0,0,552,2024
442000,77340,PONTAULT COMBAULT,77,Maison,68,2,552,2024
280000,77170,BRIE COMTE ROBERT,77,Maison,145,7,472,2024
150000,77220,GRETZ-ARMAINVILLIERS,77,Maison,40,3,372,2024
1850000,77350,BOISSETTES,77,Dépendance,0,0,8098,2024
1850000,77350,BOISSETTES,77,Maison,380,15,8098,2024
1850000,77350,BOISSETTES,77,Dépendance,0,0,500,2024
1850000,77350,BOISSETTES,77,Maison,380,15,500,2024
395000,77590,CHARTRETTES,77,Maison,145,6,540,2024
395000,77590,CHARTRETTES,77,Dépendance,0,0,540,2024
242000,77140,SAINT-PIERRE-LES-NEMOURS,77,Dépendance,0,0,109,2024
242000,77140,SAINT-PIERRE-LES-NEMOURS,77,Maison,105,3,941,2024
242000,77140,SAINT-PIERRE-LES-NEMOURS,77,Dépendance,0,0,941,2024
242000,77140,SAINT-PIERRE-LES-NEMOURS,77,Maison,105,3,109,2024
255000,77950,MOISENAY,77,Maison,89,5,198,2024
255000,77950,MOISENAY,77,Dépendance,0,0,198,2024
700000,77166,GRISY-SUISNES,77,Dépendance,0,0,2512,2024
700000,77166,GRISY-SUISNES,77,Local industriel. commercial ou assimilé,172,0,2512,2024
700000,77166,GRISY-SUISNES,77,Maison,98,6,2512,2024
118000,77950,SAINT-GERMAIN-LAXIS,77,Dépendance,0,0,500,2024
118000,77950,SAINT-GERMAIN-LAXIS,77,Dépendance,0,0,358,2024
180000,77123,NOISY-SUR-ECOLE,77,Dépendance,0,0,5200,2024
180000,77123,NOISY-SUR-ECOLE,77,Maison,107,5,5200,2024
180000,77123,NOISY-SUR-ECOLE,77,Maison,107,5,100,2024
180000,77123,NOISY-SUR-ECOLE,77,Dépendance,0,0,100,2024
180000,77123,NOISY-SUR-ECOLE,77,Maison,32,1,40,2024
318000,77950,MOISENAY,77,Maison,100,3,656,2024
377000,77220,GRETZ-ARMAINVILLIERS,77,Maison,81,5,610,2024
190000,77000,MELUN,77,Maison,141,7,77,2024
277300,77460,SOUPPES-SUR-LOING,77,Maison,203,7,11762,2024
410000,77630,ARBONNE-LA-FORET,77,Maison,99,4,1812,2024
410000,77630,ARBONNE-LA-FORET,77,Maison,99,4,600,2024
53000,77570,CHATEAU-LANDON,77,Maison,40,1,24,2024
220000,77380,COMBS LA VILLE,77,Maison,105,5,180,2024
850250,77170,BRIE COMTE ROBERT,77,Local industriel. commercial ou assimilé,650,0,1094,2024
416000,77340,PONTAULT COMBAULT,77,Maison,82,5,515,2024
517500,77210,AVON,77,Maison,135,5,417,2024
517500,77210,AVON,77,Dépendance,0,0,417,2024
363750,77670,SAINT-MAMMES,77,Maison,192,6,654,2024
363750,77670,SAINT-MAMMES,77,Maison,192,6,500,2024
450000,77130,MONTEREAU FAULT YONNE,77,Local industriel. commercial ou assimilé,218,0,2966,2024
188500,77140,DARVAULT,77,Maison,155,6,84,2024
264000,77760,URY,77,Maison,132,5,241,2024
205000,77140,NEMOURS,77,Maison,119,4,500,2024
135000,77850,HERICY,77,Local industriel. commercial ou assimilé,79,0,68,2024
291000,77140,NEMOURS,77,Maison,126,5,509,2024
210000,77166,EVRY-GREGY-SUR-YERRE,77,Maison,222,7,810,2024
390000,77170,BRIE COMTE ROBERT,77,Maison,129,6,507,2024
255000,77210,SAMOREAU,77,Maison,105,5,496,2024
255000,77210,SAMOREAU,77,Maison,105,5,500,2024
14000,77130,MONTEREAU FAULT YONNE,77,Dépendance,0,0,15,2024
672800,77123,TOUSSON,77,Dépendance,0,0,755,2024
672800,77123,TOUSSON,77,Maison,172,5,755,2024
400000,77123,VAUDOUE (LE),77,Maison,90,4,2075,2024
400000,77123,VAUDOUE (LE),77,Maison,90,4,77,2024
265000,77350,LE MEE SUR SEINE,77,Maison,112,6,98,2024
225000,77390,CHAMPDEUIL,77,Maison,50,3,681,2024
225000,77390,CHAMPDEUIL,77,Dépendance,0,0,681,2024
200000,77130,MONTEREAU FAULT YONNE,77,Local industriel. commercial ou assimilé,290,0,290,2024
50000,77130,VARENNES-SUR-SEINE,77,Local industriel. commercial ou assimilé,170,0,462,2024
436000,77210,SAMOREAU,77,Maison,133,6,355,2024
436000,77210,SAMOREAU,77,Dépendance,0,0,500,2024
436000,77210,SAMOREAU,77,Maison,133,6,500,2024
436000,77210,SAMOREAU,77,Dépendance,0,0,355,2024
235000,77940,FLAGY,77,Maison,107,4,954,2024
235000,77940,FLAGY,77,Maison,107,4,200,2024
420480,77630,BARBIZON,77,Maison,86,5,434,2024
420480,77630,BARBIZON,77,Dépendance,0,0,5,2024
420480,77630,BARBIZON,77,Dépendance,0,0,434,2024
420480,77630,BARBIZON,77,Maison,86,5,5,2024
25000,77460,SOUPPES-SUR-LOING,77,Maison,79,4,35,2024
260000,77920,SAMOIS SUR SEINE,77,Maison,74,3,143,2024
440000,77570,CHATEAU-LANDON,77,Appartement,67,3,119,2024
440000,77570,CHATEAU-LANDON,77,Appartement,60,2,119,2024
440000,77570,CHATEAU-LANDON,77,Appartement,23,1,119,2024
440000,77570,CHATEAU-LANDON,77,Appartement,38,2,180,2024
440000,77570,CHATEAU-LANDON,77,Appartement,56,2,180,2024
440000,77570,CHATEAU-LANDON,77,Appartement,46,2,180,2024
199000,77190,DAMMARIE LES LYS,77,Maison,40,2,127,2024
199000,77190,DAMMARIE LES LYS,77,Dépendance,0,0,17,2024
184500,77950,MOISENAY,77,Dépendance,0,0,45,2024
184500,77950,MOISENAY,77,Dépendance,0,0,1655,2024
184500,77950,MOISENAY,77,Maison,55,4,1655,2024
184500,77950,MOISENAY,77,Maison,55,4,45,2024
184500,77950,MOISENAY,77,Maison,40,2,466,2024
261000,77550,MOISSY-CRAMAYEL,77,Dépendance,0,0,309,2024
261000,77550,MOISSY-CRAMAYEL,77,Maison,88,4,309,2024
800000,77390,GUIGNES,77,Local industriel. commercial ou assimilé,933,0,1847,2024
410000,77340,PONTAULT COMBAULT,77,Maison,117,5,539,2024
410000,77340,PONTAULT COMBAULT,77,Dépendance,0,0,539,2024
465000,77340,PONTAULT COMBAULT,77,Maison,147,6,447,2024
465000,77340,PONTAULT COMBAULT,77,Dépendance,0,0,447,2024
105000,77710,LORREZ-LE-BOCAGE-PREAUX,77,Maison,144,5,675,2024
392800,77590,BOIS LE ROI,77,Maison,110,4,117,2024
52200,77930,CHAILLY-EN-BIERE,77,Maison,91,5,548,2024
336707,77950,VOISENON,77,Maison,99,6,298,2024
305000,77310,SAINT-FARGEAU-PONTHIERRY,77,Maison,97,5,243,2024
324851,77240,VERT-SAINT-DENIS,77,Maison,93,5,160,2024
168000,77550,MOISSY-CRAMAYEL,77,Maison,43,2,261,2024
304010,77390,CHAUMES-EN-BRIE,77,Maison,68,2,279,2024
269600,77380,COMBS LA VILLE,77,Maison,104,6,202,2024
322100,77170,BRIE COMTE ROBERT,77,Maison,92,4,358,2024
412950,77680,ROISSY-EN-BRIE,77,Maison,108,6,413,2024
386000,77830,PAMFOU,77,Maison,157,7,1595,2024
712695,77590,BOIS LE ROI,77,Dépendance,0,0,70,2024
712695,77590,BOIS LE ROI,77,Maison,130,6,70,2024
175000,77950,MOISENAY,77,Dépendance,0,0,275,2024
175000,77950,MOISENAY,77,Maison,65,2,1488,2024
175000,77950,MOISENAY,77,Dépendance,0,0,1488,2024
175000,77950,MOISENAY,77,Maison,65,2,275,2024
426000,77000,MELUN,77,Maison,95,4,188,2024
261000,77330,OZOIR LA FERRIERE,77,Maison,68,3,438,2024
133088,77210,SAMOREAU,77,Maison,77,4,318,2024
263000,77380,COMBS LA VILLE,77,Maison,75,5,176,2024
330000,77380,COMBS LA VILLE,77,Maison,91,5,222,2024
365000,77380,COMBS LA VILLE,77,Maison,104,5,431,2024
365000,77380,COMBS LA VILLE,77,Dépendance,0,0,431,2024
250000,77390,COURTOMER,77,Maison,90,3,196,2024
250000,77390,COURTOMER,77,Dépendance,0,0,196,2024
130000,77940,BLENNES,77,Maison,109,3,131,2024
130000,77940,BLENNES,77,Maison,109,3,703,2024
130000,77940,BLENNES,77,Dépendance,0,0,572,2024
190000,77670,VERNOU-LA-CELLE-SUR-SEINE,77,Maison,85,3,200,2024
190000,77670,VERNOU-LA-CELLE-SUR-SEINE,77,Maison,85,3,613,2024
214000,77000,MELUN,77,Maison,73,3,378,2024
418000,77680,ROISSY-EN-BRIE,77,Maison,109,7,499,2024
242000,77830,VALENCE-EN-BRIE,77,Maison,81,4,76,2024
170000,77670,SAINT-MAMMES,77,Dépendance,0,0,276,2024
170000,77670,SAINT-MAMMES,77,Maison,60,4,276,2024
170000,77670,SAINT-MAMMES,77,Maison,60,4,443,2024
170000,77670,SAINT-MAMMES,77,Dépendance,0,0,443,2024
725000,77300,FONTAINEBLEAU,77,Maison,146,8,249,2024
230000,77250,MORET-LOING-ET-ORVANNE,77,Dépendance,0,0,62,2024
230000,77250,MORET-LOING-ET-ORVANNE,77,Maison,74,3,62,2024
288000,77170,BRIE COMTE ROBERT,77,Maison,82,4,189,2024
130000,77590,BOIS LE ROI,77,Maison,42,3,49,2024
142000,77250,MORET-LOING-ET-ORVANNE,77,Maison,68,3,31,2024
105000,77460,SOUPPES-SUR-LOING,77,Maison,63,4,710,2024
355000,77310,SAINT-FARGEAU-PONTHIERRY,77,Maison,137,4,743,2024
503980,77340,PONTAULT COMBAULT,77,Maison,151,5,600,2024
200000,77140,NEMOURS,77,Local industriel. commercial ou assimilé,115,0,532,2024
170000,77130,CANNES-ECLUSE,77,Maison,96,3,511,2024
170000,77130,CANNES-ECLUSE,77,Dépendance,0,0,511,2024
405000,77550,LIMOGES-FOURCHES,77,Dépendance,0,0,1453,2024
405000,77550,LIMOGES-FOURCHES,77,Maison,137,5,1000,2024
405000,77550,LIMOGES-FOURCHES,77,Dépendance,0,0,1000,2024
405000,77550,LIMOGES-FOURCHES,77,Maison,137,5,1453,2024
751550,77310,SAINT-FARGEAU-PONTHIERRY,77,Maison,244,5,500,2024
751550,77310,SAINT-FARGEAU-PONTHIERRY,77,Dépendance,0,0,500,2024
751550,77310,SAINT-FARGEAU-PONTHIERRY,77,Maison,244,5,1819,2024
751550,77310,SAINT-FARGEAU-PONTHIERRY,77,Dépendance,0,0,1819,2024
460500,77123,NOISY-SUR-ECOLE,77,Maison,126,8,25,2024
460500,77123,NOISY-SUR-ECOLE,77,Dépendance,0,0,25,2024
205000,77111,SOIGNOLLES-EN-BRIE,77,Maison,70,2,504,2024
205000,77111,SOIGNOLLES-EN-BRIE,77,Maison,70,2,500,2024
280000,77170,BRIE COMTE ROBERT,77,Maison,131,5,560,2024
145000,77460,SOUPPES-SUR-LOING,77,Maison,99,5,500,2024
285000,77150,LESIGNY,77,Maison,169,7,403,2024
285000,77150,LESIGNY,77,Maison,169,7,500,2024
219000,77000,LIVRY-SUR-SEINE,77,Maison,96,5,809,2024
444350,77176,NANDY,77,Dépendance,0,0,1095,2024
444350,77176,NANDY,77,Maison,90,5,1095,2024
190000,77210,AVON,77,Local industriel. commercial ou assimilé,177,0,136,2024
190000,77210,AVON,77,Maison,191,4,136,2024
320000,77240,CESSON,77,Maison,128,8,202,2024
164000,77460,SOUPPES-SUR-LOING,77,Maison,80,4,104,2024
295000,77240,CESSON,77,Maison,118,7,439,2024
446700,77000,MELUN,77,Maison,122,6,383,2024
308000,77390,GUIGNES,77,Maison,84,5,1156,2024
308000,77390,GUIGNES,77,Maison,84,5,500,2024
268250,77390,VERNEUIL-L ETANG,77,Maison,88,4,674,2024
320000,77310,BOISSISE-LE-ROI,77,Maison,140,5,1001,2024
245000,77240,CESSON,77,Maison,84,4,254,2024
355850,77240,SEINE-PORT,77,Maison,111,4,892,2024
826000,77300,FONTAINEBLEAU,77,Dépendance,0,0,303,2024
826000,77300,FONTAINEBLEAU,77,Maison,190,10,303,2024
245000,77250,MORET-LOING-ET-ORVANNE,77,Dépendance,0,0,48,2024
245000,77250,MORET-LOING-ET-ORVANNE,77,Maison,80,3,48,2024
135060,77940,VOULX,77,Maison,89,3,412,2024
500000,77170,SERVON,77,Maison,147,6,600,2024
373400,77166,GRISY-SUISNES,77,Maison,182,5,1385,2024
373400,77166,GRISY-SUISNES,77,Maison,182,5,97,2024
370000,77310,BOISSISE-LE-ROI,77,Maison,120,5,703,2024
370000,77310,BOISSISE-LE-ROI,77,Maison,120,5,500,2024
370000,77310,BOISSISE-LE-ROI,77,Dépendance,0,0,703,2024
370000,77310,BOISSISE-LE-ROI,77,Dépendance,0,0,500,2024
320000,77000,VAUX-LE-PENIL,77,Maison,89,4,500,2024
109000,77920,SAMOIS SUR SEINE,77,Maison,55,3,30,2024
344000,77380,COMBS LA VILLE,77,Dépendance,0,0,718,2024
344000,77380,COMBS LA VILLE,77,Maison,111,6,718,2024
344000,77380,COMBS LA VILLE,77,Local industriel. commercial ou assimilé,0,0,18,2024
230000,77810,THOMERY,77,Maison,93,4,206,2024
399500,77340,PONTAULT COMBAULT,77,Maison,197,5,500,2024
399500,77340,PONTAULT COMBAULT,77,Maison,197,5,341,2024
399500,77340,PONTAULT COMBAULT,77,Local industriel. commercial ou assimilé,0,0,40,2024
160000,77380,COMBS LA VILLE,77,Dépendance,0,0,449,2024
160000,77380,COMBS LA VILLE,77,Maison,46,3,449,2024
90000,77720,MORMANT,77,Dépendance,0,0,410,2024
311000,77390,YEBLES,77,Maison,92,4,799,2024
151500,77350,LE MEE SUR SEINE,77,Dépendance,0,0,8617,2024
507400,77210,SAMOREAU,77,Local industriel. commercial ou assimilé,1537,0,5201,2024
145000,77710,CHEVRY-EN-SEREINE,77,Dépendance,0,0,92,2024
145000,77710,CHEVRY-EN-SEREINE,77,Maison,55,3,92,2024
145000,77710,CHEVRY-EN-SEREINE,77,Maison,55,3,1081,2024
145000,77710,CHEVRY-EN-SEREINE,77,Dépendance,0,0,1081,2024
319000,77250,MORET-LOING-ET-ORVANNE,77,Maison,94,3,167,2024
13000,77940,VOULX,77,Dépendance,0,0,900,2024
13000,77940,VOULX,77,Dépendance,0,0,67,2024
765401,77630,BARBIZON,77,Maison,133,5,1530,2024
765401,77630,BARBIZON,77,Maison,133,5,500,2024
320000,77300,FONTAINEBLEAU,77,Dépendance,0,0,181,2024
320000,77300,FONTAINEBLEAU,77,Maison,50,2,181,2024
324000,77170,BRIE COMTE ROBERT,77,Maison,131,5,560,2024
225000,77140,NEMOURS,77,Maison,90,4,275,2024
220000,77140,NEMOURS,77,Maison,110,6,348,2024
465000,77590,BOIS LE ROI,77,Dépendance,0,0,108,2024
465000,77590,BOIS LE ROI,77,Maison,120,4,108,2024
555000,77310,SAINT-FARGEAU-PONTHIERRY,77,Maison,197,6,200,2024
555000,77310,SAINT-FARGEAU-PONTHIERRY,77,Maison,197,6,1169,2024
172000,77760,URY,77,Maison,91,5,128,2024
440000,77780,BOURRON-MARLOTTE,77,Dépendance,0,0,568,2024
440000,77780,BOURRON-MARLOTTE,77,Appartement,85,3,568,2024
440000,77780,BOURRON-MARLOTTE,77,Local industriel. commercial ou assimilé,52,0,568,2024
440000,77780,BOURRON-MARLOTTE,77,Local industriel. commercial ou assimilé,94,0,568,2024
134000,77890,ICHY,77,Maison,71,3,420,2024
134000,77890,ICHY,77,Dépendance,0,0,420,2024
226000,77720,CHAPELLE-GAUTHIER (LA),77,Dépendance,0,0,835,2024
226000,77720,CHAPELLE-GAUTHIER (LA),77,Maison,89,4,835,2024
142000,77810,THOMERY,77,Maison,71,3,578,2024
142000,77810,THOMERY,77,Maison,71,3,200,2024
134500,77240,VERT-SAINT-DENIS,77,Maison,88,5,425,2024
380000,77250,MORET-LOING-ET-ORVANNE,77,Maison,160,5,305,2024
380000,77250,MORET-LOING-ET-ORVANNE,77,Maison,160,5,500,2024
286100,77670,VERNOU-LA-CELLE-SUR-SEINE,77,Dépendance,0,0,532,2024
286100,77670,VERNOU-LA-CELLE-SUR-SEINE,77,Dépendance,0,0,34,2024
286100,77670,VERNOU-LA-CELLE-SUR-SEINE,77,Maison,82,3,34,2024
286100,77670,VERNOU-LA-CELLE-SUR-SEINE,77,Maison,82,3,532,2024
328000,77930,CHAILLY-EN-BIERE,77,Maison,80,4,500,2024
328000,77930,CHAILLY-EN-BIERE,77,Maison,80,4,643,2024
200000,77680,ROISSY-EN-BRIE,77,Dépendance,0,0,455,2024
200000,77680,ROISSY-EN-BRIE,77,Maison,55,2,455,2024
196000,77130,MONTEREAU FAULT YONNE,77,Maison,118,5,106,2024
196000,77130,MONTEREAU FAULT YONNE,77,Dépendance,0,0,106,2024
271493,77940,FLAGY,77,Maison,137,4,1550,2024
289000,77000,VAUX-LE-PENIL,77,Maison,75,4,219,2024
14000,77130,MONTEREAU FAULT YONNE,77,Dépendance,0,0,60,2024
83000,77000,VAUX-LE-PENIL,77,Maison,31,1,432,2024
299000,77760,URY,77,Maison,121,5,200,2024
299000,77760,URY,77,Maison,121,5,371,2024
285000,77550,MOISSY-CRAMAYEL,77,Maison,102,5,369,2024
225000,77380,COMBS LA VILLE,77,Maison,90,2,81,2024
365000,77240,VERT-SAINT-DENIS,77,Maison,112,6,600,2024
365000,77240,VERT-SAINT-DENIS,77,Maison,112,6,439,2024
865910,77710,TREUZY-LEVELAY,77,Dépendance,0,0,1104,2024
865910,77710,TREUZY-LEVELAY,77,Maison,214,5,1104,2024
865910,77710,TREUZY-LEVELAY,77,Local industriel. commercial ou assimilé,46,0,1104,2024
300000,77190,DAMMARIE LES LYS,77,Dépendance,0,0,351,2024
300000,77190,DAMMARIE LES LYS,77,Maison,77,4,351,2024
320000,77390,GUIGNES,77,Dépendance,0,0,807,2024
320000,77390,GUIGNES,77,Maison,149,6,807,2024
240000,77340,PONTAULT COMBAULT,77,Maison,60,2,309,2024
135135,77930,FLEURY-EN-BIERE,77,Maison,107,5,880,2024
135135,77930,FLEURY-EN-BIERE,77,Dépendance,0,0,880,2024
120000,77350,LE MEE SUR SEINE,77,Dépendance,0,0,8617,2024
288000,77310,BOISSISE-LE-ROI,77,Maison,72,3,508,2024
288000,77310,BOISSISE-LE-ROI,77,Maison,72,3,500,2024
33500,77850,HERICY,77,Maison,23,2,636,2024
412000,77173,CHEVRY-COSSIGNY,77,Maison,117,4,465,2024
273000,77310,SAINT-FARGEAU-PONTHIERRY,77,Dépendance,0,0,370,2024
273000,77310,SAINT-FARGEAU-PONTHIERRY,77,Maison,73,4,370,2024
358000,77950,VOISENON,77,Maison,84,4,512,2024
735000,77300,FONTAINEBLEAU,77,Maison,134,5,600,2024
255500,77130,MONTEREAU FAULT YONNE,77,Maison,137,5,321,2024
300000,77690,MONTIGNY-SUR-LOING,77,Dépendance,0,0,2172,2024
300000,77690,MONTIGNY-SUR-LOING,77,Maison,208,5,2172,2024
280000,77850,HERICY,77,Maison,105,4,500,2024
280000,77850,HERICY,77,Maison,105,4,753,2024
134600,77850,HERICY,77,Maison,28,2,67,2024
134600,77850,HERICY,77,Dépendance,0,0,67,2024
280000,77240,CESSON,77,Maison,127,6,255,2024
172000,77710,LORREZ-LE-BOCAGE-PREAUX,77,Maison,74,4,556,2024
289900,77680,ROISSY-EN-BRIE,77,Maison,75,5,406,2024
267000,77680,ROISSY-EN-BRIE,77,Maison,81,4,158,2024
571000,77240,SEINE-PORT,77,Dépendance,0,0,500,2024
571000,77240,SEINE-PORT,77,Maison,158,4,500,2024
571000,77240,SEINE-PORT,77,Dépendance,0,0,1125,2024
571000,77240,SEINE-PORT,77,Maison,158,4,1125,2024
7395000,77380,COMBS LA VILLE,77,Local industriel. commercial ou assimilé,3668,0,5403,2024
7395000,77380,COMBS LA VILLE,77,Local industriel. commercial ou assimilé,3668,0,4000,2024
90000,77620,EGREVILLE,77,Maison,110,4,720,2024
90000,77620,EGREVILLE,77,Dépendance,0,0,720,2024
393000,77300,FONTAINEBLEAU,77,Dépendance,0,0,40,2024
393000,77300,FONTAINEBLEAU,77,Maison,74,5,40,2024
340800,77111,SOLERS,77,Maison,108,6,500,2024
265000,77630,ARBONNE-LA-FORET,77,Dépendance,0,0,241,2024
265000,77630,ARBONNE-LA-FORET,77,Maison,154,5,241,2024
300000,77340,PONTAULT COMBAULT,77,Maison,68,3,595,2024
300000,77340,PONTAULT COMBAULT,77,Maison,68,3,76,2024
100000,77130,MONTEREAU FAULT YONNE,77,Maison,89,4,256,2024
395000,77340,PONTAULT COMBAULT,77,Maison,106,6,400,2024
395000,77220,TOURNAN-EN-BRIE,77,Maison,110,7,425,2024
325000,77610,CHATRES,77,Dépendance,0,0,266,2024
325000,77610,CHATRES,77,Maison,55,3,266,2024
238293,77176,SAVIGNY-LE-TEMPLE,77,Maison,82,4,123,2024
232252,77240,VERT-SAINT-DENIS,77,Maison,72,3,667,2024
160000,77130,SAINT-GERMAIN-LAVAL,77,Maison,78,4,520,2024
160000,77130,SAINT-GERMAIN-LAVAL,77,Dépendance,0,0,520,2024
12000,77380,COMBS LA VILLE,77,Dépendance,0,0,16,2024
3172000,77000,MELUN,77,Local industriel. commercial ou assimilé,65,0,4203,2024
3172000,77000,MELUN,77,Local industriel. commercial ou assimilé,1246,0,4203,2024
3172000,77000,MELUN,77,Local industriel. commercial ou assimilé,13,0,4203,2024
3172000,77000,MELUN,77,Local industriel. commercial ou assimilé,23,0,4203,2024
3172000,77000,MELUN,77,Local industriel. commercial ou assimilé,40,0,4203,2024
3172000,77000,MELUN,77,Local industriel. commercial ou assimilé,90,0,4203,2024
61000,77570,CHATEAU-LANDON,77,Dépendance,0,0,111,2024
61000,77570,CHATEAU-LANDON,77,Maison,90,4,111,2024
250000,77390,CHAUMES-EN-BRIE,77,Maison,106,5,88,2024
134000,77111,SOIGNOLLES-EN-BRIE,77,Maison,77,4,980,2024
134000,77111,SOIGNOLLES-EN-BRIE,77,Dépendance,0,0,520,2024
134000,77111,SOIGNOLLES-EN-BRIE,77,Dépendance,0,0,980,2024
134000,77111,SOIGNOLLES-EN-BRIE,77,Maison,77,4,520,2024
310000,77720,CHAMPEAUX,77,Maison,84,5,598,2024
344000,77850,HERICY,77,Maison,142,7,607,2024
344000,77850,HERICY,77,Maison,142,7,500,2024
334000,77680,ROISSY-EN-BRIE,77,Maison,114,5,326,2024
166000,77250,MORET-LOING-ET-ORVANNE,77,Dépendance,0,0,166,2024
166000,77250,MORET-LOING-ET-ORVANNE,77,Maison,76,3,166,2024
3500,77590,CHARTRETTES,77,Dépendance,0,0,122,2024
250000,77240,VERT-SAINT-DENIS,77,Dépendance,0,0,47,2024
250000,77240,VERT-SAINT-DENIS,77,Maison,51,1,47,2024
230000,77240,CESSON,77,Maison,92,5,253,2024
298000,77250,MORET-LOING-ET-ORVANNE,77,Dépendance,0,0,565,2024
298000,77250,MORET-LOING-ET-ORVANNE,77,Maison,100,4,565,2024
358690,77310,SAINT-FARGEAU-PONTHIERRY,77,Maison,133,6,902,2024
381600,77000,VAUX-LE-PENIL,77,Maison,95,5,97,2024
381600,77000,VAUX-LE-PENIL,77,Maison,95,5,305,2024
420000,77630,ARBONNE-LA-FORET,77,Maison,164,5,15,2024
280000,77940,VOULX,77,Maison,169,6,394,2024
245000,77140,MONCOURT FROMONVILLE,77,Maison,94,4,606,2024
190000,77140,SAINT-PIERRE-LES-NEMOURS,77,Maison,106,4,670,2024
190000,77140,SAINT-PIERRE-LES-NEMOURS,77,Dépendance,0,0,670,2024
190000,77140,SAINT-PIERRE-LES-NEMOURS,77,Dépendance,0,0,421,2024
100000,77940,THOURY FEROTTES,77,Maison,51,2,82,2024
100000,77940,THOURY FEROTTES,77,Dépendance,0,0,82,2024
165000,77140,SAINT-PIERRE-LES-NEMOURS,77,Maison,91,5,359,2024
259630,77550,REAU,77,Maison,63,2,89,2024
190000,77140,NEMOURS,77,Maison,89,5,702,2024
25000,77710,LORREZ-LE-BOCAGE-PREAUX,77,Maison,160,5,836,2024
340000,77690,MONTIGNY-SUR-LOING,77,Dépendance,0,0,640,2024
340000,77690,MONTIGNY-SUR-LOING,77,Maison,200,5,640,2024
355000,77330,OZOIR LA FERRIERE,77,Dépendance,0,0,137,2024
355000,77330,OZOIR LA FERRIERE,77,Maison,72,4,137,2024
33000,77710,LORREZ-LE-BOCAGE-PREAUX,77,Maison,160,5,836,2024
290000,77550,MOISSY-CRAMAYEL,77,Maison,78,5,206,2024
120000,77710,VILLEMARECHAL,77,Dépendance,0,0,470,2024
120000,77710,VILLEMARECHAL,77,Maison,75,2,470,2024
270000,77550,MOISSY-CRAMAYEL,77,Maison,100,5,264,2024
249000,77170,BRIE COMTE ROBERT,77,Dépendance,0,0,16,2024
249000,77170,BRIE COMTE ROBERT,77,Dépendance,0,0,11,2024
166500,77220,LIVERDY-EN-BRIE,77,Maison,67,4,70,2024
202000,77430,CHAMPAGNE SUR SEINE,77,Maison,63,3,770,2024
264490,77950,MOISENAY,77,Maison,118,4,228,2024
1000000,77170,BRIE COMTE ROBERT,77,Local industriel. commercial ou assimilé,300,0,505,2024
1000000,77170,BRIE COMTE ROBERT,77,Local industriel. commercial ou assimilé,199,0,1781,2024
1000000,77170,BRIE COMTE ROBERT,77,Local industriel. commercial ou assimilé,934,0,1781,2024
180000,77620,BRANSLES,77,Dépendance,0,0,188,2024
180000,77620,BRANSLES,77,Appartement,68,3,188,2024
180000,77620,BRANSLES,77,Appartement,40,1,188,2024
180000,77620,BRANSLES,77,Appartement,42,1,188,2024
180000,77620,BRANSLES,77,Appartement,42,2,188,2024
105000,77570,CHATEAU-LANDON,77,Maison,50,4,230,2024
120000,77710,LORREZ-LE-BOCAGE-PREAUX,77,Local industriel. commercial ou assimilé,85,0,777,2024
485000,77170,BRIE COMTE ROBERT,77,Appartement,50,3,207,2024
485000,77170,BRIE COMTE ROBERT,77,Appartement,35,2,207,2024
485000,77170,BRIE COMTE ROBERT,77,Appartement,40,2,207,2024
485000,77170,BRIE COMTE ROBERT,77,Appartement,15,1,207,2024
750000,77300,FONTAINEBLEAU,77,Maison,157,5,355,2024
262000,77190,DAMMARIE LES LYS,77,Maison,80,3,1550,2024
262000,77190,DAMMARIE LES LYS,77,Maison,80,3,117,2024
262000,77190,DAMMARIE LES LYS,77,Dépendance,0,0,117,2024
262000,77190,DAMMARIE LES LYS,77,Dépendance,0,0,1550,2024
291000,77670,VERNOU-LA-CELLE-SUR-SEINE,77,Maison,146,6,322,2024
111000,77940,BLENNES,77,Maison,92,3,432,2024
195000,77170,BRIE COMTE ROBERT,77,Maison,79,4,263,2024
343650,77630,BARBIZON,77,Local industriel. commercial ou assimilé,48,0,48,2024
220000,77720,SAINT-OUEN-EN-BRIE,77,Maison,144,6,820,2024
220000,77720,SAINT-OUEN-EN-BRIE,77,Maison,60,2,820,2024
357000,77111,SOLERS,77,Maison,164,8,658,2024
400000,77920,SAMOIS SUR SEINE,77,Maison,90,3,205,2024
290000,77240,VERT-SAINT-DENIS,77,Maison,92,5,253,2024
300000,77950,MAINCY,77,Maison,104,6,72,2024
300000,77950,MAINCY,77,Maison,25,1,22,2024
300000,77950,MAINCY,77,Dépendance,0,0,22,2024
239000,77380,COMBS LA VILLE,77,Maison,80,5,291,2024
200000,77760,LARCHANT,77,Maison,108,3,265,2024
200000,77760,LARCHANT,77,Local industriel. commercial ou assimilé,32,0,265,2024
81000,77570,CHATEAU-LANDON,77,Dépendance,0,0,53,2024
81000,77570,CHATEAU-LANDON,77,Maison,66,3,53,2024
700000,77176,SAVIGNY-LE-TEMPLE,77,Local industriel. commercial ou assimilé,680,0,1377,2024
159000,77000,MELUN,77,Maison,71,5,424,2024
159000,77000,MELUN,77,Dépendance,0,0,424,2024
382683,77870,VULAINES-SUR-SEINE,77,Dépendance,0,0,500,2024
382683,77870,VULAINES-SUR-SEINE,77,Maison,135,6,500,2024
382683,77870,VULAINES-SUR-SEINE,77,Dépendance,0,0,5070,2024
382683,77870,VULAINES-SUR-SEINE,77,Maison,135,6,5070,2024
300000,77390,VERNEUIL-L ETANG,77,Maison,115,5,577,2024
235800,77310,SAINT-FARGEAU-PONTHIERRY,77,Dépendance,0,0,123,2024
235800,77310,SAINT-FARGEAU-PONTHIERRY,77,Maison,73,4,123,2024
235800,77310,SAINT-FARGEAU-PONTHIERRY,77,Maison,73,4,577,2024
235800,77310,SAINT-FARGEAU-PONTHIERRY,77,Dépendance,0,0,577,2024
230000,77140,NEMOURS,77,Maison,89,4,452,2024
160000,77167,FAY-LES-NEMOURS,77,Maison,70,4,488,2024
197000,77130,MONTEREAU FAULT YONNE,77,Maison,70,3,149,2024
146336,77430,CHAMPAGNE SUR SEINE,77,Dépendance,0,0,654,2024
146336,77430,CHAMPAGNE SUR SEINE,77,Maison,53,4,654,2024
148000,77940,VOULX,77,Local industriel. commercial ou assimilé,50,0,122,2024
148000,77940,VOULX,77,Appartement,40,2,122,2024
2000000,77170,SERVON,77,Local industriel. commercial ou assimilé,340,0,4336,2024
2000000,77170,SERVON,77,Local industriel. commercial ou assimilé,2015,0,4336,2024
287000,77176,SAVIGNY-LE-TEMPLE,77,Maison,124,5,502,2024
278000,77930,CHAILLY-EN-BIERE,77,Maison,94,5,580,2024
278000,77930,CHAILLY-EN-BIERE,77,Appartement,38,2,580,2024
278000,77930,CHAILLY-EN-BIERE,77,Dépendance,0,0,580,2024
237000,77173,CHEVRY-COSSIGNY,77,Maison,71,4,399,2024
272000,77240,VERT-SAINT-DENIS,77,Maison,117,5,197,2024
272000,77240,VERT-SAINT-DENIS,77,Dépendance,0,0,197,2024
230000,77240,VERT-SAINT-DENIS,77,Maison,75,4,169,2024
230000,77240,VERT-SAINT-DENIS,77,Dépendance,0,0,169,2024
150000,77140,SAINT-PIERRE-LES-NEMOURS,77,Maison,95,4,262,2024
235000,77176,SAVIGNY-LE-TEMPLE,77,Maison,85,4,193,2024
250000,77240,CESSON,77,Maison,85,4,398,2024
237501,77176,SAVIGNY-LE-TEMPLE,77,Maison,83,4,44,2024
237501,77176,SAVIGNY-LE-TEMPLE,77,Dépendance,0,0,31,2024
320000,77550,MOISSY-CRAMAYEL,77,Maison,97,5,352,2024
295000,77340,PONTAULT COMBAULT,77,Maison,99,5,423,2024
135890,77170,SERVON,77,Maison,100,5,645,2024
135890,77170,SERVON,77,Dépendance,0,0,645,2024
374000,77690,MONTIGNY-SUR-LOING,77,Maison,140,3,1143,2024
374000,77690,MONTIGNY-SUR-LOING,77,Maison,140,3,500,2024
361000,77340,PONTAULT COMBAULT,77,Maison,156,5,524,2024
173545,77380,COMBS LA VILLE,77,Dépendance,0,0,500,2024
173545,77380,COMBS LA VILLE,77,Dépendance,0,0,134,2024
173545,77380,COMBS LA VILLE,77,Maison,70,2,134,2024
173545,77380,COMBS LA VILLE,77,Maison,70,2,500,2024
392600,77310,SAINT-FARGEAU-PONTHIERRY,77,Maison,117,5,1372,2024
392600,77310,SAINT-FARGEAU-PONTHIERRY,77,Maison,117,5,500,2024
170000,77930,CELY EN BIERE,77,Maison,48,4,358,2024
170000,77930,CELY EN BIERE,77,Dépendance,0,0,358,2024
253800,77190,DAMMARIE LES LYS,77,Maison,99,4,853,2024
427500,77000,ROCHETTE(LA),77,Maison,130,4,818,2024
566000,77870,VULAINES-SUR-SEINE,77,Dépendance,0,0,947,2024
566000,77870,VULAINES-SUR-SEINE,77,Maison,215,6,947,2024
566000,77870,VULAINES-SUR-SEINE,77,Dépendance,0,0,500,2024
566000,77870,VULAINES-SUR-SEINE,77,Maison,215,6,500,2024
293000,77930,PERTHES,77,Maison,114,5,697,2024
293000,77930,PERTHES,77,Maison,114,5,500,2024
208000,77190,DAMMARIE LES LYS,77,Maison,56,2,877,2024
208000,77190,DAMMARIE LES LYS,77,Maison,56,2,79,2024
4000000,77000,VAUX-LE-PENIL,77,Maison,65,2,27924,2024
4000000,77000,VAUX-LE-PENIL,77,Local industriel. commercial ou assimilé,16070,0,27924,2024
590000,77170,SERVON,77,Maison,216,7,649,2024
590000,77170,SERVON,77,Maison,216,7,500,2024
590000,77170,SERVON,77,Dépendance,0,0,500,2024
590000,77170,SERVON,77,Dépendance,0,0,649,2024
322765,77720,SAINT-OUEN-EN-BRIE,77,Maison,128,5,500,2024
322765,77720,SAINT-OUEN-EN-BRIE,77,Maison,128,5,1140,2024
400000,77930,CHAILLY-EN-BIERE,77,Local industriel. commercial ou assimilé,840,0,3523,2024
125000,77350,LE MEE SUR SEINE,77,Dépendance,0,0,8617,2024
385000,77170,BRIE COMTE ROBERT,77,Maison,126,5,313,2024
315000,77240,VERT-SAINT-DENIS,77,Maison,115,5,504,2024
199960,77570,MADELEINE-SUR-LOING (LA),77,Maison,112,5,1050,2024
199960,77570,MADELEINE-SUR-LOING (LA),77,Dépendance,0,0,500,2024
199960,77570,MADELEINE-SUR-LOING (LA),77,Dépendance,0,0,1050,2024
199960,77570,MADELEINE-SUR-LOING (LA),77,Maison,112,5,500,2024
66666,77720,CHAMPEAUX,77,Maison,117,4,1019,2024
66666,77720,CHAMPEAUX,77,Dépendance,0,0,1019,2024
74500,77460,SOUPPES-SUR-LOING,77,Maison,50,2,115,2024
333000,77330,OZOIR LA FERRIERE,77,Maison,46,2,425,2024
333000,77330,OZOIR LA FERRIERE,77,Dépendance,0,0,425,2024
225000,77130,VILLE-SAINT-JACQUES,77,Maison,86,4,1490,2024
225000,77130,VILLE-SAINT-JACQUES,77,Dépendance,0,0,1490,2024
175000,77720,CHAPELLE-GAUTHIER (LA),77,Dépendance,0,0,500,2024
175000,77720,CHAPELLE-GAUTHIER (LA),77,Maison,145,6,500,2024
290500,77166,EVRY-GREGY-SUR-YERRE,77,Maison,67,2,168,2024
329750,77140,SAINT-PIERRE-LES-NEMOURS,77,Maison,96,5,611,2024
390000,77220,PRESLES-EN-BRIE,77,Local industriel. commercial ou assimilé,314,0,696,2024
372000,77173,CHEVRY-COSSIGNY,77,Maison,104,5,373,2024
49000,77130,CANNES-ECLUSE,77,Maison,16,2,134,2024
130000,77930,CELY EN BIERE,77,Maison,113,6,754,2024
130000,77930,CELY EN BIERE,77,Dépendance,0,0,754,2024
725000,77570,CHATEAU-LANDON,77,Maison,550,10,1721,2024
415000,77115,SIVRY-COURTRY,77,Maison,78,3,277,2024
320000,77760,CHAPELLE-LA-REINE (LA),77,Maison,94,3,376,2024
220000,77250,VILLECERF,77,Maison,40,2,129,2024
304450,77130,DORMELLES,77,Maison,145,6,640,2024
176000,77250,MORET-LOING-ET-ORVANNE,77,Maison,73,3,41,2024
154000,77166,GRISY-SUISNES,77,Maison,28,1,69,2024
261650,77130,MISY-SUR-YONNE,77,Dépendance,0,0,628,2024
261650,77130,MISY-SUR-YONNE,77,Maison,137,6,628,2024
207000,77310,SAINT-FARGEAU-PONTHIERRY,77,Dépendance,0,0,259,2024
207000,77310,SAINT-FARGEAU-PONTHIERRY,77,Maison,70,4,259,2024
250000,77590,CHARTRETTES,77,Maison,103,6,199,2024
810000,77220,PRESLES-EN-BRIE,77,Dépendance,0,0,1134,2024
810000,77220,PRESLES-EN-BRIE,77,Maison,204,5,616,2024
810000,77220,PRESLES-EN-BRIE,77,Dépendance,0,0,616,2024
810000,77220,PRESLES-EN-BRIE,77,Maison,204,5,1134,2024
1972950,77210,AVON,77,Dépendance,0,0,1500,2024
1972950,77210,AVON,77,Maison,546,15,11070,2024
1972950,77210,AVON,77,Dépendance,0,0,11070,2024
1972950,77210,AVON,77,Maison,70,6,11070,2024
1972950,77210,AVON,77,Maison,546,15,1500,2024
1972950,77210,AVON,77,Maison,70,6,1500,2024
255000,77310,PRINGY,77,Maison,98,6,587,2024
615000,77590,BOIS LE ROI,77,Dépendance,0,0,269,2024
615000,77590,BOIS LE ROI,77,Maison,108,3,269,2024
90000,77430,CHAMPAGNE SUR SEINE,77,Dépendance,0,0,19,2024
90000,77430,CHAMPAGNE SUR SEINE,77,Maison,90,3,19,2024
203000,77140,SAINT-PIERRE-LES-NEMOURS,77,Maison,95,4,554,2024
245000,77190,DAMMARIE LES LYS,77,Dépendance,0,0,364,2024
245000,77190,DAMMARIE LES LYS,77,Maison,100,5,364,2024
135000,77760,VILLIERS-SOUS-GREZ,77,Maison,145,6,500,2024
135000,77760,VILLIERS-SOUS-GREZ,77,Maison,145,6,1151,2024
362000,77630,BARBIZON,77,Dépendance,0,0,104,2024
362000,77630,BARBIZON,77,Dépendance,0,0,1417,2024
362000,77630,BARBIZON,77,Maison,80,4,1417,2024
362000,77630,BARBIZON,77,Maison,80,4,104,2024
765000,77350,LE MEE SUR SEINE,77,Maison,240,8,500,2024
765000,77350,LE MEE SUR SEINE,77,Maison,240,8,1081,2024
1565000,77340,PONTAULT COMBAULT,77,Appartement,65,2,488,2024
1565000,77340,PONTAULT COMBAULT,77,Appartement,54,1,488,2024
1565000,77340,PONTAULT COMBAULT,77,Dépendance,0,0,488,2024
1565000,77340,PONTAULT COMBAULT,77,Appartement,66,3,488,2024
1565000,77340,PONTAULT COMBAULT,77,Appartement,54,2,488,2024
1565000,77340,PONTAULT COMBAULT,77,Appartement,41,2,488,2024
1565000,77340,PONTAULT COMBAULT,77,Appartement,40,2,488,2024
1565000,77340,PONTAULT COMBAULT,77,Appartement,34,1,488,2024
1565000,77340,PONTAULT COMBAULT,77,Local industriel. commercial ou assimilé,110,0,488,2024
1565000,77340,PONTAULT COMBAULT,77,Appartement,36,1,488,2024
358250,77760,BURCY,77,Maison,177,6,375,2024
358250,77760,BURCY,77,Dépendance,0,0,375,2024
314000,77250,MORET-LOING-ET-ORVANNE,77,Dépendance,0,0,100,2024
314000,77250,MORET-LOING-ET-ORVANNE,77,Maison,140,5,100,2024
314000,77250,MORET-LOING-ET-ORVANNE,77,Dépendance,0,0,603,2024
314000,77250,MORET-LOING-ET-ORVANNE,77,Maison,140,5,603,2024
315000,77720,BOMBON,77,Maison,117,6,601,2024
384750,77310,BOISSISE-LE-ROI,77,Maison,116,4,1062,2024
262100,77760,CHAPELLE-LA-REINE (LA),77,Maison,100,6,300,2024
262100,77760,CHAPELLE-LA-REINE (LA),77,Maison,100,6,301,2024
535570,77920,SAMOIS SUR SEINE,77,Maison,170,4,200,2024
535570,77920,SAMOIS SUR SEINE,77,Maison,170,4,1254,2024
535570,77920,SAMOIS SUR SEINE,77,Dépendance,0,0,1254,2024
535570,77920,SAMOIS SUR SEINE,77,Dépendance,0,0,200,2024
5000,77310,PRINGY,77,Dépendance,0,0,1828,2024
92000,77380,COMBS LA VILLE,77,Maison,99,5,274,2024
202000,77380,COMBS LA VILLE,77,Dépendance,0,0,16,2024
340300,77250,MORET-LOING-ET-ORVANNE,77,Maison,168,9,570,2024
234000,77390,OZOUER-LE-VOULGIS,77,Maison,69,3,146,2024
328000,77127,LIEUSAINT,77,Maison,104,4,296,2024
372000,77190,DAMMARIE LES LYS,77,Maison,167,5,1268,2024
372000,77190,DAMMARIE LES LYS,77,Dépendance,0,0,800,2024
372000,77190,DAMMARIE LES LYS,77,Maison,167,5,800,2024
372000,77190,DAMMARIE LES LYS,77,Dépendance,0,0,1268,2024
93000,77000,MELUN,77,Appartement,35,2,21,2024
211000,77000,ROCHETTE(LA),77,Dépendance,0,0,437,2024
211000,77000,ROCHETTE(LA),77,Maison,62,4,437,2024
377600,77170,BRIE COMTE ROBERT,77,Maison,121,5,384,2024
206750,77570,CHATEAU-LANDON,77,Maison,117,5,800,2024
206750,77570,CHATEAU-LANDON,77,Dépendance,0,0,800,2024
349000,77166,EVRY-GREGY-SUR-YERRE,77,Dépendance,0,0,500,2024
349000,77166,EVRY-GREGY-SUR-YERRE,77,Maison,95,4,500,2024
349000,77166,EVRY-GREGY-SUR-YERRE,77,Maison,95,4,246,2024
349000,77166,EVRY-GREGY-SUR-YERRE,77,Dépendance,0,0,246,2024
277800,77310,PRINGY,77,Maison,113,5,380,2024
720000,77240,SEINE-PORT,77,Maison,176,7,165,2024
720000,77240,SEINE-PORT,77,Dépendance,0,0,165,2024
319900,77680,ROISSY-EN-BRIE,77,Maison,89,4,318,2024
160000,77690,MONTIGNY-SUR-LOING,77,Maison,51,3,1182,2024
160000,77690,MONTIGNY-SUR-LOING,77,Maison,51,3,64,2024
210000,77720,SAINT-MERY,77,Maison,100,4,96,2024
400000,77670,SAINT-MAMMES,77,Maison,159,6,500,2024
400000,77670,SAINT-MAMMES,77,Maison,159,6,943,2024
119149,77140,SAINT-PIERRE-LES-NEMOURS,77,Maison,80,4,400,2024
99000,77167,POLIGNY,77,Maison,73,4,504,2024
99000,77167,POLIGNY,77,Dépendance,0,0,504,2024
99000,77167,POLIGNY,77,Dépendance,0,0,19,2024
99000,77167,POLIGNY,77,Dépendance,0,0,1110,2024
363000,77000,VAUX-LE-PENIL,77,Maison,148,5,798,2024
363000,77000,VAUX-LE-PENIL,77,Dépendance,0,0,798,2024
866700,77630,BARBIZON,77,Maison,131,5,500,2024
866700,77630,BARBIZON,77,Maison,131,5,1198,2024
367150,77920,SAMOIS SUR SEINE,77,Dépendance,0,0,190,2024
367150,77920,SAMOIS SUR SEINE,77,Maison,80,5,190,2024
581860,77300,FONTAINEBLEAU,77,Maison,135,5,283,2024
250000,77430,CHAMPAGNE SUR SEINE,77,Maison,95,5,344,2024
202500,77680,ROISSY-EN-BRIE,77,Dépendance,0,0,200,2024
202500,77680,ROISSY-EN-BRIE,77,Maison,48,3,200,2024
245000,77380,COMBS LA VILLE,77,Dépendance,0,0,161,2024
245000,77380,COMBS LA VILLE,77,Maison,91,5,161,2024
355000,77135,PONTCARRE,77,Dépendance,0,0,276,2024
355000,77135,PONTCARRE,77,Maison,128,5,276,2024
250000,77940,VOULX,77,Dépendance,0,0,420,2024
250000,77940,VOULX,77,Maison,145,5,420,2024
335000,77127,LIEUSAINT,77,Maison,82,4,393,2024
247000,77000,VAUX-LE-PENIL,77,Maison,67,4,864,2024
345000,77680,ROISSY-EN-BRIE,77,Maison,112,6,308,2024
345000,77680,ROISSY-EN-BRIE,77,Maison,112,6,500,2024
550000,77330,OZOIR LA FERRIERE,77,Dépendance,0,0,1043,2024
550000,77330,OZOIR LA FERRIERE,77,Maison,115,5,1043,2024
360925,77340,PONTAULT COMBAULT,77,Maison,82,4,281,2024
217000,77350,BOISSISE-LA-BERTRAND,77,Maison,52,2,369,2024
260000,77780,BOURRON-MARLOTTE,77,Maison,79,4,616,2024
80000,77720,CHAPELLE-GAUTHIER (LA),77,Dépendance,0,0,822,2024
80000,77720,CHAPELLE-GAUTHIER (LA),77,Dépendance,0,0,37,2024
330000,77340,PONTAULT COMBAULT,77,Maison,79,5,171,2024
244000,77310,SAINT-FARGEAU-PONTHIERRY,77,Maison,73,3,346,2024
765000,77300,FONTAINEBLEAU,77,Maison,156,10,226,2024
185000,77720,MORMANT,77,Maison,87,4,424,2024
185000,77720,MORMANT,77,Dépendance,0,0,36,2024
230000,77710,REMAUVILLE,77,Maison,188,6,2698,2024
327500,77166,GRISY-SUISNES,77,Maison,112,5,337,2024
160000,77940,DIANT,77,Maison,95,4,142,2024
346500,77710,CHEVRY-EN-SEREINE,77,Dépendance,0,0,820,2024
346500,77710,CHEVRY-EN-SEREINE,77,Maison,151,7,820,2024
313800,77430,CHAMPAGNE SUR SEINE,77,Maison,107,5,310,2024
135000,77350,LE MEE SUR SEINE,77,Dépendance,0,0,8617,2024
390000,77240,VERT-SAINT-DENIS,77,Maison,97,5,500,2024
390000,77240,VERT-SAINT-DENIS,77,Maison,97,5,456,2024
315000,77870,VULAINES-SUR-SEINE,77,Maison,103,4,649,2024
18000,77940,VOULX,77,Dépendance,0,0,63,2024
259000,77940,BROSSE-MONTCEAUX (LA),77,Maison,106,4,329,2024
253000,77940,BLENNES,77,Dépendance,0,0,565,2024
253000,77940,BLENNES,77,Maison,115,3,565,2024
253000,77940,BLENNES,77,Maison,102,3,1004,2024
253000,77940,BLENNES,77,Dépendance,0,0,1004,2024
130016,77380,COMBS LA VILLE,77,Maison,77,4,318,2024
90000,77173,CHEVRY-COSSIGNY,77,Maison,108,3,500,2024
90000,77173,CHEVRY-COSSIGNY,77,Maison,108,3,309,2024
160000,77550,REAU,77,Dépendance,0,0,538,2024
160000,77550,REAU,77,Maison,50,2,538,2024
345000,77310,SAINT-FARGEAU-PONTHIERRY,77,Maison,150,6,586,2024
253253,77140,SAINT-PIERRE-LES-NEMOURS,77,Maison,76,4,245,2024
253253,77140,SAINT-PIERRE-LES-NEMOURS,77,Maison,76,4,500,2024
497000,77140,NEMOURS,77,Maison,115,5,289,2024
550000,77140,NEMOURS,77,Local industriel. commercial ou assimilé,90,0,212,2024
550000,77140,NEMOURS,77,Dépendance,0,0,212,2024
550000,77140,NEMOURS,77,Appartement,54,3,212,2024
550000,77140,NEMOURS,77,Appartement,22,2,212,2024
550000,77140,NEMOURS,77,Appartement,24,2,212,2024
277000,77810,THOMERY,77,Maison,96,5,62,2024
156000,77890,BEAUMONT-DU-GATINAIS,77,Maison,158,6,461,2024
357800,77340,PONTAULT COMBAULT,77,Maison,79,4,284,2024
400000,77170,COUBERT,77,Appartement,61,3,354,2024
400000,77170,COUBERT,77,Appartement,33,1,354,2024
400000,77170,COUBERT,77,Appartement,24,1,354,2024
400000,77170,COUBERT,77,Appartement,50,3,354,2024
400000,77170,COUBERT,77,Dépendance,0,0,354,2024
367100,77150,LESIGNY,77,Maison,105,4,375,2024
500000,77590,CHARTRETTES,77,Maison,133,6,502,2024
400000,77820,CHATELET-EN-BRIE (LE),77,Maison,209,6,6209,2024
400000,77820,CHATELET-EN-BRIE (LE),77,Maison,209,6,2267,2024
400000,77820,CHATELET-EN-BRIE (LE),77,Maison,209,6,500,2024
150000,77710,VAUX-SUR-LUNAIN,77,Maison,59,3,249,2024
150000,77710,VAUX-SUR-LUNAIN,77,Dépendance,0,0,249,2024
290000,77950,RUBELLES,77,Maison,104,4,954,2024
219000,77390,FOUJU,77,Maison,88,5,891,2024
194000,77190,DAMMARIE LES LYS,77,Maison,72,3,465,2024
1240470,77300,FONTAINEBLEAU,77,Maison,180,6,506,2024
1240470,77300,FONTAINEBLEAU,77,Dépendance,0,0,506,2024
350000,77300,FONTAINEBLEAU,77,Maison,70,4,56,2024
424630,77250,MORET-LOING-ET-ORVANNE,77,Dépendance,0,0,666,2024
424630,77250,MORET-LOING-ET-ORVANNE,77,Maison,135,4,666,2024
300000,77670,SAINT-MAMMES,77,Maison,110,5,540,2024
294000,77340,PONTAULT COMBAULT,77,Maison,72,3,597,2024
109250,77950,MAINCY,77,Maison,67,4,600,2024
256320,77310,SAINT-FARGEAU-PONTHIERRY,77,Maison,90,3,922,2024
1160000,77000,VAUX-LE-PENIL,77,Appartement,58,3,721,2024
1160000,77000,VAUX-LE-PENIL,77,Appartement,20,1,721,2024
1160000,77000,VAUX-LE-PENIL,77,Appartement,31,1,721,2024
1160000,77000,VAUX-LE-PENIL,77,Appartement,23,1,721,2024
1160000,77000,VAUX-LE-PENIL,77,Dépendance,0,0,721,2024
1160000,77000,VAUX-LE-PENIL,77,Appartement,24,1,721,2024
620000,77240,CESSON,77,Local industriel. commercial ou assimilé,892,0,783,2024
253000,77330,OZOIR LA FERRIERE,77,Appartement,54,2,335,2024
403400,77310,SAINT-FARGEAU-PONTHIERRY,77,Dépendance,0,0,79,2024
403400,77310,SAINT-FARGEAU-PONTHIERRY,77,Maison,124,4,79,2024
275000,77380,COMBS LA VILLE,77,Maison,63,3,375,2024
275000,77380,COMBS LA VILLE,77,Dépendance,0,0,375,2024
250000,77176,SAVIGNY-LE-TEMPLE,77,Maison,101,6,423,2024
307997,77930,CHAILLY-EN-BIERE,77,Maison,78,2,554,2024
164000,77430,CHAMPAGNE SUR SEINE,77,Dépendance,0,0,461,2024
164000,77430,CHAMPAGNE SUR SEINE,77,Maison,78,5,461,2024
750000,77310,BOISSISE-LE-ROI,77,Local industriel. commercial ou assimilé,695,0,900,2024
155000,77140,DARVAULT,77,Maison,59,3,420,2024
155000,77140,DARVAULT,77,Maison,59,3,800,2024
140000,77940,THOURY FEROTTES,77,Maison,135,5,132,2024
349500,77310,SAINT-FARGEAU-PONTHIERRY,77,Maison,130,5,395,2024
250000,77250,MORET-LOING-ET-ORVANNE,77,Dépendance,0,0,555,2024
250000,77250,MORET-LOING-ET-ORVANNE,77,Maison,112,7,555,2024
350000,77190,DAMMARIE LES LYS,77,Dépendance,0,0,305,2024
350000,77190,DAMMARIE LES LYS,77,Appartement,72,2,305,2024
350000,77190,DAMMARIE LES LYS,77,Local industriel. commercial ou assimilé,408,0,305,2024
313000,77940,THOURY FEROTTES,77,Dépendance,0,0,454,2024
313000,77940,THOURY FEROTTES,77,Maison,90,4,122,2024
313000,77940,THOURY FEROTTES,77,Maison,90,4,250,2024
714000,77000,ROCHETTE(LA),77,Maison,105,5,176,2024
260000,77250,MORET-LOING-ET-ORVANNE,77,Dépendance,0,0,109,2024
260000,77250,MORET-LOING-ET-ORVANNE,77,Dépendance,0,0,1076,2024
260000,77250,MORET-LOING-ET-ORVANNE,77,Maison,102,5,1076,2024
260000,77250,MORET-LOING-ET-ORVANNE,77,Maison,102,5,109,2024
212000,77190,DAMMARIE LES LYS,77,Dépendance,0,0,310,2024
212000,77190,DAMMARIE LES LYS,77,Maison,43,3,310,2024
196812,77176,SAVIGNY-LE-TEMPLE,77,Maison,63,3,47,2024
196812,77176,SAVIGNY-LE-TEMPLE,77,Dépendance,0,0,30,2024
175000,77710,VILLEMARECHAL,77,Dépendance,0,0,644,2024
175000,77710,VILLEMARECHAL,77,Maison,62,4,150,2024
175000,77710,VILLEMARECHAL,77,Dépendance,0,0,150,2024
175000,77710,VILLEMARECHAL,77,Maison,62,4,644,2024
360000,77680,ROISSY-EN-BRIE,77,Maison,88,4,425,2024
235000,77148,SALINS,77,Dépendance,0,0,800,2024
235000,77148,SALINS,77,Maison,71,2,800,2024
232000,77380,COMBS LA VILLE,77,Maison,77,4,299,2024
175000,77130,VARENNES-SUR-SEINE,77,Maison,74,3,89,2024
175000,77130,VARENNES-SUR-SEINE,77,Dépendance,0,0,89,2024
330000,77127,LIEUSAINT,77,Maison,113,6,288,2024
205000,77940,THOURY FEROTTES,77,Dépendance,0,0,299,2024
205000,77940,THOURY FEROTTES,77,Maison,90,5,299,2024
600000,77310,SAINT-FARGEAU-PONTHIERRY,77,Local industriel. commercial ou assimilé,2460,0,2491,2024
273000,77000,VAUX-LE-PENIL,77,Maison,106,6,118,2024
250000,77670,SAINT-MAMMES,77,Maison,74,4,648,2024
160000,77130,VARENNES-SUR-SEINE,77,Dépendance,0,0,471,2024
160000,77130,VARENNES-SUR-SEINE,77,Maison,53,3,471,2024
357000,77210,AVON,77,Maison,113,5,676,2024
54295,77830,PAMFOU,77,Maison,32,1,160,2024
54295,77830,PAMFOU,77,Dépendance,0,0,160,2024
370000,77340,PONTAULT COMBAULT,77,Appartement,40,2,1115,2024
370000,77340,PONTAULT COMBAULT,77,Maison,34,2,1115,2024
370000,77340,PONTAULT COMBAULT,77,Maison,34,2,500,2024
370000,77340,PONTAULT COMBAULT,77,Appartement,40,2,500,2024
230800,77250,MORET-LOING-ET-ORVANNE,77,Maison,110,5,364,2024
230800,77250,MORET-LOING-ET-ORVANNE,77,Maison,110,5,200,2024
208000,77570,BOUGLIGNY,77,Maison,94,5,435,2024
407500,77220,GRETZ-ARMAINVILLIERS,77,Appartement,70,4,388,2024
407500,77220,GRETZ-ARMAINVILLIERS,77,Dépendance,0,0,388,2024
407500,77220,GRETZ-ARMAINVILLIERS,77,Appartement,70,3,388,2024
407500,77220,GRETZ-ARMAINVILLIERS,77,Appartement,26,1,388,2024
276000,77220,GRETZ-ARMAINVILLIERS,77,Maison,87,4,319,2024
387000,77166,GRISY-SUISNES,77,Maison,120,5,406,2024
323300,77390,OZOUER-LE-VOULGIS,77,Maison,140,4,670,2024
155000,77310,SAINT-FARGEAU-PONTHIERRY,77,Dépendance,0,0,135,2024
155000,77310,SAINT-FARGEAU-PONTHIERRY,77,Maison,160,4,135,2024
155000,77310,SAINT-FARGEAU-PONTHIERRY,77,Maison,57,3,135,2024
196000,77760,NANTEAU-SUR-ESSONNE,77,Maison,71,2,150,2024
340000,77170,BRIE COMTE ROBERT,77,Dépendance,0,0,273,2024
340000,77170,BRIE COMTE ROBERT,77,Maison,76,4,273,2024
10000,77570,CHATEAU-LANDON,77,Local industriel. commercial ou assimilé,13,0,58,2024
368300,77870,VULAINES-SUR-SEINE,77,Maison,93,3,500,2024
368300,77870,VULAINES-SUR-SEINE,77,Maison,93,3,611,2024
370000,77680,ROISSY-EN-BRIE,77,Appartement,69,4,456,2024
370000,77680,ROISSY-EN-BRIE,77,Dépendance,0,0,456,2024
147000,77380,COMBS LA VILLE,77,Maison,65,3,261,2024
720000,77300,FONTAINEBLEAU,77,Maison,130,5,110,2024
200000,77240,VERT-SAINT-DENIS,77,Maison,78,4,214,2024
200000,77240,VERT-SAINT-DENIS,77,Maison,77,4,214,2024
220000,77150,FEROLLES-ATTILLY,77,Maison,42,3,65,2024
240000,77820,ECRENNES (LES),77,Maison,100,5,470,2024
240000,77820,ECRENNES (LES),77,Maison,100,5,500,2024
175000,77140,NEMOURS,77,Maison,88,5,232,2024
155000,77880,GREZ-SUR-LOING,77,Maison,64,4,393,2024
207000,77250,MORET-LOING-ET-ORVANNE,77,Maison,88,5,264,2024
487200,77250,MORET-LOING-ET-ORVANNE,77,Maison,153,4,426,2024
518845,77460,CHAINTREAUX,77,Dépendance,0,0,676,2024
518845,77460,CHAINTREAUX,77,Maison,175,6,676,2024
290000,77680,ROISSY-EN-BRIE,77,Maison,99,5,514,2024
300000,77390,COURTOMER,77,Maison,110,5,2803,2024
14000,77940,VOULX,77,Dépendance,0,0,67,2024
429500,77820,CHATELET-EN-BRIE (LE),77,Maison,141,5,647,2024
429500,77820,CHATELET-EN-BRIE (LE),77,Dépendance,0,0,647,2024
470000,77240,CESSON,77,Maison,124,5,620,2024
470000,77240,CESSON,77,Maison,124,5,500,2024
274930,77590,CHARTRETTES,77,Maison,124,5,1576,2024
274930,77590,CHARTRETTES,77,Maison,124,5,500,2024
258984,77176,SAVIGNY-LE-TEMPLE,77,Maison,82,4,224,2024
300000,77220,LIVERDY-EN-BRIE,77,Dépendance,0,0,677,2024
300000,77220,LIVERDY-EN-BRIE,77,Maison,100,5,677,2024
300000,77220,LIVERDY-EN-BRIE,77,Maison,100,5,500,2024
300000,77220,LIVERDY-EN-BRIE,77,Dépendance,0,0,500,2024
103000,77720,CHAPELLE-GAUTHIER (LA),77,Maison,42,2,29,2024
270000,77220,TOURNAN-EN-BRIE,77,Maison,91,5,299,2024
270000,77220,TOURNAN-EN-BRIE,77,Local industriel. commercial ou assimilé,0,0,27,2024
119000,77570,CHATEAU-LANDON,77,Maison,130,5,119,2024
276000,77720,CHAPELLE-GAUTHIER (LA),77,Maison,98,3,239,2024
316400,77930,CHAILLY-EN-BIERE,77,Maison,122,7,861,2024
50000,77140,NEMOURS,77,Dépendance,0,0,86,2024
880000,77240,SEINE-PORT,77,Dépendance,0,0,702,2024
880000,77240,SEINE-PORT,77,Maison,254,7,702,2024
880000,77240,SEINE-PORT,77,Maison,254,7,500,2024
880000,77240,SEINE-PORT,77,Dépendance,0,0,500,2024
309900,77380,COMBS LA VILLE,77,Maison,98,5,371,2024
315000,77176,NANDY,77,Maison,102,6,326,2024
84500,77460,SOUPPES-SUR-LOING,77,Maison,45,3,287,2024
84500,77460,SOUPPES-SUR-LOING,77,Maison,45,3,804,2024
275000,77000,VAUX-LE-PENIL,77,Dépendance,0,0,2046,2024
275000,77000,VAUX-LE-PENIL,77,Maison,92,4,2046,2024
200000,77130,MONTEREAU FAULT YONNE,77,Maison,146,6,680,2024
114000,77167,BAGNEAUX-SUR-LOING,77,Maison,59,4,435,2024
264900,77176,NANDY,77,Maison,78,4,563,2024
240000,77115,BLANDY,77,Maison,64,3,643,2024
215000,77820,CHATELET-EN-BRIE (LE),77,Maison,148,4,154,2024
260000,77310,SAINT-FARGEAU-PONTHIERRY,77,Maison,61,3,409,2024
215000,77830,VALENCE-EN-BRIE,77,Maison,171,4,560,2024
140000,77570,CHATEAU-LANDON,77,Maison,70,4,145,2024
140000,77570,CHATEAU-LANDON,77,Maison,70,4,570,2024
2500,77830,VALENCE-EN-BRIE,77,Dépendance,0,0,26,2024
357000,77176,SAVIGNY-LE-TEMPLE,77,Maison,110,5,455,2024
160000,77620,EGREVILLE,77,Local industriel. commercial ou assimilé,293,0,186,2024
160000,77620,EGREVILLE,77,Local industriel. commercial ou assimilé,292,0,170,2024
310500,77590,BOIS LE ROI,77,Dépendance,0,0,185,2024
310500,77590,BOIS LE ROI,77,Maison,80,5,185,2024
500000,77590,BOIS LE ROI,77,Dépendance,0,0,325,2024
500000,77590,BOIS LE ROI,77,Maison,111,4,325,2024
363800,77950,MOISENAY,77,Maison,145,5,827,2024
324700,77950,MAINCY,77,Maison,129,6,613,2024
195000,77140,NEMOURS,77,Maison,82,4,519,2024
425000,77240,CESSON,77,Maison,110,6,426,2024
425000,77240,CESSON,77,Maison,110,6,500,2024
380000,77000,ROCHETTE(LA),77,Maison,100,3,592,2024
380000,77000,ROCHETTE(LA),77,Dépendance,0,0,592,2024
337000,77590,BOIS LE ROI,77,Maison,65,4,78,2024
420000,77340,PONTAULT COMBAULT,77,Maison,93,5,425,2024
420000,77340,PONTAULT COMBAULT,77,Dépendance,0,0,425,2024
705000,77820,CHATELET-EN-BRIE (LE),77,Local industriel. commercial ou assimilé,1760,0,4941,2024
279000,77240,CESSON,77,Local industriel. commercial ou assimilé,0,0,258,2024
279000,77240,CESSON,77,Maison,100,6,258,2024
219000,77000,MELUN,77,Maison,67,2,198,2024
235000,77870,VULAINES-SUR-SEINE,77,Maison,130,4,747,2024
356780,77210,SAMOREAU,77,Maison,89,4,519,2024
260000,77760,CHAPELLE-LA-REINE (LA),77,Maison,125,6,500,2024
200000,77460,CHAINTREAUX,77,Dépendance,0,0,555,2024
200000,77460,CHAINTREAUX,77,Maison,152,6,555,2024
367000,77220,GRETZ-ARMAINVILLIERS,77,Maison,92,5,506,2024
367000,77220,GRETZ-ARMAINVILLIERS,77,Maison,92,5,268,2024
440000,77220,GRETZ-ARMAINVILLIERS,77,Maison,132,4,402,2024
440000,77220,GRETZ-ARMAINVILLIERS,77,Maison,132,4,500,2024
226000,77380,COMBS LA VILLE,77,Maison,85,4,384,2024
216000,77760,RECLOSES,77,Maison,100,3,86,2024
230000,77760,URY,77,Maison,81,5,947,2024
310000,77830,PAMFOU,77,Dépendance,0,0,200,2024
310000,77830,PAMFOU,77,Dépendance,0,0,840,2024
310000,77830,PAMFOU,77,Maison,88,5,200,2024
310000,77830,PAMFOU,77,Maison,88,5,840,2024
545700,77380,COMBS LA VILLE,77,Maison,167,7,500,2024
301000,77176,NANDY,77,Maison,90,4,422,2024
288000,77127,LIEUSAINT,77,Maison,88,5,203,2024
327070,77000,VAUX-LE-PENIL,77,Maison,140,5,234,2024
162264,77920,SAMOIS SUR SEINE,77,Maison,64,3,38,2024
167500,77350,BOISSISE-LA-BERTRAND,77,Maison,120,6,267,2024
167500,77350,BOISSISE-LA-BERTRAND,77,Maison,120,6,500,2024
167500,77350,BOISSISE-LA-BERTRAND,77,Dépendance,0,0,500,2024
167500,77350,BOISSISE-LA-BERTRAND,77,Dépendance,0,0,267,2024
90000,77460,SOUPPES-SUR-LOING,77,Dépendance,0,0,28,2024
90000,77460,SOUPPES-SUR-LOING,77,Maison,66,4,42,2024
90000,77460,SOUPPES-SUR-LOING,77,Dépendance,0,0,241,2024
1,77390,OZOUER-LE-VOULGIS,77,Local industriel. commercial ou assimilé,0,0,5092,2024
295000,77140,SAINT-PIERRE-LES-NEMOURS,77,Maison,95,5,507,2024
132000,77111,SOLERS,77,Maison,48,2,48,2024
320000,77170,SERVON,77,Maison,104,4,413,2024
130000,77170,COUBERT,77,Maison,60,2,345,2024
130000,77170,COUBERT,77,Local industriel. commercial ou assimilé,39,0,345,2024
268000,77390,COURTOMER,77,Maison,123,6,1251,2024
218550,77350,LE MEE SUR SEINE,77,Maison,63,3,285,2024
218550,77350,LE MEE SUR SEINE,77,Dépendance,0,0,285,2024
88000,77390,CHAUMES-EN-BRIE,77,Maison,32,1,1260,2024
88000,77390,CHAUMES-EN-BRIE,77,Dépendance,0,0,1260,2024
400000,77330,OZOIR LA FERRIERE,77,Maison,130,5,494,2024
215000,77000,ROCHETTE(LA),77,Maison,84,4,400,2024
219000,77123,NOISY-SUR-ECOLE,77,Maison,80,4,62,2024
219000,77123,NOISY-SUR-ECOLE,77,Dépendance,0,0,62,2024
510000,77340,PONTAULT COMBAULT,77,Appartement,41,2,451,2024
510000,77340,PONTAULT COMBAULT,77,Local industriel. commercial ou assimilé,79,0,451,2024
283641,77190,DAMMARIE LES LYS,77,Maison,119,5,226,2024
140000,77550,MOISSY-CRAMAYEL,77,Maison,82,5,122,2024
140000,77550,MOISSY-CRAMAYEL,77,Maison,82,5,1017,2024
140000,77550,MOISSY-CRAMAYEL,77,Dépendance,0,0,122,2024
140000,77550,MOISSY-CRAMAYEL,77,Dépendance,0,0,1017,2024
260000,77680,ROISSY-EN-BRIE,77,Maison,89,5,268,2024
260000,77680,ROISSY-EN-BRIE,77,Dépendance,0,0,268,2024
320000,77127,LIEUSAINT,77,Maison,102,4,229,2024
338400,77166,EVRY-GREGY-SUR-YERRE,77,Dépendance,0,0,287,2024
338400,77166,EVRY-GREGY-SUR-YERRE,77,Dépendance,0,0,500,2024
338400,77166,EVRY-GREGY-SUR-YERRE,77,Maison,85,4,500,2024
338400,77166,EVRY-GREGY-SUR-YERRE,77,Maison,85,4,287,2024
296765,77210,AVON,77,Maison,180,6,348,2024
375000,77430,CHAMPAGNE SUR SEINE,77,Dépendance,0,0,719,2024
375000,77430,CHAMPAGNE SUR SEINE,77,Maison,170,5,719,2024
308600,77250,MORET-LOING-ET-ORVANNE,77,Maison,117,5,877,2024
336000,77250,MORET-LOING-ET-ORVANNE,77,Maison,115,5,387,2024
336000,77250,MORET-LOING-ET-ORVANNE,77,Maison,115,5,200,2024
130443,77210,AVON,77,Maison,32,2,26,2024
260000,77130,DORMELLES,77,Dépendance,0,0,556,2024
260000,77130,DORMELLES,77,Maison,113,5,556,2024
230000,77130,SAINT-GERMAIN-LAVAL,77,Maison,148,6,685,2024
324000,77380,COMBS LA VILLE,77,Dépendance,0,0,753,2024
324000,77380,COMBS LA VILLE,77,Maison,146,5,753,2024
220000,77210,AVON,77,Maison,41,3,40,2024
115000,77940,VOULX,77,Maison,94,4,152,2024
15000,77130,MONTEREAU FAULT YONNE,77,Dépendance,0,0,40,2024
655000,77166,GRISY-SUISNES,77,Dépendance,0,0,1042,2024
655000,77166,GRISY-SUISNES,77,Maison,220,11,1042,2024
505000,77130,MONTEREAU FAULT YONNE,77,Appartement,29,1,255,2024
505000,77130,MONTEREAU FAULT YONNE,77,Appartement,41,2,255,2024
505000,77130,MONTEREAU FAULT YONNE,77,Local industriel. commercial ou assimilé,70,0,255,2024
505000,77130,MONTEREAU FAULT YONNE,77,Appartement,30,1,255,2024
505000,77130,MONTEREAU FAULT YONNE,77,Appartement,40,2,255,2024
178000,77940,ESMANS,77,Dépendance,0,0,425,2024
178000,77940,ESMANS,77,Maison,80,3,425,2024
210000,77130,GRANDE-PAROISSE (LA),77,Maison,84,5,500,2024
210000,77130,GRANDE-PAROISSE (LA),77,Dépendance,0,0,500,2024
278000,77310,SAINT-FARGEAU-PONTHIERRY,77,Maison,106,5,551,2024
233230,77670,VERNOU-LA-CELLE-SUR-SEINE,77,Maison,85,3,622,2024
272000,77720,MORMANT,77,Maison,90,5,477,2024
457000,77680,ROISSY-EN-BRIE,77,Maison,132,4,432,2024
457000,77680,ROISSY-EN-BRIE,77,Dépendance,0,0,432,2024
322850,77240,SEINE-PORT,77,Maison,68,4,500,2024
322850,77240,SEINE-PORT,77,Dépendance,0,0,297,2024
322850,77240,SEINE-PORT,77,Maison,68,4,297,2024
322850,77240,SEINE-PORT,77,Dépendance,0,0,500,2024
980000,77920,SAMOIS SUR SEINE,77,Maison,196,9,500,2024
210500,77710,LORREZ-LE-BOCAGE-PREAUX,77,Maison,103,5,587,2024
210500,77710,LORREZ-LE-BOCAGE-PREAUX,77,Maison,103,5,200,2024
264100,77310,SAINT-FARGEAU-PONTHIERRY,77,Maison,70,4,680,2024
264100,77310,SAINT-FARGEAU-PONTHIERRY,77,Dépendance,0,0,680,2024
215000,77250,MORET-LOING-ET-ORVANNE,77,Maison,50,3,388,2024
179000,77130,FORGES,77,Maison,71,4,200,2024
179000,77130,FORGES,77,Maison,71,4,920,2024
239000,77240,CESSON,77,Maison,64,3,228,2024
250000,77340,PONTAULT COMBAULT,77,Maison,88,4,345,2024
250000,77340,PONTAULT COMBAULT,77,Dépendance,0,0,345,2024
300000,77950,RUBELLES,77,Maison,108,5,500,2024
300000,77950,RUBELLES,77,Maison,108,5,460,2024
270000,77240,CESSON,77,Maison,118,5,364,2024
350000,77190,DAMMARIE LES LYS,77,Maison,117,7,403,2024
350000,77190,DAMMARIE LES LYS,77,Dépendance,0,0,403,2024
210000,77350,LE MEE SUR SEINE,77,Maison,89,4,152,2024
340000,77000,MELUN,77,Local industriel. commercial ou assimilé,200,0,112,2024
230000,77950,MAINCY,77,Maison,58,3,540,2024
239000,77190,DAMMARIE LES LYS,77,Maison,75,4,157,2024
545000,77310,SAINT-FARGEAU-PONTHIERRY,77,Appartement,25,1,120,2024
545000,77310,SAINT-FARGEAU-PONTHIERRY,77,Appartement,28,1,120,2024
545000,77310,SAINT-FARGEAU-PONTHIERRY,77,Appartement,28,2,120,2024
545000,77310,SAINT-FARGEAU-PONTHIERRY,77,Local industriel. commercial ou assimilé,100,0,120,2024
245000,77000,MELUN,77,Maison,80,4,68,2024
402650,77190,DAMMARIE LES LYS,77,Maison,104,4,531,2024
402650,77190,DAMMARIE LES LYS,77,Dépendance,0,0,531,2024
209240,77390,GUIGNES,77,Maison,60,3,192,2024
195000,77130,GRANDE-PAROISSE (LA),77,Maison,120,4,223,2024
195000,77130,GRANDE-PAROISSE (LA),77,Dépendance,0,0,223,2024
48000,77240,CESSON,77,Dépendance,0,0,506,2024
48000,77240,CESSON,77,Maison,84,5,506,2024
150000,77130,GRANDE-PAROISSE (LA),77,Maison,67,4,469,2024
150000,77130,GRANDE-PAROISSE (LA),77,Dépendance,0,0,192,2024
150000,77130,GRANDE-PAROISSE (LA),77,Dépendance,0,0,469,2024
150000,77130,GRANDE-PAROISSE (LA),77,Maison,67,4,192,2024
270000,77176,NANDY,77,Maison,77,4,290,2024
270000,77176,NANDY,77,Dépendance,0,0,290,2024
215000,77000,VAUX-LE-PENIL,77,Maison,93,5,482,2024
265000,77390,CHAUMES-EN-BRIE,77,Maison,110,5,557,2024
75666,77390,OZOUER-LE-VOULGIS,77,Maison,143,5,278,2024
445000,77130,MONTEREAU FAULT YONNE,77,Appartement,46,3,313,2024
445000,77130,MONTEREAU FAULT YONNE,77,Dépendance,0,0,313,2024
445000,77130,MONTEREAU FAULT YONNE,77,Appartement,56,3,313,2024
445000,77130,MONTEREAU FAULT YONNE,77,Appartement,74,2,313,2024
235000,77370,FONTENAILLES,77,Maison,80,4,500,2024
235000,77370,FONTENAILLES,77,Dépendance,0,0,500,2024
235000,77370,FONTENAILLES,77,Maison,80,4,684,2024
235000,77370,FONTENAILLES,77,Dépendance,0,0,684,2024
310000,77390,CHAUMES-EN-BRIE,77,Dépendance,0,0,1759,2024
310000,77390,CHAUMES-EN-BRIE,77,Dépendance,0,0,500,2024
310000,77390,CHAUMES-EN-BRIE,77,Maison,158,6,500,2024
310000,77390,CHAUMES-EN-BRIE,77,Maison,158,6,1759,2024
830000,77310,PRINGY,77,Maison,300,5,500,2024
830000,77310,PRINGY,77,Dépendance,0,0,500,2024
830000,77310,PRINGY,77,Maison,300,5,2006,2024
830000,77310,PRINGY,77,Dépendance,0,0,2006,2024
658000,77300,FONTAINEBLEAU,77,Maison,62,3,300,2024
552000,77430,CHAMPAGNE SUR SEINE,77,Maison,189,7,173,2024
552000,77430,CHAMPAGNE SUR SEINE,77,Dépendance,0,0,55,2024
302660,77220,GRETZ-ARMAINVILLIERS,77,Maison,66,4,506,2024
165000,77720,SAINT-MERY,77,Dépendance,0,0,65,2024
165000,77720,SAINT-MERY,77,Maison,42,2,65,2024
311164,77176,NANDY,77,Maison,83,4,332,2024
260850,77176,SAVIGNY-LE-TEMPLE,77,Maison,83,5,613,2024
289000,77176,SAVIGNY-LE-TEMPLE,77,Maison,99,5,284,2024
260000,77810,THOMERY,77,Maison,150,5,124,2024
300000,77250,VILLECERF,77,Maison,150,5,7396,2024
300000,77250,VILLECERF,77,Dépendance,0,0,7396,2024
77918,77720,MORMANT,77,Maison,81,4,222,2024
311000,77330,OZOIR LA FERRIERE,77,Maison,90,4,223,2024
280000,77350,LE MEE SUR SEINE,77,Maison,91,3,557,2024
140000,77460,SOUPPES-SUR-LOING,77,Maison,74,4,571,2024
140000,77460,SOUPPES-SUR-LOING,77,Dépendance,0,0,571,2024
248000,77940,VOULX,77,Maison,220,10,231,2024
248000,77940,VOULX,77,Maison,32,1,231,2024
300000,77176,NANDY,77,Maison,87,4,237,2024
422500,77550,MOISSY-CRAMAYEL,77,Maison,109,6,410,2024
553000,77300,FONTAINEBLEAU,77,Dépendance,0,0,296,2024
553000,77300,FONTAINEBLEAU,77,Maison,72,3,296,2024
140000,77670,VERNOU-LA-CELLE-SUR-SEINE,77,Maison,44,2,61,2024
267400,77590,CHARTRETTES,77,Dépendance,0,0,565,2024
267400,77590,CHARTRETTES,77,Maison,79,4,565,2024
216000,77820,CHATELET-EN-BRIE (LE),77,Maison,73,3,798,2024
216000,77820,CHATELET-EN-BRIE (LE),77,Maison,73,3,1285,2024
216000,77820,CHATELET-EN-BRIE (LE),77,Maison,73,3,377,2024
290000,77140,NEMOURS,77,Appartement,48,2,126,2024
290000,77140,NEMOURS,77,Appartement,43,2,126,2024
290000,77140,NEMOURS,77,Appartement,42,2,126,2024
290000,77140,NEMOURS,77,Dépendance,0,0,126,2024
530000,77210,AVON,77,Dépendance,0,0,215,2024
530000,77210,AVON,77,Maison,112,5,215,2024
255000,77630,SAINT-MARTIN-EN-BIERE,77,Dépendance,0,0,1524,2024
255000,77630,SAINT-MARTIN-EN-BIERE,77,Dépendance,0,0,200,2024
255000,77630,SAINT-MARTIN-EN-BIERE,77,Maison,61,3,1524,2024
255000,77630,SAINT-MARTIN-EN-BIERE,77,Maison,61,3,200,2024
320000,77680,ROISSY-EN-BRIE,77,Maison,90,5,208,2024
459000,77680,ROISSY-EN-BRIE,77,Maison,138,7,574,2024
373000,77330,OZOIR LA FERRIERE,77,Maison,109,5,400,2024
815000,77000,ROCHETTE(LA),77,Maison,148,8,2973,2024
815000,77000,ROCHETTE(LA),77,Dépendance,0,0,2973,2024
815000,77000,ROCHETTE(LA),77,Maison,148,8,217,2024
815000,77000,ROCHETTE(LA),77,Dépendance,0,0,217,2024
702350,77300,FONTAINEBLEAU,77,Maison,156,7,198,2024
285000,77720,AUBEPIERRE-OZOUER-LE-REPOS,77,Dépendance,0,0,431,2024
285000,77720,AUBEPIERRE-OZOUER-LE-REPOS,77,Appartement,52,3,431,2024
285000,77720,AUBEPIERRE-OZOUER-LE-REPOS,77,Appartement,88,4,431,2024
175000,77148,LAVAL-EN-BRIE,77,Maison,73,4,200,2024
175000,77148,LAVAL-EN-BRIE,77,Dépendance,0,0,2000,2024
175000,77148,LAVAL-EN-BRIE,77,Maison,73,4,2000,2024
175000,77148,LAVAL-EN-BRIE,77,Dépendance,0,0,200,2024
272000,77135,PONTCARRE,77,Dépendance,0,0,733,2024
272000,77135,PONTCARRE,77,Maison,70,3,733,2024
850000,77590,CHARTRETTES,77,Maison,240,9,1239,2024
850000,77590,CHARTRETTES,77,Dépendance,0,0,1239,2024
850000,77590,CHARTRETTES,77,Maison,240,9,1773,2024
850000,77590,CHARTRETTES,77,Dépendance,0,0,1773,2024
330000,77190,DAMMARIE LES LYS,77,Maison,168,7,500,2024
330000,77190,DAMMARIE LES LYS,77,Dépendance,0,0,500,2024
330000,77190,DAMMARIE LES LYS,77,Maison,168,7,197,2024
330000,77190,DAMMARIE LES LYS,77,Dépendance,0,0,197,2024
294000,77390,GUIGNES,77,Maison,94,5,271,2024
288923,77570,CHATEAU-LANDON,77,Maison,187,7,1105,2024
288923,77570,CHATEAU-LANDON,77,Maison,187,7,270,2024
173000,77140,NEMOURS,77,Maison,78,4,214,2024
355000,77920,SAMOIS SUR SEINE,77,Maison,116,5,341,2024
1000000,77140,SAINT-PIERRE-LES-NEMOURS,77,Local industriel. commercial ou assimilé,1421,0,1495,2024
1000000,77140,SAINT-PIERRE-LES-NEMOURS,77,Appartement,168,3,1495,2024
1000000,77140,SAINT-PIERRE-LES-NEMOURS,77,Appartement,99,3,1495,2024
319000,77340,PONTAULT COMBAULT,77,Maison,68,3,421,2024
319000,77340,PONTAULT COMBAULT,77,Dépendance,0,0,421,2024
1200000,77340,PONTAULT COMBAULT,77,Maison,71,3,503,2024
1200000,77340,PONTAULT COMBAULT,77,Local industriel. commercial ou assimilé,178,0,535,2024
1200000,77340,PONTAULT COMBAULT,77,Dépendance,0,0,12,2024
1200000,77340,PONTAULT COMBAULT,77,Dépendance,0,0,522,2024
455000,77173,CHEVRY-COSSIGNY,77,Maison,124,6,784,2024
140000,77590,CHARTRETTES,77,Maison,101,3,679,2024
140000,77590,CHARTRETTES,77,Dépendance,0,0,679,2024
400000,77300,FONTAINEBLEAU,77,Maison,100,4,90,2024
270000,77240,VERT-SAINT-DENIS,77,Maison,91,5,207,2024
220000,77310,SAINT-FARGEAU-PONTHIERRY,77,Local industriel. commercial ou assimilé,160,0,292,2024
205000,77130,MONTEREAU FAULT YONNE,77,Dépendance,0,0,235,2024
205000,77130,MONTEREAU FAULT YONNE,77,Maison,120,4,235,2024
260000,77390,VERNEUIL-L ETANG,77,Dépendance,0,0,538,2024
260000,77390,VERNEUIL-L ETANG,77,Maison,84,5,538,2024
258480,77135,PONTCARRE,77,Maison,70,2,117,2024
435000,77000,VAUX-LE-PENIL,77,Maison,165,6,725,2024
435000,77000,VAUX-LE-PENIL,77,Dépendance,0,0,725,2024
290000,77390,CHAUMES-EN-BRIE,77,Dépendance,0,0,200,2024
290000,77390,CHAUMES-EN-BRIE,77,Maison,97,5,200,2024
290000,77390,CHAUMES-EN-BRIE,77,Dépendance,0,0,112,2024
295000,77220,TOURNAN-EN-BRIE,77,Maison,107,5,224,2024
418000,77460,SOUPPES-SUR-LOING,77,Maison,255,8,7212,2024
418000,77460,SOUPPES-SUR-LOING,77,Dépendance,0,0,991,2024
418000,77460,SOUPPES-SUR-LOING,77,Maison,255,8,991,2024
418000,77460,SOUPPES-SUR-LOING,77,Dépendance,0,0,5198,2024
418000,77460,SOUPPES-SUR-LOING,77,Maison,255,8,5198,2024
418000,77460,SOUPPES-SUR-LOING,77,Dépendance,0,0,7212,2024
97000,77140,NEMOURS,77,Maison,58,1,35,2024
150000,77167,FAY-LES-NEMOURS,77,Dépendance,0,0,239,2024
150000,77167,FAY-LES-NEMOURS,77,Maison,120,4,239,2024
232840,77310,SAINT-FARGEAU-PONTHIERRY,77,Maison,76,4,201,2024
232840,77310,SAINT-FARGEAU-PONTHIERRY,77,Dépendance,0,0,201,2024
210000,77350,LE MEE SUR SEINE,77,Maison,88,5,298,2024
256000,77720,MORMANT,77,Maison,84,4,367,2024
256000,77720,MORMANT,77,Dépendance,0,0,367,2024
345100,77390,VERNEUIL-L ETANG,77,Maison,89,5,548,2024
283000,77390,GUIGNES,77,Maison,98,5,263,2024
320000,77340,PONTAULT COMBAULT,77,Dépendance,0,0,400,2024
320000,77340,PONTAULT COMBAULT,77,Maison,150,5,400,2024
305000,77176,SAVIGNY-LE-TEMPLE,77,Maison,136,4,484,2024
273920,77176,SAVIGNY-LE-TEMPLE,77,Maison,110,5,352,2024
259000,77590,BOIS LE ROI,77,Maison,73,3,515,2024
233000,77720,BOMBON,77,Maison,84,5,763,2024
1350000,77000,MELUN,77,Dépendance,0,0,814,2024
1350000,77000,MELUN,77,Appartement,116,6,814,2024
1350000,77000,MELUN,77,Appartement,125,6,814,2024
1350000,77000,MELUN,77,Dépendance,0,0,472,2024
1350000,77000,MELUN,77,Appartement,72,4,472,2024
1350000,77000,MELUN,77,Appartement,72,3,472,2024
185000,77890,BEAUMONT-DU-GATINAIS,77,Maison,136,4,261,2024
1350000,77170,BRIE COMTE ROBERT,77,Local industriel. commercial ou assimilé,909,0,737,2024
1350000,77170,BRIE COMTE ROBERT,77,Local industriel. commercial ou assimilé,230,0,1963,2024
362400,77950,VOISENON,77,Maison,119,6,704,2024
1069320,77920,SAMOIS SUR SEINE,77,Maison,300,9,564,2024
7300,77250,MORET-LOING-ET-ORVANNE,77,Maison,90,3,200,2024
7300,77250,MORET-LOING-ET-ORVANNE,77,Maison,90,3,1287,2024
458755,77240,SEINE-PORT,77,Maison,151,5,712,2024
163000,77590,CHARTRETTES,77,Maison,43,2,117,2024
290000,77220,PRESLES-EN-BRIE,77,Maison,83,5,242,2024
310000,77220,GRETZ-ARMAINVILLIERS,77,Maison,107,5,358,2024
215000,77330,OZOIR LA FERRIERE,77,Dépendance,0,0,343,2024
215000,77330,OZOIR LA FERRIERE,77,Maison,113,5,343,2024
280000,77170,BRIE COMTE ROBERT,77,Maison,78,4,208,2024
280000,77170,BRIE COMTE ROBERT,77,Dépendance,0,0,208,2024
140000,77130,VARENNES-SUR-SEINE,77,Maison,45,2,420,2024
140000,77130,VARENNES-SUR-SEINE,77,Dépendance,0,0,420,2024
255000,77130,MONTEREAU FAULT YONNE,77,Appartement,82,3,290,2024
255000,77130,MONTEREAU FAULT YONNE,77,Dépendance,0,0,290,2024
255000,77130,MONTEREAU FAULT YONNE,77,Appartement,52,2,290,2024
270000,77240,VERT-SAINT-DENIS,77,Maison,84,5,593,2024
161000,77127,LIEUSAINT,77,Maison,103,6,227,2024
365000,77135,PONTCARRE,77,Maison,94,4,573,2024
467200,77000,VAUX-LE-PENIL,77,Maison,100,4,762,2024
92500,77130,VARENNES-SUR-SEINE,77,Dépendance,0,0,21,2024
92500,77130,VARENNES-SUR-SEINE,77,Dépendance,0,0,644,2024
327750,77340,PONTAULT COMBAULT,77,Maison,82,5,396,2024
394260,77690,GENEVRAYE (LA),77,Dépendance,0,0,1413,2024
394260,77690,GENEVRAYE (LA),77,Maison,164,4,1413,2024
255000,77720,MORMANT,77,Maison,101,6,554,2024
135000,77140,NEMOURS,77,Maison,80,3,95,2024
88000,77250,MORET-LOING-ET-ORVANNE,77,Maison,32,2,45,2024
395000,77390,CHAMPDEUIL,77,Maison,124,6,678,2024
305710,77170,BRIE COMTE ROBERT,77,Maison,72,4,420,2024
388622,77330,OZOIR LA FERRIERE,77,Maison,90,4,223,2024
295000,77170,BRIE COMTE ROBERT,77,Dépendance,0,0,170,2024
295000,77170,BRIE COMTE ROBERT,77,Maison,58,3,170,2024
215000,77390,CHAUMES-EN-BRIE,77,Maison,68,3,104,2024
165000,77220,GRETZ-ARMAINVILLIERS,77,Appartement,38,2,182,2024
165000,77220,GRETZ-ARMAINVILLIERS,77,Appartement,33,1,182,2024
227000,77430,CHAMPAGNE SUR SEINE,77,Maison,76,4,241,2024
280000,77140,NEMOURS,77,Local industriel. commercial ou assimilé,380,0,1178,2024
225000,77670,SAINT-MAMMES,77,Maison,85,5,717,2024
344000,77680,ROISSY-EN-BRIE,77,Maison,89,4,417,2024
405000,77340,PONTAULT COMBAULT,77,Maison,89,4,461,2024
225000,77250,MORET-LOING-ET-ORVANNE,77,Dépendance,0,0,125,2024
225000,77250,MORET-LOING-ET-ORVANNE,77,Dépendance,0,0,105,2024
225000,77250,MORET-LOING-ET-ORVANNE,77,Maison,80,4,105,2024
285000,77170,SERVON,77,Maison,68,3,210,2024
275000,77310,SAINT-FARGEAU-PONTHIERRY,77,Appartement,36,2,927,2024
275000,77310,SAINT-FARGEAU-PONTHIERRY,77,Appartement,36,2,377,2024
275000,77310,SAINT-FARGEAU-PONTHIERRY,77,Dépendance,0,0,377,2024
275000,77310,SAINT-FARGEAU-PONTHIERRY,77,Appartement,65,4,377,2024
275000,77310,SAINT-FARGEAU-PONTHIERRY,77,Appartement,30,2,377,2024
275000,77310,SAINT-FARGEAU-PONTHIERRY,77,Appartement,30,2,927,2024
275000,77310,SAINT-FARGEAU-PONTHIERRY,77,Appartement,65,4,927,2024
275000,77310,SAINT-FARGEAU-PONTHIERRY,77,Dépendance,0,0,927,2024
340000,77340,PONTAULT COMBAULT,77,Maison,158,6,541,2024
340000,77340,PONTAULT COMBAULT,77,Dépendance,0,0,541,2024
273500,77620,EGREVILLE,77,Maison,147,5,500,2024
273500,77620,EGREVILLE,77,Maison,147,5,2463,2024
218000,77220,GRETZ-ARMAINVILLIERS,77,Dépendance,0,0,472,2024
218000,77220,GRETZ-ARMAINVILLIERS,77,Maison,46,3,472,2024
302500,77390,BEAUVOIR,77,Maison,108,3,278,2024
600000,77630,BARBIZON,77,Maison,83,2,500,2024
600000,77630,BARBIZON,77,Maison,83,2,728,2024
215000,77140,SAINT-PIERRE-LES-NEMOURS,77,Maison,130,5,320,2024
215000,77140,SAINT-PIERRE-LES-NEMOURS,77,Maison,130,5,940,2024
435000,77690,MONTIGNY-SUR-LOING,77,Maison,107,4,454,2024
435000,77690,MONTIGNY-SUR-LOING,77,Maison,107,4,200,2024
723500,77630,BARBIZON,77,Dépendance,0,0,1544,2024
723500,77630,BARBIZON,77,Dépendance,0,0,459,2024
723500,77630,BARBIZON,77,Local industriel. commercial ou assimilé,35,0,459,2024
723500,77630,BARBIZON,77,Maison,199,8,459,2024
723500,77630,BARBIZON,77,Local industriel. commercial ou assimilé,35,0,1544,2024
723500,77630,BARBIZON,77,Maison,199,8,1544,2024
279923,77380,COMBS LA VILLE,77,Maison,98,4,432,2024
329000,77350,BOISSETTES,77,Maison,58,3,500,2024
329000,77350,BOISSETTES,77,Maison,58,3,1265,2024
260000,77350,LE MEE SUR SEINE,77,Maison,118,6,469,2024
500000,77590,BOIS LE ROI,77,Maison,133,5,563,2024
500000,77590,BOIS LE ROI,77,Dépendance,0,0,563,2024
500000,77590,BOIS LE ROI,77,Maison,133,5,200,2024
500000,77590,BOIS LE ROI,77,Dépendance,0,0,200,2024
235000,77550,MOISSY-CRAMAYEL,77,Dépendance,0,0,220,2024
235000,77550,MOISSY-CRAMAYEL,77,Maison,126,5,220,2024
267000,77250,MORET-LOING-ET-ORVANNE,77,Maison,76,4,596,2024
325000,77680,ROISSY-EN-BRIE,77,Maison,84,4,221,2024
107000,77166,GRISY-SUISNES,77,Maison,43,3,1120,2024
107000,77166,GRISY-SUISNES,77,Dépendance,0,0,1120,2024
238000,77760,URY,77,Dépendance,0,0,272,2024
238000,77760,URY,77,Maison,85,4,272,2024
469630,77123,NOISY-SUR-ECOLE,77,Maison,206,4,1825,2024
469630,77123,NOISY-SUR-ECOLE,77,Maison,206,4,150,2024
162000,77220,TOURNAN-EN-BRIE,77,Dépendance,0,0,44,2024
162000,77220,TOURNAN-EN-BRIE,77,Maison,52,3,44,2024
207000,77830,VALENCE-EN-BRIE,77,Dépendance,0,0,213,2024
207000,77830,VALENCE-EN-BRIE,77,Maison,116,5,213,2024
295000,77000,MELUN,77,Maison,90,4,173,2024
230400,77390,COURTOMER,77,Maison,57,3,424,2024
195000,77620,EGREVILLE,77,Maison,70,4,3702,2024
281500,77330,OZOIR LA FERRIERE,77,Maison,57,3,420,2024
281500,77330,OZOIR LA FERRIERE,77,Dépendance,0,0,420,2024
265000,77930,CHAILLY-EN-BIERE,77,Maison,84,5,500,2024
320000,77220,GRETZ-ARMAINVILLIERS,77,Dépendance,0,0,455,2024
320000,77220,GRETZ-ARMAINVILLIERS,77,Maison,110,6,455,2024
448000,77176,NANDY,77,Maison,190,8,1153,2024
448000,77176,NANDY,77,Maison,190,8,2000,2024
185000,77870,VULAINES-SUR-SEINE,77,Maison,46,3,450,2024
185000,77870,VULAINES-SUR-SEINE,77,Dépendance,0,0,450,2024
248000,77930,PERTHES,77,Maison,68,5,472,2024
300000,77340,PONTAULT COMBAULT,77,Maison,71,3,503,2024
120000,77130,CANNES-ECLUSE,77,Maison,61,2,811,2024
120000,77130,CANNES-ECLUSE,77,Dépendance,0,0,811,2024
342370,77590,BOIS LE ROI,77,Dépendance,0,0,267,2024
342370,77590,BOIS LE ROI,77,Maison,98,5,267,2024
159800,77130,SAINT-GERMAIN-LAVAL,77,Maison,75,3,498,2024
250000,77176,SAVIGNY-LE-TEMPLE,77,Dépendance,0,0,451,2024
250000,77176,SAVIGNY-LE-TEMPLE,77,Maison,99,6,451,2024
329900,77190,DAMMARIE LES LYS,77,Appartement,100,5,669,2024
329900,77190,DAMMARIE LES LYS,77,Appartement,100,5,200,2024
253000,77310,SAINT-FARGEAU-PONTHIERRY,77,Maison,99,5,270,2024
380000,77310,SAINT-FARGEAU-PONTHIERRY,77,Maison,137,7,125,2024
380000,77310,SAINT-FARGEAU-PONTHIERRY,77,Dépendance,0,0,1207,2024
380000,77310,SAINT-FARGEAU-PONTHIERRY,77,Maison,137,7,1207,2024
380000,77310,SAINT-FARGEAU-PONTHIERRY,77,Dépendance,0,0,125,2024
95000,77430,CHAMPAGNE SUR SEINE,77,Dépendance,0,0,76,2024
100000,77130,MAROLLES-SUR-SEINE,77,Maison,82,6,339,2024
100000,77130,MAROLLES-SUR-SEINE,77,Maison,82,6,474,2024
280000,77130,GRANDE-PAROISSE (LA),77,Maison,400,4,500,2024
280000,77130,GRANDE-PAROISSE (LA),77,Maison,400,4,886,2024
175000,77460,SOUPPES-SUR-LOING,77,Local industriel. commercial ou assimilé,72,0,55,2024
338600,77340,PONTAULT COMBAULT,77,Maison,102,4,221,2024
338600,77340,PONTAULT COMBAULT,77,Maison,102,4,500,2024
328000,77190,DAMMARIE LES LYS,77,Maison,100,4,615,2024
191000,77140,NEMOURS,77,Maison,80,4,79,2024
178000,77720,BOMBON,77,Dépendance,0,0,764,2024
178000,77720,BOMBON,77,Maison,65,3,764,2024
417850,77150,FEROLLES-ATTILLY,77,Maison,90,4,500,2024
417850,77150,FEROLLES-ATTILLY,77,Dépendance,0,0,766,2024
417850,77150,FEROLLES-ATTILLY,77,Maison,90,4,766,2024
417850,77150,FEROLLES-ATTILLY,77,Dépendance,0,0,500,2024
242500,77550,MOISSY-CRAMAYEL,77,Maison,77,4,108,2024
296000,77550,MOISSY-CRAMAYEL,77,Dépendance,0,0,278,2024
296000,77550,MOISSY-CRAMAYEL,77,Maison,88,4,278,2024
415000,77760,BOISSY-AUX-CAILLES,77,Maison,140,5,350,2024
415000,77760,BOISSY-AUX-CAILLES,77,Maison,140,5,2752,2024
190000,77123,TOUSSON,77,Dépendance,0,0,595,2024
190000,77123,TOUSSON,77,Maison,100,4,595,2024
179000,77890,GIRONVILLE,77,Dépendance,0,0,932,2024
179000,77890,GIRONVILLE,77,Maison,98,5,932,2024
133000,77350,LE MEE SUR SEINE,77,Dépendance,0,0,8617,2024
252500,77130,VILLE-SAINT-JACQUES,77,Maison,100,5,356,2024
330000,77310,SAINT-FARGEAU-PONTHIERRY,77,Maison,138,5,631,2024
174000,77140,NEMOURS,77,Appartement,40,2,145,2024
174000,77140,NEMOURS,77,Appartement,33,2,145,2024
410000,77210,SAMOREAU,77,Maison,161,6,1159,2024
232000,77350,LE MEE SUR SEINE,77,Dépendance,0,0,22,2024
232000,77350,LE MEE SUR SEINE,77,Maison,100,5,169,2024
950000,77000,MELUN,77,Local industriel. commercial ou assimilé,721,0,724,2024
690000,77590,BOIS LE ROI,77,Maison,176,5,46,2024
690000,77590,BOIS LE ROI,77,Maison,51,2,46,2024
105000,77760,BUTHIERS,77,Dépendance,0,0,72,2024
105000,77760,BUTHIERS,77,Maison,90,3,1265,2024
105000,77760,BUTHIERS,77,Dépendance,0,0,1265,2024
105000,77760,BUTHIERS,77,Maison,90,3,72,2024
76500,77760,LARCHANT,77,Dépendance,0,0,62,2024
76500,77760,LARCHANT,77,Maison,45,3,62,2024
76500,77760,LARCHANT,77,Dépendance,0,0,1433,2024
76500,77760,LARCHANT,77,Maison,45,3,1433,2024
585900,77135,PONTCARRE,77,Dépendance,0,0,757,2024
585900,77135,PONTCARRE,77,Dépendance,0,0,142,2024
585900,77135,PONTCARRE,77,Maison,137,6,142,2024
585900,77135,PONTCARRE,77,Maison,137,6,757,2024
153000,77460,SOUPPES-SUR-LOING,77,Maison,68,3,1022,2024
153000,77460,SOUPPES-SUR-LOING,77,Maison,68,3,500,2024
345000,77550,MOISSY-CRAMAYEL,77,Maison,88,4,342,2024
425000,77930,CELY EN BIERE,77,Dépendance,0,0,788,2024
425000,77930,CELY EN BIERE,77,Maison,172,4,788,2024
320000,77930,FLEURY-EN-BIERE,77,Maison,56,2,500,2024
320000,77930,FLEURY-EN-BIERE,77,Dépendance,0,0,520,2024
320000,77930,FLEURY-EN-BIERE,77,Dépendance,0,0,500,2024
320000,77930,FLEURY-EN-BIERE,77,Maison,56,2,520,2024
250000,77210,SAMOREAU,77,Maison,80,4,212,2024
250000,77210,SAMOREAU,77,Maison,80,4,500,2024
430000,77000,ROCHETTE(LA),77,Maison,174,8,721,2024
220000,77380,COMBS LA VILLE,77,Maison,53,3,336,2024
560000,77350,BOISSETTES,77,Maison,211,6,501,2024
560000,77350,BOISSETTES,77,Maison,211,6,500,2024
70000,77176,SAVIGNY-LE-TEMPLE,77,Maison,88,5,185,2024
277000,77380,COMBS LA VILLE,77,Maison,121,6,351,2024
345000,77127,LIEUSAINT,77,Maison,111,5,226,2024
150000,77620,EGREVILLE,77,Local industriel. commercial ou assimilé,25,0,91,2024
150000,77620,EGREVILLE,77,Appartement,100,4,91,2024
150000,77620,EGREVILLE,77,Dépendance,0,0,91,2024
318000,77170,BRIE COMTE ROBERT,77,Dépendance,0,0,403,2024
318000,77170,BRIE COMTE ROBERT,77,Maison,50,3,403,2024
204000,77240,VERT-SAINT-DENIS,77,Maison,58,2,127,2024
300000,77690,GENEVRAYE (LA),77,Local industriel. commercial ou assimilé,541,0,3077,2024
300000,77690,GENEVRAYE (LA),77,Local industriel. commercial ou assimilé,541,0,1000,2024
320550,77550,MOISSY-CRAMAYEL,77,Maison,88,5,592,2024
89000,77140,NEMOURS,77,Maison,78,3,178,2024
18000,77710,TREUZY-LEVELAY,77,Maison,15,1,1506,2024
332000,77380,COMBS LA VILLE,77,Maison,92,5,225,2024
217700,77130,GRANDE-PAROISSE (LA),77,Dépendance,0,0,250,2024
217700,77130,GRANDE-PAROISSE (LA),77,Maison,130,5,250,2024
217700,77130,GRANDE-PAROISSE (LA),77,Dépendance,0,0,750,2024
217700,77130,GRANDE-PAROISSE (LA),77,Maison,130,5,750,2024
225000,77130,CANNES-ECLUSE,77,Dépendance,0,0,508,2024
225000,77130,CANNES-ECLUSE,77,Maison,74,4,508,2024
190000,77670,SAINT-MAMMES,77,Maison,75,4,168,2024
192000,77670,VERNOU-LA-CELLE-SUR-SEINE,77,Maison,73,4,959,2024
357000,77150,LESIGNY,77,Maison,105,4,439,2024
308000,77170,BRIE COMTE ROBERT,77,Maison,84,5,273,2024
316000,77140,SAINT-PIERRE-LES-NEMOURS,77,Dépendance,0,0,498,2024
316000,77140,SAINT-PIERRE-LES-NEMOURS,77,Maison,124,4,498,2024
660000,77000,MELUN,77,Maison,170,6,841,2024
660000,77000,MELUN,77,Local industriel. commercial ou assimilé,600,0,841,2024
194000,77130,MONTEREAU FAULT YONNE,77,Appartement,45,2,133,2024
194000,77130,MONTEREAU FAULT YONNE,77,Appartement,15,1,133,2024
194000,77130,MONTEREAU FAULT YONNE,77,Appartement,30,2,133,2024
335000,77000,VAUX-LE-PENIL,77,Maison,115,4,601,2024
190000,77140,NEMOURS,77,Maison,97,5,109,2024
242000,77350,BOISSETTES,77,Maison,60,3,382,2024
278500,77380,COMBS LA VILLE,77,Maison,77,4,215,2024
289000,77240,CESSON,77,Maison,129,5,257,2024
461500,77166,EVRY-GREGY-SUR-YERRE,77,Maison,101,5,500,2024
461500,77166,EVRY-GREGY-SUR-YERRE,77,Dépendance,0,0,500,2024
461500,77166,EVRY-GREGY-SUR-YERRE,77,Dépendance,0,0,424,2024
461500,77166,EVRY-GREGY-SUR-YERRE,77,Maison,101,5,424,2024
115000,77130,VILLE-SAINT-JACQUES,77,Dépendance,0,0,99,2024
115000,77130,VILLE-SAINT-JACQUES,77,Maison,64,3,1598,2024
115000,77130,VILLE-SAINT-JACQUES,77,Dépendance,0,0,1598,2024
115000,77130,VILLE-SAINT-JACQUES,77,Maison,64,3,99,2024
277000,77176,SAVIGNY-LE-TEMPLE,77,Maison,93,5,375,2024
550395,77590,BOIS LE ROI,77,Maison,132,5,130,2024
550395,77590,BOIS LE ROI,77,Maison,132,5,582,2024
270000,77550,MOISSY-CRAMAYEL,77,Maison,114,5,336,2024
347099,77550,MOISSY-CRAMAYEL,77,Maison,103,5,249,2024
422900,77690,MONTIGNY-SUR-LOING,77,Dépendance,0,0,365,2024
422900,77690,MONTIGNY-SUR-LOING,77,Maison,116,5,365,2024
422900,77690,MONTIGNY-SUR-LOING,77,Maison,12,1,365,2024
160000,77390,GUIGNES,77,Maison,40,2,70,2024
1026441,77210,AVON,77,Dépendance,0,0,113,2024
1026441,77210,AVON,77,Maison,226,4,113,2024
1026441,77210,AVON,77,Dépendance,0,0,30,2024
250000,77590,CHARTRETTES,77,Maison,45,3,588,2024
250000,77590,CHARTRETTES,77,Dépendance,0,0,588,2024
265000,77350,LE MEE SUR SEINE,77,Maison,82,4,224,2024
310000,77000,VAUX-LE-PENIL,77,Maison,128,4,595,2024
260000,77930,SAINT-SAUVEUR-SUR-ECOLE,77,Dépendance,0,0,763,2024
260000,77930,SAINT-SAUVEUR-SUR-ECOLE,77,Maison,156,6,763,2024
344450,77240,VERT-SAINT-DENIS,77,Maison,98,5,420,2024
330000,77250,MORET-LOING-ET-ORVANNE,77,Maison,96,5,540,2024
225000,77140,NEMOURS,77,Maison,91,4,501,2024
167000,77140,SAINT-PIERRE-LES-NEMOURS,77,Maison,75,4,405,2024
235000,77710,VILLEBEON,77,Maison,73,3,847,2024
235000,77710,VILLEBEON,77,Dépendance,0,0,847,2024
260000,77176,SAVIGNY-LE-TEMPLE,77,Maison,113,5,379,2024
465000,77210,AVON,77,Maison,104,5,742,2024
465000,77210,AVON,77,Maison,104,5,81,2024
249000,77720,BOMBON,77,Maison,82,4,638,2024
448750,77570,CHATEAU-LANDON,77,Maison,181,3,1682,2024
448750,77570,CHATEAU-LANDON,77,Dépendance,0,0,1682,2024
100000,77890,BEAUMONT-DU-GATINAIS,77,Appartement,98,4,523,2024
100000,77890,BEAUMONT-DU-GATINAIS,77,Dépendance,0,0,174,2024
327750,77760,ACHERES-LA-FORET,77,Maison,106,4,251,2024
300000,77250,MORET-LOING-ET-ORVANNE,77,Maison,79,4,620,2024
300000,77250,MORET-LOING-ET-ORVANNE,77,Maison,79,4,112,2024
337000,77680,ROISSY-EN-BRIE,77,Maison,119,6,293,2024
270000,77220,GRETZ-ARMAINVILLIERS,77,Maison,110,5,451,2024
270000,77220,GRETZ-ARMAINVILLIERS,77,Dépendance,0,0,451,2024
510000,77135,PONTCARRE,77,Maison,150,6,455,2024
510000,77135,PONTCARRE,77,Maison,150,6,500,2024
195000,77190,DAMMARIE LES LYS,77,Maison,76,4,17,2024
195000,77190,DAMMARIE LES LYS,77,Maison,76,4,22,2024
485000,77220,PRESLES-EN-BRIE,77,Maison,160,6,381,2024
384000,77810,THOMERY,77,Maison,107,3,748,2024
384000,77810,THOMERY,77,Maison,107,3,304,2024
315000,77930,CHAILLY-EN-BIERE,77,Maison,105,5,725,2024
147850,77310,SAINT-FARGEAU-PONTHIERRY,77,Maison,86,3,154,2024
307000,77170,BRIE COMTE ROBERT,77,Dépendance,0,0,105,2024
307000,77170,BRIE COMTE ROBERT,77,Maison,65,5,105,2024
200000,77167,POLIGNY,77,Dépendance,0,0,162,2024
200000,77167,POLIGNY,77,Maison,108,6,162,2024
200000,77167,POLIGNY,77,Dépendance,0,0,2375,2024
200000,77167,POLIGNY,77,Maison,108,6,2375,2024
275000,77170,BRIE COMTE ROBERT,77,Maison,96,5,464,2024
347600,77390,ANDREZEL,77,Maison,76,5,128,2024
110000,77940,DIANT,77,Maison,108,3,79,2024
110000,77940,DIANT,77,Dépendance,0,0,79,2024
110000,77940,DIANT,77,Dépendance,0,0,40,2024
714600,77123,NOISY-SUR-ECOLE,77,Dépendance,0,0,500,2024
714600,77123,NOISY-SUR-ECOLE,77,Maison,220,7,500,2024
714600,77123,NOISY-SUR-ECOLE,77,Dépendance,0,0,1621,2024
714600,77123,NOISY-SUR-ECOLE,77,Maison,220,7,1621,2024
200000,77000,VAUX-LE-PENIL,77,Maison,101,4,353,2024
120000,77710,LORREZ-LE-BOCAGE-PREAUX,77,Maison,107,5,4970,2024
365000,77000,VAUX-LE-PENIL,77,Maison,127,6,586,2024
108500,77940,VOULX,77,Maison,71,3,158,2024
108500,77940,VOULX,77,Maison,39,2,158,2024
108500,77940,VOULX,77,Dépendance,0,0,158,2024
299000,77550,MOISSY-CRAMAYEL,77,Maison,106,6,266,2024
224000,77430,CHAMPAGNE SUR SEINE,77,Maison,62,3,142,2024
65000,77460,SOUPPES-SUR-LOING,77,Appartement,85,4,583,2024
65000,77460,SOUPPES-SUR-LOING,77,Dépendance,0,0,583,2024
65000,77460,SOUPPES-SUR-LOING,77,Local industriel. commercial ou assimilé,116,0,583,2024
65000,77460,SOUPPES-SUR-LOING,77,Local industriel. commercial ou assimilé,39,0,583,2024
65000,77460,SOUPPES-SUR-LOING,77,Dépendance,0,0,523,2024
65000,77460,SOUPPES-SUR-LOING,77,Maison,103,5,523,2024
94644,77710,LORREZ-LE-BOCAGE-PREAUX,77,Maison,68,4,744,2024
244000,77220,TOURNAN-EN-BRIE,77,Maison,69,3,52,2024
140000,77166,EVRY-GREGY-SUR-YERRE,77,Maison,9,1,249,2024
255000,77390,CHAUMES-EN-BRIE,77,Maison,166,5,257,2024
365000,77135,PONTCARRE,77,Maison,82,4,315,2024
475000,77240,CESSON,77,Maison,148,5,577,2024
558000,77300,FONTAINEBLEAU,77,Local industriel. commercial ou assimilé,110,0,263,2024
485000,77250,MORET-LOING-ET-ORVANNE,77,Maison,152,6,673,2024
356500,77380,COMBS LA VILLE,77,Maison,81,5,423,2024
274000,77390,GUIGNES,77,Maison,80,4,439,2024
390000,77250,MORET-LOING-ET-ORVANNE,77,Maison,131,7,337,2024
350000,77760,ACHERES-LA-FORET,77,Maison,157,7,516,2024
350000,77760,ACHERES-LA-FORET,77,Dépendance,0,0,500,2024
350000,77760,ACHERES-LA-FORET,77,Dépendance,0,0,516,2024
350000,77760,ACHERES-LA-FORET,77,Maison,157,7,500,2024
282000,77250,MORET-LOING-ET-ORVANNE,77,Maison,60,3,84,2024
308000,77340,PONTAULT COMBAULT,77,Maison,87,4,154,2024
200000,77760,ACHERES-LA-FORET,77,Maison,250,6,410,2024
180000,77140,SAINT-PIERRE-LES-NEMOURS,77,Maison,89,4,700,2024
180000,77140,SAINT-PIERRE-LES-NEMOURS,77,Maison,89,4,270,2024
350000,77150,LESIGNY,77,Maison,108,5,532,2024
200000,77690,MONTIGNY-SUR-LOING,77,Maison,60,2,2169,2024
200000,77690,MONTIGNY-SUR-LOING,77,Maison,60,2,28,2024
255000,77880,GREZ-SUR-LOING,77,Maison,73,4,660,2024
255000,77880,GREZ-SUR-LOING,77,Dépendance,0,0,660,2024
240000,77310,SAINT-FARGEAU-PONTHIERRY,77,Maison,76,3,14,2024
240000,77390,CRISENOY,77,Maison,143,5,365,2024
273000,77000,MELUN,77,Maison,88,4,345,2024
273000,77000,MELUN,77,Dépendance,0,0,345,2024
165000,77940,NOISY-RUDIGNON,77,Maison,80,3,47,2024
294000,77390,CHAUMES-EN-BRIE,77,Maison,96,5,455,2024
4200000,77140,NEMOURS,77,Local industriel. commercial ou assimilé,5229,0,7523,2024
272800,77820,CHATILLON-LA-BORDE,77,Dépendance,0,0,70,2024
272800,77820,CHATILLON-LA-BORDE,77,Appartement,40,1,658,2024
272800,77820,CHATILLON-LA-BORDE,77,Dépendance,0,0,658,2024
272800,77820,CHATILLON-LA-BORDE,77,Appartement,40,1,70,2024
205000,77390,CHAUMES-EN-BRIE,77,Maison,116,3,478,2024
280000,77390,VERNEUIL-L ETANG,77,Maison,109,5,667,2024
670000,77780,BOURRON-MARLOTTE,77,Dépendance,0,0,333,2024
670000,77780,BOURRON-MARLOTTE,77,Maison,86,4,333,2024
84000,77760,VILLIERS-SOUS-GREZ,77,Maison,82,3,593,2024
360000,77680,ROISSY-EN-BRIE,77,Maison,94,4,372,2024
259350,77390,GUIGNES,77,Maison,89,4,300,2024
259350,77390,GUIGNES,77,Maison,89,4,514,2024
544400,77690,MONTIGNY-SUR-LOING,77,Maison,153,6,135,2024
149000,77670,SAINT-MAMMES,77,Maison,115,4,288,2024
149000,77670,SAINT-MAMMES,77,Maison,35,2,288,2024
149000,77670,SAINT-MAMMES,77,Dépendance,0,0,288,2024
140000,77330,OZOIR LA FERRIERE,77,Dépendance,0,0,285,2024
210000,77190,DAMMARIE LES LYS,77,Dépendance,0,0,626,2024
210000,77190,DAMMARIE LES LYS,77,Maison,73,3,626,2024
260550,77130,BARBEY,77,Dépendance,0,0,459,2024
260550,77130,BARBEY,77,Maison,105,5,459,2024
315000,77630,ARBONNE-LA-FORET,77,Maison,81,4,68,2024
225000,77570,CHATEAU-LANDON,77,Maison,82,3,242,2024
225000,77570,CHATEAU-LANDON,77,Dépendance,0,0,242,2024
353000,77680,ROISSY-EN-BRIE,77,Maison,122,7,399,2024
338000,77680,ROISSY-EN-BRIE,77,Dépendance,0,0,280,2024
338000,77680,ROISSY-EN-BRIE,77,Maison,120,7,280,2024
237700,77130,VARENNES-SUR-SEINE,77,Dépendance,0,0,522,2024
237700,77130,VARENNES-SUR-SEINE,77,Maison,112,5,522,2024
784530,77340,PONTAULT COMBAULT,77,Maison,204,5,600,2024
258000,77176,SAVIGNY-LE-TEMPLE,77,Maison,110,5,268,2024
289000,77240,CESSON,77,Maison,84,4,246,2024
180000,77760,RECLOSES,77,Dépendance,0,0,870,2024
180000,77760,RECLOSES,77,Maison,170,6,870,2024
130000,77670,SAINT-MAMMES,77,Dépendance,0,0,26,2024
130000,77670,SAINT-MAMMES,77,Maison,54,4,26,2024
210000,77430,CHAMPAGNE SUR SEINE,77,Dépendance,0,0,699,2024
210000,77430,CHAMPAGNE SUR SEINE,77,Maison,96,6,699,2024
300000,77133,MACHAULT,77,Dépendance,0,0,422,2024
300000,77133,MACHAULT,77,Maison,115,5,500,2024
300000,77133,MACHAULT,77,Maison,115,5,422,2024
300000,77133,MACHAULT,77,Dépendance,0,0,500,2024
64000,77590,CHARTRETTES,77,Dépendance,0,0,845,2024
64000,77590,CHARTRETTES,77,Maison,147,5,845,2024
64000,77590,CHARTRETTES,77,Dépendance,0,0,500,2024
64000,77590,CHARTRETTES,77,Maison,147,5,500,2024
361650,77340,PONTAULT COMBAULT,77,Maison,110,4,347,2024
348350,77150,LESIGNY,77,Maison,110,5,427,2024
362000,77340,PONTAULT COMBAULT,77,Maison,91,5,247,2024
440000,77173,CHEVRY-COSSIGNY,77,Local industriel. commercial ou assimilé,130,0,369,2024
440000,77173,CHEVRY-COSSIGNY,77,Maison,120,3,369,2024
320630,77310,SAINT-FARGEAU-PONTHIERRY,77,Maison,98,5,484,2024
647760,77310,SAINT-FARGEAU-PONTHIERRY,77,Dépendance,0,0,1561,2024
647760,77310,SAINT-FARGEAU-PONTHIERRY,77,Maison,198,7,500,2024
647760,77310,SAINT-FARGEAU-PONTHIERRY,77,Maison,198,7,1561,2024
647760,77310,SAINT-FARGEAU-PONTHIERRY,77,Dépendance,0,0,500,2024
128395,77460,SOUPPES-SUR-LOING,77,Maison,44,2,390,2024
283500,77166,EVRY-GREGY-SUR-YERRE,77,Maison,110,4,369,2024
60000,77940,FLAGY,77,Dépendance,0,0,235,2024
60000,77940,FLAGY,77,Maison,172,7,235,2024
120000,77870,VULAINES-SUR-SEINE,77,Dépendance,0,0,676,2024
120000,77870,VULAINES-SUR-SEINE,77,Maison,100,7,676,2024
218700,77930,CHAILLY-EN-BIERE,77,Maison,70,3,118,2024
357000,77220,TOURNAN-EN-BRIE,77,Maison,90,4,552,2024
230000,77190,DAMMARIE LES LYS,77,Maison,80,4,667,2024
203000,77940,NOISY-RUDIGNON,77,Maison,152,5,553,2024
148000,77250,MORET-LOING-ET-ORVANNE,77,Dépendance,0,0,137,2024
148000,77250,MORET-LOING-ET-ORVANNE,77,Maison,29,2,137,2024
112900,77760,URY,77,Maison,69,4,560,2024
272000,77111,SOLERS,77,Maison,120,4,161,2024
272000,77111,SOLERS,77,Maison,120,4,355,2024
272000,77111,SOLERS,77,Maison,120,4,525,2024
355000,77590,BOIS LE ROI,77,Maison,78,4,553,2024
220000,77880,GREZ-SUR-LOING,77,Local industriel. commercial ou assimilé,160,0,179,2024
250000,77720,MORMANT,77,Maison,100,4,526,2024
230000,77850,HERICY,77,Maison,74,4,522,2024
360000,77940,VOULX,77,Dépendance,0,0,876,2024
360000,77940,VOULX,77,Maison,100,4,876,2024
237650,77130,SAINT-GERMAIN-LAVAL,77,Maison,82,5,442,2024
339921,77220,LIVERDY-EN-BRIE,77,Maison,116,5,802,2024
282500,77340,PONTAULT COMBAULT,77,Maison,65,3,379,2024
282500,77340,PONTAULT COMBAULT,77,Dépendance,0,0,379,2024
356000,77170,SERVON,77,Dépendance,0,0,300,2024
356000,77170,SERVON,77,Maison,90,3,300,2024
356000,77170,SERVON,77,Maison,90,3,350,2024
356000,77170,SERVON,77,Dépendance,0,0,350,2024
258984,77176,SAVIGNY-LE-TEMPLE,77,Maison,82,4,228,2024
280000,77390,OZOUER-LE-VOULGIS,77,Maison,90,4,260,2024
252000,77590,FONTAINE-LE-PORT,77,Dépendance,0,0,963,2024
252000,77590,FONTAINE-LE-PORT,77,Maison,126,5,228,2024
252000,77590,FONTAINE-LE-PORT,77,Dépendance,0,0,228,2024
252000,77590,FONTAINE-LE-PORT,77,Maison,126,5,963,2024
450000,77820,ECRENNES (LES),77,Dépendance,0,0,956,2024
450000,77820,ECRENNES (LES),77,Dépendance,0,0,500,2024
450000,77820,ECRENNES (LES),77,Maison,150,7,500,2024
450000,77820,ECRENNES (LES),77,Maison,150,7,956,2024
345000,77930,CHAILLY-EN-BIERE,77,Maison,105,5,676,2024
184500,77130,MAROLLES-SUR-SEINE,77,Maison,95,5,594,2024
902300,77240,SEINE-PORT,77,Maison,276,7,500,2024
902300,77240,SEINE-PORT,77,Dépendance,0,0,500,2024
902300,77240,SEINE-PORT,77,Dépendance,0,0,701,2024
902300,77240,SEINE-PORT,77,Maison,276,7,701,2024
508250,77330,OZOIR LA FERRIERE,77,Maison,125,5,500,2024
508250,77330,OZOIR LA FERRIERE,77,Dépendance,0,0,500,2024
508250,77330,OZOIR LA FERRIERE,77,Maison,125,5,519,2024
508250,77330,OZOIR LA FERRIERE,77,Dépendance,0,0,519,2024
340000,77330,OZOIR LA FERRIERE,77,Maison,140,6,517,2024
340000,77330,OZOIR LA FERRIERE,77,Dépendance,0,0,517,2024
576000,77330,OZOIR LA FERRIERE,77,Maison,157,6,500,2024
576000,77330,OZOIR LA FERRIERE,77,Maison,157,6,302,2024
576000,77330,OZOIR LA FERRIERE,77,Dépendance,0,0,500,2024
576000,77330,OZOIR LA FERRIERE,77,Dépendance,0,0,302,2024
395000,77330,OZOIR LA FERRIERE,77,Maison,93,5,469,2024
395000,77330,OZOIR LA FERRIERE,77,Dépendance,0,0,469,2024
437500,77176,NANDY,77,Dépendance,0,0,504,2024
437500,77176,NANDY,77,Maison,92,4,504,2024
173000,77130,MONTEREAU FAULT YONNE,77,Maison,72,4,735,2024
225000,77140,NEMOURS,77,Maison,89,4,441,2024
225000,77140,NEMOURS,77,Dépendance,0,0,441,2024
425000,77940,THOURY FEROTTES,77,Dépendance,0,0,357,2024
425000,77940,THOURY FEROTTES,77,Maison,120,4,357,2024
200000,77570,CHATEAU-LANDON,77,Maison,99,5,418,2024
200000,77570,CHATEAU-LANDON,77,Dépendance,0,0,418,2024
129000,77760,BOULANCOURT,77,Maison,53,3,20,2024
129000,77760,BOULANCOURT,77,Maison,53,3,4121,2024
200000,77250,MORET-LOING-ET-ORVANNE,77,Local industriel. commercial ou assimilé,90,0,75,2024
99460,77210,AVON,77,Dépendance,0,0,280,2024
99460,77210,AVON,77,Maison,97,3,280,2024
350000,77310,SAINT-FARGEAU-PONTHIERRY,77,Dépendance,0,0,375,2024
350000,77310,SAINT-FARGEAU-PONTHIERRY,77,Maison,167,8,471,2024
379504,77930,PERTHES,77,Maison,99,5,926,2024
379504,77930,PERTHES,77,Maison,99,5,500,2024
130000,77240,SEINE-PORT,77,Maison,40,2,908,2024
221350,77720,MORMANT,77,Maison,110,7,727,2024
221350,77720,MORMANT,77,Dépendance,0,0,727,2024
158000,77210,AVON,77,Maison,28,1,45,2024
62000,77430,CHAMPAGNE SUR SEINE,77,Dépendance,0,0,76,2024
325000,77930,CHAILLY-EN-BIERE,77,Maison,122,5,415,2024
325000,77930,CHAILLY-EN-BIERE,77,Maison,122,5,500,2024
756765,77920,SAMOIS SUR SEINE,77,Maison,218,8,698,2024
756765,77920,SAMOIS SUR SEINE,77,Dépendance,0,0,698,2024
480000,77170,SERVON,77,Maison,62,4,266,2024
120000,77130,VARENNES-SUR-SEINE,77,Maison,43,3,333,2024
379000,77330,OZOIR LA FERRIERE,77,Maison,103,5,361,2024
311000,77220,GRETZ-ARMAINVILLIERS,77,Dépendance,0,0,552,2024
311000,77220,GRETZ-ARMAINVILLIERS,77,Maison,95,4,552,2024
138022,77220,GRETZ-ARMAINVILLIERS,77,Maison,86,5,224,2024
310000,77330,OZOIR LA FERRIERE,77,Maison,67,3,743,2024
119000,77570,CHATEAU-LANDON,77,Maison,41,2,64,2024
119000,77570,CHATEAU-LANDON,77,Dépendance,0,0,64,2024
290000,77140,SAINT-PIERRE-LES-NEMOURS,77,Maison,166,5,700,2024
290000,77140,SAINT-PIERRE-LES-NEMOURS,77,Dépendance,0,0,243,2024
290000,77140,SAINT-PIERRE-LES-NEMOURS,77,Dépendance,0,0,700,2024
290000,77140,SAINT-PIERRE-LES-NEMOURS,77,Maison,166,5,243,2024
212000,77140,DARVAULT,77,Maison,84,5,700,2024
212000,77140,DARVAULT,77,Maison,84,5,225,2024
199000,77140,MONCOURT FROMONVILLE,77,Maison,85,4,353,2024
385000,77220,LIVERDY-EN-BRIE,77,Maison,180,5,285,2024
385000,77220,LIVERDY-EN-BRIE,77,Dépendance,0,0,285,2024
202000,77460,SOUPPES-SUR-LOING,77,Maison,88,4,543,2024
234000,77760,CHAPELLE-LA-REINE (LA),77,Maison,75,4,200,2024
234000,77760,CHAPELLE-LA-REINE (LA),77,Maison,75,4,334,2024
1700000,77300,FONTAINEBLEAU,77,Maison,535,10,620,2024
323300,77170,BRIE COMTE ROBERT,77,Maison,120,6,315,2024
323300,77170,BRIE COMTE ROBERT,77,Dépendance,0,0,315,2024
318000,77380,COMBS LA VILLE,77,Maison,85,5,309,2024
225000,77000,VAUX-LE-PENIL,77,Dépendance,0,0,12,2024
322500,77140,SAINT-PIERRE-LES-NEMOURS,77,Maison,124,6,543,2024
215000,77190,DAMMARIE LES LYS,77,Dépendance,0,0,520,2024
215000,77190,DAMMARIE LES LYS,77,Maison,76,5,520,2024
239000,77760,GUERCHEVILLE,77,Local industriel. commercial ou assimilé,0,0,978,2024
239000,77760,GUERCHEVILLE,77,Maison,131,7,978,2024
2000,77210,AVON,77,Maison,42,3,299,2024
353236,77176,NANDY,77,Maison,120,6,99,2024
325450,77550,MOISSY-CRAMAYEL,77,Maison,84,4,346,2024
290000,77210,SAMOREAU,77,Maison,98,6,500,2024
290000,77210,SAMOREAU,77,Maison,98,6,144,2024
221000,77000,MELUN,77,Dépendance,0,0,306,2024
221000,77000,MELUN,77,Maison,73,4,306,2024
325480,77176,SAVIGNY-LE-TEMPLE,77,Maison,121,5,502,2024
140000,77720,CHAMPEAUX,77,Maison,110,4,511,2024
379500,77220,GRETZ-ARMAINVILLIERS,77,Maison,93,3,503,2024
167910,77570,CHATEAU-LANDON,77,Maison,91,4,1220,2024
347000,77340,PONTAULT COMBAULT,77,Maison,80,5,403,2024
347000,77340,PONTAULT COMBAULT,77,Dépendance,0,0,403,2024
415000,77760,CHAPELLE-LA-REINE (LA),77,Maison,145,5,4381,2024
415000,77760,CHAPELLE-LA-REINE (LA),77,Dépendance,0,0,4381,2024
410000,77310,BOISSISE-LE-ROI,77,Maison,140,5,982,2024
205606,77210,AVON,77,Maison,89,5,106,2024
205606,77210,AVON,77,Maison,71,4,106,2024
205606,77210,AVON,77,Maison,87,5,106,2024
205606,77210,AVON,77,Maison,74,4,106,2024
205606,77210,AVON,77,Maison,56,3,106,2024
205606,77210,AVON,77,Dépendance,0,0,106,2024
205606,77210,AVON,77,Maison,86,5,106,2024
205606,77210,AVON,77,Maison,73,4,106,2024
343000,77340,PONTAULT COMBAULT,77,Maison,82,4,275,2024
163000,77130,MISY-SUR-YONNE,77,Dépendance,0,0,528,2024
163000,77130,MISY-SUR-YONNE,77,Maison,99,2,528,2024
1800000,77000,VAUX-LE-PENIL,77,Local industriel. commercial ou assimilé,1100,0,2200,2024
235000,77820,CHATELET-EN-BRIE (LE),77,Appartement,50,2,199,2024
235000,77820,CHATELET-EN-BRIE (LE),77,Local industriel. commercial ou assimilé,79,0,199,2024
235000,77820,CHATELET-EN-BRIE (LE),77,Appartement,40,2,199,2024
235000,77820,CHATELET-EN-BRIE (LE),77,Appartement,33,1,199,2024
355000,77380,COMBS LA VILLE,77,Maison,152,6,33,2024
261000,77240,CESSON,77,Maison,75,4,238,2024
355000,77310,SAINT-FARGEAU-PONTHIERRY,77,Maison,123,4,353,2024
355000,77310,SAINT-FARGEAU-PONTHIERRY,77,Dépendance,0,0,353,2024
160000,77240,CESSON,77,Local industriel. commercial ou assimilé,91,0,154,2024
440000,77240,VERT-SAINT-DENIS,77,Maison,152,5,500,2024
440000,77240,VERT-SAINT-DENIS,77,Maison,152,5,423,2024
290000,77176,NANDY,77,Maison,75,4,311,2024
150000,77710,NANTEAU-SUR-LUNAIN,77,Maison,78,4,570,2024
425000,77340,PONTAULT COMBAULT,77,Maison,93,5,403,2024
425000,77340,PONTAULT COMBAULT,77,Local industriel. commercial ou assimilé,12,0,403,2024
357000,77390,CHAUMES-EN-BRIE,77,Dépendance,0,0,187,2024
357000,77390,CHAUMES-EN-BRIE,77,Maison,101,5,187,2024
437000,77330,OZOIR LA FERRIERE,77,Maison,109,5,522,2024
853385,77780,BOURRON-MARLOTTE,77,Dépendance,0,0,520,2024
853385,77780,BOURRON-MARLOTTE,77,Dépendance,0,0,500,2024
853385,77780,BOURRON-MARLOTTE,77,Maison,186,5,500,2024
853385,77780,BOURRON-MARLOTTE,77,Maison,186,5,520,2024
350000,77380,COMBS LA VILLE,77,Maison,83,4,672,2024
141000,77710,VILLEMARECHAL,77,Maison,76,4,377,2024
490000,77310,SAINT-FARGEAU-PONTHIERRY,77,Maison,138,5,328,2024
490000,77310,SAINT-FARGEAU-PONTHIERRY,77,Dépendance,0,0,328,2024
250000,77127,LIEUSAINT,77,Maison,82,4,266,2024
251230,77123,VAUDOUE (LE),77,Dépendance,0,0,153,2024
251230,77123,VAUDOUE (LE),77,Maison,73,4,153,2024
306000,77220,TOURNAN-EN-BRIE,77,Maison,98,5,455,2024
265700,77760,BOISSY-AUX-CAILLES,77,Maison,107,5,598,2024
265700,77760,BOISSY-AUX-CAILLES,77,Maison,107,5,500,2024
239000,77380,COMBS LA VILLE,77,Maison,67,3,227,2024
65000,77390,COURTOMER,77,Maison,181,5,1354,2024
90000,77390,COURTOMER,77,Dépendance,0,0,1315,2024
330000,77390,GUIGNES,77,Maison,132,6,558,2024
330000,77390,GUIGNES,77,Maison,132,6,300,2024
501000,77330,OZOIR LA FERRIERE,77,Maison,140,2,607,2024
305000,77380,COMBS LA VILLE,77,Maison,82,5,371,2024
340000,77250,MORET-LOING-ET-ORVANNE,77,Maison,81,4,556,2024
340000,77250,MORET-LOING-ET-ORVANNE,77,Dépendance,0,0,556,2024
39379116,77130,MAROLLES-SUR-SEINE,77,Local industriel. commercial ou assimilé,37503,0,107814,2024
596000,77780,BOURRON-MARLOTTE,77,Dépendance,0,0,239,2024
596000,77780,BOURRON-MARLOTTE,77,Maison,120,5,239,2024
310030,77950,RUBELLES,77,Maison,104,4,746,2024
619000,77310,SAINT-FARGEAU-PONTHIERRY,77,Maison,187,4,1500,2024
379990,77135,PONTCARRE,77,Maison,105,5,67,2024
379990,77135,PONTCARRE,77,Maison,105,5,835,2024
309250,77310,PRINGY,77,Maison,85,5,499,2024
165000,77950,MOISENAY,77,Maison,41,3,500,2024
165000,77950,MOISENAY,77,Maison,41,3,520,2024
236563,77330,OZOIR LA FERRIERE,77,Maison,94,5,480,2024
236563,77330,OZOIR LA FERRIERE,77,Dépendance,0,0,480,2024
160000,77760,CHEVRAINVILLIERS,77,Dépendance,0,0,186,2024
160000,77760,CHEVRAINVILLIERS,77,Maison,120,5,186,2024
155000,77590,BOIS LE ROI,77,Maison,80,3,326,2024
155000,77590,BOIS LE ROI,77,Dépendance,0,0,326,2024
1590000,77380,COMBS LA VILLE,77,Dépendance,0,0,64,2024
1590000,77380,COMBS LA VILLE,77,Maison,105,4,64,2024
415000,77950,RUBELLES,77,Maison,143,5,500,2024
415000,77950,RUBELLES,77,Maison,143,5,586,2024
415000,77950,RUBELLES,77,Dépendance,0,0,586,2024
415000,77950,RUBELLES,77,Dépendance,0,0,500,2024
250000,77300,FONTAINEBLEAU,77,Maison,35,1,100,2024
125000,77130,SAINT-GERMAIN-LAVAL,77,Maison,82,4,147,2024
185000,77310,SAINT-FARGEAU-PONTHIERRY,77,Dépendance,0,0,267,2024
185000,77310,SAINT-FARGEAU-PONTHIERRY,77,Maison,68,3,267,2024
177160,77720,QUIERS,77,Maison,120,6,500,2024
290000,77170,BRIE COMTE ROBERT,77,Maison,78,5,223,2024
300975,77380,COMBS LA VILLE,77,Maison,123,6,517,2024
275600,77176,SAVIGNY-LE-TEMPLE,77,Maison,94,5,201,2024
555000,77760,URY,77,Dépendance,0,0,786,2024
555000,77760,URY,77,Maison,212,5,786,2024
17000,77940,NOISY-RUDIGNON,77,Dépendance,0,0,31,2024
17000,77940,NOISY-RUDIGNON,77,Dépendance,0,0,97,2024
17000,77940,NOISY-RUDIGNON,77,Maison,67,3,97,2024
470000,77127,LIEUSAINT,77,Maison,160,5,311,2024
470000,77127,LIEUSAINT,77,Maison,160,5,500,2024
170000,77830,VALENCE-EN-BRIE,77,Maison,81,5,735,2024
6237500,77630,BARBIZON,77,Maison,78,2,1498,2024
6237500,77630,BARBIZON,77,Dépendance,0,0,1190,2024
6237500,77630,BARBIZON,77,Maison,761,10,1190,2024
125500,77130,MISY-SUR-YONNE,77,Maison,22,2,134,2024
125500,77130,MISY-SUR-YONNE,77,Maison,72,3,72,2024
125500,77130,MISY-SUR-YONNE,77,Dépendance,0,0,72,2024
150000,77130,VARENNES-SUR-SEINE,77,Maison,90,3,326,2024
178000,77880,GREZ-SUR-LOING,77,Maison,36,1,1154,2024
178000,77880,GREZ-SUR-LOING,77,Maison,60,2,1154,2024
178000,77880,GREZ-SUR-LOING,77,Dépendance,0,0,1154,2024
213000,77810,THOMERY,77,Maison,12,4,271,2024
261000,77590,FONTAINE-LE-PORT,77,Maison,81,5,540,2024
537750,77690,MONTIGNY-SUR-LOING,77,Maison,155,6,410,2024
537750,77690,MONTIGNY-SUR-LOING,77,Maison,155,6,300,2024
314000,77930,CHAILLY-EN-BIERE,77,Maison,103,4,253,2024
120000,77111,SOIGNOLLES-EN-BRIE,77,Maison,79,4,101,2024
120000,77111,SOIGNOLLES-EN-BRIE,77,Dépendance,0,0,101,2024
339150,77135,PONTCARRE,77,Maison,90,4,182,2024
132000,77130,DORMELLES,77,Maison,46,3,44,2024
267000,77000,VAUX-LE-PENIL,77,Maison,131,7,482,2024
420000,77670,SAINT-MAMMES,77,Maison,146,7,990,2024
305000,77170,SERVON,77,Dépendance,0,0,26,2024
305000,77170,SERVON,77,Maison,79,4,101,2024
335000,77000,VAUX-LE-PENIL,77,Maison,120,6,602,2024
67000,77940,THOURY FEROTTES,77,Maison,58,2,101,2024
200000,77130,CANNES-ECLUSE,77,Maison,91,4,506,2024
170000,77940,ESMANS,77,Maison,95,5,389,2024
710000,77210,AVON,77,Maison,150,6,112,2024
550000,77300,FONTAINEBLEAU,77,Dépendance,0,0,200,2024
550000,77300,FONTAINEBLEAU,77,Appartement,51,2,200,2024
180000,77820,CHATELET-EN-BRIE (LE),77,Maison,63,3,229,2024
180000,77820,CHATELET-EN-BRIE (LE),77,Dépendance,0,0,229,2024
192000,77176,SAVIGNY-LE-TEMPLE,77,Dépendance,0,0,13,2024
236000,77176,SAVIGNY-LE-TEMPLE,77,Maison,106,4,239,2024
232000,77820,CHATELET-EN-BRIE (LE),77,Maison,88,5,550,2024
285000,77176,SAVIGNY-LE-TEMPLE,77,Maison,81,4,363,2024
242800,77820,ECRENNES (LES),77,Maison,81,4,1012,2024
400000,77150,LESIGNY,77,Maison,108,5,580,2024
154000,77670,SAINT-MAMMES,77,Dépendance,0,0,274,2024
154000,77670,SAINT-MAMMES,77,Maison,57,3,274,2024
250000,77340,PONTAULT COMBAULT,77,Dépendance,0,0,421,2024
250000,77340,PONTAULT COMBAULT,77,Maison,80,6,421,2024
260000,77760,NANTEAU-SUR-ESSONNE,77,Maison,140,5,510,2024
260000,77760,NANTEAU-SUR-ESSONNE,77,Dépendance,0,0,510,2024
549465,77150,LESIGNY,77,Maison,140,7,500,2024
549465,77150,LESIGNY,77,Maison,140,7,368,2024
398950,77170,BRIE COMTE ROBERT,77,Maison,114,5,271,2024
379000,77166,EVRY-GREGY-SUR-YERRE,77,Maison,113,5,613,2024
258000,77390,YEBLES,77,Maison,83,4,789,2024
1302650,77760,RECLOSES,77,Dépendance,0,0,542,2024
1302650,77760,RECLOSES,77,Maison,94,3,542,2024
1302650,77760,RECLOSES,77,Maison,297,6,542,2024
295000,77380,COMBS LA VILLE,77,Maison,108,7,388,2024
310000,77310,SAINT-FARGEAU-PONTHIERRY,77,Maison,130,5,463,2024
498000,77920,SAMOIS SUR SEINE,77,Dépendance,0,0,355,2024
498000,77920,SAMOIS SUR SEINE,77,Maison,110,4,355,2024
700000,77590,CHARTRETTES,77,Dépendance,0,0,1000,2024
700000,77590,CHARTRETTES,77,Maison,194,5,1000,2024
700000,77590,CHARTRETTES,77,Dépendance,0,0,619,2024
700000,77590,CHARTRETTES,77,Maison,194,5,619,2024
185700,77460,SOUPPES-SUR-LOING,77,Dépendance,0,0,825,2024
185700,77460,SOUPPES-SUR-LOING,77,Maison,50,3,825,2024
494000,77220,TOURNAN-EN-BRIE,77,Maison,184,9,500,2024
494000,77220,TOURNAN-EN-BRIE,77,Maison,184,9,225,2024
300000,77240,VERT-SAINT-DENIS,77,Maison,105,7,465,2024
365000,77000,MELUN,77,Maison,148,6,476,2024
623850,77590,BOIS LE ROI,77,Maison,140,5,379,2024
623850,77590,BOIS LE ROI,77,Maison,140,5,269,2024
227000,77380,COMBS LA VILLE,77,Dépendance,0,0,65,2024
227000,77380,COMBS LA VILLE,77,Appartement,71,3,65,2024
130000,77570,MONDREVILLE,77,Maison,140,5,1515,2024
130000,77570,MONDREVILLE,77,Dépendance,0,0,1515,2024
160000,77140,SAINT-PIERRE-LES-NEMOURS,77,Maison,75,3,561,2024
160000,77140,SAINT-PIERRE-LES-NEMOURS,77,Dépendance,0,0,561,2024
245750,77240,VERT-SAINT-DENIS,77,Maison,78,4,169,2024
218409,77820,CHATELET-EN-BRIE (LE),77,Dépendance,0,0,294,2024
218409,77820,CHATELET-EN-BRIE (LE),77,Maison,191,6,294,2024
380000,77950,VOISENON,77,Maison,100,5,740,2024
130000,77167,POLIGNY,77,Maison,80,3,114,2024
305000,77240,SEINE-PORT,77,Maison,145,4,528,2024
1824000,77210,SAMOREAU,77,Local industriel. commercial ou assimilé,1246,0,2093,2024
380000,77240,CESSON,77,Maison,123,5,794,2024
408000,77670,VERNOU-LA-CELLE-SUR-SEINE,77,Maison,36,3,74,2024
408000,77670,VERNOU-LA-CELLE-SUR-SEINE,77,Dépendance,0,0,2074,2024
408000,77670,VERNOU-LA-CELLE-SUR-SEINE,77,Maison,36,3,2074,2024
408000,77670,VERNOU-LA-CELLE-SUR-SEINE,77,Dépendance,0,0,74,2024
408000,77670,VERNOU-LA-CELLE-SUR-SEINE,77,Maison,111,4,200,2024
408000,77670,VERNOU-LA-CELLE-SUR-SEINE,77,Dépendance,0,0,4437,2024
408000,77670,VERNOU-LA-CELLE-SUR-SEINE,77,Maison,111,4,4437,2024
408000,77670,VERNOU-LA-CELLE-SUR-SEINE,77,Dépendance,0,0,200,2024
190000,77130,CANNES-ECLUSE,77,Maison,102,5,646,2024
418000,77000,VAUX-LE-PENIL,77,Maison,130,4,537,2024
362000,77920,SAMOIS SUR SEINE,77,Maison,100,4,380,2024
362000,77920,SAMOIS SUR SEINE,77,Dépendance,0,0,20,2024
362000,77920,SAMOIS SUR SEINE,77,Maison,100,4,100,2024
415000,77340,PONTAULT COMBAULT,77,Maison,110,6,452,2024
353000,77810,THOMERY,77,Maison,77,4,1205,2024
353000,77810,THOMERY,77,Maison,77,4,90,2024
316000,77340,PONTAULT COMBAULT,77,Maison,100,3,415,2024
380000,77111,SOIGNOLLES-EN-BRIE,77,Maison,122,5,510,2024
253000,77380,COMBS LA VILLE,77,Maison,61,3,916,2024
253000,77380,COMBS LA VILLE,77,Maison,61,3,111,2024
253000,77380,COMBS LA VILLE,77,Dépendance,0,0,916,2024
253000,77380,COMBS LA VILLE,77,Dépendance,0,0,111,2024
329900,77310,BOISSISE-LE-ROI,77,Maison,123,6,500,2024
329900,77310,BOISSISE-LE-ROI,77,Maison,123,6,1256,2024
10068210,77380,COMBS LA VILLE,77,Dépendance,0,0,64,2024
10068210,77380,COMBS LA VILLE,77,Maison,105,4,64,2024
373000,77170,SERVON,77,Maison,100,5,600,2024
235000,77590,BOIS LE ROI,77,Maison,72,4,384,2024
309000,77220,PRESLES-EN-BRIE,77,Maison,122,5,484,2024
356100,77220,PRESLES-EN-BRIE,77,Maison,121,7,677,2024
356100,77220,PRESLES-EN-BRIE,77,Dépendance,0,0,677,2024
370000,77930,CHAILLY-EN-BIERE,77,Maison,150,6,612,2024
370000,77930,CHAILLY-EN-BIERE,77,Dépendance,0,0,612,2024
265500,77000,MELUN,77,Maison,115,5,424,2024
265500,77000,MELUN,77,Dépendance,0,0,424,2024
228000,77250,VILLECERF,77,Maison,112,3,100,2024
230000,77760,AMPONVILLE,77,Maison,82,4,763,2024
213000,77190,DAMMARIE LES LYS,77,Maison,73,4,115,2024
215000,77940,BROSSE-MONTCEAUX (LA),77,Maison,76,4,511,2024
395000,77150,LESIGNY,77,Maison,105,4,534,2024
220000,77430,CHAMPAGNE SUR SEINE,77,Maison,69,3,804,2024
220000,77430,CHAMPAGNE SUR SEINE,77,Maison,48,2,804,2024
370000,77810,THOMERY,77,Appartement,32,2,438,2024
370000,77810,THOMERY,77,Maison,112,4,438,2024
253000,77620,EGREVILLE,77,Maison,105,4,500,2024
253000,77620,EGREVILLE,77,Maison,105,4,1009,2024
225000,77350,LE MEE SUR SEINE,77,Appartement,90,5,155,2024
1290800,77780,BOURRON-MARLOTTE,77,Dépendance,0,0,500,2024
1290800,77780,BOURRON-MARLOTTE,77,Maison,256,10,500,2024
1290800,77780,BOURRON-MARLOTTE,77,Maison,26,1,365,2024
1290800,77780,BOURRON-MARLOTTE,77,Dépendance,0,0,365,2024
1290800,77780,BOURRON-MARLOTTE,77,Maison,26,1,500,2024
1290800,77780,BOURRON-MARLOTTE,77,Maison,256,10,365,2024
237000,77670,VERNOU-LA-CELLE-SUR-SEINE,77,Maison,79,4,200,2024
237000,77670,VERNOU-LA-CELLE-SUR-SEINE,77,Maison,79,4,843,2024
280000,77310,SAINT-FARGEAU-PONTHIERRY,77,Maison,82,4,124,2024
100000,77250,VILLECERF,77,Dépendance,0,0,954,2024
100000,77250,VILLECERF,77,Maison,75,3,954,2024
305749,77310,SAINT-FARGEAU-PONTHIERRY,77,Maison,110,5,204,2024
401000,77250,MORET-LOING-ET-ORVANNE,77,Maison,120,4,352,2024
401000,77250,MORET-LOING-ET-ORVANNE,77,Dépendance,0,0,500,2024
401000,77250,MORET-LOING-ET-ORVANNE,77,Maison,120,4,500,2024
401000,77250,MORET-LOING-ET-ORVANNE,77,Dépendance,0,0,352,2024
290000,77111,SOLERS,77,Maison,84,5,294,2024
260000,77190,DAMMARIE LES LYS,77,Dépendance,0,0,362,2024
260000,77190,DAMMARIE LES LYS,77,Maison,79,4,362,2024
379000,77310,SAINT-FARGEAU-PONTHIERRY,77,Maison,68,3,465,2024
1580000,77950,RUBELLES,77,Appartement,120,4,1000,2024
1580000,77950,RUBELLES,77,Appartement,53,2,1000,2024
1580000,77950,RUBELLES,77,Appartement,84,4,1000,2024
1580000,77950,RUBELLES,77,Dépendance,0,0,1000,2024
1580000,77950,RUBELLES,77,Appartement,97,5,1000,2024
1580000,77950,RUBELLES,77,Appartement,88,3,1000,2024
1580000,77950,RUBELLES,77,Appartement,120,4,900,2024
1580000,77950,RUBELLES,77,Appartement,53,2,900,2024
1580000,77950,RUBELLES,77,Appartement,84,4,900,2024
1580000,77950,RUBELLES,77,Dépendance,0,0,900,2024
1580000,77950,RUBELLES,77,Appartement,96,4,1000,2024
1580000,77950,RUBELLES,77,Appartement,100,5,1000,2024
1580000,77950,RUBELLES,77,Appartement,78,2,1000,2024
1580000,77950,RUBELLES,77,Appartement,78,2,900,2024
1580000,77950,RUBELLES,77,Appartement,88,3,900,2024
1580000,77950,RUBELLES,77,Appartement,100,5,900,2024
1580000,77950,RUBELLES,77,Appartement,97,5,900,2024
1580000,77950,RUBELLES,77,Appartement,96,4,900,2024
350000,77670,VERNOU-LA-CELLE-SUR-SEINE,77,Maison,225,8,4149,2024
193000,77950,MAINCY,77,Maison,75,2,128,2024
315000,77930,PERTHES,77,Dépendance,0,0,500,2024
315000,77930,PERTHES,77,Maison,101,5,2095,2024
315000,77930,PERTHES,77,Dépendance,0,0,2095,2024
315000,77930,PERTHES,77,Maison,101,5,500,2024
460000,77135,PONTCARRE,77,Dépendance,0,0,491,2024
460000,77135,PONTCARRE,77,Maison,115,5,500,2024
460000,77135,PONTCARRE,77,Dépendance,0,0,500,2024
460000,77135,PONTCARRE,77,Maison,115,5,491,2024
405000,77310,PRINGY,77,Dépendance,0,0,670,2024
405000,77310,PRINGY,77,Maison,191,7,670,2024
420000,77310,SAINT-FARGEAU-PONTHIERRY,77,Maison,136,6,600,2024
420000,77310,SAINT-FARGEAU-PONTHIERRY,77,Maison,136,6,746,2024
270000,77250,MORET-LOING-ET-ORVANNE,77,Local industriel. commercial ou assimilé,84,0,330,2024
270000,77250,MORET-LOING-ET-ORVANNE,77,Maison,86,4,330,2024
270000,77250,MORET-LOING-ET-ORVANNE,77,Dépendance,0,0,330,2024
284000,77380,COMBS LA VILLE,77,Appartement,36,1,46,2024
284000,77380,COMBS LA VILLE,77,Appartement,15,1,784,2024
284000,77380,COMBS LA VILLE,77,Appartement,36,1,784,2024
284000,77380,COMBS LA VILLE,77,Appartement,15,1,46,2024
384000,77330,OZOIR LA FERRIERE,77,Maison,132,5,470,2024
170000,77000,MELUN,77,Dépendance,0,0,748,2024
170000,77000,MELUN,77,Maison,60,3,748,2024
403000,77150,LESIGNY,77,Maison,105,4,380,2024
282000,77000,ROCHETTE(LA),77,Dépendance,0,0,427,2024
282000,77000,ROCHETTE(LA),77,Maison,82,3,427,2024
335000,77390,OZOUER-LE-VOULGIS,77,Maison,132,7,638,2024
357450,77330,OZOIR LA FERRIERE,77,Maison,121,4,295,2024
428000,77310,PRINGY,77,Dépendance,0,0,794,2024
428000,77310,PRINGY,77,Maison,159,7,794,2024
279000,77460,SOUPPES-SUR-LOING,77,Maison,96,5,600,2024
259000,77720,BREAU,77,Maison,110,5,704,2024
259000,77720,BREAU,77,Dépendance,0,0,704,2024
259000,77720,BREAU,77,Maison,110,5,500,2024
259000,77720,BREAU,77,Dépendance,0,0,500,2024
219000,77130,MONTEREAU FAULT YONNE,77,Maison,95,5,547,2024
275000,77830,VALENCE-EN-BRIE,77,Maison,80,4,80,2024
170000,77830,VALENCE-EN-BRIE,77,Maison,88,4,254,2024
495000,77330,OZOIR LA FERRIERE,77,Maison,158,4,555,2024
145000,77710,CHEVRY-EN-SEREINE,77,Maison,80,4,1086,2024
145000,77710,CHEVRY-EN-SEREINE,77,Maison,80,4,2600,2024
230000,77620,EGREVILLE,77,Maison,126,7,500,2024
230000,77620,EGREVILLE,77,Dépendance,0,0,501,2024
230000,77620,EGREVILLE,77,Maison,126,7,501,2024
230000,77620,EGREVILLE,77,Dépendance,0,0,500,2024
340000,77940,ESMANS,77,Maison,180,4,457,2024
340000,77940,ESMANS,77,Dépendance,0,0,457,2024
137000,77940,BLENNES,77,Dépendance,0,0,480,2024
137000,77940,BLENNES,77,Maison,105,4,480,2024
342680,77590,BOIS LE ROI,77,Dépendance,0,0,447,2024
342680,77590,BOIS LE ROI,77,Maison,75,4,447,2024
256000,77140,NEMOURS,77,Maison,108,6,477,2024
213000,77390,OZOUER-LE-VOULGIS,77,Maison,42,4,455,2024
167400,77130,FORGES,77,Dépendance,0,0,651,2024
167400,77130,FORGES,77,Maison,86,5,651,2024
150000,77130,BARBEY,77,Dépendance,0,0,378,2024
150000,77130,BARBEY,77,Maison,97,5,378,2024
192000,77130,CANNES-ECLUSE,77,Maison,92,4,825,2024
543830,77150,LESIGNY,77,Maison,123,4,500,2024
543830,77150,LESIGNY,77,Maison,123,4,622,2024
120000,77130,MONTEREAU FAULT YONNE,77,Maison,60,4,343,2024
120000,77130,MONTEREAU FAULT YONNE,77,Dépendance,0,0,343,2024
2700000,77220,PRESLES-EN-BRIE,77,Local industriel. commercial ou assimilé,7062,0,12600,2024
2700000,77220,PRESLES-EN-BRIE,77,Local industriel. commercial ou assimilé,7062,0,8434,2024
2700000,77220,PRESLES-EN-BRIE,77,Local industriel. commercial ou assimilé,7062,0,4500,2024
2700000,77220,PRESLES-EN-BRIE,77,Maison,194,6,2137,2024
2700000,77220,PRESLES-EN-BRIE,77,Dépendance,0,0,2137,2024
59000,77710,NANTEAU-SUR-LUNAIN,77,Dépendance,0,0,589,2024
172500,77240,VERT-SAINT-DENIS,77,Dépendance,0,0,14,2024
300000,77680,ROISSY-EN-BRIE,77,Maison,93,5,222,2024
339500,77166,EVRY-GREGY-SUR-YERRE,77,Maison,77,4,270,2024
280000,77550,MOISSY-CRAMAYEL,77,Maison,78,4,274,2024
170000,77330,OZOIR LA FERRIERE,77,Dépendance,0,0,124,2024
170000,77330,OZOIR LA FERRIERE,77,Maison,40,4,124,2024
333000,77610,CHATRES,77,Maison,124,4,560,2024
179500,77670,SAINT-MAMMES,77,Maison,63,3,475,2024
179500,77670,SAINT-MAMMES,77,Dépendance,0,0,475,2024
467500,77590,CHARTRETTES,77,Maison,122,4,439,2024
124000,77670,VERNOU-LA-CELLE-SUR-SEINE,77,Maison,56,3,964,2024
124000,77670,VERNOU-LA-CELLE-SUR-SEINE,77,Maison,56,3,52,2024
404750,77240,CESSON,77,Maison,126,6,341,2024
292650,77240,VERT-SAINT-DENIS,77,Maison,79,4,419,2024
275000,77000,VAUX-LE-PENIL,77,Maison,115,22,93,2024
370000,77590,CHARTRETTES,77,Maison,66,2,737,2024
179000,77570,CHATEAU-LANDON,77,Appartement,31,2,87,2024
179000,77570,CHATEAU-LANDON,77,Appartement,30,2,87,2024
179000,77570,CHATEAU-LANDON,77,Appartement,12,1,87,2024
179000,77570,CHATEAU-LANDON,77,Appartement,16,1,87,2024
179000,77570,CHATEAU-LANDON,77,Appartement,42,3,87,2024
350000,77590,CHARTRETTES,77,Maison,89,4,500,2024
350000,77590,CHARTRETTES,77,Maison,89,4,201,2024
107847,77390,GUIGNES,77,Dépendance,0,0,929,2024
107847,77390,GUIGNES,77,Maison,75,4,929,2024
90000,77390,CHAUMES-EN-BRIE,77,Dépendance,0,0,123,2024
90000,77390,CHAUMES-EN-BRIE,77,Maison,68,4,123,2024
183000,77140,SAINT-PIERRE-LES-NEMOURS,77,Maison,81,4,607,2024
183000,77140,SAINT-PIERRE-LES-NEMOURS,77,Dépendance,0,0,607,2024
335000,77720,MORMANT,77,Maison,113,5,464,2024
245000,77380,COMBS LA VILLE,77,Maison,89,5,150,2024
272000,77720,MORMANT,77,Maison,91,5,440,2024
400000,77370,FONTENAILLES,77,Maison,174,6,500,2024
400000,77370,FONTENAILLES,77,Maison,174,6,560,2024
271000,77930,FLEURY-EN-BIERE,77,Maison,61,2,438,2024
271000,77930,FLEURY-EN-BIERE,77,Maison,61,2,500,2024
384000,77680,ROISSY-EN-BRIE,77,Dépendance,0,0,493,2024
384000,77680,ROISSY-EN-BRIE,77,Maison,75,4,493,2024
220000,77670,SAINT-MAMMES,77,Maison,100,6,116,2024
265000,77123,NOISY-SUR-ECOLE,77,Maison,18,1,500,2024
265000,77123,NOISY-SUR-ECOLE,77,Maison,18,1,2511,2024
357000,77127,LIEUSAINT,77,Maison,114,4,320,2024
530000,77150,LESIGNY,77,Maison,139,7,592,2024
530000,77150,LESIGNY,77,Maison,139,7,500,2024
220000,77760,CHEVRAINVILLIERS,77,Dépendance,0,0,983,2024
220000,77760,CHEVRAINVILLIERS,77,Maison,97,4,983,2024
220000,77760,CHEVRAINVILLIERS,77,Dépendance,0,0,2196,2024
220000,77760,CHEVRAINVILLIERS,77,Dépendance,0,0,500,2024
220000,77760,CHEVRAINVILLIERS,77,Maison,97,4,500,2024
220000,77760,CHEVRAINVILLIERS,77,Maison,97,4,2196,2024
161500,77130,GRANDE-PAROISSE (LA),77,Dépendance,0,0,442,2024
161500,77130,GRANDE-PAROISSE (LA),77,Maison,94,5,442,2024
475000,77210,SAMOREAU,77,Dépendance,0,0,394,2024
475000,77210,SAMOREAU,77,Maison,138,5,394,2024
209550,77190,DAMMARIE LES LYS,77,Maison,70,3,35,2024
209550,77190,DAMMARIE LES LYS,77,Maison,70,3,104,2024
357230,77310,BOISSISE-LE-ROI,77,Maison,98,4,800,2024
308000,77170,BRIE COMTE ROBERT,77,Dépendance,0,0,245,2024
308000,77170,BRIE COMTE ROBERT,77,Maison,83,5,245,2024
485000,77170,BRIE COMTE ROBERT,77,Maison,144,5,1229,2024
415000,77150,LESIGNY,77,Maison,145,5,506,2024
4750000,77176,SAVIGNY-LE-TEMPLE,77,Local industriel. commercial ou assimilé,2053,0,16566,2024
4750000,77176,SAVIGNY-LE-TEMPLE,77,Local industriel. commercial ou assimilé,5507,0,16566,2024
4750000,77176,SAVIGNY-LE-TEMPLE,77,Local industriel. commercial ou assimilé,4509,0,16566,2024
4750000,77176,SAVIGNY-LE-TEMPLE,77,Local industriel. commercial ou assimilé,871,0,12105,2024
4750000,77176,SAVIGNY-LE-TEMPLE,77,Local industriel. commercial ou assimilé,619,0,12105,2024
4750000,77176,SAVIGNY-LE-TEMPLE,77,Local industriel. commercial ou assimilé,2174,0,12105,2024
4750000,77176,SAVIGNY-LE-TEMPLE,77,Local industriel. commercial ou assimilé,500,0,12105,2024
497000,77166,EVRY-GREGY-SUR-YERRE,77,Maison,162,7,624,2024
440500,77720,MORMANT,77,Dépendance,0,0,844,2024
440500,77720,MORMANT,77,Appartement,70,3,844,2024
440500,77720,MORMANT,77,Appartement,50,3,844,2024
273000,77720,MORMANT,77,Maison,109,5,255,2024
122000,77620,EGREVILLE,77,Maison,73,2,152,2024
557850,77330,OZOIR LA FERRIERE,77,Maison,153,7,321,2024
557850,77330,OZOIR LA FERRIERE,77,Maison,153,7,500,2024
231702,77190,DAMMARIE LES LYS,77,Maison,75,3,500,2024
231702,77190,DAMMARIE LES LYS,77,Maison,75,3,624,2024
254900,77550,MOISSY-CRAMAYEL,77,Maison,80,4,112,2024
275000,77111,SOIGNOLLES-EN-BRIE,77,Maison,85,4,290,2024
430000,77310,SAINT-FARGEAU-PONTHIERRY,77,Maison,200,8,200,2024
430000,77310,SAINT-FARGEAU-PONTHIERRY,77,Maison,200,8,1715,2024
120000,77940,ESMANS,77,Maison,80,3,330,2024
307000,77680,ROISSY-EN-BRIE,77,Maison,62,4,406,2024
185000,77130,MAROLLES-SUR-SEINE,77,Maison,105,4,210,2024
320000,77340,PONTAULT COMBAULT,77,Maison,57,3,419,2024
257103,77176,SAVIGNY-LE-TEMPLE,77,Maison,83,4,101,2024
257103,77176,SAVIGNY-LE-TEMPLE,77,Dépendance,0,0,32,2024
150000,77670,SAINT-MAMMES,77,Maison,60,4,409,2024
311500,77240,CESSON,77,Maison,143,7,493,2024
265000,77130,DORMELLES,77,Maison,145,6,2481,2024
265000,77130,DORMELLES,77,Dépendance,0,0,2481,2024
366400,77220,GRETZ-ARMAINVILLIERS,77,Maison,95,4,500,2024
366400,77220,GRETZ-ARMAINVILLIERS,77,Dépendance,0,0,500,2024
405000,77000,MELUN,77,Local industriel. commercial ou assimilé,220,0,355,2024
405000,77000,MELUN,77,Maison,64,3,355,2024
310000,77680,ROISSY-EN-BRIE,77,Maison,131,6,316,2024
310000,77680,ROISSY-EN-BRIE,77,Dépendance,0,0,316,2024
613530,77690,MONTIGNY-SUR-LOING,77,Dépendance,0,0,1067,2024
613530,77690,MONTIGNY-SUR-LOING,77,Maison,150,6,500,2024
613530,77690,MONTIGNY-SUR-LOING,77,Dépendance,0,0,500,2024
613530,77690,MONTIGNY-SUR-LOING,77,Maison,150,6,1067,2024
323430,77390,OZOUER-LE-VOULGIS,77,Maison,80,4,700,2024
323430,77390,OZOUER-LE-VOULGIS,77,Dépendance,0,0,700,2024
327000,77390,YEBLES,77,Maison,114,6,500,2024
1083000,77123,VAUDOUE (LE),77,Maison,200,7,1000,2024
1083000,77123,VAUDOUE (LE),77,Maison,200,7,3797,2024
165000,77190,DAMMARIE LES LYS,77,Dépendance,0,0,885,2024
165000,77190,DAMMARIE LES LYS,77,Maison,44,2,885,2024
475000,77630,SAINT-MARTIN-EN-BIERE,77,Maison,147,5,964,2024
330000,77140,MONCOURT FROMONVILLE,77,Maison,74,4,600,2024
330000,77140,MONCOURT FROMONVILLE,77,Dépendance,0,0,600,2024
330000,77140,MONCOURT FROMONVILLE,77,Maison,74,4,142,2024
330000,77140,MONCOURT FROMONVILLE,77,Dépendance,0,0,142,2024
360000,77140,MONCOURT FROMONVILLE,77,Dépendance,0,0,766,2024
360000,77140,MONCOURT FROMONVILLE,77,Maison,108,5,766,2024
255000,77390,GUIGNES,77,Maison,96,5,220,2024
135000,77140,MONCOURT FROMONVILLE,77,Maison,54,3,59,2024
137000,77140,NEMOURS,77,Dépendance,0,0,249,2024
137000,77140,NEMOURS,77,Maison,70,3,249,2024
313500,77135,PONTCARRE,77,Maison,87,5,299,2024
206000,77350,LE MEE SUR SEINE,77,Maison,88,4,468,2024
247000,77140,MONCOURT FROMONVILLE,77,Dépendance,0,0,425,2024
247000,77140,MONCOURT FROMONVILLE,77,Maison,78,4,425,2024
321300,77140,MONCOURT FROMONVILLE,77,Maison,103,5,900,2024
328000,77680,ROISSY-EN-BRIE,77,Maison,88,4,408,2024
528000,77330,OZOIR LA FERRIERE,77,Maison,102,4,209,2024
528000,77330,OZOIR LA FERRIERE,77,Maison,102,4,500,2024
75000,77460,SOUPPES-SUR-LOING,77,Maison,92,4,53,2024
637500,77166,EVRY-GREGY-SUR-YERRE,77,Maison,160,6,750,2024
465000,77170,BRIE COMTE ROBERT,77,Maison,87,5,658,2024
465000,77170,BRIE COMTE ROBERT,77,Dépendance,0,0,658,2024
280000,77170,BRIE COMTE ROBERT,77,Maison,84,5,193,2024
290000,77550,LIMOGES-FOURCHES,77,Maison,100,4,500,2024
290000,77550,LIMOGES-FOURCHES,77,Maison,100,4,333,2024
361000,77170,SERVON,77,Maison,90,5,500,2024
361000,77170,SERVON,77,Dépendance,0,0,635,2024
361000,77170,SERVON,77,Dépendance,0,0,500,2024
361000,77170,SERVON,77,Maison,90,5,635,2024
302400,77240,CESSON,77,Maison,89,4,293,2024
195000,77176,NANDY,77,Maison,85,5,99,2024
50000,77430,CHAMPAGNE SUR SEINE,77,Maison,78,6,454,2024
244300,77190,DAMMARIE LES LYS,77,Maison,84,5,304,2024
524000,77760,BUTHIERS,77,Maison,182,7,329,2024
524000,77760,BUTHIERS,77,Maison,182,7,4700,2024
524000,77760,BUTHIERS,77,Dépendance,0,0,4700,2024
524000,77760,BUTHIERS,77,Dépendance,0,0,329,2024
145000,77250,MORET-LOING-ET-ORVANNE,77,Maison,78,4,221,2024
345000,77176,SAVIGNY-LE-TEMPLE,77,Maison,122,6,266,2024
299900,77115,BLANDY,77,Maison,120,5,101,2024
299900,77115,BLANDY,77,Dépendance,0,0,101,2024
293000,77210,SAMOREAU,77,Maison,113,5,612,2024
100000,77620,BRANSLES,77,Maison,116,6,500,2024
100000,77620,BRANSLES,77,Maison,116,6,1656,2024
295000,77130,GRANDE-PAROISSE (LA),77,Maison,144,5,106,2024
170000,77940,MONTMACHOUX,77,Maison,69,3,574,2024
312000,77250,MORET-LOING-ET-ORVANNE,77,Maison,85,4,67,2024
124000,77670,SAINT-MAMMES,77,Appartement,45,3,192,2024
124000,77670,SAINT-MAMMES,77,Appartement,58,3,192,2024
270100,77170,BRIE COMTE ROBERT,77,Dépendance,0,0,308,2024
270100,77170,BRIE COMTE ROBERT,77,Maison,76,4,308,2024
430000,77590,CHARTRETTES,77,Maison,98,4,352,2024
113000,77350,LE MEE SUR SEINE,77,Dépendance,0,0,8617,2024
255000,77166,EVRY-GREGY-SUR-YERRE,77,Maison,82,4,236,2024
280011,77000,MELUN,77,Local industriel. commercial ou assimilé,535,0,395,2024
80000,77570,CHATEAU-LANDON,77,Maison,102,4,553,2024
1070000,77300,FONTAINEBLEAU,77,Dépendance,0,0,378,2024
1070000,77300,FONTAINEBLEAU,77,Maison,179,8,378,2024
320000,77720,MORMANT,77,Maison,90,4,715,2024
280000,77130,VARENNES-SUR-SEINE,77,Maison,100,4,671,2024
280000,77130,VARENNES-SUR-SEINE,77,Maison,100,4,52,2024
327000,77250,MORET-LOING-ET-ORVANNE,77,Maison,150,3,956,2024
327000,77250,MORET-LOING-ET-ORVANNE,77,Dépendance,0,0,956,2024
327000,77250,MORET-LOING-ET-ORVANNE,77,Maison,150,3,106,2024
327000,77250,MORET-LOING-ET-ORVANNE,77,Dépendance,0,0,106,2024
270000,77130,GRANDE-PAROISSE (LA),77,Maison,105,3,360,2024
241325,77130,MISY-SUR-YONNE,77,Maison,130,6,1682,2024
241325,77130,MISY-SUR-YONNE,77,Maison,130,6,500,2024
298000,77820,ECRENNES (LES),77,Maison,104,5,726,2024
223500,77820,ECRENNES (LES),77,Maison,110,3,142,2024
151000,77130,MAROLLES-SUR-SEINE,77,Maison,119,6,470,2024
151000,77130,MAROLLES-SUR-SEINE,77,Dépendance,0,0,470,2024
197000,77720,MORMANT,77,Maison,71,4,105,2024
300000,77130,FORGES,77,Maison,115,3,127,2024
300000,77130,FORGES,77,Dépendance,0,0,127,2024
290000,77630,BARBIZON,77,Maison,84,4,399,2024
210771,77176,SAVIGNY-LE-TEMPLE,77,Maison,63,3,221,2024
268884,77176,SAVIGNY-LE-TEMPLE,77,Maison,82,4,236,2024
237501,77176,SAVIGNY-LE-TEMPLE,77,Maison,83,4,61,2024
237501,77176,SAVIGNY-LE-TEMPLE,77,Dépendance,0,0,30,2024
370000,77630,SAINT-MARTIN-EN-BIERE,77,Dépendance,0,0,288,2024
370000,77630,SAINT-MARTIN-EN-BIERE,77,Dépendance,0,0,500,2024
370000,77630,SAINT-MARTIN-EN-BIERE,77,Maison,117,6,500,2024
370000,77630,SAINT-MARTIN-EN-BIERE,77,Maison,117,6,288,2024
307000,77220,TOURNAN-EN-BRIE,77,Maison,82,4,371,2024
332000,77220,GRETZ-ARMAINVILLIERS,77,Dépendance,0,0,450,2024
332000,77220,GRETZ-ARMAINVILLIERS,77,Maison,111,6,450,2024
290000,77220,GRETZ-ARMAINVILLIERS,77,Maison,131,5,390,2024
290000,77220,GRETZ-ARMAINVILLIERS,77,Dépendance,0,0,390,2024
180000,77170,BRIE COMTE ROBERT,77,Maison,73,4,605,2024
285000,77220,LIVERDY-EN-BRIE,77,Maison,74,4,543,2024
233000,77220,GRETZ-ARMAINVILLIERS,77,Dépendance,0,0,363,2024
233000,77220,GRETZ-ARMAINVILLIERS,77,Maison,80,3,363,2024
515000,77590,BOIS LE ROI,77,Maison,105,5,71,2024
515000,77590,BOIS LE ROI,77,Maison,105,5,631,2024
337000,77173,CHEVRY-COSSIGNY,77,Maison,90,4,312,2024
300000,77390,VERNEUIL-L ETANG,77,Maison,109,5,522,2024
180000,77430,CHAMPAGNE SUR SEINE,77,Maison,59,2,447,2024
342800,77220,TOURNAN-EN-BRIE,77,Maison,88,5,406,2024
1423649,77220,GRETZ-ARMAINVILLIERS,77,Local industriel. commercial ou assimilé,1626,0,5970,2024
281000,77380,COMBS LA VILLE,77,Maison,77,4,176,2024
274000,77820,CHATELET-EN-BRIE (LE),77,Maison,81,4,712,2024
245000,77850,HERICY,77,Maison,62,3,266,2024
245000,77850,HERICY,77,Dépendance,0,0,266,2024
420000,77123,NOISY-SUR-ECOLE,77,Maison,116,6,258,2024
420000,77123,NOISY-SUR-ECOLE,77,Maison,116,6,2200,2024
272500,77140,SAINT-PIERRE-LES-NEMOURS,77,Maison,86,4,500,2024
272500,77140,SAINT-PIERRE-LES-NEMOURS,77,Maison,86,4,713,2024
210000,77123,NOISY-SUR-ECOLE,77,Maison,83,4,80,2024
235000,77570,CHATEAU-LANDON,77,Maison,148,6,1013,2024
443596,77300,FONTAINEBLEAU,77,Maison,80,3,111,2024
570000,77760,ACHERES-LA-FORET,77,Dépendance,0,0,619,2024
570000,77760,ACHERES-LA-FORET,77,Maison,108,4,619,2024
570000,77760,ACHERES-LA-FORET,77,Dépendance,0,0,1311,2024
80000,77720,CHAPELLE-GAUTHIER (LA),77,Dépendance,0,0,361,2024
230000,77130,CANNES-ECLUSE,77,Dépendance,0,0,644,2024
230000,77130,CANNES-ECLUSE,77,Maison,127,5,644,2024
205000,77190,DAMMARIE LES LYS,77,Maison,65,3,118,2024
433850,77000,ROCHETTE(LA),77,Maison,130,5,513,2024
140000,77890,BEAUMONT-DU-GATINAIS,77,Dépendance,0,0,348,2024
140000,77890,BEAUMONT-DU-GATINAIS,77,Maison,100,5,348,2024
137000,77720,CHAPELLE-GAUTHIER (LA),77,Maison,100,3,567,2024
356842,77330,OZOIR LA FERRIERE,77,Maison,79,4,407,2024
360000,77170,BRIE COMTE ROBERT,77,Maison,147,5,693,2024
270000,77250,MORET-LOING-ET-ORVANNE,77,Maison,100,5,341,2024
115000,77250,MORET-LOING-ET-ORVANNE,77,Maison,87,5,132,2024
452000,77590,BOIS LE ROI,77,Maison,122,5,568,2024
452000,77590,BOIS LE ROI,77,Maison,122,5,150,2024
392500,77170,BRIE COMTE ROBERT,77,Maison,110,5,513,2024
618050,77300,FONTAINEBLEAU,77,Maison,126,4,84,2024
390000,77690,MONTIGNY-SUR-LOING,77,Maison,156,6,791,2024
390000,77690,MONTIGNY-SUR-LOING,77,Dépendance,0,0,144,2024
390000,77690,MONTIGNY-SUR-LOING,77,Maison,156,6,144,2024
390000,77690,MONTIGNY-SUR-LOING,77,Dépendance,0,0,791,2024
222000,77930,SAINT-SAUVEUR-SUR-ECOLE,77,Maison,70,2,77,2024
310000,77250,MORET-LOING-ET-ORVANNE,77,Dépendance,0,0,131,2024
310000,77250,MORET-LOING-ET-ORVANNE,77,Maison,79,5,131,2024
1339800,77300,FONTAINEBLEAU,77,Dépendance,0,0,133,2024
1339800,77300,FONTAINEBLEAU,77,Maison,180,5,1115,2024
1339800,77300,FONTAINEBLEAU,77,Dépendance,0,0,1115,2024
1339800,77300,FONTAINEBLEAU,77,Maison,180,5,133,2024
371000,77300,FONTAINEBLEAU,77,Maison,45,3,372,2024
120000,77460,SOUPPES-SUR-LOING,77,Dépendance,0,0,569,2024
120000,77460,SOUPPES-SUR-LOING,77,Maison,84,4,569,2024
405300,77000,MELUN,77,Maison,81,4,529,2024
405300,77000,MELUN,77,Dépendance,0,0,529,2024
2759,77166,EVRY-GREGY-SUR-YERRE,77,Local industriel. commercial ou assimilé,0,0,426,2024
250000,77176,SAVIGNY-LE-TEMPLE,77,Maison,117,6,377,2024
1,77176,SAVIGNY-LE-TEMPLE,77,Local industriel. commercial ou assimilé,50,0,716,2024
1,77176,SAVIGNY-LE-TEMPLE,77,Dépendance,0,0,716,2024
1,77176,SAVIGNY-LE-TEMPLE,77,Maison,83,4,716,2024
1,77176,SAVIGNY-LE-TEMPLE,77,Maison,85,5,753,2024
1,77176,SAVIGNY-LE-TEMPLE,77,Local industriel. commercial ou assimilé,473,0,753,2024
1,77176,SAVIGNY-LE-TEMPLE,77,Local industriel. commercial ou assimilé,537,0,753,2024
350000,77850,HERICY,77,Dépendance,0,0,830,2024
350000,77850,HERICY,77,Maison,80,4,830,2024
312000,77760,ACHERES-LA-FORET,77,Maison,124,4,275,2024
390000,77166,GRISY-SUISNES,77,Maison,108,5,622,2024
195000,77570,MADELEINE-SUR-LOING (LA),77,Dépendance,0,0,304,2024
195000,77570,MADELEINE-SUR-LOING (LA),77,Dépendance,0,0,756,2024
195000,77570,MADELEINE-SUR-LOING (LA),77,Maison,90,3,756,2024
195000,77570,MADELEINE-SUR-LOING (LA),77,Maison,90,3,304,2024
377510,77167,POLIGNY,77,Maison,224,6,500,2024
377510,77167,POLIGNY,77,Maison,224,6,1068,2024
225000,77140,SAINT-PIERRE-LES-NEMOURS,77,Maison,96,4,243,2024
225000,77140,SAINT-PIERRE-LES-NEMOURS,77,Maison,96,4,500,2024
290000,77390,GUIGNES,77,Maison,82,4,241,2024
363000,77390,CHAMPDEUIL,77,Maison,142,6,700,2024
363000,77390,CHAMPDEUIL,77,Maison,142,6,252,2024
172000,77390,YEBLES,77,Dépendance,0,0,260,2024
172000,77390,YEBLES,77,Maison,96,4,260,2024
271120,77130,MISY-SUR-YONNE,77,Maison,80,3,555,2024
271120,77130,MISY-SUR-YONNE,77,Dépendance,0,0,555,2024
248000,77140,SAINT-PIERRE-LES-NEMOURS,77,Maison,131,5,463,2024
176000,77570,BOUGLIGNY,77,Maison,90,4,440,2024
176000,77570,BOUGLIGNY,77,Dépendance,0,0,440,2024
580000,77340,PONTAULT COMBAULT,77,Local industriel. commercial ou assimilé,177,0,1309,2024
130000,77390,CHAMPDEUIL,77,Maison,85,3,534,2024
107500,77176,SAVIGNY-LE-TEMPLE,77,Maison,79,4,170,2024
303000,77176,SAVIGNY-LE-TEMPLE,77,Maison,110,3,219,2024
303000,77176,SAVIGNY-LE-TEMPLE,77,Dépendance,0,0,219,2024
260000,77390,OZOUER-LE-VOULGIS,77,Dépendance,0,0,121,2024
260000,77390,OZOUER-LE-VOULGIS,77,Maison,87,4,537,2024
260000,77390,OZOUER-LE-VOULGIS,77,Dépendance,0,0,537,2024
260000,77390,OZOUER-LE-VOULGIS,77,Maison,87,4,121,2024
305000,77820,CHATELET-EN-BRIE (LE),77,Maison,64,3,464,2024
348960,77127,LIEUSAINT,77,Maison,90,4,315,2024
260000,77240,CESSON,77,Maison,91,5,625,2024
333300,77190,DAMMARIE LES LYS,77,Maison,122,5,640,2024
333300,77190,DAMMARIE LES LYS,77,Dépendance,0,0,640,2024
240000,77170,COUBERT,77,Appartement,60,3,75,2024
240000,77170,COUBERT,77,Appartement,28,1,75,2024
240000,77170,COUBERT,77,Appartement,25,1,75,2024
240000,77170,COUBERT,77,Appartement,30,1,75,2024
240000,77170,COUBERT,77,Appartement,20,1,75,2024
240000,77190,DAMMARIE LES LYS,77,Maison,63,3,459,2024
240000,77190,DAMMARIE LES LYS,77,Maison,31,2,459,2024
240000,77190,DAMMARIE LES LYS,77,Dépendance,0,0,459,2024
250000,77190,DAMMARIE LES LYS,77,Maison,61,3,549,2024
232800,77720,MORMANT,77,Maison,89,4,252,2024
916975,77300,FONTAINEBLEAU,77,Maison,89,5,420,2024
916975,77300,FONTAINEBLEAU,77,Dépendance,0,0,420,2024
310000,77111,SOLERS,77,Maison,70,4,516,2024
268600,77820,CHATELET-EN-BRIE (LE),77,Dépendance,0,0,566,2024
268600,77820,CHATELET-EN-BRIE (LE),77,Maison,112,7,566,2024
329200,77000,VAUX-LE-PENIL,77,Maison,107,5,453,2024
220000,77590,CHARTRETTES,77,Maison,86,5,200,2024
220000,77590,CHARTRETTES,77,Dépendance,0,0,200,2024
130000,77000,MELUN,77,Maison,38,2,263,2024
334800,77190,DAMMARIE LES LYS,77,Dépendance,0,0,600,2024
334800,77190,DAMMARIE LES LYS,77,Maison,100,4,600,2024
135000,77670,SAINT-MAMMES,77,Maison,78,4,101,2024
160000,77166,GRISY-SUISNES,77,Maison,27,1,121,2024
160000,77166,GRISY-SUISNES,77,Local industriel. commercial ou assimilé,28,0,28,2024
464300,77150,LESIGNY,77,Maison,140,7,500,2024
464300,77150,LESIGNY,77,Maison,140,7,344,2024
171700,77550,LISSY,77,Maison,68,4,199,2024
171700,77550,LISSY,77,Maison,68,4,1000,2024
377990,77135,PONTCARRE,77,Maison,110,5,253,2024
417000,77150,LESIGNY,77,Maison,105,4,409,2024
200000,77350,LE MEE SUR SEINE,77,Maison,99,5,342,2024
210000,77240,VERT-SAINT-DENIS,77,Maison,30,1,669,2024
210000,77240,VERT-SAINT-DENIS,77,Maison,90,3,669,2024
332942,77390,COURTOMER,77,Maison,111,4,1500,2024
332942,77390,COURTOMER,77,Dépendance,0,0,1500,2024
332942,77390,COURTOMER,77,Dépendance,0,0,810,2024
332942,77390,COURTOMER,77,Maison,111,4,810,2024
332942,77390,COURTOMER,77,Dépendance,0,0,865,2024
332942,77390,COURTOMER,77,Maison,111,4,865,2024
282000,77390,GUIGNES,77,Maison,61,4,385,2024
282000,77390,GUIGNES,77,Maison,61,4,300,2024
237500,77250,MORET-LOING-ET-ORVANNE,77,Maison,67,4,834,2024
240000,77190,DAMMARIE LES LYS,77,Maison,82,5,1000,2024
75000,77130,MONTEREAU FAULT YONNE,77,Maison,39,2,53,2024
930450,77780,BOURRON-MARLOTTE,77,Maison,204,6,592,2024
930450,77780,BOURRON-MARLOTTE,77,Maison,204,6,1000,2024
163000,77140,DARVAULT,77,Maison,73,4,407,2024
108000,77140,NEMOURS,77,Maison,70,5,183,2024
250000,77140,MONCOURT FROMONVILLE,77,Dépendance,0,0,879,2024
250000,77140,MONCOURT FROMONVILLE,77,Maison,93,5,879,2024
375500,77330,OZOIR LA FERRIERE,77,Maison,113,4,218,2024
248000,77190,DAMMARIE LES LYS,77,Dépendance,0,0,540,2024
248000,77190,DAMMARIE LES LYS,77,Maison,119,5,540,2024
248000,77190,DAMMARIE LES LYS,77,Dépendance,0,0,500,2024
248000,77190,DAMMARIE LES LYS,77,Maison,119,5,500,2024
290000,77000,VAUX-LE-PENIL,77,Maison,97,4,383,2024
205000,77710,NANTEAU-SUR-LUNAIN,77,Dépendance,0,0,1758,2024
205000,77710,NANTEAU-SUR-LUNAIN,77,Maison,157,5,1758,2024
205000,77710,NANTEAU-SUR-LUNAIN,77,Maison,157,5,103,2024
205000,77710,NANTEAU-SUR-LUNAIN,77,Dépendance,0,0,103,2024
190000,77590,CHARTRETTES,77,Maison,55,4,168,2024
232000,77760,CHEVRAINVILLIERS,77,Maison,88,3,606,2024
232000,77760,CHEVRAINVILLIERS,77,Dépendance,0,0,606,2024
399000,77170,BRIE COMTE ROBERT,77,Maison,112,5,411,2024
156240,77820,CHATELET-EN-BRIE (LE),77,Maison,93,5,286,2024
370000,77240,CESSON,77,Maison,104,4,569,2024
830000,77220,TOURNAN-EN-BRIE,77,Maison,300,9,6000,2024
830000,77220,TOURNAN-EN-BRIE,77,Dépendance,0,0,6000,2024
830000,77220,TOURNAN-EN-BRIE,77,Dépendance,0,0,951,2024
830000,77220,TOURNAN-EN-BRIE,77,Maison,300,9,951,2024
305000,77550,MOISSY-CRAMAYEL,77,Maison,67,4,1100,2024
305000,77550,MOISSY-CRAMAYEL,77,Maison,67,4,340,2024
264000,77370,CLOS-FONTAINE,77,Maison,122,6,800,2024
264000,77370,CLOS-FONTAINE,77,Maison,122,6,526,2024
400000,77310,PRINGY,77,Maison,38,1,380,2024
400000,77310,PRINGY,77,Maison,75,4,380,2024
250000,77210,SAMOREAU,77,Maison,88,4,500,2024
250000,77210,SAMOREAU,77,Dépendance,0,0,981,2024
250000,77210,SAMOREAU,77,Maison,88,4,981,2024
250000,77210,SAMOREAU,77,Dépendance,0,0,500,2024
519000,77390,CHAUMES-EN-BRIE,77,Maison,120,3,500,2024
519000,77390,CHAUMES-EN-BRIE,77,Maison,120,3,1430,2024
839300,77330,OZOIR LA FERRIERE,77,Dépendance,0,0,843,2024
839300,77330,OZOIR LA FERRIERE,77,Maison,262,8,843,2024
150000,77760,BOISSY-AUX-CAILLES,77,Maison,45,2,456,2024
150000,77760,BOISSY-AUX-CAILLES,77,Dépendance,0,0,456,2024
379000,77780,BOURRON-MARLOTTE,77,Dépendance,0,0,442,2024
379000,77780,BOURRON-MARLOTTE,77,Maison,72,6,442,2024
379000,77780,BOURRON-MARLOTTE,77,Local industriel. commercial ou assimilé,142,0,442,2024
379000,77780,BOURRON-MARLOTTE,77,Appartement,42,2,442,2024
150000,77130,GRANDE-PAROISSE (LA),77,Maison,112,5,209,2024
150000,77130,GRANDE-PAROISSE (LA),77,Dépendance,0,0,209,2024
375000,77170,BRIE COMTE ROBERT,77,Maison,114,6,423,2024
375000,77170,BRIE COMTE ROBERT,77,Dépendance,0,0,423,2024
280000,77390,YEBLES,77,Maison,82,5,1078,2024
320000,77550,MOISSY-CRAMAYEL,77,Maison,69,4,697,2024
260000,77130,MONTEREAU FAULT YONNE,77,Local industriel. commercial ou assimilé,76,0,303,2024
260000,77130,MONTEREAU FAULT YONNE,77,Appartement,53,3,303,2024
233000,77127,LIEUSAINT,77,Appartement,70,3,61,2024
140000,77130,GRANDE-PAROISSE (LA),77,Maison,59,2,525,2024
222000,77720,CHAPELLE-GAUTHIER (LA),77,Maison,68,4,373,2024
65000,77130,VILLE-SAINT-JACQUES,77,Dépendance,0,0,90,2024
355000,77220,FAVIERES,77,Maison,40,2,409,2024
355000,77220,FAVIERES,77,Maison,130,5,409,2024
387250,77220,TOURNAN-EN-BRIE,77,Maison,115,6,99,2024
387250,77220,TOURNAN-EN-BRIE,77,Dépendance,0,0,99,2024
246000,77390,VERNEUIL-L ETANG,77,Dépendance,0,0,500,2024
246000,77390,VERNEUIL-L ETANG,77,Maison,92,3,284,2024
246000,77390,VERNEUIL-L ETANG,77,Dépendance,0,0,284,2024
246000,77390,VERNEUIL-L ETANG,77,Maison,92,3,500,2024
290000,77590,FONTAINE-LE-PORT,77,Dépendance,0,0,340,2024
290000,77590,FONTAINE-LE-PORT,77,Maison,110,4,340,2024
355000,77930,FLEURY-EN-BIERE,77,Maison,100,5,538,2024
355000,77930,FLEURY-EN-BIERE,77,Dépendance,0,0,538,2024
359000,77380,COMBS LA VILLE,77,Maison,124,6,762,2024
359000,77380,COMBS LA VILLE,77,Dépendance,0,0,762,2024
291900,77630,ARBONNE-LA-FORET,77,Maison,80,4,500,2024
291900,77630,ARBONNE-LA-FORET,77,Maison,80,4,660,2024
275000,77220,TOURNAN-EN-BRIE,77,Dépendance,0,0,318,2024
275000,77220,TOURNAN-EN-BRIE,77,Maison,190,8,318,2024
257000,77240,CESSON,77,Maison,78,4,201,2024
700000,77590,BOIS LE ROI,77,Dépendance,0,0,439,2024
700000,77590,BOIS LE ROI,77,Maison,152,5,439,2024
436000,77000,LIVRY-SUR-SEINE,77,Maison,161,8,1499,2024
436000,77000,LIVRY-SUR-SEINE,77,Dépendance,0,0,1499,2024
436000,77000,LIVRY-SUR-SEINE,77,Maison,161,8,575,2024
436000,77000,LIVRY-SUR-SEINE,77,Dépendance,0,0,575,2024
343300,77148,LAVAL-EN-BRIE,77,Maison,168,3,550,2024
343300,77148,LAVAL-EN-BRIE,77,Dépendance,0,0,550,2024
250000,77670,SAINT-MAMMES,77,Maison,73,3,570,2024
250000,77670,SAINT-MAMMES,77,Dépendance,0,0,570,2024
248000,77176,SAVIGNY-LE-TEMPLE,77,Maison,123,6,320,2024
299900,77550,MOISSY-CRAMAYEL,77,Maison,83,5,366,2024
220000,77000,ROCHETTE(LA),77,Maison,85,5,241,2024
220000,77000,ROCHETTE(LA),77,Dépendance,0,0,241,2024
238700,77380,COMBS LA VILLE,77,Maison,77,4,145,2024
320000,77380,COMBS LA VILLE,77,Maison,103,5,242,2024
354000,77720,BREAU,77,Maison,127,4,500,2024
354000,77720,BREAU,77,Maison,127,4,1578,2024
427650,77000,VAUX-LE-PENIL,77,Dépendance,0,0,498,2024
427650,77000,VAUX-LE-PENIL,77,Maison,110,4,498,2024
441500,77350,BOISSISE-LA-BERTRAND,77,Maison,147,7,500,2024
441500,77350,BOISSISE-LA-BERTRAND,77,Maison,147,7,893,2024
161920,77220,GRETZ-ARMAINVILLIERS,77,Maison,83,5,298,2024
161920,77220,GRETZ-ARMAINVILLIERS,77,Dépendance,0,0,298,2024
236350,77940,BROSSE-MONTCEAUX (LA),77,Maison,101,3,634,2024
295000,77250,MORET-LOING-ET-ORVANNE,77,Maison,90,4,96,2024
330000,77830,ECHOUBOULAINS,77,Maison,155,7,489,2024
355000,77380,COMBS LA VILLE,77,Maison,91,5,366,2024
212625,77710,CHEVRY-EN-SEREINE,77,Maison,133,8,200,2024
212625,77710,CHEVRY-EN-SEREINE,77,Maison,133,8,6580,2024
125000,77670,SAINT-MAMMES,77,Local industriel. commercial ou assimilé,58,0,52,2024
95000,77670,SAINT-MAMMES,77,Dépendance,0,0,411,2024
95000,77670,SAINT-MAMMES,77,Maison,60,5,4,2024
95000,77670,SAINT-MAMMES,77,Maison,60,5,411,2024
95000,77670,SAINT-MAMMES,77,Dépendance,0,0,4,2024
295000,77250,MORET-LOING-ET-ORVANNE,77,Maison,120,5,176,2024
295000,77250,MORET-LOING-ET-ORVANNE,77,Dépendance,0,0,176,2024
346750,77310,SAINT-FARGEAU-PONTHIERRY,77,Maison,134,6,702,2024
430000,77340,PONTAULT COMBAULT,77,Maison,140,6,317,2024
300000,77135,PONTCARRE,77,Maison,110,6,511,2024
391870,77680,ROISSY-EN-BRIE,77,Maison,110,6,582,2024
391870,77680,ROISSY-EN-BRIE,77,Dépendance,0,0,582,2024
410000,77170,SERVON,77,Maison,130,6,500,2024
410000,77170,SERVON,77,Maison,130,6,400,2024
180000,77930,CELY EN BIERE,77,Maison,110,5,212,2024
107477,77460,SOUPPES-SUR-LOING,77,Dépendance,0,0,74,2024
107477,77460,SOUPPES-SUR-LOING,77,Maison,53,3,74,2024
265000,77000,ROCHETTE(LA),77,Dépendance,0,0,783,2024
265000,77000,ROCHETTE(LA),77,Maison,100,5,500,2024
265000,77000,ROCHETTE(LA),77,Dépendance,0,0,500,2024
265000,77000,ROCHETTE(LA),77,Maison,100,5,783,2024
330000,77630,BARBIZON,77,Maison,40,1,2037,2024
330000,77630,BARBIZON,77,Dépendance,0,0,2037,2024
330000,77630,BARBIZON,77,Maison,40,1,125,2024
330000,77630,BARBIZON,77,Dépendance,0,0,125,2024
170000,77310,SAINT-FARGEAU-PONTHIERRY,77,Maison,70,4,157,2024
220000,77370,FONTENAILLES,77,Maison,98,5,546,2024
220000,77370,FONTENAILLES,77,Maison,98,5,359,2024
333000,77340,PONTAULT COMBAULT,77,Maison,58,3,500,2024
112200,77340,PONTAULT COMBAULT,77,Maison,79,4,435,2024
200000,77720,MORMANT,77,Maison,59,3,584,2024
368000,77380,COMBS LA VILLE,77,Maison,99,5,371,2024
280250,77760,AMPONVILLE,77,Maison,149,5,700,2024
205000,77250,MORET-LOING-ET-ORVANNE,77,Maison,78,4,83,2024
259900,77550,MOISSY-CRAMAYEL,77,Maison,86,5,256,2024
197000,77133,MACHAULT,77,Maison,39,2,78,2024
70000,77760,RECLOSES,77,Maison,65,2,236,2024
260000,77167,FAY-LES-NEMOURS,77,Maison,140,6,664,2024
333000,77310,SAINT-FARGEAU-PONTHIERRY,77,Maison,92,4,494,2024
300000,77390,YEBLES,77,Maison,181,6,87,2024
300000,77390,YEBLES,77,Local industriel. commercial ou assimilé,40,0,87,2024
730000,77820,CHATELET-EN-BRIE (LE),77,Local industriel. commercial ou assimilé,868,0,3397,2024
6000000,77210,AVON,77,Local industriel. commercial ou assimilé,3826,0,5902,2024
208630,77830,PAMFOU,77,Maison,80,4,142,2024
276800,77430,CHAMPAGNE SUR SEINE,77,Maison,111,4,200,2024
276800,77430,CHAMPAGNE SUR SEINE,77,Maison,111,4,292,2024
276800,77430,CHAMPAGNE SUR SEINE,77,Dépendance,0,0,292,2024
276800,77430,CHAMPAGNE SUR SEINE,77,Dépendance,0,0,200,2024
226500,77140,NEMOURS,77,Appartement,25,1,115,2024
226500,77140,NEMOURS,77,Appartement,51,3,115,2024
226500,77140,NEMOURS,77,Appartement,42,1,115,2024
226500,77140,NEMOURS,77,Appartement,32,1,115,2024
226500,77140,NEMOURS,77,Appartement,47,2,115,2024
275000,77380,COMBS LA VILLE,77,Maison,84,4,315,2024
1262488,77130,MAROLLES-SUR-SEINE,77,Local industriel. commercial ou assimilé,444,0,45668,2024
1262488,77130,MAROLLES-SUR-SEINE,77,Maison,118,6,45668,2024
1262488,77130,MAROLLES-SUR-SEINE,77,Local industriel. commercial ou assimilé,2126,0,45668,2024
1262488,77130,MAROLLES-SUR-SEINE,77,Local industriel. commercial ou assimilé,0,0,45668,2024
170000,77890,OBSONVILLE,77,Maison,120,4,627,2024
225000,77140,SAINT-PIERRE-LES-NEMOURS,77,Maison,100,5,460,2024
339000,77220,TOURNAN-EN-BRIE,77,Maison,106,5,375,2024
312000,77176,NANDY,77,Maison,116,6,480,2024
340000,77380,COMBS LA VILLE,77,Maison,82,5,432,2024
402400,77173,CHEVRY-COSSIGNY,77,Maison,149,7,406,2024
225000,77310,SAINT-FARGEAU-PONTHIERRY,77,Maison,90,3,125,2024
289000,77550,MOISSY-CRAMAYEL,77,Maison,99,5,221,2024
275000,77820,CHATELET-EN-BRIE (LE),77,Maison,81,5,578,2024
750000,77590,CHARTRETTES,77,Maison,135,5,802,2024
750000,77590,CHARTRETTES,77,Maison,135,5,501,2024
230000,77310,SAINT-FARGEAU-PONTHIERRY,77,Maison,82,3,161,2024
422982,77680,ROISSY-EN-BRIE,77,Maison,88,4,408,2024
200000,77176,SAVIGNY-LE-TEMPLE,77,Maison,80,4,107,2024
357000,77930,PERTHES,77,Maison,82,3,315,2024
357000,77930,PERTHES,77,Dépendance,0,0,315,2024
427700,77310,SAINT-FARGEAU-PONTHIERRY,77,Maison,157,5,543,2024
455000,77680,ROISSY-EN-BRIE,77,Maison,100,4,318,2024
205000,77190,DAMMARIE LES LYS,77,Dépendance,0,0,518,2024
205000,77190,DAMMARIE LES LYS,77,Maison,75,4,518,2024
369950,77390,OZOUER-LE-VOULGIS,77,Local industriel. commercial ou assimilé,18,0,629,2024
369950,77390,OZOUER-LE-VOULGIS,77,Dépendance,0,0,629,2024
369950,77390,OZOUER-LE-VOULGIS,77,Maison,135,4,629,2024
417450,77950,RUBELLES,77,Maison,143,5,200,2024
417450,77950,RUBELLES,77,Maison,143,5,500,2024
525000,77310,SAINT-FARGEAU-PONTHIERRY,77,Maison,152,5,603,2024
525000,77310,SAINT-FARGEAU-PONTHIERRY,77,Maison,152,5,529,2024
100000,77460,SOUPPES-SUR-LOING,77,Dépendance,0,0,252,2024
100000,77460,SOUPPES-SUR-LOING,77,Maison,74,3,252,2024
136538,77760,GUERCHEVILLE,77,Dépendance,0,0,167,2024
136538,77760,GUERCHEVILLE,77,Maison,93,5,324,2024
136538,77760,GUERCHEVILLE,77,Dépendance,0,0,324,2024
371500,77680,ROISSY-EN-BRIE,77,Maison,123,5,311,2024
148000,77140,SAINT-PIERRE-LES-NEMOURS,77,Dépendance,0,0,414,2024
148000,77140,SAINT-PIERRE-LES-NEMOURS,77,Maison,86,4,414,2024
323500,77680,ROISSY-EN-BRIE,77,Maison,94,5,657,2024
151500,77720,CHAMPEAUX,77,Maison,42,2,620,2024
325000,77680,ROISSY-EN-BRIE,77,Maison,73,5,532,2024
318000,77340,PONTAULT COMBAULT,77,Maison,50,4,317,2024
318000,77340,PONTAULT COMBAULT,77,Dépendance,0,0,317,2024
322000,77680,ROISSY-EN-BRIE,77,Dépendance,0,0,757,2024
322000,77680,ROISSY-EN-BRIE,77,Maison,111,6,757,2024
347000,77220,TOURNAN-EN-BRIE,77,Maison,75,4,508,2024
241800,77140,SAINT-PIERRE-LES-NEMOURS,77,Maison,95,4,673,2024
35000,77620,BRANSLES,77,Dépendance,0,0,633,2024
241000,77670,SAINT-MAMMES,77,Maison,74,3,513,2024
326790,77930,CHAILLY-EN-BIERE,77,Maison,116,5,243,2024
352400,77810,THOMERY,77,Maison,212,7,141,2024
217700,77130,DORMELLES,77,Maison,94,4,709,2024
190000,77390,CHAUMES-EN-BRIE,77,Dépendance,0,0,109,2024
190000,77390,CHAUMES-EN-BRIE,77,Maison,58,3,109,2024
220900,77310,SAINT-FARGEAU-PONTHIERRY,77,Maison,82,4,146,2024
335000,77210,SAMOREAU,77,Local industriel. commercial ou assimilé,26,0,650,2024
335000,77210,SAMOREAU,77,Dépendance,0,0,650,2024
335000,77210,SAMOREAU,77,Maison,94,5,650,2024
529170,77590,BOIS LE ROI,77,Dépendance,0,0,1150,2024
529170,77590,BOIS LE ROI,77,Maison,107,4,994,2024
529170,77590,BOIS LE ROI,77,Maison,107,4,1150,2024
529170,77590,BOIS LE ROI,77,Maison,107,4,409,2024
529170,77590,BOIS LE ROI,77,Dépendance,0,0,994,2024
529170,77590,BOIS LE ROI,77,Dépendance,0,0,409,2024
165000,77130,MAROLLES-SUR-SEINE,77,Maison,86,4,960,2024
326900,77390,GUIGNES,77,Maison,140,5,341,2024
326900,77390,GUIGNES,77,Maison,140,5,300,2024
321000,77930,SAINT-SAUVEUR-SUR-ECOLE,77,Dépendance,0,0,177,2024
321000,77930,SAINT-SAUVEUR-SUR-ECOLE,77,Maison,93,4,177,2024
321000,77930,SAINT-SAUVEUR-SUR-ECOLE,77,Dépendance,0,0,81,2024
388000,77166,EVRY-GREGY-SUR-YERRE,77,Maison,162,4,551,2024
388000,77166,EVRY-GREGY-SUR-YERRE,77,Maison,162,4,500,2024
212000,77690,MONTIGNY-SUR-LOING,77,Maison,96,2,197,2024
333000,77210,AVON,77,Maison,100,5,300,2024
302000,77380,COMBS LA VILLE,77,Maison,148,6,329,2024
490000,77330,OZOIR LA FERRIERE,77,Maison,139,7,581,2024
969000,77300,FONTAINEBLEAU,77,Maison,156,6,186,2024
375000,77220,GRETZ-ARMAINVILLIERS,77,Maison,103,5,675,2024
165000,77190,DAMMARIE LES LYS,77,Dépendance,0,0,405,2024
165000,77190,DAMMARIE LES LYS,77,Maison,89,6,405,2024
372950,77166,GRISY-SUISNES,77,Maison,114,4,721,2024
167000,77690,MONTIGNY-SUR-LOING,77,Maison,90,5,252,2024
207000,77390,OZOUER-LE-VOULGIS,77,Dépendance,0,0,68,2024
207000,77390,OZOUER-LE-VOULGIS,77,Maison,105,4,68,2024
280000,77720,SAINT-MERY,77,Maison,50,3,333,2024
407000,77140,MONCOURT FROMONVILLE,77,Maison,150,6,1330,2024
407000,77140,MONCOURT FROMONVILLE,77,Maison,150,6,579,2024
298800,77130,GRANDE-PAROISSE (LA),77,Maison,135,8,272,2024
298800,77130,GRANDE-PAROISSE (LA),77,Dépendance,0,0,272,2024
457000,77850,HERICY,77,Maison,124,4,730,2024
457000,77850,HERICY,77,Dépendance,0,0,730,2024
457000,77850,HERICY,77,Dépendance,0,0,500,2024
457000,77850,HERICY,77,Maison,124,4,500,2024
227000,77380,COMBS LA VILLE,77,Maison,64,4,297,2024
227000,77380,COMBS LA VILLE,77,Dépendance,0,0,297,2024
330000,77760,BURCY,77,Maison,142,5,479,2024
325000,77950,RUBELLES,77,Maison,101,5,293,2024
357900,77240,VERT-SAINT-DENIS,77,Maison,130,8,245,2024
469100,77330,OZOIR LA FERRIERE,77,Maison,160,7,602,2024
420000,77930,SAINT-SAUVEUR-SUR-ECOLE,77,Maison,153,6,242,2024
228550,77350,LE MEE SUR SEINE,77,Maison,95,5,121,2024
483400,77330,OZOIR LA FERRIERE,77,Maison,105,5,643,2024
220000,77130,CANNES-ECLUSE,77,Maison,101,4,760,2024
220000,77190,DAMMARIE LES LYS,77,Maison,62,3,448,2024
135000,77590,FONTAINE-LE-PORT,77,Maison,54,2,302,2024
135000,77590,FONTAINE-LE-PORT,77,Maison,54,2,782,2024
170000,77000,MELUN,77,Maison,60,3,327,2024
345250,77950,MONTEREAU-SUR-LE-JARD,77,Maison,140,7,514,2024
345250,77950,MONTEREAU-SUR-LE-JARD,77,Dépendance,0,0,514,2024
269000,77390,YEBLES,77,Maison,100,4,298,2024
205000,77430,CHAMPAGNE SUR SEINE,77,Maison,105,5,481,2024
175000,77111,SOIGNOLLES-EN-BRIE,77,Dépendance,0,0,24,2024
345000,77590,BOIS LE ROI,77,Maison,98,5,552,2024
298050,77590,FONTAINE-LE-PORT,77,Maison,80,3,89,2024
298050,77590,FONTAINE-LE-PORT,77,Maison,80,3,605,2024
206000,77830,PAMFOU,77,Dépendance,0,0,210,2024
206000,77830,PAMFOU,77,Maison,70,4,210,2024
110000,77133,FERICY,77,Dépendance,0,0,145,2024
110000,77133,FERICY,77,Maison,113,4,145,2024
235000,77190,DAMMARIE LES LYS,77,Maison,86,4,481,2024
1190000,77000,MELUN,77,Dépendance,0,0,597,2024
1190000,77000,MELUN,77,Local industriel. commercial ou assimilé,120,0,597,2024
1190000,77000,MELUN,77,Appartement,40,1,597,2024
1190000,77000,MELUN,77,Appartement,57,2,597,2024
1190000,77000,MELUN,77,Appartement,119,6,597,2024
1190000,77000,MELUN,77,Appartement,33,2,597,2024
1190000,77000,MELUN,77,Appartement,40,2,597,2024
1190000,77000,MELUN,77,Appartement,45,3,597,2024
1190000,77000,MELUN,77,Appartement,25,2,597,2024
1190000,77000,MELUN,77,Appartement,49,2,597,2024
1190000,77000,MELUN,77,Appartement,43,3,597,2024
1190000,77000,MELUN,77,Appartement,48,2,597,2024
1190000,77000,MELUN,77,Local industriel. commercial ou assimilé,75,0,597,2024
1190000,77000,MELUN,77,Local industriel. commercial ou assimilé,98,0,597,2024
1190000,77000,MELUN,77,Local industriel. commercial ou assimilé,53,0,597,2024
158400,77190,DAMMARIE LES LYS,77,Dépendance,0,0,539,2024
158400,77190,DAMMARIE LES LYS,77,Maison,59,5,539,2024
273000,77950,VOISENON,77,Maison,71,4,311,2024
219000,77190,DAMMARIE LES LYS,77,Dépendance,0,0,56,2024
219000,77190,DAMMARIE LES LYS,77,Maison,51,3,56,2024
219000,77190,DAMMARIE LES LYS,77,Dépendance,0,0,36,2024
219000,77190,DAMMARIE LES LYS,77,Maison,40,2,36,2024
25876,77760,LARCHANT,77,Maison,150,4,643,2024
438303,77680,ROISSY-EN-BRIE,77,Maison,113,5,399,2024
322000,77680,ROISSY-EN-BRIE,77,Dépendance,0,0,195,2024
322000,77680,ROISSY-EN-BRIE,77,Maison,80,4,195,2024
264400,77680,ROISSY-EN-BRIE,77,Maison,74,4,326,2024
264400,77680,ROISSY-EN-BRIE,77,Dépendance,0,0,326,2024
355000,77173,CHEVRY-COSSIGNY,77,Dépendance,0,0,673,2024
355000,77173,CHEVRY-COSSIGNY,77,Maison,128,6,673,2024
259000,77550,MOISSY-CRAMAYEL,77,Maison,83,5,252,2024
266000,77210,AVON,77,Maison,70,3,78,2024
420000,77150,LESIGNY,77,Maison,134,4,404,2024
420000,77150,LESIGNY,77,Maison,134,4,500,2024
3000,77130,MONTEREAU FAULT YONNE,77,Dépendance,0,0,23,2024
460150,77220,FAVIERES,77,Maison,154,4,500,2024
460150,77220,FAVIERES,77,Maison,154,4,174,2024
265000,77340,PONTAULT COMBAULT,77,Maison,72,4,414,2024
265000,77340,PONTAULT COMBAULT,77,Dépendance,0,0,414,2024
385500,77340,PONTAULT COMBAULT,77,Maison,147,6,400,2024
385500,77340,PONTAULT COMBAULT,77,Maison,40,2,400,2024
149000,77140,DARVAULT,77,Maison,39,1,135,2024
149000,77140,DARVAULT,77,Dépendance,0,0,135,2024
233000,77170,BRIE COMTE ROBERT,77,Maison,96,5,442,2024
380200,77173,CHEVRY-COSSIGNY,77,Maison,73,4,515,2024
139897,77170,BRIE COMTE ROBERT,77,Maison,88,5,586,2024
199000,77140,SAINT-PIERRE-LES-NEMOURS,77,Dépendance,0,0,801,2024
199000,77140,SAINT-PIERRE-LES-NEMOURS,77,Maison,104,3,801,2024
32000,77140,MONCOURT FROMONVILLE,77,Maison,52,3,2047,2024
469000,77111,SOIGNOLLES-EN-BRIE,77,Dépendance,0,0,699,2024
469000,77111,SOIGNOLLES-EN-BRIE,77,Maison,87,5,699,2024
469000,77111,SOIGNOLLES-EN-BRIE,77,Dépendance,0,0,582,2024
280000,77170,BRIE COMTE ROBERT,77,Maison,85,4,268,2024
413000,77380,COMBS LA VILLE,77,Maison,150,5,858,2024
413000,77380,COMBS LA VILLE,77,Maison,150,5,142,2024
375000,77610,CHATRES,77,Maison,115,5,455,2024
375000,77610,CHATRES,77,Maison,115,5,500,2024
330000,77940,NOISY-RUDIGNON,77,Maison,135,5,800,2024
270000,77130,GRANDE-PAROISSE (LA),77,Maison,115,6,514,2024
290500,77370,FONTENAILLES,77,Dépendance,0,0,41,2024
290500,77370,FONTENAILLES,77,Maison,150,6,41,2024
290500,77370,FONTENAILLES,77,Maison,130,5,78,2024
290500,77370,FONTENAILLES,77,Dépendance,0,0,78,2024
179000,77940,VOULX,77,Maison,63,4,584,2024
340000,77930,CELY EN BIERE,77,Maison,96,6,552,2024
385000,77680,ROISSY-EN-BRIE,77,Maison,77,5,592,2024
200000,77130,CANNES-ECLUSE,77,Dépendance,0,0,795,2024
200000,77130,CANNES-ECLUSE,77,Maison,56,3,795,2024
200000,77130,CANNES-ECLUSE,77,Dépendance,0,0,37,2024
223000,77130,MONTEREAU FAULT YONNE,77,Dépendance,0,0,450,2024
223000,77130,MONTEREAU FAULT YONNE,77,Maison,50,3,450,2024
150000,77370,FONTENAILLES,77,Dépendance,0,0,127,2024
150000,77370,FONTENAILLES,77,Maison,58,3,127,2024
210000,77710,NANTEAU-SUR-LUNAIN,77,Maison,72,3,45,2024
210000,77710,NANTEAU-SUR-LUNAIN,77,Maison,72,3,2764,2024
170000,77130,VARENNES-SUR-SEINE,77,Dépendance,0,0,387,2024
170000,77130,VARENNES-SUR-SEINE,77,Maison,77,4,387,2024
466000,77680,ROISSY-EN-BRIE,77,Maison,106,4,508,2024
253800,77670,VERNOU-LA-CELLE-SUR-SEINE,77,Dépendance,0,0,500,2024
253800,77670,VERNOU-LA-CELLE-SUR-SEINE,77,Maison,103,6,500,2024
173000,77135,PONTCARRE,77,Dépendance,0,0,337,2024
300000,77340,PONTAULT COMBAULT,77,Dépendance,0,0,480,2024
300000,77340,PONTAULT COMBAULT,77,Maison,86,6,480,2024
151000,77890,ARVILLE,77,Maison,100,4,375,2024
151000,77890,ARVILLE,77,Dépendance,0,0,375,2024
377650,77780,BOURRON-MARLOTTE,77,Maison,99,5,379,2024
100000,77940,VOULX,77,Maison,72,3,846,2024
100000,77940,VOULX,77,Maison,72,3,398,2024
195000,77130,SAINT-GERMAIN-LAVAL,77,Maison,73,4,715,2024
292000,77550,REAU,77,Maison,92,5,300,2024
267000,77670,VERNOU-LA-CELLE-SUR-SEINE,77,Maison,109,4,584,2024
251000,77140,NEMOURS,77,Dépendance,0,0,638,2024
251000,77140,NEMOURS,77,Maison,89,4,638,2024
227000,77176,SAVIGNY-LE-TEMPLE,77,Maison,80,4,136,2024
162000,77430,CHAMPAGNE SUR SEINE,77,Maison,64,4,411,2024
162000,77430,CHAMPAGNE SUR SEINE,77,Dépendance,0,0,411,2024
300000,77220,GRETZ-ARMAINVILLIERS,77,Maison,85,4,382,2024
96000,77350,LE MEE SUR SEINE,77,Dépendance,0,0,8617,2024
195000,77940,FLAGY,77,Maison,84,3,61,2024
195000,77940,FLAGY,77,Dépendance,0,0,61,2024
150000,77310,PRINGY,77,Maison,84,4,518,2024
389500,77810,THOMERY,77,Maison,85,5,659,2024
616500,77330,OZOIR LA FERRIERE,77,Maison,157,5,853,2024
616500,77330,OZOIR LA FERRIERE,77,Maison,157,5,500,2024
520000,77150,LESIGNY,77,Maison,123,4,500,2024
520000,77150,LESIGNY,77,Maison,123,4,841,2024
330000,77150,LESIGNY,77,Maison,108,5,465,2024
299900,77170,BRIE COMTE ROBERT,77,Maison,83,4,222,2024
500000,77690,MONTIGNY-SUR-LOING,77,Maison,98,4,118,2024
457750,77760,ACHERES-LA-FORET,77,Maison,103,5,300,2024
457750,77760,ACHERES-LA-FORET,77,Maison,103,5,2060,2024
262500,77240,VERT-SAINT-DENIS,77,Maison,93,5,266,2024
354000,77140,SAINT-PIERRE-LES-NEMOURS,77,Maison,90,5,500,2024
354000,77140,SAINT-PIERRE-LES-NEMOURS,77,Maison,90,5,530,2024
320000,77240,CESSON,77,Maison,102,5,289,2024
250000,77140,NEMOURS,77,Maison,73,4,523,2024
128960,77720,GRANDPUITS-BAILLY-CARROIS,77,Dépendance,0,0,330,2024
128960,77720,GRANDPUITS-BAILLY-CARROIS,77,Maison,55,2,330,2024
450000,77920,SAMOIS SUR SEINE,77,Maison,165,7,219,2024
625000,77950,MAINCY,77,Maison,145,5,1053,2024
625000,77950,MAINCY,77,Maison,145,5,500,2024
305000,77390,OZOUER-LE-VOULGIS,77,Maison,107,4,400,2024
298930,77950,MAINCY,77,Dépendance,0,0,20,2024
298930,77950,MAINCY,77,Maison,70,4,155,2024
298930,77950,MAINCY,77,Dépendance,0,0,155,2024
298930,77950,MAINCY,77,Dépendance,0,0,23,2024
57649,77130,MONTEREAU FAULT YONNE,77,Maison,25,2,191,2024
57649,77130,MONTEREAU FAULT YONNE,77,Maison,80,4,191,2024
57649,77130,MONTEREAU FAULT YONNE,77,Local industriel. commercial ou assimilé,55,0,191,2024
375000,77340,PONTAULT COMBAULT,77,Maison,61,3,402,2024
375000,77340,PONTAULT COMBAULT,77,Dépendance,0,0,402,2024
363400,77690,MONTIGNY-SUR-LOING,77,Maison,105,4,209,2024
351290,77690,MONTIGNY-SUR-LOING,77,Maison,97,5,656,2024
351290,77690,MONTIGNY-SUR-LOING,77,Maison,97,5,500,2024
210000,77390,CHAUMES-EN-BRIE,77,Maison,98,6,500,2024
297000,77310,PRINGY,77,Maison,74,3,665,2024
297000,77310,PRINGY,77,Dépendance,0,0,665,2024
250000,77000,MELUN,77,Maison,75,5,588,2024
250000,77000,MELUN,77,Dépendance,0,0,588,2024
265000,77220,GRETZ-ARMAINVILLIERS,77,Maison,68,3,245,2024
242000,77176,SAVIGNY-LE-TEMPLE,77,Maison,77,4,216,2024
575000,77190,DAMMARIE LES LYS,77,Dépendance,0,0,918,2024
575000,77190,DAMMARIE LES LYS,77,Maison,121,5,648,2024
575000,77190,DAMMARIE LES LYS,77,Dépendance,0,0,648,2024
575000,77190,DAMMARIE LES LYS,77,Maison,121,5,918,2024
255000,77720,MORMANT,77,Maison,89,5,260,2024
255000,77720,MORMANT,77,Maison,89,5,300,2024
225800,77820,CHATELET-EN-BRIE (LE),77,Maison,83,4,109,2024
365000,77340,PONTAULT COMBAULT,77,Maison,101,5,449,2024
270000,77166,EVRY-GREGY-SUR-YERRE,77,Maison,78,4,484,2024
270000,77166,EVRY-GREGY-SUR-YERRE,77,Dépendance,0,0,51,2024
270000,77166,EVRY-GREGY-SUR-YERRE,77,Maison,78,4,51,2024
270000,77166,EVRY-GREGY-SUR-YERRE,77,Dépendance,0,0,484,2024
367900,77590,BOIS LE ROI,77,Dépendance,0,0,385,2024
367900,77590,BOIS LE ROI,77,Maison,90,4,385,2024
585000,77920,SAMOIS SUR SEINE,77,Maison,93,5,71,2024
585000,77920,SAMOIS SUR SEINE,77,Maison,150,6,71,2024
180000,77130,GRANDE-PAROISSE (LA),77,Maison,107,5,295,2024
278000,77220,GRETZ-ARMAINVILLIERS,77,Maison,83,5,194,2024
160000,77250,MORET-LOING-ET-ORVANNE,77,Maison,50,2,50,2024
268000,77760,RECLOSES,77,Maison,55,3,783,2024
268000,77760,RECLOSES,77,Dépendance,0,0,783,2024
640850,77300,FONTAINEBLEAU,77,Maison,140,5,117,2024
250000,77340,PONTAULT COMBAULT,77,Maison,138,5,272,2024
138000,77140,NEMOURS,77,Maison,62,3,934,2024
379000,77340,PONTAULT COMBAULT,77,Dépendance,0,0,346,2024
379000,77340,PONTAULT COMBAULT,77,Maison,110,4,346,2024
730000,77920,SAMOIS SUR SEINE,77,Dépendance,0,0,958,2024
730000,77920,SAMOIS SUR SEINE,77,Maison,165,6,958,2024
597500,77310,SAINT-FARGEAU-PONTHIERRY,77,Dépendance,0,0,500,2024
597500,77310,SAINT-FARGEAU-PONTHIERRY,77,Maison,177,4,500,2024
597500,77310,SAINT-FARGEAU-PONTHIERRY,77,Dépendance,0,0,1263,2024
597500,77310,SAINT-FARGEAU-PONTHIERRY,77,Maison,177,4,1263,2024
100000,77630,BARBIZON,77,Maison,70,3,110,2024
100000,77630,BARBIZON,77,Appartement,22,1,110,2024
100000,77630,BARBIZON,77,Maison,86,4,110,2024
100000,77630,BARBIZON,77,Maison,34,2,110,2024
100000,77630,BARBIZON,77,Maison,78,4,110,2024
100000,77630,BARBIZON,77,Maison,60,3,110,2024
100000,77630,BARBIZON,77,Maison,24,1,110,2024
303000,77140,NEMOURS,77,Maison,126,5,509,2024
320000,77950,RUBELLES,77,Maison,104,4,425,2024
320000,77950,RUBELLES,77,Maison,104,4,500,2024
360000,77310,SAINT-FARGEAU-PONTHIERRY,77,Maison,71,3,857,2024
360000,77310,SAINT-FARGEAU-PONTHIERRY,77,Maison,71,3,104,2024
95000,77350,LE MEE SUR SEINE,77,Dépendance,0,0,8617,2024
215600,77250,MORET-LOING-ET-ORVANNE,77,Maison,81,5,683,2024
60000,77570,CHATEAU-LANDON,77,Dépendance,0,0,56,2024
60000,77570,CHATEAU-LANDON,77,Maison,77,4,56,2024
218000,77240,VERT-SAINT-DENIS,77,Maison,115,6,136,2024
160000,77390,OZOUER-LE-VOULGIS,77,Maison,112,5,630,2024
275000,77310,BOISSISE-LE-ROI,77,Maison,90,5,528,2024
215000,77460,SOUPPES-SUR-LOING,77,Dépendance,0,0,1152,2024
215000,77460,SOUPPES-SUR-LOING,77,Maison,113,5,1152,2024
233900,77240,VERT-SAINT-DENIS,77,Maison,69,4,49,2024
233900,77240,VERT-SAINT-DENIS,77,Dépendance,0,0,49,2024
387000,77167,POLIGNY,77,Maison,137,4,748,2024
455000,77220,TOURNAN-EN-BRIE,77,Maison,126,6,428,2024
245000,77000,LIVRY-SUR-SEINE,77,Maison,74,3,556,2024
245000,77000,LIVRY-SUR-SEINE,77,Dépendance,0,0,556,2024
347000,77310,SAINT-FARGEAU-PONTHIERRY,77,Dépendance,0,0,919,2024
347000,77310,SAINT-FARGEAU-PONTHIERRY,77,Maison,120,5,919,2024
158878,77460,SOUPPES-SUR-LOING,77,Maison,91,5,656,2024
158878,77460,SOUPPES-SUR-LOING,77,Dépendance,0,0,656,2024
210000,77820,CHATELET-EN-BRIE (LE),77,Dépendance,0,0,540,2024
210000,77820,CHATELET-EN-BRIE (LE),77,Maison,84,5,540,2024
1381100,77780,BOURRON-MARLOTTE,77,Maison,300,9,524,2024
1381100,77780,BOURRON-MARLOTTE,77,Dépendance,0,0,524,2024
298000,77310,SAINT-FARGEAU-PONTHIERRY,77,Dépendance,0,0,342,2024
298000,77310,SAINT-FARGEAU-PONTHIERRY,77,Maison,126,7,342,2024
430000,77380,COMBS LA VILLE,77,Local industriel. commercial ou assimilé,23,0,561,2024
430000,77380,COMBS LA VILLE,77,Dépendance,0,0,561,2024
430000,77380,COMBS LA VILLE,77,Local industriel. commercial ou assimilé,60,0,561,2024
430000,77380,COMBS LA VILLE,77,Appartement,55,2,561,2024
170000,77460,CHAINTREAUX,77,Maison,100,2,403,2024
243040,77250,MORET-LOING-ET-ORVANNE,77,Maison,100,4,520,2024
243040,77250,MORET-LOING-ET-ORVANNE,77,Maison,100,4,361,2024
495000,77170,BRIE COMTE ROBERT,77,Maison,152,5,500,2024
495000,77170,BRIE COMTE ROBERT,77,Dépendance,0,0,431,2024
495000,77170,BRIE COMTE ROBERT,77,Dépendance,0,0,500,2024
495000,77170,BRIE COMTE ROBERT,77,Maison,152,5,431,2024
630000,77220,FAVIERES,77,Maison,146,5,814,2024
365000,77220,TOURNAN-EN-BRIE,77,Maison,93,5,441,2024
260000,77390,COURTOMER,77,Local industriel. commercial ou assimilé,500,0,1075,2024
308000,77390,VERNEUIL-L ETANG,77,Appartement,42,2,700,2024
308000,77390,VERNEUIL-L ETANG,77,Appartement,47,2,700,2024
189000,77430,CHAMPAGNE SUR SEINE,77,Maison,64,4,394,2024
350000,77550,MOISSY-CRAMAYEL,77,Maison,87,4,647,2024
149800,77830,ECHOUBOULAINS,77,Maison,68,2,280,2024
205000,77390,OZOUER-LE-VOULGIS,77,Maison,72,3,138,2024
205000,77390,OZOUER-LE-VOULGIS,77,Dépendance,0,0,138,2024
185000,77430,CHAMPAGNE SUR SEINE,77,Dépendance,0,0,944,2024
215000,77430,CHAMPAGNE SUR SEINE,77,Dépendance,0,0,683,2024
248000,77148,SALINS,77,Maison,95,5,900,2024
178000,77130,FORGES,77,Maison,116,3,149,2024
178000,77130,FORGES,77,Dépendance,0,0,149,2024
284000,77550,MOISSY-CRAMAYEL,77,Maison,107,6,214,2024
165000,77130,SAINT-GERMAIN-LAVAL,77,Maison,75,4,570,2024
20416,77130,VARENNES-SUR-SEINE,77,Maison,66,3,417,2024
272000,77115,SIVRY-COURTRY,77,Dépendance,0,0,397,2024
272000,77115,SIVRY-COURTRY,77,Maison,119,6,397,2024
206000,77140,NEMOURS,77,Maison,81,4,424,2024
136400,77240,VERT-SAINT-DENIS,77,Maison,177,6,622,2024
57500,77130,VARENNES-SUR-SEINE,77,Maison,29,2,426,2024
57500,77130,VARENNES-SUR-SEINE,77,Dépendance,0,0,426,2024
395400,77950,RUBELLES,77,Maison,142,5,501,2024
395400,77950,RUBELLES,77,Maison,142,5,500,2024
412000,77340,PONTAULT COMBAULT,77,Dépendance,0,0,503,2024
412000,77340,PONTAULT COMBAULT,77,Maison,103,5,503,2024
303700,77340,PONTAULT COMBAULT,77,Maison,90,5,251,2024
950000,77820,ECRENNES (LES),77,Local industriel. commercial ou assimilé,538,0,1420,2024
950000,77820,ECRENNES (LES),77,Local industriel. commercial ou assimilé,538,0,1814,2024
950000,77820,ECRENNES (LES),77,Dépendance,0,0,1701,2024
950000,77820,ECRENNES (LES),77,Maison,280,10,1701,2024
208000,77140,MONCOURT FROMONVILLE,77,Maison,73,4,435,2024
377000,77680,ROISSY-EN-BRIE,77,Maison,92,4,404,2024
407000,77680,ROISSY-EN-BRIE,77,Maison,143,7,377,2024
407000,77680,ROISSY-EN-BRIE,77,Dépendance,0,0,377,2024
294000,77680,ROISSY-EN-BRIE,77,Dépendance,0,0,195,2024
294000,77680,ROISSY-EN-BRIE,77,Maison,81,4,195,2024
290000,77680,ROISSY-EN-BRIE,77,Maison,98,6,432,2024
133255,77680,ROISSY-EN-BRIE,77,Dépendance,0,0,411,2024
133255,77680,ROISSY-EN-BRIE,77,Maison,91,5,411,2024
398000,77173,CHEVRY-COSSIGNY,77,Maison,97,5,480,2024
247620,77550,MOISSY-CRAMAYEL,77,Maison,83,5,356,2024
1000390,77930,FLEURY-EN-BIERE,77,Dépendance,0,0,135,2024
1000390,77930,FLEURY-EN-BIERE,77,Dépendance,0,0,586,2024
1000390,77930,FLEURY-EN-BIERE,77,Maison,176,5,586,2024
337000,77000,ROCHETTE(LA),77,Maison,150,4,523,2024
265000,77000,VAUX-LE-PENIL,77,Maison,97,4,186,2024
225000,77590,BOIS LE ROI,77,Maison,51,2,46,2024
175000,77220,GRETZ-ARMAINVILLIERS,77,Maison,98,5,353,2024
329250,77173,CHEVRY-COSSIGNY,77,Maison,89,4,674,2024
266000,77950,MAINCY,77,Maison,86,4,154,2024
288000,77760,CHAPELLE-LA-REINE (LA),77,Maison,127,6,509,2024
270000,77350,LE MEE SUR SEINE,77,Maison,105,6,574,2024
365000,77250,MORET-LOING-ET-ORVANNE,77,Dépendance,0,0,200,2024
365000,77250,MORET-LOING-ET-ORVANNE,77,Dépendance,0,0,800,2024
365000,77250,MORET-LOING-ET-ORVANNE,77,Maison,141,5,800,2024
365000,77250,MORET-LOING-ET-ORVANNE,77,Maison,141,5,200,2024
535000,77930,PERTHES,77,Dépendance,0,0,523,2024
535000,77930,PERTHES,77,Maison,149,5,523,2024
45000,77940,VOULX,77,Dépendance,0,0,127,2024
45000,77940,VOULX,77,Maison,51,1,127,2024
246400,77220,GRETZ-ARMAINVILLIERS,77,Dépendance,0,0,358,2024
246400,77220,GRETZ-ARMAINVILLIERS,77,Maison,68,4,358,2024
217000,77720,MORMANT,77,Maison,92,4,324,2024
118800,77130,MONTEREAU FAULT YONNE,77,Maison,70,4,110,2024
295000,77240,VERT-SAINT-DENIS,77,Local industriel. commercial ou assimilé,0,0,64,2024
295000,77240,VERT-SAINT-DENIS,77,Maison,110,6,606,2024
483259,77000,MELUN,77,Maison,138,6,768,2024
325980,77000,MELUN,77,Dépendance,0,0,348,2024
325980,77000,MELUN,77,Maison,64,3,348,2024
248000,77820,CHATELET-EN-BRIE (LE),77,Maison,93,4,500,2024
518000,77150,LESIGNY,77,Maison,140,7,550,2024
518000,77150,LESIGNY,77,Maison,140,7,500,2024
1,77350,LE MEE SUR SEINE,77,Dépendance,0,0,18,2024
414500,77170,BRIE COMTE ROBERT,77,Maison,117,5,274,2024
110000,77130,MONTEREAU FAULT YONNE,77,Maison,60,3,678,2024
110000,77130,MONTEREAU FAULT YONNE,77,Dépendance,0,0,678,2024
110000,77130,MONTEREAU FAULT YONNE,77,Maison,60,3,210,2024
110000,77130,MONTEREAU FAULT YONNE,77,Dépendance,0,0,210,2024
374500,77310,SAINT-FARGEAU-PONTHIERRY,77,Maison,150,6,953,2024
100000,77130,MONTEREAU FAULT YONNE,77,Maison,70,5,135,2024
100000,77130,MONTEREAU FAULT YONNE,77,Dépendance,0,0,135,2024
262000,77570,AUFFERVILLE,77,Dépendance,0,0,664,2024
262000,77570,AUFFERVILLE,77,Maison,185,6,664,2024
160000,77140,NEMOURS,77,Maison,77,2,326,2024
320000,77590,FONTAINE-LE-PORT,77,Maison,110,9,534,2024
320000,77590,FONTAINE-LE-PORT,77,Maison,110,9,241,2024
246000,77380,COMBS LA VILLE,77,Maison,88,3,38,2024
246000,77380,COMBS LA VILLE,77,Dépendance,0,0,38,2024
170000,77760,LARCHANT,77,Dépendance,0,0,1403,2024
170000,77760,LARCHANT,77,Maison,43,2,1403,2024
170000,77760,LARCHANT,77,Dépendance,0,0,52,2024
170000,77760,LARCHANT,77,Maison,43,2,52,2024
270000,77000,VAUX-LE-PENIL,77,Maison,103,5,469,2024
250000,77210,SAMOREAU,77,Maison,80,4,500,2024
250000,77210,SAMOREAU,77,Maison,80,4,251,2024
1157500,77310,BOISSISE-LE-ROI,77,Maison,471,3,500,2024
1157500,77310,BOISSISE-LE-ROI,77,Maison,471,3,2721,2024
239000,77760,URY,77,Dépendance,0,0,536,2024
239000,77760,URY,77,Maison,151,4,110,2024
239000,77760,URY,77,Maison,151,4,536,2024
239000,77760,URY,77,Dépendance,0,0,110,2024
437600,77310,SAINT-FARGEAU-PONTHIERRY,77,Maison,170,6,108,2024
437600,77310,SAINT-FARGEAU-PONTHIERRY,77,Dépendance,0,0,692,2024
437600,77310,SAINT-FARGEAU-PONTHIERRY,77,Dépendance,0,0,108,2024
437600,77310,SAINT-FARGEAU-PONTHIERRY,77,Maison,170,6,692,2024
373000,77380,COMBS LA VILLE,77,Dépendance,0,0,598,2024
373000,77380,COMBS LA VILLE,77,Maison,84,4,598,2024
225238,77950,MOISENAY,77,Maison,66,4,548,2024
212300,77130,VILLE-SAINT-JACQUES,77,Maison,77,2,88,2024
212300,77130,VILLE-SAINT-JACQUES,77,Dépendance,0,0,88,2024
270000,77176,SAVIGNY-LE-TEMPLE,77,Maison,107,6,303,2024
175500,77720,MORMANT,77,Maison,92,4,271,2024
289000,77000,VAUX-LE-PENIL,77,Maison,104,4,248,2024
150000,77000,MELUN,77,Maison,97,3,508,2024
195000,77720,BREAU,77,Dépendance,0,0,324,2024
195000,77720,BREAU,77,Maison,143,6,324,2024
180000,77670,SAINT-MAMMES,77,Maison,78,3,418,2024
165000,77250,MORET-LOING-ET-ORVANNE,77,Dépendance,0,0,60,2024
165000,77250,MORET-LOING-ET-ORVANNE,77,Maison,66,4,60,2024
450000,77250,MORET-LOING-ET-ORVANNE,77,Dépendance,0,0,724,2024
450000,77250,MORET-LOING-ET-ORVANNE,77,Maison,167,5,724,2024
235000,77250,MORET-LOING-ET-ORVANNE,77,Maison,79,3,105,2024
235000,77250,MORET-LOING-ET-ORVANNE,77,Dépendance,0,0,49,2024
303000,77000,VAUX-LE-PENIL,77,Dépendance,0,0,516,2024
303000,77000,VAUX-LE-PENIL,77,Maison,112,6,516,2024
274050,77176,NANDY,77,Maison,74,4,230,2024
290000,77240,CESSON,77,Maison,92,5,275,2024
696800,77590,BOIS LE ROI,77,Maison,130,5,70,2024
850000,77870,VULAINES-SUR-SEINE,77,Local industriel. commercial ou assimilé,1050,0,2840,2024
400000,77111,SOIGNOLLES-EN-BRIE,77,Maison,153,4,795,2024
400000,77111,SOIGNOLLES-EN-BRIE,77,Maison,153,4,500,2024
210000,77310,SAINT-FARGEAU-PONTHIERRY,77,Maison,120,4,140,2024
210000,77310,SAINT-FARGEAU-PONTHIERRY,77,Maison,120,4,843,2024
368050,77380,COMBS LA VILLE,77,Maison,179,6,186,2024
368050,77380,COMBS LA VILLE,77,Maison,179,6,500,2024
346490,77170,BRIE COMTE ROBERT,77,Maison,100,6,500,2024
235000,77430,CHAMPAGNE SUR SEINE,77,Maison,74,4,440,2024
298600,77166,EVRY-GREGY-SUR-YERRE,77,Maison,80,3,323,2024
298600,77166,EVRY-GREGY-SUR-YERRE,77,Dépendance,0,0,323,2024
660600,77210,AVON,77,Maison,195,6,354,2024
260000,77550,MOISSY-CRAMAYEL,77,Dépendance,0,0,607,2024
260000,77550,MOISSY-CRAMAYEL,77,Maison,55,3,607,2024
450000,77140,SAINT-PIERRE-LES-NEMOURS,77,Local industriel. commercial ou assimilé,690,0,1249,2024
454000,77330,OZOIR LA FERRIERE,77,Maison,120,6,500,2024
454000,77330,OZOIR LA FERRIERE,77,Maison,120,6,101,2024
200000,77250,MORET-LOING-ET-ORVANNE,77,Dépendance,0,0,670,2024
200000,77250,MORET-LOING-ET-ORVANNE,77,Maison,60,3,670,2024
150000,77570,AUFFERVILLE,77,Maison,99,4,162,2024
158500,77130,VILLE-SAINT-JACQUES,77,Dépendance,0,0,195,2024
158500,77130,VILLE-SAINT-JACQUES,77,Maison,84,3,195,2024
198000,77570,CHATEAU-LANDON,77,Dépendance,0,0,288,2024
198000,77570,CHATEAU-LANDON,77,Maison,50,2,288,2024
310000,77000,VAUX-LE-PENIL,77,Maison,90,4,462,2024
310000,77000,VAUX-LE-PENIL,77,Maison,90,4,118,2024
300000,77310,SAINT-FARGEAU-PONTHIERRY,77,Maison,80,5,577,2024
400000,77760,ACHERES-LA-FORET,77,Dépendance,0,0,352,2024
400000,77760,ACHERES-LA-FORET,77,Maison,96,4,352,2024
256510,77940,THOURY FEROTTES,77,Maison,160,5,420,2024
244000,77310,SAINT-FARGEAU-PONTHIERRY,77,Maison,88,3,430,2024
405000,77170,SERVON,77,Maison,119,6,568,2024
426500,77390,COURTOMER,77,Dépendance,0,0,500,2024
426500,77390,COURTOMER,77,Maison,112,6,380,2024
426500,77390,COURTOMER,77,Maison,38,2,500,2024
426500,77390,COURTOMER,77,Maison,112,6,500,2024
426500,77390,COURTOMER,77,Maison,38,2,380,2024
426500,77390,COURTOMER,77,Dépendance,0,0,380,2024
550000,77300,FONTAINEBLEAU,77,Maison,125,3,252,2024
470000,77220,LIVERDY-EN-BRIE,77,Maison,139,7,405,2024
499900,77220,TOURNAN-EN-BRIE,77,Dépendance,0,0,389,2024
499900,77220,TOURNAN-EN-BRIE,77,Dépendance,0,0,500,2024
499900,77220,TOURNAN-EN-BRIE,77,Maison,189,8,500,2024
499900,77220,TOURNAN-EN-BRIE,77,Maison,189,8,389,2024
140000,77940,THOURY FEROTTES,77,Maison,54,2,304,2024
140000,77940,THOURY FEROTTES,77,Dépendance,0,0,304,2024
605050,77220,PRESLES-EN-BRIE,77,Dépendance,0,0,500,2024
605050,77220,PRESLES-EN-BRIE,77,Maison,178,7,500,2024
605050,77220,PRESLES-EN-BRIE,77,Maison,178,7,755,2024
605050,77220,PRESLES-EN-BRIE,77,Dépendance,0,0,755,2024
265000,77710,VAUX-SUR-LUNAIN,77,Maison,121,5,1412,2024
170000,77148,SALINS,77,Maison,62,3,77,2024
170000,77148,SALINS,77,Maison,62,3,667,2024
169900,77130,CANNES-ECLUSE,77,Maison,74,4,517,2024
165000,77130,VARENNES-SUR-SEINE,77,Dépendance,0,0,405,2024
165000,77130,VARENNES-SUR-SEINE,77,Maison,55,3,405,2024
120000,77300,FONTAINEBLEAU,77,Dépendance,0,0,201,2024
578815,77920,SAMOIS SUR SEINE,77,Maison,200,8,363,2024
600000,77920,SAMOIS SUR SEINE,77,Maison,210,6,525,2024
650000,77300,FONTAINEBLEAU,77,Dépendance,0,0,238,2024
650000,77300,FONTAINEBLEAU,77,Appartement,20,1,238,2024
650000,77300,FONTAINEBLEAU,77,Appartement,45,1,238,2024
650000,77300,FONTAINEBLEAU,77,Local industriel. commercial ou assimilé,27,0,238,2024
650000,77300,FONTAINEBLEAU,77,Appartement,60,3,238,2024
148000,77130,MONTEREAU FAULT YONNE,77,Maison,47,3,214,2024
159000,77940,VOULX,77,Maison,120,5,202,2024
159000,77940,VOULX,77,Dépendance,0,0,202,2024
188500,77710,LORREZ-LE-BOCAGE-PREAUX,77,Dépendance,0,0,601,2024
188500,77710,LORREZ-LE-BOCAGE-PREAUX,77,Maison,73,4,601,2024
188500,77710,LORREZ-LE-BOCAGE-PREAUX,77,Maison,73,4,100,2024
188500,77710,LORREZ-LE-BOCAGE-PREAUX,77,Dépendance,0,0,100,2024
245000,77130,FORGES,77,Maison,89,4,1000,2024
245000,77130,FORGES,77,Maison,89,4,485,2024
225000,77148,SALINS,77,Maison,137,6,539,2024
337000,77930,CHAILLY-EN-BIERE,77,Maison,135,5,500,2024
419000,77190,DAMMARIE LES LYS,77,Maison,136,4,851,2024
419000,77190,DAMMARIE LES LYS,77,Dépendance,0,0,851,2024
250100,77930,PERTHES,77,Maison,80,3,95,2024
345000,77930,CHAILLY-EN-BIERE,77,Maison,60,4,593,2024
345000,77930,CHAILLY-EN-BIERE,77,Dépendance,0,0,593,2024
440000,77350,LE MEE SUR SEINE,77,Maison,140,5,500,2024
440000,77350,LE MEE SUR SEINE,77,Maison,140,5,1884,2024
271000,77166,EVRY-GREGY-SUR-YERRE,77,Dépendance,0,0,815,2024
271000,77166,EVRY-GREGY-SUR-YERRE,77,Maison,86,4,815,2024
434000,77310,SAINT-FARGEAU-PONTHIERRY,77,Maison,156,7,673,2024
200000,77940,MONTMACHOUX,77,Maison,148,5,100,2024
200000,77940,MONTMACHOUX,77,Maison,148,5,516,2024
300000,77250,MORET-LOING-ET-ORVANNE,77,Local industriel. commercial ou assimilé,216,0,259,2024
261600,77176,SAVIGNY-LE-TEMPLE,77,Maison,82,4,240,2024
95264,77340,PONTAULT COMBAULT,77,Maison,55,4,427,2024
311100,77176,NANDY,77,Maison,121,6,256,2024
245000,77380,COMBS LA VILLE,77,Maison,102,5,120,2024
245000,77380,COMBS LA VILLE,77,Dépendance,0,0,120,2024
212000,77190,DAMMARIE LES LYS,77,Dépendance,0,0,380,2024
212000,77190,DAMMARIE LES LYS,77,Maison,60,3,380,2024
178000,77130,MONTEREAU FAULT YONNE,77,Dépendance,0,0,300,2024
178000,77130,MONTEREAU FAULT YONNE,77,Maison,60,3,300,2024
117000,77390,GUIGNES,77,Maison,84,5,467,2024
117000,77390,GUIGNES,77,Dépendance,0,0,467,2024
280000,77310,PRINGY,77,Maison,94,5,176,2024
185000,77670,VERNOU-LA-CELLE-SUR-SEINE,77,Maison,90,4,353,2024
185000,77670,VERNOU-LA-CELLE-SUR-SEINE,77,Dépendance,0,0,353,2024
300000,77690,MONTIGNY-SUR-LOING,77,Dépendance,0,0,53,2024
300000,77690,MONTIGNY-SUR-LOING,77,Maison,48,3,53,2024
300000,77690,MONTIGNY-SUR-LOING,77,Maison,48,3,942,2024
300000,77690,MONTIGNY-SUR-LOING,77,Dépendance,0,0,942,2024
260000,77780,BOURRON-MARLOTTE,77,Maison,71,3,200,2024
260000,77780,BOURRON-MARLOTTE,77,Maison,71,3,800,2024
367000,77690,MONTIGNY-SUR-LOING,77,Maison,102,5,510,2024
367000,77690,MONTIGNY-SUR-LOING,77,Dépendance,0,0,510,2024
330000,77340,PONTAULT COMBAULT,77,Maison,140,6,100,2024
330000,77340,PONTAULT COMBAULT,77,Maison,140,6,500,2024
610000,77150,LESIGNY,77,Maison,170,5,500,2024
610000,77150,LESIGNY,77,Maison,170,5,449,2024
283700,77680,ROISSY-EN-BRIE,77,Maison,97,5,140,2024
189000,77140,SAINT-PIERRE-LES-NEMOURS,77,Maison,75,4,429,2024
95000,77140,SAINT-PIERRE-LES-NEMOURS,77,Dépendance,0,0,419,2024
95000,77140,SAINT-PIERRE-LES-NEMOURS,77,Maison,82,4,419,2024
20000,77140,DARVAULT,77,Maison,28,2,301,2024
244000,77140,MONCOURT FROMONVILLE,77,Maison,78,4,482,2024
155000,77460,CHAINTREAUX,77,Maison,65,3,500,2024
155000,77460,CHAINTREAUX,77,Maison,65,3,1540,2024
208000,77000,VAUX-LE-PENIL,77,Maison,83,4,694,2024
331900,77240,VERT-SAINT-DENIS,77,Maison,109,5,398,2024
250000,77350,LE MEE SUR SEINE,77,Maison,112,7,364,2024
500000,77570,CHATEAU-LANDON,77,Maison,264,9,330,2024
500000,77570,CHATEAU-LANDON,77,Dépendance,0,0,330,2024
285000,77240,VERT-SAINT-DENIS,77,Maison,114,6,378,2024
335850,77135,PONTCARRE,77,Dépendance,0,0,292,2024
335850,77135,PONTCARRE,77,Maison,86,6,292,2024
335850,77135,PONTCARRE,77,Maison,86,6,1000,2024
335850,77135,PONTCARRE,77,Dépendance,0,0,1000,2024
292000,77380,COMBS LA VILLE,77,Maison,77,4,284,2024
264990,77000,LIVRY-SUR-SEINE,77,Maison,74,4,310,2024
435550,77760,AMPONVILLE,77,Dépendance,0,0,816,2024
435550,77760,AMPONVILLE,77,Maison,165,6,816,2024
165000,77720,CHAMPEAUX,77,Dépendance,0,0,480,2024
165000,77720,CHAMPEAUX,77,Maison,90,3,480,2024
233000,77390,CRISENOY,77,Maison,85,4,386,2024
233000,77390,CRISENOY,77,Dépendance,0,0,386,2024
480000,77220,TOURNAN-EN-BRIE,77,Maison,113,4,303,2024
480000,77220,TOURNAN-EN-BRIE,77,Maison,113,4,500,2024
340000,77170,BRIE COMTE ROBERT,77,Dépendance,0,0,453,2024
340000,77170,BRIE COMTE ROBERT,77,Maison,120,7,453,2024
216250,77680,ROISSY-EN-BRIE,77,Dépendance,0,0,176,2024
216250,77680,ROISSY-EN-BRIE,77,Maison,83,4,176,2024
472000,77220,TOURNAN-EN-BRIE,77,Maison,135,4,518,2024
472000,77220,TOURNAN-EN-BRIE,77,Dépendance,0,0,518,2024
330000,77220,GRETZ-ARMAINVILLIERS,77,Maison,130,7,450,2024
330000,77220,GRETZ-ARMAINVILLIERS,77,Dépendance,0,0,450,2024
263000,77176,SAVIGNY-LE-TEMPLE,77,Maison,93,5,492,2024
302500,77190,DAMMARIE LES LYS,77,Maison,140,6,445,2024
302500,77190,DAMMARIE LES LYS,77,Maison,140,6,160,2024
145000,77176,SAVIGNY-LE-TEMPLE,77,Dépendance,0,0,236,2024
145000,77176,SAVIGNY-LE-TEMPLE,77,Local industriel. commercial ou assimilé,202,0,236,2024
145000,77176,SAVIGNY-LE-TEMPLE,77,Maison,90,4,236,2024
260000,77870,VULAINES-SUR-SEINE,77,Local industriel. commercial ou assimilé,18,0,449,2024
260000,77870,VULAINES-SUR-SEINE,77,Maison,103,5,449,2024
363000,77940,FLAGY,77,Dépendance,0,0,68,2024
363000,77940,FLAGY,77,Maison,202,6,458,2024
363000,77940,FLAGY,77,Dépendance,0,0,458,2024
270000,77820,CHATELET-EN-BRIE (LE),77,Maison,91,6,680,2024
270000,77390,COURTOMER,77,Maison,117,5,538,2024
306500,77140,NEMOURS,77,Maison,82,6,283,2024
240150,77760,VILLIERS-SOUS-GREZ,77,Maison,70,4,556,2024
240150,77760,VILLIERS-SOUS-GREZ,77,Maison,70,4,70,2024
323150,77610,CHATRES,77,Maison,103,5,532,2024
328000,77380,COMBS LA VILLE,77,Maison,99,4,588,2024
332200,77240,CESSON,77,Maison,103,5,308,2024
176000,77940,FLAGY,77,Maison,70,3,498,2024
230800,77850,HERICY,77,Maison,78,4,250,2024
325000,77190,DAMMARIE LES LYS,77,Maison,80,4,691,2024
368000,77880,GREZ-SUR-LOING,77,Maison,124,4,205,2024
303650,77190,DAMMARIE LES LYS,77,Maison,120,4,255,2024
310000,77550,LIMOGES-FOURCHES,77,Dépendance,0,0,557,2024
310000,77550,LIMOGES-FOURCHES,77,Maison,128,6,557,2024
125000,77720,CHAPELLE-GAUTHIER (LA),77,Maison,100,12,478,2024
103000,77250,MORET-LOING-ET-ORVANNE,77,Maison,65,3,43,2024
165000,77460,SOUPPES-SUR-LOING,77,Maison,82,5,587,2024
248000,77111,SOIGNOLLES-EN-BRIE,77,Maison,88,4,239,2024
241000,77720,AUBEPIERRE-OZOUER-LE-REPOS,77,Maison,84,5,476,2024
241000,77720,AUBEPIERRE-OZOUER-LE-REPOS,77,Dépendance,0,0,476,2024
200000,77167,POLIGNY,77,Dépendance,0,0,20000,2024
200000,77167,POLIGNY,77,Dépendance,0,0,2256,2024
250000,77210,SAMOREAU,77,Maison,85,5,582,2024
117000,77620,EGREVILLE,77,Maison,93,4,507,2024
117000,77620,EGREVILLE,77,Maison,93,4,400,2024
499550,77590,BOIS LE ROI,77,Dépendance,0,0,560,2024
499550,77590,BOIS LE ROI,77,Maison,131,5,560,2024
340000,77176,SAVIGNY-LE-TEMPLE,77,Maison,112,6,304,2024
367800,77760,BOULANCOURT,77,Maison,105,2,230,2024
367800,77760,BOULANCOURT,77,Dépendance,0,0,230,2024
345000,77190,DAMMARIE LES LYS,77,Maison,119,5,791,2024
263000,77390,BEAUVOIR,77,Dépendance,0,0,795,2024
263000,77390,BEAUVOIR,77,Maison,105,4,795,2024
506950,77210,AVON,77,Maison,140,6,451,2024
506950,77210,AVON,77,Dépendance,0,0,451,2024
235400,77430,CHAMPAGNE SUR SEINE,77,Maison,76,2,562,2024
235400,77430,CHAMPAGNE SUR SEINE,77,Dépendance,0,0,562,2024
369120,77870,VULAINES-SUR-SEINE,77,Maison,125,6,693,2024
140000,77760,BURCY,77,Dépendance,0,0,2477,2024
140000,77760,BURCY,77,Maison,68,3,2477,2024
193000,77940,MONTMACHOUX,77,Maison,90,5,482,2024
75000,77130,VARENNES-SUR-SEINE,77,Maison,57,3,791,2024
75000,77130,VARENNES-SUR-SEINE,77,Maison,57,3,200,2024
311417,77166,EVRY-GREGY-SUR-YERRE,77,Maison,100,5,570,2024
200000,77130,MONTEREAU FAULT YONNE,77,Maison,72,3,249,2024
200000,77130,MONTEREAU FAULT YONNE,77,Maison,105,4,249,2024
315000,77170,BRIE COMTE ROBERT,77,Maison,90,5,256,2024
236000,77130,GRANDE-PAROISSE (LA),77,Maison,89,4,666,2024
348000,77380,COMBS LA VILLE,77,Dépendance,0,0,431,2024
348000,77380,COMBS LA VILLE,77,Maison,118,4,431,2024
228000,77680,ROISSY-EN-BRIE,77,Maison,74,4,450,2024
95000,77570,CHATEAU-LANDON,77,Dépendance,0,0,97,2024
95000,77570,CHATEAU-LANDON,77,Appartement,44,2,97,2024
165000,77890,ICHY,77,Dépendance,0,0,741,2024
165000,77890,ICHY,77,Maison,91,4,741,2024
137000,77000,MELUN,77,Maison,67,3,51,2024
144000,77390,CRISENOY,77,Maison,30,1,93,2024
248500,77940,DIANT,77,Maison,100,4,58,2024
248500,77940,DIANT,77,Maison,100,4,3302,2024
325000,77330,OZOIR LA FERRIERE,77,Maison,64,4,312,2024
399500,77390,OZOUER-LE-VOULGIS,77,Maison,110,4,200,2024
260000,77170,COUBERT,77,Maison,92,5,500,2024
45000,77940,BLENNES,77,Maison,25,1,585,2024
4165000,77930,CELY EN BIERE,77,Maison,226,9,2287,2024
4165000,77930,CELY EN BIERE,77,Dépendance,0,0,2287,2024
4165000,77930,CELY EN BIERE,77,Dépendance,0,0,694,2024
4165000,77930,CELY EN BIERE,77,Maison,226,9,694,2024
4165000,77930,CELY EN BIERE,77,Maison,132,4,130,2024
4165000,77930,CELY EN BIERE,77,Dépendance,0,0,130,2024
4165000,77930,CELY EN BIERE,77,Maison,269,9,288,2024
4165000,77930,CELY EN BIERE,77,Maison,252,6,288,2024
330600,77000,ROCHETTE(LA),77,Maison,67,3,335,2024
35000,77130,MISY-SUR-YONNE,77,Dépendance,0,0,9,2024
130000,77250,MORET-LOING-ET-ORVANNE,77,Maison,35,2,45,2024
295000,77000,VAUX-LE-PENIL,77,Maison,85,3,718,2024
295000,77000,VAUX-LE-PENIL,77,Maison,85,3,395,2024
2775000,77680,ROISSY-EN-BRIE,77,Local industriel. commercial ou assimilé,0,0,84715,2024
403550,77930,SAINT-GERMAIN-SUR-ECOLE,77,Maison,134,5,400,2024
403550,77930,SAINT-GERMAIN-SUR-ECOLE,77,Dépendance,0,0,400,2024
303000,77590,BOIS LE ROI,77,Maison,75,3,6,2024
360000,77590,BOIS LE ROI,77,Maison,110,6,727,2024
360000,77590,BOIS LE ROI,77,Maison,110,6,200,2024
203000,77250,MORET-LOING-ET-ORVANNE,77,Maison,122,8,299,2024
203000,77250,MORET-LOING-ET-ORVANNE,77,Maison,122,8,1093,2024
265000,77310,SAINT-FARGEAU-PONTHIERRY,77,Dépendance,0,0,500,2024
265000,77310,SAINT-FARGEAU-PONTHIERRY,77,Maison,74,5,500,2024
50000,77250,MORET-LOING-ET-ORVANNE,77,Dépendance,0,0,68,2024
100000,77940,THOURY FEROTTES,77,Maison,50,2,213,2024
330000,77130,GRANDE-PAROISSE (LA),77,Maison,148,4,646,2024
366842,77430,CHAMPAGNE SUR SEINE,77,Maison,109,4,503,2024
366842,77430,CHAMPAGNE SUR SEINE,77,Maison,16,1,503,2024
366842,77430,CHAMPAGNE SUR SEINE,77,Dépendance,0,0,503,2024
366842,77430,CHAMPAGNE SUR SEINE,77,Maison,16,1,150,2024
366842,77430,CHAMPAGNE SUR SEINE,77,Maison,109,4,150,2024
366842,77430,CHAMPAGNE SUR SEINE,77,Dépendance,0,0,150,2024
300000,77000,LIVRY-SUR-SEINE,77,Maison,125,7,249,2024
133000,77570,CHATEAU-LANDON,77,Maison,80,5,358,2024
70700,77250,MORET-LOING-ET-ORVANNE,77,Maison,45,3,33,2024
265000,77240,VERT-SAINT-DENIS,77,Maison,79,4,486,2024
265000,77240,VERT-SAINT-DENIS,77,Dépendance,0,0,486,2024
350000,77950,MONTEREAU-SUR-LE-JARD,77,Maison,122,6,500,2024
350000,77950,MONTEREAU-SUR-LE-JARD,77,Maison,122,6,429,2024
285000,77550,MOISSY-CRAMAYEL,77,Maison,89,5,225,2024
330000,77127,LIEUSAINT,77,Dépendance,0,0,339,2024
330000,77127,LIEUSAINT,77,Maison,84,4,339,2024
167000,77570,CHATEAU-LANDON,77,Dépendance,0,0,475,2024
167000,77570,CHATEAU-LANDON,77,Maison,61,4,475,2024
500000,77240,SEINE-PORT,77,Maison,184,5,706,2024
500000,77240,SEINE-PORT,77,Maison,184,5,500,2024
156500,77140,NEMOURS,77,Maison,95,5,142,2024
128000,77140,DARVAULT,77,Dépendance,0,0,1200,2024
128000,77140,DARVAULT,77,Maison,100,4,127,2024
128000,77140,DARVAULT,77,Dépendance,0,0,127,2024
128000,77140,DARVAULT,77,Maison,100,4,1200,2024
195000,77140,NEMOURS,77,Maison,97,5,322,2024
250000,77340,PONTAULT COMBAULT,77,Dépendance,0,0,500,2024
250000,77340,PONTAULT COMBAULT,77,Maison,76,5,500,2024
250000,77340,PONTAULT COMBAULT,77,Dépendance,0,0,190,2024
250000,77340,PONTAULT COMBAULT,77,Maison,76,5,190,2024
234000,77340,PONTAULT COMBAULT,77,Dépendance,0,0,346,2024
234000,77340,PONTAULT COMBAULT,77,Maison,67,5,346,2024
280000,77760,CHAPELLE-LA-REINE (LA),77,Maison,109,6,720,2024
430000,77170,BRIE COMTE ROBERT,77,Dépendance,0,0,683,2024
430000,77170,BRIE COMTE ROBERT,77,Maison,96,6,683,2024
1120000,77920,SAMOIS SUR SEINE,77,Dépendance,0,0,1105,2024
1120000,77920,SAMOIS SUR SEINE,77,Maison,144,6,1105,2024
174000,77140,NEMOURS,77,Dépendance,0,0,602,2024
174000,77140,NEMOURS,77,Maison,86,4,602,2024
287000,77380,COMBS LA VILLE,77,Maison,88,5,371,2024
140000,77250,MORET-LOING-ET-ORVANNE,77,Maison,48,2,240,2024
140000,77250,MORET-LOING-ET-ORVANNE,77,Dépendance,0,0,240,2024
604750,77130,MISY-SUR-YONNE,77,Dépendance,0,0,588,2024
604750,77130,MISY-SUR-YONNE,77,Maison,70,3,588,2024
200000,77350,LE MEE SUR SEINE,77,Maison,90,5,161,2024
90000,77720,AUBEPIERRE-OZOUER-LE-REPOS,77,Maison,90,3,715,2024
370000,77710,VILLEBEON,77,Maison,156,6,400,2024
370000,77710,VILLEBEON,77,Maison,156,6,8107,2024
370000,77710,VILLEBEON,77,Dépendance,0,0,8107,2024
370000,77710,VILLEBEON,77,Dépendance,0,0,400,2024
315000,77390,VERNEUIL-L ETANG,77,Maison,109,4,617,2024
888000,77590,BOIS LE ROI,77,Maison,199,5,785,2024
888000,77590,BOIS LE ROI,77,Dépendance,0,0,785,2024
92800,77123,NOISY-SUR-ECOLE,77,Maison,72,4,680,2024
500000,77330,OZOIR LA FERRIERE,77,Maison,125,4,500,2024
500000,77330,OZOIR LA FERRIERE,77,Maison,125,4,529,2024
385000,77220,TOURNAN-EN-BRIE,77,Maison,125,7,484,2024
385000,77220,TOURNAN-EN-BRIE,77,Dépendance,0,0,484,2024
365000,77390,FOUJU,77,Maison,77,3,900,2024
245000,77390,CHAUMES-EN-BRIE,77,Maison,100,4,318,2024
275000,77135,PONTCARRE,77,Maison,104,5,63,2024
460000,77380,COMBS LA VILLE,77,Maison,130,5,661,2024
460000,77380,COMBS LA VILLE,77,Dépendance,0,0,661,2024
215000,77380,COMBS LA VILLE,77,Maison,75,4,138,2024
649540,77300,FONTAINEBLEAU,77,Maison,105,5,182,2024
649540,77300,FONTAINEBLEAU,77,Dépendance,0,0,182,2024
190000,77760,BOULANCOURT,77,Maison,35,1,268,2024
190000,77760,BOULANCOURT,77,Maison,98,5,268,2024
190000,77760,BOULANCOURT,77,Dépendance,0,0,268,2024
190000,77760,BOULANCOURT,77,Dépendance,0,0,338,2024
198000,77430,CHAMPAGNE SUR SEINE,77,Maison,77,3,68,2024
2400000,77127,LIEUSAINT,77,Maison,420,8,147,2024
338000,77190,VILLIERS-EN-BIERE,77,Maison,111,3,500,2024
355000,77220,TOURNAN-EN-BRIE,77,Maison,155,7,684,2024
7000,77310,BOISSISE-LE-ROI,77,Dépendance,0,0,17,2024
161250,77250,MORET-LOING-ET-ORVANNE,77,Maison,73,3,67,2024
310000,77123,TOUSSON,77,Maison,97,5,501,2024
278000,77720,BOMBON,77,Maison,81,4,580,2024
830000,77550,LIMOGES-FOURCHES,77,Maison,219,9,301,2024
330000,77220,TOURNAN-EN-BRIE,77,Maison,105,6,377,2024
330000,77220,TOURNAN-EN-BRIE,77,Local industriel. commercial ou assimilé,0,0,27,2024
135000,77000,VAUX-LE-PENIL,77,Maison,86,4,540,2024
324900,77330,OZOIR LA FERRIERE,77,Maison,90,5,215,2024
152000,77176,NANDY,77,Maison,76,4,213,2024
173600,77176,NANDY,77,Maison,96,5,200,2024
315900,77590,CHARTRETTES,77,Maison,79,4,243,2024
500000,77590,CHARTRETTES,77,Dépendance,0,0,575,2024
500000,77590,CHARTRETTES,77,Maison,135,7,575,2024
850000,77930,FLEURY-EN-BIERE,77,Maison,128,7,11860,2024
850000,77930,FLEURY-EN-BIERE,77,Maison,128,7,920,2024
205000,77710,TREUZY-LEVELAY,77,Dépendance,0,0,1670,2024
205000,77710,TREUZY-LEVELAY,77,Maison,95,4,1670,2024
280000,77710,LORREZ-LE-BOCAGE-PREAUX,77,Maison,150,4,473,2024
178800,77176,NANDY,77,Maison,92,5,174,2024
144859,77220,GRETZ-ARMAINVILLIERS,77,Dépendance,0,0,300,2024
144859,77220,GRETZ-ARMAINVILLIERS,77,Dépendance,0,0,5076,2024
175000,77130,CANNES-ECLUSE,77,Dépendance,0,0,571,2024
175000,77130,CANNES-ECLUSE,77,Maison,74,4,571,2024
173600,77176,NANDY,77,Maison,89,5,400,2024
696940,77930,CHAILLY-EN-BIERE,77,Maison,135,5,746,2024
696940,77930,CHAILLY-EN-BIERE,77,Dépendance,0,0,746,2024
1050000,77127,LIEUSAINT,77,Appartement,58,3,514,2024
1050000,77127,LIEUSAINT,77,Appartement,40,2,500,2024
1050000,77127,LIEUSAINT,77,Appartement,84,3,514,2024
1050000,77127,LIEUSAINT,77,Appartement,58,3,500,2024
1050000,77127,LIEUSAINT,77,Appartement,36,2,500,2024
1050000,77127,LIEUSAINT,77,Appartement,36,2,514,2024
1050000,77127,LIEUSAINT,77,Appartement,34,2,500,2024
1050000,77127,LIEUSAINT,77,Appartement,42,2,500,2024
1050000,77127,LIEUSAINT,77,Appartement,34,2,514,2024
1050000,77127,LIEUSAINT,77,Appartement,42,2,514,2024
1050000,77127,LIEUSAINT,77,Appartement,84,3,500,2024
1050000,77127,LIEUSAINT,77,Appartement,40,2,514,2024
297500,77390,CHAUMES-EN-BRIE,77,Dépendance,0,0,134,2024
297500,77390,CHAUMES-EN-BRIE,77,Maison,170,3,134,2024
290000,77220,GRETZ-ARMAINVILLIERS,77,Local industriel. commercial ou assimilé,56,0,142,2024
327500,77310,SAINT-FARGEAU-PONTHIERRY,77,Maison,123,4,569,2024
327500,77310,SAINT-FARGEAU-PONTHIERRY,77,Maison,123,4,200,2024
260000,77250,MORET-LOING-ET-ORVANNE,77,Maison,110,6,564,2024
269000,77720,CHAPELLE-GAUTHIER (LA),77,Maison,102,5,666,2024
485000,77150,LESIGNY,77,Maison,123,4,462,2024
485000,77150,LESIGNY,77,Maison,123,4,500,2024
503500,77330,OZOIR LA FERRIERE,77,Maison,174,8,666,2024
281000,77176,SAVIGNY-LE-TEMPLE,77,Maison,110,5,326,2024
294000,77380,COMBS LA VILLE,77,Maison,59,3,432,2024
294000,77176,NANDY,77,Maison,75,5,270,2024
205000,77000,MELUN,77,Maison,61,3,38,2024
280000,77870,VULAINES-SUR-SEINE,77,Maison,98,5,461,2024
280000,77870,VULAINES-SUR-SEINE,77,Dépendance,0,0,461,2024
170000,77130,GRANDE-PAROISSE (LA),77,Maison,82,5,579,2024
313000,77190,DAMMARIE LES LYS,77,Maison,90,5,496,2024
195000,77140,NEMOURS,77,Maison,75,3,276,2024
394445,77340,PONTAULT COMBAULT,77,Maison,167,5,248,2024
394445,77340,PONTAULT COMBAULT,77,Maison,167,5,500,2024
375000,77000,MELUN,77,Maison,94,4,534,2024
375000,77000,MELUN,77,Dépendance,0,0,534,2024
375000,77000,MELUN,77,Local industriel. commercial ou assimilé,65,0,534,2024
367390,77000,VAUX-LE-PENIL,77,Maison,100,4,500,2024
367390,77000,VAUX-LE-PENIL,77,Maison,100,4,324,2024
274000,77140,NEMOURS,77,Maison,140,7,352,2024
274000,77140,NEMOURS,77,Dépendance,0,0,352,2024
333000,77550,MOISSY-CRAMAYEL,77,Maison,93,4,465,2024
440000,77810,THOMERY,77,Dépendance,0,0,364,2024
440000,77810,THOMERY,77,Maison,101,5,364,2024
440000,77810,THOMERY,77,Dépendance,0,0,120,2024
285000,77680,ROISSY-EN-BRIE,77,Maison,73,5,236,2024
320000,77190,DAMMARIE LES LYS,77,Maison,105,5,500,2024
320000,77190,DAMMARIE LES LYS,77,Maison,105,5,526,2024
375000,77220,GRETZ-ARMAINVILLIERS,77,Maison,110,4,418,2024
250000,77250,MORET-LOING-ET-ORVANNE,77,Maison,93,3,207,2024
230000,77240,CESSON,77,Maison,71,3,311,2024
136000,77390,GUIGNES,77,Maison,79,4,162,2024
195000,77130,BARBEY,77,Maison,107,6,2462,2024
195000,77130,BARBEY,77,Maison,107,6,38,2024
518900,77590,BOIS LE ROI,77,Dépendance,0,0,86,2024
518900,77590,BOIS LE ROI,77,Maison,100,5,86,2024
321000,77250,MORET-LOING-ET-ORVANNE,77,Maison,101,6,594,2024
192000,77250,MORET-LOING-ET-ORVANNE,77,Maison,74,3,58,2024
205500,77250,MORET-LOING-ET-ORVANNE,77,Maison,79,4,313,2024
603918,77173,CHEVRY-COSSIGNY,77,Dépendance,0,0,1191,2024
603918,77173,CHEVRY-COSSIGNY,77,Maison,253,8,1191,2024
475040,77150,LESIGNY,77,Maison,137,6,500,2024
475040,77150,LESIGNY,77,Maison,137,6,335,2024
505000,77720,CHAMPEAUX,77,Local industriel. commercial ou assimilé,569,0,2728,2024
505000,77720,CHAMPEAUX,77,Dépendance,0,0,2728,2024
505000,77720,CHAMPEAUX,77,Maison,139,6,2728,2024
505000,77720,CHAMPEAUX,77,Maison,118,5,2728,2024
505000,77720,CHAMPEAUX,77,Maison,122,6,2728,2024
267500,77176,NANDY,77,Maison,90,4,398,2024
251000,77176,SAVIGNY-LE-TEMPLE,77,Maison,90,5,266,2024
240000,77590,CHARTRETTES,77,Maison,69,3,496,2024
362000,77550,LIMOGES-FOURCHES,77,Maison,150,4,500,2024
247000,77340,PONTAULT COMBAULT,77,Maison,107,6,345,2024
320000,77300,FONTAINEBLEAU,77,Maison,65,5,62,2024
436550,77310,SAINT-FARGEAU-PONTHIERRY,77,Maison,93,2,942,2024
426000,77150,LESIGNY,77,Maison,140,7,500,2024
426000,77150,LESIGNY,77,Maison,140,7,432,2024
213100,77310,BOISSISE-LE-ROI,77,Maison,109,6,335,2024
300000,77170,BRIE COMTE ROBERT,77,Maison,93,4,241,2024
159000,77760,BUTHIERS,77,Maison,65,4,314,2024
348000,77140,NEMOURS,77,Maison,260,5,98,2024
348000,77140,NEMOURS,77,Dépendance,0,0,98,2024
242000,77176,SAVIGNY-LE-TEMPLE,77,Maison,86,4,222,2024
320000,77176,SAVIGNY-LE-TEMPLE,77,Maison,103,7,570,2024
320000,77176,SAVIGNY-LE-TEMPLE,77,Maison,103,7,500,2024
230000,77250,MORET-LOING-ET-ORVANNE,77,Maison,118,6,539,2024
250000,77720,MORMANT,77,Maison,81,4,229,2024
277000,77176,NANDY,77,Maison,93,5,370,2024
2500000,77220,TOURNAN-EN-BRIE,77,Dépendance,0,0,872,2024
2500000,77220,TOURNAN-EN-BRIE,77,Maison,117,5,4331,2024
2500000,77220,TOURNAN-EN-BRIE,77,Local industriel. commercial ou assimilé,1095,0,4331,2024
2500000,77220,TOURNAN-EN-BRIE,77,Local industriel. commercial ou assimilé,0,0,4331,2024
2500000,77220,TOURNAN-EN-BRIE,77,Maison,89,4,4331,2024
2500000,77220,TOURNAN-EN-BRIE,77,Dépendance,0,0,4331,2024
2500000,77220,TOURNAN-EN-BRIE,77,Maison,117,5,872,2024
2500000,77220,TOURNAN-EN-BRIE,77,Local industriel. commercial ou assimilé,1095,0,872,2024
2500000,77220,TOURNAN-EN-BRIE,77,Local industriel. commercial ou assimilé,0,0,872,2024
2500000,77220,TOURNAN-EN-BRIE,77,Maison,89,4,872,2024
421000,77680,ROISSY-EN-BRIE,77,Maison,110,5,601,2024
310000,77310,SAINT-FARGEAU-PONTHIERRY,77,Maison,101,5,373,2024
315000,77590,CHARTRETTES,77,Maison,82,4,748,2024
410000,77680,ROISSY-EN-BRIE,77,Maison,128,6,425,2024
120000,77220,TOURNAN-EN-BRIE,77,Maison,98,5,405,2024
120000,77220,TOURNAN-EN-BRIE,77,Local industriel. commercial ou assimilé,0,0,27,2024
300000,77000,VAUX-LE-PENIL,77,Maison,123,3,490,2024
367000,77310,BOISSISE-LE-ROI,77,Maison,139,5,800,2024
290000,77940,VOULX,77,Dépendance,0,0,155,2024
290000,77940,VOULX,77,Maison,116,5,155,2024
634000,77340,PONTAULT COMBAULT,77,Maison,135,4,500,2024
634000,77340,PONTAULT COMBAULT,77,Dépendance,0,0,500,2024
634000,77340,PONTAULT COMBAULT,77,Maison,135,4,602,2024
634000,77340,PONTAULT COMBAULT,77,Dépendance,0,0,602,2024
437000,77330,OZOIR LA FERRIERE,77,Maison,139,7,638,2024
370000,77330,OZOIR LA FERRIERE,77,Maison,78,4,604,2024
210000,77130,MONTEREAU FAULT YONNE,77,Appartement,56,3,140,2024
210000,77130,MONTEREAU FAULT YONNE,77,Appartement,44,2,140,2024
210000,77130,MONTEREAU FAULT YONNE,77,Appartement,49,2,140,2024
210000,77130,MONTEREAU FAULT YONNE,77,Dépendance,0,0,140,2024
322000,77150,LESIGNY,77,Maison,105,4,435,2024
199000,77930,CELY EN BIERE,77,Maison,55,3,500,2024
199000,77930,CELY EN BIERE,77,Maison,55,3,463,2024
255000,77550,MOISSY-CRAMAYEL,77,Maison,83,5,252,2024
220000,77570,CHATEAU-LANDON,77,Maison,148,4,1535,2024
220000,77570,CHATEAU-LANDON,77,Dépendance,0,0,1535,2024
303250,77310,BOISSISE-LE-ROI,77,Maison,122,5,754,2024
165000,77710,VILLEBEON,77,Dépendance,0,0,34,2024
165000,77710,VILLEBEON,77,Maison,98,5,980,2024
165000,77710,VILLEBEON,77,Maison,98,5,34,2024
165000,77710,VILLEBEON,77,Dépendance,0,0,980,2024
300000,77220,GRETZ-ARMAINVILLIERS,77,Maison,56,4,380,2024
500000,77310,SAINT-FARGEAU-PONTHIERRY,77,Dépendance,0,0,1183,2024
500000,77310,SAINT-FARGEAU-PONTHIERRY,77,Maison,157,5,251,2024
500000,77310,SAINT-FARGEAU-PONTHIERRY,77,Dépendance,0,0,251,2024
500000,77310,SAINT-FARGEAU-PONTHIERRY,77,Maison,157,5,1183,2024
125000,77930,PERTHES,77,Appartement,40,1,400,2024
125000,77930,PERTHES,77,Dépendance,0,0,400,2024
125000,77930,PERTHES,77,Appartement,32,1,400,2024
230000,77460,SOUPPES-SUR-LOING,77,Maison,137,6,233,2024
230000,77460,SOUPPES-SUR-LOING,77,Maison,137,6,800,2024
150000,77460,SOUPPES-SUR-LOING,77,Maison,80,4,408,2024
150000,77460,SOUPPES-SUR-LOING,77,Dépendance,0,0,408,2024
25000,77940,VOULX,77,Maison,52,1,500,2024
25000,77940,VOULX,77,Maison,52,1,995,2024
250000,77250,VILLECERF,77,Maison,98,5,830,2024
370500,77590,FONTAINE-LE-PORT,77,Maison,73,5,214,2024
370500,77590,FONTAINE-LE-PORT,77,Dépendance,0,0,214,2024
244134,77176,SAVIGNY-LE-TEMPLE,77,Maison,82,4,174,2024
169000,77720,MORMANT,77,Maison,129,6,407,2024
169000,77720,MORMANT,77,Dépendance,0,0,407,2024
97000,77460,SOUPPES-SUR-LOING,77,Maison,92,4,510,2024
97000,77460,SOUPPES-SUR-LOING,77,Dépendance,0,0,510,2024
200000,77000,ROCHETTE(LA),77,Dépendance,0,0,175,2024
200000,77000,ROCHETTE(LA),77,Maison,107,4,175,2024
149038,77000,MELUN,77,Maison,70,4,102,2024
149038,77000,MELUN,77,Maison,70,4,197,2024
149038,77000,MELUN,77,Dépendance,0,0,15,2024
273000,77550,MOISSY-CRAMAYEL,77,Maison,112,4,250,2024
218000,77350,BOISSISE-LA-BERTRAND,77,Maison,50,3,136,2024
1058400,77176,SAVIGNY-LE-TEMPLE,77,Local industriel. commercial ou assimilé,579,0,1285,2024
667200,77123,NOISY-SUR-ECOLE,77,Dépendance,0,0,323,2024
667200,77123,NOISY-SUR-ECOLE,77,Maison,209,7,323,2024
300000,77135,PONTCARRE,77,Maison,122,5,654,2024
300000,77135,PONTCARRE,77,Maison,122,5,136,2024
200000,77170,BRIE COMTE ROBERT,77,Maison,161,7,630,2024
345000,77350,LE MEE SUR SEINE,77,Maison,175,7,732,2024
134000,77890,BEAUMONT-DU-GATINAIS,77,Dépendance,0,0,83,2024
134000,77890,BEAUMONT-DU-GATINAIS,77,Maison,72,3,83,2024
134000,77890,BEAUMONT-DU-GATINAIS,77,Dépendance,0,0,761,2024
134000,77890,BEAUMONT-DU-GATINAIS,77,Maison,72,3,761,2024
258000,77240,CESSON,77,Maison,64,3,333,2024
290000,77710,LORREZ-LE-BOCAGE-PREAUX,77,Appartement,57,2,455,2024
290000,77710,LORREZ-LE-BOCAGE-PREAUX,77,Dépendance,0,0,455,2024
290000,77710,LORREZ-LE-BOCAGE-PREAUX,77,Appartement,65,3,455,2024
232900,77720,QUIERS,77,Maison,91,4,144,2024
232900,77720,QUIERS,77,Maison,91,4,915,2024
270000,77140,NEMOURS,77,Dépendance,0,0,287,2024
270000,77140,NEMOURS,77,Maison,97,5,287,2024
270000,77140,NEMOURS,77,Dépendance,0,0,14,2024
160000,77000,VAUX-LE-PENIL,77,Maison,76,3,62,2024
190000,77176,SAVIGNY-LE-TEMPLE,77,Maison,81,4,114,2024
345500,77330,OZOIR LA FERRIERE,77,Maison,103,4,370,2024
255050,77310,SAINT-FARGEAU-PONTHIERRY,77,Maison,103,5,109,2024
205000,77670,VERNOU-LA-CELLE-SUR-SEINE,77,Maison,75,3,713,2024
284000,77250,MORET-LOING-ET-ORVANNE,77,Dépendance,0,0,477,2024
284000,77250,MORET-LOING-ET-ORVANNE,77,Dépendance,0,0,500,2024
284000,77250,MORET-LOING-ET-ORVANNE,77,Maison,121,5,500,2024
284000,77250,MORET-LOING-ET-ORVANNE,77,Maison,121,5,477,2024
340000,77380,COMBS LA VILLE,77,Maison,108,6,302,2024
258700,77111,SOLERS,77,Maison,73,4,539,2024
195000,77460,SOUPPES-SUR-LOING,77,Maison,90,5,300,2024
258000,77240,VERT-SAINT-DENIS,77,Maison,89,4,162,2024
327000,77310,PRINGY,77,Maison,116,6,633,2024
260000,77330,OZOIR LA FERRIERE,77,Maison,62,4,482,2024
350000,77820,CHATELET-EN-BRIE (LE),77,Maison,170,8,500,2024
350000,77820,CHATELET-EN-BRIE (LE),77,Dépendance,0,0,500,2024
350000,77820,CHATELET-EN-BRIE (LE),77,Dépendance,0,0,959,2024
350000,77820,CHATELET-EN-BRIE (LE),77,Maison,170,8,959,2024
550000,77130,MONTEREAU FAULT YONNE,77,Appartement,40,2,197,2024
550000,77130,MONTEREAU FAULT YONNE,77,Appartement,28,2,197,2024
550000,77130,MONTEREAU FAULT YONNE,77,Appartement,40,3,197,2024
550000,77130,MONTEREAU FAULT YONNE,77,Local industriel. commercial ou assimilé,20,0,197,2024
550000,77130,MONTEREAU FAULT YONNE,77,Local industriel. commercial ou assimilé,63,0,197,2024
550000,77130,MONTEREAU FAULT YONNE,77,Appartement,30,2,197,2024
550000,77130,MONTEREAU FAULT YONNE,77,Appartement,19,1,197,2024
550000,77130,MONTEREAU FAULT YONNE,77,Appartement,17,1,197,2024
550000,77130,MONTEREAU FAULT YONNE,77,Appartement,30,1,197,2024
680000,77590,BOIS LE ROI,77,Maison,19,1,371,2024
680000,77590,BOIS LE ROI,77,Dépendance,0,0,371,2024
680000,77590,BOIS LE ROI,77,Maison,144,5,371,2024
3576626,77176,SAVIGNY-LE-TEMPLE,77,Appartement,49,2,10778,2024
3576626,77176,SAVIGNY-LE-TEMPLE,77,Dépendance,0,0,10778,2024
3576626,77176,SAVIGNY-LE-TEMPLE,77,Appartement,74,3,10778,2024
3576626,77176,SAVIGNY-LE-TEMPLE,77,Appartement,72,2,10778,2024
3576626,77176,SAVIGNY-LE-TEMPLE,77,Appartement,77,4,10778,2024
3576626,77176,SAVIGNY-LE-TEMPLE,77,Appartement,78,4,10778,2024
3576626,77176,SAVIGNY-LE-TEMPLE,77,Appartement,79,4,10778,2024
3576626,77176,SAVIGNY-LE-TEMPLE,77,Appartement,80,4,10778,2024
3576626,77176,SAVIGNY-LE-TEMPLE,77,Appartement,66,3,10778,2024
3576626,77176,SAVIGNY-LE-TEMPLE,77,Appartement,76,3,10778,2024
3576626,77176,SAVIGNY-LE-TEMPLE,77,Appartement,66,2,10778,2024
3576626,77176,SAVIGNY-LE-TEMPLE,77,Appartement,83,3,10778,2024
3576626,77176,SAVIGNY-LE-TEMPLE,77,Appartement,107,5,10778,2024
3576626,77176,SAVIGNY-LE-TEMPLE,77,Appartement,103,5,10778,2024
3576626,77176,SAVIGNY-LE-TEMPLE,77,Appartement,85,4,10778,2024
3576626,77176,SAVIGNY-LE-TEMPLE,77,Appartement,71,3,10778,2024
3576626,77176,SAVIGNY-LE-TEMPLE,77,Appartement,67,3,10778,2024
3576626,77176,SAVIGNY-LE-TEMPLE,77,Appartement,48,2,10778,2024
3576626,77176,SAVIGNY-LE-TEMPLE,77,Appartement,40,1,10778,2024
3576626,77176,SAVIGNY-LE-TEMPLE,77,Appartement,41,1,10778,2024
3576626,77176,SAVIGNY-LE-TEMPLE,77,Appartement,44,1,10778,2024
3576626,77176,SAVIGNY-LE-TEMPLE,77,Appartement,108,5,10778,2024
3576626,77176,SAVIGNY-LE-TEMPLE,77,Appartement,79,3,10778,2024
3576626,77176,SAVIGNY-LE-TEMPLE,77,Appartement,73,3,10778,2024
3576626,77176,SAVIGNY-LE-TEMPLE,77,Appartement,77,3,10778,2024
3576626,77176,SAVIGNY-LE-TEMPLE,77,Appartement,75,3,10778,2024
3576626,77176,SAVIGNY-LE-TEMPLE,77,Local industriel. commercial ou assimilé,82,0,10778,2024
3576626,77176,SAVIGNY-LE-TEMPLE,77,Appartement,80,3,10778,2024
3576626,77176,SAVIGNY-LE-TEMPLE,77,Appartement,67,2,10778,2024
3576626,77176,SAVIGNY-LE-TEMPLE,77,Appartement,83,4,10778,2024
3576626,77176,SAVIGNY-LE-TEMPLE,77,Appartement,86,4,10778,2024
3576626,77176,SAVIGNY-LE-TEMPLE,77,Appartement,81,4,10778,2024
3576626,77176,SAVIGNY-LE-TEMPLE,77,Appartement,71,2,10778,2024
3576626,77176,SAVIGNY-LE-TEMPLE,77,Appartement,63,2,10778,2024
3576626,77176,SAVIGNY-LE-TEMPLE,77,Local industriel. commercial ou assimilé,90,0,10778,2024
3576626,77176,SAVIGNY-LE-TEMPLE,77,Local industriel. commercial ou assimilé,124,0,10778,2024
3576626,77176,SAVIGNY-LE-TEMPLE,77,Appartement,78,3,10778,2024
3576626,77176,SAVIGNY-LE-TEMPLE,77,Local industriel. commercial ou assimilé,103,0,10778,2024
3576626,77176,SAVIGNY-LE-TEMPLE,77,Local industriel. commercial ou assimilé,120,0,10778,2024
3576626,77176,SAVIGNY-LE-TEMPLE,77,Local industriel. commercial ou assimilé,41,0,10778,2024
3576626,77176,SAVIGNY-LE-TEMPLE,77,Local industriel. commercial ou assimilé,91,0,10778,2024
3576626,77176,SAVIGNY-LE-TEMPLE,77,Appartement,70,3,10778,2024
3576626,77176,SAVIGNY-LE-TEMPLE,77,Appartement,82,3,10778,2024
284000,77170,BRIE COMTE ROBERT,77,Maison,106,5,292,2024
425000,77166,EVRY-GREGY-SUR-YERRE,77,Maison,127,4,538,2024
425000,77166,EVRY-GREGY-SUR-YERRE,77,Dépendance,0,0,500,2024
425000,77166,EVRY-GREGY-SUR-YERRE,77,Maison,127,4,500,2024
425000,77166,EVRY-GREGY-SUR-YERRE,77,Dépendance,0,0,538,2024
405000,77340,PONTAULT COMBAULT,77,Maison,162,6,695,2024
395000,77340,PONTAULT COMBAULT,77,Maison,93,4,510,2024
245000,77310,SAINT-FARGEAU-PONTHIERRY,77,Maison,76,4,524,2024
322400,77170,BRIE COMTE ROBERT,77,Maison,61,2,400,2024
289000,77380,COMBS LA VILLE,77,Maison,77,4,136,2024
308250,77176,NANDY,77,Maison,99,4,450,2024
308250,77176,NANDY,77,Dépendance,0,0,450,2024
272000,77330,OZOIR LA FERRIERE,77,Maison,82,4,375,2024
370000,77590,CHARTRETTES,77,Maison,105,5,622,2024
399300,77210,SAMOREAU,77,Maison,114,4,500,2024
399300,77210,SAMOREAU,77,Maison,114,4,128,2024
250000,77950,RUBELLES,77,Maison,144,6,500,2024
250000,77950,RUBELLES,77,Maison,144,6,337,2024
318250,77140,NEMOURS,77,Maison,112,3,378,2024
240000,77190,DAMMARIE LES LYS,77,Maison,58,3,518,2024
414400,77170,BRIE COMTE ROBERT,77,Maison,93,5,459,2024
325000,77170,BRIE COMTE ROBERT,77,Maison,125,7,318,2024
250000,77760,BUTHIERS,77,Local industriel. commercial ou assimilé,1602,0,2943,2024
250000,77760,BUTHIERS,77,Dépendance,0,0,2943,2024
250000,77760,BUTHIERS,77,Local industriel. commercial ou assimilé,0,0,2943,2024
250000,77760,BUTHIERS,77,Local industriel. commercial ou assimilé,450,0,2943,2024
358000,77170,BRIE COMTE ROBERT,77,Maison,126,5,380,2024
433000,77170,SERVON,77,Dépendance,0,0,736,2024
433000,77170,SERVON,77,Maison,122,5,736,2024
433000,77170,SERVON,77,Maison,26,1,79,2024
249500,77240,VERT-SAINT-DENIS,77,Dépendance,0,0,788,2024
249500,77240,VERT-SAINT-DENIS,77,Maison,50,4,788,2024
293500,77173,CHEVRY-COSSIGNY,77,Maison,108,5,1000,2024
310000,77166,GRISY-SUISNES,77,Dépendance,0,0,535,2024
310000,77166,GRISY-SUISNES,77,Maison,49,3,535,2024
307000,77170,BRIE COMTE ROBERT,77,Maison,100,5,184,2024
247000,77000,MELUN,77,Maison,49,2,484,2024
247000,77000,MELUN,77,Local industriel. commercial ou assimilé,23,0,484,2024
265000,77240,VERT-SAINT-DENIS,77,Maison,82,4,263,2024
182000,77000,MELUN,77,Maison,80,5,137,2024
106000,77140,DARVAULT,77,Maison,40,2,257,2024
106000,77140,DARVAULT,77,Maison,30,2,257,2024
147000,77710,LORREZ-LE-BOCAGE-PREAUX,77,Dépendance,0,0,529,2024
147000,77710,LORREZ-LE-BOCAGE-PREAUX,77,Maison,60,3,529,2024
142000,77350,LE MEE SUR SEINE,77,Dépendance,0,0,8617,2024
60000,77890,GIRONVILLE,77,Dépendance,0,0,113,2024
60000,77890,GIRONVILLE,77,Maison,88,3,218,2024
150000,77940,MONTMACHOUX,77,Maison,90,3,690,2024
150000,77940,MONTMACHOUX,77,Dépendance,0,0,690,2024
370000,77550,LIMOGES-FOURCHES,77,Maison,113,5,500,2024
370000,77550,LIMOGES-FOURCHES,77,Maison,113,5,300,2024
450000,77310,SAINT-FARGEAU-PONTHIERRY,77,Dépendance,0,0,200,2024
450000,77310,SAINT-FARGEAU-PONTHIERRY,77,Maison,108,4,819,2024
450000,77310,SAINT-FARGEAU-PONTHIERRY,77,Local industriel. commercial ou assimilé,76,0,819,2024
450000,77310,SAINT-FARGEAU-PONTHIERRY,77,Dépendance,0,0,819,2024
450000,77310,SAINT-FARGEAU-PONTHIERRY,77,Maison,108,4,200,2024
450000,77310,SAINT-FARGEAU-PONTHIERRY,77,Local industriel. commercial ou assimilé,76,0,200,2024
291000,77250,MORET-LOING-ET-ORVANNE,77,Maison,78,3,469,2024
291000,77250,MORET-LOING-ET-ORVANNE,77,Dépendance,0,0,469,2024
225000,77250,MORET-LOING-ET-ORVANNE,77,Maison,64,3,57,2024
47500,77460,SOUPPES-SUR-LOING,77,Dépendance,0,0,15,2024
47500,77460,SOUPPES-SUR-LOING,77,Dépendance,0,0,730,2024
47500,77460,SOUPPES-SUR-LOING,77,Maison,104,4,51,2024
47500,77460,SOUPPES-SUR-LOING,77,Maison,32,0,144,2024
229000,77460,SOUPPES-SUR-LOING,77,Dépendance,0,0,544,2024
229000,77460,SOUPPES-SUR-LOING,77,Maison,83,4,544,2024
318200,77340,PONTAULT COMBAULT,77,Maison,76,4,242,2024
250000,77810,THOMERY,77,Maison,120,5,456,2024
255000,77000,MELUN,77,Maison,72,5,119,2024
352000,77760,ACHERES-LA-FORET,77,Maison,136,6,151,2024
352000,77760,ACHERES-LA-FORET,77,Maison,136,6,860,2024
450000,77310,BOISSISE-LE-ROI,77,Dépendance,0,0,500,2024
450000,77310,BOISSISE-LE-ROI,77,Appartement,120,4,500,2024
450000,77310,BOISSISE-LE-ROI,77,Appartement,75,3,500,2024
450000,77310,BOISSISE-LE-ROI,77,Dépendance,0,0,134,2024
450000,77310,BOISSISE-LE-ROI,77,Appartement,120,4,134,2024
450000,77310,BOISSISE-LE-ROI,77,Appartement,75,3,134,2024
139000,77350,LE MEE SUR SEINE,77,Dépendance,0,0,8617,2024
282100,77170,BRIE COMTE ROBERT,77,Maison,78,5,273,2024
350000,77240,SEINE-PORT,77,Dépendance,0,0,33,2024
350000,77240,SEINE-PORT,77,Maison,95,4,33,2024
380000,77550,MOISSY-CRAMAYEL,77,Maison,148,9,1029,2024
380000,77550,MOISSY-CRAMAYEL,77,Maison,148,9,230,2024
132000,77570,CHATEAU-LANDON,77,Maison,76,3,514,2024
132000,77570,CHATEAU-LANDON,77,Dépendance,0,0,514,2024
310000,77130,GRANDE-PAROISSE (LA),77,Maison,137,6,1463,2024
310000,77130,GRANDE-PAROISSE (LA),77,Maison,137,6,200,2024
522850,77920,SAMOIS SUR SEINE,77,Dépendance,0,0,185,2024
522850,77920,SAMOIS SUR SEINE,77,Maison,134,4,583,2024
522850,77920,SAMOIS SUR SEINE,77,Dépendance,0,0,583,2024
522850,77920,SAMOIS SUR SEINE,77,Maison,134,4,185,2024
18078,77810,THOMERY,77,Maison,208,7,1326,2024
18078,77810,THOMERY,77,Maison,208,7,500,2024
400000,77310,SAINT-FARGEAU-PONTHIERRY,77,Dépendance,0,0,860,2024
400000,77310,SAINT-FARGEAU-PONTHIERRY,77,Maison,135,6,860,2024
400000,77310,SAINT-FARGEAU-PONTHIERRY,77,Maison,135,6,140,2024
400000,77310,SAINT-FARGEAU-PONTHIERRY,77,Dépendance,0,0,140,2024
189000,77430,CHAMPAGNE SUR SEINE,77,Maison,74,5,461,2024
257000,77310,PRINGY,77,Maison,74,3,665,2024
257000,77310,PRINGY,77,Dépendance,0,0,665,2024
325000,77330,OZOIR LA FERRIERE,77,Maison,86,4,457,2024
1157200,77130,DORMELLES,77,Maison,92,3,266,2024
1157200,77130,DORMELLES,77,Dépendance,0,0,15844,2024
1157200,77130,DORMELLES,77,Dépendance,0,0,238,2024
1157200,77130,DORMELLES,77,Maison,147,3,436,2024
1157200,77130,DORMELLES,77,Maison,38,2,436,2024
1157200,77130,DORMELLES,77,Maison,100,2,436,2024
1157200,77130,DORMELLES,77,Dépendance,0,0,436,2024
277000,77760,LARCHANT,77,Maison,108,2,307,2024
277000,77760,LARCHANT,77,Maison,108,2,800,2024
350000,77680,ROISSY-EN-BRIE,77,Maison,90,5,234,2024
440000,77330,OZOIR LA FERRIERE,77,Maison,115,5,500,2024
440000,77330,OZOIR LA FERRIERE,77,Maison,115,5,115,2024
208400,77590,BOIS LE ROI,77,Maison,45,3,25,2024
265760,77820,CHATILLON-LA-BORDE,77,Maison,104,6,632,2024
266000,77950,SAINT-GERMAIN-LAXIS,77,Dépendance,0,0,391,2024
266000,77950,SAINT-GERMAIN-LAXIS,77,Maison,44,2,391,2024
266000,77950,SAINT-GERMAIN-LAXIS,77,Maison,69,4,271,2024
135000,77350,LE MEE SUR SEINE,77,Dépendance,0,0,8617,2024
246000,77380,COMBS LA VILLE,77,Maison,79,4,124,2024
200000,77135,PONTCARRE,77,Maison,50,2,112,2024
200000,77135,PONTCARRE,77,Maison,50,2,500,2024
290000,77176,SAVIGNY-LE-TEMPLE,77,Maison,76,4,60,2024
290000,77176,SAVIGNY-LE-TEMPLE,77,Maison,76,4,500,2024
272800,77176,NANDY,77,Maison,88,4,470,2024
355000,77170,BRIE COMTE ROBERT,77,Maison,97,4,359,2024
572000,77123,VAUDOUE (LE),77,Maison,86,4,300,2024
572000,77123,VAUDOUE (LE),77,Maison,86,4,474,2024
38000,77590,FONTAINE-LE-PORT,77,Maison,45,1,231,2024
320000,77220,PRESLES-EN-BRIE,77,Maison,80,4,46,2024
294000,77630,ARBONNE-LA-FORET,77,Maison,47,2,310,2024
284700,77190,DAMMARIE LES LYS,77,Maison,103,6,551,2024
80000,77130,GRANDE-PAROISSE (LA),77,Maison,59,2,272,2024
390000,77150,LESIGNY,77,Maison,105,4,500,2024
390000,77150,LESIGNY,77,Maison,105,4,326,2024
377300,77220,PRESLES-EN-BRIE,77,Maison,118,5,500,2024
377300,77220,PRESLES-EN-BRIE,77,Maison,118,5,2665,2024
250000,77820,CHATELET-EN-BRIE (LE),77,Maison,73,4,246,2024
115000,77760,AMPONVILLE,77,Maison,101,5,19,2024
115000,77760,AMPONVILLE,77,Dépendance,0,0,19,2024
78935,77240,CESSON,77,Maison,79,4,302,2024
349990,77127,LIEUSAINT,77,Dépendance,0,0,399,2024
349990,77127,LIEUSAINT,77,Maison,94,5,399,2024
275000,77240,CESSON,77,Maison,79,4,302,2024
254500,77550,MOISSY-CRAMAYEL,77,Maison,84,5,165,2024
430000,77240,SEINE-PORT,77,Maison,88,5,500,2024
430000,77240,SEINE-PORT,77,Maison,88,5,311,2024
361000,77220,TOURNAN-EN-BRIE,77,Maison,89,1,500,2024
350000,77300,FONTAINEBLEAU,77,Dépendance,0,0,68,2024
350000,77300,FONTAINEBLEAU,77,Maison,55,3,68,2024
206000,77140,NONVILLE,77,Maison,91,4,560,2024
206000,77140,NONVILLE,77,Dépendance,0,0,560,2024
240000,77810,THOMERY,77,Maison,43,2,338,2024
288360,77127,LIEUSAINT,77,Maison,88,4,156,2024
230000,77390,OZOUER-LE-VOULGIS,77,Maison,74,4,724,2024
182000,77590,BOIS LE ROI,77,Maison,65,4,78,2024
324000,77176,NANDY,77,Maison,96,4,509,2024
349000,77170,BRIE COMTE ROBERT,77,Maison,150,5,499,2024
103000,77620,EGREVILLE,77,Dépendance,0,0,190,2024
103000,77620,EGREVILLE,77,Maison,60,2,190,2024
230000,77710,LORREZ-LE-BOCAGE-PREAUX,77,Maison,96,5,234,2024
265000,77670,VERNOU-LA-CELLE-SUR-SEINE,77,Maison,92,4,691,2024
250000,77130,GRANDE-PAROISSE (LA),77,Maison,97,5,185,2024
250000,77130,GRANDE-PAROISSE (LA),77,Dépendance,0,0,185,2024
465000,77390,GUIGNES,77,Local industriel. commercial ou assimilé,385,0,1631,2024
127000,77670,SAINT-MAMMES,77,Maison,40,2,478,2024
238000,77130,SAINT-GERMAIN-LAVAL,77,Maison,79,6,816,2024
175000,77430,CHAMPAGNE SUR SEINE,77,Dépendance,0,0,544,2024
175000,77430,CHAMPAGNE SUR SEINE,77,Maison,56,2,544,2024
149000,77380,COMBS LA VILLE,77,Dépendance,0,0,16,2024
9200000,77130,MAROLLES-SUR-SEINE,77,Local industriel. commercial ou assimilé,7493,0,25000,2024
9200000,77130,MAROLLES-SUR-SEINE,77,Local industriel. commercial ou assimilé,1010,0,17133,2024
283000,77310,BOISSISE-LE-ROI,77,Maison,73,4,715,2024
390000,77340,PONTAULT COMBAULT,77,Maison,113,4,427,2024
300000,77166,EVRY-GREGY-SUR-YERRE,77,Maison,95,6,347,2024
300000,77166,EVRY-GREGY-SUR-YERRE,77,Maison,95,6,1500,2024
384000,77940,MONTMACHOUX,77,Dépendance,0,0,3121,2024
384000,77940,MONTMACHOUX,77,Maison,260,6,3121,2024
375000,77210,AVON,77,Maison,93,2,391,2024
280000,77210,SAMOREAU,77,Maison,122,4,683,2024
601350,77210,SAMOREAU,77,Dépendance,0,0,997,2024
601350,77210,SAMOREAU,77,Maison,91,3,500,2024
601350,77210,SAMOREAU,77,Dépendance,0,0,500,2024
601350,77210,SAMOREAU,77,Maison,91,3,997,2024
406000,77760,ACHERES-LA-FORET,77,Local industriel. commercial ou assimilé,1204,0,651,2024
406000,77760,ACHERES-LA-FORET,77,Local industriel. commercial ou assimilé,1204,0,252,2024
311350,77930,PERTHES,77,Maison,88,4,1388,2024
311350,77930,PERTHES,77,Maison,88,4,500,2024
77000,77620,EGREVILLE,77,Maison,65,2,167,2024
360000,77930,PERTHES,77,Maison,118,5,858,2024
360000,77930,PERTHES,77,Dépendance,0,0,500,2024
360000,77930,PERTHES,77,Maison,118,5,500,2024
360000,77930,PERTHES,77,Dépendance,0,0,858,2024
325000,77550,MOISSY-CRAMAYEL,77,Maison,91,5,1454,2024
325000,77550,MOISSY-CRAMAYEL,77,Dépendance,0,0,1454,2024
405000,77340,PONTAULT COMBAULT,77,Maison,120,5,405,2024
405000,77340,PONTAULT COMBAULT,77,Dépendance,0,0,405,2024
264800,77000,ROCHETTE(LA),77,Maison,68,4,501,2024
99900,77150,FEROLLES-ATTILLY,77,Maison,89,4,140,2024
99900,77150,FEROLLES-ATTILLY,77,Maison,89,4,500,2024
372450,77176,SAVIGNY-LE-TEMPLE,77,Maison,95,4,518,2024
295000,77380,COMBS LA VILLE,77,Maison,103,5,409,2024
233000,77000,LIVRY-SUR-SEINE,77,Dépendance,0,0,422,2024
233000,77000,LIVRY-SUR-SEINE,77,Maison,93,4,422,2024
290000,77810,THOMERY,77,Maison,76,3,223,2024
385400,77950,RUBELLES,77,Maison,117,5,441,2024
385400,77950,RUBELLES,77,Maison,117,5,500,2024
385400,77950,RUBELLES,77,Dépendance,0,0,500,2024
385400,77950,RUBELLES,77,Dépendance,0,0,441,2024
170000,77430,CHAMPAGNE SUR SEINE,77,Local industriel. commercial ou assimilé,220,0,366,2024
440000,77550,MOISSY-CRAMAYEL,77,Maison,116,5,449,2024
350000,77610,CHATRES,77,Maison,131,7,408,2024
220000,77630,ARBONNE-LA-FORET,77,Maison,137,6,328,2024
275000,77340,PONTAULT COMBAULT,77,Dépendance,0,0,144,2024
275000,77340,PONTAULT COMBAULT,77,Maison,62,3,144,2024
360000,77240,VERT-SAINT-DENIS,77,Maison,132,6,574,2024
380000,77340,PONTAULT COMBAULT,77,Maison,71,5,424,2024
817861,77310,PRINGY,77,Maison,116,6,512,2024
817861,77310,PRINGY,77,Maison,116,6,1300,2024
135200,77380,COMBS LA VILLE,77,Maison,104,5,135,2024
162000,77550,MOISSY-CRAMAYEL,77,Maison,92,5,188,2024
16218,77220,TOURNAN-EN-BRIE,77,Dépendance,0,0,42,2024
285000,77220,GRETZ-ARMAINVILLIERS,77,Maison,100,4,461,2024
258500,77720,CHAPELLE-GAUTHIER (LA),77,Maison,94,4,410,2024
149200,77720,MORMANT,77,Maison,88,5,338,2024
312500,77166,GRISY-SUISNES,77,Maison,105,5,500,2024
180000,77720,BREAU,77,Maison,101,6,74,2024
380000,77810,THOMERY,77,Maison,64,3,545,2024
380000,77810,THOMERY,77,Maison,64,3,81,2024
244000,77720,CHAPELLE-GAUTHIER (LA),77,Maison,73,4,200,2024
244000,77720,CHAPELLE-GAUTHIER (LA),77,Dépendance,0,0,684,2024
244000,77720,CHAPELLE-GAUTHIER (LA),77,Maison,73,4,684,2024
244000,77720,CHAPELLE-GAUTHIER (LA),77,Dépendance,0,0,200,2024
1550000,77300,FONTAINEBLEAU,77,Dépendance,0,0,410,2024
1550000,77300,FONTAINEBLEAU,77,Maison,241,10,742,2024
1550000,77300,FONTAINEBLEAU,77,Dépendance,0,0,742,2024
1550000,77300,FONTAINEBLEAU,77,Maison,241,10,410,2024
345000,77127,LIEUSAINT,77,Maison,78,4,309,2024
209000,77890,BEAUMONT-DU-GATINAIS,77,Dépendance,0,0,516,2024
209000,77890,BEAUMONT-DU-GATINAIS,77,Maison,108,6,516,2024
77000,77710,VILLEMARECHAL,77,Dépendance,0,0,532,2024
77000,77710,VILLEMARECHAL,77,Maison,54,2,532,2024
317000,77850,HERICY,77,Appartement,67,3,1034,2024
317000,77850,HERICY,77,Dépendance,0,0,1034,2024
317000,77850,HERICY,77,Appartement,68,4,500,2024
317000,77850,HERICY,77,Appartement,68,4,1034,2024
317000,77850,HERICY,77,Dépendance,0,0,500,2024
317000,77850,HERICY,77,Appartement,67,3,500,2024
191000,77950,MOISENAY,77,Maison,107,3,300,2024
191000,77950,MOISENAY,77,Dépendance,0,0,300,2024
274650,77176,SAVIGNY-LE-TEMPLE,77,Maison,99,6,260,2024
470000,77000,VAUX-LE-PENIL,77,Maison,123,5,329,2024
470000,77000,VAUX-LE-PENIL,77,Dépendance,0,0,329,2024
275000,77135,PONTCARRE,77,Maison,82,4,274,2024
65000,77940,BLENNES,77,Maison,50,2,1000,2024
215000,77130,VARENNES-SUR-SEINE,77,Maison,88,5,403,2024
215000,77130,VARENNES-SUR-SEINE,77,Dépendance,0,0,403,2024
420000,77250,MORET-LOING-ET-ORVANNE,77,Maison,128,5,247,2024
590000,77390,COURTOMER,77,Local industriel. commercial ou assimilé,432,0,475,2024
390000,77220,TOURNAN-EN-BRIE,77,Maison,128,4,425,2024
160000,77176,NANDY,77,Maison,96,5,199,2024
600000,77780,BOURRON-MARLOTTE,77,Maison,150,6,429,2024
600000,77780,BOURRON-MARLOTTE,77,Maison,150,6,800,2024
200000,77130,MONTEREAU FAULT YONNE,77,Maison,81,3,451,2024
200000,77130,MONTEREAU FAULT YONNE,77,Maison,81,3,500,2024
283135,77176,SAVIGNY-LE-TEMPLE,77,Maison,133,7,621,2024
169000,77570,CHATEAU-LANDON,77,Maison,130,4,112,2024
170000,77140,NEMOURS,77,Maison,90,3,246,2024
125000,77460,CHAINTREAUX,77,Maison,110,3,188,2024
125000,77460,CHAINTREAUX,77,Dépendance,0,0,31,2024
235000,77127,LIEUSAINT,77,Appartement,33,2,233,2024
235000,77127,LIEUSAINT,77,Appartement,20,1,233,2024
235000,77127,LIEUSAINT,77,Appartement,22,1,233,2024
235000,77127,LIEUSAINT,77,Appartement,18,1,233,2024
327200,77240,CESSON,77,Maison,85,4,227,2024
428000,77590,CHARTRETTES,77,Dépendance,0,0,672,2024
428000,77590,CHARTRETTES,77,Maison,80,4,672,2024
226500,77240,VERT-SAINT-DENIS,77,Maison,86,4,409,2024
309850,77310,SAINT-FARGEAU-PONTHIERRY,77,Dépendance,0,0,565,2024
309850,77310,SAINT-FARGEAU-PONTHIERRY,77,Maison,115,3,565,2024
110000,77140,NEMOURS,77,Dépendance,0,0,49,2024
110000,77140,NEMOURS,77,Local industriel. commercial ou assimilé,72,0,49,2024
110000,77140,NEMOURS,77,Appartement,52,3,49,2024
110000,77140,NEMOURS,77,Appartement,66,3,49,2024
363010,77850,HERICY,77,Maison,136,7,652,2024
385000,77590,CHARTRETTES,77,Maison,124,5,616,2024
148900,77140,NEMOURS,77,Maison,44,2,55,2024
140000,77760,BURCY,77,Maison,93,4,965,2024
170000,77140,NEMOURS,77,Maison,120,6,271,2024
197000,77140,NEMOURS,77,Maison,116,5,359,2024
287000,77240,CESSON,77,Maison,92,5,167,2024
260000,77190,DAMMARIE LES LYS,77,Maison,82,4,307,2024
280000,77176,SAVIGNY-LE-TEMPLE,77,Maison,83,5,297,2024
295000,77176,SAVIGNY-LE-TEMPLE,77,Maison,135,6,384,2024
295000,77176,SAVIGNY-LE-TEMPLE,77,Dépendance,0,0,384,2024
300000,77190,DAMMARIE LES LYS,77,Maison,119,7,323,2024
160000,77167,POLIGNY,77,Maison,77,3,300,2024
160000,77167,POLIGNY,77,Maison,77,3,349,2024
380000,77340,PONTAULT COMBAULT,77,Maison,112,4,471,2024
367000,77176,SAVIGNY-LE-TEMPLE,77,Maison,127,6,440,2024
249000,77240,SEINE-PORT,77,Maison,41,2,609,2024
288600,77176,NANDY,77,Maison,132,3,193,2024
334000,77176,SAVIGNY-LE-TEMPLE,77,Maison,117,5,477,2024
260000,77620,EGREVILLE,77,Maison,136,4,759,2024
349000,77140,SAINT-PIERRE-LES-NEMOURS,77,Maison,148,5,605,2024
349000,77140,SAINT-PIERRE-LES-NEMOURS,77,Dépendance,0,0,605,2024
313000,77870,VULAINES-SUR-SEINE,77,Maison,100,5,64,2024
445000,77210,AVON,77,Maison,100,4,201,2024
200000,77830,ECHOUBOULAINS,77,Maison,75,4,1502,2024
200000,77830,ECHOUBOULAINS,77,Maison,75,4,500,2024
200000,77210,AVON,77,Local industriel. commercial ou assimilé,44,0,64,2024
200000,77210,AVON,77,Local industriel. commercial ou assimilé,70,0,64,2024
200000,77210,AVON,77,Appartement,60,2,64,2024
580000,77590,BOIS LE ROI,77,Maison,150,6,634,2024
580000,77590,BOIS LE ROI,77,Maison,150,6,200,2024
266000,77210,SAMOREAU,77,Maison,148,4,577,2024
260000,77380,COMBS LA VILLE,77,Maison,68,4,145,2024
287000,77330,OZOIR LA FERRIERE,77,Maison,80,4,391,2024
298000,77170,BRIE COMTE ROBERT,77,Maison,76,4,125,2024
365000,77250,MORET-LOING-ET-ORVANNE,77,Maison,168,5,207,2024
427500,77760,VILLIERS-SOUS-GREZ,77,Maison,112,3,675,2024
427500,77760,VILLIERS-SOUS-GREZ,77,Maison,132,5,675,2024
427500,77760,VILLIERS-SOUS-GREZ,77,Dépendance,0,0,675,2024
303000,77166,GRISY-SUISNES,77,Dépendance,0,0,500,2024
303000,77166,GRISY-SUISNES,77,Maison,75,4,376,2024
303000,77166,GRISY-SUISNES,77,Maison,75,4,500,2024
303000,77166,GRISY-SUISNES,77,Dépendance,0,0,376,2024
272000,77130,GRANDE-PAROISSE (LA),77,Maison,78,4,83,2024
1800000,77550,MOISSY-CRAMAYEL,77,Local industriel. commercial ou assimilé,6472,0,6485,2024
4050000,77170,BRIE COMTE ROBERT,77,Local industriel. commercial ou assimilé,1194,0,2822,2024
4050000,77170,BRIE COMTE ROBERT,77,Local industriel. commercial ou assimilé,1478,0,1575,2024
4050000,77170,BRIE COMTE ROBERT,77,Local industriel. commercial ou assimilé,450,0,473,2024
597550,77930,CHAILLY-EN-BIERE,77,Dépendance,0,0,2041,2024
597550,77930,CHAILLY-EN-BIERE,77,Maison,168,6,2041,2024
325000,77240,VERT-SAINT-DENIS,77,Maison,117,6,781,2024
195000,77430,CHAMPAGNE SUR SEINE,77,Dépendance,0,0,285,2024
195000,77430,CHAMPAGNE SUR SEINE,77,Maison,61,3,285,2024
115000,77000,VAUX-LE-PENIL,77,Dépendance,0,0,919,2024
115000,77000,VAUX-LE-PENIL,77,Maison,42,2,919,2024
220000,77430,CHAMPAGNE SUR SEINE,77,Maison,80,3,405,2024
376500,77870,VULAINES-SUR-SEINE,77,Maison,126,5,616,2024
376500,77870,VULAINES-SUR-SEINE,77,Dépendance,0,0,616,2024
575000,77135,PONTCARRE,77,Maison,65,4,105,2024
575000,77135,PONTCARRE,77,Local industriel. commercial ou assimilé,300,0,105,2024
604152,77760,VILLIERS-SOUS-GREZ,77,Maison,63,2,415,2024
604152,77760,VILLIERS-SOUS-GREZ,77,Dépendance,0,0,415,2024
604152,77760,VILLIERS-SOUS-GREZ,77,Maison,131,5,415,2024
247000,77240,VERT-SAINT-DENIS,77,Maison,104,5,194,2024
330410,77190,DAMMARIE LES LYS,77,Maison,101,5,472,2024
330410,77190,DAMMARIE LES LYS,77,Dépendance,0,0,472,2024
163000,77940,MONTMACHOUX,77,Maison,108,4,598,2024
282000,77250,VILLECERF,77,Maison,124,6,568,2024
222900,77710,LORREZ-LE-BOCAGE-PREAUX,77,Maison,104,4,900,2024
222900,77710,LORREZ-LE-BOCAGE-PREAUX,77,Maison,104,4,250,2024
180000,77190,DAMMARIE LES LYS,77,Maison,84,4,239,2024
343000,77000,VAUX-LE-PENIL,77,Maison,22,1,847,2024
343000,77000,VAUX-LE-PENIL,77,Dépendance,0,0,285,2024
343000,77000,VAUX-LE-PENIL,77,Maison,22,1,285,2024
343000,77000,VAUX-LE-PENIL,77,Maison,104,4,285,2024
343000,77000,VAUX-LE-PENIL,77,Dépendance,0,0,847,2024
343000,77000,VAUX-LE-PENIL,77,Maison,104,4,847,2024
86000,77000,MELUN,77,Dépendance,0,0,16,2024
55000,77710,LORREZ-LE-BOCAGE-PREAUX,77,Maison,32,1,32,2024
296000,77170,BRIE COMTE ROBERT,77,Maison,93,3,295,2024
710000,77300,FONTAINEBLEAU,77,Maison,170,6,397,2024
540300,77150,LESIGNY,77,Dépendance,0,0,463,2024
540300,77150,LESIGNY,77,Maison,152,6,463,2024
447700,77550,LISSY,77,Dépendance,0,0,47,2024
447700,77550,LISSY,77,Maison,241,7,47,2024
388057,77127,LIEUSAINT,77,Maison,78,4,309,2024
135000,77460,SOUPPES-SUR-LOING,77,Maison,77,3,422,2024
430000,77250,MORET-LOING-ET-ORVANNE,77,Maison,125,5,132,2024
243000,77670,SAINT-MAMMES,77,Maison,85,3,581,2024
330000,77250,MORET-LOING-ET-ORVANNE,77,Maison,138,7,594,2024
330000,77250,MORET-LOING-ET-ORVANNE,77,Maison,138,7,106,2024
179000,77940,BLENNES,77,Dépendance,0,0,577,2024
179000,77940,BLENNES,77,Maison,146,5,577,2024
266400,77176,SAVIGNY-LE-TEMPLE,77,Maison,83,5,322,2024
262300,77390,YEBLES,77,Maison,128,3,273,2024
300000,77210,SAMOREAU,77,Maison,88,5,4,2024
340000,77250,MORET-LOING-ET-ORVANNE,77,Dépendance,0,0,99,2024
340000,77250,MORET-LOING-ET-ORVANNE,77,Maison,126,6,99,2024
1900000,77630,BARBIZON,77,Dépendance,0,0,455,2024
1900000,77630,BARBIZON,77,Maison,200,7,455,2024
1900000,77630,BARBIZON,77,Dépendance,0,0,500,2024
1900000,77630,BARBIZON,77,Maison,60,3,500,2024
1900000,77630,BARBIZON,77,Maison,200,7,500,2024
1900000,77630,BARBIZON,77,Maison,60,3,455,2024
237000,77148,LAVAL-EN-BRIE,77,Maison,144,6,829,2024
118000,77130,VARENNES-SUR-SEINE,77,Maison,50,3,390,2024
118000,77130,VARENNES-SUR-SEINE,77,Dépendance,0,0,390,2024
278500,77390,VERNEUIL-L ETANG,77,Maison,98,6,538,2024
142000,77720,MORMANT,77,Maison,63,3,51,2024
260000,77720,QUIERS,77,Maison,134,5,747,2024
378000,77000,ROCHETTE(LA),77,Maison,142,5,553,2024
100000,77130,MONTEREAU FAULT YONNE,77,Local industriel. commercial ou assimilé,77,0,600,2024
378000,77150,LESIGNY,77,Maison,104,5,409,2024
378000,77150,LESIGNY,77,Maison,104,5,500,2024
67000,77130,VARENNES-SUR-SEINE,77,Maison,24,1,413,2024
338000,77140,SAINT-PIERRE-LES-NEMOURS,77,Maison,130,6,513,2024
338000,77140,SAINT-PIERRE-LES-NEMOURS,77,Dépendance,0,0,513,2024
208000,77880,GREZ-SUR-LOING,77,Maison,84,5,350,2024
355020,77850,HERICY,77,Maison,95,3,565,2024
355020,77850,HERICY,77,Dépendance,0,0,565,2024
445000,77148,LAVAL-EN-BRIE,77,Maison,168,6,200,2024
445000,77148,LAVAL-EN-BRIE,77,Maison,168,6,1600,2024
369000,77170,SERVON,77,Maison,99,4,231,2024
369000,77170,SERVON,77,Maison,99,4,500,2024
485000,77720,BOMBON,77,Dépendance,0,0,729,2024
485000,77720,BOMBON,77,Maison,113,5,729,2024
388300,77173,CHEVRY-COSSIGNY,77,Dépendance,0,0,715,2024
388300,77173,CHEVRY-COSSIGNY,77,Maison,124,5,715,2024
40000,77167,FAY-LES-NEMOURS,77,Dépendance,0,0,395,2024
40000,77167,FAY-LES-NEMOURS,77,Maison,117,5,395,2024
300000,77170,BRIE COMTE ROBERT,77,Dépendance,0,0,420,2024
300000,77170,BRIE COMTE ROBERT,77,Maison,55,3,420,2024
370000,77166,EVRY-GREGY-SUR-YERRE,77,Maison,175,6,570,2024
209000,77430,CHAMPAGNE SUR SEINE,77,Maison,88,4,580,2024
135700,77830,PAMFOU,77,Maison,45,2,63,2024
135000,77350,LE MEE SUR SEINE,77,Dépendance,0,0,8617,2024
316700,77170,SERVON,77,Maison,84,4,271,2024
316700,77170,SERVON,77,Dépendance,0,0,271,2024
250000,77710,VAUX-SUR-LUNAIN,77,Maison,163,5,2882,2024
250000,77710,VAUX-SUR-LUNAIN,77,Maison,163,5,800,2024
547000,77330,OZOIR LA FERRIERE,77,Maison,115,4,500,2024
547000,77330,OZOIR LA FERRIERE,77,Maison,115,4,237,2024
430410,77340,PONTAULT COMBAULT,77,Maison,127,4,667,2024
260400,77135,PONTCARRE,77,Maison,64,3,157,2024
446170,77150,LESIGNY,77,Maison,123,4,171,2024
446170,77150,LESIGNY,77,Maison,123,4,612,2024
265000,77380,COMBS LA VILLE,77,Maison,84,4,376,2024
158000,77000,MELUN,77,Maison,97,3,508,2024
60000,77210,AVON,77,Dépendance,0,0,340,2024
270000,77340,PONTAULT COMBAULT,77,Dépendance,0,0,405,2024
270000,77340,PONTAULT COMBAULT,77,Maison,103,6,405,2024
266800,77350,LE MEE SUR SEINE,77,Dépendance,0,0,201,2024
266800,77350,LE MEE SUR SEINE,77,Maison,89,4,201,2024
210000,77830,PAMFOU,77,Appartement,52,2,293,2024
210000,77830,PAMFOU,77,Dépendance,0,0,293,2024
210000,77830,PAMFOU,77,Appartement,39,1,293,2024
225000,77310,SAINT-FARGEAU-PONTHIERRY,77,Maison,68,3,247,2024
159000,77890,ARVILLE,77,Maison,80,3,921,2024
240000,77190,DAMMARIE LES LYS,77,Maison,67,4,598,2024
240000,77720,CHAPELLE-GAUTHIER (LA),77,Maison,102,4,311,2024
172000,77220,LIVERDY-EN-BRIE,77,Maison,56,2,541,2024
348200,77760,GUERCHEVILLE,77,Dépendance,0,0,559,2024
348200,77760,GUERCHEVILLE,77,Maison,197,5,559,2024
255000,77190,DAMMARIE LES LYS,77,Maison,64,4,351,2024
238000,77880,GREZ-SUR-LOING,77,Dépendance,0,0,526,2024
238000,77880,GREZ-SUR-LOING,77,Maison,80,4,526,2024
178000,77140,SAINT-PIERRE-LES-NEMOURS,77,Maison,72,4,142,2024
178000,77140,SAINT-PIERRE-LES-NEMOURS,77,Dépendance,0,0,142,2024
353400,77000,VAUX-LE-PENIL,77,Maison,114,7,639,2024
384150,77310,BOISSISE-LE-ROI,77,Maison,90,4,811,2024
125000,77880,GREZ-SUR-LOING,77,Dépendance,0,0,130,2024
240000,77690,MONTIGNY-SUR-LOING,77,Maison,67,4,557,2024
532000,77930,CHAILLY-EN-BIERE,77,Dépendance,0,0,95,2024
532000,77930,CHAILLY-EN-BIERE,77,Maison,147,5,95,2024
641250,77150,LESIGNY,77,Dépendance,0,0,437,2024
641250,77150,LESIGNY,77,Maison,202,7,500,2024
641250,77150,LESIGNY,77,Maison,202,7,437,2024
641250,77150,LESIGNY,77,Dépendance,0,0,500,2024
325000,77310,SAINT-FARGEAU-PONTHIERRY,77,Dépendance,0,0,481,2024
325000,77310,SAINT-FARGEAU-PONTHIERRY,77,Maison,100,3,481,2024
114000,77850,HERICY,77,Maison,27,1,19,2024
297000,77720,CHAPELLE-GAUTHIER (LA),77,Maison,295,9,166,2024
825000,77170,BRIE COMTE ROBERT,77,Local industriel. commercial ou assimilé,460,0,500,2024
825000,77170,BRIE COMTE ROBERT,77,Local industriel. commercial ou assimilé,460,0,2700,2024
85000,77570,CHATEAU-LANDON,77,Maison,50,3,512,2024
85000,77570,CHATEAU-LANDON,77,Maison,65,4,512,2024
285000,77220,TOURNAN-EN-BRIE,77,Dépendance,0,0,495,2024
285000,77220,TOURNAN-EN-BRIE,77,Maison,93,6,495,2024
438000,77760,CHAPELLE-LA-REINE (LA),77,Dépendance,0,0,13,2024
438000,77760,CHAPELLE-LA-REINE (LA),77,Maison,150,2,13,2024
480000,77550,LIMOGES-FOURCHES,77,Maison,205,9,1620,2024
240000,77720,MORMANT,77,Maison,112,5,557,2024
294000,77127,LIEUSAINT,77,Maison,104,4,128,2024
299900,77140,NEMOURS,77,Maison,213,6,145,2024
223300,77590,BOIS LE ROI,77,Maison,32,3,125,2024
425000,77166,GRISY-SUISNES,77,Maison,126,5,638,2024
415000,77390,OZOUER-LE-VOULGIS,77,Dépendance,0,0,475,2024
415000,77390,OZOUER-LE-VOULGIS,77,Maison,87,5,890,2024
415000,77390,OZOUER-LE-VOULGIS,77,Dépendance,0,0,890,2024
415000,77390,OZOUER-LE-VOULGIS,77,Maison,87,5,475,2024
145000,77130,DORMELLES,77,Maison,81,3,397,2024
280000,77380,COMBS LA VILLE,77,Dépendance,0,0,312,2024
280000,77380,COMBS LA VILLE,77,Maison,96,4,312,2024
280000,77380,COMBS LA VILLE,77,Local industriel. commercial ou assimilé,0,0,18,2024
900000,77380,COMBS LA VILLE,77,Local industriel. commercial ou assimilé,220,0,1912,2024
900000,77380,COMBS LA VILLE,77,Local industriel. commercial ou assimilé,685,0,1912,2024
900000,77380,COMBS LA VILLE,77,Local industriel. commercial ou assimilé,500,0,1912,2024
900000,77380,COMBS LA VILLE,77,Local industriel. commercial ou assimilé,600,0,1912,2024
302000,77550,MOISSY-CRAMAYEL,77,Maison,89,4,244,2024
296000,77240,VERT-SAINT-DENIS,77,Maison,136,4,137,2024
296000,77240,VERT-SAINT-DENIS,77,Dépendance,0,0,137,2024
181907,77950,MOISENAY,77,Maison,100,4,517,2024
275000,77720,SAINT-OUEN-EN-BRIE,77,Maison,90,4,875,2024
170000,77250,MORET-LOING-ET-ORVANNE,77,Maison,132,4,73,2024
430000,77170,BRIE COMTE ROBERT,77,Maison,130,5,729,2024
290000,77930,CHAILLY-EN-BIERE,77,Dépendance,0,0,1883,2024
290000,77930,CHAILLY-EN-BIERE,77,Dépendance,0,0,560,2024
290000,77930,CHAILLY-EN-BIERE,77,Maison,82,4,560,2024
290000,77930,CHAILLY-EN-BIERE,77,Maison,82,4,1883,2024
72800,77780,BOURRON-MARLOTTE,77,Dépendance,0,0,47,2024
320000,77000,MELUN,77,Maison,180,8,724,2024
320000,77000,MELUN,77,Dépendance,0,0,724,2024
379900,77680,ROISSY-EN-BRIE,77,Maison,99,4,432,2024
240000,77710,NANTEAU-SUR-LUNAIN,77,Maison,130,7,3284,2024
240000,77710,NANTEAU-SUR-LUNAIN,77,Dépendance,0,0,500,2024
240000,77710,NANTEAU-SUR-LUNAIN,77,Maison,130,7,500,2024
240000,77710,NANTEAU-SUR-LUNAIN,77,Dépendance,0,0,3284,2024
206666,77390,CHAUMES-EN-BRIE,77,Maison,84,3,403,2024
206666,77390,CHAUMES-EN-BRIE,77,Dépendance,0,0,403,2024
206666,77390,CHAUMES-EN-BRIE,77,Maison,82,3,403,2024
275000,77870,VULAINES-SUR-SEINE,77,Dépendance,0,0,640,2024
275000,77870,VULAINES-SUR-SEINE,77,Maison,115,4,640,2024
190000,77760,ACHERES-LA-FORET,77,Dépendance,0,0,83,2024
190000,77760,ACHERES-LA-FORET,77,Maison,55,3,83,2024
190000,77760,ACHERES-LA-FORET,77,Maison,55,3,2202,2024
190000,77760,ACHERES-LA-FORET,77,Dépendance,0,0,2202,2024
365270,77680,ROISSY-EN-BRIE,77,Maison,104,6,384,2024
299000,77920,SAMOIS SUR SEINE,77,Maison,100,5,72,2024
299000,77920,SAMOIS SUR SEINE,77,Dépendance,0,0,9,2024
295000,77173,CHEVRY-COSSIGNY,77,Maison,116,4,496,2024
365000,77220,LIVERDY-EN-BRIE,77,Maison,103,4,549,2024
365000,77220,LIVERDY-EN-BRIE,77,Dépendance,0,0,549,2024
350000,77166,EVRY-GREGY-SUR-YERRE,77,Maison,70,3,500,2024
350000,77166,EVRY-GREGY-SUR-YERRE,77,Maison,70,3,700,2024
150000,77810,THOMERY,77,Maison,135,6,402,2024
150000,77810,THOMERY,77,Dépendance,0,0,402,2024
150000,77810,THOMERY,77,Appartement,23,1,402,2024
793700,77630,SAINT-MARTIN-EN-BIERE,77,Maison,258,8,500,2024
793700,77630,SAINT-MARTIN-EN-BIERE,77,Dépendance,0,0,500,2024
793700,77630,SAINT-MARTIN-EN-BIERE,77,Maison,258,8,6316,2024
793700,77630,SAINT-MARTIN-EN-BIERE,77,Dépendance,0,0,6316,2024
110000,77460,SOUPPES-SUR-LOING,77,Maison,80,4,744,2024
110000,77460,SOUPPES-SUR-LOING,77,Maison,80,4,92,2024
206000,77140,NEMOURS,77,Maison,76,4,376,2024
80000,77140,NEMOURS,77,Maison,23,1,77,2024
80000,77140,NEMOURS,77,Dépendance,0,0,77,2024
225000,77460,SOUPPES-SUR-LOING,77,Maison,113,5,210,2024
225000,77460,SOUPPES-SUR-LOING,77,Maison,113,5,765,2024
225000,77460,SOUPPES-SUR-LOING,77,Dépendance,0,0,210,2024
225000,77460,SOUPPES-SUR-LOING,77,Dépendance,0,0,765,2024
228000,77140,SAINT-PIERRE-LES-NEMOURS,77,Maison,91,5,489,2024
1200290,77630,BARBIZON,77,Dépendance,0,0,3073,2024
1200290,77630,BARBIZON,77,Maison,260,8,500,2024
1200290,77630,BARBIZON,77,Dépendance,0,0,500,2024
1200290,77630,BARBIZON,77,Maison,260,8,3073,2024
312050,77690,GENEVRAYE (LA),77,Dépendance,0,0,105,2024
312050,77690,GENEVRAYE (LA),77,Maison,89,3,105,2024
312050,77690,GENEVRAYE (LA),77,Dépendance,0,0,1403,2024
312050,77690,GENEVRAYE (LA),77,Maison,89,3,1403,2024
435100,77810,THOMERY,77,Maison,128,6,300,2024
435100,77810,THOMERY,77,Maison,128,6,292,2024
210000,77760,ACHERES-LA-FORET,77,Dépendance,0,0,692,2024
210000,77760,ACHERES-LA-FORET,77,Maison,103,5,692,2024
268000,77550,MOISSY-CRAMAYEL,77,Maison,99,6,451,2024
45000,77570,CHATEAU-LANDON,77,Dépendance,0,0,151,2024
45000,77570,CHATEAU-LANDON,77,Maison,76,3,151,2024
160000,77123,VAUDOUE (LE),77,Dépendance,0,0,87,2024
160000,77123,VAUDOUE (LE),77,Maison,60,3,87,2024
160000,77123,VAUDOUE (LE),77,Dépendance,0,0,238,2024
160000,77123,VAUDOUE (LE),77,Maison,60,3,238,2024
99000,77130,MONTEREAU FAULT YONNE,77,Appartement,48,4,12,2024
98000,77940,VOULX,77,Maison,99,5,94,2024
250000,77250,MORET-LOING-ET-ORVANNE,77,Maison,89,4,350,2024
239250,77000,ROCHETTE(LA),77,Maison,116,5,219,2024
2500,77350,BOISSETTES,77,Dépendance,0,0,243,2024
175000,77000,ROCHETTE(LA),77,Dépendance,0,0,399,2024
175000,77000,ROCHETTE(LA),77,Maison,104,6,399,2024
300000,77000,VAUX-LE-PENIL,77,Dépendance,0,0,594,2024
300000,77000,VAUX-LE-PENIL,77,Maison,125,5,594,2024
218000,77176,SAVIGNY-LE-TEMPLE,77,Maison,80,5,369,2024
155000,77390,FOUJU,77,Dépendance,0,0,347,2024
155000,77390,FOUJU,77,Maison,51,3,347,2024
174000,77940,NOISY-RUDIGNON,77,Maison,74,5,350,2024
174000,77940,NOISY-RUDIGNON,77,Dépendance,0,0,656,2024
174000,77940,NOISY-RUDIGNON,77,Dépendance,0,0,350,2024
174000,77940,NOISY-RUDIGNON,77,Maison,74,5,656,2024
220000,77670,SAINT-MAMMES,77,Maison,118,3,94,2024
268000,77710,CHEVRY-EN-SEREINE,77,Maison,96,3,355,2024
268000,77710,CHEVRY-EN-SEREINE,77,Dépendance,0,0,355,2024
189000,77140,NEMOURS,77,Maison,97,5,283,2024
269800,77330,OZOIR LA FERRIERE,77,Maison,75,4,216,2024
269800,77330,OZOIR LA FERRIERE,77,Dépendance,0,0,216,2024
280000,77830,PAMFOU,77,Maison,94,4,775,2024
280000,77830,PAMFOU,77,Maison,94,4,500,2024
147836,77240,CESSON,77,Maison,111,5,301,2024
237000,77940,NOISY-RUDIGNON,77,Dépendance,0,0,793,2024
237000,77940,NOISY-RUDIGNON,77,Maison,74,4,793,2024
155000,77130,VARENNES-SUR-SEINE,77,Maison,103,4,233,2024
155000,77130,VARENNES-SUR-SEINE,77,Dépendance,0,0,233,2024
160000,77390,FOUJU,77,Dépendance,0,0,347,2024
160000,77390,FOUJU,77,Maison,51,3,347,2024
270720,77140,NEMOURS,77,Maison,118,6,170,2024
270720,77140,NEMOURS,77,Dépendance,0,0,170,2024
270720,77140,NEMOURS,77,Dépendance,0,0,19,2024
190000,77130,SAINT-GERMAIN-LAVAL,77,Maison,46,3,749,2024
185000,77000,MELUN,77,Maison,78,5,424,2024
215000,77130,SAINT-GERMAIN-LAVAL,77,Maison,92,4,500,2024
215000,77130,SAINT-GERMAIN-LAVAL,77,Dépendance,0,0,500,2024
215000,77130,SAINT-GERMAIN-LAVAL,77,Maison,92,4,791,2024
215000,77130,SAINT-GERMAIN-LAVAL,77,Dépendance,0,0,791,2024
105000,77760,BUTHIERS,77,Maison,63,3,2113,2024
105000,77760,BUTHIERS,77,Maison,63,3,1000,2024
105000,77760,BUTHIERS,77,Maison,63,3,100,2024
173800,77710,VILLEBEON,77,Maison,93,4,289,2024
250000,77220,PRESLES-EN-BRIE,77,Maison,83,5,254,2024
205000,77460,CHAINTREAUX,77,Dépendance,0,0,578,2024
205000,77460,CHAINTREAUX,77,Maison,53,2,578,2024
257750,77460,SOUPPES-SUR-LOING,77,Maison,105,5,764,2024
257750,77460,SOUPPES-SUR-LOING,77,Dépendance,0,0,764,2024
114000,77570,CHATEAU-LANDON,77,Dépendance,0,0,307,2024
114000,77570,CHATEAU-LANDON,77,Maison,107,5,307,2024
1500,77460,SOUPPES-SUR-LOING,77,Dépendance,0,0,28,2024
255000,77000,MELUN,77,Local industriel. commercial ou assimilé,203,0,314,2024
255000,77000,MELUN,77,Maison,115,4,314,2024
750000,77123,VAUDOUE (LE),77,Maison,60,2,2957,2024
700000,77000,MELUN,77,Appartement,74,4,360,2024
700000,77000,MELUN,77,Local industriel. commercial ou assimilé,174,0,360,2024
250000,77130,FORGES,77,Local industriel. commercial ou assimilé,2300,0,239,2024
250000,77130,FORGES,77,Local industriel. commercial ou assimilé,2300,0,2067,2024
278000,77220,PRESLES-EN-BRIE,77,Maison,90,4,300,2024
278000,77220,PRESLES-EN-BRIE,77,Maison,90,4,500,2024
119000,77390,CHAUMES-EN-BRIE,77,Maison,96,3,119,2024
119000,77390,CHAUMES-EN-BRIE,77,Dépendance,0,0,119,2024
270000,77340,PONTAULT COMBAULT,77,Dépendance,0,0,400,2024
270000,77340,PONTAULT COMBAULT,77,Maison,134,5,400,2024
2,77950,MONTEREAU-SUR-LE-JARD,77,Local industriel. commercial ou assimilé,1544,0,5469,2024
2,77950,MONTEREAU-SUR-LE-JARD,77,Local industriel. commercial ou assimilé,1515,0,5469,2024
254000,77140,SAINT-PIERRE-LES-NEMOURS,77,Dépendance,0,0,435,2024
254000,77140,SAINT-PIERRE-LES-NEMOURS,77,Maison,97,5,435,2024
184000,77720,CHAPELLE-GAUTHIER (LA),77,Maison,95,5,343,2024
184000,77720,CHAPELLE-GAUTHIER (LA),77,Maison,95,5,500,2024
2226300,77630,BARBIZON,77,Maison,170,5,813,2024
2226300,77630,BARBIZON,77,Maison,255,6,1269,2024
2226300,77630,BARBIZON,77,Dépendance,0,0,432,2024
2226300,77630,BARBIZON,77,Maison,255,6,432,2024
2226300,77630,BARBIZON,77,Dépendance,0,0,1269,2024
273000,77690,MONTIGNY-SUR-LOING,77,Maison,73,4,827,2024
50000,77930,PERTHES,77,Local industriel. commercial ou assimilé,88,0,1018,2024
421000,77760,RECLOSES,77,Maison,105,3,812,2024
421000,77760,RECLOSES,77,Dépendance,0,0,812,2024
200000,77930,CHAILLY-EN-BIERE,77,Dépendance,0,0,505,2024
200000,77930,CHAILLY-EN-BIERE,77,Maison,52,3,505,2024
332000,77000,ROCHETTE(LA),77,Maison,82,4,514,2024
285000,77380,COMBS LA VILLE,77,Maison,85,5,308,2024
600000,77340,PONTAULT COMBAULT,77,Dépendance,0,0,681,2024
600000,77340,PONTAULT COMBAULT,77,Appartement,48,2,681,2024
195000,77140,NEMOURS,77,Maison,79,4,194,2024
250000,77330,OZOIR LA FERRIERE,77,Appartement,22,1,22,2024
285000,77127,LIEUSAINT,77,Maison,100,5,463,2024
269000,77460,CHAINTREAUX,77,Maison,90,3,258,2024
269000,77460,CHAINTREAUX,77,Dépendance,0,0,258,2024
218770,77850,HERICY,77,Maison,50,3,48,2024
64500,77460,SOUPPES-SUR-LOING,77,Dépendance,0,0,381,2024
425000,77310,BOISSISE-LE-ROI,77,Maison,160,5,836,2024
425000,77310,BOISSISE-LE-ROI,77,Dépendance,0,0,836,2024
425000,77310,BOISSISE-LE-ROI,77,Dépendance,0,0,500,2024
425000,77310,BOISSISE-LE-ROI,77,Maison,160,5,500,2024
375859,77920,SAMOIS SUR SEINE,77,Maison,84,4,120,2024
990050,77000,VAUX-LE-PENIL,77,Local industriel. commercial ou assimilé,2100,0,4093,2024
132000,77140,MONCOURT FROMONVILLE,77,Maison,85,4,428,2024
220000,77430,CHAMPAGNE SUR SEINE,77,Maison,97,5,112,2024
220000,77430,CHAMPAGNE SUR SEINE,77,Maison,97,5,676,2024
177000,77250,MORET-LOING-ET-ORVANNE,77,Maison,86,4,1371,2024
210000,77140,SAINT-PIERRE-LES-NEMOURS,77,Dépendance,0,0,898,2024
210000,77140,SAINT-PIERRE-LES-NEMOURS,77,Maison,99,4,898,2024
289000,77690,MONTIGNY-SUR-LOING,77,Maison,70,3,636,2024
1150000,77630,BARBIZON,77,Maison,250,8,492,2024
1150000,77630,BARBIZON,77,Dépendance,0,0,492,2024
415000,77127,LIEUSAINT,77,Maison,89,4,406,2024
365300,77150,LESIGNY,77,Maison,88,4,194,2024
368000,77130,GRANDE-PAROISSE (LA),77,Maison,180,6,833,2024
356000,77930,CELY EN BIERE,77,Maison,100,5,908,2024
297000,77390,VERNEUIL-L ETANG,77,Maison,120,5,548,2024
339990,77127,LIEUSAINT,77,Maison,100,6,403,2024
700,77176,NANDY,77,Maison,50,1,1000,2024
700,77176,NANDY,77,Dépendance,0,0,888,2024
700,77176,NANDY,77,Maison,141,4,888,2024
700,77176,NANDY,77,Maison,50,1,888,2024
700,77176,NANDY,77,Dépendance,0,0,1000,2024
700,77176,NANDY,77,Maison,141,4,1000,2024
298000,77310,SAINT-FARGEAU-PONTHIERRY,77,Maison,130,4,667,2024
140000,77000,MELUN,77,Maison,52,3,253,2024
140000,77000,MELUN,77,Dépendance,0,0,253,2024
120000,77000,MELUN,77,Maison,38,2,220,2024
120000,77000,MELUN,77,Dépendance,0,0,220,2024
350000,77340,PONTAULT COMBAULT,77,Maison,106,5,184,2024
305000,77930,SAINT-SAUVEUR-SUR-ECOLE,77,Maison,130,4,753,2024
278000,77170,SERVON,77,Maison,67,3,146,2024
365000,77190,DAMMARIE LES LYS,77,Maison,121,6,928,2024
365000,77190,DAMMARIE LES LYS,77,Maison,121,6,200,2024
330000,77850,HERICY,77,Maison,81,4,100,2024
300000,77310,SAINT-FARGEAU-PONTHIERRY,77,Maison,86,4,323,2024
440000,77250,MORET-LOING-ET-ORVANNE,77,Maison,157,6,655,2024
365000,77390,FOUJU,77,Maison,25,2,260,2024
365000,77390,FOUJU,77,Maison,76,3,260,2024
1200000,77170,BRIE COMTE ROBERT,77,Local industriel. commercial ou assimilé,1000,0,2813,2024
425000,77340,PONTAULT COMBAULT,77,Maison,135,4,461,2024
395000,77150,LESIGNY,77,Maison,110,3,152,2024
395000,77150,LESIGNY,77,Maison,110,3,500,2024
468550,77760,CHEVRAINVILLIERS,77,Dépendance,0,0,1552,2024
468550,77760,CHEVRAINVILLIERS,77,Maison,163,5,1552,2024
475000,77150,LESIGNY,77,Maison,155,6,260,2024
475000,77150,LESIGNY,77,Maison,155,6,500,2024
650000,77240,CESSON,77,Local industriel. commercial ou assimilé,435,0,944,2024
235150,77190,DAMMARIE LES LYS,77,Dépendance,0,0,360,2024
235150,77190,DAMMARIE LES LYS,77,Maison,72,4,360,2024
259479,77176,SAVIGNY-LE-TEMPLE,77,Maison,82,4,226,2024
620000,77330,OZOIR LA FERRIERE,77,Maison,154,5,793,2024
620000,77330,OZOIR LA FERRIERE,77,Dépendance,0,0,793,2024
376500,77950,RUBELLES,77,Maison,109,4,547,2024
376500,77950,RUBELLES,77,Dépendance,0,0,547,2024
95000,77460,SOUPPES-SUR-LOING,77,Maison,74,3,46,2024
134000,77350,LE MEE SUR SEINE,77,Dépendance,0,0,8617,2024
275000,77310,SAINT-FARGEAU-PONTHIERRY,77,Maison,77,3,273,2024
275000,77310,SAINT-FARGEAU-PONTHIERRY,77,Dépendance,0,0,273,2024
190000,77620,EGREVILLE,77,Dépendance,0,0,1800,2024
190000,77620,EGREVILLE,77,Maison,141,4,1800,2024
190000,77620,EGREVILLE,77,Dépendance,0,0,508,2024
190000,77620,EGREVILLE,77,Maison,141,4,508,2024
259000,77240,VERT-SAINT-DENIS,77,Maison,88,5,216,2024
258000,77310,BOISSISE-LE-ROI,77,Maison,90,6,337,2024
287000,77220,GRETZ-ARMAINVILLIERS,77,Dépendance,0,0,393,2024
287000,77220,GRETZ-ARMAINVILLIERS,77,Maison,81,3,393,2024
540000,77330,OZOIR LA FERRIERE,77,Maison,159,6,712,2024
340000,77330,OZOIR LA FERRIERE,77,Maison,103,4,376,2024
345000,77240,CESSON,77,Maison,113,5,841,2024
815000,77680,ROISSY-EN-BRIE,77,Local industriel. commercial ou assimilé,600,0,1188,2024
356350,77550,LIMOGES-FOURCHES,77,Maison,104,5,500,2024
356350,77550,LIMOGES-FOURCHES,77,Maison,104,5,115,2024
283000,77350,LE MEE SUR SEINE,77,Maison,80,5,464,2024
245000,77170,SERVON,77,Maison,65,3,83,2024
243600,77310,SAINT-FARGEAU-PONTHIERRY,77,Dépendance,0,0,290,2024
243600,77310,SAINT-FARGEAU-PONTHIERRY,77,Maison,62,2,290,2024
395000,77380,COMBS LA VILLE,77,Maison,103,4,597,2024
395000,77380,COMBS LA VILLE,77,Maison,103,4,128,2024
170000,77380,COMBS LA VILLE,77,Maison,140,7,692,2024
219800,77190,DAMMARIE LES LYS,77,Maison,73,4,121,2024
220000,77176,SAVIGNY-LE-TEMPLE,77,Maison,85,5,207,2024
240000,77390,CHAUMES-EN-BRIE,77,Appartement,30,1,164,2024
240000,77390,CHAUMES-EN-BRIE,77,Appartement,40,2,164,2024
240000,77390,CHAUMES-EN-BRIE,77,Appartement,36,2,164,2024
240000,77390,CHAUMES-EN-BRIE,77,Dépendance,0,0,164,2024
15000,77140,NEMOURS,77,Maison,98,5,517,2024
250000,77167,FAY-LES-NEMOURS,77,Dépendance,0,0,800,2024
250000,77167,FAY-LES-NEMOURS,77,Maison,98,4,800,2024
125000,77350,LE MEE SUR SEINE,77,Dépendance,0,0,8617,2024
370000,77000,MELUN,77,Appartement,51,2,221,2024
370000,77000,MELUN,77,Local industriel. commercial ou assimilé,100,0,221,2024
370000,77000,MELUN,77,Local industriel. commercial ou assimilé,27,0,221,2024
370000,77000,MELUN,77,Local industriel. commercial ou assimilé,50,0,221,2024
370000,77000,MELUN,77,Appartement,46,2,221,2024
187500,77176,NANDY,77,Maison,76,4,362,2024
160000,77570,CHATEAU-LANDON,77,Dépendance,0,0,425,2024
160000,77570,CHATEAU-LANDON,77,Maison,98,5,425,2024
160000,77570,CHATEAU-LANDON,77,Maison,98,5,1014,2024
160000,77570,CHATEAU-LANDON,77,Dépendance,0,0,1014,2024
125350,77570,CHATEAU-LANDON,77,Maison,23,2,73,2024
269000,77590,BOIS LE ROI,77,Maison,100,5,844,2024
230000,77115,BLANDY,77,Maison,133,4,481,2024
285000,77130,MAROLLES-SUR-SEINE,77,Maison,127,2,200,2024
285000,77130,MAROLLES-SUR-SEINE,77,Maison,127,2,620,2024
343450,77220,PRESLES-EN-BRIE,77,Maison,180,4,376,2024
212500,77310,BOISSISE-LE-ROI,77,Maison,72,4,100,2024
125000,77130,MAROLLES-SUR-SEINE,77,Dépendance,0,0,115,2024
125000,77130,MAROLLES-SUR-SEINE,77,Maison,46,2,115,2024
125000,77130,MAROLLES-SUR-SEINE,77,Maison,102,4,115,2024
343000,77550,MOISSY-CRAMAYEL,77,Maison,104,5,313,2024
343000,77550,MOISSY-CRAMAYEL,77,Dépendance,0,0,313,2024
322004,77127,LIEUSAINT,77,Maison,100,5,463,2024
304710,77240,VERT-SAINT-DENIS,77,Dépendance,0,0,278,2024
304710,77240,VERT-SAINT-DENIS,77,Maison,77,4,278,2024
730000,77590,BOIS LE ROI,77,Maison,186,6,519,2024
730000,77590,BOIS LE ROI,77,Maison,186,6,500,2024
270000,77250,MORET-LOING-ET-ORVANNE,77,Dépendance,0,0,299,2024
270000,77250,MORET-LOING-ET-ORVANNE,77,Maison,120,5,299,2024
199000,77250,MORET-LOING-ET-ORVANNE,77,Maison,70,5,400,2024
199000,77250,MORET-LOING-ET-ORVANNE,77,Maison,70,5,205,2024
180000,77810,THOMERY,77,Maison,80,4,327,2024
180000,77810,THOMERY,77,Dépendance,0,0,327,2024
266700,77176,SAVIGNY-LE-TEMPLE,77,Maison,83,5,267,2024
218260,77140,NEMOURS,77,Maison,95,5,277,2024
220000,77166,GRISY-SUISNES,77,Dépendance,0,0,648,2024
220000,77166,GRISY-SUISNES,77,Maison,80,3,648,2024
220000,77166,GRISY-SUISNES,77,Maison,69,3,648,2024
361000,77310,BOISSISE-LE-ROI,77,Maison,146,6,1001,2024
280000,77123,VAUDOUE (LE),77,Maison,118,4,47,2024
11000,77126,COURCELLES-EN-BASSEE,77,Dépendance,0,0,105,2024
309380,77390,GUIGNES,77,Maison,103,4,500,2024
309380,77390,GUIGNES,77,Maison,103,4,309,2024
330000,77133,MACHAULT,77,Dépendance,0,0,275,2024
330000,77133,MACHAULT,77,Maison,126,6,275,2024
371429,77380,COMBS LA VILLE,77,Maison,129,5,497,2024
185000,77130,SAINT-GERMAIN-LAVAL,77,Dépendance,0,0,239,2024
185000,77130,SAINT-GERMAIN-LAVAL,77,Maison,70,2,239,2024
245000,77390,VERNEUIL-L ETANG,77,Dépendance,0,0,570,2024
245000,77390,VERNEUIL-L ETANG,77,Maison,104,5,570,2024
220000,77720,SAINT-MERY,77,Maison,104,4,76,2024
110000,77590,FONTAINE-LE-PORT,77,Dépendance,0,0,327,2024
110000,77590,FONTAINE-LE-PORT,77,Maison,48,2,327,2024
240000,77000,VAUX-LE-PENIL,77,Maison,63,3,85,2024
285000,77240,VERT-SAINT-DENIS,77,Maison,101,7,453,2024
279000,77670,SAINT-MAMMES,77,Maison,117,4,235,2024
266500,77135,PONTCARRE,77,Maison,80,4,157,2024
463100,77820,CHATELET-EN-BRIE (LE),77,Maison,130,5,500,2024
463100,77820,CHATELET-EN-BRIE (LE),77,Maison,130,5,1779,2024
215000,77000,VAUX-LE-PENIL,77,Dépendance,0,0,161,2024
215000,77000,VAUX-LE-PENIL,77,Maison,55,4,161,2024
349000,77220,LIVERDY-EN-BRIE,77,Maison,109,6,552,2024
234500,77390,COURTOMER,77,Maison,130,6,500,2024
234500,77390,COURTOMER,77,Maison,130,6,759,2024
450000,77760,BOISSY-AUX-CAILLES,77,Maison,180,3,396,2024
450000,77760,BOISSY-AUX-CAILLES,77,Dépendance,0,0,396,2024
205000,77130,DORMELLES,77,Maison,89,3,395,2024
205000,77130,DORMELLES,77,Dépendance,0,0,395,2024
205800,77111,SOIGNOLLES-EN-BRIE,77,Maison,70,3,14,2024
205800,77111,SOIGNOLLES-EN-BRIE,77,Dépendance,0,0,14,2024
270000,77240,VERT-SAINT-DENIS,77,Dépendance,0,0,1811,2024
267000,77630,BARBIZON,77,Dépendance,0,0,376,2024
267000,77630,BARBIZON,77,Maison,24,2,376,2024
738650,77300,FONTAINEBLEAU,77,Maison,201,7,205,2024
282400,77390,GUIGNES,77,Maison,90,6,300,2024
282400,77390,GUIGNES,77,Maison,90,6,447,2024
257400,77000,MELUN,77,Dépendance,0,0,176,2024
257400,77000,MELUN,77,Maison,110,4,176,2024
357500,77135,PONTCARRE,77,Maison,130,6,187,2024
295000,77630,ARBONNE-LA-FORET,77,Maison,100,5,440,2024
295000,77630,ARBONNE-LA-FORET,77,Dépendance,0,0,440,2024
245000,77000,MELUN,77,Maison,95,5,187,2024
110000,77176,SAVIGNY-LE-TEMPLE,77,Dépendance,0,0,334,2024
110000,77176,SAVIGNY-LE-TEMPLE,77,Maison,20,1,334,2024
570000,77000,MELUN,77,Dépendance,0,0,887,2024
570000,77000,MELUN,77,Maison,168,7,887,2024
164000,77940,VOULX,77,Dépendance,0,0,296,2024
164000,77940,VOULX,77,Maison,119,4,296,2024
252000,77880,GREZ-SUR-LOING,77,Dépendance,0,0,218,2024
252000,77880,GREZ-SUR-LOING,77,Local industriel. commercial ou assimilé,25,0,218,2024
252000,77880,GREZ-SUR-LOING,77,Local industriel. commercial ou assimilé,170,0,218,2024
252000,77880,GREZ-SUR-LOING,77,Appartement,100,5,218,2024
134000,77148,SALINS,77,Maison,115,5,115,2024
392000,77850,HERICY,77,Maison,114,4,825,2024
275000,77590,BOIS LE ROI,77,Maison,73,3,486,2024
275000,77590,BOIS LE ROI,77,Dépendance,0,0,486,2024
405000,77630,SAINT-MARTIN-EN-BIERE,77,Maison,142,5,522,2024
405000,77630,SAINT-MARTIN-EN-BIERE,77,Appartement,35,2,500,2024
405000,77630,SAINT-MARTIN-EN-BIERE,77,Maison,142,5,500,2024
405000,77630,SAINT-MARTIN-EN-BIERE,77,Appartement,35,2,522,2024
1,77310,PRINGY,77,Local industriel. commercial ou assimilé,488,0,1500,2024
1,77310,PRINGY,77,Local industriel. commercial ou assimilé,488,0,5535,2024
1,77310,PRINGY,77,Local industriel. commercial ou assimilé,682,0,5535,2024
1,77310,PRINGY,77,Local industriel. commercial ou assimilé,682,0,1500,2024
230000,77430,CHAMPAGNE SUR SEINE,77,Local industriel. commercial ou assimilé,23,0,723,2024
230000,77430,CHAMPAGNE SUR SEINE,77,Dépendance,0,0,723,2024
647000,77300,FONTAINEBLEAU,77,Dépendance,0,0,750,2024
647000,77300,FONTAINEBLEAU,77,Maison,119,6,750,2024
184000,77130,DORMELLES,77,Maison,122,3,274,2024
184000,77130,DORMELLES,77,Dépendance,0,0,274,2024
265000,77123,VAUDOUE (LE),77,Maison,101,3,220,2024
200000,77130,VARENNES-SUR-SEINE,77,Maison,70,4,485,2024
200000,77760,ACHERES-LA-FORET,77,Maison,75,5,150,2024
200000,77760,ACHERES-LA-FORET,77,Maison,75,5,500,2024
195000,77550,MOISSY-CRAMAYEL,77,Maison,84,4,190,2024
116225,77310,BOISSISE-LE-ROI,77,Maison,64,3,762,2024
306177,77176,NANDY,77,Maison,100,5,327,2024
190000,77940,THOURY FEROTTES,77,Dépendance,0,0,281,2024
190000,77940,THOURY FEROTTES,77,Maison,116,6,281,2024
130000,77250,MORET-LOING-ET-ORVANNE,77,Maison,69,4,332,2024
267000,77710,VILLEMARECHAL,77,Maison,98,5,1017,2024
267000,77710,VILLEMARECHAL,77,Maison,98,5,500,2024
228000,77250,VILLECERF,77,Maison,103,5,690,2024
240000,77140,NONVILLE,77,Maison,94,4,877,2024
205000,77140,SAINT-PIERRE-LES-NEMOURS,77,Maison,104,5,314,2024
220000,77123,TOUSSON,77,Maison,130,4,467,2024
220000,77123,TOUSSON,77,Dépendance,0,0,467,2024
326000,77670,VERNOU-LA-CELLE-SUR-SEINE,77,Maison,118,2,1183,2024
195000,77210,SAMOREAU,77,Maison,81,3,45,2024
338000,77690,GENEVRAYE (LA),77,Maison,150,6,631,2024
381500,77850,HERICY,77,Maison,120,5,500,2024
302000,77140,MONCOURT FROMONVILLE,77,Maison,140,5,486,2024
221000,77140,NEMOURS,77,Maison,114,4,1020,2024
300000,77140,NEMOURS,77,Local industriel. commercial ou assimilé,160,0,756,2024
625000,77220,PRESLES-EN-BRIE,77,Maison,241,7,1459,2024
625000,77220,PRESLES-EN-BRIE,77,Dépendance,0,0,1459,2024
320000,77390,OZOUER-LE-VOULGIS,77,Dépendance,0,0,485,2024
320000,77390,OZOUER-LE-VOULGIS,77,Maison,81,4,485,2024
145000,77250,VILLECERF,77,Maison,146,3,137,2024
83000,77670,SAINT-MAMMES,77,Dépendance,0,0,469,2024
223000,77140,DARVAULT,77,Maison,73,4,326,2024
437000,77140,MONCOURT FROMONVILLE,77,Dépendance,0,0,481,2024
437000,77140,MONCOURT FROMONVILLE,77,Dépendance,0,0,2000,2024
437000,77140,MONCOURT FROMONVILLE,77,Maison,88,4,2000,2024
437000,77140,MONCOURT FROMONVILLE,77,Maison,88,4,481,2024
240000,77760,CHAPELLE-LA-REINE (LA),77,Maison,147,5,1102,2024
240000,77760,CHAPELLE-LA-REINE (LA),77,Maison,147,5,220,2024
255000,77780,BOURRON-MARLOTTE,77,Dépendance,0,0,43,2024
255000,77780,BOURRON-MARLOTTE,77,Maison,40,3,43,2024
230000,77950,MAINCY,77,Appartement,20,1,76,2024
230000,77950,MAINCY,77,Appartement,45,2,76,2024
273000,77310,SAINT-FARGEAU-PONTHIERRY,77,Maison,126,6,327,2024
273000,77310,SAINT-FARGEAU-PONTHIERRY,77,Dépendance,0,0,327,2024
270000,77190,DAMMARIE LES LYS,77,Maison,90,4,734,2024
237000,77380,COMBS LA VILLE,77,Maison,101,4,193,2024
219500,77170,BRIE COMTE ROBERT,77,Appartement,45,2,146,2024
219500,77170,BRIE COMTE ROBERT,77,Dépendance,0,0,146,2024
219500,77170,BRIE COMTE ROBERT,77,Appartement,46,3,146,2024
274000,77570,MONDREVILLE,77,Maison,55,2,6546,2024
274000,77570,MONDREVILLE,77,Maison,90,4,6546,2024
205000,77460,SOUPPES-SUR-LOING,77,Maison,158,4,580,2024
510000,77390,CHAUMES-EN-BRIE,77,Maison,178,7,500,2024
510000,77390,CHAUMES-EN-BRIE,77,Dépendance,0,0,2868,2024
510000,77390,CHAUMES-EN-BRIE,77,Maison,178,7,2868,2024
510000,77390,CHAUMES-EN-BRIE,77,Dépendance,0,0,500,2024
415000,77150,LESIGNY,77,Maison,140,7,500,2024
415000,77150,LESIGNY,77,Maison,140,7,303,2024
331000,77340,PONTAULT COMBAULT,77,Maison,81,4,196,2024
620000,77150,LESIGNY,77,Maison,123,4,336,2024
620000,77150,LESIGNY,77,Maison,123,4,500,2024
456400,77166,EVRY-GREGY-SUR-YERRE,77,Maison,162,7,464,2024
177811,77220,TOURNAN-EN-BRIE,77,Local industriel. commercial ou assimilé,0,0,27,2024
177811,77220,TOURNAN-EN-BRIE,77,Maison,103,6,397,2024
431700,77170,BRIE COMTE ROBERT,77,Maison,126,5,470,2024
431700,77170,BRIE COMTE ROBERT,77,Dépendance,0,0,470,2024
187000,77850,HERICY,77,Dépendance,0,0,745,2024
187000,77850,HERICY,77,Maison,180,1,745,2024
200000,77430,CHAMPAGNE SUR SEINE,77,Maison,94,4,371,2024
270750,77240,CESSON,77,Maison,70,3,552,2024
165000,77250,MORET-LOING-ET-ORVANNE,77,Maison,62,3,437,2024
273000,77220,GRETZ-ARMAINVILLIERS,77,Maison,71,4,356,2024
280000,77210,AVON,77,Dépendance,0,0,50,2024
280000,77210,AVON,77,Maison,110,4,50,2024
101200,77620,EGREVILLE,77,Dépendance,0,0,127,2024
101200,77620,EGREVILLE,77,Maison,62,3,127,2024
101200,77620,EGREVILLE,77,Dépendance,0,0,1000,2024
101200,77620,EGREVILLE,77,Maison,62,3,1000,2024
281300,77176,NANDY,77,Maison,75,4,336,2024
300000,77550,LISSY,77,Maison,112,5,514,2024
252000,77550,MOISSY-CRAMAYEL,77,Maison,99,4,226,2024
158000,77940,VOULX,77,Dépendance,0,0,315,2024
158000,77940,VOULX,77,Maison,62,3,315,2024
104440,77190,DAMMARIE LES LYS,77,Maison,58,3,196,2024
104440,77190,DAMMARIE LES LYS,77,Local industriel. commercial ou assimilé,28,0,196,2024
368890,77310,PRINGY,77,Maison,110,5,595,2024
130000,77570,CHENOU,77,Dépendance,0,0,430,2024
130000,77570,CHENOU,77,Dépendance,0,0,1358,2024
130000,77570,CHENOU,77,Maison,76,3,1358,2024
130000,77570,CHENOU,77,Maison,76,3,430,2024
340000,77330,OZOIR LA FERRIERE,77,Maison,126,6,474,2024
340000,77330,OZOIR LA FERRIERE,77,Dépendance,0,0,474,2024
155000,77390,CHAUMES-EN-BRIE,77,Dépendance,0,0,1000,2024
133014,77380,COMBS LA VILLE,77,Maison,100,5,65,2024
177500,77690,MONTIGNY-SUR-LOING,77,Maison,115,6,193,2024
100000,77570,CHATEAU-LANDON,77,Maison,67,2,475,2024
65000,77570,CHATEAU-LANDON,77,Maison,45,3,356,2024
1700000,77330,OZOIR LA FERRIERE,77,Local industriel. commercial ou assimilé,1031,0,2000,2024
390000,77570,CHATEAU-LANDON,77,Maison,140,5,984,2024
390000,77570,CHATEAU-LANDON,77,Dépendance,0,0,984,2024
277500,77176,NANDY,77,Maison,85,5,263,2024
277500,77176,NANDY,77,Dépendance,0,0,263,2024
90000,77460,SOUPPES-SUR-LOING,77,Appartement,55,3,220,2024
90000,77460,SOUPPES-SUR-LOING,77,Appartement,52,3,220,2024
90000,77460,SOUPPES-SUR-LOING,77,Appartement,25,1,220,2024
90000,77460,SOUPPES-SUR-LOING,77,Appartement,50,3,220,2024
90000,77460,SOUPPES-SUR-LOING,77,Appartement,60,3,220,2024
393600,77330,OZOIR LA FERRIERE,77,Maison,138,5,579,2024
260000,77250,MORET-LOING-ET-ORVANNE,77,Maison,105,4,167,2024
260000,77250,MORET-LOING-ET-ORVANNE,77,Dépendance,0,0,167,2024
335000,77680,ROISSY-EN-BRIE,77,Maison,100,4,426,2024
166000,77250,MORET-LOING-ET-ORVANNE,77,Maison,93,3,69,2024
349000,77310,PRINGY,77,Maison,111,6,752,2024
283000,77340,PONTAULT COMBAULT,77,Maison,90,4,181,2024
176000,77340,PONTAULT COMBAULT,77,Maison,60,3,44,2024
700000,77170,SERVON,77,Maison,99,6,1395,2024
700000,77170,SERVON,77,Dépendance,0,0,1395,2024
378503,77680,ROISSY-EN-BRIE,77,Maison,113,5,432,2024
378503,77680,ROISSY-EN-BRIE,77,Dépendance,0,0,432,2024
120000,77167,BAGNEAUX-SUR-LOING,77,Maison,77,4,478,2024
477640,77310,SAINT-FARGEAU-PONTHIERRY,77,Maison,104,6,1737,2024
477640,77310,SAINT-FARGEAU-PONTHIERRY,77,Maison,104,6,64,2024
60000,77550,LISSY,77,Maison,65,3,146,2024
199000,77140,NEMOURS,77,Maison,120,4,65,2024
199000,77140,NEMOURS,77,Appartement,83,3,65,2024
199000,77140,NEMOURS,77,Dépendance,0,0,65,2024
290000,77310,PRINGY,77,Maison,83,5,636,2024
270000,77390,VERNEUIL-L ETANG,77,Maison,88,4,674,2024
465000,77000,MELUN,77,Dépendance,0,0,91,2024
465000,77000,MELUN,77,Appartement,32,2,91,2024
465000,77000,MELUN,77,Appartement,29,1,91,2024
465000,77000,MELUN,77,Appartement,41,2,91,2024
465000,77000,MELUN,77,Appartement,33,2,57,2024
465000,77000,MELUN,77,Dépendance,0,0,57,2024
465000,77000,MELUN,77,Local industriel. commercial ou assimilé,39,0,57,2024
199000,77760,ACHERES-LA-FORET,77,Maison,125,5,500,2024
199000,77760,ACHERES-LA-FORET,77,Maison,125,5,228,2024
1,77176,SAVIGNY-LE-TEMPLE,77,Local industriel. commercial ou assimilé,0,0,1627,2024
1,77176,SAVIGNY-LE-TEMPLE,77,Local industriel. commercial ou assimilé,0,0,25,2024
1,77176,SAVIGNY-LE-TEMPLE,77,Appartement,60,3,9879,2024
1,77176,SAVIGNY-LE-TEMPLE,77,Local industriel. commercial ou assimilé,2559,0,1087,2024
277000,77720,MORMANT,77,Maison,102,5,532,2024
115000,77390,GUIGNES,77,Dépendance,0,0,400,2024
115000,77390,GUIGNES,77,Dépendance,0,0,490,2024
115000,77390,GUIGNES,77,Maison,81,4,490,2024
115000,77390,GUIGNES,77,Maison,81,4,400,2024
370000,77130,MONTEREAU FAULT YONNE,77,Maison,140,5,335,2024
240000,77210,SAMOREAU,77,Maison,87,4,577,2024
138889,77810,THOMERY,77,Dépendance,0,0,1235,2024
270000,77250,MORET-LOING-ET-ORVANNE,77,Maison,100,4,342,2024
780000,77300,FONTAINEBLEAU,77,Maison,200,5,205,2024
239000,77130,VILLE-SAINT-JACQUES,77,Dépendance,0,0,656,2024
239000,77130,VILLE-SAINT-JACQUES,77,Maison,111,5,656,2024
109000,77830,ECHOUBOULAINS,77,Dépendance,0,0,323,2024
109000,77830,ECHOUBOULAINS,77,Maison,85,4,185,2024
289000,77940,FLAGY,77,Maison,119,6,782,2024
289000,77940,FLAGY,77,Maison,119,6,145,2024
234000,77760,BURCY,77,Dépendance,0,0,605,2024
234000,77760,BURCY,77,Maison,106,6,605,2024
145000,77430,CHAMPAGNE SUR SEINE,77,Maison,72,4,407,2024
145000,77430,CHAMPAGNE SUR SEINE,77,Dépendance,0,0,407,2024
315000,77310,SAINT-FARGEAU-PONTHIERRY,77,Dépendance,0,0,447,2024
315000,77310,SAINT-FARGEAU-PONTHIERRY,77,Maison,108,6,447,2024
288000,77460,CHAINTREAUX,77,Maison,163,6,587,2024
250000,77920,SAMOIS SUR SEINE,77,Maison,125,5,293,2024
145000,77130,DORMELLES,77,Maison,72,3,716,2024
145000,77130,DORMELLES,77,Maison,72,3,500,2024
88921,77140,MONCOURT FROMONVILLE,77,Dépendance,0,0,76,2024
88921,77140,MONCOURT FROMONVILLE,77,Maison,125,6,76,2024
825000,77300,FONTAINEBLEAU,77,Dépendance,0,0,157,2024
825000,77300,FONTAINEBLEAU,77,Maison,130,3,157,2024
236450,77720,CHAPELLE-GAUTHIER (LA),77,Maison,95,4,898,2024
375540,77220,GRETZ-ARMAINVILLIERS,77,Maison,154,5,544,2024
231000,77930,CHAILLY-EN-BIERE,77,Appartement,30,1,316,2024
231000,77930,CHAILLY-EN-BIERE,77,Appartement,40,1,316,2024
686900,77760,ACHERES-LA-FORET,77,Maison,230,9,1000,2024
686900,77760,ACHERES-LA-FORET,77,Maison,230,9,4297,2024
290000,77176,SAVIGNY-LE-TEMPLE,77,Maison,103,5,488,2024
290000,77176,SAVIGNY-LE-TEMPLE,77,Dépendance,0,0,488,2024
360585,77130,MONTEREAU FAULT YONNE,77,Local industriel. commercial ou assimilé,220,0,249,2024
360585,77130,MONTEREAU FAULT YONNE,77,Maison,110,3,249,2024
360585,77130,MONTEREAU FAULT YONNE,77,Appartement,50,2,152,2024
360585,77130,MONTEREAU FAULT YONNE,77,Local industriel. commercial ou assimilé,120,0,152,2024
360585,77130,MONTEREAU FAULT YONNE,77,Appartement,75,3,48,2024
360585,77130,MONTEREAU FAULT YONNE,77,Appartement,50,2,48,2024
360585,77130,MONTEREAU FAULT YONNE,77,Local industriel. commercial ou assimilé,25,0,48,2024
360585,77130,MONTEREAU FAULT YONNE,77,Dépendance,0,0,48,2024
224990,77720,BOMBON,77,Dépendance,0,0,740,2024
224990,77720,BOMBON,77,Maison,90,4,740,2024
181000,77130,VARENNES-SUR-SEINE,77,Dépendance,0,0,350,2024
181000,77130,VARENNES-SUR-SEINE,77,Maison,126,4,350,2024
418000,77150,LESIGNY,77,Maison,105,4,649,2024
265000,77720,SAINT-MERY,77,Dépendance,0,0,409,2024
265000,77720,SAINT-MERY,77,Maison,118,6,409,2024
189000,77370,FONTENAILLES,77,Dépendance,0,0,995,2024
189000,77370,FONTENAILLES,77,Maison,122,5,995,2024
626250,77123,NOISY-SUR-ECOLE,77,Maison,241,7,1902,2024
80000,77710,NANTEAU-SUR-LUNAIN,77,Dépendance,0,0,588,2024
273180,77380,COMBS LA VILLE,77,Maison,76,4,187,2024
198000,77680,ROISSY-EN-BRIE,77,Dépendance,0,0,13,2024
288000,77460,SOUPPES-SUR-LOING,77,Dépendance,0,0,928,2024
288000,77460,SOUPPES-SUR-LOING,77,Maison,106,4,928,2024
288000,77460,SOUPPES-SUR-LOING,77,Maison,23,1,928,2024
15000,77920,SAMOIS SUR SEINE,77,Dépendance,0,0,20,2024
1500000,77170,SERVON,77,Local industriel. commercial ou assimilé,1220,0,2936,2024
116370,77390,GUIGNES,77,Maison,140,7,893,2024
200000,77310,SAINT-FARGEAU-PONTHIERRY,77,Maison,68,3,279,2024
200000,77310,SAINT-FARGEAU-PONTHIERRY,77,Dépendance,0,0,279,2024
250000,77760,URY,77,Maison,120,6,496,2024
197609,77570,BOUGLIGNY,77,Maison,118,4,686,2024
3000000,77630,BARBIZON,77,Maison,320,7,17,2024
3000000,77630,BARBIZON,77,Dépendance,0,0,625,2024
3000000,77630,BARBIZON,77,Maison,320,7,625,2024
3000000,77630,BARBIZON,77,Dépendance,0,0,10000,2024
3000000,77630,BARBIZON,77,Maison,320,7,10000,2024
3000000,77630,BARBIZON,77,Dépendance,0,0,17,2024
250000,77000,MELUN,77,Local industriel. commercial ou assimilé,48,0,48,2024
250000,77000,MELUN,77,Maison,59,4,48,2024
260000,77170,SERVON,77,Maison,64,4,514,2024
500000,77680,ROISSY-EN-BRIE,77,Local industriel. commercial ou assimilé,427,0,554,2024
401450,77150,LESIGNY,77,Maison,108,5,264,2024
401450,77150,LESIGNY,77,Maison,108,5,500,2024
224000,77310,SAINT-FARGEAU-PONTHIERRY,77,Maison,65,3,263,2024
360000,77000,MELUN,77,Dépendance,0,0,672,2024
360000,77000,MELUN,77,Appartement,42,4,672,2024
360000,77000,MELUN,77,Appartement,50,4,672,2024
294120,77166,EVRY-GREGY-SUR-YERRE,77,Maison,126,4,291,2024
229000,77720,SAINT-OUEN-EN-BRIE,77,Maison,86,4,415,2024
66500,77890,BEAUMONT-DU-GATINAIS,77,Dépendance,0,0,109,2024
66500,77890,BEAUMONT-DU-GATINAIS,77,Maison,60,2,109,2024
238817,77176,SAVIGNY-LE-TEMPLE,77,Maison,74,4,124,2024
96000,77350,LE MEE SUR SEINE,77,Dépendance,0,0,445,2024
285000,77190,DAMMARIE LES LYS,77,Maison,96,5,460,2024
78000,77690,MONTIGNY-SUR-LOING,77,Maison,70,3,523,2024
389500,77210,SAMOREAU,77,Maison,124,5,678,2024
604040,77310,SAINT-FARGEAU-PONTHIERRY,77,Maison,189,6,1335,2024
604040,77310,SAINT-FARGEAU-PONTHIERRY,77,Maison,189,6,500,2024
235000,77620,EGREVILLE,77,Dépendance,0,0,960,2024
235000,77620,EGREVILLE,77,Maison,103,4,960,2024
203000,77720,MORMANT,77,Dépendance,0,0,13,2024
342700,77140,SAINT-PIERRE-LES-NEMOURS,77,Maison,135,6,534,2024
342700,77140,SAINT-PIERRE-LES-NEMOURS,77,Maison,36,2,395,2024
552000,77330,OZOIR LA FERRIERE,77,Maison,167,6,411,2024
552000,77330,OZOIR LA FERRIERE,77,Maison,167,6,500,2024
396400,77250,MORET-LOING-ET-ORVANNE,77,Maison,110,6,601,2024
1275000,77340,PONTAULT COMBAULT,77,Dépendance,0,0,566,2024
1275000,77340,PONTAULT COMBAULT,77,Appartement,67,3,566,2024
1275000,77340,PONTAULT COMBAULT,77,Appartement,61,3,566,2024
1275000,77340,PONTAULT COMBAULT,77,Appartement,80,4,566,2024
1275000,77340,PONTAULT COMBAULT,77,Appartement,62,3,566,2024
336000,77166,GRISY-SUISNES,77,Maison,112,6,477,2024
135000,77620,BRANSLES,77,Maison,70,3,707,2024
133000,77140,NEMOURS,77,Maison,80,3,183,2024
133000,77140,NEMOURS,77,Dépendance,0,0,183,2024
2400000,77550,MOISSY-CRAMAYEL,77,Local industriel. commercial ou assimilé,1520,0,11016,2024
75700,77690,MONTIGNY-SUR-LOING,77,Maison,78,4,57,2024
3600000,77176,SAVIGNY-LE-TEMPLE,77,Local industriel. commercial ou assimilé,5354,0,15000,2024
405000,77170,SERVON,77,Maison,117,6,480,2024
360000,77000,MELUN,77,Maison,180,6,519,2024
360000,77000,MELUN,77,Dépendance,0,0,519,2024
360000,77000,MELUN,77,Maison,180,6,498,2024
360000,77000,MELUN,77,Dépendance,0,0,498,2024
230000,77176,SAVIGNY-LE-TEMPLE,77,Maison,85,4,123,2024
331900,77390,OZOUER-LE-VOULGIS,77,Maison,85,4,408,2024
331900,77390,OZOUER-LE-VOULGIS,77,Dépendance,0,0,408,2024
166500,77130,DORMELLES,77,Dépendance,0,0,325,2024
166500,77130,DORMELLES,77,Maison,120,5,325,2024
229000,77130,GRANDE-PAROISSE (LA),77,Dépendance,0,0,672,2024
229000,77130,GRANDE-PAROISSE (LA),77,Maison,98,5,672,2024
170000,77130,MISY-SUR-YONNE,77,Maison,81,3,519,2024
150000,77720,SAINT-OUEN-EN-BRIE,77,Maison,46,2,528,2024
98647,77140,NEMOURS,77,Maison,85,4,343,2024
149000,77130,GRANDE-PAROISSE (LA),77,Maison,79,4,223,2024
370413,77150,LESIGNY,77,Maison,146,6,580,2024
425000,77330,OZOIR LA FERRIERE,77,Maison,112,5,581,2024
265450,77176,SAVIGNY-LE-TEMPLE,77,Maison,84,4,249,2024
233000,77240,VERT-SAINT-DENIS,77,Maison,91,5,163,2024
339000,77390,VERNEUIL-L ETANG,77,Maison,116,6,698,2024
90000,77350,LE MEE SUR SEINE,77,Dépendance,0,0,445,2024
1175000,77210,SAMOREAU,77,Local industriel. commercial ou assimilé,170,0,1674,2024
1175000,77210,SAMOREAU,77,Local industriel. commercial ou assimilé,210,0,1674,2024
1175000,77210,SAMOREAU,77,Local industriel. commercial ou assimilé,440,0,1674,2024
31500000,77340,PONTAULT COMBAULT,77,Appartement,68,3,22726,2024
31500000,77340,PONTAULT COMBAULT,77,Dépendance,0,0,22726,2024
31500000,77340,PONTAULT COMBAULT,77,Appartement,87,4,22726,2024
31500000,77340,PONTAULT COMBAULT,77,Appartement,72,3,22726,2024
31500000,77340,PONTAULT COMBAULT,77,Appartement,73,3,22726,2024
31500000,77340,PONTAULT COMBAULT,77,Appartement,40,1,22726,2024
31500000,77340,PONTAULT COMBAULT,77,Appartement,56,2,22726,2024
31500000,77340,PONTAULT COMBAULT,77,Appartement,60,2,22726,2024
31500000,77340,PONTAULT COMBAULT,77,Appartement,54,2,22726,2024
31500000,77340,PONTAULT COMBAULT,77,Appartement,41,2,22726,2024
31500000,77340,PONTAULT COMBAULT,77,Appartement,34,2,22726,2024
31500000,77340,PONTAULT COMBAULT,77,Appartement,86,4,22726,2024
31500000,77340,PONTAULT COMBAULT,77,Appartement,71,3,22726,2024
31500000,77340,PONTAULT COMBAULT,77,Appartement,53,2,22726,2024
31500000,77340,PONTAULT COMBAULT,77,Appartement,62,3,22726,2024
31500000,77340,PONTAULT COMBAULT,77,Appartement,58,3,22726,2024
31500000,77340,PONTAULT COMBAULT,77,Appartement,66,3,22726,2024
31500000,77340,PONTAULT COMBAULT,77,Appartement,44,2,22726,2024
31500000,77340,PONTAULT COMBAULT,77,Appartement,45,2,22726,2024
31500000,77340,PONTAULT COMBAULT,77,Appartement,46,2,22726,2024
31500000,77340,PONTAULT COMBAULT,77,Appartement,94,5,22726,2024
31500000,77340,PONTAULT COMBAULT,77,Appartement,78,4,22726,2024
31500000,77340,PONTAULT COMBAULT,77,Appartement,106,5,22726,2024
31500000,77340,PONTAULT COMBAULT,77,Appartement,65,3,22726,2024
31500000,77340,PONTAULT COMBAULT,77,Appartement,60,3,22726,2024
31500000,77340,PONTAULT COMBAULT,77,Appartement,47,2,22726,2024
31500000,77340,PONTAULT COMBAULT,77,Appartement,92,4,22726,2024
31500000,77340,PONTAULT COMBAULT,77,Appartement,79,4,22726,2024
31500000,77340,PONTAULT COMBAULT,77,Appartement,82,4,22726,2024
31500000,77340,PONTAULT COMBAULT,77,Appartement,50,2,22726,2024
31500000,77340,PONTAULT COMBAULT,77,Appartement,67,3,22726,2024
31500000,77340,PONTAULT COMBAULT,77,Appartement,63,3,22726,2024
31500000,77340,PONTAULT COMBAULT,77,Appartement,48,2,22726,2024
31500000,77340,PONTAULT COMBAULT,77,Appartement,70,3,22726,2024
31500000,77340,PONTAULT COMBAULT,77,Appartement,90,4,22726,2024
31500000,77340,PONTAULT COMBAULT,77,Appartement,32,1,22726,2024
31500000,77340,PONTAULT COMBAULT,77,Appartement,49,2,22726,2024
31500000,77340,PONTAULT COMBAULT,77,Appartement,103,5,22726,2024
31500000,77340,PONTAULT COMBAULT,77,Appartement,58,2,22726,2024
31500000,77340,PONTAULT COMBAULT,77,Appartement,61,2,22726,2024
31500000,77340,PONTAULT COMBAULT,77,Appartement,36,2,22726,2024
31500000,77340,PONTAULT COMBAULT,77,Appartement,76,4,22726,2024
31500000,77340,PONTAULT COMBAULT,77,Appartement,30,2,22726,2024
31500000,77340,PONTAULT COMBAULT,77,Appartement,38,2,22726,2024
31500000,77340,PONTAULT COMBAULT,77,Appartement,83,4,22726,2024
31500000,77340,PONTAULT COMBAULT,77,Dépendance,0,0,21721,2024
31500000,77340,PONTAULT COMBAULT,77,Appartement,101,5,21721,2024
31500000,77340,PONTAULT COMBAULT,77,Appartement,73,3,21721,2024
31500000,77340,PONTAULT COMBAULT,77,Appartement,71,3,21721,2024
31500000,77340,PONTAULT COMBAULT,77,Appartement,49,2,21721,2024
31500000,77340,PONTAULT COMBAULT,77,Appartement,42,2,21721,2024
31500000,77340,PONTAULT COMBAULT,77,Appartement,85,4,21721,2024
31500000,77340,PONTAULT COMBAULT,77,Appartement,65,3,21721,2024
31500000,77340,PONTAULT COMBAULT,77,Appartement,66,3,21721,2024
31500000,77340,PONTAULT COMBAULT,77,Appartement,64,3,21721,2024
31500000,77340,PONTAULT COMBAULT,77,Appartement,78,4,21721,2024
31500000,77340,PONTAULT COMBAULT,77,Appartement,46,2,21721,2024
31500000,77340,PONTAULT COMBAULT,77,Appartement,98,5,21721,2024
31500000,77340,PONTAULT COMBAULT,77,Appartement,44,2,21721,2024
31500000,77340,PONTAULT COMBAULT,77,Appartement,89,4,21721,2024
31500000,77340,PONTAULT COMBAULT,77,Appartement,45,2,21721,2024
31500000,77340,PONTAULT COMBAULT,77,Appartement,86,4,21721,2024
31500000,77340,PONTAULT COMBAULT,77,Appartement,72,3,21721,2024
31500000,77340,PONTAULT COMBAULT,77,Appartement,76,4,21721,2024
31500000,77340,PONTAULT COMBAULT,77,Appartement,48,2,21721,2024
31500000,77340,PONTAULT COMBAULT,77,Appartement,82,4,21721,2024
31500000,77340,PONTAULT COMBAULT,77,Appartement,68,3,21721,2024
31500000,77340,PONTAULT COMBAULT,77,Appartement,61,3,21721,2024
31500000,77340,PONTAULT COMBAULT,77,Appartement,53,2,21721,2024
31500000,77340,PONTAULT COMBAULT,77,Appartement,80,4,21721,2024
31500000,77340,PONTAULT COMBAULT,77,Appartement,69,3,21721,2024
31500000,77340,PONTAULT COMBAULT,77,Appartement,52,2,21721,2024
31500000,77340,PONTAULT COMBAULT,77,Appartement,50,2,21721,2024
31500000,77340,PONTAULT COMBAULT,77,Appartement,81,4,21721,2024
31500000,77340,PONTAULT COMBAULT,77,Appartement,62,3,21721,2024
31500000,77340,PONTAULT COMBAULT,77,Appartement,94,5,21721,2024
31500000,77340,PONTAULT COMBAULT,77,Appartement,63,3,21721,2024
31500000,77340,PONTAULT COMBAULT,77,Appartement,42,3,21721,2024
31500000,77340,PONTAULT COMBAULT,77,Appartement,67,4,21721,2024
405000,77670,SAINT-MAMMES,77,Dépendance,0,0,538,2024
405000,77670,SAINT-MAMMES,77,Maison,158,6,538,2024
280000,77130,MONTEREAU FAULT YONNE,77,Maison,111,6,668,2024
130000,77250,MORET-LOING-ET-ORVANNE,77,Dépendance,0,0,555,2024
130000,77250,MORET-LOING-ET-ORVANNE,77,Maison,94,4,555,2024
210000,77310,SAINT-FARGEAU-PONTHIERRY,77,Maison,102,5,570,2024
267000,77000,VAUX-LE-PENIL,77,Maison,104,6,771,2024
320000,77140,MONCOURT FROMONVILLE,77,Maison,105,4,452,2024
320000,77140,MONCOURT FROMONVILLE,77,Dépendance,0,0,452,2024
355000,77950,MAINCY,77,Maison,106,5,925,2024
355000,77950,MAINCY,77,Maison,106,5,255,2024
305000,77190,DAMMARIE LES LYS,77,Maison,80,4,666,2024
6200000,77210,AVON,77,Local industriel. commercial ou assimilé,383,0,3360,2024
6200000,77210,AVON,77,Local industriel. commercial ou assimilé,352,0,3360,2024
6200000,77210,AVON,77,Local industriel. commercial ou assimilé,186,0,3360,2024
6200000,77210,AVON,77,Local industriel. commercial ou assimilé,142,0,3360,2024
6200000,77210,AVON,77,Local industriel. commercial ou assimilé,115,0,3360,2024
6200000,77210,AVON,77,Local industriel. commercial ou assimilé,37,0,3360,2024
6200000,77210,AVON,77,Local industriel. commercial ou assimilé,13,0,3360,2024
6200000,77210,AVON,77,Local industriel. commercial ou assimilé,59,0,3360,2024
6200000,77210,AVON,77,Local industriel. commercial ou assimilé,212,0,3360,2024
6200000,77210,AVON,77,Local industriel. commercial ou assimilé,969,0,3360,2024
6200000,77210,AVON,77,Local industriel. commercial ou assimilé,81,0,3360,2024
6200000,77210,AVON,77,Local industriel. commercial ou assimilé,658,0,3360,2024
6200000,77210,AVON,77,Local industriel. commercial ou assimilé,560,0,3360,2024
6200000,77210,AVON,77,Local industriel. commercial ou assimilé,107,0,3360,2024
6200000,77210,AVON,77,Local industriel. commercial ou assimilé,1352,0,3360,2024
6200000,77210,AVON,77,Local industriel. commercial ou assimilé,259,0,3360,2024
6200000,77210,AVON,77,Local industriel. commercial ou assimilé,83,0,3360,2024
6200000,77210,AVON,77,Local industriel. commercial ou assimilé,1245,0,3360,2024
6200000,77210,AVON,77,Local industriel. commercial ou assimilé,185,0,3360,2024
6200000,77210,AVON,77,Local industriel. commercial ou assimilé,161,0,3360,2024
6200000,77210,AVON,77,Local industriel. commercial ou assimilé,150,0,3360,2024
6200000,77210,AVON,77,Local industriel. commercial ou assimilé,128,0,3360,2024
6200000,77210,AVON,77,Local industriel. commercial ou assimilé,20,0,3360,2024
6200000,77210,AVON,77,Local industriel. commercial ou assimilé,360,0,3360,2024
6200000,77210,AVON,77,Local industriel. commercial ou assimilé,192,0,3360,2024
6200000,77210,AVON,77,Local industriel. commercial ou assimilé,40,0,3360,2024
6200000,77210,AVON,77,Local industriel. commercial ou assimilé,25,0,3360,2024
6200000,77210,AVON,77,Local industriel. commercial ou assimilé,18,0,3360,2024
6200000,77210,AVON,77,Local industriel. commercial ou assimilé,15,0,3360,2024
6200000,77210,AVON,77,Local industriel. commercial ou assimilé,998,0,3360,2024
6200000,77210,AVON,77,Local industriel. commercial ou assimilé,100,0,3360,2024
6200000,77210,AVON,77,Local industriel. commercial ou assimilé,220,0,3360,2024
6200000,77210,AVON,77,Local industriel. commercial ou assimilé,60,0,3360,2024
289000,77176,SAVIGNY-LE-TEMPLE,77,Maison,112,4,459,2024
1068250,77300,FONTAINEBLEAU,77,Maison,170,9,237,2024
379120,77140,SAINT-PIERRE-LES-NEMOURS,77,Maison,145,8,371,2024
175000,77140,NEMOURS,77,Dépendance,0,0,460,2024
175000,77140,NEMOURS,77,Maison,81,3,460,2024
25000,77890,ICHY,77,Maison,130,4,500,2024
25000,77890,ICHY,77,Maison,130,4,1125,2024
508700,77166,EVRY-GREGY-SUR-YERRE,77,Maison,169,8,482,2024
508700,77166,EVRY-GREGY-SUR-YERRE,77,Maison,169,8,100,2024
228800,77140,MONCOURT FROMONVILLE,77,Dépendance,0,0,800,2024
228800,77140,MONCOURT FROMONVILLE,77,Maison,70,3,800,2024
269150,77380,COMBS LA VILLE,77,Maison,68,3,361,2024
158000,77130,SAINT-GERMAIN-LAVAL,77,Dépendance,0,0,746,2024
158000,77130,SAINT-GERMAIN-LAVAL,77,Maison,78,4,500,2024
158000,77130,SAINT-GERMAIN-LAVAL,77,Dépendance,0,0,500,2024
158000,77130,SAINT-GERMAIN-LAVAL,77,Maison,78,4,746,2024
354600,77130,BARBEY,77,Maison,146,3,747,2024
354600,77130,BARBEY,77,Maison,146,3,429,2024
354600,77130,BARBEY,77,Dépendance,0,0,747,2024
354600,77130,BARBEY,77,Dépendance,0,0,315,2024
354600,77130,BARBEY,77,Maison,146,3,315,2024
354600,77130,BARBEY,77,Dépendance,0,0,429,2024
20000,77190,DAMMARIE LES LYS,77,Dépendance,0,0,144,2024
245480,77930,CHAILLY-EN-BIERE,77,Maison,80,5,510,2024
262000,77380,COMBS LA VILLE,77,Maison,111,6,129,2024
262000,77380,COMBS LA VILLE,77,Dépendance,0,0,129,2024
262000,77380,COMBS LA VILLE,77,Dépendance,0,0,17,2024
375800,77123,NOISY-SUR-ECOLE,77,Maison,178,6,5857,2024
375800,77123,NOISY-SUR-ECOLE,77,Maison,178,6,93,2024
279000,77000,MELUN,77,Maison,92,4,331,2024
310000,77166,GRISY-SUISNES,77,Maison,85,4,975,2024
310000,77166,GRISY-SUISNES,77,Maison,85,4,16,2024
228960,77350,LE MEE SUR SEINE,77,Local industriel. commercial ou assimilé,64,0,73,2024
228960,77350,LE MEE SUR SEINE,77,Local industriel. commercial ou assimilé,42,0,73,2024
272800,77250,MORET-LOING-ET-ORVANNE,77,Maison,72,3,112,2024
255000,77000,MELUN,77,Maison,71,2,210,2024
245500,77550,MOISSY-CRAMAYEL,77,Maison,77,4,171,2024
450000,77350,BOISSISE-LA-BERTRAND,77,Maison,116,5,500,2024
450000,77350,BOISSISE-LA-BERTRAND,77,Dépendance,0,0,500,2024
450000,77350,BOISSISE-LA-BERTRAND,77,Dépendance,0,0,638,2024
450000,77350,BOISSISE-LA-BERTRAND,77,Maison,116,5,638,2024
304400,77170,COUBERT,77,Maison,100,5,683,2024
154000,77430,CHAMPAGNE SUR SEINE,77,Maison,78,3,82,2024
215395,77176,SAVIGNY-LE-TEMPLE,77,Maison,73,3,162,2024
570000,77150,LESIGNY,77,Maison,175,8,500,2024
570000,77150,LESIGNY,77,Maison,175,8,404,2024
374650,77000,VAUX-LE-PENIL,77,Maison,144,7,693,2024
275000,77240,VERT-SAINT-DENIS,77,Maison,94,5,373,2024
260000,77680,ROISSY-EN-BRIE,77,Maison,94,6,195,2024
235000,77190,DAMMARIE LES LYS,77,Maison,112,3,232,2024
164000,77950,MAINCY,77,Maison,50,3,108,2024
340000,77000,LIVRY-SUR-SEINE,77,Maison,154,6,675,2024
400000,77310,SAINT-FARGEAU-PONTHIERRY,77,Dépendance,0,0,877,2024
400000,77310,SAINT-FARGEAU-PONTHIERRY,77,Maison,160,6,877,2024
245000,77250,MORET-LOING-ET-ORVANNE,77,Dépendance,0,0,1276,2024
245000,77250,MORET-LOING-ET-ORVANNE,77,Maison,202,6,1276,2024
245000,77250,MORET-LOING-ET-ORVANNE,77,Dépendance,0,0,209,2024
245000,77250,MORET-LOING-ET-ORVANNE,77,Maison,202,6,209,2024
83940,77220,TOURNAN-EN-BRIE,77,Maison,99,4,226,2024
295000,77240,VERT-SAINT-DENIS,77,Maison,88,4,285,2024
165000,77890,ARVILLE,77,Dépendance,0,0,634,2024
165000,77890,ARVILLE,77,Maison,126,5,634,2024
148000,77130,GRANDE-PAROISSE (LA),77,Maison,100,4,227,2024
148000,77130,GRANDE-PAROISSE (LA),77,Dépendance,0,0,227,2024
235000,77140,DARVAULT,77,Maison,86,4,1652,2024
235000,77140,DARVAULT,77,Dépendance,0,0,1652,2024
235000,77140,DARVAULT,77,Maison,86,4,125,2024
235000,77140,DARVAULT,77,Dépendance,0,0,125,2024
792000,77940,ESMANS,77,Local industriel. commercial ou assimilé,9650,0,10422,2024
792000,77130,VARENNES-SUR-SEINE,77,Local industriel. commercial ou assimilé,1700,0,3580,2024
792000,77130,VARENNES-SUR-SEINE,77,Local industriel. commercial ou assimilé,1200,0,3580,2024
380000,77210,AVON,77,Local industriel. commercial ou assimilé,140,0,412,2024
380000,77210,AVON,77,Local industriel. commercial ou assimilé,160,0,412,2024
340500,77390,VERNEUIL-L ETANG,77,Maison,165,7,422,2024
194000,77148,SALINS,77,Maison,92,4,1190,2024
340000,77720,BOMBON,77,Dépendance,0,0,256,2024
340000,77720,BOMBON,77,Maison,132,4,256,2024
315000,77310,PRINGY,77,Maison,89,4,697,2024
326500,77173,CHEVRY-COSSIGNY,77,Maison,80,5,498,2024
160000,77130,SAINT-GERMAIN-LAVAL,77,Maison,82,4,995,2024
160000,77130,SAINT-GERMAIN-LAVAL,77,Maison,82,4,78,2024
360000,77330,OZOIR LA FERRIERE,77,Maison,111,6,488,2024
513940,77000,MELUN,77,Dépendance,0,0,274,2024
513940,77000,MELUN,77,Maison,176,7,274,2024
261000,77173,CHEVRY-COSSIGNY,77,Maison,72,3,206,2024
1450000,77590,BOIS LE ROI,77,Maison,264,8,4325,2024
1450000,77590,BOIS LE ROI,77,Dépendance,0,0,4325,2024
240000,77680,ROISSY-EN-BRIE,77,Maison,83,4,210,2024
240000,77680,ROISSY-EN-BRIE,77,Dépendance,0,0,210,2024
312500,77550,MOISSY-CRAMAYEL,77,Maison,81,3,577,2024
312500,77550,MOISSY-CRAMAYEL,77,Dépendance,0,0,577,2024
318000,77240,CESSON,77,Maison,116,5,241,2024
294800,77111,SOIGNOLLES-EN-BRIE,77,Maison,87,5,500,2024
294800,77111,SOIGNOLLES-EN-BRIE,77,Maison,87,5,300,2024
260000,77310,SAINT-FARGEAU-PONTHIERRY,77,Maison,80,2,153,2024
155150,77115,SIVRY-COURTRY,77,Maison,52,2,114,2024
266000,77380,COMBS LA VILLE,77,Maison,59,3,420,2024
255000,77380,COMBS LA VILLE,77,Maison,77,4,110,2024
135000,77620,EGREVILLE,77,Maison,80,3,447,2024
312000,77210,AVON,77,Dépendance,0,0,464,2024
312000,77210,AVON,77,Maison,75,4,464,2024
380000,77166,EVRY-GREGY-SUR-YERRE,77,Maison,120,5,786,2024
200000,77620,EGREVILLE,77,Maison,90,4,616,2024
525200,77590,BOIS LE ROI,77,Local industriel. commercial ou assimilé,30,0,1961,2024
389000,77220,GRETZ-ARMAINVILLIERS,77,Maison,149,6,516,2024
389000,77220,GRETZ-ARMAINVILLIERS,77,Dépendance,0,0,516,2024
90000,77950,MOISENAY,77,Dépendance,0,0,496,2024
360000,77190,DAMMARIE LES LYS,77,Dépendance,0,0,817,2024
360000,77190,DAMMARIE LES LYS,77,Dépendance,0,0,670,2024
360000,77190,DAMMARIE LES LYS,77,Maison,102,5,670,2024
360000,77190,DAMMARIE LES LYS,77,Maison,102,5,817,2024
220000,77130,MONTEREAU FAULT YONNE,77,Maison,72,4,582,2024
467500,77170,SERVON,77,Maison,139,5,600,2024
38000,77760,ACHERES-LA-FORET,77,Maison,119,5,537,2024
260000,77000,MELUN,77,Maison,150,6,632,2024
260000,77000,MELUN,77,Dépendance,0,0,632,2024
260000,77000,MELUN,77,Dépendance,0,0,500,2024
260000,77000,MELUN,77,Local industriel. commercial ou assimilé,10,0,500,2024
260000,77000,MELUN,77,Maison,150,6,500,2024
260000,77000,MELUN,77,Local industriel. commercial ou assimilé,10,0,632,2024
220000,77820,CHATELET-EN-BRIE (LE),77,Dépendance,0,0,621,2024
220000,77820,CHATELET-EN-BRIE (LE),77,Maison,84,5,621,2024
242000,77950,MOISENAY,77,Dépendance,0,0,137,2024
242000,77950,MOISENAY,77,Maison,77,3,117,2024
242000,77950,MOISENAY,77,Dépendance,0,0,117,2024
242000,77950,MOISENAY,77,Maison,48,3,117,2024
1100000,77380,COMBS LA VILLE,77,Local industriel. commercial ou assimilé,1180,0,2114,2024
422000,77930,CHAILLY-EN-BIERE,77,Maison,139,7,922,2024
313000,77390,CRISENOY,77,Maison,147,5,500,2024
265000,77830,PAMFOU,77,Maison,74,4,542,2024
380000,77240,VERT-SAINT-DENIS,77,Maison,140,5,216,2024
330000,77380,COMBS LA VILLE,77,Maison,74,4,200,2024
330000,77380,COMBS LA VILLE,77,Maison,74,4,602,2024
525000,77590,BOIS LE ROI,77,Dépendance,0,0,435,2024
525000,77590,BOIS LE ROI,77,Maison,124,5,435,2024
120000,77940,VOULX,77,Dépendance,0,0,69,2024
120000,77940,VOULX,77,Maison,120,2,69,2024
445000,77630,ARBONNE-LA-FORET,77,Maison,32,1,29,2024
445000,77630,ARBONNE-LA-FORET,77,Maison,87,3,29,2024
190000,77140,NEMOURS,77,Maison,107,6,211,2024
190000,77140,NEMOURS,77,Dépendance,0,0,211,2024
399200,77127,LIEUSAINT,77,Maison,112,5,500,2024
399200,77127,LIEUSAINT,77,Maison,112,5,203,2024
275000,77000,MELUN,77,Maison,100,4,471,2024
180000,77130,VILLE-SAINT-JACQUES,77,Maison,99,5,522,2024
180000,77130,VILLE-SAINT-JACQUES,77,Dépendance,0,0,522,2024
1533000,77300,FONTAINEBLEAU,77,Maison,240,8,526,2024
165000,77000,MELUN,77,Maison,40,3,482,2024
165000,77000,MELUN,77,Maison,40,3,184,2024
165000,77000,MELUN,77,Dépendance,0,0,184,2024
165000,77000,MELUN,77,Dépendance,0,0,482,2024
210000,77140,NEMOURS,77,Maison,79,4,284,2024
288000,77850,HERICY,77,Maison,125,6,179,2024
1400000,77300,FONTAINEBLEAU,77,Maison,120,6,720,2024
330159,77170,BRIE COMTE ROBERT,77,Maison,88,5,204,2024
313000,77111,SOLERS,77,Maison,98,4,622,2024
205000,77430,CHAMPAGNE SUR SEINE,77,Maison,80,4,377,2024
610000,77590,CHARTRETTES,77,Appartement,40,2,460,2024
610000,77590,CHARTRETTES,77,Appartement,15,1,460,2024
610000,77590,CHARTRETTES,77,Appartement,45,2,460,2024
610000,77590,CHARTRETTES,77,Appartement,55,2,460,2024
610000,77590,CHARTRETTES,77,Appartement,60,2,460,2024
610000,77590,CHARTRETTES,77,Appartement,50,2,460,2024
610000,77590,CHARTRETTES,77,Appartement,20,1,460,2024
610000,77590,CHARTRETTES,77,Appartement,33,1,460,2024
610000,77590,CHARTRETTES,77,Appartement,100,5,460,2024
362000,77173,CHEVRY-COSSIGNY,77,Maison,124,6,312,2024
187000,77140,NEMOURS,77,Dépendance,0,0,218,2024
187000,77140,NEMOURS,77,Maison,100,5,218,2024
200000,77240,VERT-SAINT-DENIS,77,Dépendance,0,0,395,2024
200000,77240,VERT-SAINT-DENIS,77,Maison,58,4,395,2024
215000,77720,CHAPELLE-GAUTHIER (LA),77,Maison,92,5,374,2024
196200,77240,VERT-SAINT-DENIS,77,Maison,93,5,191,2024
213522,77176,SAVIGNY-LE-TEMPLE,77,Maison,117,5,138,2024
907250,77630,BARBIZON,77,Maison,274,8,3156,2024
907250,77630,BARBIZON,77,Maison,274,8,200,2024
278000,77220,GRETZ-ARMAINVILLIERS,77,Maison,72,4,295,2024
240000,77620,EGREVILLE,77,Dépendance,0,0,400,2024
240000,77620,EGREVILLE,77,Maison,159,6,1646,2024
240000,77620,EGREVILLE,77,Dépendance,0,0,1646,2024
240000,77620,EGREVILLE,77,Maison,159,6,400,2024
260000,77390,OZOUER-LE-VOULGIS,77,Maison,28,1,2220,2024
260000,77390,OZOUER-LE-VOULGIS,77,Maison,77,3,2220,2024
260000,77390,OZOUER-LE-VOULGIS,77,Dépendance,0,0,1545,2024
260000,77390,OZOUER-LE-VOULGIS,77,Dépendance,0,0,19000,2024
260000,77390,OZOUER-LE-VOULGIS,77,Maison,48,2,2035,2024
260000,77380,COMBS LA VILLE,77,Maison,77,4,180,2024
260000,77380,COMBS LA VILLE,77,Dépendance,0,0,35,2024
300000,77000,MELUN,77,Local industriel. commercial ou assimilé,166,0,582,2024
260000,77760,CHAPELLE-LA-REINE (LA),77,Maison,92,5,554,2024
179000,77140,SAINT-PIERRE-LES-NEMOURS,77,Maison,95,4,127,2024
179000,77140,SAINT-PIERRE-LES-NEMOURS,77,Maison,95,4,44,2024
179000,77140,SAINT-PIERRE-LES-NEMOURS,77,Maison,95,4,128,2024
495000,77760,ACHERES-LA-FORET,77,Maison,121,5,430,2024
495000,77760,ACHERES-LA-FORET,77,Dépendance,0,0,430,2024
289000,77780,BOURRON-MARLOTTE,77,Maison,90,5,335,2024
280000,77720,CHAMPEAUX,77,Maison,110,4,511,2024
318400,77240,CESSON,77,Maison,127,6,250,2024
355000,77166,EVRY-GREGY-SUR-YERRE,77,Maison,126,5,546,2024
305000,77550,MOISSY-CRAMAYEL,77,Maison,83,5,706,2024
532600,77300,FONTAINEBLEAU,77,Maison,35,2,388,2024
312000,77340,PONTAULT COMBAULT,77,Maison,94,4,686,2024
360000,77850,HERICY,77,Maison,87,5,500,2024
360000,77850,HERICY,77,Dépendance,0,0,500,2024
360000,77850,HERICY,77,Maison,87,5,607,2024
360000,77850,HERICY,77,Dépendance,0,0,607,2024
257000,77250,VILLECERF,77,Maison,253,8,836,2024
472500,77135,PONTCARRE,77,Maison,124,6,500,2024
472500,77135,PONTCARRE,77,Dépendance,0,0,500,2024
472500,77135,PONTCARRE,77,Maison,124,6,2056,2024
472500,77135,PONTCARRE,77,Dépendance,0,0,2056,2024
244000,77720,SAINT-OUEN-EN-BRIE,77,Maison,108,4,277,2024
244000,77720,SAINT-OUEN-EN-BRIE,77,Dépendance,0,0,277,2024
244000,77720,SAINT-OUEN-EN-BRIE,77,Maison,108,4,247,2024
244000,77720,SAINT-OUEN-EN-BRIE,77,Dépendance,0,0,247,2024
319000,77720,CHAPELLE-GAUTHIER (LA),77,Maison,85,5,712,2024
319000,77720,CHAPELLE-GAUTHIER (LA),77,Maison,85,5,500,2024
152000,77176,NANDY,77,Maison,78,4,274,2024
173600,77176,NANDY,77,Maison,92,5,313,2024
152000,77176,NANDY,77,Maison,78,4,289,2024
152000,77176,NANDY,77,Maison,96,5,213,2024
215000,77000,VAUX-LE-PENIL,77,Maison,80,5,394,2024
246000,77550,MOISSY-CRAMAYEL,77,Maison,79,4,227,2024
378000,77680,ROISSY-EN-BRIE,77,Maison,89,6,421,2024
299000,77690,GENEVRAYE (LA),77,Maison,108,4,548,2024
162500,77330,OZOIR LA FERRIERE,77,Maison,67,4,373,2024
220000,77850,HERICY,77,Local industriel. commercial ou assimilé,122,0,240,2024
220000,77850,HERICY,77,Dépendance,0,0,240,2024
220000,77850,HERICY,77,Maison,125,5,240,2024
245000,77940,THOURY FEROTTES,77,Dépendance,0,0,630,2024
245000,77940,THOURY FEROTTES,77,Maison,70,3,630,2024
245000,77940,THOURY FEROTTES,77,Maison,77,3,630,2024
144000,77460,SOUPPES-SUR-LOING,77,Dépendance,0,0,923,2024
144000,77460,SOUPPES-SUR-LOING,77,Maison,60,3,923,2024
292600,77310,BOISSISE-LE-ROI,77,Maison,90,7,234,2024
225000,77430,CHAMPAGNE SUR SEINE,77,Dépendance,0,0,300,2024
225000,77430,CHAMPAGNE SUR SEINE,77,Dépendance,0,0,474,2024
225000,77430,CHAMPAGNE SUR SEINE,77,Maison,74,3,474,2024
225000,77430,CHAMPAGNE SUR SEINE,77,Maison,74,3,300,2024
168000,77340,PONTAULT COMBAULT,77,Dépendance,0,0,167,2024
345000,77590,BOIS LE ROI,77,Maison,82,3,601,2024
345000,77590,BOIS LE ROI,77,Dépendance,0,0,601,2024
187000,77390,COURTOMER,77,Maison,74,3,1700,2024
187000,77390,COURTOMER,77,Maison,74,3,1200,2024
187000,77390,COURTOMER,77,Maison,74,3,525,2024
210000,77380,COMBS LA VILLE,77,Maison,75,4,123,2024
270000,77170,BRIE COMTE ROBERT,77,Maison,84,4,358,2024
270000,77170,BRIE COMTE ROBERT,77,Dépendance,0,0,358,2024
197000,77940,FLAGY,77,Maison,106,4,885,2024
197000,77940,FLAGY,77,Maison,106,4,51,2024
197000,77940,FLAGY,77,Dépendance,0,0,189,2024
191450,77130,GRANDE-PAROISSE (LA),77,Maison,80,3,844,2024
191450,77130,GRANDE-PAROISSE (LA),77,Dépendance,0,0,844,2024
191450,77130,GRANDE-PAROISSE (LA),77,Maison,20,1,844,2024
327000,77176,NANDY,77,Maison,79,4,376,2024
210000,77940,THOURY FEROTTES,77,Maison,103,4,200,2024
210000,77940,THOURY FEROTTES,77,Maison,103,4,800,2024
3750000,77380,COMBS LA VILLE,77,Maison,80,3,9000,2024
3750000,77380,COMBS LA VILLE,77,Local industriel. commercial ou assimilé,8909,0,9000,2024
270000,77130,VARENNES-SUR-SEINE,77,Maison,135,6,860,2024
305000,77950,RUBELLES,77,Dépendance,0,0,678,2024
305000,77950,RUBELLES,77,Maison,143,5,678,2024
432000,77130,MONTEREAU FAULT YONNE,77,Appartement,75,3,1460,2024
432000,77130,MONTEREAU FAULT YONNE,77,Appartement,79,3,1460,2024
432000,77130,MONTEREAU FAULT YONNE,77,Dépendance,0,0,1460,2024
213558,77140,SAINT-PIERRE-LES-NEMOURS,77,Local industriel. commercial ou assimilé,370,0,387,2024
480000,77330,OZOIR LA FERRIERE,77,Maison,165,6,500,2024
480000,77330,OZOIR LA FERRIERE,77,Maison,165,6,1364,2024
275000,77173,CHEVRY-COSSIGNY,77,Maison,78,5,490,2024
200000,77140,SAINT-PIERRE-LES-NEMOURS,77,Dépendance,0,0,312,2024
200000,77140,SAINT-PIERRE-LES-NEMOURS,77,Maison,98,4,312,2024
425000,77140,DARVAULT,77,Dépendance,0,0,335,2024
425000,77140,DARVAULT,77,Maison,156,4,416,2024
220000,77570,BOUGLIGNY,77,Maison,95,5,662,2024
275679,77130,MONTEREAU FAULT YONNE,77,Maison,143,5,258,2024
175000,77140,NEMOURS,77,Maison,120,4,65,2024
175000,77140,NEMOURS,77,Appartement,83,3,65,2024
175000,77140,NEMOURS,77,Dépendance,0,0,65,2024
193000,77720,MORMANT,77,Maison,88,5,357,2024
300000,77870,VULAINES-SUR-SEINE,77,Maison,81,2,402,2024
130000,77460,SOUPPES-SUR-LOING,77,Maison,125,6,625,2024
204000,77310,SAINT-FARGEAU-PONTHIERRY,77,Maison,86,4,249,2024
197000,77950,MOISENAY,77,Maison,85,4,103,2024
197000,77950,MOISENAY,77,Maison,85,4,660,2024
827990,77310,SAINT-FARGEAU-PONTHIERRY,77,Maison,198,7,144,2024
333500,77390,COURTOMER,77,Maison,123,7,1671,2024
165000,77250,MORET-LOING-ET-ORVANNE,77,Maison,104,5,44,2024
165000,77250,MORET-LOING-ET-ORVANNE,77,Maison,104,5,660,2024
135000,77167,ORMESSON,77,Dépendance,0,0,917,2024
135000,77167,ORMESSON,77,Maison,65,3,917,2024
216000,77170,BRIE COMTE ROBERT,77,Maison,90,5,518,2024
216000,77170,BRIE COMTE ROBERT,77,Dépendance,0,0,518,2024
315000,77176,SAVIGNY-LE-TEMPLE,77,Dépendance,0,0,564,2024
315000,77176,SAVIGNY-LE-TEMPLE,77,Maison,109,7,564,2024
376000,77310,PRINGY,77,Maison,88,4,683,2024
376000,77310,PRINGY,77,Dépendance,0,0,683,2024
260000,77930,CHAILLY-EN-BIERE,77,Maison,90,5,878,2024
920000,77190,DAMMARIE LES LYS,77,Local industriel. commercial ou assimilé,1125,0,1766,2024
920000,77190,DAMMARIE LES LYS,77,Local industriel. commercial ou assimilé,1125,0,1003,2024
175000,77130,SAINT-GERMAIN-LAVAL,77,Local industriel. commercial ou assimilé,431,0,431,2024
332150,77220,FAVIERES,77,Maison,96,4,302,2024
200000,77220,LIVERDY-EN-BRIE,77,Dépendance,0,0,475,2024
200000,77220,LIVERDY-EN-BRIE,77,Maison,108,4,475,2024
289900,77220,TOURNAN-EN-BRIE,77,Local industriel. commercial ou assimilé,0,0,27,2024
289900,77220,TOURNAN-EN-BRIE,77,Maison,98,5,362,2024
483100,77330,OZOIR LA FERRIERE,77,Maison,133,4,672,2024
483100,77330,OZOIR LA FERRIERE,77,Dépendance,0,0,672,2024
285000,77176,SAVIGNY-LE-TEMPLE,77,Maison,94,5,426,2024
195000,77890,BEAUMONT-DU-GATINAIS,77,Dépendance,0,0,397,2024
195000,77890,BEAUMONT-DU-GATINAIS,77,Maison,107,4,397,2024
247000,77340,PONTAULT COMBAULT,77,Dépendance,0,0,410,2024
247000,77340,PONTAULT COMBAULT,77,Maison,60,3,410,2024
374000,77920,SAMOIS SUR SEINE,77,Maison,100,4,128,2024
280000,77210,SAMOREAU,77,Maison,135,6,432,2024
280000,77210,SAMOREAU,77,Maison,135,6,500,2024
235000,77190,DAMMARIE LES LYS,77,Dépendance,0,0,800,2024
235000,77190,DAMMARIE LES LYS,77,Maison,72,4,332,2024
235000,77190,DAMMARIE LES LYS,77,Dépendance,0,0,332,2024
235000,77190,DAMMARIE LES LYS,77,Maison,72,4,800,2024
347000,77340,PONTAULT COMBAULT,77,Maison,89,4,216,2024
300000,77390,ARGENTIERES,77,Maison,136,4,803,2024
316000,77340,PONTAULT COMBAULT,77,Maison,58,4,412,2024
316000,77340,PONTAULT COMBAULT,77,Dépendance,0,0,412,2024
530000,77170,SERVON,77,Local industriel. commercial ou assimilé,750,0,411,2024
315000,77135,PONTCARRE,77,Maison,80,4,175,2024
315000,77135,PONTCARRE,77,Dépendance,0,0,175,2024
280000,77680,ROISSY-EN-BRIE,77,Maison,86,3,432,2024
515840,77590,CHARTRETTES,77,Dépendance,0,0,437,2024
515840,77590,CHARTRETTES,77,Maison,137,5,437,2024
515840,77590,CHARTRETTES,77,Dépendance,0,0,500,2024
515840,77590,CHARTRETTES,77,Maison,137,5,500,2024
390000,77000,MELUN,77,Maison,130,4,159,2024
315000,77380,COMBS LA VILLE,77,Maison,104,5,420,2024
102000,77830,PAMFOU,77,Dépendance,0,0,247,2024
723600,77940,VOULX,77,Maison,408,11,2554,2024
723600,77940,VOULX,77,Maison,408,11,500,2024
15000,77130,MONTEREAU FAULT YONNE,77,Dépendance,0,0,15,2024
300000,77240,VERT-SAINT-DENIS,77,Maison,92,6,535,2024
340000,77123,NOISY-SUR-ECOLE,77,Maison,95,4,603,2024
341000,77340,PONTAULT COMBAULT,77,Maison,132,4,447,2024
280000,77140,SAINT-PIERRE-LES-NEMOURS,77,Maison,104,5,246,2024
280000,77140,SAINT-PIERRE-LES-NEMOURS,77,Maison,104,5,454,2024
499200,77150,LESIGNY,77,Dépendance,0,0,315,2024
499200,77150,LESIGNY,77,Maison,105,5,500,2024
499200,77150,LESIGNY,77,Dépendance,0,0,500,2024
499200,77150,LESIGNY,77,Maison,105,5,315,2024
250000,77720,BOMBON,77,Maison,117,7,570,2024
284000,77127,LIEUSAINT,77,Maison,114,4,261,2024
163000,77130,SAINT-GERMAIN-LAVAL,77,Maison,63,4,753,2024
283000,77550,MOISSY-CRAMAYEL,77,Maison,89,4,317,2024
225000,77140,SAINT-PIERRE-LES-NEMOURS,77,Maison,65,3,464,2024
225000,77140,SAINT-PIERRE-LES-NEMOURS,77,Dépendance,0,0,464,2024
225000,77140,SAINT-PIERRE-LES-NEMOURS,77,Dépendance,0,0,1594,2024
225000,77140,SAINT-PIERRE-LES-NEMOURS,77,Maison,65,3,1594,2024
126000,77710,REMAUVILLE,77,Maison,108,3,300,2024
173000,77130,VARENNES-SUR-SEINE,77,Maison,63,3,504,2024
173000,77130,VARENNES-SUR-SEINE,77,Dépendance,0,0,504,2024
171460,77940,BLENNES,77,Maison,90,4,398,2024
190000,77620,EGREVILLE,77,Maison,230,6,169,2024
184000,77000,MELUN,77,Maison,52,3,245,2024
595770,77300,FONTAINEBLEAU,77,Maison,132,5,198,2024
220800,77620,EGREVILLE,77,Maison,121,7,550,2024
205000,77240,CESSON,77,Maison,64,3,220,2024
200000,77140,SAINT-PIERRE-LES-NEMOURS,77,Maison,80,4,389,2024
331920,77126,COURCELLES-EN-BASSEE,77,Maison,220,7,157,2024
331920,77126,COURCELLES-EN-BASSEE,77,Maison,220,7,1373,2024
340000,77340,PONTAULT COMBAULT,77,Dépendance,0,0,449,2024
340000,77340,PONTAULT COMBAULT,77,Maison,120,7,449,2024
93000,77940,BROSSE-MONTCEAUX (LA),77,Maison,62,3,46,2024
370000,77000,MELUN,77,Maison,183,7,273,2024
370000,77000,MELUN,77,Maison,183,7,500,2024
258200,77380,COMBS LA VILLE,77,Maison,75,4,116,2024
216000,77350,LE MEE SUR SEINE,77,Maison,86,5,459,2024
380000,77590,BOIS LE ROI,77,Maison,84,3,553,2024
38689704,77240,VERT-SAINT-DENIS,77,Local industriel. commercial ou assimilé,37856,0,88394,2024
270000,77166,GRISY-SUISNES,77,Maison,110,7,450,2024
230000,77780,BOURRON-MARLOTTE,77,Dépendance,0,0,427,2024
230000,77780,BOURRON-MARLOTTE,77,Maison,201,7,427,2024
258000,77760,CHAPELLE-LA-REINE (LA),77,Maison,85,3,660,2024
296600,77176,NANDY,77,Maison,102,5,413,2024
1,77170,BRIE COMTE ROBERT,77,Local industriel. commercial ou assimilé,1325,0,207,2024
1,77170,BRIE COMTE ROBERT,77,Local industriel. commercial ou assimilé,149,0,207,2024
1,77170,BRIE COMTE ROBERT,77,Maison,77,4,207,2024
190000,77000,MELUN,77,Local industriel. commercial ou assimilé,160,0,809,2024
190000,77000,MELUN,77,Dépendance,0,0,809,2024
178000,77130,CANNES-ECLUSE,77,Dépendance,0,0,762,2024
178000,77130,CANNES-ECLUSE,77,Maison,84,5,762,2024
154920,77390,FOUJU,77,Maison,120,5,384,2024
50000,77130,MONTEREAU FAULT YONNE,77,Dépendance,0,0,193,2024
384000,77340,PONTAULT COMBAULT,77,Maison,124,7,610,2024
259000,77720,CHAPELLE-GAUTHIER (LA),77,Maison,100,4,131,2024
255000,77690,GENEVRAYE (LA),77,Maison,60,3,301,2024
311250,77115,SIVRY-COURTRY,77,Maison,50,3,223,2024
730000,77590,BOIS LE ROI,77,Dépendance,0,0,2187,2024
730000,77590,BOIS LE ROI,77,Maison,259,7,2187,2024
520000,77000,VAUX-LE-PENIL,77,Maison,182,6,850,2024
291444,77680,ROISSY-EN-BRIE,77,Maison,95,5,125,2024
80000,77620,EGREVILLE,77,Dépendance,0,0,790,2024
80000,77620,EGREVILLE,77,Maison,54,3,790,2024
211498,77250,MORET-LOING-ET-ORVANNE,77,Dépendance,0,0,1266,2024
211498,77250,MORET-LOING-ET-ORVANNE,77,Maison,163,5,1266,2024
211498,77250,MORET-LOING-ET-ORVANNE,77,Dépendance,0,0,200,2024
211498,77250,MORET-LOING-ET-ORVANNE,77,Maison,163,5,200,2024
330000,77680,ROISSY-EN-BRIE,77,Maison,93,5,306,2024
575000,77680,ROISSY-EN-BRIE,77,Maison,260,7,1303,2024
575000,77680,ROISSY-EN-BRIE,77,Maison,260,7,300,2024
394000,77680,ROISSY-EN-BRIE,77,Maison,96,5,295,2024
394000,77680,ROISSY-EN-BRIE,77,Dépendance,0,0,295,2024
380000,77340,PONTAULT COMBAULT,77,Maison,82,3,300,2024
380000,77340,PONTAULT COMBAULT,77,Maison,82,3,426,2024
310000,77760,LARCHANT,77,Maison,135,5,1000,2024
310000,77760,LARCHANT,77,Maison,135,5,329,2024
290000,77680,ROISSY-EN-BRIE,77,Dépendance,0,0,13,2024
290000,77680,ROISSY-EN-BRIE,77,Maison,88,4,154,2024
261400,77240,VERT-SAINT-DENIS,77,Dépendance,0,0,193,2024
261400,77240,VERT-SAINT-DENIS,77,Maison,76,4,193,2024
214000,77680,ROISSY-EN-BRIE,77,Maison,94,5,437,2024
107000,77140,NEMOURS,77,Maison,43,2,133,2024
107000,77140,NEMOURS,77,Dépendance,0,0,133,2024
310000,77680,ROISSY-EN-BRIE,77,Maison,106,3,443,2024
330000,77670,SAINT-MAMMES,77,Maison,120,7,713,2024
364650,77240,CESSON,77,Maison,115,5,411,2024
406000,77950,RUBELLES,77,Maison,143,5,659,2024
509000,77220,GRETZ-ARMAINVILLIERS,77,Maison,152,5,304,2024
168000,77690,MONTIGNY-SUR-LOING,77,Appartement,40,2,47,2024
168000,77690,MONTIGNY-SUR-LOING,77,Local industriel. commercial ou assimilé,20,0,47,2024
168000,77690,MONTIGNY-SUR-LOING,77,Appartement,58,3,47,2024
326060,77590,BOIS LE ROI,77,Maison,66,3,544,2024
326060,77590,BOIS LE ROI,77,Maison,66,3,105,2024
310000,77720,MORMANT,77,Maison,145,5,525,2024
535000,77590,BOIS LE ROI,77,Maison,155,5,563,2024
535000,77590,BOIS LE ROI,77,Maison,155,5,624,2024
535000,77590,BOIS LE ROI,77,Maison,155,5,500,2024
135000,77570,CHENOU,77,Maison,70,4,1000,2024
145000,77460,SOUPPES-SUR-LOING,77,Maison,82,3,179,2024
86000,77570,CHATEAU-LANDON,77,Maison,85,6,72,2024
627010,77310,SAINT-FARGEAU-PONTHIERRY,77,Maison,304,8,1349,2024
627010,77310,SAINT-FARGEAU-PONTHIERRY,77,Maison,304,8,500,2024
334000,77176,SAVIGNY-LE-TEMPLE,77,Maison,114,5,455,2024
60000,77760,BURCY,77,Dépendance,0,0,366,2024
60000,77760,BURCY,77,Maison,41,2,366,2024
204800,77190,DAMMARIE LES LYS,77,Maison,90,6,312,2024
368000,77340,PONTAULT COMBAULT,77,Maison,72,4,405,2024
368000,77340,PONTAULT COMBAULT,77,Dépendance,0,0,405,2024
310000,77330,OZOIR LA FERRIERE,77,Maison,70,4,633,2024
183500,77880,GREZ-SUR-LOING,77,Maison,62,3,229,2024
277650,77930,SAINT-GERMAIN-SUR-ECOLE,77,Maison,72,4,502,2024
190000,77140,MONCOURT FROMONVILLE,77,Maison,108,6,511,2024
428000,77310,BOISSISE-LE-ROI,77,Maison,85,5,360,2024
380000,77310,SAINT-FARGEAU-PONTHIERRY,77,Maison,135,8,625,2024
380000,77310,SAINT-FARGEAU-PONTHIERRY,77,Maison,135,8,500,2024
240000,77310,BOISSISE-LE-ROI,77,Maison,128,5,724,2024
70000,77140,NEMOURS,77,Local industriel. commercial ou assimilé,92,0,135,2024
332500,77620,EGREVILLE,77,Maison,173,6,698,2024
332500,77620,EGREVILLE,77,Dépendance,0,0,698,2024
285000,77690,MONTIGNY-SUR-LOING,77,Maison,107,4,55,2024
265000,77220,GRETZ-ARMAINVILLIERS,77,Maison,70,3,600,2024
205000,77670,VERNOU-LA-CELLE-SUR-SEINE,77,Maison,74,5,53,2024
205000,77670,VERNOU-LA-CELLE-SUR-SEINE,77,Maison,74,5,756,2024
315000,77310,BOISSISE-LE-ROI,77,Dépendance,0,0,836,2024
315000,77310,BOISSISE-LE-ROI,77,Maison,132,6,836,2024
280000,77111,SOLERS,77,Dépendance,0,0,447,2024
280000,77111,SOLERS,77,Maison,95,4,775,2024
280000,77111,SOLERS,77,Dépendance,0,0,775,2024
280000,77111,SOLERS,77,Maison,95,4,447,2024
325000,77380,COMBS LA VILLE,77,Maison,107,5,236,2024
394000,77250,MORET-LOING-ET-ORVANNE,77,Maison,110,7,741,2024
394000,77250,MORET-LOING-ET-ORVANNE,77,Maison,110,7,80,2024
372500,77170,BRIE COMTE ROBERT,77,Maison,136,6,336,2024
356500,77127,LIEUSAINT,77,Maison,99,5,336,2024
158000,77940,ESMANS,77,Maison,76,4,194,2024
187000,77130,CANNES-ECLUSE,77,Maison,84,5,647,2024
187000,77130,CANNES-ECLUSE,77,Dépendance,0,0,647,2024
2296771,77170,SERVON,77,Local industriel. commercial ou assimilé,1220,0,2936,2024
299000,77310,SAINT-FARGEAU-PONTHIERRY,77,Dépendance,0,0,735,2024
299000,77310,SAINT-FARGEAU-PONTHIERRY,77,Dépendance,0,0,201,2024
299000,77310,SAINT-FARGEAU-PONTHIERRY,77,Maison,149,4,735,2024
299000,77310,SAINT-FARGEAU-PONTHIERRY,77,Maison,149,4,201,2024
425500,77920,SAMOIS SUR SEINE,77,Maison,144,4,48,2024
220000,77000,VAUX-LE-PENIL,77,Maison,70,4,500,2024
230000,77250,MORET-LOING-ET-ORVANNE,77,Maison,67,4,123,2024
178000,77135,PONTCARRE,77,Maison,55,3,35,2024
348000,77140,SAINT-PIERRE-LES-NEMOURS,77,Dépendance,0,0,450,2024
348000,77140,SAINT-PIERRE-LES-NEMOURS,77,Dépendance,0,0,1489,2024
348000,77140,SAINT-PIERRE-LES-NEMOURS,77,Maison,88,4,1489,2024
348000,77140,SAINT-PIERRE-LES-NEMOURS,77,Maison,88,4,450,2024
320000,77340,PONTAULT COMBAULT,77,Maison,69,4,500,2024
299000,77380,COMBS LA VILLE,77,Maison,85,5,317,2024
293000,77310,SAINT-FARGEAU-PONTHIERRY,77,Maison,92,4,512,2024
293000,77310,SAINT-FARGEAU-PONTHIERRY,77,Maison,92,4,500,2024
331000,77340,PONTAULT COMBAULT,77,Maison,66,3,400,2024
499500,77330,OZOIR LA FERRIERE,77,Maison,143,5,500,2024
499500,77330,OZOIR LA FERRIERE,77,Maison,143,5,864,2024
253000,77176,SAVIGNY-LE-TEMPLE,77,Maison,100,5,141,2024
245000,77176,SAVIGNY-LE-TEMPLE,77,Maison,75,4,269,2024
260000,77176,SAVIGNY-LE-TEMPLE,77,Maison,83,5,315,2024
160000,77570,CHATEAU-LANDON,77,Local industriel. commercial ou assimilé,68,0,404,2024
298000,77220,TOURNAN-EN-BRIE,77,Maison,180,8,874,2024
268000,77240,VERT-SAINT-DENIS,77,Maison,89,5,270,2024
170000,77760,RECLOSES,77,Maison,77,4,53,2024
316000,77240,VERT-SAINT-DENIS,77,Local industriel. commercial ou assimilé,0,0,64,2024
316000,77240,VERT-SAINT-DENIS,77,Maison,98,5,578,2024
415000,77150,LESIGNY,77,Maison,140,7,256,2024
415000,77150,LESIGNY,77,Maison,140,7,500,2024
189000,77720,AUBEPIERRE-OZOUER-LE-REPOS,77,Dépendance,0,0,556,2024
189000,77720,AUBEPIERRE-OZOUER-LE-REPOS,77,Maison,74,4,556,2024
160000,77760,CHAPELLE-LA-REINE (LA),77,Maison,88,5,98,2024
160000,77760,CHAPELLE-LA-REINE (LA),77,Maison,88,5,968,2024
258000,77170,BRIE COMTE ROBERT,77,Maison,107,6,304,2024
800000,77210,SAMOREAU,77,Dépendance,0,0,10653,2024
800000,77210,SAMOREAU,77,Dépendance,0,0,500,2024
800000,77210,SAMOREAU,77,Maison,280,4,10653,2024
800000,77210,SAMOREAU,77,Maison,66,2,10653,2024
800000,77210,SAMOREAU,77,Maison,280,4,500,2024
800000,77210,SAMOREAU,77,Maison,66,2,500,2024
375000,77310,SAINT-FARGEAU-PONTHIERRY,77,Maison,95,4,116,2024
375000,77310,SAINT-FARGEAU-PONTHIERRY,77,Maison,95,4,1183,2024
295215,77310,SAINT-FARGEAU-PONTHIERRY,77,Maison,77,4,350,2024
326700,77140,NEMOURS,77,Local industriel. commercial ou assimilé,108,0,156,2024
326700,77140,NEMOURS,77,Appartement,70,3,54,2024
323000,77176,SAVIGNY-LE-TEMPLE,77,Maison,101,5,201,2024
279150,77220,PRESLES-EN-BRIE,77,Maison,73,3,162,2024
279150,77220,PRESLES-EN-BRIE,77,Dépendance,0,0,162,2024
240050,77760,CHAPELLE-LA-REINE (LA),77,Maison,99,6,85,2024
240050,77760,CHAPELLE-LA-REINE (LA),77,Maison,99,6,1168,2024
315000,77240,CESSON,77,Maison,90,5,209,2024
225000,77167,FAY-LES-NEMOURS,77,Maison,85,3,837,2024
240000,77250,MORET-LOING-ET-ORVANNE,77,Maison,74,3,321,2024
600000,77140,NEMOURS,77,Local industriel. commercial ou assimilé,700,0,1853,2024
600000,77140,NEMOURS,77,Local industriel. commercial ou assimilé,1100,0,1853,2024
1346153,77300,FONTAINEBLEAU,77,Local industriel. commercial ou assimilé,91,0,2103,2024
1346153,77300,FONTAINEBLEAU,77,Appartement,81,4,2103,2024
255000,77130,SAINT-GERMAIN-LAVAL,77,Maison,174,6,182,2024
275000,77680,ROISSY-EN-BRIE,77,Maison,64,3,171,2024
251300,77176,SAVIGNY-LE-TEMPLE,77,Maison,92,5,164,2024
363150,77240,VERT-SAINT-DENIS,77,Maison,98,6,716,2024
310000,77340,PONTAULT COMBAULT,77,Maison,85,5,172,2024
380000,77220,TOURNAN-EN-BRIE,77,Maison,103,6,302,2024
380000,77220,TOURNAN-EN-BRIE,77,Dépendance,0,0,302,2024
312600,77220,PRESLES-EN-BRIE,77,Maison,101,6,272,2024
125865,77550,MOISSY-CRAMAYEL,77,Maison,52,3,74,2024
341800,77310,PRINGY,77,Maison,65,2,626,2024
129000,77190,DAMMARIE LES LYS,77,Dépendance,0,0,277,2024
129000,77190,DAMMARIE LES LYS,77,Maison,50,3,277,2024
300000,77190,DAMMARIE LES LYS,77,Maison,111,4,500,2024
300000,77190,DAMMARIE LES LYS,77,Maison,111,4,197,2024
170000,77920,SAMOIS SUR SEINE,77,Maison,94,3,543,2024
31657000,77310,BOISSISE-LE-ROI,77,Appartement,64,2,2000,2024
31657000,77310,BOISSISE-LE-ROI,77,Local industriel. commercial ou assimilé,589,0,2000,2024
31657000,77310,BOISSISE-LE-ROI,77,Local industriel. commercial ou assimilé,388,0,2000,2024
31657000,77310,BOISSISE-LE-ROI,77,Appartement,151,6,2000,2024
31657000,77310,BOISSISE-LE-ROI,77,Appartement,54,3,2000,2024
31657000,77310,BOISSISE-LE-ROI,77,Appartement,50,2,2000,2024
31657000,77310,BOISSISE-LE-ROI,77,Appartement,80,3,2000,2024
31657000,77310,BOISSISE-LE-ROI,77,Local industriel. commercial ou assimilé,589,0,10324,2024
31657000,77310,BOISSISE-LE-ROI,77,Local industriel. commercial ou assimilé,388,0,10324,2024
31657000,77310,BOISSISE-LE-ROI,77,Appartement,151,6,10324,2024
31657000,77310,BOISSISE-LE-ROI,77,Appartement,54,3,10324,2024
31657000,77310,BOISSISE-LE-ROI,77,Appartement,50,2,10324,2024
31657000,77310,BOISSISE-LE-ROI,77,Appartement,80,3,10324,2024
31657000,77310,BOISSISE-LE-ROI,77,Appartement,64,2,10324,2024
31657000,77310,BOISSISE-LE-ROI,77,Maison,260,6,2775,2024
31657000,77310,BOISSISE-LE-ROI,77,Local industriel. commercial ou assimilé,100,0,1000,2024
31657000,77310,BOISSISE-LE-ROI,77,Local industriel. commercial ou assimilé,100,0,2775,2024
31657000,77310,BOISSISE-LE-ROI,77,Maison,260,6,1000,2024
31657000,77310,BOISSISE-LE-ROI,77,Local industriel. commercial ou assimilé,3155,0,627,2024
31657000,77310,BOISSISE-LE-ROI,77,Maison,105,4,3000,2024
31657000,77310,BOISSISE-LE-ROI,77,Maison,38,2,3000,2024
31657000,77310,BOISSISE-LE-ROI,77,Local industriel. commercial ou assimilé,4612,0,17967,2024
31657000,77310,BOISSISE-LE-ROI,77,Maison,105,4,17967,2024
31657000,77310,BOISSISE-LE-ROI,77,Maison,38,2,17967,2024
31657000,77310,BOISSISE-LE-ROI,77,Local industriel. commercial ou assimilé,4612,0,3000,2024
70000,77130,DORMELLES,77,Maison,42,2,840,2024
70000,77130,DORMELLES,77,Dépendance,0,0,200,2024
70000,77130,DORMELLES,77,Maison,42,2,200,2024
70000,77130,DORMELLES,77,Dépendance,0,0,840,2024
143300,77130,DORMELLES,77,Dépendance,0,0,354,2024
143300,77130,DORMELLES,77,Maison,50,2,354,2024
160000,77590,BOIS LE ROI,77,Maison,65,2,200,2024
160000,77590,BOIS LE ROI,77,Maison,65,2,500,2024
395000,77330,OZOIR LA FERRIERE,77,Maison,189,8,679,2024
411292,77240,CESSON,77,Maison,240,7,197,2024
411292,77240,CESSON,77,Dépendance,0,0,197,2024
368000,77590,CHARTRETTES,77,Maison,141,4,952,2024
368000,77590,CHARTRETTES,77,Dépendance,0,0,952,2024
280000,77000,VAUX-LE-PENIL,77,Maison,106,7,461,2024
266500,77310,PRINGY,77,Maison,83,4,239,2024
160000,77430,CHAMPAGNE SUR SEINE,77,Maison,54,3,412,2024
10450000,77176,NANDY,77,Maison,120,5,8167,2024
10450000,77176,NANDY,77,Maison,102,4,8167,2024
10450000,77176,NANDY,77,Dépendance,0,0,8167,2024
10450000,77176,NANDY,77,Appartement,60,2,8167,2024
10450000,77176,NANDY,77,Appartement,50,2,8167,2024
10450000,77176,NANDY,77,Appartement,33,1,8167,2024
10450000,77176,NANDY,77,Appartement,31,1,8167,2024
10450000,77176,NANDY,77,Appartement,48,2,8167,2024
10450000,77176,NANDY,77,Appartement,55,2,8167,2024
10450000,77176,NANDY,77,Appartement,34,1,8167,2024
10450000,77176,NANDY,77,Appartement,74,3,8167,2024
10450000,77176,NANDY,77,Appartement,35,1,8167,2024
10450000,77176,NANDY,77,Appartement,70,3,8167,2024
10450000,77176,NANDY,77,Maison,132,6,8167,2024
10450000,77176,NANDY,77,Appartement,63,3,8167,2024
10450000,77176,NANDY,77,Appartement,59,3,8167,2024
10450000,77176,NANDY,77,Appartement,47,2,8167,2024
10450000,77176,NANDY,77,Appartement,52,2,8167,2024
10450000,77176,NANDY,77,Appartement,60,3,8167,2024
10450000,77176,NANDY,77,Appartement,46,2,8167,2024
10450000,77176,NANDY,77,Appartement,40,1,8167,2024
10450000,77176,NANDY,77,Appartement,53,2,8167,2024
10450000,77176,NANDY,77,Appartement,69,3,8167,2024
10450000,77176,NANDY,77,Appartement,97,5,8167,2024
10450000,77176,NANDY,77,Appartement,66,3,8167,2024
10450000,77176,NANDY,77,Appartement,41,1,8167,2024
10450000,77176,NANDY,77,Appartement,45,2,8167,2024
10450000,77176,NANDY,77,Appartement,38,1,8167,2024
10450000,77176,NANDY,77,Appartement,48,2,4273,2024
10450000,77176,NANDY,77,Appartement,59,3,4273,2024
10450000,77176,NANDY,77,Appartement,63,3,4273,2024
10450000,77176,NANDY,77,Appartement,45,2,4273,2024
10450000,77176,NANDY,77,Appartement,69,4,4273,2024
10450000,77176,NANDY,77,Dépendance,0,0,4273,2024
10450000,77176,NANDY,77,Appartement,76,4,4273,2024
10450000,77176,NANDY,77,Appartement,64,4,4273,2024
10450000,77176,NANDY,77,Appartement,66,4,4273,2024
10450000,77176,NANDY,77,Appartement,70,4,4273,2024
10450000,77176,NANDY,77,Appartement,44,2,4273,2024
10450000,77176,NANDY,77,Appartement,61,3,4273,2024
10450000,77176,NANDY,77,Appartement,28,1,4273,2024
10450000,77176,NANDY,77,Appartement,46,2,4273,2024
10450000,77176,NANDY,77,Appartement,50,3,4273,2024
10450000,77176,NANDY,77,Appartement,48,3,4273,2024
10450000,77176,NANDY,77,Appartement,43,2,4273,2024
10450000,77176,NANDY,77,Appartement,67,4,4273,2024
10450000,77176,NANDY,77,Appartement,29,1,4273,2024
10450000,77176,NANDY,77,Appartement,30,1,4273,2024
10450000,77176,NANDY,77,Appartement,77,4,4273,2024
10450000,77176,NANDY,77,Appartement,65,4,4273,2024
10450000,77176,NANDY,77,Appartement,66,3,4273,2024
10450000,77176,NANDY,77,Appartement,106,5,4273,2024
10450000,77176,NANDY,77,Appartement,62,3,4273,2024
10450000,77176,NANDY,77,Appartement,55,3,4273,2024
10450000,77176,NANDY,77,Appartement,54,3,4273,2024
10450000,77176,NANDY,77,Appartement,47,2,4273,2024
10450000,77176,NANDY,77,Appartement,65,3,4273,2024
10450000,77176,NANDY,77,Appartement,55,2,4273,2024
10450000,77176,NANDY,77,Appartement,54,2,4273,2024
10450000,77176,NANDY,77,Appartement,81,4,4273,2024
10450000,77176,NANDY,77,Appartement,60,3,4273,2024
10450000,77176,NANDY,77,Appartement,82,4,4273,2024
408690,77390,CRISENOY,77,Appartement,46,2,530,2024
408690,77390,CRISENOY,77,Maison,75,5,530,2024
408690,77390,CRISENOY,77,Appartement,60,2,530,2024
408690,77390,CRISENOY,77,Appartement,60,3,530,2024
350000,77390,COURQUETAINE,77,Dépendance,0,0,684,2024
350000,77390,COURQUETAINE,77,Dépendance,0,0,500,2024
350000,77390,COURQUETAINE,77,Maison,106,6,500,2024
350000,77390,COURQUETAINE,77,Maison,106,6,684,2024
445500,77760,ACHERES-LA-FORET,77,Maison,129,5,1270,2024
445500,77760,ACHERES-LA-FORET,77,Maison,129,5,1000,2024
15911669,77240,CESSON,77,Local industriel. commercial ou assimilé,405,0,3217,2024
15911669,77240,CESSON,77,Local industriel. commercial ou assimilé,550,0,3217,2024
565000,77250,MORET-LOING-ET-ORVANNE,77,Local industriel. commercial ou assimilé,0,0,2307,2024
565000,77250,MORET-LOING-ET-ORVANNE,77,Maison,134,5,2307,2024
565000,77250,MORET-LOING-ET-ORVANNE,77,Maison,62,2,2307,2024
170000,77390,OZOUER-LE-VOULGIS,77,Maison,70,4,125,2024
150000,77670,SAINT-MAMMES,77,Maison,37,2,400,2024
150000,77670,SAINT-MAMMES,77,Maison,37,2,1001,2024
452100,77330,OZOIR LA FERRIERE,77,Maison,133,6,470,2024
265000,77111,SOIGNOLLES-EN-BRIE,77,Maison,70,4,994,2024
265000,77111,SOIGNOLLES-EN-BRIE,77,Maison,70,4,500,2024
292500,77870,VULAINES-SUR-SEINE,77,Maison,100,5,504,2024
435000,77310,BOISSISE-LE-ROI,77,Maison,173,6,1374,2024
106753,77000,VAUX-LE-PENIL,77,Maison,90,3,589,2024
106753,77000,VAUX-LE-PENIL,77,Dépendance,0,0,589,2024
805000,77123,VAUDOUE (LE),77,Dépendance,0,0,1166,2024
805000,77123,VAUDOUE (LE),77,Dépendance,0,0,500,2024
805000,77123,VAUDOUE (LE),77,Maison,226,6,500,2024
805000,77123,VAUDOUE (LE),77,Maison,226,6,1166,2024
265000,77190,DAMMARIE LES LYS,77,Maison,70,4,316,2024
332000,77240,CESSON,77,Dépendance,0,0,438,2024
332000,77240,CESSON,77,Maison,111,6,438,2024
274000,77176,NANDY,77,Maison,88,4,460,2024
186000,77710,VILLEMARECHAL,77,Maison,131,5,564,2024
186000,77710,VILLEMARECHAL,77,Dépendance,0,0,564,2024
180000,77760,BUTHIERS,77,Maison,67,2,500,2024
300000,77310,PRINGY,77,Maison,89,4,839,2024
535000,77250,MORET-LOING-ET-ORVANNE,77,Maison,151,6,552,2024
535000,77250,MORET-LOING-ET-ORVANNE,77,Maison,151,6,69,2024
205000,77140,NONVILLE,77,Maison,141,4,600,2024
205000,77140,NONVILLE,77,Maison,141,4,516,2024
367365,77240,CESSON,77,Maison,167,7,372,2024
367365,77240,CESSON,77,Dépendance,0,0,372,2024
500,77130,MAROLLES-SUR-SEINE,77,Local industriel. commercial ou assimilé,0,0,18,2024
355500,77250,MORET-LOING-ET-ORVANNE,77,Maison,155,6,108,2024
355500,77250,MORET-LOING-ET-ORVANNE,77,Dépendance,0,0,108,2024
192600,77250,MORET-LOING-ET-ORVANNE,77,Maison,60,4,45,2024
135000,77430,CHAMPAGNE SUR SEINE,77,Maison,65,3,295,2024
229000,77590,FONTAINE-LE-PORT,77,Maison,34,1,365,2024
229000,77590,FONTAINE-LE-PORT,77,Maison,34,1,52,2024
229000,77590,FONTAINE-LE-PORT,77,Maison,30,4,282,2024
500850,77300,FONTAINEBLEAU,77,Maison,130,8,620,2024
500850,77300,FONTAINEBLEAU,77,Dépendance,0,0,620,2024
255000,77210,SAMOREAU,77,Maison,78,4,332,2024
256000,77390,BEAUVOIR,77,Maison,100,4,590,2024
240000,77380,COMBS LA VILLE,77,Maison,105,6,108,2024
224000,77000,LIVRY-SUR-SEINE,77,Maison,75,4,555,2024
1300000,77140,NEMOURS,77,Local industriel. commercial ou assimilé,1606,0,4760,2024
288000,77310,SAINT-FARGEAU-PONTHIERRY,77,Maison,120,6,208,2024
680000,77220,LIVERDY-EN-BRIE,77,Maison,220,7,276,2024
680000,77220,LIVERDY-EN-BRIE,77,Dépendance,0,0,276,2024
680000,77220,LIVERDY-EN-BRIE,77,Dépendance,0,0,854,2024
2640000,77340,PONTAULT COMBAULT,77,Local industriel. commercial ou assimilé,8000,0,1390,2024
350000,77340,PONTAULT COMBAULT,77,Maison,80,4,588,2024
440000,77930,PERTHES,77,Maison,135,5,772,2024
440000,77930,PERTHES,77,Dépendance,0,0,772,2024
440000,77930,PERTHES,77,Maison,32,2,772,2024
210000,77140,SAINT-PIERRE-LES-NEMOURS,77,Maison,91,5,557,2024
280000,77140,NEMOURS,77,Dépendance,0,0,304,2024
280000,77140,NEMOURS,77,Maison,150,5,304,2024
205700,77670,VERNOU-LA-CELLE-SUR-SEINE,77,Dépendance,0,0,1831,2024
205700,77670,VERNOU-LA-CELLE-SUR-SEINE,77,Maison,69,3,200,2024
205700,77670,VERNOU-LA-CELLE-SUR-SEINE,77,Dépendance,0,0,200,2024
205700,77670,VERNOU-LA-CELLE-SUR-SEINE,77,Maison,69,3,1831,2024
370000,77127,LIEUSAINT,77,Maison,107,6,608,2024
285000,77340,PONTAULT COMBAULT,77,Maison,77,4,256,2024
255000,77720,MORMANT,77,Dépendance,0,0,529,2024
255000,77720,MORMANT,77,Maison,115,5,529,2024
580000,77130,MONTEREAU FAULT YONNE,77,Local industriel. commercial ou assimilé,345,0,349,2024
100000,77310,SAINT-FARGEAU-PONTHIERRY,77,Maison,25,2,15,2024
275000,77550,MOISSY-CRAMAYEL,77,Maison,99,5,229,2024
387500,77340,PONTAULT COMBAULT,77,Maison,120,5,518,2024
143400,77130,GRANDE-PAROISSE (LA),77,Maison,108,4,586,2024
207000,77590,BOIS LE ROI,77,Maison,65,2,500,2024
207000,77590,BOIS LE ROI,77,Maison,65,2,200,2024
255000,77250,MORET-LOING-ET-ORVANNE,77,Dépendance,0,0,425,2024
255000,77250,MORET-LOING-ET-ORVANNE,77,Maison,112,4,425,2024
230000,77190,DAMMARIE LES LYS,77,Maison,99,5,1082,2024
230000,77190,DAMMARIE LES LYS,77,Maison,99,5,103,2024
230000,77190,DAMMARIE LES LYS,77,Dépendance,0,0,103,2024
230000,77190,DAMMARIE LES LYS,77,Dépendance,0,0,1082,2024
231480,77390,FOUJU,77,Maison,55,3,95,2024
231480,77390,FOUJU,77,Dépendance,0,0,95,2024
160000,77820,CHATELET-EN-BRIE (LE),77,Dépendance,0,0,51,2024
160000,77820,CHATELET-EN-BRIE (LE),77,Maison,65,2,51,2024
110000,77310,SAINT-FARGEAU-PONTHIERRY,77,Appartement,35,1,272,2024
110000,77310,SAINT-FARGEAU-PONTHIERRY,77,Dépendance,0,0,272,2024
110000,77310,SAINT-FARGEAU-PONTHIERRY,77,Appartement,33,1,272,2024
300000,77240,SEINE-PORT,77,Maison,100,3,136,2024
300000,77240,SEINE-PORT,77,Dépendance,0,0,105,2024
535000,77220,GRETZ-ARMAINVILLIERS,77,Maison,138,6,556,2024
535000,77220,GRETZ-ARMAINVILLIERS,77,Maison,138,6,167,2024
535000,77220,GRETZ-ARMAINVILLIERS,77,Maison,53,3,167,2024
535000,77220,GRETZ-ARMAINVILLIERS,77,Maison,53,3,556,2024
68000,77570,CHATEAU-LANDON,77,Maison,115,5,417,2024
439317,77690,MONTIGNY-SUR-LOING,77,Maison,115,4,146,2024
439317,77690,MONTIGNY-SUR-LOING,77,Dépendance,0,0,146,2024
3474663,77370,NANGIS,77,Appartement,64,4,2164,2024
3474663,77370,NANGIS,77,Dépendance,0,0,2164,2024
3474663,77370,NANGIS,77,Appartement,74,5,2164,2024
3474663,77370,NANGIS,77,Appartement,54,3,2164,2024
9000,77410,MESSY,77,Dépendance,0,0,22,2024
515000,77400,THORIGNY SUR MARNE,77,Maison,118,4,500,2024
515000,77400,THORIGNY SUR MARNE,77,Dépendance,0,0,500,2024
515000,77400,THORIGNY SUR MARNE,77,Maison,118,4,1062,2024
515000,77400,THORIGNY SUR MARNE,77,Dépendance,0,0,1062,2024
145500,77510,REBAIS,77,Maison,87,4,46,2024
145500,77510,REBAIS,77,Dépendance,0,0,25,2024
318000,77186,NOISIEL,77,Maison,41,3,258,2024
318000,77186,NOISIEL,77,Dépendance,0,0,258,2024
150000,77290,MITRY MORY,77,Dépendance,0,0,23,2024
150000,77290,MITRY MORY,77,Maison,33,2,23,2024
385000,77400,THORIGNY SUR MARNE,77,Maison,117,6,63,2024
490000,77360,VAIRES SUR MARNE,77,Maison,124,5,559,2024
490000,77360,VAIRES SUR MARNE,77,Dépendance,0,0,559,2024
220000,77160,POIGNY,77,Maison,98,5,357,2024
339000,77144,MONTEVRAIN,77,Maison,116,5,141,2024
339000,77144,MONTEVRAIN,77,Dépendance,0,0,156,2024
206370,77120,MOUROUX,77,Maison,76,4,246,2024
169000,77840,CROUY-SUR-OURCQ,77,Maison,67,3,388,2024
234000,77100,MEAUX,77,Maison,73,5,57,2024
332200,77410,VILLEVAUDE,77,Maison,100,3,500,2024
332200,77410,VILLEVAUDE,77,Dépendance,0,0,401,2024
332200,77410,VILLEVAUDE,77,Maison,100,3,401,2024
332200,77410,VILLEVAUDE,77,Dépendance,0,0,500,2024
285000,77184,EMERAINVILLE,77,Maison,82,4,132,2024
220000,77360,VAIRES SUR MARNE,77,Dépendance,0,0,234,2024
220000,77360,VAIRES SUR MARNE,77,Maison,60,3,234,2024
320000,77700,BAILLY-ROMAINVILLIERS,77,Maison,86,4,250,2024
314000,77610,MARLES-EN-BRIE,77,Maison,85,4,500,2024
314000,77610,MARLES-EN-BRIE,77,Maison,85,4,268,2024
177500,77270,VILLEPARISIS,77,Maison,18,2,112,2024
177500,77270,VILLEPARISIS,77,Maison,74,4,730,2024
177500,77270,VILLEPARISIS,77,Maison,18,2,730,2024
177500,77270,VILLEPARISIS,77,Maison,74,4,112,2024
266400,77860,SAINT-GERMAIN-SUR-MORIN,77,Maison,85,4,243,2024
217500,77100,NANTEUIL-LES-MEAUX,77,Maison,109,5,78,2024
237000,77178,SAINT-PATHUS,77,Maison,103,6,274,2024
1120000,77410,CLAYE-SOUILLY,77,Maison,297,7,684,2024
170000,77510,REBAIS,77,Maison,78,4,60,2024
170000,77510,REBAIS,77,Local industriel. commercial ou assimilé,70,0,60,2024
170000,77510,REBAIS,77,Dépendance,0,0,220,2024
170000,77510,REBAIS,77,Dépendance,0,0,36,2024
584050,77400,SAINT THIBAULT DES VIGNES,77,Maison,172,7,567,2024
172494,77144,MONTEVRAIN,77,Maison,30,2,374,2024
172494,77144,MONTEVRAIN,77,Dépendance,0,0,374,2024
172494,77144,MONTEVRAIN,77,Maison,59,2,46,2024
370000,77400,CARNETIN,77,Maison,115,4,252,2024
595000,77650,LONGUEVILLE,77,Maison,65,2,1650,2024
595000,77650,LONGUEVILLE,77,Maison,317,15,1650,2024
595000,77650,LONGUEVILLE,77,Dépendance,0,0,1650,2024
243000,77139,ETREPILLY,77,Dépendance,0,0,450,2024
243000,77139,ETREPILLY,77,Maison,76,4,450,2024
230000,77580,VILLIERS-SUR-MORIN,77,Maison,79,4,500,2024
230000,77580,VILLIERS-SUR-MORIN,77,Maison,79,4,627,2024
112000,77580,VILLIERS-SUR-MORIN,77,Dépendance,0,0,45,2024
112000,77580,VILLIERS-SUR-MORIN,77,Maison,56,3,35,2024
280000,77165,SAINT-SOUPPLETS,77,Maison,88,4,302,2024
223000,77730,SAACY-SUR-MARNE,77,Maison,88,4,1343,2024
223000,77730,SAACY-SUR-MARNE,77,Maison,88,4,500,2024
230000,77560,AUGERS-EN-BRIE,77,Maison,125,6,449,2024
209000,77540,COURPALAY,77,Maison,100,4,99,2024
470000,77100,MEAUX,77,Dépendance,0,0,935,2024
470000,77100,MEAUX,77,Appartement,90,4,935,2024
470000,77100,MEAUX,77,Dépendance,0,0,281,2024
174000,77370,NANGIS,77,Maison,90,5,331,2024
350000,77580,CRECY LA CHAPELLE,77,Maison,105,3,603,2024
350000,77580,CRECY LA CHAPELLE,77,Local industriel. commercial ou assimilé,20,0,603,2024
30000,77580,VOULANGIS,77,Maison,29,1,419,2024
321000,77181,COURTRY,77,Maison,91,5,152,2024
165000,77400,LAGNY-SUR-MARNE,77,Maison,133,5,598,2024
197000,77370,NANGIS,77,Maison,81,4,212,2024
190000,77730,NANTEUIL-SUR-MARNE,77,Maison,82,4,471,2024
68000,77171,SOURDUN,77,Maison,57,3,406,2024
68000,77171,SOURDUN,77,Dépendance,0,0,406,2024
320000,77400,LAGNY-SUR-MARNE,77,Dépendance,0,0,408,2024
320000,77400,LAGNY-SUR-MARNE,77,Maison,65,4,408,2024
165000,77560,MARETS (LES),77,Dépendance,0,0,102,2024
165000,77560,MARETS (LES),77,Maison,84,5,102,2024
310000,77500,CHELLES,77,Dépendance,0,0,392,2024
310000,77500,CHELLES,77,Maison,108,5,392,2024
60000,77370,NANGIS,77,Maison,80,4,86,2024
339900,77230,MOUSSY-LE-NEUF,77,Maison,105,7,610,2024
434750,77400,LAGNY-SUR-MARNE,77,Maison,88,5,500,2024
260000,77270,VILLEPARISIS,77,Maison,54,2,513,2024
260000,77270,VILLEPARISIS,77,Dépendance,0,0,513,2024
400000,77131,TOUQUIN,77,Maison,160,4,345,2024
400000,77131,TOUQUIN,77,Dépendance,0,0,345,2024
400000,77131,TOUQUIN,77,Maison,160,4,565,2024
400000,77131,TOUQUIN,77,Dépendance,0,0,565,2024
77000,77560,LOUAN-VILLEGRUIS-FONTAINE,77,Maison,105,5,2646,2024
77000,77560,LOUAN-VILLEGRUIS-FONTAINE,77,Maison,105,5,468,2024
650000,77700,MAGNY-LE-HONGRE,77,Dépendance,0,0,500,2024
650000,77700,MAGNY-LE-HONGRE,77,Appartement,16,1,147,2024
650000,77700,MAGNY-LE-HONGRE,77,Dépendance,0,0,147,2024
650000,77700,MAGNY-LE-HONGRE,77,Maison,135,5,147,2024
650000,77700,MAGNY-LE-HONGRE,77,Appartement,16,1,500,2024
650000,77700,MAGNY-LE-HONGRE,77,Maison,135,5,500,2024
455000,77200,TORCY,77,Dépendance,0,0,618,2024
455000,77200,TORCY,77,Maison,100,7,618,2024
190000,77160,CHALAUTRE-LA-PETITE,77,Maison,98,5,1800,2024
190000,77160,CHALAUTRE-LA-PETITE,77,Maison,98,5,597,2024
420000,77500,CHELLES,77,Maison,112,4,582,2024
420000,77500,CHELLES,77,Dépendance,0,0,582,2024
253000,77138,LUZANCY,77,Maison,122,5,619,2024
253000,77138,LUZANCY,77,Maison,122,5,500,2024
50000,77320,FERTE-GAUCHER (LA),77,Dépendance,0,0,125,2024
50000,77320,FERTE-GAUCHER (LA),77,Maison,103,3,125,2024
50000,77320,FERTE-GAUCHER (LA),77,Dépendance,0,0,100,2024
240000,77169,CHAUFFRY,77,Dépendance,0,0,1498,2024
240000,77169,CHAUFFRY,77,Maison,125,8,500,2024
240000,77169,CHAUFFRY,77,Dépendance,0,0,500,2024
240000,77169,CHAUFFRY,77,Maison,125,8,1498,2024
650000,77270,VILLEPARISIS,77,Appartement,28,1,600,2024
650000,77270,VILLEPARISIS,77,Dépendance,0,0,600,2024
650000,77270,VILLEPARISIS,77,Maison,106,5,600,2024
297950,77230,MOUSSY-LE-NEUF,77,Maison,113,5,208,2024
140000,77124,CHAUCONIN-NEUFMONTIERS,77,Maison,120,7,407,2024
140000,77124,CHAUCONIN-NEUFMONTIERS,77,Dépendance,0,0,407,2024
274000,77139,ETREPILLY,77,Maison,135,6,482,2024
274000,77139,ETREPILLY,77,Maison,135,6,500,2024
274000,77139,ETREPILLY,77,Dépendance,0,0,482,2024
274000,77139,ETREPILLY,77,Dépendance,0,0,500,2024
300000,77290,MITRY MORY,77,Maison,88,5,200,2024
227100,77520,LUISETAINES,77,Maison,110,7,392,2024
227100,77520,LUISETAINES,77,Maison,110,7,500,2024
234000,77510,REBAIS,77,Maison,107,4,500,2024
234000,77510,REBAIS,77,Maison,107,4,50,2024
280000,77178,SAINT-PATHUS,77,Maison,129,5,500,2024
280000,77178,SAINT-PATHUS,77,Maison,129,5,508,2024
262000,77320,BETON-BAZOCHES,77,Maison,121,6,500,2024
262000,77320,BETON-BAZOCHES,77,Maison,121,6,501,2024
181150,77174,VILLENEUVE-LE-COMTE,77,Dépendance,0,0,88,2024
181150,77174,VILLENEUVE-LE-COMTE,77,Maison,50,2,39,2024
529400,77450,ESBLY,77,Maison,130,7,95,2024
529400,77450,ESBLY,77,Maison,130,7,500,2024
407550,77410,CLAYE-SOUILLY,77,Dépendance,0,0,560,2024
407550,77410,CLAYE-SOUILLY,77,Maison,98,5,560,2024
140000,77440,TANCROU,77,Maison,72,3,519,2024
90000,77510,DOUE,77,Dépendance,0,0,250,2024
90000,77510,DOUE,77,Dépendance,0,0,1172,2024
90000,77510,DOUE,77,Maison,95,4,250,2024
90000,77510,DOUE,77,Maison,95,4,1172,2024
564500,77860,QUINCY-VOISINS,77,Maison,157,4,2847,2024
564500,77860,QUINCY-VOISINS,77,Dépendance,0,0,2847,2024
564500,77860,QUINCY-VOISINS,77,Maison,157,4,500,2024
564500,77860,QUINCY-VOISINS,77,Dépendance,0,0,500,2024
207000,77450,LESCHES,77,Maison,76,3,424,2024
248000,77750,BUSSIERES,77,Maison,182,8,500,2024
248000,77750,BUSSIERES,77,Maison,182,8,651,2024
340900,77230,MOUSSY-LE-NEUF,77,Dépendance,0,0,510,2024
340900,77230,MOUSSY-LE-NEUF,77,Maison,103,7,510,2024
385000,77370,CHAPELLE-RABLAIS (LA),77,Maison,130,5,500,2024
385000,77370,CHAPELLE-RABLAIS (LA),77,Maison,130,5,1741,2024
120500,77169,BOISSY-LE-CHATEL,77,Maison,140,4,250,2024
120500,77169,BOISSY-LE-CHATEL,77,Maison,140,4,1117,2024
80000,77500,CHELLES,77,Maison,60,3,169,2024
252000,77840,CROUY-SUR-OURCQ,77,Maison,90,5,486,2024
252000,77840,CROUY-SUR-OURCQ,77,Maison,90,5,500,2024
190000,77410,CLAYE-SOUILLY,77,Maison,90,4,240,2024
190000,77410,CLAYE-SOUILLY,77,Maison,90,4,500,2024
444000,77290,MITRY MORY,77,Maison,115,5,500,2024
446700,77164,FERRIERES-EN-BRIE,77,Maison,131,5,460,2024
415000,77420,CHAMPS-SUR-MARNE,77,Maison,115,4,258,2024
100000,77515,POMMEUSE,77,Local industriel. commercial ou assimilé,150,0,176,2024
293000,77290,MITRY MORY,77,Maison,90,4,429,2024
240000,77122,MONTHYON,77,Dépendance,0,0,89,2024
240000,77122,MONTHYON,77,Dépendance,0,0,500,2024
240000,77122,MONTHYON,77,Maison,80,5,89,2024
240000,77122,MONTHYON,77,Maison,80,5,500,2024
90000,77515,POMMEUSE,77,Local industriel. commercial ou assimilé,150,0,176,2024
425500,77420,CHAMPS-SUR-MARNE,77,Maison,149,5,249,2024
130000,77160,PROVINS,77,Dépendance,0,0,133,2024
130000,77160,PROVINS,77,Maison,140,8,133,2024
20000,77160,PROVINS,77,Dépendance,0,0,171,2024
20000,77160,PROVINS,77,Dépendance,0,0,218,2024
365000,77181,COURTRY,77,Maison,130,7,582,2024
365000,77181,COURTRY,77,Dépendance,0,0,582,2024
443000,77700,SERRIS,77,Maison,114,5,768,2024
385000,77120,MOUROUX,77,Maison,169,5,456,2024
30000,77450,TRILBARDOU,77,Maison,49,2,200,2024
90000,77560,AUGERS-EN-BRIE,77,Dépendance,0,0,800,2024
90000,77560,AUGERS-EN-BRIE,77,Dépendance,0,0,563,2024
90000,77560,AUGERS-EN-BRIE,77,Maison,107,4,800,2024
90000,77560,AUGERS-EN-BRIE,77,Maison,107,4,563,2024
199900,77134,ORMES-SUR-VOULZIE (LES),77,Maison,76,3,197,2024
110000,77510,SAINT-DENIS-LES-REBAIS,77,Maison,87,3,1360,2024
110000,77510,SAINT-DENIS-LES-REBAIS,77,Dépendance,0,0,1360,2024
110000,77510,SAINT-DENIS-LES-REBAIS,77,Maison,87,3,500,2024
110000,77510,SAINT-DENIS-LES-REBAIS,77,Dépendance,0,0,500,2024
120000,77160,CHENOISE-CUCHARMOY,77,Maison,46,2,306,2024
179000,77520,DONNEMARIE-DONTILLY,77,Dépendance,0,0,209,2024
179000,77520,DONNEMARIE-DONTILLY,77,Maison,179,6,209,2024
167000,77370,NANGIS,77,Maison,56,3,459,2024
500000,77450,ISLES-LES-VILLENOY,77,Maison,162,5,946,2024
825000,77400,SAINT THIBAULT DES VIGNES,77,Dépendance,0,0,365,2024
825000,77400,SAINT THIBAULT DES VIGNES,77,Maison,195,7,365,2024
825000,77400,SAINT THIBAULT DES VIGNES,77,Dépendance,0,0,500,2024
825000,77400,SAINT THIBAULT DES VIGNES,77,Maison,195,7,500,2024
200000,77600,BUSSY-SAINT-MARTIN,77,Dépendance,0,0,25,2024
200000,77600,BUSSY-SAINT-MARTIN,77,Dépendance,0,0,30,2024
270000,77515,FAREMOUTIERS,77,Maison,79,4,221,2024
373400,77181,COURTRY,77,Maison,125,5,239,2024
183000,77520,DONNEMARIE-DONTILLY,77,Maison,124,4,272,2024
377750,77360,VAIRES SUR MARNE,77,Maison,79,5,370,2024
208000,77126,CHATENAY-SUR-SEINE,77,Maison,80,4,130,2024
287200,77450,MONTRY,77,Maison,82,5,449,2024
287200,77450,MONTRY,77,Dépendance,0,0,449,2024
352479,77360,VAIRES SUR MARNE,77,Maison,60,3,234,2024
352479,77360,VAIRES SUR MARNE,77,Dépendance,0,0,234,2024
400000,77700,BAILLY-ROMAINVILLIERS,77,Maison,95,4,440,2024
398000,77160,PROVINS,77,Maison,135,5,578,2024
398000,77160,PROVINS,77,Dépendance,0,0,578,2024
290000,77120,MAROLLES-EN-BRIE,77,Maison,134,5,500,2024
290000,77120,MAROLLES-EN-BRIE,77,Maison,134,5,429,2024
298100,77840,CROUY-SUR-OURCQ,77,Maison,135,4,308,2024
298100,77840,CROUY-SUR-OURCQ,77,Maison,135,4,500,2024
315000,77138,LUZANCY,77,Appartement,31,2,105,2024
315000,77138,LUZANCY,77,Appartement,38,3,105,2024
315000,77138,LUZANCY,77,Appartement,25,2,105,2024
315000,77138,LUZANCY,77,Appartement,23,2,105,2024
315000,77138,LUZANCY,77,Appartement,20,1,105,2024
315000,77138,LUZANCY,77,Appartement,45,3,105,2024
203000,77410,CLAYE-SOUILLY,77,Maison,80,4,102,2024
183000,77270,VILLEPARISIS,77,Dépendance,0,0,405,2024
183000,77270,VILLEPARISIS,77,Maison,36,2,405,2024
322000,77400,LAGNY-SUR-MARNE,77,Maison,89,4,254,2024
430000,77154,COUTENCON,77,Maison,228,5,789,2024
430000,77154,COUTENCON,77,Maison,228,5,700,2024
305550,77124,PENCHARD,77,Maison,145,6,408,2024
285000,77410,CHARNY,77,Maison,94,6,448,2024
305000,77410,CLAYE-SOUILLY,77,Maison,75,4,500,2024
305000,77410,CLAYE-SOUILLY,77,Maison,75,4,450,2024
205000,77120,BEAUTHEIL-SAINTS,77,Dépendance,0,0,257,2024
205000,77120,BEAUTHEIL-SAINTS,77,Maison,119,4,257,2024
174600,77510,SAINT-DENIS-LES-REBAIS,77,Maison,103,5,122,2024
257000,77515,FAREMOUTIERS,77,Maison,145,6,208,2024
105000,77181,COURTRY,77,Dépendance,0,0,8,2024
105000,77181,COURTRY,77,Maison,54,2,111,2024
57000,77120,MOUROUX,77,Maison,16,0,37,2024
320000,77500,CHELLES,77,Dépendance,0,0,300,2024
320000,77500,CHELLES,77,Maison,95,6,300,2024
500000,77164,FERRIERES-EN-BRIE,77,Dépendance,0,0,615,2024
500000,77164,FERRIERES-EN-BRIE,77,Maison,99,5,615,2024
290000,77990,LE MESNIL-AMELOT,77,Maison,120,4,220,2024
315000,77840,CROUY-SUR-OURCQ,77,Maison,225,4,650,2024
315000,77840,CROUY-SUR-OURCQ,77,Dépendance,0,0,650,2024
301836,77700,SERRIS,77,Maison,82,4,118,2024
1000,77181,COURTRY,77,Dépendance,0,0,12,2024
70000,77750,SAINT-CYR-SUR-MORIN,77,Appartement,65,3,52,2024
70000,77750,SAINT-CYR-SUR-MORIN,77,Dépendance,0,0,52,2024
375000,77500,CHELLES,77,Maison,177,6,502,2024
62000,77515,SAINT-AUGUSTIN,77,Maison,67,3,95,2024
169000,77169,CHAUFFRY,77,Maison,93,5,1000,2024
169000,77169,CHAUFFRY,77,Dépendance,0,0,1000,2024
169000,77169,CHAUFFRY,77,Dépendance,0,0,82,2024
169000,77169,CHAUFFRY,77,Maison,93,5,82,2024
169000,77169,CHAUFFRY,77,Dépendance,0,0,111,2024
169000,77169,CHAUFFRY,77,Maison,93,5,111,2024
180048,77160,PROVINS,77,Maison,119,3,537,2024
276000,77270,VILLEPARISIS,77,Maison,74,5,335,2024
365000,77270,VILLEPARISIS,77,Dépendance,0,0,384,2024
365000,77270,VILLEPARISIS,77,Maison,97,5,384,2024
448100,77600,BUSSY-SAINT-GEORGES,77,Maison,115,5,341,2024
290000,77270,VILLEPARISIS,77,Maison,70,4,480,2024
250000,77120,COULOMMIERS,77,Maison,110,6,377,2024
250000,77270,VILLEPARISIS,77,Maison,88,5,264,2024
530000,77400,SAINT THIBAULT DES VIGNES,77,Maison,141,6,641,2024
230000,77290,MITRY MORY,77,Maison,54,3,112,2024
230000,77290,MITRY MORY,77,Appartement,42,2,112,2024
262000,77860,SAINT-GERMAIN-SUR-MORIN,77,Maison,83,5,277,2024
100000,77510,VILLENEUVE-SUR-BELLOT,77,Dépendance,0,0,20,2024
345000,77290,MITRY MORY,77,Maison,118,5,408,2024
199500,77600,BUSSY-SAINT-GEORGES,77,Maison,164,6,144,2024
199500,77600,BUSSY-SAINT-GEORGES,77,Maison,164,6,500,2024
355000,77410,VILLEVAUDE,77,Maison,149,4,510,2024
343000,77420,CHAMPS-SUR-MARNE,77,Dépendance,0,0,579,2024
343000,77420,CHAMPS-SUR-MARNE,77,Maison,97,2,579,2024
238000,77290,MITRY MORY,77,Maison,50,3,450,2024
350000,77174,VILLENEUVE-LE-COMTE,77,Maison,95,4,250,2024
350000,77174,VILLENEUVE-LE-COMTE,77,Maison,95,4,380,2024
257000,77270,VILLEPARISIS,77,Appartement,25,2,269,2024
257000,77270,VILLEPARISIS,77,Appartement,63,3,269,2024
175000,77370,CROIX-EN-BRIE (LA),77,Dépendance,0,0,532,2024
175000,77370,CROIX-EN-BRIE (LA),77,Maison,85,4,400,2024
175000,77370,CROIX-EN-BRIE (LA),77,Dépendance,0,0,400,2024
175000,77370,CROIX-EN-BRIE (LA),77,Maison,85,4,532,2024
356000,77181,LE PIN,77,Maison,128,5,345,2024
133000,77171,LECHELLE,77,Maison,78,3,282,2024
105000,77410,GRESSY,77,Maison,142,6,500,2024
105000,77410,GRESSY,77,Maison,142,6,428,2024
250000,77165,SAINT-SOUPPLETS,77,Maison,80,4,423,2024
27000,77410,PRECY-SUR-MARNE,77,Dépendance,0,0,33,2024
178000,77580,PIERRE-LEVEE,77,Maison,142,5,142,2024
198500,77450,ESBLY,77,Maison,32,1,103,2024
367900,77230,DAMMARTIN-EN-GOELE,77,Maison,121,3,252,2024
367900,77230,DAMMARTIN-EN-GOELE,77,Maison,121,3,500,2024
215000,77120,COULOMMIERS,77,Maison,67,4,316,2024
177000,77320,JOUY-SUR-MORIN,77,Maison,125,5,850,2024
177000,77320,JOUY-SUR-MORIN,77,Dépendance,0,0,250,2024
177000,77320,JOUY-SUR-MORIN,77,Dépendance,0,0,850,2024
177000,77320,JOUY-SUR-MORIN,77,Maison,125,5,250,2024
380200,77700,BAILLY-ROMAINVILLIERS,77,Maison,76,4,131,2024
380200,77700,BAILLY-ROMAINVILLIERS,77,Dépendance,0,0,131,2024
371150,77360,VAIRES SUR MARNE,77,Dépendance,0,0,451,2024
371150,77360,VAIRES SUR MARNE,77,Maison,69,4,451,2024
22000,77169,SAINT-SIMEON,77,Dépendance,0,0,76,2024
112000,77160,CHENOISE-CUCHARMOY,77,Maison,110,4,294,2024
410000,77860,COUILLY-PONT-AUX-DAMES,77,Maison,103,5,500,2024
410000,77860,COUILLY-PONT-AUX-DAMES,77,Maison,103,5,300,2024
410000,77860,COUILLY-PONT-AUX-DAMES,77,Dépendance,0,0,300,2024
410000,77860,COUILLY-PONT-AUX-DAMES,77,Dépendance,0,0,500,2024
159000,77370,NANGIS,77,Maison,60,3,137,2024
191500,77320,SANCY LES PROVINS,77,Maison,140,5,949,2024
23000,77120,BEAUTHEIL-SAINTS,77,Maison,77,3,587,2024
23000,77120,BEAUTHEIL-SAINTS,77,Dépendance,0,0,587,2024
270000,77610,MARLES-EN-BRIE,77,Maison,100,7,603,2024
270000,77610,MARLES-EN-BRIE,77,Maison,100,7,500,2024
229000,77650,SOISY-BOUY,77,Maison,112,5,500,2024
229000,77650,SOISY-BOUY,77,Maison,112,5,428,2024
215000,77650,SOISY-BOUY,77,Maison,135,6,1463,2024
36890,77610,HOUSSAYE-EN-BRIE (LA),77,Dépendance,0,0,4945,2024
36890,77610,HOUSSAYE-EN-BRIE (LA),77,Maison,104,5,4945,2024
36890,77610,HOUSSAYE-EN-BRIE (LA),77,Local industriel. commercial ou assimilé,260,0,4945,2024
64170,77610,HOUSSAYE-EN-BRIE (LA),77,Dépendance,0,0,2898,2024
64170,77610,HOUSSAYE-EN-BRIE (LA),77,Maison,32,1,2898,2024
64170,77610,HOUSSAYE-EN-BRIE (LA),77,Maison,100,3,2898,2024
232000,77260,LA FERTE SOUS JOUARRE,77,Maison,86,4,742,2024
310000,77990,LE MESNIL-AMELOT,77,Maison,74,5,506,2024
119320,77510,DOUE,77,Maison,50,3,74,2024
130000,77139,MARCILLY,77,Maison,50,4,42,2024
164700,77700,MAGNY-LE-HONGRE,77,Dépendance,0,0,428,2024
164700,77700,MAGNY-LE-HONGRE,77,Maison,123,5,428,2024
276000,77840,COULOMBS-EN-VALOIS,77,Maison,246,11,9532,2024
380000,77600,CONCHES SUR GONDOIRE,77,Maison,148,6,550,2024
265000,77470,VILLEMAREUIL,77,Maison,15,1,516,2024
265000,77470,VILLEMAREUIL,77,Maison,98,4,516,2024
422400,77600,GUERMANTES,77,Dépendance,0,0,284,2024
422400,77600,GUERMANTES,77,Maison,118,5,284,2024
121000,77260,LA FERTE SOUS JOUARRE,77,Maison,72,4,43,2024
59025,77260,LA FERTE SOUS JOUARRE,77,Maison,63,3,103,2024
245000,77177,BROU-SUR-CHANTEREINE,77,Maison,56,4,474,2024
245000,77177,BROU-SUR-CHANTEREINE,77,Dépendance,0,0,474,2024
230000,77120,COULOMMIERS,77,Dépendance,0,0,800,2024
230000,77120,COULOMMIERS,77,Dépendance,0,0,138,2024
95000,77370,NANGIS,77,Appartement,52,3,197,2024
95000,77370,NANGIS,77,Appartement,60,3,197,2024
484000,77360,VAIRES SUR MARNE,77,Maison,110,5,449,2024
125000,77520,MEIGNEUX,77,Dépendance,0,0,720,2024
125000,77520,MEIGNEUX,77,Maison,84,5,697,2024
125000,77520,MEIGNEUX,77,Dépendance,0,0,697,2024
125000,77520,MEIGNEUX,77,Maison,84,5,720,2024
355000,77420,CHAMPS-SUR-MARNE,77,Maison,110,5,274,2024
305000,77360,VAIRES SUR MARNE,77,Dépendance,0,0,253,2024
305000,77360,VAIRES SUR MARNE,77,Maison,46,2,253,2024
870000,77100,NANTEUIL-LES-MEAUX,77,Local industriel. commercial ou assimilé,600,0,1082,2024
372000,77186,NOISIEL,77,Maison,62,3,139,2024
265000,77450,MONTRY,77,Maison,66,4,233,2024
380000,77400,LAGNY-SUR-MARNE,77,Maison,92,4,471,2024
280000,77610,MARLES-EN-BRIE,77,Maison,72,3,250,2024
280000,77610,MARLES-EN-BRIE,77,Maison,72,3,557,2024
280000,77610,MARLES-EN-BRIE,77,Maison,60,3,557,2024
280000,77610,MARLES-EN-BRIE,77,Maison,60,3,250,2024
249500,77650,SAINTE-COLOMBE,77,Dépendance,0,0,474,2024
249500,77650,SAINTE-COLOMBE,77,Maison,104,4,474,2024
188080,77520,DONNEMARIE-DONTILLY,77,Maison,64,4,960,2024
188080,77520,DONNEMARIE-DONTILLY,77,Maison,64,4,80,2024
349000,77500,CHELLES,77,Maison,72,3,405,2024
118000,77160,SAINT-BRICE,77,Maison,85,4,200,2024
4000,77510,REBAIS,77,Dépendance,0,0,9,2024
283000,77450,MONTRY,77,Maison,66,4,381,2024
88000,77440,VENDREST,77,Maison,44,2,46,2024
390010,77230,MOUSSY-LE-NEUF,77,Maison,135,5,433,2024
257250,77120,COULOMMIERS,77,Dépendance,0,0,726,2024
257250,77120,COULOMMIERS,77,Maison,95,6,726,2024
257250,77120,COULOMMIERS,77,Dépendance,0,0,314,2024
257250,77120,COULOMMIERS,77,Maison,95,6,314,2024
427800,77200,TORCY,77,Maison,112,6,519,2024
427800,77200,TORCY,77,Dépendance,0,0,519,2024
380000,77290,MITRY MORY,77,Appartement,69,3,428,2024
380000,77290,MITRY MORY,77,Local industriel. commercial ou assimilé,413,0,428,2024
278000,77410,CLAYE-SOUILLY,77,Maison,65,3,549,2024
170000,77260,LA FERTE SOUS JOUARRE,77,Maison,90,4,62,2024
223000,77750,SAINT-CYR-SUR-MORIN,77,Maison,119,5,362,2024
223000,77750,SAINT-CYR-SUR-MORIN,77,Dépendance,0,0,362,2024
357683,77610,NEUFMOUTIERS-EN-BRIE,77,Maison,103,5,538,2024
81450,77560,VILLIERS-SAINT-GEORGES,77,Maison,46,2,94,2024
81450,77560,VILLIERS-SAINT-GEORGES,77,Dépendance,0,0,150,2024
330000,77580,GUERARD,77,Dépendance,0,0,513,2024
330000,77580,GUERARD,77,Maison,121,5,1529,2024
330000,77580,GUERARD,77,Dépendance,0,0,1529,2024
330000,77580,GUERARD,77,Maison,121,5,513,2024
150000,77580,VILLIERS-SUR-MORIN,77,Dépendance,0,0,500,2024
150000,77580,VILLIERS-SUR-MORIN,77,Maison,42,3,500,2024
150000,77580,VILLIERS-SUR-MORIN,77,Dépendance,0,0,3429,2024
150000,77580,VILLIERS-SUR-MORIN,77,Maison,42,3,3429,2024
165000,77700,COUPVRAY,77,Maison,50,3,160,2024
217000,77200,TORCY,77,Dépendance,0,0,97,2024
217000,77200,TORCY,77,Maison,68,4,97,2024
394000,77181,COURTRY,77,Maison,106,5,236,2024
175000,77440,CONGIS-SUR-THEROUANNE,77,Maison,93,5,128,2024
225000,77730,SAACY-SUR-MARNE,77,Maison,76,4,500,2024
225000,77730,SAACY-SUR-MARNE,77,Maison,76,4,567,2024
288000,77610,CHAPELLES-BOURBON (LES),77,Maison,139,7,545,2024
70000,77171,SOURDUN,77,Local industriel. commercial ou assimilé,88,0,313,2024
250000,77420,CHAMPS-SUR-MARNE,77,Maison,28,2,484,2024
259650,77120,COULOMMIERS,77,Maison,94,4,211,2024
259650,77120,COULOMMIERS,77,Dépendance,0,0,211,2024
242500,77750,BUSSIERES,77,Maison,127,6,450,2024
242500,77750,BUSSIERES,77,Maison,127,6,500,2024
270000,77290,MITRY MORY,77,Dépendance,0,0,289,2024
270000,77290,MITRY MORY,77,Maison,61,4,289,2024
285000,77144,MONTEVRAIN,77,Maison,57,3,151,2024
477500,77290,MITRY MORY,77,Dépendance,0,0,598,2024
477500,77290,MITRY MORY,77,Maison,138,5,598,2024
382900,77400,LAGNY-SUR-MARNE,77,Maison,86,5,212,2024
382900,77400,LAGNY-SUR-MARNE,77,Local industriel. commercial ou assimilé,15,0,212,2024
349400,77610,HOUSSAYE-EN-BRIE (LA),77,Maison,178,5,698,2024
499000,77290,MITRY MORY,77,Dépendance,0,0,513,2024
499000,77290,MITRY MORY,77,Maison,77,5,513,2024
499000,77290,MITRY MORY,77,Maison,1,0,233,2024
499000,77290,MITRY MORY,77,Dépendance,0,0,233,2024
499000,77290,MITRY MORY,77,Maison,35,1,233,2024
499000,77290,MITRY MORY,77,Appartement,40,2,233,2024
419000,77450,MONTRY,77,Dépendance,0,0,500,2024
419000,77450,MONTRY,77,Maison,110,5,994,2024
419000,77450,MONTRY,77,Maison,110,5,500,2024
419000,77450,MONTRY,77,Dépendance,0,0,994,2024
108000,77440,LIZY-SUR-OURCQ,77,Maison,63,3,56,2024
685000,77700,BAILLY-ROMAINVILLIERS,77,Maison,143,6,74,2024
685000,77700,BAILLY-ROMAINVILLIERS,77,Dépendance,0,0,500,2024
685000,77700,BAILLY-ROMAINVILLIERS,77,Maison,143,6,500,2024
685000,77700,BAILLY-ROMAINVILLIERS,77,Dépendance,0,0,74,2024
295000,77500,CHELLES,77,Maison,81,4,541,2024
300000,77260,LA FERTE SOUS JOUARRE,77,Local industriel. commercial ou assimilé,438,0,1093,2024
389200,77230,LONGPERRIER,77,Maison,96,4,500,2024
500000,77360,VAIRES SUR MARNE,77,Maison,174,6,511,2024
500000,77360,VAIRES SUR MARNE,77,Dépendance,0,0,511,2024
384000,77230,ROUVRES,77,Maison,104,5,450,2024
384000,77230,ROUVRES,77,Maison,104,5,500,2024
188000,77260,LA FERTE SOUS JOUARRE,77,Maison,82,4,818,2024
260050,77700,COUPVRAY,77,Maison,84,3,500,2024
260050,77700,COUPVRAY,77,Maison,84,3,911,2024
18240,77470,FUBLAINES,77,Dépendance,0,0,56,2024
18240,77470,FUBLAINES,77,Dépendance,0,0,100,2024
330000,77160,CHALAUTRE-LA-PETITE,77,Maison,132,4,760,2024
330000,77160,CHALAUTRE-LA-PETITE,77,Maison,132,4,650,2024
217000,77650,SAVINS,77,Maison,138,7,825,2024
217000,77650,SAVINS,77,Dépendance,0,0,825,2024
255000,77290,MITRY MORY,77,Maison,57,3,388,2024
210000,77610,FONTENAY-TRESIGNY,77,Maison,135,5,675,2024
210000,77610,FONTENAY-TRESIGNY,77,Dépendance,0,0,675,2024
210000,77515,SAINT-AUGUSTIN,77,Dépendance,0,0,791,2024
210000,77515,SAINT-AUGUSTIN,77,Maison,88,4,791,2024
220000,77100,MEAUX,77,Local industriel. commercial ou assimilé,489,0,381,2024
430000,77540,CHAPELLE-IGER (LA),77,Dépendance,0,0,185,2024
430000,77540,CHAPELLE-IGER (LA),77,Maison,192,5,185,2024
82000,77520,DONNEMARIE-DONTILLY,77,Dépendance,0,0,75,2024
82000,77520,DONNEMARIE-DONTILLY,77,Maison,45,3,75,2024
560000,77600,BUSSY-SAINT-GEORGES,77,Maison,154,6,442,2024
180000,77160,PROVINS,77,Maison,78,5,442,2024
180000,77160,PROVINS,77,Maison,78,5,167,2024
170000,77990,LE MESNIL-AMELOT,77,Maison,40,3,40,2024
170000,77990,LE MESNIL-AMELOT,77,Dépendance,0,0,35,2024
178000,77139,PUISIEUX,77,Maison,114,6,98,2024
178000,77139,PUISIEUX,77,Dépendance,0,0,98,2024
280000,77420,CHAMPS-SUR-MARNE,77,Dépendance,0,0,437,2024
280000,77420,CHAMPS-SUR-MARNE,77,Maison,53,3,437,2024
155000,77610,FONTENAY-TRESIGNY,77,Dépendance,0,0,13,2024
295450,77120,COULOMMIERS,77,Maison,104,4,450,2024
200000,77320,SAINT-MARTIN-DU-BOSCHET,77,Dépendance,0,0,224,2024
200000,77320,SAINT-MARTIN-DU-BOSCHET,77,Maison,50,2,224,2024
200000,77320,SAINT-MARTIN-DU-BOSCHET,77,Dépendance,0,0,881,2024
200000,77320,SAINT-MARTIN-DU-BOSCHET,77,Maison,110,4,881,2024
200000,77610,FONTENAY-TRESIGNY,77,Maison,71,4,108,2024
7500,77124,CREGY-LES-MEAUX,77,Dépendance,0,0,17,2024
325385,77610,HOUSSAYE-EN-BRIE (LA),77,Maison,89,4,515,2024
129000,77510,REBAIS,77,Maison,90,4,587,2024
305000,77610,FONTENAY-TRESIGNY,77,Maison,110,5,708,2024
167000,77370,GASTINS,77,Maison,95,4,341,2024
619000,77410,ANNET-SUR-MARNE,77,Maison,128,4,500,2024
619000,77410,ANNET-SUR-MARNE,77,Dépendance,0,0,500,2024
619000,77410,ANNET-SUR-MARNE,77,Dépendance,0,0,1589,2024
619000,77410,ANNET-SUR-MARNE,77,Maison,128,4,1589,2024
225000,77260,SAINTE-AULDE,77,Maison,89,4,500,2024
225000,77260,SAINTE-AULDE,77,Maison,89,4,152,2024
20000,77169,SAINT-GERMAIN-SOUS-DOUE,77,Dépendance,0,0,155,2024
193000,77230,LONGPERRIER,77,Maison,93,4,70,2024
83000,77510,REBAIS,77,Dépendance,0,0,8,2024
83000,77510,REBAIS,77,Maison,42,2,19,2024
340000,77370,RAMPILLON,77,Maison,169,4,253,2024
180000,77320,SAINT-MARTIN-DU-BOSCHET,77,Maison,118,6,500,2024
180000,77320,SAINT-MARTIN-DU-BOSCHET,77,Maison,118,6,440,2024
159000,77510,SAINT-LEGER,77,Dépendance,0,0,655,2024
159000,77510,SAINT-LEGER,77,Maison,127,4,655,2024
680000,77400,LAGNY-SUR-MARNE,77,Maison,134,5,816,2024
680000,77400,LAGNY-SUR-MARNE,77,Dépendance,0,0,816,2024
885039,77700,MAGNY-LE-HONGRE,77,Dépendance,0,0,341,2024
885039,77700,MAGNY-LE-HONGRE,77,Dépendance,0,0,500,2024
885039,77700,MAGNY-LE-HONGRE,77,Maison,161,6,341,2024
885039,77700,MAGNY-LE-HONGRE,77,Maison,161,6,500,2024
87000,77260,SAINTE-AULDE,77,Maison,50,3,400,2024
110000,77320,LESCHEROLLES,77,Maison,70,3,535,2024
110000,77320,LESCHEROLLES,77,Dépendance,0,0,535,2024
265000,77178,SAINT-PATHUS,77,Maison,90,4,500,2024
265000,77178,SAINT-PATHUS,77,Dépendance,0,0,500,2024
265000,77178,SAINT-PATHUS,77,Maison,90,4,184,2024
265000,77178,SAINT-PATHUS,77,Dépendance,0,0,184,2024
208000,77230,MONTGE-EN-GOELE,77,Maison,99,4,56,2024
215000,77580,VILLIERS-SUR-MORIN,77,Maison,82,4,613,2024
225000,77100,NANTEUIL-LES-MEAUX,77,Maison,43,3,314,2024
260000,77480,JAULNES,77,Maison,143,5,1545,2024
260000,77480,JAULNES,77,Maison,143,5,1300,2024
150000,77515,CELLE-SUR-MORIN (LA),77,Dépendance,0,0,22,2024
155549,77160,ROUILLY,77,Maison,116,4,570,2024
238000,77480,BRAY-SUR-SEINE,77,Appartement,50,3,294,2024
238000,77480,BRAY-SUR-SEINE,77,Local industriel. commercial ou assimilé,120,0,294,2024
238000,77480,BRAY-SUR-SEINE,77,Appartement,43,1,294,2024
212500,77169,SAINT-SIMEON,77,Maison,150,5,131,2024
160500,77640,JOUARRE,77,Dépendance,0,0,52,2024
160500,77640,JOUARRE,77,Maison,68,4,52,2024
143000,77730,NANTEUIL-SUR-MARNE,77,Dépendance,0,0,495,2024
143000,77730,NANTEUIL-SUR-MARNE,77,Maison,56,3,495,2024
328000,77181,COURTRY,77,Maison,132,4,441,2024
260000,77157,EVERLY,77,Maison,107,4,592,2024
325000,77450,MONTRY,77,Maison,93,6,267,2024
178000,77178,SAINT-PATHUS,77,Dépendance,0,0,351,2024
178000,77178,SAINT-PATHUS,77,Maison,48,2,351,2024
313000,77360,VAIRES SUR MARNE,77,Maison,88,5,269,2024
319000,77860,SAINT-GERMAIN-SUR-MORIN,77,Maison,107,6,168,2024
500000,77100,MAREUIL-LES-MEAUX,77,Maison,357,6,500,2024
500000,77100,MAREUIL-LES-MEAUX,77,Maison,357,6,372,2024
63000,77178,OISSERY,77,Dépendance,0,0,213,2024
255000,77165,SAINT-SOUPPLETS,77,Maison,75,4,561,2024
390000,77860,SAINT-GERMAIN-SUR-MORIN,77,Maison,99,5,564,2024
470000,77700,CHESSY,77,Dépendance,0,0,352,2024
470000,77700,CHESSY,77,Maison,96,5,352,2024
315000,77370,SAINT-JUST-EN-BRIE,77,Maison,113,5,500,2024
315000,77370,SAINT-JUST-EN-BRIE,77,Maison,113,5,401,2024
370000,77860,SAINT-GERMAIN-SUR-MORIN,77,Maison,52,4,347,2024
230000,77178,SAINT-PATHUS,77,Dépendance,0,0,500,2024
230000,77178,SAINT-PATHUS,77,Dépendance,0,0,586,2024
230000,77178,SAINT-PATHUS,77,Maison,101,5,500,2024
230000,77178,SAINT-PATHUS,77,Maison,101,5,586,2024
256000,77124,CHAUCONIN-NEUFMONTIERS,77,Maison,85,4,340,2024
256000,77124,CHAUCONIN-NEUFMONTIERS,77,Dépendance,0,0,340,2024
285000,77410,PRECY-SUR-MARNE,77,Maison,93,4,243,2024
476183,77420,CHAMPS-SUR-MARNE,77,Maison,112,5,343,2024
476183,77420,CHAMPS-SUR-MARNE,77,Maison,17,1,343,2024
250000,77270,VILLEPARISIS,77,Maison,74,4,546,2024
190000,77144,MONTEVRAIN,77,Dépendance,0,0,171,2024
190000,77144,MONTEVRAIN,77,Maison,40,3,171,2024
168606,77400,DAMPMART,77,Maison,117,4,260,2024
180000,77160,SAINT-BRICE,77,Maison,88,5,500,2024
180000,77160,SAINT-BRICE,77,Maison,88,5,401,2024
217300,77650,SAINTE-COLOMBE,77,Dépendance,0,0,630,2024
217300,77650,SAINTE-COLOMBE,77,Maison,101,4,630,2024
185000,77470,FUBLAINES,77,Maison,63,4,52,2024
185000,77470,FUBLAINES,77,Dépendance,0,0,52,2024
130000,77520,SOGNOLLES-EN-MONTOIS,77,Maison,66,2,291,2024
130000,77520,SOGNOLLES-EN-MONTOIS,77,Dépendance,0,0,291,2024
570000,77600,BUSSY-SAINT-GEORGES,77,Maison,125,5,331,2024
100000,77260,LA FERTE SOUS JOUARRE,77,Maison,70,3,381,2024
368000,77183,CROISSY-BEAUBOURG,77,Maison,95,5,326,2024
500000,77600,BUSSY-SAINT-GEORGES,77,Maison,164,7,500,2024
500000,77600,BUSSY-SAINT-GEORGES,77,Maison,164,7,35,2024
556000,77600,BUSSY-SAINT-GEORGES,77,Maison,136,5,310,2024
165000,77520,CESSOY-EN-MONTOIS,77,Maison,155,4,389,2024
150000,77100,NANTEUIL-LES-MEAUX,77,Local industriel. commercial ou assimilé,185,0,641,2024
349000,77184,EMERAINVILLE,77,Maison,89,5,328,2024
210000,77860,COUILLY-PONT-AUX-DAMES,77,Maison,78,4,66,2024
357000,77186,NOISIEL,77,Maison,115,5,139,2024
253000,77470,MONTCEAUX-LES-MEAUX,77,Maison,80,5,268,2024
253000,77470,MONTCEAUX-LES-MEAUX,77,Dépendance,0,0,268,2024
598700,77400,POMPONNE,77,Maison,161,5,500,2024
598700,77400,POMPONNE,77,Maison,161,5,544,2024
367000,77515,POMMEUSE,77,Maison,140,5,662,2024
367000,77515,POMMEUSE,77,Dépendance,0,0,557,2024
367000,77515,POMMEUSE,77,Maison,140,5,557,2024
367000,77515,POMMEUSE,77,Dépendance,0,0,662,2024
120000,77154,COUTENCON,77,Dépendance,0,0,559,2024
115000,77120,COULOMMIERS,77,Maison,73,4,60,2024
58585,77100,MEAUX,77,Local industriel. commercial ou assimilé,55,0,55,2024
255000,77260,LA FERTE SOUS JOUARRE,77,Maison,131,6,500,2024
255000,77260,LA FERTE SOUS JOUARRE,77,Maison,131,6,257,2024
187000,77480,JAULNES,77,Dépendance,0,0,100,2024
187000,77480,JAULNES,77,Maison,88,5,100,2024
187000,77480,JAULNES,77,Dépendance,0,0,896,2024
187000,77480,JAULNES,77,Maison,88,5,896,2024
274000,77610,FONTENAY-TRESIGNY,77,Dépendance,0,0,13,2024
403000,77400,POMPONNE,77,Maison,65,4,602,2024
301000,77360,VAIRES SUR MARNE,77,Maison,51,3,596,2024
345000,77169,BOISSY-LE-CHATEL,77,Dépendance,0,0,672,2024
345000,77169,BOISSY-LE-CHATEL,77,Dépendance,0,0,250,2024
345000,77169,BOISSY-LE-CHATEL,77,Maison,138,6,250,2024
345000,77169,BOISSY-LE-CHATEL,77,Maison,138,6,672,2024
285500,77320,CHOISY-EN-BRIE,77,Maison,114,3,250,2024
285500,77320,CHOISY-EN-BRIE,77,Maison,114,3,662,2024
360000,77360,VAIRES SUR MARNE,77,Maison,76,4,500,2024
360000,77360,VAIRES SUR MARNE,77,Maison,76,4,222,2024
279340,77860,QUINCY-VOISINS,77,Dépendance,0,0,77,2024
279340,77860,QUINCY-VOISINS,77,Maison,110,5,77,2024
135000,77450,ESBLY,77,Maison,46,3,29,2024
135000,77450,ESBLY,77,Dépendance,0,0,29,2024
135000,77450,ESBLY,77,Maison,90,4,375,2024
438000,77600,BUSSY-SAINT-GEORGES,77,Maison,125,6,128,2024
203100,77910,VARREDDES,77,Maison,89,4,233,2024
203100,77910,VARREDDES,77,Dépendance,0,0,233,2024
365350,77540,LUMIGNY NESLES ORMEAUX,77,Maison,142,6,250,2024
365350,77540,LUMIGNY NESLES ORMEAUX,77,Maison,142,6,1368,2024
540000,77144,MONTEVRAIN,77,Dépendance,0,0,399,2024
540000,77144,MONTEVRAIN,77,Maison,168,6,399,2024
390000,77420,CHAMPS-SUR-MARNE,77,Dépendance,0,0,452,2024
390000,77420,CHAMPS-SUR-MARNE,77,Maison,110,5,452,2024
25000,77450,ESBLY,77,Maison,32,2,103,2024
340000,77270,VILLEPARISIS,77,Maison,90,5,500,2024
310000,77540,ROZAY-EN-BRIE,77,Maison,91,4,802,2024
234000,77141,VAUDOY-EN-BRIE,77,Maison,72,3,378,2024
234000,77141,VAUDOY-EN-BRIE,77,Dépendance,0,0,378,2024
365000,77540,LUMIGNY NESLES ORMEAUX,77,Maison,143,5,660,2024
365000,77540,LUMIGNY NESLES ORMEAUX,77,Maison,143,5,500,2024
365000,77540,LUMIGNY NESLES ORMEAUX,77,Dépendance,0,0,500,2024
365000,77540,LUMIGNY NESLES ORMEAUX,77,Dépendance,0,0,660,2024
385000,77181,COURTRY,77,Maison,123,5,271,2024
227500,77260,CHAMIGNY,77,Maison,142,5,500,2024
227500,77260,CHAMIGNY,77,Maison,142,5,535,2024
291400,77580,COULOMMES,77,Maison,88,4,588,2024
291400,77580,COULOMMES,77,Dépendance,0,0,588,2024
280000,77165,SAINT-SOUPPLETS,77,Maison,162,5,390,2024
280000,77165,SAINT-SOUPPLETS,77,Dépendance,0,0,390,2024
243150,77260,LA FERTE SOUS JOUARRE,77,Maison,106,4,184,2024
100000,77640,JOUARRE,77,Dépendance,0,0,79,2024
100000,77640,JOUARRE,77,Maison,116,5,3811,2024
100000,77640,JOUARRE,77,Dépendance,0,0,3811,2024
437450,77410,CLAYE-SOUILLY,77,Maison,116,6,727,2024
80000,77750,ORLY-SUR-MORIN,77,Maison,110,6,259,2024
60000,77410,CLAYE-SOUILLY,77,Maison,51,2,154,2024
280000,77440,LIZY-SUR-OURCQ,77,Dépendance,0,0,421,2024
280000,77440,LIZY-SUR-OURCQ,77,Maison,108,5,421,2024
549000,77500,CHELLES,77,Maison,102,5,418,2024
424920,77230,ROUVRES,77,Maison,104,5,18,2024
424920,77230,ROUVRES,77,Maison,104,5,500,2024
160000,77370,CHAPELLE-RABLAIS (LA),77,Maison,63,3,100,2024
262500,77100,MEAUX,77,Maison,83,4,210,2024
500000,77640,SIGNY-SIGNETS,77,Local industriel. commercial ou assimilé,574,0,5000,2024
47000,77160,PROVINS,77,Dépendance,0,0,87,2024
47000,77160,PROVINS,77,Dépendance,0,0,592,2024
320000,77515,CELLE-SUR-MORIN (LA),77,Dépendance,0,0,458,2024
320000,77515,CELLE-SUR-MORIN (LA),77,Maison,107,4,458,2024
266000,77120,MOUROUX,77,Maison,85,4,276,2024
25000,77122,MONTHYON,77,Dépendance,0,0,53,2024
175000,77970,JOUY-LE-CHATEL,77,Dépendance,0,0,442,2024
175000,77970,JOUY-LE-CHATEL,77,Maison,183,6,442,2024
150000,77730,MERY-SUR-MARNE,77,Maison,64,2,376,2024
150000,77160,PROVINS,77,Maison,136,6,105,2024
399000,77450,JABLINES,77,Maison,137,5,603,2024
391500,77410,ANNET-SUR-MARNE,77,Maison,98,5,277,2024
391500,77410,ANNET-SUR-MARNE,77,Dépendance,0,0,277,2024
333600,77230,MONTGE-EN-GOELE,77,Maison,97,5,308,2024
333600,77230,MONTGE-EN-GOELE,77,Maison,97,5,500,2024
360000,77230,SAINT-MARD,77,Maison,105,4,528,2024
175000,77120,MAUPERTHUIS,77,Maison,93,5,221,2024
109000,77120,COULOMMIERS,77,Dépendance,0,0,589,2024
109000,77120,COULOMMIERS,77,Maison,72,3,589,2024
380000,77181,COURTRY,77,Maison,77,3,525,2024
190000,77230,MOUSSY-LE-NEUF,77,Maison,58,3,244,2024
259000,77230,NANTOUILLET,77,Maison,72,4,313,2024
259000,77230,NANTOUILLET,77,Dépendance,0,0,313,2024
640000,77370,NANGIS,77,Local industriel. commercial ou assimilé,252,0,441,2024
640000,77370,NANGIS,77,Local industriel. commercial ou assimilé,270,0,441,2024
370000,77420,CHAMPS-SUR-MARNE,77,Maison,105,6,500,2024
370000,77420,CHAMPS-SUR-MARNE,77,Maison,105,6,272,2024
320000,77520,SOGNOLLES-EN-MONTOIS,77,Dépendance,0,0,102,2024
320000,77520,SOGNOLLES-EN-MONTOIS,77,Maison,148,5,102,2024
320000,77520,SOGNOLLES-EN-MONTOIS,77,Dépendance,0,0,728,2024
320000,77520,SOGNOLLES-EN-MONTOIS,77,Maison,148,5,728,2024
65000,77440,OCQUERRE,77,Maison,30,1,500,2024
65000,77440,OCQUERRE,77,Maison,30,1,343,2024
450000,77420,CHAMPS-SUR-MARNE,77,Maison,132,5,281,2024
280000,77860,COUILLY-PONT-AUX-DAMES,77,Maison,143,4,391,2024
750000,77165,SAINT-SOUPPLETS,77,Local industriel. commercial ou assimilé,5900,0,5728,2024
395000,77100,MEAUX,77,Maison,119,7,276,2024
395000,77100,MEAUX,77,Maison,119,7,500,2024
140000,77450,CONDE-SAINTE-LIBIAIRE,77,Maison,39,2,278,2024
92100000,77290,MITRY MORY,77,Appartement,105,5,78081,2024
92100000,77290,MITRY MORY,77,Appartement,45,2,78081,2024
365000,77700,COUPVRAY,77,Maison,114,5,280,2024
365000,77700,COUPVRAY,77,Maison,114,5,500,2024
419000,77450,CONDE-SAINTE-LIBIAIRE,77,Maison,155,6,500,2024
419000,77450,CONDE-SAINTE-LIBIAIRE,77,Maison,155,6,250,2024
255000,77400,THORIGNY SUR MARNE,77,Maison,69,4,524,2024
160000,77560,AUGERS-EN-BRIE,77,Maison,99,3,2210,2024
605000,77700,SERRIS,77,Maison,145,5,156,2024
605000,77700,SERRIS,77,Dépendance,0,0,500,2024
605000,77700,SERRIS,77,Maison,145,5,500,2024
605000,77700,SERRIS,77,Dépendance,0,0,156,2024
87580,77169,SAINT-SIMEON,77,Maison,100,5,198,2024
87580,77169,SAINT-SIMEON,77,Dépendance,0,0,198,2024
87580,77169,SAINT-SIMEON,77,Dépendance,0,0,500,2024
87580,77169,SAINT-SIMEON,77,Maison,100,5,500,2024
560000,77185,LOGNES,77,Dépendance,0,0,588,2024
560000,77185,LOGNES,77,Maison,172,7,588,2024
44000,77260,LA FERTE SOUS JOUARRE,77,Dépendance,0,0,647,2024
44000,77260,LA FERTE SOUS JOUARRE,77,Dépendance,0,0,500,2024
370000,77500,CHELLES,77,Dépendance,0,0,526,2024
370000,77500,CHELLES,77,Maison,98,5,526,2024
149000,77370,NANGIS,77,Maison,83,4,200,2024
165000,77181,COURTRY,77,Maison,91,4,84,2024
705000,77500,CHELLES,77,Local industriel. commercial ou assimilé,20,0,611,2024
705000,77500,CHELLES,77,Local industriel. commercial ou assimilé,67,0,611,2024
705000,77500,CHELLES,77,Local industriel. commercial ou assimilé,70,0,168,2024
705000,77500,CHELLES,77,Local industriel. commercial ou assimilé,78,0,168,2024
705000,77500,CHELLES,77,Local industriel. commercial ou assimilé,20,0,168,2024
705000,77500,CHELLES,77,Local industriel. commercial ou assimilé,67,0,168,2024
705000,77500,CHELLES,77,Local industriel. commercial ou assimilé,70,0,611,2024
705000,77500,CHELLES,77,Local industriel. commercial ou assimilé,78,0,611,2024
273000,77290,MITRY MORY,77,Maison,104,4,125,2024
305000,77450,CONDE-SAINTE-LIBIAIRE,77,Dépendance,0,0,255,2024
305000,77450,CONDE-SAINTE-LIBIAIRE,77,Maison,116,5,255,2024
460000,77420,CHAMPS-SUR-MARNE,77,Maison,100,4,384,2024
255000,77169,BOISSY-LE-CHATEL,77,Maison,110,5,597,2024
230000,77120,COULOMMIERS,77,Maison,93,5,298,2024
450000,77450,ISLES-LES-VILLENOY,77,Maison,170,4,310,2024
450000,77450,ISLES-LES-VILLENOY,77,Dépendance,0,0,46,2024
490000,77580,CRECY LA CHAPELLE,77,Maison,220,6,500,2024
490000,77580,CRECY LA CHAPELLE,77,Maison,220,6,5718,2024
600000,77400,LAGNY-SUR-MARNE,77,Maison,130,6,356,2024
600000,77400,LAGNY-SUR-MARNE,77,Dépendance,0,0,356,2024
340000,77400,LAGNY-SUR-MARNE,77,Maison,90,4,345,2024
555800,77124,CHAUCONIN-NEUFMONTIERS,77,Maison,290,6,411,2024
555800,77124,CHAUCONIN-NEUFMONTIERS,77,Maison,290,6,500,2024
164000,77750,BUSSIERES,77,Maison,140,5,91,2024
164000,77750,BUSSIERES,77,Maison,140,5,500,2024
260000,77169,SAINT-SIMEON,77,Appartement,128,4,604,2024
260000,77169,SAINT-SIMEON,77,Dépendance,0,0,604,2024
260000,77169,SAINT-SIMEON,77,Appartement,68,3,604,2024
111250,77270,VILLEPARISIS,77,Maison,116,6,479,2024
445000,77410,CLAYE-SOUILLY,77,Dépendance,0,0,690,2024
445000,77410,CLAYE-SOUILLY,77,Maison,122,4,690,2024
165000,77320,FERTE-GAUCHER (LA),77,Dépendance,0,0,620,2024
282000,77120,CHAILLY-EN-BRIE,77,Maison,100,3,348,2024
244500,77174,VILLENEUVE-LE-COMTE,77,Maison,90,6,90,2024
343000,77470,VILLEMAREUIL,77,Dépendance,0,0,1254,2024
343000,77470,VILLEMAREUIL,77,Maison,130,6,1254,2024
324000,77090,COLLEGIEN,77,Maison,82,4,169,2024
324000,77090,COLLEGIEN,77,Dépendance,0,0,169,2024
365000,77290,MITRY MORY,77,Maison,90,4,409,2024
365000,77290,MITRY MORY,77,Dépendance,0,0,409,2024
215000,77660,SAINT JEAN LES DEUX JUMEAUX,77,Maison,80,3,159,2024
175000,77169,SAINT-GERMAIN-SOUS-DOUE,77,Maison,127,6,540,2024
175000,77169,SAINT-GERMAIN-SOUS-DOUE,77,Dépendance,0,0,540,2024
329800,77186,NOISIEL,77,Maison,98,5,118,2024
360000,77184,EMERAINVILLE,77,Maison,101,5,293,2024
4000,77580,VOULANGIS,77,Maison,25,2,300,2024
4000,77580,VOULANGIS,77,Maison,25,2,2481,2024
390000,77450,ISLES-LES-VILLENOY,77,Maison,112,5,1340,2024
390000,77450,ISLES-LES-VILLENOY,77,Dépendance,0,0,1340,2024
388156,77410,CLAYE-SOUILLY,77,Maison,100,4,468,2024
388156,77410,CLAYE-SOUILLY,77,Maison,100,4,500,2024
592900,77500,CHELLES,77,Maison,122,5,290,2024
592900,77500,CHELLES,77,Dépendance,0,0,500,2024
592900,77500,CHELLES,77,Maison,122,5,500,2024
592900,77500,CHELLES,77,Dépendance,0,0,290,2024
302000,77660,CHANGIS-SUR-MARNE,77,Maison,117,5,5,2024
302000,77660,CHANGIS-SUR-MARNE,77,Dépendance,0,0,5,2024
165000,77910,CHAMBRY,77,Maison,104,4,179,2024
165000,77910,CHAMBRY,77,Dépendance,0,0,21,2024
390000,77120,MAUPERTHUIS,77,Maison,168,5,610,2024
390000,77120,MAUPERTHUIS,77,Dépendance,0,0,610,2024
166000,77970,JOUY-LE-CHATEL,77,Maison,59,4,801,2024
241000,77520,MONTIGNY-LENCOUP,77,Maison,92,5,657,2024
142506,77470,FUBLAINES,77,Maison,94,5,500,2024
142506,77470,FUBLAINES,77,Maison,94,5,169,2024
385000,77400,THORIGNY SUR MARNE,77,Maison,106,4,500,2024
385000,77400,THORIGNY SUR MARNE,77,Maison,106,4,711,2024
380000,77360,VAIRES SUR MARNE,77,Maison,99,4,519,2024
380000,77360,VAIRES SUR MARNE,77,Dépendance,0,0,519,2024
85000,77560,MARETS (LES),77,Dépendance,0,0,990,2024
85000,77560,MARETS (LES),77,Maison,84,5,990,2024
85000,77560,MARETS (LES),77,Maison,84,5,1079,2024
85000,77560,MARETS (LES),77,Maison,84,5,500,2024
85000,77560,MARETS (LES),77,Dépendance,0,0,1079,2024
85000,77560,MARETS (LES),77,Dépendance,0,0,500,2024
180000,77160,ROUILLY,77,Maison,89,5,648,2024
175000,77500,CHELLES,77,Maison,41,3,114,2024
95000,77124,VILLENOY,77,Maison,38,3,32,2024
270000,77260,SAMMERON,77,Dépendance,0,0,510,2024
270000,77260,SAMMERON,77,Maison,116,5,510,2024
9000,77440,TROCY-EN-MULTIEN,77,Maison,65,3,46,2024
585000,77600,BUSSY-SAINT-GEORGES,77,Maison,145,5,364,2024
360000,77230,DAMMARTIN-EN-GOELE,77,Maison,107,4,273,2024
314300,77470,TRILPORT,77,Maison,123,6,598,2024
215000,77290,MITRY MORY,77,Dépendance,0,0,458,2024
215000,77290,MITRY MORY,77,Maison,28,2,458,2024
24000,77440,LIZY-SUR-OURCQ,77,Dépendance,0,0,25,2024
114369,77840,GERMIGNY-SOUS-COULOMBS,77,Maison,130,7,193,2024
114369,77840,GERMIGNY-SOUS-COULOMBS,77,Dépendance,0,0,193,2024
256000,77100,MEAUX,77,Maison,117,4,121,2024
325000,77360,VAIRES SUR MARNE,77,Maison,70,5,643,2024
204254,77470,FUBLAINES,77,Maison,80,3,56,2024
311000,77100,MEAUX,77,Maison,108,5,442,2024
265000,77970,JOUY-LE-CHATEL,77,Maison,98,5,500,2024
95500,77120,MOUROUX,77,Maison,48,2,250,2024
95500,77120,MOUROUX,77,Maison,48,2,682,2024
179500,77580,GUERARD,77,Maison,40,1,137,2024
240000,77515,FAREMOUTIERS,77,Maison,73,4,586,2024
240000,77515,FAREMOUTIERS,77,Dépendance,0,0,586,2024
99000,77320,JOUY-SUR-MORIN,77,Maison,66,3,70,2024
99000,77320,JOUY-SUR-MORIN,77,Dépendance,0,0,70,2024
456000,77610,FONTENAY-TRESIGNY,77,Local industriel. commercial ou assimilé,437,0,1997,2024
82000,77157,EVERLY,77,Maison,50,2,151,2024
82000,77157,EVERLY,77,Dépendance,0,0,151,2024
270000,77184,EMERAINVILLE,77,Maison,70,3,500,2024
270000,77184,EMERAINVILLE,77,Maison,70,3,311,2024
152000,77580,CRECY LA CHAPELLE,77,Maison,40,3,158,2024
110000,77100,MEAUX,77,Maison,40,2,148,2024
234200,77181,COURTRY,77,Maison,78,4,135,2024
234200,77181,COURTRY,77,Dépendance,0,0,135,2024
234200,77181,COURTRY,77,Local industriel. commercial ou assimilé,76,0,135,2024
421000,77700,CHESSY,77,Maison,97,5,178,2024
248750,77144,CHALIFERT,77,Maison,95,5,567,2024
347650,77510,HONDEVILLIERS,77,Maison,128,5,558,2024
347650,77510,HONDEVILLIERS,77,Dépendance,0,0,558,2024
440000,77700,BAILLY-ROMAINVILLIERS,77,Maison,114,5,245,2024
432000,77360,VAIRES SUR MARNE,77,Maison,101,6,530,2024
52500,77160,SAINT-HILLIERS,77,Maison,95,3,150,2024
411000,77144,MONTEVRAIN,77,Maison,105,6,9,2024
411000,77144,MONTEVRAIN,77,Maison,105,6,600,2024
260000,77230,DAMMARTIN-EN-GOELE,77,Maison,100,4,556,2024
265000,77260,LA FERTE SOUS JOUARRE,77,Maison,149,6,462,2024
265000,77260,LA FERTE SOUS JOUARRE,77,Maison,149,6,500,2024
130000,77260,CHAMIGNY,77,Dépendance,0,0,515,2024
130000,77260,CHAMIGNY,77,Maison,74,4,515,2024
173000,77169,CHAUFFRY,77,Maison,90,5,1955,2024
173000,77169,CHAUFFRY,77,Maison,90,5,750,2024
288340,77610,HOUSSAYE-EN-BRIE (LA),77,Maison,79,4,250,2024
288340,77610,HOUSSAYE-EN-BRIE (LA),77,Maison,79,4,497,2024
288340,77610,HOUSSAYE-EN-BRIE (LA),77,Dépendance,0,0,497,2024
288340,77610,HOUSSAYE-EN-BRIE (LA),77,Dépendance,0,0,250,2024
280000,77280,OTHIS,77,Maison,89,4,459,2024
410000,77280,OTHIS,77,Maison,144,7,710,2024
410000,77280,OTHIS,77,Dépendance,0,0,710,2024
275000,77120,MOUROUX,77,Maison,125,6,726,2024
275000,77120,MOUROUX,77,Maison,125,6,250,2024
83000,77515,SAINT-AUGUSTIN,77,Maison,50,2,730,2024
83000,77515,SAINT-AUGUSTIN,77,Dépendance,0,0,730,2024
275000,77141,VAUDOY-EN-BRIE,77,Maison,32,2,95,2024
275000,77141,VAUDOY-EN-BRIE,77,Maison,32,2,1040,2024
275000,77141,VAUDOY-EN-BRIE,77,Dépendance,0,0,1040,2024
275000,77141,VAUDOY-EN-BRIE,77,Maison,74,3,95,2024
275000,77141,VAUDOY-EN-BRIE,77,Dépendance,0,0,95,2024
275000,77141,VAUDOY-EN-BRIE,77,Maison,74,3,1040,2024
250000,77600,CONCHES SUR GONDOIRE,77,Dépendance,0,0,239,2024
250000,77600,CONCHES SUR GONDOIRE,77,Maison,63,3,239,2024
250000,77600,CONCHES SUR GONDOIRE,77,Dépendance,0,0,500,2024
250000,77600,CONCHES SUR GONDOIRE,77,Maison,63,3,500,2024
229000,77660,CHANGIS-SUR-MARNE,77,Maison,75,3,458,2024
229000,77660,CHANGIS-SUR-MARNE,77,Dépendance,0,0,458,2024
115000,77750,SAINT-CYR-SUR-MORIN,77,Maison,74,3,199,2024
180000,77163,DAMMARTIN-SUR-TIGEAUX,77,Maison,45,2,579,2024
253000,77290,MITRY MORY,77,Maison,70,4,476,2024
253000,77290,MITRY MORY,77,Dépendance,0,0,476,2024
145000,77640,JOUARRE,77,Maison,120,6,150,2024
145000,77640,JOUARRE,77,Dépendance,0,0,150,2024
217000,77320,JOUY-SUR-MORIN,77,Maison,88,3,901,2024
217000,77320,JOUY-SUR-MORIN,77,Dépendance,0,0,901,2024
217000,77320,JOUY-SUR-MORIN,77,Maison,88,3,250,2024
217000,77320,JOUY-SUR-MORIN,77,Dépendance,0,0,250,2024
223000,77118,BAZOCHES LES BRAY,77,Maison,124,5,590,2024
223000,77118,BAZOCHES LES BRAY,77,Maison,124,5,500,2024
1,77600,BUSSY-SAINT-GEORGES,77,Local industriel. commercial ou assimilé,0,0,1473,2024
345000,77184,EMERAINVILLE,77,Maison,109,5,230,2024
345000,77184,EMERAINVILLE,77,Local industriel. commercial ou assimilé,0,0,21927,2024
250000,77169,CHAUFFRY,77,Maison,88,3,374,2024
250000,77169,CHAUFFRY,77,Maison,88,3,445,2024
250000,77169,CHAUFFRY,77,Dépendance,0,0,445,2024
250000,77169,CHAUFFRY,77,Dépendance,0,0,374,2024
97600,77510,VERDELOT,77,Maison,93,5,509,2024
150000,77360,VAIRES SUR MARNE,77,Dépendance,0,0,323,2024
150000,77360,VAIRES SUR MARNE,77,Maison,70,3,323,2024
435600,77450,ESBLY,77,Maison,135,5,507,2024
115000,77440,LIZY-SUR-OURCQ,77,Maison,86,5,672,2024
144000,77440,COCHEREL,77,Maison,66,4,425,2024
144000,77440,COCHEREL,77,Maison,66,4,1000,2024
262000,77400,DAMPMART,77,Maison,64,3,203,2024
469320,77230,MOUSSY-LE-NEUF,77,Maison,142,5,500,2024
469320,77230,MOUSSY-LE-NEUF,77,Maison,142,5,325,2024
2100000,77186,NOISIEL,77,Local industriel. commercial ou assimilé,1790,0,2646,2024
320000,77163,DAMMARTIN-SUR-TIGEAUX,77,Maison,85,4,250,2024
320000,77163,DAMMARTIN-SUR-TIGEAUX,77,Maison,85,4,1550,2024
358000,77270,VILLEPARISIS,77,Maison,123,5,500,2024
358000,77270,VILLEPARISIS,77,Maison,123,5,384,2024
812980,77400,SAINT THIBAULT DES VIGNES,77,Local industriel. commercial ou assimilé,0,0,8262,2024
3740000,77270,VILLEPARISIS,77,Local industriel. commercial ou assimilé,3200,0,6532,2024
248000,77420,CHAMPS-SUR-MARNE,77,Appartement,85,4,44,2024
162200,77141,VAUDOY-EN-BRIE,77,Maison,71,3,113,2024
243400,77169,CHAUFFRY,77,Maison,102,5,349,2024
243400,77169,CHAUFFRY,77,Maison,102,5,500,2024
270000,77540,LUMIGNY NESLES ORMEAUX,77,Maison,100,5,342,2024
270000,77540,LUMIGNY NESLES ORMEAUX,77,Maison,100,5,548,2024
321000,77400,DAMPMART,77,Maison,88,5,500,2024
321000,77400,DAMPMART,77,Maison,88,5,406,2024
450000,77400,SAINT THIBAULT DES VIGNES,77,Maison,112,5,398,2024
360000,77500,CHELLES,77,Maison,89,4,446,2024
360000,77500,CHELLES,77,Dépendance,0,0,446,2024
99375,77320,LESCHEROLLES,77,Maison,170,4,500,2024
99375,77320,LESCHEROLLES,77,Maison,170,4,1688,2024
160000,77500,CHELLES,77,Dépendance,0,0,333,2024
160000,77500,CHELLES,77,Maison,53,3,333,2024
329940,77410,CHARNY,77,Maison,94,4,585,2024
27000,77580,GUERARD,77,Dépendance,0,0,1478,2024
27000,77580,GUERARD,77,Maison,85,3,250,2024
27000,77580,GUERARD,77,Maison,85,3,1478,2024
27000,77580,GUERARD,77,Dépendance,0,0,250,2024
217500,77450,MONTRY,77,Dépendance,0,0,479,2024
217500,77450,MONTRY,77,Maison,63,3,479,2024
161000,77174,VILLENEUVE-LE-COMTE,77,Maison,41,3,61,2024
161000,77174,VILLENEUVE-LE-COMTE,77,Dépendance,0,0,61,2024
338000,77470,TRILPORT,77,Maison,140,6,637,2024
230000,77100,MEAUX,77,Dépendance,0,0,166,2024
230000,77100,MEAUX,77,Maison,79,4,166,2024
304300,77700,COUPVRAY,77,Maison,56,3,598,2024
350000,77450,LESCHES,77,Maison,93,4,394,2024
180000,77124,CREGY-LES-MEAUX,77,Dépendance,0,0,78,2024
180000,77124,CREGY-LES-MEAUX,77,Maison,89,4,78,2024
295000,77100,NANTEUIL-LES-MEAUX,77,Maison,100,5,479,2024
300000,77970,JOUY-LE-CHATEL,77,Maison,200,8,568,2024
5000,77230,THIEUX,77,Maison,32,3,701,2024
256500,77230,DAMMARTIN-EN-GOELE,77,Maison,188,6,130,2024
249000,77450,MONTRY,77,Maison,87,6,500,2024
249000,77450,MONTRY,77,Dépendance,0,0,500,2024
249000,77450,MONTRY,77,Dépendance,0,0,372,2024
249000,77450,MONTRY,77,Maison,87,6,372,2024
105000,77100,MEAUX,77,Maison,100,3,299,2024
315000,77700,COUPVRAY,77,Maison,75,4,117,2024
28000,77151,MONTCEAUX-LES-PROVINS,77,Maison,40,2,230,2024
285000,77970,JOUY-LE-CHATEL,77,Maison,156,7,209,2024
275000,77860,SAINT-GERMAIN-SUR-MORIN,77,Maison,84,5,400,2024
320000,77400,SAINT THIBAULT DES VIGNES,77,Maison,84,5,228,2024
650000,77230,MOUSSY-LE-NEUF,77,Local industriel. commercial ou assimilé,457,0,1608,2024
259000,77540,ROZAY-EN-BRIE,77,Appartement,52,2,134,2024
259000,77540,ROZAY-EN-BRIE,77,Appartement,104,5,134,2024
259000,77540,ROZAY-EN-BRIE,77,Dépendance,0,0,134,2024
130000,77114,NOYEN-SUR-SEINE,77,Maison,72,3,352,2024
145000,77480,FONTAINE-FOURCHES,77,Maison,97,4,500,2024
145000,77480,FONTAINE-FOURCHES,77,Maison,97,4,344,2024
220000,77370,NANGIS,77,Maison,101,4,168,2024
71500,77154,COUTENCON,77,Maison,150,5,203,2024
110000,77610,FONTENAY-TRESIGNY,77,Maison,71,3,42,2024
142000,77160,PROVINS,77,Maison,91,2,162,2024
142000,77160,PROVINS,77,Local industriel. commercial ou assimilé,95,0,162,2024
76000,77480,BRAY-SUR-SEINE,77,Local industriel. commercial ou assimilé,59,0,59,2024
76000,77480,BRAY-SUR-SEINE,77,Maison,50,3,59,2024
60000,77169,BOISSY-LE-CHATEL,77,Maison,79,4,275,2024
60000,77169,BOISSY-LE-CHATEL,77,Maison,79,4,500,2024
401620,77410,CLAYE-SOUILLY,77,Maison,113,6,32,2024
401620,77410,CLAYE-SOUILLY,77,Maison,113,6,500,2024
197000,77290,MITRY MORY,77,Dépendance,0,0,186,2024
197000,77290,MITRY MORY,77,Maison,32,2,186,2024
280000,77370,NANGIS,77,Maison,98,5,182,2024
332000,77230,THIEUX,77,Maison,95,6,384,2024
332000,77230,THIEUX,77,Dépendance,0,0,384,2024
270000,77169,BOISSY-LE-CHATEL,77,Maison,124,7,500,2024
270000,77169,BOISSY-LE-CHATEL,77,Maison,124,7,148,2024
270000,77169,BOISSY-LE-CHATEL,77,Dépendance,0,0,148,2024
270000,77169,BOISSY-LE-CHATEL,77,Dépendance,0,0,500,2024
380000,77230,DAMMARTIN-EN-GOELE,77,Maison,175,6,400,2024
380000,77230,DAMMARTIN-EN-GOELE,77,Maison,175,6,500,2024
350000,77163,MORTCERF,77,Maison,72,3,543,2024
250000,77120,MAUPERTHUIS,77,Local industriel. commercial ou assimilé,12,0,300,2024
250000,77120,MAUPERTHUIS,77,Maison,76,3,300,2024
600000,77410,CLAYE-SOUILLY,77,Dépendance,0,0,1420,2024
600000,77410,CLAYE-SOUILLY,77,Maison,85,3,1420,2024
600000,77410,CLAYE-SOUILLY,77,Maison,85,3,500,2024
600000,77410,CLAYE-SOUILLY,77,Dépendance,0,0,500,2024
122000,77100,MAREUIL-LES-MEAUX,77,Maison,78,5,125,2024
385000,77120,MAUPERTHUIS,77,Maison,141,4,1135,2024
385000,77120,MAUPERTHUIS,77,Dépendance,0,0,1135,2024
310000,77400,THORIGNY SUR MARNE,77,Maison,88,4,221,2024
263000,77450,MONTRY,77,Maison,61,2,70,2024
200000,77440,CONGIS-SUR-THEROUANNE,77,Maison,121,4,247,2024
135000,77320,DAGNY,77,Maison,99,3,20,2024
275000,77610,FONTENAY-TRESIGNY,77,Maison,86,5,499,2024
275000,77610,FONTENAY-TRESIGNY,77,Dépendance,0,0,499,2024
182000,77610,FONTENAY-TRESIGNY,77,Maison,87,5,162,2024
182000,77610,FONTENAY-TRESIGNY,77,Dépendance,0,0,162,2024
200000,77164,FERRIERES-EN-BRIE,77,Maison,123,6,562,2024
280000,77470,FUBLAINES,77,Dépendance,0,0,578,2024
280000,77470,FUBLAINES,77,Maison,110,5,578,2024
555400,77400,SAINT THIBAULT DES VIGNES,77,Maison,151,6,429,2024
583000,77400,DAMPMART,77,Dépendance,0,0,500,2024
583000,77400,DAMPMART,77,Maison,108,3,541,2024
583000,77400,DAMPMART,77,Maison,108,3,500,2024
583000,77400,DAMPMART,77,Dépendance,0,0,541,2024
6950000,77290,MITRY MORY,77,Local industriel. commercial ou assimilé,8558,0,17500,2024
190000,77520,MONS-EN-MONTOIS,77,Maison,155,7,937,2024
190000,77520,MONS-EN-MONTOIS,77,Local industriel. commercial ou assimilé,152,0,937,2024
562100,77700,COUPVRAY,77,Maison,145,6,608,2024
562100,77700,COUPVRAY,77,Dépendance,0,0,608,2024
562100,77700,COUPVRAY,77,Dépendance,0,0,500,2024
562100,77700,COUPVRAY,77,Maison,145,6,500,2024
212000,77320,SAINT-REMY-DE-LA-VANNE,77,Maison,91,4,3140,2024
212000,77320,SAINT-REMY-DE-LA-VANNE,77,Maison,91,4,500,2024
212000,77320,SAINT-REMY-DE-LA-VANNE,77,Dépendance,0,0,28,2024
192000,77580,GUERARD,77,Maison,83,5,112,2024
280400,77270,VILLEPARISIS,77,Maison,74,4,500,2024
199000,77320,SAINT-MARTIN-DES-CHAMPS,77,Maison,98,5,532,2024
199000,77320,SAINT-MARTIN-DES-CHAMPS,77,Dépendance,0,0,532,2024
156000,77124,CREGY-LES-MEAUX,77,Maison,36,3,343,2024
156000,77124,CREGY-LES-MEAUX,77,Dépendance,0,0,343,2024
247500,77100,MEAUX,77,Local industriel. commercial ou assimilé,0,0,5161,2024
217150,77120,COULOMMIERS,77,Maison,60,4,253,2024
279000,77500,CHELLES,77,Maison,78,3,374,2024
279000,77500,CHELLES,77,Dépendance,0,0,374,2024
215000,77145,MAY-EN-MULTIEN,77,Maison,77,5,409,2024
214850,77230,MOUSSY-LE-NEUF,77,Appartement,60,3,1138,2024
214850,77230,MOUSSY-LE-NEUF,77,Appartement,60,3,500,2024
214850,77230,MOUSSY-LE-NEUF,77,Maison,144,6,1138,2024
214850,77230,MOUSSY-LE-NEUF,77,Maison,144,6,500,2024
40000,77160,PROVINS,77,Dépendance,0,0,347,2024
40000,77160,PROVINS,77,Maison,21,1,347,2024
40000,77160,PROVINS,77,Maison,21,1,735,2024
40000,77160,PROVINS,77,Dépendance,0,0,735,2024
217000,77320,JOUY-SUR-MORIN,77,Maison,100,5,1273,2024
217000,77320,JOUY-SUR-MORIN,77,Maison,100,5,250,2024
105000,77160,PROVINS,77,Maison,118,5,545,2024
140000,77750,SAINT-CYR-SUR-MORIN,77,Local industriel. commercial ou assimilé,102,0,153,2024
140000,77750,SAINT-CYR-SUR-MORIN,77,Maison,75,2,153,2024
382000,77420,CHAMPS-SUR-MARNE,77,Local industriel. commercial ou assimilé,0,0,33,2024
382000,77420,CHAMPS-SUR-MARNE,77,Maison,105,5,206,2024
140000,77440,CONGIS-SUR-THEROUANNE,77,Maison,77,5,500,2024
140000,77440,CONGIS-SUR-THEROUANNE,77,Dépendance,0,0,500,2024
246000,77450,ESBLY,77,Maison,100,5,480,2024
300000,77580,GUERARD,77,Maison,161,4,500,2024
300000,77580,GUERARD,77,Dépendance,0,0,541,2024
300000,77580,GUERARD,77,Dépendance,0,0,500,2024
300000,77580,GUERARD,77,Maison,161,4,541,2024
42000,77100,MEAUX,77,Maison,140,6,582,2024
42000,77100,MEAUX,77,Dépendance,0,0,582,2024
114000,77260,LA FERTE SOUS JOUARRE,77,Maison,140,5,298,2024
175000,77100,MEAUX,77,Maison,145,5,545,2024
135000,77120,AMILLIS,77,Dépendance,0,0,193,2024
135000,77120,AMILLIS,77,Maison,70,3,193,2024
135000,77120,AMILLIS,77,Maison,81,3,193,2024
315000,77160,PROVINS,77,Appartement,39,2,147,2024
315000,77160,PROVINS,77,Appartement,43,2,147,2024
315000,77160,PROVINS,77,Appartement,20,1,147,2024
270000,77450,MONTRY,77,Maison,93,6,267,2024
472710,77600,BUSSY-SAINT-GEORGES,77,Maison,134,4,341,2024
320000,77600,BUSSY-SAINT-MARTIN,77,Maison,67,3,89,2024
320000,77600,BUSSY-SAINT-MARTIN,77,Maison,67,3,686,2024
1050000,77183,CROISSY-BEAUBOURG,77,Local industriel. commercial ou assimilé,0,0,7912,2024
1050000,77183,CROISSY-BEAUBOURG,77,Local industriel. commercial ou assimilé,0,0,4184,2024
1050000,77183,CROISSY-BEAUBOURG,77,Maison,174,4,910,2024
1050000,77183,CROISSY-BEAUBOURG,77,Dépendance,0,0,910,2024
1050000,77183,CROISSY-BEAUBOURG,77,Dépendance,0,0,2800,2024
1050000,77183,CROISSY-BEAUBOURG,77,Maison,174,4,2800,2024
410000,77510,REBAIS,77,Maison,99,5,812,2024
410000,77510,REBAIS,77,Maison,99,5,1624,2024
1000000,77640,JOUARRE,77,Maison,170,10,7200,2024
1000000,77640,JOUARRE,77,Maison,170,10,787,2024
1000000,77640,JOUARRE,77,Maison,65,3,7200,2024
1000000,77640,JOUARRE,77,Appartement,48,3,7200,2024
1000000,77640,JOUARRE,77,Maison,65,3,787,2024
1000000,77640,JOUARRE,77,Appartement,48,3,787,2024
1000000,77640,JOUARRE,77,Appartement,48,3,4681,2024
1000000,77640,JOUARRE,77,Maison,65,3,4681,2024
1000000,77640,JOUARRE,77,Maison,170,10,4681,2024
1000000,77640,JOUARRE,77,Maison,65,3,2872,2024
1000000,77640,JOUARRE,77,Maison,170,10,2872,2024
1000000,77640,JOUARRE,77,Appartement,48,3,2872,2024
137800,77450,CONDE-SAINTE-LIBIAIRE,77,Dépendance,0,0,44,2024
137800,77450,CONDE-SAINTE-LIBIAIRE,77,Maison,80,5,44,2024
216450,77370,NANGIS,77,Maison,126,6,673,2024
390000,77410,CLAYE-SOUILLY,77,Maison,116,6,659,2024
159100,77750,ORLY-SUR-MORIN,77,Maison,90,4,347,2024
616900,77580,VILLIERS-SUR-MORIN,77,Dépendance,0,0,920,2024
616900,77580,VILLIERS-SUR-MORIN,77,Appartement,70,3,920,2024
616900,77580,VILLIERS-SUR-MORIN,77,Appartement,60,3,920,2024
616900,77580,VILLIERS-SUR-MORIN,77,Dépendance,0,0,1031,2024
320000,77230,MOUSSY-LE-VIEUX,77,Maison,93,5,502,2024
242500,77540,PLESSIS-FEU-AUSSOUS (LE),77,Dépendance,0,0,439,2024
242500,77540,PLESSIS-FEU-AUSSOUS (LE),77,Maison,127,6,439,2024
539000,77183,CROISSY-BEAUBOURG,77,Dépendance,0,0,413,2024
539000,77183,CROISSY-BEAUBOURG,77,Maison,116,7,413,2024
120000,77145,MAY-EN-MULTIEN,77,Maison,44,3,35,2024
90000,77124,CREGY-LES-MEAUX,77,Local industriel. commercial ou assimilé,343,0,343,2024
203800,77169,BOISSY-LE-CHATEL,77,Maison,72,4,626,2024
195000,77910,VARREDDES,77,Maison,45,3,35,2024
350000,77500,CHELLES,77,Dépendance,0,0,354,2024
350000,77500,CHELLES,77,Maison,108,6,354,2024
429000,77400,LAGNY-SUR-MARNE,77,Maison,134,5,19,2024
688500,77600,BUSSY-SAINT-GEORGES,77,Maison,188,6,500,2024
688500,77600,BUSSY-SAINT-GEORGES,77,Maison,188,6,887,2024
212500,77510,VILLENEUVE-SUR-BELLOT,77,Maison,123,5,480,2024
212500,77510,VILLENEUVE-SUR-BELLOT,77,Dépendance,0,0,480,2024
406000,77400,LAGNY-SUR-MARNE,77,Maison,105,5,652,2024
494000,77164,FERRIERES-EN-BRIE,77,Maison,72,3,586,2024
241000,77139,ETREPILLY,77,Maison,100,3,158,2024
345000,77500,CHELLES,77,Maison,88,4,300,2024
15500,77120,COULOMMIERS,77,Dépendance,0,0,44,2024
335000,77181,COURTRY,77,Maison,120,6,633,2024
335000,77181,COURTRY,77,Dépendance,0,0,633,2024
204800,77520,SOGNOLLES-EN-MONTOIS,77,Maison,110,4,248,2024
460000,77120,COULOMMIERS,77,Maison,250,9,844,2024
460000,77120,COULOMMIERS,77,Dépendance,0,0,844,2024
435000,77230,SAINT-MARD,77,Dépendance,0,0,453,2024
435000,77230,SAINT-MARD,77,Maison,60,3,453,2024
435000,77230,SAINT-MARD,77,Dépendance,0,0,119,2024
435000,77230,SAINT-MARD,77,Maison,90,4,119,2024
435000,77230,SAINT-MARD,77,Dépendance,0,0,692,2024
435000,77230,SAINT-MARD,77,Maison,90,4,692,2024
478000,77144,MONTEVRAIN,77,Maison,110,5,405,2024
478000,77144,MONTEVRAIN,77,Dépendance,0,0,405,2024
195000,77154,VILLENEUVE-LES-BORDES,77,Maison,96,3,174,2024
567400,77910,GERMIGNY-L EVEQUE,77,Maison,192,7,2283,2024
567400,77910,GERMIGNY-L EVEQUE,77,Maison,192,7,217,2024
212000,77540,ROZAY-EN-BRIE,77,Maison,81,5,310,2024
530000,77600,BUSSY-SAINT-MARTIN,77,Maison,166,7,500,2024
530000,77600,BUSSY-SAINT-MARTIN,77,Maison,166,7,369,2024
305780,77540,VOINSLES,77,Maison,117,6,226,2024
279000,77515,SAINT-AUGUSTIN,77,Dépendance,0,0,5280,2024
279000,77515,SAINT-AUGUSTIN,77,Dépendance,0,0,500,2024
279000,77515,SAINT-AUGUSTIN,77,Maison,73,4,5280,2024
279000,77515,SAINT-AUGUSTIN,77,Maison,73,4,500,2024
323180,77230,MOUSSY-LE-NEUF,77,Maison,90,4,241,2024
200000,77750,SAINT-CYR-SUR-MORIN,77,Dépendance,0,0,685,2024
200000,77750,SAINT-CYR-SUR-MORIN,77,Dépendance,0,0,181,2024
200000,77750,SAINT-CYR-SUR-MORIN,77,Maison,100,4,181,2024
200000,77750,SAINT-CYR-SUR-MORIN,77,Maison,100,4,685,2024
363000,77230,DAMMARTIN-EN-GOELE,77,Maison,121,5,588,2024
220000,77230,DAMMARTIN-EN-GOELE,77,Maison,110,4,349,2024
257000,77440,LIZY-SUR-OURCQ,77,Appartement,30,1,103,2024
257000,77440,LIZY-SUR-OURCQ,77,Local industriel. commercial ou assimilé,62,0,103,2024
257000,77440,LIZY-SUR-OURCQ,77,Appartement,40,1,103,2024
145000,77230,NANTOUILLET,77,Maison,90,3,113,2024
40000,77440,MARY-SUR-MARNE,77,Dépendance,0,0,46,2024
180000,77440,TANCROU,77,Dépendance,0,0,288,2024
180000,77440,TANCROU,77,Maison,90,4,288,2024
285000,77178,SAINT-PATHUS,77,Maison,110,6,279,2024
285000,77178,SAINT-PATHUS,77,Dépendance,0,0,279,2024
160000,77440,TROCY-EN-MULTIEN,77,Maison,92,5,678,2024
160000,77440,TROCY-EN-MULTIEN,77,Maison,92,5,500,2024
180000,77181,COURTRY,77,Maison,40,1,77,2024
136200,77910,BARCY,77,Dépendance,0,0,182,2024
136200,77910,BARCY,77,Maison,80,4,182,2024
108500,77730,SAACY-SUR-MARNE,77,Maison,74,3,184,2024
108500,77730,SAACY-SUR-MARNE,77,Dépendance,0,0,184,2024
380000,77200,TORCY,77,Maison,105,5,549,2024
380000,77200,TORCY,77,Dépendance,0,0,549,2024
325000,77230,SAINT-MARD,77,Maison,94,6,452,2024
90000,77520,DONNEMARIE-DONTILLY,77,Dépendance,0,0,804,2024
156037,77520,DONNEMARIE-DONTILLY,77,Maison,110,4,81,2024
246500,77480,VILLENAUXE-LA-PETITE,77,Dépendance,0,0,582,2024
246500,77480,VILLENAUXE-LA-PETITE,77,Maison,167,4,582,2024
325000,77100,MEAUX,77,Maison,97,5,650,2024
360000,77470,TRILPORT,77,Maison,97,5,620,2024
215000,77730,SAACY-SUR-MARNE,77,Maison,123,2,535,2024
399000,77090,COLLEGIEN,77,Maison,152,5,405,2024
180000,77440,LIZY-SUR-OURCQ,77,Maison,84,5,106,2024
195000,77169,BOISSY-LE-CHATEL,77,Maison,80,5,626,2024
280000,77440,MARY-SUR-MARNE,77,Maison,143,6,349,2024
280000,77440,MARY-SUR-MARNE,77,Dépendance,0,0,500,2024
280000,77440,MARY-SUR-MARNE,77,Dépendance,0,0,349,2024
280000,77440,MARY-SUR-MARNE,77,Maison,143,6,500,2024
34600,77610,HOUSSAYE-EN-BRIE (LA),77,Maison,30,2,500,2024
34600,77610,HOUSSAYE-EN-BRIE (LA),77,Maison,30,2,1939,2024
690000,77580,BOULEURS,77,Appartement,29,2,959,2024
690000,77580,BOULEURS,77,Maison,309,6,959,2024
690000,77580,BOULEURS,77,Appartement,72,3,959,2024
690000,77580,BOULEURS,77,Appartement,41,2,959,2024
5500,77510,SABLONNIERES,77,Dépendance,0,0,7319,2024
67600,77910,CHAMBRY,77,Dépendance,0,0,42,2024
67600,77910,CHAMBRY,77,Maison,56,3,42,2024
210000,77270,VILLEPARISIS,77,Dépendance,0,0,280,2024
210000,77270,VILLEPARISIS,77,Maison,48,3,280,2024
550000,77600,BUSSY-SAINT-GEORGES,77,Maison,138,5,384,2024
180000,77560,COURTACON,77,Maison,138,7,400,2024
180000,77560,COURTACON,77,Maison,138,7,196,2024
214600,77510,REBAIS,77,Maison,89,3,250,2024
214600,77510,REBAIS,77,Dépendance,0,0,250,2024
214600,77510,REBAIS,77,Maison,89,3,1168,2024
214600,77510,REBAIS,77,Dépendance,0,0,1168,2024
315000,77100,MAREUIL-LES-MEAUX,77,Maison,83,5,667,2024
288000,77270,VILLEPARISIS,77,Dépendance,0,0,355,2024
288000,77270,VILLEPARISIS,77,Maison,90,3,355,2024
334000,77560,LOUAN-VILLEGRUIS-FONTAINE,77,Dépendance,0,0,383,2024
334000,77560,LOUAN-VILLEGRUIS-FONTAINE,77,Maison,235,6,383,2024
12000,77100,NANTEUIL-LES-MEAUX,77,Dépendance,0,0,14,2024
430000,77124,CREGY-LES-MEAUX,77,Maison,136,7,450,2024
430000,77124,CREGY-LES-MEAUX,77,Maison,136,7,459,2024
329500,77181,COURTRY,77,Maison,85,4,198,2024
225000,77169,BOISSY-LE-CHATEL,77,Maison,96,5,811,2024
160000,77120,AMILLIS,77,Maison,87,3,2039,2024
160000,77120,AMILLIS,77,Dépendance,0,0,1000,2024
299000,77120,COULOMMIERS,77,Maison,157,6,512,2024
100000,77160,PROVINS,77,Maison,74,3,216,2024
100000,77160,PROVINS,77,Local industriel. commercial ou assimilé,80,0,216,2024
285000,77500,CHELLES,77,Maison,59,3,515,2024
260000,77440,CONGIS-SUR-THEROUANNE,77,Maison,120,4,96,2024
260000,77440,CONGIS-SUR-THEROUANNE,77,Dépendance,0,0,30,2024
364000,77124,VILLENOY,77,Maison,125,4,235,2024
364000,77124,VILLENOY,77,Maison,125,4,500,2024
175000,77515,POMMEUSE,77,Local industriel. commercial ou assimilé,74,0,100,2024
175000,77515,POMMEUSE,77,Local industriel. commercial ou assimilé,74,0,500,2024
336462,77700,COUPVRAY,77,Maison,74,3,153,2024
336462,77700,COUPVRAY,77,Dépendance,0,0,153,2024
180000,77650,LONGUEVILLE,77,Dépendance,0,0,600,2024
180000,77650,LONGUEVILLE,77,Maison,86,5,600,2024
180000,77650,LONGUEVILLE,77,Dépendance,0,0,247,2024
180000,77650,LONGUEVILLE,77,Maison,86,5,247,2024
2000,77580,GUERARD,77,Maison,18,1,424,2024
210550,77410,ANNET-SUR-MARNE,77,Maison,150,7,500,2024
210550,77410,ANNET-SUR-MARNE,77,Maison,150,7,1060,2024
461000,77410,GRESSY,77,Dépendance,0,0,590,2024
461000,77410,GRESSY,77,Dépendance,0,0,500,2024
461000,77410,GRESSY,77,Maison,180,5,590,2024
461000,77410,GRESSY,77,Maison,180,5,500,2024
217000,77650,SAINT-LOUP-DE-NAUD,77,Dépendance,0,0,119,2024
217000,77650,SAINT-LOUP-DE-NAUD,77,Dépendance,0,0,878,2024
217000,77650,SAINT-LOUP-DE-NAUD,77,Maison,110,3,119,2024
217000,77650,SAINT-LOUP-DE-NAUD,77,Maison,110,3,878,2024
255000,77360,VAIRES SUR MARNE,77,Maison,61,4,391,2024
255000,77360,VAIRES SUR MARNE,77,Dépendance,0,0,391,2024
170000,77400,CARNETIN,77,Appartement,30,1,24,2024
45000,77410,SAINT-MESMES,77,Dépendance,0,0,500,2024
45000,77410,SAINT-MESMES,77,Dépendance,0,0,680,2024
126000,77650,SAINT-LOUP-DE-NAUD,77,Maison,86,4,596,2024
304000,77174,VILLENEUVE-LE-COMTE,77,Maison,70,4,712,2024
304000,77174,VILLENEUVE-LE-COMTE,77,Dépendance,0,0,250,2024
304000,77174,VILLENEUVE-LE-COMTE,77,Maison,70,4,250,2024
304000,77174,VILLENEUVE-LE-COMTE,77,Dépendance,0,0,712,2024
128000,77750,SAINT-CYR-SUR-MORIN,77,Maison,100,5,53,2024
128000,77750,SAINT-CYR-SUR-MORIN,77,Dépendance,0,0,53,2024
185000,77124,VILLENOY,77,Maison,40,3,122,2024
379050,77610,CHAPELLES-BOURBON (LES),77,Maison,119,5,366,2024
106000,77260,LA FERTE SOUS JOUARRE,77,Maison,59,3,332,2024
106000,77260,LA FERTE SOUS JOUARRE,77,Dépendance,0,0,332,2024
500000,77470,POINCY,77,Local industriel. commercial ou assimilé,2050,0,2853,2024
500000,77470,POINCY,77,Local industriel. commercial ou assimilé,4047,0,1510,2024
665000,77600,JOSSIGNY,77,Local industriel. commercial ou assimilé,302,0,602,2024
665000,77600,JOSSIGNY,77,Local industriel. commercial ou assimilé,302,0,175,2024
665000,77600,JOSSIGNY,77,Local industriel. commercial ou assimilé,302,0,500,2024
198390,77730,MERY-SUR-MARNE,77,Maison,72,4,2000,2024
198390,77730,MERY-SUR-MARNE,77,Dépendance,0,0,2000,2024
180000,77144,MONTEVRAIN,77,Maison,68,5,338,2024
180000,77144,MONTEVRAIN,77,Local industriel. commercial ou assimilé,61,0,338,2024
193500,77270,VILLEPARISIS,77,Dépendance,0,0,332,2024
193500,77270,VILLEPARISIS,77,Maison,69,4,332,2024
295000,77470,POINCY,77,Maison,241,6,500,2024
295000,77470,POINCY,77,Maison,241,6,666,2024
370000,77860,QUINCY-VOISINS,77,Maison,95,5,533,2024
388000,77600,CONCHES SUR GONDOIRE,77,Maison,97,4,320,2024
308000,77290,MITRY MORY,77,Maison,113,4,829,2024
308000,77290,MITRY MORY,77,Dépendance,0,0,829,2024
255000,77270,VILLEPARISIS,77,Maison,60,3,500,2024
255000,77270,VILLEPARISIS,77,Dépendance,0,0,500,2024
333000,77290,MITRY MORY,77,Maison,69,4,406,2024
344000,77177,BROU-SUR-CHANTEREINE,77,Maison,85,4,236,2024
295000,77290,MITRY MORY,77,Maison,90,4,323,2024
130000,77540,BERNAY VILBERT,77,Maison,62,3,574,2024
130000,77540,BERNAY VILBERT,77,Maison,62,3,500,2024
332000,77270,VILLEPARISIS,77,Maison,88,4,500,2024
404250,77400,THORIGNY SUR MARNE,77,Maison,114,5,542,2024
249000,77515,SAINT-AUGUSTIN,77,Dépendance,0,0,857,2024
249000,77515,SAINT-AUGUSTIN,77,Maison,53,3,857,2024
249000,77515,SAINT-AUGUSTIN,77,Dépendance,0,0,500,2024
249000,77515,SAINT-AUGUSTIN,77,Maison,53,3,500,2024
140000,77120,AMILLIS,77,Dépendance,0,0,990,2024
140000,77120,AMILLIS,77,Dépendance,0,0,250,2024
140000,77120,AMILLIS,77,Maison,90,4,250,2024
140000,77120,AMILLIS,77,Maison,90,4,990,2024
147000,77120,BEAUTHEIL-SAINTS,77,Dépendance,0,0,1039,2024
147000,77120,BEAUTHEIL-SAINTS,77,Maison,40,3,1039,2024
147000,77120,BEAUTHEIL-SAINTS,77,Dépendance,0,0,250,2024
147000,77120,BEAUTHEIL-SAINTS,77,Maison,40,3,250,2024
432000,77144,CHALIFERT,77,Maison,125,5,500,2024
432000,77144,CHALIFERT,77,Maison,125,5,313,2024
172875,77515,FAREMOUTIERS,77,Dépendance,0,0,30,2024
172875,77515,FAREMOUTIERS,77,Maison,60,2,30,2024
172875,77515,FAREMOUTIERS,77,Dépendance,0,0,93,2024
161350,77515,POMMEUSE,77,Maison,65,3,419,2024
161350,77515,POMMEUSE,77,Maison,65,3,1836,2024
196000,77370,NANGIS,77,Maison,135,5,440,2024
175000,77510,SAINT-DENIS-LES-REBAIS,77,Dépendance,0,0,384,2024
175000,77510,SAINT-DENIS-LES-REBAIS,77,Maison,60,3,384,2024
600000,77520,CESSOY-EN-MONTOIS,77,Maison,200,9,1868,2024
600000,77520,CESSOY-EN-MONTOIS,77,Dépendance,0,0,1868,2024
600000,77520,CESSOY-EN-MONTOIS,77,Dépendance,0,0,357,2024
600000,77520,CESSOY-EN-MONTOIS,77,Maison,70,2,357,2024
375000,77410,CLAYE-SOUILLY,77,Maison,96,5,253,2024
340000,77290,MITRY MORY,77,Maison,100,4,237,2024
230000,77480,BRAY-SUR-SEINE,77,Maison,88,4,544,2024
170000,77510,TRETOIRE (LA),77,Maison,95,3,280,2024
394950,77700,COUPVRAY,77,Maison,120,6,522,2024
105000,77160,ROUILLY,77,Maison,100,4,753,2024
105000,77160,ROUILLY,77,Dépendance,0,0,753,2024
107000,77480,SAINT-SAUVEUR-LES-BRAY,77,Maison,42,3,255,2024
10000,77480,JAULNES,77,Maison,18,2,764,2024
160000,77370,NANGIS,77,Dépendance,0,0,206,2024
160000,77370,NANGIS,77,Appartement,53,3,206,2024
113000,77370,CHAPELLE-RABLAIS (LA),77,Maison,64,3,867,2024
113000,77370,CHAPELLE-RABLAIS (LA),77,Maison,25,1,867,2024
383400,77230,LONGPERRIER,77,Maison,138,8,410,2024
382000,77230,MOUSSY-LE-NEUF,77,Dépendance,0,0,485,2024
382000,77230,MOUSSY-LE-NEUF,77,Maison,151,5,485,2024
410000,77100,NANTEUIL-LES-MEAUX,77,Maison,186,6,500,2024
410000,77100,NANTEUIL-LES-MEAUX,77,Dépendance,0,0,190,2024
410000,77100,NANTEUIL-LES-MEAUX,77,Maison,186,6,190,2024
410000,77100,NANTEUIL-LES-MEAUX,77,Dépendance,0,0,500,2024
405000,77100,MEAUX,77,Maison,164,8,570,2024
405000,77100,MEAUX,77,Dépendance,0,0,570,2024
328000,77163,MORTCERF,77,Maison,92,4,316,2024
289500,77230,VINANTES,77,Maison,76,4,500,2024
650000,77100,MEAUX,77,Maison,240,8,353,2024
520000,77500,CHELLES,77,Maison,120,6,477,2024
520000,77500,CHELLES,77,Dépendance,0,0,477,2024
350000,77400,SAINT THIBAULT DES VIGNES,77,Maison,64,4,500,2024
350000,77400,SAINT THIBAULT DES VIGNES,77,Maison,64,4,326,2024
255000,77124,CREGY-LES-MEAUX,77,Maison,133,6,372,2024
255000,77124,CREGY-LES-MEAUX,77,Dépendance,0,0,372,2024
135000,77520,VIMPELLES,77,Dépendance,0,0,1725,2024
135000,77520,VIMPELLES,77,Maison,165,4,1725,2024
135000,77520,VIMPELLES,77,Dépendance,0,0,500,2024
135000,77520,VIMPELLES,77,Maison,165,4,500,2024
135000,77520,VIMPELLES,77,Local industriel. commercial ou assimilé,252,0,3772,2024
135000,77520,VIMPELLES,77,Local industriel. commercial ou assimilé,252,0,500,2024
135000,77520,VIMPELLES,77,Local industriel. commercial ou assimilé,168,0,500,2024
135000,77520,VIMPELLES,77,Local industriel. commercial ou assimilé,168,0,3772,2024
222970,77520,DONNEMARIE-DONTILLY,77,Maison,89,5,255,2024
10000,77230,MARCHEMORET,77,Dépendance,0,0,1861,2024
10000,77230,MARCHEMORET,77,Dépendance,0,0,500,2024
32000,77450,ISLES-LES-VILLENOY,77,Maison,44,2,10230,2024
32000,77450,ISLES-LES-VILLENOY,77,Maison,44,2,31,2024
32000,77450,ISLES-LES-VILLENOY,77,Maison,44,2,13696,2024
238000,77510,REBAIS,77,Maison,95,4,330,2024
202000,77320,FERTE-GAUCHER (LA),77,Maison,88,5,316,2024
125000,77660,CHANGIS-SUR-MARNE,77,Maison,37,2,242,2024
329000,77163,DAMMARTIN-SUR-TIGEAUX,77,Dépendance,0,0,235,2024
329000,77163,DAMMARTIN-SUR-TIGEAUX,77,Dépendance,0,0,500,2024
329000,77163,DAMMARTIN-SUR-TIGEAUX,77,Maison,130,5,500,2024
329000,77163,DAMMARTIN-SUR-TIGEAUX,77,Maison,130,5,235,2024
130000,77650,SAINT-LOUP-DE-NAUD,77,Maison,70,3,398,2024
111500,77650,SAINT-LOUP-DE-NAUD,77,Dépendance,0,0,400,2024
111500,77650,SAINT-LOUP-DE-NAUD,77,Maison,80,2,400,2024
111500,77650,SAINT-LOUP-DE-NAUD,77,Dépendance,0,0,444,2024
111500,77650,SAINT-LOUP-DE-NAUD,77,Maison,80,2,444,2024
125000,77510,SABLONNIERES,77,Maison,63,2,500,2024
125000,77510,SABLONNIERES,77,Maison,63,2,14650,2024
362000,77100,NANTEUIL-LES-MEAUX,77,Maison,139,5,133,2024
260000,77610,MARLES-EN-BRIE,77,Dépendance,0,0,671,2024
260000,77610,MARLES-EN-BRIE,77,Dépendance,0,0,78,2024
260000,77610,MARLES-EN-BRIE,77,Maison,126,6,78,2024
260000,77610,MARLES-EN-BRIE,77,Maison,126,6,671,2024
188000,77160,CHENOISE-CUCHARMOY,77,Maison,132,5,76,2024
215000,77320,CHEVRU,77,Maison,120,5,286,2024
204000,77500,CHELLES,77,Dépendance,0,0,515,2024
204000,77500,CHELLES,77,Maison,25,1,515,2024
140040,77400,LAGNY-SUR-MARNE,77,Maison,99,4,311,2024
100000,77610,FONTENAY-TRESIGNY,77,Dépendance,0,0,19,2024
480000,77230,DAMMARTIN-EN-GOELE,77,Dépendance,0,0,500,2024
480000,77230,DAMMARTIN-EN-GOELE,77,Maison,96,5,171,2024
480000,77230,DAMMARTIN-EN-GOELE,77,Maison,96,5,500,2024
480000,77230,DAMMARTIN-EN-GOELE,77,Dépendance,0,0,171,2024
262000,77440,CONGIS-SUR-THEROUANNE,77,Maison,108,5,500,2024
262000,77440,CONGIS-SUR-THEROUANNE,77,Dépendance,0,0,500,2024
280000,77230,ROUVRES,77,Maison,91,5,418,2024
106000,77440,CONGIS-SUR-THEROUANNE,77,Dépendance,0,0,92,2024
106000,77440,CONGIS-SUR-THEROUANNE,77,Maison,80,3,92,2024
240000,77290,MITRY MORY,77,Dépendance,0,0,356,2024
240000,77290,MITRY MORY,77,Maison,81,4,356,2024
389000,77410,CLAYE-SOUILLY,77,Maison,91,4,500,2024
389000,77410,CLAYE-SOUILLY,77,Maison,91,4,250,2024
330000,77580,VILLIERS-SUR-MORIN,77,Maison,122,4,135,2024
230000,77510,VILLENEUVE-SUR-BELLOT,77,Dépendance,0,0,1120,2024
230000,77510,VILLENEUVE-SUR-BELLOT,77,Maison,160,5,1120,2024
230000,77510,VILLENEUVE-SUR-BELLOT,77,Dépendance,0,0,250,2024
230000,77510,VILLENEUVE-SUR-BELLOT,77,Maison,160,5,250,2024
530000,77144,MONTEVRAIN,77,Maison,138,5,500,2024
530000,77144,MONTEVRAIN,77,Maison,138,5,89,2024
64000,77520,MONTIGNY-LENCOUP,77,Maison,71,3,50,2024
1000,77470,FUBLAINES,77,Maison,10,1,970,2024
167000,77510,VERDELOT,77,Maison,86,4,108,2024
325000,77270,VILLEPARISIS,77,Maison,95,5,368,2024
837000,77400,POMPONNE,77,Maison,61,2,2412,2024
837000,77400,POMPONNE,77,Dépendance,0,0,2412,2024
837000,77400,POMPONNE,77,Maison,410,7,2412,2024
837000,77400,POMPONNE,77,Dépendance,0,0,500,2024
837000,77400,POMPONNE,77,Maison,61,2,500,2024
837000,77400,POMPONNE,77,Maison,410,7,500,2024
381000,77420,CHAMPS-SUR-MARNE,77,Dépendance,0,0,266,2024
381000,77420,CHAMPS-SUR-MARNE,77,Maison,119,4,266,2024
380000,77480,BRAY-SUR-SEINE,77,Local industriel. commercial ou assimilé,26,0,151,2024
380000,77480,BRAY-SUR-SEINE,77,Dépendance,0,0,151,2024
380000,77480,BRAY-SUR-SEINE,77,Appartement,57,2,151,2024
380000,77480,BRAY-SUR-SEINE,77,Appartement,20,1,151,2024
380000,77480,BRAY-SUR-SEINE,77,Appartement,52,2,151,2024
380000,77480,BRAY-SUR-SEINE,77,Appartement,54,2,151,2024
380000,77480,BRAY-SUR-SEINE,77,Appartement,71,3,151,2024
380000,77480,BRAY-SUR-SEINE,77,Appartement,42,2,151,2024
380000,77480,BRAY-SUR-SEINE,77,Local industriel. commercial ou assimilé,55,0,151,2024
322711,77169,SAINT-GERMAIN-SOUS-DOUE,77,Dépendance,0,0,250,2024
322711,77169,SAINT-GERMAIN-SOUS-DOUE,77,Dépendance,0,0,1632,2024
322711,77169,SAINT-GERMAIN-SOUS-DOUE,77,Maison,156,5,1632,2024
322711,77169,SAINT-GERMAIN-SOUS-DOUE,77,Maison,156,5,250,2024
275000,77410,CLAYE-SOUILLY,77,Maison,57,3,1055,2024
275000,77410,CLAYE-SOUILLY,77,Dépendance,0,0,1055,2024
175000,77320,FERTE-GAUCHER (LA),77,Local industriel. commercial ou assimilé,68,0,91,2024
175000,77320,FERTE-GAUCHER (LA),77,Maison,60,3,196,2024
472000,77860,COUILLY-PONT-AUX-DAMES,77,Dépendance,0,0,305,2024
472000,77860,COUILLY-PONT-AUX-DAMES,77,Maison,155,8,500,2024
472000,77860,COUILLY-PONT-AUX-DAMES,77,Dépendance,0,0,500,2024
472000,77860,COUILLY-PONT-AUX-DAMES,77,Maison,155,8,305,2024
130000,77320,FERTE-GAUCHER (LA),77,Dépendance,0,0,881,2024
130000,77320,FERTE-GAUCHER (LA),77,Dépendance,0,0,227,2024
130000,77320,FERTE-GAUCHER (LA),77,Maison,68,4,227,2024
130000,77320,FERTE-GAUCHER (LA),77,Maison,68,4,881,2024
185000,77181,LE PIN,77,Maison,60,3,33,2024
258000,77124,CREGY-LES-MEAUX,77,Dépendance,0,0,121,2024
258000,77124,CREGY-LES-MEAUX,77,Maison,140,7,121,2024
146500,77171,CHALAUTRE-LA-GRANDE,77,Maison,51,2,805,2024
146500,77171,CHALAUTRE-LA-GRANDE,77,Dépendance,0,0,805,2024
330000,77120,COULOMMIERS,77,Maison,77,2,280,2024
330000,77120,COULOMMIERS,77,Maison,77,2,500,2024
229000,77120,COULOMMIERS,77,Dépendance,0,0,387,2024
229000,77120,COULOMMIERS,77,Maison,83,5,387,2024
190000,77910,CHAMBRY,77,Dépendance,0,0,302,2024
190000,77910,CHAMBRY,77,Maison,90,4,302,2024
167500,77450,MONTRY,77,Maison,77,4,554,2024
140000,77660,SAINT JEAN LES DEUX JUMEAUX,77,Maison,80,3,232,2024
140000,77660,SAINT JEAN LES DEUX JUMEAUX,77,Dépendance,0,0,57,2024
83333,77320,DAGNY,77,Dépendance,0,0,800,2024
83333,77320,DAGNY,77,Dépendance,0,0,500,2024
83333,77320,DAGNY,77,Maison,102,5,500,2024
83333,77320,DAGNY,77,Maison,102,5,800,2024
340350,77090,COLLEGIEN,77,Maison,94,4,229,2024
260000,77370,CHAPELLE-RABLAIS (LA),77,Maison,103,6,651,2024
260000,77370,CHAPELLE-RABLAIS (LA),77,Maison,103,6,627,2024
258000,77178,SAINT-PATHUS,77,Maison,86,4,222,2024
264000,77370,NANGIS,77,Dépendance,0,0,298,2024
264000,77370,NANGIS,77,Maison,168,6,298,2024
197000,77120,COULOMMIERS,77,Maison,60,3,63,2024
782854,77400,DAMPMART,77,Maison,108,3,500,2024
782854,77400,DAMPMART,77,Maison,108,3,541,2024
782854,77400,DAMPMART,77,Dépendance,0,0,500,2024
782854,77400,DAMPMART,77,Dépendance,0,0,541,2024
153000,77120,MOUROUX,77,Maison,54,2,51,2024
143249,77910,BARCY,77,Maison,98,5,208,2024
247000,77540,BERNAY VILBERT,77,Maison,98,4,691,2024
190000,77260,SAINTE-AULDE,77,Maison,100,3,355,2024
245400,77480,SAINT-SAUVEUR-LES-BRAY,77,Maison,92,2,405,2024
595000,77144,MONTEVRAIN,77,Maison,147,4,140,2024
595000,77144,MONTEVRAIN,77,Maison,147,4,500,2024
1,77100,MEAUX,77,Local industriel. commercial ou assimilé,62,0,1030,2024
1,77100,MEAUX,77,Local industriel. commercial ou assimilé,31,0,1030,2024
1,77100,MEAUX,77,Local industriel. commercial ou assimilé,352,0,1030,2024
1,77100,MEAUX,77,Local industriel. commercial ou assimilé,101,0,1030,2024
1,77100,MEAUX,77,Local industriel. commercial ou assimilé,41,0,1030,2024
1,77100,MEAUX,77,Local industriel. commercial ou assimilé,34,0,1030,2024
1,77100,MEAUX,77,Local industriel. commercial ou assimilé,49,0,1030,2024
1,77100,MEAUX,77,Local industriel. commercial ou assimilé,33,0,1030,2024
1,77100,MEAUX,77,Local industriel. commercial ou assimilé,29,0,1030,2024
1,77100,MEAUX,77,Local industriel. commercial ou assimilé,63,0,1030,2024
1,77100,MEAUX,77,Local industriel. commercial ou assimilé,36,0,1030,2024
1,77100,MEAUX,77,Local industriel. commercial ou assimilé,37,0,1030,2024
1,77100,MEAUX,77,Local industriel. commercial ou assimilé,115,0,1030,2024
530000,77700,SERRIS,77,Dépendance,0,0,131,2024
530000,77700,SERRIS,77,Dépendance,0,0,500,2024
530000,77700,SERRIS,77,Maison,119,5,500,2024
530000,77700,SERRIS,77,Maison,119,5,131,2024
374750,77500,CHELLES,77,Maison,81,3,500,2024
383425,77580,GUERARD,77,Maison,115,1,175,2024
15000,77515,CELLE-SUR-MORIN (LA),77,Dépendance,0,0,30,2024
15000,77515,CELLE-SUR-MORIN (LA),77,Dépendance,0,0,10,2024
15000,77515,CELLE-SUR-MORIN (LA),77,Dépendance,0,0,59,2024
339300,77420,CHAMPS-SUR-MARNE,77,Maison,103,6,183,2024
362000,77120,BEAUTHEIL-SAINTS,77,Dépendance,0,0,1000,2024
362000,77120,BEAUTHEIL-SAINTS,77,Maison,143,6,600,2024
362000,77120,BEAUTHEIL-SAINTS,77,Dépendance,0,0,600,2024
362000,77120,BEAUTHEIL-SAINTS,77,Maison,143,6,18003,2024
362000,77120,BEAUTHEIL-SAINTS,77,Dépendance,0,0,18003,2024
362000,77120,BEAUTHEIL-SAINTS,77,Maison,143,6,1000,2024
210000,77650,CHALMAISON,77,Dépendance,0,0,292,2024
210000,77650,CHALMAISON,77,Maison,132,5,292,2024
182000,77160,CHENOISE-CUCHARMOY,77,Maison,107,4,684,2024
182000,77160,CHENOISE-CUCHARMOY,77,Local industriel. commercial ou assimilé,58,0,684,2024
318000,77650,LONGUEVILLE,77,Local industriel. commercial ou assimilé,600,0,2338,2024
121500,77560,VILLIERS-SAINT-GEORGES,77,Maison,80,3,614,2024
353000,77186,NOISIEL,77,Maison,113,6,230,2024
155000,77320,FERTE-GAUCHER (LA),77,Maison,86,4,308,2024
155000,77320,FERTE-GAUCHER (LA),77,Dépendance,0,0,308,2024
275000,77580,COULOMMES,77,Maison,84,3,181,2024
275000,77580,COULOMMES,77,Dépendance,0,0,181,2024
228300,77154,VILLENEUVE-LES-BORDES,77,Maison,119,5,500,2024
230000,77500,CHELLES,77,Maison,58,2,379,2024
386000,77100,MAREUIL-LES-MEAUX,77,Maison,41,2,800,2024
386000,77100,MAREUIL-LES-MEAUX,77,Maison,94,4,285,2024
386000,77100,MAREUIL-LES-MEAUX,77,Maison,41,2,285,2024
386000,77100,MAREUIL-LES-MEAUX,77,Maison,40,2,285,2024
386000,77100,MAREUIL-LES-MEAUX,77,Dépendance,0,0,285,2024
386000,77100,MAREUIL-LES-MEAUX,77,Maison,94,4,800,2024
386000,77100,MAREUIL-LES-MEAUX,77,Maison,40,2,800,2024
386000,77100,MAREUIL-LES-MEAUX,77,Dépendance,0,0,800,2024
246075,77450,MONTRY,77,Maison,80,4,65,2024
329500,77500,CHELLES,77,Dépendance,0,0,500,2024
329500,77500,CHELLES,77,Maison,78,6,500,2024
360600,77230,MONTGE-EN-GOELE,77,Dépendance,0,0,76,2024
360600,77230,MONTGE-EN-GOELE,77,Maison,120,6,982,2024
360600,77230,MONTGE-EN-GOELE,77,Dépendance,0,0,982,2024
360600,77230,MONTGE-EN-GOELE,77,Maison,120,6,76,2024
223000,77600,BUSSY-SAINT-GEORGES,77,Maison,52,3,168,2024
330000,77860,QUINCY-VOISINS,77,Maison,140,4,300,2024
271350,77181,LE PIN,77,Maison,74,3,131,2024
220000,77145,MAY-EN-MULTIEN,77,Maison,81,4,263,2024
270000,77600,BUSSY-SAINT-GEORGES,77,Dépendance,0,0,34,2024
270000,77600,BUSSY-SAINT-GEORGES,77,Maison,65,4,34,2024
130000,77160,PROVINS,77,Maison,135,5,609,2024
130000,77160,PROVINS,77,Maison,135,5,868,2024
130000,77160,PROVINS,77,Dépendance,0,0,868,2024
130000,77160,PROVINS,77,Dépendance,0,0,609,2024
309606,77400,THORIGNY SUR MARNE,77,Maison,82,4,299,2024
345000,77500,CHELLES,77,Dépendance,0,0,348,2024
345000,77500,CHELLES,77,Maison,107,5,348,2024
144000,77480,VILLUIS,77,Dépendance,0,0,391,2024
144000,77480,VILLUIS,77,Maison,100,3,391,2024
275000,77178,SAINT-PATHUS,77,Maison,88,4,313,2024
185000,77114,HERME,77,Maison,100,5,718,2024
95000,77171,CHALAUTRE-LA-GRANDE,77,Maison,150,5,162,2024
95000,77171,CHALAUTRE-LA-GRANDE,77,Dépendance,0,0,162,2024
40000,77560,VILLIERS-SAINT-GEORGES,77,Dépendance,0,0,32,2024
40000,77560,VILLIERS-SAINT-GEORGES,77,Dépendance,0,0,281,2024
124000,77650,SOISY-BOUY,77,Maison,90,4,247,2024
2600000,77290,MITRY MORY,77,Local industriel. commercial ou assimilé,1088,0,2389,2024
122000,77440,LIZY-SUR-OURCQ,77,Maison,56,3,31,2024
400000,77270,VILLEPARISIS,77,Maison,95,4,415,2024
311000,77470,MONTCEAUX-LES-MEAUX,77,Maison,99,4,492,2024
311000,77470,MONTCEAUX-LES-MEAUX,77,Maison,99,4,500,2024
150000,77410,CLAYE-SOUILLY,77,Maison,75,3,47,2024
275000,77100,NANTEUIL-LES-MEAUX,77,Maison,95,5,478,2024
320500,77860,QUINCY-VOISINS,77,Maison,123,7,10,2024
567500,77860,SAINT-GERMAIN-SUR-MORIN,77,Maison,139,3,25,2024
567500,77860,SAINT-GERMAIN-SUR-MORIN,77,Maison,139,3,500,2024
567500,77860,SAINT-GERMAIN-SUR-MORIN,77,Maison,45,2,424,2024
110000,77970,JOUY-LE-CHATEL,77,Maison,80,4,58,2024
330000,77186,NOISIEL,77,Dépendance,0,0,296,2024
330000,77186,NOISIEL,77,Maison,64,3,296,2024
280000,77700,BAILLY-ROMAINVILLIERS,77,Maison,157,4,108,2024
471000,77360,VAIRES SUR MARNE,77,Maison,140,6,472,2024
374679,77500,CHELLES,77,Maison,86,4,272,2024
540000,77450,MONTRY,77,Maison,184,6,18,2024
540000,77450,MONTRY,77,Maison,184,6,500,2024
408000,77580,VOULANGIS,77,Maison,124,5,768,2024
230000,77580,VILLIERS-SUR-MORIN,77,Dépendance,0,0,480,2024
180200,77160,POIGNY,77,Maison,96,5,317,2024
180200,77160,POIGNY,77,Dépendance,0,0,317,2024
170000,77540,ROZAY-EN-BRIE,77,Maison,72,4,205,2024
293000,77290,MITRY MORY,77,Dépendance,0,0,322,2024
293000,77290,MITRY MORY,77,Maison,96,4,322,2024
306400,77640,JOUARRE,77,Maison,157,6,500,2024
306400,77640,JOUARRE,77,Maison,157,6,770,2024
400000,77183,CROISSY-BEAUBOURG,77,Maison,108,6,252,2024
199000,77370,NANGIS,77,Maison,79,5,519,2024
199000,77370,NANGIS,77,Dépendance,0,0,519,2024
390000,77700,MAGNY-LE-HONGRE,77,Maison,134,4,510,2024
450000,77320,FERTE-GAUCHER (LA),77,Local industriel. commercial ou assimilé,469,0,517,2024
450000,77320,FERTE-GAUCHER (LA),77,Appartement,69,3,517,2024
450000,77320,FERTE-GAUCHER (LA),77,Appartement,64,3,517,2024
450000,77320,FERTE-GAUCHER (LA),77,Dépendance,0,0,517,2024
450000,77320,FERTE-GAUCHER (LA),77,Appartement,34,2,517,2024
450000,77320,FERTE-GAUCHER (LA),77,Appartement,57,3,517,2024
450000,77320,FERTE-GAUCHER (LA),77,Local industriel. commercial ou assimilé,351,0,517,2024
450000,77320,FERTE-GAUCHER (LA),77,Appartement,144,5,517,2024
450000,77320,FERTE-GAUCHER (LA),77,Appartement,16,1,517,2024
450000,77320,FERTE-GAUCHER (LA),77,Appartement,75,3,517,2024
676000,77400,SAINT THIBAULT DES VIGNES,77,Dépendance,0,0,500,2024
676000,77400,SAINT THIBAULT DES VIGNES,77,Maison,185,8,1152,2024
676000,77400,SAINT THIBAULT DES VIGNES,77,Maison,185,8,500,2024
676000,77400,SAINT THIBAULT DES VIGNES,77,Dépendance,0,0,1152,2024
410000,77610,CREVECOEUR-EN-BRIE,77,Maison,325,16,11726,2024
707339,77230,MONTGE-EN-GOELE,77,Maison,178,4,2227,2024
707339,77230,MONTGE-EN-GOELE,77,Dépendance,0,0,2227,2024
210700,77410,VILLEROY,77,Maison,62,4,43,2024
385950,77580,VOULANGIS,77,Maison,107,4,774,2024
330000,77860,QUINCY-VOISINS,77,Maison,97,5,720,2024
353000,77400,LAGNY-SUR-MARNE,77,Maison,101,6,356,2024
320850,77580,CRECY LA CHAPELLE,77,Maison,115,5,540,2024
335000,77290,MITRY MORY,77,Maison,115,4,407,2024
335000,77290,MITRY MORY,77,Dépendance,0,0,407,2024
74000,77260,SAMMERON,77,Dépendance,0,0,53,2024
74000,77260,SAMMERON,77,Maison,70,4,53,2024
530000,77750,SAINT-CYR-SUR-MORIN,77,Maison,200,6,519,2024
530000,77750,SAINT-CYR-SUR-MORIN,77,Maison,200,6,500,2024
530000,77750,SAINT-CYR-SUR-MORIN,77,Dépendance,0,0,519,2024
530000,77750,SAINT-CYR-SUR-MORIN,77,Dépendance,0,0,500,2024
280953,77260,LA FERTE SOUS JOUARRE,77,Appartement,31,1,215,2024
280953,77260,LA FERTE SOUS JOUARRE,77,Appartement,48,2,215,2024
280953,77260,LA FERTE SOUS JOUARRE,77,Appartement,33,1,215,2024
280953,77260,LA FERTE SOUS JOUARRE,77,Appartement,48,1,215,2024
280953,77260,LA FERTE SOUS JOUARRE,77,Dépendance,0,0,215,2024
155000,77650,SAINTE-COLOMBE,77,Dépendance,0,0,740,2024
155000,77650,SAINTE-COLOMBE,77,Maison,75,4,740,2024
153900,77440,LIZY-SUR-OURCQ,77,Maison,90,4,500,2024
153900,77440,LIZY-SUR-OURCQ,77,Maison,90,4,527,2024
327500,77270,VILLEPARISIS,77,Maison,122,6,660,2024
300000,77580,COUTEVROULT,77,Maison,82,3,172,2024
152000,77560,VILLIERS-SAINT-GEORGES,77,Dépendance,0,0,456,2024
152000,77560,VILLIERS-SAINT-GEORGES,77,Appartement,41,2,456,2024
152000,77560,VILLIERS-SAINT-GEORGES,77,Appartement,48,3,456,2024
152000,77560,VILLIERS-SAINT-GEORGES,77,Appartement,83,4,456,2024
152000,77560,VILLIERS-SAINT-GEORGES,77,Appartement,91,4,456,2024
152000,77560,VILLIERS-SAINT-GEORGES,77,Local industriel. commercial ou assimilé,27,0,456,2024
136000,77730,CITRY,77,Maison,69,3,148,2024
230000,77450,ESBLY,77,Maison,18,3,504,2024
136000,77580,VILLIERS-SUR-MORIN,77,Maison,37,2,380,2024
136000,77580,VILLIERS-SUR-MORIN,77,Dépendance,0,0,380,2024
136000,77580,VILLIERS-SUR-MORIN,77,Maison,37,2,500,2024
136000,77580,VILLIERS-SUR-MORIN,77,Dépendance,0,0,500,2024
378000,77230,MOUSSY-LE-NEUF,77,Maison,75,4,488,2024
345000,77183,CROISSY-BEAUBOURG,77,Dépendance,0,0,317,2024
345000,77183,CROISSY-BEAUBOURG,77,Maison,96,5,317,2024
229000,77280,OTHIS,77,Maison,87,4,647,2024
423100,77580,VILLIERS-SUR-MORIN,77,Dépendance,0,0,593,2024
423100,77580,VILLIERS-SUR-MORIN,77,Dépendance,0,0,765,2024
423100,77580,VILLIERS-SUR-MORIN,77,Maison,138,5,765,2024
423100,77580,VILLIERS-SUR-MORIN,77,Maison,138,5,593,2024
252000,77124,CHAUCONIN-NEUFMONTIERS,77,Maison,74,4,501,2024
220000,77124,CHAUCONIN-NEUFMONTIERS,77,Dépendance,0,0,64,2024
220000,77124,CHAUCONIN-NEUFMONTIERS,77,Maison,60,4,64,2024
5000,77515,POMMEUSE,77,Maison,15,1,500,2024
5000,77515,POMMEUSE,77,Maison,15,1,63,2024
260000,77120,MAROLLES-EN-BRIE,77,Dépendance,0,0,250,2024
260000,77120,MAROLLES-EN-BRIE,77,Maison,111,6,250,2024
260000,77120,MAROLLES-EN-BRIE,77,Dépendance,0,0,1785,2024
260000,77120,MAROLLES-EN-BRIE,77,Maison,111,6,1785,2024
270000,77580,GUERARD,77,Maison,88,5,241,2024
298250,77640,JOUARRE,77,Maison,112,4,502,2024
192000,77700,SERRIS,77,Maison,31,2,35,2024
243260,77400,SAINT THIBAULT DES VIGNES,77,Maison,49,2,410,2024
425000,77400,DAMPMART,77,Dépendance,0,0,434,2024
425000,77400,DAMPMART,77,Maison,140,6,434,2024
425000,77400,DAMPMART,77,Dépendance,0,0,500,2024
425000,77400,DAMPMART,77,Maison,140,6,500,2024
60000,77970,BOISDON,77,Maison,200,1,445,2024
195000,77515,SAINT-AUGUSTIN,77,Maison,100,5,516,2024
64000,77120,AMILLIS,77,Dépendance,0,0,510,2024
64000,77120,AMILLIS,77,Maison,60,2,42,2024
278020,77520,DONNEMARIE-DONTILLY,77,Maison,168,7,950,2024
220000,77370,NANGIS,77,Dépendance,0,0,170,2024
220000,77370,NANGIS,77,Maison,95,3,170,2024
650274,77370,NANGIS,77,Dépendance,0,0,553,2024
650274,77370,NANGIS,77,Maison,119,5,553,2024
800000,77270,VILLEPARISIS,77,Local industriel. commercial ou assimilé,337,0,1500,2024
320000,77181,COURTRY,77,Maison,107,5,451,2024
180000,77320,DAGNY,77,Dépendance,0,0,82,2024
180000,77320,DAGNY,77,Maison,86,4,82,2024
120000,77480,FONTAINE-FOURCHES,77,Maison,70,3,1527,2024
120000,77480,FONTAINE-FOURCHES,77,Dépendance,0,0,1527,2024
403000,77600,BUSSY-SAINT-GEORGES,77,Maison,87,4,178,2024
304622,77540,COURPALAY,77,Maison,168,6,555,2024
304622,77540,COURPALAY,77,Maison,168,6,500,2024
304622,77540,COURPALAY,77,Dépendance,0,0,500,2024
304622,77540,COURPALAY,77,Dépendance,0,0,555,2024
115000,77370,FONTAINS,77,Maison,60,4,560,2024
138000,77480,SAINT-SAUVEUR-LES-BRAY,77,Maison,33,3,518,2024
358000,77420,CHAMPS-SUR-MARNE,77,Maison,65,3,480,2024
358000,77420,CHAMPS-SUR-MARNE,77,Dépendance,0,0,480,2024
366000,77400,LAGNY-SUR-MARNE,77,Maison,89,3,245,2024
296880,77400,LAGNY-SUR-MARNE,77,Maison,90,3,197,2024
125000,77515,CELLE-SUR-MORIN (LA),77,Dépendance,0,0,98,2024
313050,77410,FRESNES-SUR-MARNE,77,Maison,106,5,202,2024
480000,77090,COLLEGIEN,77,Dépendance,0,0,598,2024
480000,77090,COLLEGIEN,77,Maison,144,6,598,2024
490000,77164,FERRIERES-EN-BRIE,77,Maison,95,4,384,2024
393625,77100,MEAUX,77,Maison,122,8,148,2024
301700,77610,FONTENAY-TRESIGNY,77,Dépendance,0,0,255,2024
400000,77400,LAGNY-SUR-MARNE,77,Maison,98,4,465,2024
33000,77520,VIMPELLES,77,Local industriel. commercial ou assimilé,370,0,500,2024
33000,77520,VIMPELLES,77,Local industriel. commercial ou assimilé,370,0,1795,2024
408000,77230,DAMMARTIN-EN-GOELE,77,Maison,147,7,764,2024
408000,77230,DAMMARTIN-EN-GOELE,77,Dépendance,0,0,764,2024
408000,77230,DAMMARTIN-EN-GOELE,77,Dépendance,0,0,44,2024
348000,77410,PRECY-SUR-MARNE,77,Dépendance,0,0,144,2024
348000,77410,PRECY-SUR-MARNE,77,Maison,116,3,500,2024
348000,77410,PRECY-SUR-MARNE,77,Dépendance,0,0,500,2024
348000,77410,PRECY-SUR-MARNE,77,Maison,116,3,144,2024
1000000,77144,MONTEVRAIN,77,Maison,284,6,685,2024
531000,77120,MAUPERTHUIS,77,Dépendance,0,0,238,2024
531000,77120,MAUPERTHUIS,77,Maison,191,6,238,2024
378000,77610,FONTENAY-TRESIGNY,77,Maison,179,5,500,2024
242000,77610,FONTENAY-TRESIGNY,77,Maison,66,3,165,2024
242000,77610,FONTENAY-TRESIGNY,77,Dépendance,0,0,165,2024
320000,77165,IVERNY,77,Maison,129,4,450,2024
365000,77360,VAIRES SUR MARNE,77,Maison,108,5,324,2024
295000,77410,CLAYE-SOUILLY,77,Maison,83,4,453,2024
89108,77181,COURTRY,77,Maison,96,6,358,2024
310000,77500,CHELLES,77,Maison,88,3,480,2024
310000,77500,CHELLES,77,Dépendance,0,0,480,2024
474300,77700,COUPVRAY,77,Maison,134,6,185,2024
474300,77700,COUPVRAY,77,Maison,134,6,500,2024
62000,77440,LIZY-SUR-OURCQ,77,Maison,70,2,35,2024
225000,77320,JOUY-SUR-MORIN,77,Maison,170,5,344,2024
225000,77320,JOUY-SUR-MORIN,77,Dépendance,0,0,344,2024
175000,77169,CHAUFFRY,77,Maison,63,2,262,2024
224800,77120,BEAUTHEIL-SAINTS,77,Maison,75,3,500,2024
224800,77120,BEAUTHEIL-SAINTS,77,Maison,75,3,96,2024
40000,77122,MONTHYON,77,Dépendance,0,0,21,2024
310000,77580,COUTEVROULT,77,Maison,87,4,285,2024
350000,77178,OISSERY,77,Dépendance,0,0,140,2024
350000,77178,OISSERY,77,Maison,100,5,140,2024
350000,77178,OISSERY,77,Dépendance,0,0,500,2024
350000,77178,OISSERY,77,Maison,100,5,500,2024
649800,77450,JABLINES,77,Maison,267,4,469,2024
273000,77100,MEAUX,77,Maison,98,5,559,2024
285000,77450,MONTRY,77,Maison,84,5,704,2024
276800,77270,VILLEPARISIS,77,Maison,79,5,201,2024
187000,77600,BUSSY-SAINT-MARTIN,77,Appartement,56,3,2185,2024
187000,77600,BUSSY-SAINT-MARTIN,77,Local industriel. commercial ou assimilé,1115,0,2185,2024
450000,77600,BUSSY-SAINT-GEORGES,77,Maison,94,5,259,2024
338500,77181,COURTRY,77,Maison,109,5,183,2024
90000,77730,SAACY-SUR-MARNE,77,Dépendance,0,0,382,2024
90000,77730,SAACY-SUR-MARNE,77,Maison,75,4,382,2024
176600,77730,MERY-SUR-MARNE,77,Maison,45,3,439,2024
176600,77730,MERY-SUR-MARNE,77,Dépendance,0,0,442,2024
295000,77500,CHELLES,77,Maison,44,3,253,2024
295000,77500,CHELLES,77,Dépendance,0,0,253,2024
3687,77370,NANGIS,77,Local industriel. commercial ou assimilé,12,0,3525,2024
390000,77610,FONTENAY-TRESIGNY,77,Maison,130,5,500,2024
390000,77610,FONTENAY-TRESIGNY,77,Dépendance,0,0,500,2024
390000,77610,FONTENAY-TRESIGNY,77,Maison,130,5,924,2024
390000,77610,FONTENAY-TRESIGNY,77,Dépendance,0,0,924,2024
126000,77260,USSY-SUR-MARNE,77,Maison,84,3,105,2024
360000,77163,MORTCERF,77,Maison,233,6,11122,2024
360000,77163,MORTCERF,77,Maison,45,3,11122,2024
200000,77400,LAGNY-SUR-MARNE,77,Dépendance,0,0,385,2024
200000,77400,LAGNY-SUR-MARNE,77,Maison,43,2,385,2024
140000,77910,CHAMBRY,77,Maison,94,3,346,2024
255000,77580,BOULEURS,77,Maison,95,6,750,2024
255000,77580,BOULEURS,77,Maison,95,6,500,2024
305000,77290,MITRY MORY,77,Maison,111,5,450,2024
305000,77290,MITRY MORY,77,Maison,40,2,450,2024
215000,77118,BALLOY,77,Maison,160,6,667,2024
215000,77118,BALLOY,77,Dépendance,0,0,667,2024
215000,77118,BALLOY,77,Maison,30,1,1765,2024
215000,77118,BALLOY,77,Maison,30,1,667,2024
215000,77118,BALLOY,77,Dépendance,0,0,1765,2024
215000,77118,BALLOY,77,Maison,160,6,1765,2024
237000,77164,FERRIERES-EN-BRIE,77,Maison,60,3,38,2024
440000,77290,MITRY MORY,77,Dépendance,0,0,700,2024
440000,77290,MITRY MORY,77,Maison,108,5,700,2024
440000,77290,MITRY MORY,77,Maison,108,5,106,2024
440000,77290,MITRY MORY,77,Dépendance,0,0,106,2024
372300,77700,SERRIS,77,Maison,77,4,137,2024
353000,77410,CLAYE-SOUILLY,77,Maison,97,4,184,2024
300000,77400,LAGNY-SUR-MARNE,77,Maison,88,5,356,2024
45000,77510,REBAIS,77,Maison,95,3,2525,2024
85000,77750,BOITRON,77,Maison,68,3,94,2024
85000,77750,BOITRON,77,Maison,68,3,4556,2024
180000,77510,SAINT-DENIS-LES-REBAIS,77,Dépendance,0,0,840,2024
180000,77510,SAINT-DENIS-LES-REBAIS,77,Maison,198,6,840,2024
271000,77120,CHAILLY-EN-BRIE,77,Maison,120,4,128,2024
271000,77120,CHAILLY-EN-BRIE,77,Maison,120,4,500,2024
58000,77560,COURCHAMP,77,Maison,26,1,1549,2024
58000,77560,COURCHAMP,77,Dépendance,0,0,1549,2024
58000,77560,COURCHAMP,77,Dépendance,0,0,300,2024
58000,77560,COURCHAMP,77,Maison,26,1,300,2024
275000,77290,MITRY MORY,77,Dépendance,0,0,400,2024
275000,77290,MITRY MORY,77,Maison,37,2,400,2024
219000,77730,MERY-SUR-MARNE,77,Maison,75,4,500,2024
219000,77730,MERY-SUR-MARNE,77,Maison,75,4,18,2024
1,77600,BUSSY-SAINT-GEORGES,77,Local industriel. commercial ou assimilé,2239,0,11000,2024
239000,77260,CHAMIGNY,77,Dépendance,0,0,641,2024
239000,77260,CHAMIGNY,77,Maison,101,5,641,2024
337300,77910,GERMIGNY-L EVEQUE,77,Maison,126,6,500,2024
337300,77910,GERMIGNY-L EVEQUE,77,Maison,126,6,931,2024
166900,77100,MEAUX,77,Maison,66,3,158,2024
146000,77840,GERMIGNY-SOUS-COULOMBS,77,Maison,81,5,41,2024
146000,77840,GERMIGNY-SOUS-COULOMBS,77,Dépendance,0,0,61,2024
170000,77510,REBAIS,77,Maison,122,4,480,2024
287450,77515,POMMEUSE,77,Maison,116,6,856,2024
287450,77515,POMMEUSE,77,Maison,116,6,500,2024
354000,77700,BAILLY-ROMAINVILLIERS,77,Maison,104,4,500,2024
354000,77700,BAILLY-ROMAINVILLIERS,77,Maison,104,4,209,2024
545000,77600,BUSSY-SAINT-GEORGES,77,Maison,141,5,460,2024
500000,77600,BUSSY-SAINT-GEORGES,77,Maison,138,5,323,2024
456000,77124,VILLENOY,77,Maison,160,7,455,2024
456000,77124,VILLENOY,77,Dépendance,0,0,455,2024
249000,77165,SAINT-SOUPPLETS,77,Maison,77,5,337,2024
140000,77165,SAINT-SOUPPLETS,77,Dépendance,0,0,500,2024
140000,77165,SAINT-SOUPPLETS,77,Maison,86,4,500,2024
250000,77360,VAIRES SUR MARNE,77,Maison,60,3,447,2024
227500,77270,VILLEPARISIS,77,Maison,76,4,475,2024
60648,77480,BRAY-SUR-SEINE,77,Local industriel. commercial ou assimilé,2040,0,2040,2024
409000,77450,MONTRY,77,Maison,104,4,565,2024
240000,77440,LIZY-SUR-OURCQ,77,Maison,78,4,525,2024
315000,77280,OTHIS,77,Maison,90,4,594,2024
315000,77280,OTHIS,77,Dépendance,0,0,594,2024
265000,77500,CHELLES,77,Maison,78,3,423,2024
265000,77500,CHELLES,77,Dépendance,0,0,423,2024
400000,77360,VAIRES SUR MARNE,77,Maison,77,4,400,2024
265000,77178,SAINT-PATHUS,77,Maison,83,5,252,2024
290000,77520,MONTIGNY-LENCOUP,77,Maison,166,8,600,2024
290000,77520,MONTIGNY-LENCOUP,77,Maison,166,8,682,2024
287000,77280,OTHIS,77,Maison,102,5,760,2024
800000,77420,CHAMPS-SUR-MARNE,77,Maison,45,2,1519,2024
800000,77420,CHAMPS-SUR-MARNE,77,Dépendance,0,0,500,2024
800000,77420,CHAMPS-SUR-MARNE,77,Maison,45,2,500,2024
800000,77420,CHAMPS-SUR-MARNE,77,Dépendance,0,0,1519,2024
60000,77520,MONTIGNY-LENCOUP,77,Maison,31,1,902,2024
60000,77520,MONTIGNY-LENCOUP,77,Maison,31,1,25,2024
215000,77100,MAREUIL-LES-MEAUX,77,Maison,56,3,193,2024
215000,77100,MAREUIL-LES-MEAUX,77,Maison,56,3,500,2024
196000,77100,MEAUX,77,Maison,94,6,90,2024
196000,77100,MEAUX,77,Dépendance,0,0,13,2024
270000,77122,MONTHYON,77,Maison,110,5,160,2024
270000,77122,MONTHYON,77,Dépendance,0,0,160,2024
189000,77100,NANTEUIL-LES-MEAUX,77,Maison,104,5,110,2024
189000,77100,NANTEUIL-LES-MEAUX,77,Dépendance,0,0,110,2024
185000,77230,VILLENEUVE SOUS DAMMARTIN,77,Dépendance,0,0,64,2024
185000,77230,VILLENEUVE SOUS DAMMARTIN,77,Maison,90,4,64,2024
271000,77100,MEAUX,77,Maison,101,5,166,2024
163000,77515,POMMEUSE,77,Maison,52,2,355,2024
255000,77100,MEAUX,77,Maison,87,4,162,2024
455000,77100,MAREUIL-LES-MEAUX,77,Maison,118,5,500,2024
455000,77100,MAREUIL-LES-MEAUX,77,Maison,118,5,456,2024
496920,77144,MONTEVRAIN,77,Maison,111,6,263,2024
220000,77139,MARCILLY,77,Dépendance,0,0,700,2024
220000,77139,MARCILLY,77,Maison,84,5,700,2024
234000,77124,VILLENOY,77,Local industriel. commercial ou assimilé,163,0,500,2024
320800,77420,CHAMPS-SUR-MARNE,77,Maison,80,3,515,2024
285000,77270,VILLEPARISIS,77,Maison,109,6,416,2024
228000,77169,CHAUFFRY,77,Maison,92,5,568,2024
228000,77169,CHAUFFRY,77,Dépendance,0,0,568,2024
220000,77640,JOUARRE,77,Maison,90,4,340,2024
241000,77560,VILLIERS-SAINT-GEORGES,77,Appartement,83,4,456,2024
241000,77560,VILLIERS-SAINT-GEORGES,77,Appartement,91,4,456,2024
241000,77560,VILLIERS-SAINT-GEORGES,77,Local industriel. commercial ou assimilé,27,0,456,2024
241000,77560,VILLIERS-SAINT-GEORGES,77,Dépendance,0,0,456,2024
241000,77560,VILLIERS-SAINT-GEORGES,77,Appartement,48,3,456,2024
241000,77560,VILLIERS-SAINT-GEORGES,77,Appartement,41,2,456,2024
207000,77122,MONTHYON,77,Dépendance,0,0,43,2024
207000,77122,MONTHYON,77,Maison,75,5,43,2024
525000,77100,NANTEUIL-LES-MEAUX,77,Appartement,38,2,694,2024
525000,77100,NANTEUIL-LES-MEAUX,77,Appartement,34,1,694,2024
525000,77100,NANTEUIL-LES-MEAUX,77,Appartement,32,1,694,2024
525000,77100,NANTEUIL-LES-MEAUX,77,Appartement,27,0,694,2024
525000,77100,NANTEUIL-LES-MEAUX,77,Appartement,24,1,694,2024
525000,77100,NANTEUIL-LES-MEAUX,77,Appartement,22,1,694,2024
525000,77100,NANTEUIL-LES-MEAUX,77,Appartement,18,0,694,2024
525000,77100,NANTEUIL-LES-MEAUX,77,Appartement,23,1,694,2024
525000,77100,NANTEUIL-LES-MEAUX,77,Appartement,40,2,694,2024
525000,77100,NANTEUIL-LES-MEAUX,77,Appartement,25,0,694,2024
270000,77120,MOUROUX,77,Maison,80,5,495,2024
142000,77730,SAACY-SUR-MARNE,77,Maison,30,1,56,2024
130000,77610,FONTENAY-TRESIGNY,77,Dépendance,0,0,535,2024
255000,77440,ISLES-LES-MELDEUSES,77,Maison,142,8,92,2024
16500,77730,CITRY,77,Local industriel. commercial ou assimilé,197,0,285,2024
124000,77510,REBAIS,77,Maison,112,4,149,2024
210000,77120,AMILLIS,77,Maison,110,4,210,2024
210000,77120,AMILLIS,77,Maison,110,4,500,2024
206000,77230,DAMMARTIN-EN-GOELE,77,Dépendance,0,0,12,2024
340000,77230,LONGPERRIER,77,Dépendance,0,0,481,2024
340000,77230,LONGPERRIER,77,Maison,70,4,481,2024
273000,77230,VINANTES,77,Dépendance,0,0,496,2024
273000,77230,VINANTES,77,Maison,140,7,496,2024
346240,77260,CHAMIGNY,77,Maison,136,6,566,2024
346240,77260,CHAMIGNY,77,Maison,136,6,295,2024
1300000,77410,CLAYE-SOUILLY,77,Local industriel. commercial ou assimilé,50,0,1690,2024
1300000,77410,CLAYE-SOUILLY,77,Local industriel. commercial ou assimilé,60,0,1690,2024
1300000,77410,CLAYE-SOUILLY,77,Local industriel. commercial ou assimilé,100,0,1690,2024
1300000,77410,CLAYE-SOUILLY,77,Local industriel. commercial ou assimilé,80,0,1690,2024
1300000,77410,CLAYE-SOUILLY,77,Local industriel. commercial ou assimilé,25,0,1690,2024
1300000,77410,CLAYE-SOUILLY,77,Local industriel. commercial ou assimilé,27,0,1690,2024
1300000,77410,CLAYE-SOUILLY,77,Local industriel. commercial ou assimilé,17,0,1690,2024
1300000,77410,CLAYE-SOUILLY,77,Local industriel. commercial ou assimilé,70,0,1690,2024
1300000,77410,CLAYE-SOUILLY,77,Local industriel. commercial ou assimilé,33,0,1690,2024
1300000,77410,CLAYE-SOUILLY,77,Local industriel. commercial ou assimilé,1000,0,3108,2024
34410,77230,DAMMARTIN-EN-GOELE,77,Maison,73,4,476,2024
80000,77400,THORIGNY SUR MARNE,77,Maison,198,8,773,2024
121000,77139,ETREPILLY,77,Maison,75,5,55,2024
92000,77660,SAINT JEAN LES DEUX JUMEAUX,77,Maison,46,2,32,2024
432000,77500,CHELLES,77,Maison,158,6,569,2024
432000,77500,CHELLES,77,Maison,158,6,500,2024
220000,77160,PROVINS,77,Maison,124,5,663,2024
197670,77360,VAIRES SUR MARNE,77,Maison,110,6,435,2024
165000,77650,LONGUEVILLE,77,Maison,98,5,200,2024
165000,77650,LONGUEVILLE,77,Dépendance,0,0,200,2024
165000,77650,LONGUEVILLE,77,Maison,98,5,760,2024
165000,77650,LONGUEVILLE,77,Dépendance,0,0,760,2024
95000,77560,VILLIERS-SAINT-GEORGES,77,Maison,123,4,737,2024
417550,77500,CHELLES,77,Maison,73,4,537,2024
125000,77260,SAINTE-AULDE,77,Dépendance,0,0,667,2024
125000,77260,SAINTE-AULDE,77,Maison,70,4,667,2024
150000,77610,NEUFMOUTIERS-EN-BRIE,77,Appartement,77,3,190,2024
150000,77610,NEUFMOUTIERS-EN-BRIE,77,Appartement,101,3,190,2024
297000,77500,CHELLES,77,Dépendance,0,0,480,2024
297000,77500,CHELLES,77,Maison,65,3,480,2024
274000,77650,JUTIGNY,77,Maison,125,5,500,2024
274000,77650,JUTIGNY,77,Maison,125,5,204,2024
174840,77700,CHESSY,77,Maison,61,3,500,2024
174840,77700,CHESSY,77,Dépendance,0,0,225,2024
174840,77700,CHESSY,77,Maison,61,3,225,2024
174840,77700,CHESSY,77,Dépendance,0,0,500,2024
165000,77164,FERRIERES-EN-BRIE,77,Dépendance,0,0,129,2024
165000,77164,FERRIERES-EN-BRIE,77,Maison,76,4,129,2024
290000,77650,LONGUEVILLE,77,Maison,110,6,523,2024
290000,77650,LONGUEVILLE,77,Dépendance,0,0,523,2024
210000,77440,LIZY-SUR-OURCQ,77,Maison,85,4,200,2024
135000,77160,CHENOISE-CUCHARMOY,77,Maison,138,7,370,2024
135000,77160,CHENOISE-CUCHARMOY,77,Dépendance,0,0,370,2024
388000,77600,BUSSY-SAINT-GEORGES,77,Dépendance,0,0,17,2024
388000,77600,BUSSY-SAINT-GEORGES,77,Dépendance,0,0,11,2024
281010,77120,COULOMMIERS,77,Maison,115,5,286,2024
325000,77120,MOUROUX,77,Maison,92,5,540,2024
325000,77120,MOUROUX,77,Maison,92,5,301,2024
325000,77120,MOUROUX,77,Dépendance,0,0,301,2024
325000,77120,MOUROUX,77,Dépendance,0,0,540,2024
325000,77120,MOUROUX,77,Maison,92,5,1370,2024
325000,77120,MOUROUX,77,Dépendance,0,0,1370,2024
288000,77120,MAUPERTHUIS,77,Maison,100,5,398,2024
60000,77160,SAINT-HILLIERS,77,Local industriel. commercial ou assimilé,220,0,650,2024
1197,77160,CHENOISE-CUCHARMOY,77,Local industriel. commercial ou assimilé,205,0,68,2024
331500,77970,PECY,77,Dépendance,0,0,500,2024
331500,77970,PECY,77,Maison,125,5,799,2024
331500,77970,PECY,77,Dépendance,0,0,799,2024
331500,77970,PECY,77,Maison,125,5,500,2024
87000,77320,FERTE-GAUCHER (LA),77,Maison,61,4,52,2024
87000,77320,FERTE-GAUCHER (LA),77,Dépendance,0,0,52,2024
420000,77370,RAMPILLON,77,Local industriel. commercial ou assimilé,458,0,3900,2024
420000,77370,RAMPILLON,77,Local industriel. commercial ou assimilé,458,0,23208,2024
420000,77370,RAMPILLON,77,Local industriel. commercial ou assimilé,458,0,5082,2024
420000,77370,RAMPILLON,77,Maison,58,3,3000,2024
420000,77370,RAMPILLON,77,Maison,58,3,810,2024
420000,77370,RAMPILLON,77,Maison,70,4,810,2024
420000,77370,RAMPILLON,77,Local industriel. commercial ou assimilé,768,0,810,2024
420000,77370,RAMPILLON,77,Dépendance,0,0,810,2024
420000,77370,RAMPILLON,77,Dépendance,0,0,3000,2024
420000,77370,RAMPILLON,77,Local industriel. commercial ou assimilé,768,0,3000,2024
420000,77370,RAMPILLON,77,Maison,70,4,3000,2024
205000,77120,COULOMMIERS,77,Dépendance,0,0,178,2024
205000,77120,COULOMMIERS,77,Maison,65,4,178,2024
115000,77450,LESCHES,77,Maison,35,1,328,2024
458010,77450,ISLES-LES-VILLENOY,77,Dépendance,0,0,422,2024
458010,77450,ISLES-LES-VILLENOY,77,Maison,112,4,500,2024
458010,77450,ISLES-LES-VILLENOY,77,Dépendance,0,0,500,2024
458010,77450,ISLES-LES-VILLENOY,77,Maison,112,4,422,2024
250000,77186,NOISIEL,77,Maison,70,3,141,2024
287500,77124,PENCHARD,77,Maison,110,5,638,2024
191010,77120,COULOMMIERS,77,Maison,88,4,405,2024
485000,77700,SERRIS,77,Dépendance,0,0,520,2024
485000,77700,SERRIS,77,Maison,93,5,520,2024
395000,77169,CHAUFFRY,77,Maison,137,5,250,2024
395000,77169,CHAUFFRY,77,Maison,137,5,668,2024
395000,77169,CHAUFFRY,77,Dépendance,0,0,668,2024
395000,77169,CHAUFFRY,77,Dépendance,0,0,250,2024
99000,77120,AMILLIS,77,Dépendance,0,0,98,2024
99000,77120,AMILLIS,77,Maison,49,3,98,2024
99000,77120,AMILLIS,77,Dépendance,0,0,510,2024
215000,77480,FONTAINE-FOURCHES,77,Dépendance,0,0,1065,2024
215000,77480,FONTAINE-FOURCHES,77,Maison,180,7,1065,2024
111392,77174,VILLENEUVE-LE-COMTE,77,Maison,167,4,361,2024
350000,77860,QUINCY-VOISINS,77,Maison,99,5,500,2024
350000,77860,QUINCY-VOISINS,77,Maison,99,5,251,2024
367700,77600,GUERMANTES,77,Maison,95,5,392,2024
530000,77700,MAGNY-LE-HONGRE,77,Maison,131,6,514,2024
260000,77260,LA FERTE SOUS JOUARRE,77,Local industriel. commercial ou assimilé,35,0,122,2024
260000,77260,LA FERTE SOUS JOUARRE,77,Appartement,43,2,122,2024
260000,77260,LA FERTE SOUS JOUARRE,77,Appartement,25,1,122,2024
300000,77169,SAINT-SIMEON,77,Dépendance,0,0,677,2024
300000,77169,SAINT-SIMEON,77,Maison,172,6,677,2024
323000,77500,CHELLES,77,Maison,83,4,469,2024
300000,77230,DAMMARTIN-EN-GOELE,77,Maison,92,5,443,2024
296000,77230,SAINT-MARD,77,Maison,143,5,442,2024
296000,77230,SAINT-MARD,77,Dépendance,0,0,442,2024
385000,77144,CHALIFERT,77,Maison,88,4,378,2024
385000,77144,CHALIFERT,77,Dépendance,0,0,500,2024
385000,77144,CHALIFERT,77,Maison,88,4,500,2024
385000,77144,CHALIFERT,77,Dépendance,0,0,378,2024
265000,77700,CHESSY,77,Maison,56,3,192,2024
595000,77184,EMERAINVILLE,77,Maison,130,3,500,2024
595000,77184,EMERAINVILLE,77,Maison,130,3,173,2024
470000,77200,TORCY,77,Maison,105,4,323,2024
470000,77200,TORCY,77,Maison,105,4,500,2024
575000,77165,SAINT-SOUPPLETS,77,Local industriel. commercial ou assimilé,474,0,1000,2024
575000,77165,SAINT-SOUPPLETS,77,Local industriel. commercial ou assimilé,474,0,1093,2024
216300,77230,MOUSSY-LE-VIEUX,77,Dépendance,0,0,99,2024
216300,77230,MOUSSY-LE-VIEUX,77,Appartement,124,3,99,2024
310000,77181,COURTRY,77,Dépendance,0,0,533,2024
310000,77181,COURTRY,77,Maison,89,4,533,2024
179000,77650,SAVINS,77,Dépendance,0,0,324,2024
179000,77650,SAVINS,77,Maison,59,2,324,2024
259000,77184,EMERAINVILLE,77,Maison,80,4,224,2024
245000,77610,NEUFMOUTIERS-EN-BRIE,77,Dépendance,0,0,384,2024
245000,77610,NEUFMOUTIERS-EN-BRIE,77,Maison,65,5,384,2024
220000,77860,QUINCY-VOISINS,77,Maison,60,3,135,2024
185000,77840,CROUY-SUR-OURCQ,77,Maison,125,6,540,2024
185000,77840,CROUY-SUR-OURCQ,77,Dépendance,0,0,540,2024
270000,77270,VILLEPARISIS,77,Maison,40,2,573,2024
160000,77440,LIZY-SUR-OURCQ,77,Maison,85,4,115,2024
260000,77610,FONTENAY-TRESIGNY,77,Maison,70,4,547,2024
260000,77610,FONTENAY-TRESIGNY,77,Maison,70,4,69,2024
264000,77520,SOGNOLLES-EN-MONTOIS,77,Maison,241,5,605,2024
264000,77520,SOGNOLLES-EN-MONTOIS,77,Dépendance,0,0,605,2024
300000,77610,HOUSSAYE-EN-BRIE (LA),77,Maison,94,5,500,2024
300000,77610,HOUSSAYE-EN-BRIE (LA),77,Maison,94,5,1304,2024
133780,77480,GRISY-SUR-SEINE,77,Maison,70,3,600,2024
230000,77440,ISLES-LES-MELDEUSES,77,Dépendance,0,0,513,2024
230000,77440,ISLES-LES-MELDEUSES,77,Appartement,49,3,513,2024
230000,77440,ISLES-LES-MELDEUSES,77,Local industriel. commercial ou assimilé,81,0,513,2024
230000,77440,ISLES-LES-MELDEUSES,77,Appartement,28,1,513,2024
230000,77440,ISLES-LES-MELDEUSES,77,Appartement,41,3,513,2024
230000,77440,ISLES-LES-MELDEUSES,77,Appartement,32,1,513,2024
500000,77450,MONTRY,77,Maison,88,4,500,2024
500000,77450,MONTRY,77,Maison,88,4,484,2024
500000,77450,MONTRY,77,Dépendance,0,0,500,2024
500000,77450,MONTRY,77,Dépendance,0,0,484,2024
30000,77169,SAINT-GERMAIN-SOUS-DOUE,77,Dépendance,0,0,38,2024
415000,77370,VANVILLE,77,Appartement,75,3,1483,2024
415000,77370,VANVILLE,77,Dépendance,0,0,1483,2024
415000,77370,VANVILLE,77,Dépendance,0,0,1000,2024
415000,77370,VANVILLE,77,Appartement,75,3,1000,2024
415000,77370,VANVILLE,77,Appartement,16,1,382,2024
415000,77370,VANVILLE,77,Appartement,37,3,500,2024
415000,77370,VANVILLE,77,Appartement,32,2,500,2024
415000,77370,VANVILLE,77,Appartement,30,2,500,2024
415000,77370,VANVILLE,77,Appartement,16,1,500,2024
415000,77370,VANVILLE,77,Appartement,31,2,500,2024
415000,77370,VANVILLE,77,Appartement,49,3,500,2024
415000,77370,VANVILLE,77,Appartement,140,5,500,2024
415000,77370,VANVILLE,77,Dépendance,0,0,500,2024
415000,77370,VANVILLE,77,Appartement,37,3,382,2024
415000,77370,VANVILLE,77,Appartement,32,2,382,2024
415000,77370,VANVILLE,77,Appartement,30,2,382,2024
415000,77370,VANVILLE,77,Dépendance,0,0,382,2024
415000,77370,VANVILLE,77,Appartement,49,3,382,2024
415000,77370,VANVILLE,77,Appartement,140,5,382,2024
415000,77370,VANVILLE,77,Appartement,31,2,382,2024
365000,77860,QUINCY-VOISINS,77,Maison,109,6,672,2024
47000,77130,TOMBE (LA),77,Maison,53,3,781,2024
50000,77160,PROVINS,77,Maison,60,3,57,2024
430000,77100,MEAUX,77,Local industriel. commercial ou assimilé,215,0,1475,2024
430000,77100,MEAUX,77,Local industriel. commercial ou assimilé,297,0,1475,2024
439000,77450,ESBLY,77,Maison,116,5,223,2024
439000,77450,ESBLY,77,Maison,116,5,500,2024
439000,77450,ESBLY,77,Dépendance,0,0,223,2024
439000,77450,ESBLY,77,Dépendance,0,0,500,2024
312000,77420,CHAMPS-SUR-MARNE,77,Maison,89,4,225,2024
420800,77400,SAINT THIBAULT DES VIGNES,77,Maison,103,4,286,2024
54000,77320,SAINT-REMY-DE-LA-VANNE,77,Maison,71,3,268,2024
54000,77320,SAINT-REMY-DE-LA-VANNE,77,Dépendance,0,0,268,2024
255000,77440,COCHEREL,77,Maison,140,6,379,2024
255000,77440,COCHEREL,77,Dépendance,0,0,282,2024
255000,77440,COCHEREL,77,Dépendance,0,0,100,2024
284000,77860,SAINT-GERMAIN-SUR-MORIN,77,Maison,83,5,232,2024
284000,77100,MAREUIL-LES-MEAUX,77,Maison,93,5,338,2024
185000,77510,SAINT-LEGER,77,Maison,103,4,378,2024
350000,77410,CLAYE-SOUILLY,77,Maison,97,6,316,2024
350000,77410,CLAYE-SOUILLY,77,Maison,97,6,500,2024
191000,77730,SAACY-SUR-MARNE,77,Maison,70,4,252,2024
250000,77165,SAINT-SOUPPLETS,77,Maison,103,5,219,2024
210000,77440,LIZY-SUR-OURCQ,77,Maison,86,5,547,2024
323000,77400,LAGNY-SUR-MARNE,77,Dépendance,0,0,472,2024
323000,77400,LAGNY-SUR-MARNE,77,Maison,85,4,472,2024
280000,77320,BETON-BAZOCHES,77,Dépendance,0,0,130,2024
280000,77320,BETON-BAZOCHES,77,Maison,167,5,500,2024
280000,77320,BETON-BAZOCHES,77,Dépendance,0,0,500,2024
280000,77320,BETON-BAZOCHES,77,Maison,167,5,130,2024
340000,77540,COURPALAY,77,Maison,213,4,393,2024
340000,77540,COURPALAY,77,Dépendance,0,0,393,2024
269700,77120,MOUROUX,77,Maison,122,5,300,2024
205000,77470,SAINT-FIACRE,77,Maison,68,4,516,2024
300000,77450,ESBLY,77,Maison,85,4,293,2024
299900,77139,DOUY-LA-RAMEE,77,Maison,154,6,500,2024
299900,77139,DOUY-LA-RAMEE,77,Maison,154,6,288,2024
299900,77139,DOUY-LA-RAMEE,77,Dépendance,0,0,500,2024
299900,77139,DOUY-LA-RAMEE,77,Dépendance,0,0,288,2024
231749,77124,VILLENOY,77,Local industriel. commercial ou assimilé,0,0,2411,2024
255000,77410,CLAYE-SOUILLY,77,Maison,74,4,530,2024
300000,77270,VILLEPARISIS,77,Maison,98,3,382,2024
324000,77280,OTHIS,77,Dépendance,0,0,644,2024
324000,77280,OTHIS,77,Maison,152,8,644,2024
290000,77186,NOISIEL,77,Maison,90,4,243,2024
609400,77860,COUILLY-PONT-AUX-DAMES,77,Maison,201,6,500,2024
609400,77860,COUILLY-PONT-AUX-DAMES,77,Maison,201,6,353,2024
1,77700,CHESSY,77,Local industriel. commercial ou assimilé,0,0,33,2024
369000,77600,CHANTELOUP EN BRIE,77,Maison,83,4,228,2024
375000,77500,CHELLES,77,Maison,110,5,449,2024
88000,77160,PROVINS,77,Maison,56,3,42,2024
309000,77540,COURPALAY,77,Maison,112,5,1015,2024
340000,77290,MITRY MORY,77,Maison,155,6,635,2024
130000,77480,BABY,77,Maison,70,3,499,2024
130000,77480,BABY,77,Dépendance,0,0,499,2024
260000,77260,SAMMERON,77,Dépendance,0,0,700,2024
260000,77260,SAMMERON,77,Maison,100,4,700,2024
288000,77270,VILLEPARISIS,77,Maison,78,3,300,2024
249000,77160,CHALAUTRE-LA-PETITE,77,Maison,218,8,783,2024
249000,77160,CHALAUTRE-LA-PETITE,77,Maison,218,8,800,2024
215000,77320,SAINT-MARTIN-DES-CHAMPS,77,Maison,83,4,700,2024
120000,77860,QUINCY-VOISINS,77,Dépendance,0,0,260,2024
783380,77320,JOUY-SUR-MORIN,77,Maison,80,3,181873,2024
783380,77320,JOUY-SUR-MORIN,77,Local industriel. commercial ou assimilé,0,0,1595,2024
783380,77320,JOUY-SUR-MORIN,77,Local industriel. commercial ou assimilé,0,0,181873,2024
783380,77320,JOUY-SUR-MORIN,77,Maison,83,3,181873,2024
783380,77320,JOUY-SUR-MORIN,77,Maison,80,3,1595,2024
783380,77320,JOUY-SUR-MORIN,77,Maison,83,3,1595,2024
60000,77580,CRECY LA CHAPELLE,77,Maison,28,2,687,2024
23500,77171,MELZ-SUR-SEINE,77,Maison,38,2,645,2024
23500,77171,MELZ-SUR-SEINE,77,Maison,38,2,363,2024
575000,77970,BANNOST-VILLEGAGNON,77,Maison,160,3,915,2024
575000,77970,BANNOST-VILLEGAGNON,77,Maison,380,8,915,2024
290000,77290,MITRY MORY,77,Maison,68,2,403,2024
218000,77370,NANGIS,77,Maison,91,5,422,2024
130000,77370,CROIX-EN-BRIE (LA),77,Maison,55,4,73,2024
380000,77580,CRECY LA CHAPELLE,77,Maison,190,7,156,2024
380000,77580,CRECY LA CHAPELLE,77,Dépendance,0,0,2376,2024
380000,77580,CRECY LA CHAPELLE,77,Maison,190,7,2376,2024
380000,77580,CRECY LA CHAPELLE,77,Dépendance,0,0,156,2024
315000,77450,ESBLY,77,Dépendance,0,0,500,2024
315000,77450,ESBLY,77,Dépendance,0,0,243,2024
315000,77450,ESBLY,77,Maison,104,5,500,2024
315000,77450,ESBLY,77,Maison,104,5,243,2024
139500,77320,BETON-BAZOCHES,77,Maison,68,4,689,2024
15500,77510,SAINT-DENIS-LES-REBAIS,77,Dépendance,0,0,590,2024
15500,77510,SAINT-DENIS-LES-REBAIS,77,Maison,30,2,590,2024
15500,77510,SAINT-DENIS-LES-REBAIS,77,Dépendance,0,0,250,2024
15500,77510,SAINT-DENIS-LES-REBAIS,77,Maison,30,2,250,2024
19000,77860,COUILLY-PONT-AUX-DAMES,77,Dépendance,0,0,37,2024
160000,77410,CLAYE-SOUILLY,77,Maison,79,4,172,2024
370000,77500,CHELLES,77,Maison,106,5,517,2024
279450,77860,SAINT-GERMAIN-SUR-MORIN,77,Maison,84,4,507,2024
880000,77270,VILLEPARISIS,77,Appartement,23,2,483,2024
880000,77270,VILLEPARISIS,77,Dépendance,0,0,483,2024
880000,77270,VILLEPARISIS,77,Appartement,24,2,483,2024
880000,77270,VILLEPARISIS,77,Appartement,21,2,483,2024
880000,77270,VILLEPARISIS,77,Appartement,27,2,483,2024
880000,77270,VILLEPARISIS,77,Appartement,28,2,483,2024
42000,77171,CHALAUTRE-LA-GRANDE,77,Dépendance,0,0,21,2024
42000,77171,CHALAUTRE-LA-GRANDE,77,Dépendance,0,0,506,2024
217000,77260,LA FERTE SOUS JOUARRE,77,Dépendance,0,0,134,2024
217000,77260,LA FERTE SOUS JOUARRE,77,Maison,61,3,134,2024
32500,77410,VILLEVAUDE,77,Dépendance,0,0,55,2024
465000,77700,CHESSY,77,Maison,118,6,538,2024
465000,77700,CHESSY,77,Maison,118,6,500,2024
245000,77230,JUILLY,77,Maison,73,4,635,2024
194000,77169,BOISSY-LE-CHATEL,77,Maison,86,4,674,2024
194000,77169,BOISSY-LE-CHATEL,77,Maison,86,4,780,2024
194000,77169,BOISSY-LE-CHATEL,77,Maison,86,4,680,2024
194000,77169,BOISSY-LE-CHATEL,77,Maison,86,4,1776,2024
150000,77515,CELLE-SUR-MORIN (LA),77,Dépendance,0,0,341,2024
335000,77120,COULOMMIERS,77,Maison,175,6,544,2024
380000,77160,PROVINS,77,Local industriel. commercial ou assimilé,467,0,280,2024
145000,77510,SABLONNIERES,77,Maison,78,3,176,2024
315000,77840,CROUY-SUR-OURCQ,77,Maison,265,12,541,2024
170000,77560,LOUAN-VILLEGRUIS-FONTAINE,77,Dépendance,0,0,579,2024
170000,77560,LOUAN-VILLEGRUIS-FONTAINE,77,Dépendance,0,0,479,2024
170000,77560,LOUAN-VILLEGRUIS-FONTAINE,77,Maison,85,3,579,2024
170000,77560,LOUAN-VILLEGRUIS-FONTAINE,77,Maison,85,3,479,2024
113000,77114,GOUAIX,77,Dépendance,0,0,891,2024
113000,77114,GOUAIX,77,Maison,63,2,330,2024
113000,77114,GOUAIX,77,Maison,63,2,891,2024
113000,77114,GOUAIX,77,Dépendance,0,0,330,2024
300000,77270,VILLEPARISIS,77,Maison,70,2,460,2024
140000,77230,SAINT-MARD,77,Dépendance,0,0,544,2024
140000,77230,SAINT-MARD,77,Maison,59,4,544,2024
180000,77163,MORTCERF,77,Maison,88,3,419,2024
180000,77163,MORTCERF,77,Dépendance,0,0,419,2024
2,77260,LA FERTE SOUS JOUARRE,77,Local industriel. commercial ou assimilé,0,0,16,2024
165000,77118,GRAVON,77,Maison,66,2,500,2024
165000,77118,GRAVON,77,Maison,66,2,1180,2024
165000,77118,GRAVON,77,Dépendance,0,0,1180,2024
165000,77118,GRAVON,77,Dépendance,0,0,500,2024
121000,77480,VILLENAUXE-LA-PETITE,77,Maison,142,5,504,2024
185000,77480,SAINT-SAUVEUR-LES-BRAY,77,Dépendance,0,0,477,2024
185000,77480,SAINT-SAUVEUR-LES-BRAY,77,Maison,51,3,477,2024
78000,77515,POMMEUSE,77,Maison,80,3,2580,2024
78000,77515,POMMEUSE,77,Maison,80,3,7094,2024
78000,77515,POMMEUSE,77,Maison,80,3,460,2024
310000,77515,POMMEUSE,77,Maison,115,5,587,2024
871600,77660,SAINT JEAN LES DEUX JUMEAUX,77,Dépendance,0,0,3714,2024
871600,77660,SAINT JEAN LES DEUX JUMEAUX,77,Dépendance,0,0,500,2024
871600,77660,SAINT JEAN LES DEUX JUMEAUX,77,Maison,250,4,500,2024
871600,77660,SAINT JEAN LES DEUX JUMEAUX,77,Maison,250,4,3714,2024
240000,77840,CROUY-SUR-OURCQ,77,Maison,93,4,354,2024
240000,77840,CROUY-SUR-OURCQ,77,Maison,93,4,500,2024
240000,77840,CROUY-SUR-OURCQ,77,Dépendance,0,0,354,2024
240000,77840,CROUY-SUR-OURCQ,77,Dépendance,0,0,500,2024
168000,77650,CHALMAISON,77,Maison,107,3,407,2024
295000,77420,CHAMPS-SUR-MARNE,77,Maison,89,4,178,2024
170000,77171,SOURDUN,77,Maison,88,5,938,2024
170000,77171,SOURDUN,77,Dépendance,0,0,938,2024
300000,77610,FONTENAY-TRESIGNY,77,Local industriel. commercial ou assimilé,320,0,448,2024
83026,77450,TRILBARDOU,77,Maison,71,4,324,2024
300000,77610,FONTENAY-TRESIGNY,77,Local industriel. commercial ou assimilé,320,0,499,2024
310000,77520,DONNEMARIE-DONTILLY,77,Maison,130,5,1116,2024
310000,77520,DONNEMARIE-DONTILLY,77,Dépendance,0,0,1116,2024
189000,77139,MARCILLY,77,Maison,74,4,70,2024
189000,77139,MARCILLY,77,Dépendance,0,0,70,2024
260000,77186,NOISIEL,77,Dépendance,0,0,446,2024
260000,77186,NOISIEL,77,Maison,81,5,446,2024
270000,77174,VILLENEUVE-LE-COMTE,77,Maison,116,5,603,2024
270000,77174,VILLENEUVE-LE-COMTE,77,Maison,116,5,250,2024
240000,77600,BUSSY-SAINT-GEORGES,77,Maison,70,3,31,2024
470000,77500,CHELLES,77,Dépendance,0,0,764,2024
470000,77500,CHELLES,77,Maison,39,1,764,2024
470000,77500,CHELLES,77,Local industriel. commercial ou assimilé,40,0,764,2024
470000,77500,CHELLES,77,Maison,108,6,764,2024
325000,77290,COMPANS,77,Dépendance,0,0,86,2024
325000,77290,COMPANS,77,Maison,75,4,700,2024
325000,77290,COMPANS,77,Maison,32,2,700,2024
325000,77290,COMPANS,77,Dépendance,0,0,700,2024
325000,77290,COMPANS,77,Maison,75,4,86,2024
325000,77290,COMPANS,77,Maison,32,2,86,2024
150000,77114,VILLIERS-SUR-SEINE,77,Dépendance,0,0,795,2024
150000,77114,VILLIERS-SUR-SEINE,77,Maison,150,3,795,2024
285000,77410,PRECY-SUR-MARNE,77,Dépendance,0,0,264,2024
285000,77410,PRECY-SUR-MARNE,77,Maison,100,3,264,2024
400000,77580,VAUCOURTOIS,77,Maison,167,8,500,2024
400000,77580,VAUCOURTOIS,77,Maison,167,8,1020,2024
185000,77440,LE PLESSIS-PLACY,77,Maison,200,6,532,2024
333065,77100,MEAUX,77,Maison,101,4,203,2024
333065,77100,MEAUX,77,Maison,101,4,500,2024
333065,77100,MEAUX,77,Dépendance,0,0,500,2024
333065,77100,MEAUX,77,Dépendance,0,0,203,2024
92000,77750,SAINT-CYR-SUR-MORIN,77,Maison,35,2,25,2024
312000,77100,MEAUX,77,Maison,109,6,500,2024
450000,77580,COUTEVROULT,77,Maison,147,5,500,2024
450000,77580,COUTEVROULT,77,Maison,147,5,1967,2024
109000,77510,BELLOT,77,Maison,92,4,633,2024
145000,77480,MOUY-SUR-SEINE,77,Maison,110,3,589,2024
360000,77500,CHELLES,77,Maison,107,4,500,2024
179000,77169,SAINT-SIMEON,77,Maison,136,4,576,2024
205000,77520,DONNEMARIE-DONTILLY,77,Dépendance,0,0,141,2024
205000,77520,DONNEMARIE-DONTILLY,77,Maison,96,3,141,2024
333000,77230,ROUVRES,77,Dépendance,0,0,459,2024
333000,77230,ROUVRES,77,Maison,105,5,459,2024
297000,77230,ROUVRES,77,Maison,79,4,261,2024
130000,77410,ANNET-SUR-MARNE,77,Maison,72,3,36,2024
130000,77410,ANNET-SUR-MARNE,77,Dépendance,0,0,225,2024
115000,77500,CHELLES,77,Maison,28,2,254,2024
380000,77270,VILLEPARISIS,77,Maison,76,4,600,2024
380000,77270,VILLEPARISIS,77,Dépendance,0,0,600,2024
285000,77700,COUPVRAY,77,Maison,65,4,347,2024
275700,77860,QUINCY-VOISINS,77,Maison,85,4,318,2024
222950,77510,SABLONNIERES,77,Dépendance,0,0,385,2024
222950,77510,SABLONNIERES,77,Maison,112,5,385,2024
215000,77171,CHALAUTRE-LA-GRANDE,77,Appartement,34,3,133,2024
215000,77171,CHALAUTRE-LA-GRANDE,77,Appartement,121,4,133,2024
215000,77171,CHALAUTRE-LA-GRANDE,77,Dépendance,0,0,133,2024
215000,77171,CHALAUTRE-LA-GRANDE,77,Appartement,30,1,133,2024
210000,77171,LECHELLE,77,Maison,93,4,507,2024
355000,77230,LONGPERRIER,77,Maison,130,6,399,2024
328000,77270,VILLEPARISIS,77,Maison,145,5,406,2024
330000,77230,DAMMARTIN-EN-GOELE,77,Maison,116,5,328,2024
395000,77700,MAGNY-LE-HONGRE,77,Maison,79,4,254,2024
292000,77290,MITRY MORY,77,Maison,80,5,450,2024
88000,77100,NANTEUIL-LES-MEAUX,77,Maison,46,4,26,2024
88000,77100,NANTEUIL-LES-MEAUX,77,Dépendance,0,0,16,2024
88000,77100,NANTEUIL-LES-MEAUX,77,Dépendance,0,0,17,2024
171200,77500,CHELLES,77,Maison,56,4,352,2024
378000,77260,USSY-SUR-MARNE,77,Dépendance,0,0,41,2024
378000,77260,USSY-SUR-MARNE,77,Maison,140,8,41,2024
319500,77100,NANTEUIL-LES-MEAUX,77,Maison,90,4,531,2024
319500,77100,NANTEUIL-LES-MEAUX,77,Dépendance,0,0,531,2024
373000,77270,VILLEPARISIS,77,Dépendance,0,0,409,2024
373000,77270,VILLEPARISIS,77,Maison,86,4,409,2024
1500000,77420,CHAMPS-SUR-MARNE,77,Local industriel. commercial ou assimilé,175,0,1671,2024
1500000,77420,CHAMPS-SUR-MARNE,77,Local industriel. commercial ou assimilé,90,0,1671,2024
1500000,77420,CHAMPS-SUR-MARNE,77,Local industriel. commercial ou assimilé,294,0,1671,2024
1500000,77420,CHAMPS-SUR-MARNE,77,Local industriel. commercial ou assimilé,131,0,1671,2024
249770,77230,SAINT-MARD,77,Dépendance,0,0,161,2024
249770,77230,SAINT-MARD,77,Maison,55,3,161,2024
240000,77440,LIZY-SUR-OURCQ,77,Maison,97,4,560,2024
292000,77186,NOISIEL,77,Maison,66,3,259,2024
302900,77580,MAISONCELLES-EN-BRIE,77,Maison,98,5,422,2024
55000,77520,DONNEMARIE-DONTILLY,77,Local industriel. commercial ou assimilé,560,0,1303,2024
55000,77520,DONNEMARIE-DONTILLY,77,Local industriel. commercial ou assimilé,90,0,309,2024
1075000,77120,BEAUTHEIL-SAINTS,77,Maison,43,2,232,2024
1075000,77120,BEAUTHEIL-SAINTS,77,Maison,146,5,232,2024
1075000,77120,BEAUTHEIL-SAINTS,77,Dépendance,0,0,232,2024
1075000,77120,BEAUTHEIL-SAINTS,77,Local industriel. commercial ou assimilé,80,0,232,2024
1075000,77120,BEAUTHEIL-SAINTS,77,Local industriel. commercial ou assimilé,80,0,250,2024
1075000,77120,BEAUTHEIL-SAINTS,77,Dépendance,0,0,120,2024
320000,77100,MEAUX,77,Maison,111,5,687,2024
64000,77610,FONTENAY-TRESIGNY,77,Maison,114,5,375,2024
143500,77230,DAMMARTIN-EN-GOELE,77,Maison,133,7,520,2024
160000,77230,LONGPERRIER,77,Maison,51,3,111,2024
160000,77230,LONGPERRIER,77,Dépendance,0,0,111,2024
417000,77164,FERRIERES-EN-BRIE,77,Maison,94,4,296,2024
190000,77410,ANNET-SUR-MARNE,77,Appartement,40,3,40,2024
190000,77410,ANNET-SUR-MARNE,77,Appartement,23,1,40,2024
15000,77400,THORIGNY SUR MARNE,77,Dépendance,0,0,64,2024
283000,77470,FUBLAINES,77,Maison,73,4,366,2024
283000,77470,FUBLAINES,77,Dépendance,0,0,366,2024
1050000,77260,LA FERTE SOUS JOUARRE,77,Dépendance,0,0,188,2024
1050000,77260,LA FERTE SOUS JOUARRE,77,Appartement,68,2,500,2024
1050000,77260,LA FERTE SOUS JOUARRE,77,Appartement,30,1,500,2024
1050000,77260,LA FERTE SOUS JOUARRE,77,Dépendance,0,0,500,2024
1050000,77260,LA FERTE SOUS JOUARRE,77,Appartement,67,3,500,2024
1050000,77260,LA FERTE SOUS JOUARRE,77,Appartement,55,2,500,2024
1050000,77260,LA FERTE SOUS JOUARRE,77,Local industriel. commercial ou assimilé,114,0,500,2024
1050000,77260,LA FERTE SOUS JOUARRE,77,Appartement,31,2,500,2024
1050000,77260,LA FERTE SOUS JOUARRE,77,Appartement,87,4,500,2024
1050000,77260,LA FERTE SOUS JOUARRE,77,Appartement,39,2,500,2024
1050000,77260,LA FERTE SOUS JOUARRE,77,Appartement,41,2,500,2024
1050000,77260,LA FERTE SOUS JOUARRE,77,Appartement,32,2,500,2024
1050000,77260,LA FERTE SOUS JOUARRE,77,Appartement,37,2,500,2024
1050000,77260,LA FERTE SOUS JOUARRE,77,Appartement,35,2,500,2024
1050000,77260,LA FERTE SOUS JOUARRE,77,Appartement,40,2,500,2024
1050000,77260,LA FERTE SOUS JOUARRE,77,Appartement,44,2,500,2024
1050000,77260,LA FERTE SOUS JOUARRE,77,Appartement,34,2,500,2024
1050000,77260,LA FERTE SOUS JOUARRE,77,Appartement,68,2,188,2024
1050000,77260,LA FERTE SOUS JOUARRE,77,Appartement,30,1,188,2024
1050000,77260,LA FERTE SOUS JOUARRE,77,Appartement,67,3,188,2024
1050000,77260,LA FERTE SOUS JOUARRE,77,Appartement,55,2,188,2024
1050000,77260,LA FERTE SOUS JOUARRE,77,Local industriel. commercial ou assimilé,114,0,188,2024
1050000,77260,LA FERTE SOUS JOUARRE,77,Appartement,31,2,188,2024
1050000,77260,LA FERTE SOUS JOUARRE,77,Appartement,87,4,188,2024
1050000,77260,LA FERTE SOUS JOUARRE,77,Appartement,39,2,188,2024
1050000,77260,LA FERTE SOUS JOUARRE,77,Appartement,41,2,188,2024
1050000,77260,LA FERTE SOUS JOUARRE,77,Appartement,32,2,188,2024
1050000,77260,LA FERTE SOUS JOUARRE,77,Appartement,37,2,188,2024
1050000,77260,LA FERTE SOUS JOUARRE,77,Appartement,35,2,188,2024
1050000,77260,LA FERTE SOUS JOUARRE,77,Appartement,40,2,188,2024
1050000,77260,LA FERTE SOUS JOUARRE,77,Appartement,44,2,188,2024
1050000,77260,LA FERTE SOUS JOUARRE,77,Appartement,34,2,188,2024
585000,77450,MONTRY,77,Maison,258,7,500,2024
585000,77450,MONTRY,77,Maison,258,7,1014,2024
150000,77730,SAACY-SUR-MARNE,77,Maison,192,8,232,2024
150000,77730,SAACY-SUR-MARNE,77,Maison,192,8,8918,2024
150000,77730,SAACY-SUR-MARNE,77,Dépendance,0,0,2101,2024
150000,77730,SAACY-SUR-MARNE,77,Dépendance,0,0,6456,2024
150000,77730,SAACY-SUR-MARNE,77,Dépendance,0,0,814,2024
150000,77730,SAACY-SUR-MARNE,77,Dépendance,0,0,7,2024
150000,77730,SAACY-SUR-MARNE,77,Dépendance,0,0,500,2024
150000,77730,SAACY-SUR-MARNE,77,Dépendance,0,0,2478,2024
370540,77360,VAIRES SUR MARNE,77,Maison,66,4,559,2024
150000,77480,MOUSSEAUX-LES-BRAY,77,Maison,76,3,618,2024
150000,77480,MOUSSEAUX-LES-BRAY,77,Maison,76,3,99,2024
275000,77450,MONTRY,77,Maison,84,5,444,2024
435000,77100,MEAUX,77,Maison,117,6,477,2024
435000,77100,MEAUX,77,Dépendance,0,0,477,2024
415000,77270,VILLEPARISIS,77,Maison,68,4,371,2024
241900,77370,CHAPELLE-RABLAIS (LA),77,Maison,104,4,449,2024
241900,77370,CHAPELLE-RABLAIS (LA),77,Maison,104,4,500,2024
340000,77480,SAINT-SAUVEUR-LES-BRAY,77,Maison,130,3,303,2024
340000,77480,SAINT-SAUVEUR-LES-BRAY,77,Dépendance,0,0,1710,2024
340000,77480,SAINT-SAUVEUR-LES-BRAY,77,Maison,130,3,1710,2024
340000,77480,SAINT-SAUVEUR-LES-BRAY,77,Dépendance,0,0,303,2024
5500,77510,SABLONNIERES,77,Dépendance,0,0,4400,2024
1,77400,THORIGNY SUR MARNE,77,Local industriel. commercial ou assimilé,0,0,30,2024
15000,77400,DAMPMART,77,Dépendance,0,0,57,2024
185000,77370,NANGIS,77,Maison,78,4,206,2024
125000,77650,LONGUEVILLE,77,Maison,110,5,500,2024
125000,77650,LONGUEVILLE,77,Dépendance,0,0,433,2024
125000,77650,LONGUEVILLE,77,Maison,110,5,433,2024
125000,77650,LONGUEVILLE,77,Dépendance,0,0,500,2024
325000,77184,EMERAINVILLE,77,Maison,90,4,162,2024
365000,77500,CHELLES,77,Dépendance,0,0,390,2024
365000,77500,CHELLES,77,Maison,67,3,390,2024
74000,77120,AMILLIS,77,Maison,56,2,430,2024
74000,77120,AMILLIS,77,Dépendance,0,0,430,2024
74000,77120,AMILLIS,77,Dépendance,0,0,297,2024
340000,77500,CHELLES,77,Maison,91,5,430,2024
335000,77183,CROISSY-BEAUBOURG,77,Dépendance,0,0,307,2024
335000,77183,CROISSY-BEAUBOURG,77,Maison,96,5,307,2024
234000,77139,PUISIEUX,77,Maison,70,3,391,2024
160000,77171,SOURDUN,77,Maison,89,4,569,2024
123000,77510,REBAIS,77,Maison,71,3,125,2024
158000,77510,HONDEVILLIERS,77,Dépendance,0,0,6102,2024
158000,77510,HONDEVILLIERS,77,Dépendance,0,0,250,2024
158000,77510,HONDEVILLIERS,77,Maison,212,7,250,2024
158000,77510,HONDEVILLIERS,77,Dépendance,0,0,2250,2024
158000,77510,HONDEVILLIERS,77,Maison,212,7,2250,2024
158000,77510,HONDEVILLIERS,77,Maison,212,7,6102,2024
415000,77420,CHAMPS-SUR-MARNE,77,Maison,112,5,468,2024
278000,77640,SIGNY-SIGNETS,77,Dépendance,0,0,561,2024
278000,77640,SIGNY-SIGNETS,77,Maison,128,7,561,2024
278000,77640,SIGNY-SIGNETS,77,Dépendance,0,0,500,2024
278000,77640,SIGNY-SIGNETS,77,Maison,128,7,500,2024
157000,77181,LE PIN,77,Appartement,32,2,40,2024
157000,77181,LE PIN,77,Appartement,28,2,40,2024
197940,77840,CROUY-SUR-OURCQ,77,Maison,75,4,592,2024
191500,77169,BOISSY-LE-CHATEL,77,Maison,133,5,258,2024
191500,77169,BOISSY-LE-CHATEL,77,Dépendance,0,0,258,2024
320000,77260,SAMMERON,77,Maison,64,4,425,2024
320000,77260,SAMMERON,77,Dépendance,0,0,425,2024
314300,77270,VILLEPARISIS,77,Maison,84,3,253,2024
260000,77100,MEAUX,77,Maison,99,4,1,2024
50000,77100,MEAUX,77,Dépendance,0,0,52,2024
50000,77100,MEAUX,77,Dépendance,0,0,44,2024
340000,77610,MARLES-EN-BRIE,77,Maison,117,5,500,2024
340000,77610,MARLES-EN-BRIE,77,Dépendance,0,0,500,2024
340000,77610,MARLES-EN-BRIE,77,Maison,117,5,291,2024
340000,77610,MARLES-EN-BRIE,77,Dépendance,0,0,291,2024
340250,77160,SAINT-BRICE,77,Maison,146,5,537,2024
230000,77124,CHAUCONIN-NEUFMONTIERS,77,Maison,112,4,172,2024
416020,77860,SAINT-GERMAIN-SUR-MORIN,77,Dépendance,0,0,594,2024
416020,77860,SAINT-GERMAIN-SUR-MORIN,77,Maison,159,9,594,2024
428000,77600,GUERMANTES,77,Maison,148,6,590,2024
180000,77160,ROUILLY,77,Maison,78,3,3699,2024
180000,77160,ROUILLY,77,Dépendance,0,0,627,2024
180000,77160,ROUILLY,77,Maison,78,3,627,2024
180000,77160,ROUILLY,77,Dépendance,0,0,3699,2024
358500,77400,SAINT THIBAULT DES VIGNES,77,Maison,80,5,500,2024
358500,77400,SAINT THIBAULT DES VIGNES,77,Dépendance,0,0,500,2024
358500,77400,SAINT THIBAULT DES VIGNES,77,Dépendance,0,0,522,2024
358500,77400,SAINT THIBAULT DES VIGNES,77,Maison,80,5,522,2024
520000,77400,GOUVERNES,77,Maison,83,5,307,2024
520000,77400,GOUVERNES,77,Dépendance,0,0,307,2024
520000,77400,GOUVERNES,77,Maison,83,5,500,2024
520000,77400,GOUVERNES,77,Dépendance,0,0,500,2024
240000,77320,JOUY-SUR-MORIN,77,Dépendance,0,0,733,2024
240000,77320,JOUY-SUR-MORIN,77,Maison,133,3,733,2024
318000,77290,MITRY MORY,77,Dépendance,0,0,315,2024
318000,77290,MITRY MORY,77,Maison,100,4,315,2024
285000,77440,LIZY-SUR-OURCQ,77,Maison,120,7,353,2024
285000,77440,LIZY-SUR-OURCQ,77,Dépendance,0,0,353,2024
72000,77580,CRECY LA CHAPELLE,77,Dépendance,0,0,45,2024
196000,77515,CELLE-SUR-MORIN (LA),77,Maison,110,4,373,2024
196000,77515,CELLE-SUR-MORIN (LA),77,Dépendance,0,0,373,2024
545400,77600,BUSSY-SAINT-GEORGES,77,Maison,157,5,446,2024
112000,77860,COUILLY-PONT-AUX-DAMES,77,Maison,60,3,213,2024
112000,77860,COUILLY-PONT-AUX-DAMES,77,Local industriel. commercial ou assimilé,60,0,213,2024
333000,77270,VILLEPARISIS,77,Dépendance,0,0,432,2024
333000,77270,VILLEPARISIS,77,Maison,78,5,432,2024
307000,77580,CRECY LA CHAPELLE,77,Maison,97,5,480,2024
210000,77520,LUISETAINES,77,Dépendance,0,0,563,2024
210000,77520,LUISETAINES,77,Maison,150,5,563,2024
520000,77144,MONTEVRAIN,77,Maison,144,5,567,2024
172500,77157,EVERLY,77,Maison,97,3,97,2024
172500,77157,EVERLY,77,Dépendance,0,0,390,2024
172500,77157,EVERLY,77,Dépendance,0,0,23,2024
699000,77600,CONCHES SUR GONDOIRE,77,Maison,194,8,500,2024
699000,77600,CONCHES SUR GONDOIRE,77,Maison,194,8,2671,2024
195000,77480,MOUSSEAUX-LES-BRAY,77,Dépendance,0,0,597,2024
195000,77480,MOUSSEAUX-LES-BRAY,77,Maison,134,4,597,2024
240000,77910,VARREDDES,77,Maison,90,4,507,2024
240000,77910,VARREDDES,77,Dépendance,0,0,507,2024
347890,77184,EMERAINVILLE,77,Dépendance,0,0,306,2024
347890,77184,EMERAINVILLE,77,Maison,77,4,306,2024
100000,77840,CROUY-SUR-OURCQ,77,Maison,120,5,191,2024
403610,77290,MITRY MORY,77,Maison,120,5,408,2024
403610,77290,MITRY MORY,77,Dépendance,0,0,408,2024
258500,77440,MARY-SUR-MARNE,77,Dépendance,0,0,540,2024
258500,77440,MARY-SUR-MARNE,77,Maison,75,5,540,2024
160000,77160,ROUILLY,77,Maison,34,1,578,2024
160000,77160,ROUILLY,77,Dépendance,0,0,578,2024
380000,77120,COULOMMIERS,77,Maison,142,6,475,2024
380000,77120,COULOMMIERS,77,Dépendance,0,0,105,2024
450300,77400,THORIGNY SUR MARNE,77,Maison,174,5,748,2024
160000,77660,CHANGIS-SUR-MARNE,77,Maison,45,3,500,2024
125200,77515,FAREMOUTIERS,77,Maison,57,3,78,2024
30000,77230,MONTGE-EN-GOELE,77,Dépendance,0,0,80,2024
290000,77270,VILLEPARISIS,77,Dépendance,0,0,385,2024
290000,77270,VILLEPARISIS,77,Maison,111,5,385,2024
960150,77400,POMPONNE,77,Maison,189,5,458,2024
960150,77400,POMPONNE,77,Maison,189,5,470,2024
318000,77230,LONGPERRIER,77,Maison,91,4,521,2024
596000,77600,BUSSY-SAINT-GEORGES,77,Maison,176,5,210,2024
596000,77600,BUSSY-SAINT-GEORGES,77,Maison,176,5,500,2024
815000,77410,CLAYE-SOUILLY,77,Appartement,45,2,500,2024
815000,77410,CLAYE-SOUILLY,77,Appartement,45,2,367,2024
815000,77410,CLAYE-SOUILLY,77,Appartement,61,2,367,2024
815000,77410,CLAYE-SOUILLY,77,Appartement,48,3,500,2024
815000,77410,CLAYE-SOUILLY,77,Appartement,48,3,367,2024
815000,77410,CLAYE-SOUILLY,77,Local industriel. commercial ou assimilé,57,0,367,2024
815000,77410,CLAYE-SOUILLY,77,Appartement,61,2,500,2024
815000,77410,CLAYE-SOUILLY,77,Local industriel. commercial ou assimilé,57,0,500,2024
815000,77410,CLAYE-SOUILLY,77,Maison,69,3,107,2024
815000,77410,CLAYE-SOUILLY,77,Maison,72,3,209,2024
156348,77230,MOUSSY-LE-NEUF,77,Maison,121,6,561,2024
50000,77515,POMMEUSE,77,Dépendance,0,0,45,2024
175000,77650,SOISY-BOUY,77,Maison,120,5,250,2024
175000,77650,SOISY-BOUY,77,Maison,120,5,500,2024
191000,77120,COULOMMIERS,77,Maison,76,3,185,2024
260000,77290,MITRY MORY,77,Maison,66,4,450,2024
260000,77290,MITRY MORY,77,Dépendance,0,0,450,2024
345000,77290,MITRY MORY,77,Maison,135,5,402,2024
345000,77290,MITRY MORY,77,Dépendance,0,0,402,2024
292000,77145,MAY-EN-MULTIEN,77,Maison,112,4,476,2024
50000,77370,MAISON-ROUGE,77,Maison,121,8,500,2024
50000,77370,MAISON-ROUGE,77,Maison,121,8,410,2024
315000,77290,MITRY MORY,77,Maison,107,5,205,2024
278000,77540,COURPALAY,77,Dépendance,0,0,509,2024
278000,77540,COURPALAY,77,Maison,90,4,509,2024
170000,77540,COURPALAY,77,Maison,110,2,95,2024
235000,77178,SAINT-PATHUS,77,Appartement,53,3,500,2024
235000,77178,SAINT-PATHUS,77,Appartement,50,3,500,2024
235000,77178,SAINT-PATHUS,77,Dépendance,0,0,500,2024
235000,77178,SAINT-PATHUS,77,Appartement,63,4,500,2024
235000,77178,SAINT-PATHUS,77,Appartement,63,4,548,2024
235000,77178,SAINT-PATHUS,77,Appartement,50,3,548,2024
235000,77178,SAINT-PATHUS,77,Dépendance,0,0,548,2024
235000,77178,SAINT-PATHUS,77,Appartement,53,3,548,2024
227100,77320,CHEVRU,77,Maison,139,5,1377,2024
243700,77169,BOISSY-LE-CHATEL,77,Maison,90,4,556,2024
243700,77169,BOISSY-LE-CHATEL,77,Maison,90,4,500,2024
148000,77120,COULOMMIERS,77,Maison,80,3,47,2024
173000,77640,JOUARRE,77,Maison,70,3,46,2024
82000,77120,MOUROUX,77,Maison,44,2,17,2024
225000,77580,GUERARD,77,Maison,54,3,296,2024
188990,77169,SAINT-SIMEON,77,Maison,101,2,499,2024
250000,77540,VOINSLES,77,Maison,120,4,143,2024
250000,77540,VOINSLES,77,Dépendance,0,0,143,2024
132500,77320,BETON-BAZOCHES,77,Dépendance,0,0,731,2024
132500,77320,BETON-BAZOCHES,77,Maison,132,7,731,2024
90000,77160,PROVINS,77,Maison,72,3,36,2024
130000,77120,MOUROUX,77,Maison,127,6,156,2024
383750,77700,CHESSY,77,Maison,80,4,264,2024
340000,77500,CHELLES,77,Maison,81,5,334,2024
212000,77400,DAMPMART,77,Maison,53,2,110,2024
283800,77290,MITRY MORY,77,Maison,65,4,404,2024
346000,77410,CLAYE-SOUILLY,77,Dépendance,0,0,164,2024
346000,77410,CLAYE-SOUILLY,77,Maison,100,6,164,2024
430000,77410,CLAYE-SOUILLY,77,Maison,105,6,427,2024
289500,77163,DAMMARTIN-SUR-TIGEAUX,77,Maison,93,4,340,2024
170000,77165,IVERNY,77,Dépendance,0,0,795,2024
170000,77165,IVERNY,77,Maison,115,5,795,2024
479370,77500,CHELLES,77,Maison,111,5,344,2024
300000,77410,MESSY,77,Maison,89,4,128,2024
445000,77500,CHELLES,77,Maison,85,4,560,2024
310000,77410,MESSY,77,Dépendance,0,0,500,2024
310000,77410,MESSY,77,Maison,129,5,500,2024
310000,77410,MESSY,77,Dépendance,0,0,743,2024
310000,77410,MESSY,77,Maison,129,5,743,2024
23000,77650,SAINT-LOUP-DE-NAUD,77,Maison,86,4,2301,2024
23000,77650,SAINT-LOUP-DE-NAUD,77,Maison,86,4,500,2024
123000,77160,POIGNY,77,Maison,74,3,408,2024
350000,77400,DAMPMART,77,Dépendance,0,0,620,2024
350000,77400,DAMPMART,77,Maison,138,4,620,2024
315400,77360,VAIRES SUR MARNE,77,Maison,58,4,625,2024
315400,77360,VAIRES SUR MARNE,77,Dépendance,0,0,625,2024
246000,77120,COULOMMIERS,77,Maison,60,4,382,2024
330800,77120,MOUROUX,77,Maison,100,6,548,2024
330800,77120,MOUROUX,77,Maison,100,6,176,2024
21000,77320,CHOISY-EN-BRIE,77,Maison,46,3,250,2024
21000,77320,CHOISY-EN-BRIE,77,Maison,46,3,765,2024
310000,77160,PROVINS,77,Maison,185,4,215,2024
350000,77500,CHELLES,77,Maison,82,5,504,2024
195000,77320,FRETOY,77,Dépendance,0,0,992,2024
195000,77320,FRETOY,77,Maison,136,6,4008,2024
195000,77320,FRETOY,77,Dépendance,0,0,4008,2024
195000,77320,FRETOY,77,Maison,136,6,992,2024
260000,77160,CHENOISE-CUCHARMOY,77,Dépendance,0,0,691,2024
260000,77160,CHENOISE-CUCHARMOY,77,Maison,102,6,691,2024
258000,77580,GUERARD,77,Maison,105,4,422,2024
258000,77580,GUERARD,77,Maison,105,4,481,2024
361300,77360,VAIRES SUR MARNE,77,Maison,88,4,552,2024
290000,77500,CHELLES,77,Maison,74,3,285,2024
375000,77120,MOUROUX,77,Dépendance,0,0,500,2024
375000,77120,MOUROUX,77,Dépendance,0,0,3267,2024
375000,77120,MOUROUX,77,Maison,97,3,3267,2024
375000,77120,MOUROUX,77,Maison,97,3,500,2024
375000,77290,MITRY MORY,77,Maison,136,5,307,2024
268000,77515,POMMEUSE,77,Maison,89,4,714,2024
268000,77515,POMMEUSE,77,Maison,89,4,500,2024
3500000,77124,VILLENOY,77,Local industriel. commercial ou assimilé,4521,0,21500,2024
3500000,77124,VILLENOY,77,Local industriel. commercial ou assimilé,4521,0,500,2024
3500000,77124,VILLENOY,77,Maison,90,3,500,2024
3500000,77124,VILLENOY,77,Maison,90,3,21500,2024
547000,77400,LAGNY-SUR-MARNE,77,Maison,180,6,1342,2024
220000,77540,ROZAY-EN-BRIE,77,Dépendance,0,0,155,2024
220000,77540,ROZAY-EN-BRIE,77,Maison,120,4,155,2024
704500,77100,MEAUX,77,Maison,220,8,453,2024
704500,77100,MEAUX,77,Dépendance,0,0,453,2024
704500,77100,MEAUX,77,Maison,16,1,453,2024
704500,77100,MEAUX,77,Dépendance,0,0,500,2024
704500,77100,MEAUX,77,Maison,16,1,500,2024
704500,77100,MEAUX,77,Maison,220,8,500,2024
140000,77134,ORMES-SUR-VOULZIE (LES),77,Maison,88,4,1111,2024
155530,77114,NOYEN-SUR-SEINE,77,Maison,116,4,434,2024
250000,77500,CHELLES,77,Maison,68,5,314,2024
250000,77500,CHELLES,77,Dépendance,0,0,314,2024
553350,77410,CLAYE-SOUILLY,77,Maison,168,7,427,2024
553350,77410,CLAYE-SOUILLY,77,Maison,168,7,500,2024
159000,77114,HERME,77,Dépendance,0,0,559,2024
159000,77114,HERME,77,Maison,96,4,559,2024
650000,77560,CHAMPCENEST,77,Dépendance,0,0,630,2024
650000,77560,CHAMPCENEST,77,Maison,339,7,630,2024
205000,77160,CHENOISE-CUCHARMOY,77,Dépendance,0,0,252,2024
205000,77160,CHENOISE-CUCHARMOY,77,Maison,84,5,660,2024
205000,77160,CHENOISE-CUCHARMOY,77,Dépendance,0,0,660,2024
205000,77160,CHENOISE-CUCHARMOY,77,Maison,84,5,252,2024
254000,77124,CREGY-LES-MEAUX,77,Maison,76,4,204,2024
254000,77124,CREGY-LES-MEAUX,77,Dépendance,0,0,204,2024
296000,77410,CLAYE-SOUILLY,77,Maison,81,4,442,2024
310200,77124,CHAUCONIN-NEUFMONTIERS,77,Maison,100,4,448,2024
508836,77290,MITRY MORY,77,Local industriel. commercial ou assimilé,1750,0,1779,2024
250000,77360,VAIRES SUR MARNE,77,Maison,80,4,501,2024
478000,77100,MEAUX,77,Maison,168,7,124,2024
478000,77100,MEAUX,77,Maison,168,7,500,2024
200000,77540,LUMIGNY NESLES ORMEAUX,77,Maison,118,4,238,2024
527825,77450,CONDE-SAINTE-LIBIAIRE,77,Maison,132,3,3073,2024
175000,77260,CHAMIGNY,77,Dépendance,0,0,522,2024
175000,77260,CHAMIGNY,77,Maison,112,5,522,2024
252000,77580,COULOMMES,77,Maison,100,6,500,2024
252000,77580,COULOMMES,77,Maison,100,6,2415,2024
286700,77860,SAINT-GERMAIN-SUR-MORIN,77,Maison,75,4,472,2024
238000,77320,CHEVRU,77,Dépendance,0,0,585,2024
238000,77320,CHEVRU,77,Dépendance,0,0,400,2024
238000,77320,CHEVRU,77,Maison,116,5,400,2024
238000,77320,CHEVRU,77,Maison,116,5,585,2024
315000,77860,QUINCY-VOISINS,77,Maison,83,5,281,2024
180000,77165,SAINT-SOUPPLETS,77,Local industriel. commercial ou assimilé,270,0,500,2024
180000,77165,SAINT-SOUPPLETS,77,Local industriel. commercial ou assimilé,270,0,501,2024
285000,77400,GOUVERNES,77,Maison,85,4,252,2024
286000,77280,OTHIS,77,Dépendance,0,0,246,2024
286000,77280,OTHIS,77,Appartement,62,3,246,2024
153000,77370,CROIX-EN-BRIE (LA),77,Dépendance,0,0,26,2024
153000,77370,CROIX-EN-BRIE (LA),77,Maison,82,4,26,2024
153000,77370,CROIX-EN-BRIE (LA),77,Maison,82,4,1090,2024
153000,77370,CROIX-EN-BRIE (LA),77,Dépendance,0,0,1090,2024
290000,77230,DAMMARTIN-EN-GOELE,77,Maison,89,4,500,2024
290000,77230,DAMMARTIN-EN-GOELE,77,Maison,89,4,1577,2024
180000,77840,COULOMBS-EN-VALOIS,77,Maison,168,5,115,2024
187000,77650,CHALMAISON,77,Maison,87,4,80,2024
187000,77650,CHALMAISON,77,Maison,87,4,604,2024
550000,77200,TORCY,77,Dépendance,0,0,500,2024
550000,77200,TORCY,77,Dépendance,0,0,916,2024
550000,77200,TORCY,77,Maison,266,10,500,2024
550000,77200,TORCY,77,Maison,75,3,500,2024
550000,77200,TORCY,77,Maison,266,10,916,2024
550000,77200,TORCY,77,Maison,75,3,916,2024
177000,77520,DONNEMARIE-DONTILLY,77,Dépendance,0,0,1448,2024
177000,77520,DONNEMARIE-DONTILLY,77,Maison,66,3,1448,2024
177000,77520,DONNEMARIE-DONTILLY,77,Dépendance,0,0,145,2024
177000,77520,DONNEMARIE-DONTILLY,77,Maison,66,3,145,2024
177000,77520,DONNEMARIE-DONTILLY,77,Maison,66,3,435,2024
177000,77520,DONNEMARIE-DONTILLY,77,Dépendance,0,0,435,2024
119000,77520,THENISY,77,Maison,52,3,519,2024
119000,77520,THENISY,77,Maison,52,3,411,2024
265000,77500,CHELLES,77,Maison,64,3,220,2024
353000,77270,VILLEPARISIS,77,Maison,103,5,500,2024
255000,77100,NANTEUIL-LES-MEAUX,77,Maison,101,5,248,2024
155000,77440,LIZY-SUR-OURCQ,77,Maison,68,4,428,2024
290000,77100,NANTEUIL-LES-MEAUX,77,Maison,140,6,441,2024
280000,77400,LAGNY-SUR-MARNE,77,Maison,62,3,509,2024
280000,77400,LAGNY-SUR-MARNE,77,Maison,22,1,509,2024
260000,77910,VARREDDES,77,Maison,134,6,250,2024
157628,77370,NANGIS,77,Maison,130,5,688,2024
157628,77370,NANGIS,77,Dépendance,0,0,688,2024
180000,77410,VILLEROY,77,Maison,44,2,49,2024
120000,77480,BRAY-SUR-SEINE,77,Maison,90,4,168,2024
520000,77120,MOUROUX,77,Local industriel. commercial ou assimilé,460,0,1052,2024
287000,77169,BOISSY-LE-CHATEL,77,Dépendance,0,0,743,2024
287000,77169,BOISSY-LE-CHATEL,77,Maison,114,5,743,2024
467000,77360,VAIRES SUR MARNE,77,Maison,96,5,618,2024
163000,77515,CELLE-SUR-MORIN (LA),77,Dépendance,0,0,145,2024
163000,77515,CELLE-SUR-MORIN (LA),77,Maison,89,3,145,2024
35000,77510,REBAIS,77,Dépendance,0,0,132,2024
135000,77500,CHELLES,77,Maison,30,2,336,2024
135000,77500,CHELLES,77,Dépendance,0,0,336,2024
420000,77500,CHELLES,77,Maison,90,3,291,2024
420000,77500,CHELLES,77,Dépendance,0,0,291,2024
490000,77700,MAGNY-LE-HONGRE,77,Maison,97,5,333,2024
439333,77410,ANNET-SUR-MARNE,77,Maison,93,4,359,2024
280000,77470,TRILPORT,77,Maison,104,5,768,2024
290000,77120,COULOMMIERS,77,Maison,106,5,532,2024
380000,77510,SAINT-LEGER,77,Maison,236,4,3476,2024
380000,77510,SAINT-LEGER,77,Dépendance,0,0,3476,2024
280000,77131,TOUQUIN,77,Maison,96,6,575,2024
170000,77320,JOUY-SUR-MORIN,77,Maison,115,6,355,2024
2861316,77100,MEAUX,77,Local industriel. commercial ou assimilé,5929,0,12885,2024
1500000,77700,MAGNY-LE-HONGRE,77,Dépendance,0,0,500,2024
1500000,77700,MAGNY-LE-HONGRE,77,Maison,153,5,500,2024
1500000,77700,MAGNY-LE-HONGRE,77,Dépendance,0,0,1116,2024
1500000,77700,MAGNY-LE-HONGRE,77,Maison,153,5,1116,2024
249000,77260,SAINTE-AULDE,77,Maison,92,4,500,2024
249000,77260,SAINTE-AULDE,77,Maison,92,4,194,2024
249000,77260,SAINTE-AULDE,77,Dépendance,0,0,194,2024
249000,77260,SAINTE-AULDE,77,Dépendance,0,0,500,2024
100000,77730,MERY-SUR-MARNE,77,Dépendance,0,0,106,2024
100000,77730,MERY-SUR-MARNE,77,Maison,29,2,106,2024
100000,77730,MERY-SUR-MARNE,77,Maison,59,3,60,2024
300000,77540,LUMIGNY NESLES ORMEAUX,77,Maison,127,5,433,2024
760000,77100,MEAUX,77,Maison,220,6,500,2024
760000,77100,MEAUX,77,Dépendance,0,0,500,2024
760000,77100,MEAUX,77,Dépendance,0,0,249,2024
760000,77100,MEAUX,77,Maison,220,6,249,2024
247000,77370,NANGIS,77,Maison,94,5,350,2024
1,77200,TORCY,77,Local industriel. commercial ou assimilé,0,0,6792,2024
1,77200,TORCY,77,Maison,105,5,6792,2024
1,77200,TORCY,77,Local industriel. commercial ou assimilé,93011,0,6792,2024
1,77200,TORCY,77,Dépendance,0,0,6792,2024
286900,77280,OTHIS,77,Maison,89,4,433,2024
286900,77280,OTHIS,77,Dépendance,0,0,433,2024
176000,77440,LIZY-SUR-OURCQ,77,Dépendance,0,0,182,2024
176000,77440,LIZY-SUR-OURCQ,77,Appartement,42,2,182,2024
176000,77440,LIZY-SUR-OURCQ,77,Appartement,44,2,182,2024
420000,77400,THORIGNY SUR MARNE,77,Maison,112,6,204,2024
295000,77500,CHELLES,77,Dépendance,0,0,417,2024
295000,77500,CHELLES,77,Maison,84,5,417,2024
219000,77410,CLAYE-SOUILLY,77,Dépendance,0,0,987,2024
230000,77100,NANTEUIL-LES-MEAUX,77,Maison,106,4,89,2024
201500,77470,TRILPORT,77,Local industriel. commercial ou assimilé,210,0,500,2024
201500,77470,TRILPORT,77,Local industriel. commercial ou assimilé,210,0,971,2024
185500,77560,VOULTON,77,Maison,173,6,400,2024
445580,77270,VILLEPARISIS,77,Maison,178,8,395,2024
189000,77120,COULOMMIERS,77,Maison,140,6,805,2024
189000,77120,COULOMMIERS,77,Dépendance,0,0,805,2024
668720,77700,BAILLY-ROMAINVILLIERS,77,Dépendance,0,0,681,2024
668720,77700,BAILLY-ROMAINVILLIERS,77,Maison,194,6,681,2024
297000,77165,SAINT-SOUPPLETS,77,Maison,91,5,450,2024
232000,77470,TRILPORT,77,Maison,83,5,151,2024
198000,77510,BELLOT,77,Maison,99,4,555,2024
249000,77580,MAISONCELLES-EN-BRIE,77,Maison,88,4,894,2024
249000,77580,MAISONCELLES-EN-BRIE,77,Dépendance,0,0,894,2024
249000,77580,MAISONCELLES-EN-BRIE,77,Maison,88,4,250,2024
249000,77580,MAISONCELLES-EN-BRIE,77,Dépendance,0,0,250,2024
485000,77410,ANNET-SUR-MARNE,77,Maison,162,8,929,2024
60000,77450,ISLES-LES-VILLENOY,77,Dépendance,0,0,60,2024
313000,77860,QUINCY-VOISINS,77,Appartement,36,2,213,2024
313000,77860,QUINCY-VOISINS,77,Appartement,46,2,213,2024
313000,77860,QUINCY-VOISINS,77,Appartement,47,2,213,2024
313000,77860,QUINCY-VOISINS,77,Appartement,45,2,213,2024
140000,77650,SAINTE-COLOMBE,77,Dépendance,0,0,383,2024
140000,77650,SAINTE-COLOMBE,77,Maison,82,4,383,2024
230000,77290,MITRY MORY,77,Maison,59,3,433,2024
230000,77290,MITRY MORY,77,Dépendance,0,0,433,2024
446000,77410,CHARMENTRAY,77,Maison,138,5,500,2024
446000,77410,CHARMENTRAY,77,Maison,138,5,154,2024
272000,77610,NEUFMOUTIERS-EN-BRIE,77,Maison,87,4,70,2024
272000,77610,NEUFMOUTIERS-EN-BRIE,77,Dépendance,0,0,70,2024
190000,77160,CHENOISE-CUCHARMOY,77,Dépendance,0,0,400,2024
190000,77160,CHENOISE-CUCHARMOY,77,Maison,55,3,400,2024
200000,77560,AUGERS-EN-BRIE,77,Dépendance,0,0,507,2024
200000,77560,AUGERS-EN-BRIE,77,Maison,100,4,507,2024
470360,77400,SAINT THIBAULT DES VIGNES,77,Maison,136,7,403,2024
176000,77100,NANTEUIL-LES-MEAUX,77,Maison,67,3,53,2024
332500,77650,SAINT-LOUP-DE-NAUD,77,Maison,122,4,600,2024
332500,77650,SAINT-LOUP-DE-NAUD,77,Maison,122,4,1622,2024
254000,77120,COULOMMIERS,77,Dépendance,0,0,495,2024
254000,77120,COULOMMIERS,77,Dépendance,0,0,179,2024
254000,77120,COULOMMIERS,77,Maison,93,4,495,2024
254000,77120,COULOMMIERS,77,Maison,93,4,179,2024
180000,77126,CHATENAY-SUR-SEINE,77,Maison,75,4,436,2024
180000,77126,CHATENAY-SUR-SEINE,77,Dépendance,0,0,436,2024
160000,77520,DONNEMARIE-DONTILLY,77,Maison,74,3,797,2024
160000,77520,DONNEMARIE-DONTILLY,77,Maison,95,5,797,2024
310000,77400,SAINT THIBAULT DES VIGNES,77,Maison,87,4,315,2024
310000,77400,SAINT THIBAULT DES VIGNES,77,Maison,87,4,500,2024
320000,77163,TIGEAUX,77,Maison,98,5,227,2024
320000,77400,LAGNY-SUR-MARNE,77,Dépendance,0,0,426,2024
320000,77400,LAGNY-SUR-MARNE,77,Maison,38,2,426,2024
298300,77270,VILLEPARISIS,77,Maison,84,4,294,2024
225000,77500,CHELLES,77,Maison,40,3,224,2024
325000,77270,VILLEPARISIS,77,Maison,127,7,400,2024
300000,77500,CHELLES,77,Maison,88,5,319,2024
199000,77580,GUERARD,77,Dépendance,0,0,432,2024
199000,77580,GUERARD,77,Maison,65,4,432,2024
409000,77186,NOISIEL,77,Maison,101,5,413,2024
610000,77700,BAILLY-ROMAINVILLIERS,77,Maison,115,5,602,2024
200000,77450,CONDE-SAINTE-LIBIAIRE,77,Maison,73,4,346,2024
260000,77400,GOUVERNES,77,Maison,126,5,730,2024
370000,77410,VILLEVAUDE,77,Dépendance,0,0,572,2024
370000,77410,VILLEVAUDE,77,Maison,147,4,572,2024
265000,77515,FAREMOUTIERS,77,Maison,105,5,339,2024
668000,77600,BUSSY-SAINT-GEORGES,77,Maison,182,5,500,2024
668000,77600,BUSSY-SAINT-GEORGES,77,Maison,182,5,29,2024
132500,77290,MITRY MORY,77,Maison,54,3,354,2024
160000,77100,NANTEUIL-LES-MEAUX,77,Dépendance,0,0,230,2024
160000,77100,NANTEUIL-LES-MEAUX,77,Maison,67,4,55,2024
244000,77139,MARCILLY,77,Maison,101,5,500,2024
244000,77139,MARCILLY,77,Dépendance,0,0,500,2024
240873,77230,SAINT-MARD,77,Maison,45,3,257,2024
299000,77290,MITRY MORY,77,Maison,63,4,336,2024
299000,77290,MITRY MORY,77,Dépendance,0,0,336,2024
224500,77400,LAGNY-SUR-MARNE,77,Dépendance,0,0,348,2024
224500,77400,LAGNY-SUR-MARNE,77,Maison,65,4,348,2024
65000,77480,MOUSSEAUX-LES-BRAY,77,Maison,38,2,55,2024
143000,77114,GOUAIX,77,Maison,98,6,486,2024
2100000,77230,MOUSSY-LE-NEUF,77,Local industriel. commercial ou assimilé,1680,0,2322,2024
297500,77400,LAGNY-SUR-MARNE,77,Maison,83,5,621,2024
520000,77600,BUSSY-SAINT-GEORGES,77,Maison,125,5,302,2024
194490,77730,SAACY-SUR-MARNE,77,Dépendance,0,0,252,2024
194490,77730,SAACY-SUR-MARNE,77,Maison,136,4,50,2024
66000,77730,SAACY-SUR-MARNE,77,Dépendance,0,0,218,2024
167000,77163,DAMMARTIN-SUR-TIGEAUX,77,Maison,24,1,66,2024
272800,77124,VILLENOY,77,Maison,89,5,206,2024
140000,77440,JAIGNES,77,Dépendance,0,0,30,2024
140000,77440,JAIGNES,77,Maison,35,2,190,2024
425000,77400,DAMPMART,77,Local industriel. commercial ou assimilé,200,0,792,2024
425000,77400,DAMPMART,77,Maison,90,3,792,2024
331390,77450,MONTRY,77,Maison,82,5,527,2024
203000,77440,LIZY-SUR-OURCQ,77,Dépendance,0,0,619,2024
203000,77440,LIZY-SUR-OURCQ,77,Maison,96,5,619,2024
169000,77480,SAINT-SAUVEUR-LES-BRAY,77,Maison,84,4,463,2024
169000,77480,SAINT-SAUVEUR-LES-BRAY,77,Dépendance,0,0,941,2024
169000,77480,SAINT-SAUVEUR-LES-BRAY,77,Dépendance,0,0,463,2024
169000,77480,SAINT-SAUVEUR-LES-BRAY,77,Maison,84,4,941,2024
90000,77470,BOUTIGNY,77,Maison,69,4,71,2024
400000,77290,COMPANS,77,Local industriel. commercial ou assimilé,307,0,629,2024
400000,77290,COMPANS,77,Local industriel. commercial ou assimilé,307,0,500,2024
165394,77580,CRECY LA CHAPELLE,77,Maison,100,5,43,2024
165394,77580,CRECY LA CHAPELLE,77,Maison,100,5,500,2024
300000,77400,LAGNY-SUR-MARNE,77,Maison,105,5,146,2024
300000,77400,LAGNY-SUR-MARNE,77,Dépendance,0,0,146,2024
157500,77100,NANTEUIL-LES-MEAUX,77,Maison,99,5,405,2024
25000,77520,DONNEMARIE-DONTILLY,77,Dépendance,0,0,117,2024
257250,77124,VILLENOY,77,Maison,116,6,496,2024
263000,77370,CHAPELLE-RABLAIS (LA),77,Maison,104,2,500,2024
263000,77370,CHAPELLE-RABLAIS (LA),77,Maison,104,2,648,2024
190000,77510,VERDELOT,77,Maison,74,4,324,2024
190000,77510,VERDELOT,77,Maison,74,4,2262,2024
180000,77230,SAINT-MARD,77,Maison,61,3,77,2024
180000,77230,SAINT-MARD,77,Local industriel. commercial ou assimilé,90,0,77,2024
180000,77230,SAINT-MARD,77,Local industriel. commercial ou assimilé,42,0,111,2024
245000,77230,MOUSSY-LE-NEUF,77,Maison,90,4,256,2024
203000,77230,DAMMARTIN-EN-GOELE,77,Maison,60,3,72,2024
203000,77230,DAMMARTIN-EN-GOELE,77,Local industriel. commercial ou assimilé,45,0,72,2024
430000,77500,CHELLES,77,Maison,148,7,546,2024
160000,77320,CHOISY-EN-BRIE,77,Maison,83,3,697,2024
160000,77320,CHOISY-EN-BRIE,77,Maison,83,3,500,2024
149000,77910,CHAMBRY,77,Maison,50,2,204,2024
205000,77515,FAREMOUTIERS,77,Maison,68,3,292,2024
439000,77090,COLLEGIEN,77,Maison,76,5,393,2024
2900000,77400,LAGNY-SUR-MARNE,77,Local industriel. commercial ou assimilé,2300,0,3127,2024
2900000,77400,LAGNY-SUR-MARNE,77,Maison,40,3,1588,2024
2900000,77400,LAGNY-SUR-MARNE,77,Maison,40,3,1000,2024
320000,77181,COURTRY,77,Maison,93,4,500,2024
290000,77100,MEAUX,77,Maison,126,5,175,2024
398000,77500,CHELLES,77,Dépendance,0,0,500,2024
398000,77500,CHELLES,77,Maison,81,6,500,2024
145000,77400,LAGNY-SUR-MARNE,77,Local industriel. commercial ou assimilé,15,0,215,2024
2,77990,LE MESNIL-AMELOT,77,Local industriel. commercial ou assimilé,3441,0,2636,2024
288000,77290,MITRY MORY,77,Maison,66,4,517,2024
320000,77290,MITRY MORY,77,Maison,90,4,464,2024
86000,77480,GRISY-SUR-SEINE,77,Maison,110,5,153,2024
86000,77480,GRISY-SUR-SEINE,77,Maison,110,5,452,2024
316000,77410,FRESNES-SUR-MARNE,77,Maison,85,4,294,2024
109000,77480,JAULNES,77,Dépendance,0,0,853,2024
109000,77480,JAULNES,77,Maison,59,3,853,2024
167000,77480,FONTAINE-FOURCHES,77,Maison,120,4,431,2024
310000,77230,DAMMARTIN-EN-GOELE,77,Maison,89,4,500,2024
310000,77230,DAMMARTIN-EN-GOELE,77,Maison,89,4,544,2024
160000,77400,LAGNY-SUR-MARNE,77,Maison,86,4,118,2024
292000,77230,DAMMARTIN-EN-GOELE,77,Maison,100,5,700,2024
148000,77171,MELZ-SUR-SEINE,77,Maison,230,6,581,2024
225000,77440,CONGIS-SUR-THEROUANNE,77,Maison,165,9,382,2024
225000,77440,CONGIS-SUR-THEROUANNE,77,Dépendance,0,0,382,2024
173000,77480,VILLENAUXE-LA-PETITE,77,Maison,88,4,800,2024
173000,77480,VILLENAUXE-LA-PETITE,77,Maison,88,4,667,2024
290000,77290,MITRY MORY,77,Maison,63,4,327,2024
55000,77134,ORMES-SUR-VOULZIE (LES),77,Dépendance,0,0,429,2024
55000,77134,ORMES-SUR-VOULZIE (LES),77,Dépendance,0,0,192,2024
350000,77420,CHAMPS-SUR-MARNE,77,Maison,95,5,434,2024
350000,77420,CHAMPS-SUR-MARNE,77,Dépendance,0,0,434,2024
330000,77580,VILLIERS-SUR-MORIN,77,Dépendance,0,0,1407,2024
330000,77580,VILLIERS-SUR-MORIN,77,Dépendance,0,0,162,2024
330000,77580,VILLIERS-SUR-MORIN,77,Maison,149,6,162,2024
330000,77580,VILLIERS-SUR-MORIN,77,Maison,149,6,1407,2024
274000,77520,GURCY-LE-CHATEL,77,Maison,54,2,1826,2024
274000,77520,GURCY-LE-CHATEL,77,Maison,285,4,1826,2024
274000,77520,GURCY-LE-CHATEL,77,Dépendance,0,0,1826,2024
492000,77600,CHANTELOUP EN BRIE,77,Maison,202,6,235,2024
492000,77600,CHANTELOUP EN BRIE,77,Dépendance,0,0,235,2024
345603,77910,GERMIGNY-L EVEQUE,77,Maison,95,4,2063,2024
345603,77910,GERMIGNY-L EVEQUE,77,Dépendance,0,0,500,2024
345603,77910,GERMIGNY-L EVEQUE,77,Maison,95,4,500,2024
345603,77910,GERMIGNY-L EVEQUE,77,Dépendance,0,0,2063,2024
358000,77400,LAGNY-SUR-MARNE,77,Local industriel. commercial ou assimilé,223,0,568,2024
261500,77520,DONNEMARIE-DONTILLY,77,Maison,160,6,303,2024
250000,77610,NEUFMOUTIERS-EN-BRIE,77,Maison,50,2,322,2024
250000,77610,NEUFMOUTIERS-EN-BRIE,77,Dépendance,0,0,322,2024
250000,77610,NEUFMOUTIERS-EN-BRIE,77,Maison,56,2,128,2024
705000,77400,LAGNY-SUR-MARNE,77,Appartement,25,1,147,2024
705000,77400,LAGNY-SUR-MARNE,77,Local industriel. commercial ou assimilé,96,0,147,2024
705000,77400,LAGNY-SUR-MARNE,77,Appartement,21,1,147,2024
705000,77400,LAGNY-SUR-MARNE,77,Appartement,24,1,147,2024
705000,77400,LAGNY-SUR-MARNE,77,Local industriel. commercial ou assimilé,25,0,147,2024
705000,77400,LAGNY-SUR-MARNE,77,Dépendance,0,0,147,2024
705000,77400,LAGNY-SUR-MARNE,77,Appartement,52,3,147,2024
705000,77400,LAGNY-SUR-MARNE,77,Appartement,31,2,147,2024
385000,77181,COURTRY,77,Maison,99,5,302,2024
402160,77181,COURTRY,77,Dépendance,0,0,299,2024
402160,77181,COURTRY,77,Maison,118,6,299,2024
365000,77100,NANTEUIL-LES-MEAUX,77,Maison,164,6,1695,2024
365000,77100,NANTEUIL-LES-MEAUX,77,Maison,164,6,500,2024
275000,77700,COUPVRAY,77,Maison,81,5,693,2024
275000,77700,COUPVRAY,77,Maison,81,5,500,2024
226000,77510,DOUE,77,Maison,59,3,425,2024
226000,77510,DOUE,77,Maison,59,3,448,2024
346574,77650,SOISY-BOUY,77,Maison,86,3,688,2024
346574,77650,SOISY-BOUY,77,Dépendance,0,0,688,2024
230000,77100,NANTEUIL-LES-MEAUX,77,Maison,54,3,324,2024
245000,77370,NANGIS,77,Maison,82,5,495,2024
115000,77181,LE PIN,77,Maison,120,5,264,2024
195000,77370,NANGIS,77,Maison,93,4,536,2024
300000,77200,TORCY,77,Maison,116,6,144,2024
117000,77410,CLAYE-SOUILLY,77,Maison,24,2,16,2024
130000,77650,SAINT-LOUP-DE-NAUD,77,Dépendance,0,0,555,2024
130000,77650,SAINT-LOUP-DE-NAUD,77,Maison,85,3,555,2024
215000,77910,VARREDDES,77,Dépendance,0,0,11,2024
215000,77910,VARREDDES,77,Maison,70,3,111,2024
184000,77580,GUERARD,77,Dépendance,0,0,631,2024
184000,77580,GUERARD,77,Maison,40,2,631,2024
184000,77580,GUERARD,77,Maison,40,2,269,2024
184000,77580,GUERARD,77,Dépendance,0,0,269,2024
281580,77100,MEAUX,77,Maison,93,4,671,2024
440000,77230,SAINT-MARD,77,Maison,157,6,238,2024
440000,77230,SAINT-MARD,77,Maison,157,6,500,2024
148000,77100,MEAUX,77,Maison,78,1,147,2024
148000,77100,MEAUX,77,Dépendance,0,0,147,2024
302000,77260,SAMMERON,77,Dépendance,0,0,23,2024
302000,77260,SAMMERON,77,Maison,88,4,23,2024
199000,77520,SOGNOLLES-EN-MONTOIS,77,Dépendance,0,0,507,2024
199000,77520,SOGNOLLES-EN-MONTOIS,77,Maison,151,2,507,2024
190000,77370,NANGIS,77,Dépendance,0,0,500,2024
190000,77370,NANGIS,77,Maison,62,4,500,2024
290000,77600,BUSSY-SAINT-MARTIN,77,Dépendance,0,0,298,2024
166860,77100,MEAUX,77,Maison,66,3,156,2024
350000,77270,VILLEPARISIS,77,Dépendance,0,0,416,2024
350000,77270,VILLEPARISIS,77,Maison,154,6,416,2024
502500,77420,CHAMPS-SUR-MARNE,77,Maison,160,5,500,2024
502500,77420,CHAMPS-SUR-MARNE,77,Dépendance,0,0,500,2024
502500,77420,CHAMPS-SUR-MARNE,77,Maison,160,5,117,2024
502500,77420,CHAMPS-SUR-MARNE,77,Dépendance,0,0,117,2024
133000,77650,SAINTE-COLOMBE,77,Maison,83,5,590,2024
346500,77910,CHAMBRY,77,Maison,104,4,215,2024
346500,77910,CHAMBRY,77,Dépendance,0,0,215,2024
346500,77910,CHAMBRY,77,Dépendance,0,0,500,2024
346500,77910,CHAMBRY,77,Maison,104,4,500,2024
280000,77660,CHANGIS-SUR-MARNE,77,Dépendance,0,0,5,2024
280000,77660,CHANGIS-SUR-MARNE,77,Maison,117,5,5,2024
194500,77910,BARCY,77,Dépendance,0,0,500,2024
194500,77910,BARCY,77,Maison,55,3,567,2024
194500,77910,BARCY,77,Dépendance,0,0,567,2024
194500,77910,BARCY,77,Maison,55,3,500,2024
225000,77520,MONS-EN-MONTOIS,77,Maison,141,5,500,2024
225000,77520,MONS-EN-MONTOIS,77,Maison,141,5,888,2024
184000,77260,LA FERTE SOUS JOUARRE,77,Maison,70,3,260,2024
179300,77124,VILLENOY,77,Maison,53,2,345,2024
282000,77260,LA FERTE SOUS JOUARRE,77,Maison,104,5,515,2024
282000,77260,LA FERTE SOUS JOUARRE,77,Dépendance,0,0,515,2024
120000,77320,BETON-BAZOCHES,77,Maison,61,4,620,2024
220000,77124,CREGY-LES-MEAUX,77,Maison,70,4,57,2024
220000,77124,CREGY-LES-MEAUX,77,Dépendance,0,0,57,2024
580000,77450,MONTRY,77,Maison,137,6,522,2024
250000,77450,ESBLY,77,Maison,84,4,155,2024
47000,77370,MAISON-ROUGE,77,Maison,220,7,246,2024
47000,77370,MAISON-ROUGE,77,Dépendance,0,0,246,2024
239000,77124,VILLENOY,77,Maison,78,3,32,2024
261000,77230,LONGPERRIER,77,Maison,67,2,308,2024
235400,77610,FONTENAY-TRESIGNY,77,Maison,77,3,820,2024
235400,77610,FONTENAY-TRESIGNY,77,Maison,77,3,250,2024
250000,77126,EGLIGNY,77,Maison,151,7,796,2024
250000,77126,EGLIGNY,77,Dépendance,0,0,796,2024
160000,77320,LESCHEROLLES,77,Maison,97,5,500,2024
247000,77610,FONTENAY-TRESIGNY,77,Maison,106,6,250,2024
247000,77610,FONTENAY-TRESIGNY,77,Maison,106,6,630,2024
177000,77260,LA FERTE SOUS JOUARRE,77,Maison,91,6,91,2024
270000,77169,SAINT-GERMAIN-SOUS-DOUE,77,Maison,109,4,500,2024
270000,77169,SAINT-GERMAIN-SOUS-DOUE,77,Maison,109,4,1661,2024
122500,77640,JOUARRE,77,Maison,82,4,1897,2024
122500,77640,JOUARRE,77,Maison,82,4,500,2024
263300,77650,SAINT-LOUP-DE-NAUD,77,Dépendance,0,0,489,2024
263300,77650,SAINT-LOUP-DE-NAUD,77,Maison,107,4,489,2024
353000,77183,CROISSY-BEAUBOURG,77,Maison,88,5,140,2024
365000,77400,LAGNY-SUR-MARNE,77,Appartement,62,1,441,2024
365000,77400,LAGNY-SUR-MARNE,77,Appartement,60,3,441,2024
262000,77139,VINCY-MANOEUVRE,77,Maison,122,6,674,2024
395000,77400,THORIGNY SUR MARNE,77,Maison,110,5,300,2024
127500,77450,ESBLY,77,Maison,79,2,526,2024
127500,77450,ESBLY,77,Maison,36,2,526,2024
400000,77400,LAGNY-SUR-MARNE,77,Maison,138,9,500,2024
400000,77400,LAGNY-SUR-MARNE,77,Maison,138,9,170,2024
340000,77230,SAINT-MARD,77,Maison,165,8,500,2024
340000,77230,SAINT-MARD,77,Dépendance,0,0,124,2024
340000,77230,SAINT-MARD,77,Maison,165,8,124,2024
340000,77230,SAINT-MARD,77,Dépendance,0,0,500,2024
230000,77169,BOISSY-LE-CHATEL,77,Dépendance,0,0,531,2024
230000,77169,BOISSY-LE-CHATEL,77,Maison,91,3,250,2024
230000,77169,BOISSY-LE-CHATEL,77,Dépendance,0,0,250,2024
230000,77169,BOISSY-LE-CHATEL,77,Maison,91,3,531,2024
250000,77169,BOISSY-LE-CHATEL,77,Dépendance,0,0,500,2024
250000,77169,BOISSY-LE-CHATEL,77,Maison,99,5,510,2024
250000,77169,BOISSY-LE-CHATEL,77,Dépendance,0,0,510,2024
250000,77169,BOISSY-LE-CHATEL,77,Maison,99,5,500,2024
185000,77520,MONTIGNY-LENCOUP,77,Maison,90,5,276,2024
185000,77520,MONTIGNY-LENCOUP,77,Maison,90,5,260,2024
185000,77520,MONTIGNY-LENCOUP,77,Maison,90,5,101,2024
630000,77450,MONTRY,77,Local industriel. commercial ou assimilé,440,0,400,2024
275000,77600,BUSSY-SAINT-GEORGES,77,Maison,55,2,68,2024
120000,77165,SAINT-SOUPPLETS,77,Dépendance,0,0,108,2024
420000,77860,SAINT-GERMAIN-SUR-MORIN,77,Dépendance,0,0,138,2024
420000,77860,SAINT-GERMAIN-SUR-MORIN,77,Dépendance,0,0,500,2024
420000,77860,SAINT-GERMAIN-SUR-MORIN,77,Maison,102,5,500,2024
420000,77860,SAINT-GERMAIN-SUR-MORIN,77,Maison,102,5,138,2024
323000,77500,CHELLES,77,Maison,71,4,481,2024
405000,77500,CHELLES,77,Maison,75,4,250,2024
187000,77320,FRETOY,77,Maison,82,3,583,2024
237000,77500,CHELLES,77,Dépendance,0,0,488,2024
237000,77500,CHELLES,77,Maison,60,3,488,2024
310000,77500,CHELLES,77,Maison,97,4,424,2024
129500,77260,LA FERTE SOUS JOUARRE,77,Maison,49,3,117,2024
382000,77400,LAGNY-SUR-MARNE,77,Dépendance,0,0,142,2024
382000,77400,LAGNY-SUR-MARNE,77,Maison,129,7,142,2024
232600,77480,MOUSSEAUX-LES-BRAY,77,Maison,90,4,206,2024
232600,77480,MOUSSEAUX-LES-BRAY,77,Maison,90,4,500,2024
333000,77100,NANTEUIL-LES-MEAUX,77,Maison,138,5,56,2024
333000,77100,NANTEUIL-LES-MEAUX,77,Dépendance,0,0,56,2024
255000,77230,DAMMARTIN-EN-GOELE,77,Maison,90,4,233,2024
255000,77230,DAMMARTIN-EN-GOELE,77,Maison,90,4,500,2024
240000,77122,MONTHYON,77,Maison,71,4,432,2024
374000,77280,OTHIS,77,Maison,111,5,158,2024
374000,77280,OTHIS,77,Maison,111,5,500,2024
335800,77280,OTHIS,77,Local industriel. commercial ou assimilé,0,0,49,2024
335800,77280,OTHIS,77,Maison,160,8,538,2024
335800,77280,OTHIS,77,Local industriel. commercial ou assimilé,0,0,72,2024
310000,77186,NOISIEL,77,Maison,90,4,234,2024
267000,77120,COULOMMIERS,77,Maison,72,4,812,2024
267000,77120,COULOMMIERS,77,Maison,72,4,86,2024
295000,77270,VILLEPARISIS,77,Maison,68,3,394,2024
345000,77270,VILLEPARISIS,77,Maison,90,5,482,2024
349000,77500,CHELLES,77,Maison,148,5,500,2024
385000,77580,CRECY LA CHAPELLE,77,Maison,124,5,500,2024
385000,77580,CRECY LA CHAPELLE,77,Maison,124,5,200,2024
195000,77440,ISLES-LES-MELDEUSES,77,Maison,95,4,192,2024
195000,77440,ISLES-LES-MELDEUSES,77,Dépendance,0,0,192,2024
239000,77230,DAMMARTIN-EN-GOELE,77,Maison,73,4,423,2024
375000,77290,MITRY MORY,77,Maison,184,6,376,2024
140000,77126,CHATENAY-SUR-SEINE,77,Maison,62,3,1434,2024
115168,77470,TRILPORT,77,Maison,64,4,583,2024
285000,77186,NOISIEL,77,Maison,84,4,401,2024
307000,77290,MITRY MORY,77,Maison,100,6,342,2024
142000,77134,ORMES-SUR-VOULZIE (LES),77,Maison,84,4,635,2024
917070,77400,POMPONNE,77,Maison,150,5,500,2024
917070,77400,POMPONNE,77,Dépendance,0,0,1103,2024
917070,77400,POMPONNE,77,Maison,150,5,1103,2024
917070,77400,POMPONNE,77,Dépendance,0,0,500,2024
172000,77610,FONTENAY-TRESIGNY,77,Dépendance,0,0,12,2024
312750,77400,LAGNY-SUR-MARNE,77,Maison,94,4,138,2024
15000,77650,SAINTE-COLOMBE,77,Dépendance,0,0,385,2024
169000,77160,CHALAUTRE-LA-PETITE,77,Maison,87,4,555,2024
169000,77160,CHALAUTRE-LA-PETITE,77,Maison,87,4,360,2024
327000,77410,ANNET-SUR-MARNE,77,Maison,61,3,568,2024
365000,77160,PROVINS,77,Maison,194,8,588,2024
365000,77160,PROVINS,77,Dépendance,0,0,588,2024
175000,77480,MONTIGNY-LE-GUESDIER,77,Maison,99,3,1300,2024
175000,77480,MONTIGNY-LE-GUESDIER,77,Dépendance,0,0,287,2024
175000,77480,MONTIGNY-LE-GUESDIER,77,Maison,99,3,287,2024
175000,77480,MONTIGNY-LE-GUESDIER,77,Dépendance,0,0,1300,2024
372000,77270,VILLEPARISIS,77,Maison,90,5,365,2024
35000,77840,CROUY-SUR-OURCQ,77,Maison,52,2,28,2024
2450000,77500,CHELLES,77,Local industriel. commercial ou assimilé,1561,0,3000,2024
403000,77090,COLLEGIEN,77,Maison,136,4,279,2024
193673,77114,HERME,77,Maison,99,4,736,2024
193673,77114,HERME,77,Maison,99,4,500,2024
245000,77120,COULOMMIERS,77,Maison,95,5,455,2024
465500,77700,MAGNY-LE-HONGRE,77,Maison,96,5,408,2024
449000,77700,COUPVRAY,77,Dépendance,0,0,107,2024
449000,77700,COUPVRAY,77,Dépendance,0,0,500,2024
449000,77700,COUPVRAY,77,Maison,110,5,107,2024
449000,77700,COUPVRAY,77,Maison,110,5,500,2024
292000,77860,QUINCY-VOISINS,77,Maison,63,2,188,2024
230000,77470,SAINT-FIACRE,77,Dépendance,0,0,579,2024
230000,77470,SAINT-FIACRE,77,Maison,110,5,579,2024
135000,77100,MEAUX,77,Maison,104,5,140,2024
180000,77470,TRILPORT,77,Maison,85,4,500,2024
180000,77470,TRILPORT,77,Dépendance,0,0,500,2024
180000,77470,TRILPORT,77,Maison,85,4,547,2024
180000,77470,TRILPORT,77,Dépendance,0,0,547,2024
110000,77320,JOUY-SUR-MORIN,77,Maison,48,2,599,2024
1500,77580,GUERARD,77,Maison,24,2,927,2024
1500,77580,GUERARD,77,Maison,24,2,443,2024
1500,77580,GUERARD,77,Maison,24,2,670,2024
331500,77600,BUSSY-SAINT-GEORGES,77,Maison,100,4,59,2024
215000,77320,MEILLERAY,77,Dépendance,0,0,250,2024
215000,77320,MEILLERAY,77,Maison,103,4,475,2024
215000,77320,MEILLERAY,77,Dépendance,0,0,475,2024
215000,77320,MEILLERAY,77,Maison,103,4,250,2024
379000,77470,SAINT-FIACRE,77,Dépendance,0,0,2207,2024
379000,77470,SAINT-FIACRE,77,Dépendance,0,0,500,2024
379000,77470,SAINT-FIACRE,77,Maison,172,8,500,2024
379000,77470,SAINT-FIACRE,77,Maison,172,8,2207,2024
320000,77910,GERMIGNY-L EVEQUE,77,Maison,79,4,500,2024
320000,77910,GERMIGNY-L EVEQUE,77,Maison,79,4,1159,2024
255000,77320,BETON-BAZOCHES,77,Maison,102,4,500,2024
255000,77320,BETON-BAZOCHES,77,Maison,102,4,451,2024
335800,77410,CHARNY,77,Maison,80,4,523,2024
370000,77181,COURTRY,77,Maison,79,4,542,2024
168000,77560,VILLIERS-SAINT-GEORGES,77,Maison,150,4,152,2024
367500,77122,MONTHYON,77,Maison,78,3,500,2024
367500,77122,MONTHYON,77,Maison,78,3,56,2024
412380,77120,CHAILLY-EN-BRIE,77,Dépendance,0,0,500,2024
412380,77120,CHAILLY-EN-BRIE,77,Maison,214,6,500,2024
412380,77120,CHAILLY-EN-BRIE,77,Maison,214,6,1731,2024
412380,77120,CHAILLY-EN-BRIE,77,Dépendance,0,0,1731,2024
364650,77230,MARCHEMORET,77,Maison,98,4,271,2024
364650,77230,MARCHEMORET,77,Maison,98,4,500,2024
185000,77580,VOULANGIS,77,Maison,80,5,500,2024
185000,77580,VOULANGIS,77,Dépendance,0,0,500,2024
185000,77580,VOULANGIS,77,Maison,80,5,67,2024
185000,77580,VOULANGIS,77,Dépendance,0,0,67,2024
255000,77515,FAREMOUTIERS,77,Maison,57,4,307,2024
600000,77260,LA FERTE SOUS JOUARRE,77,Dépendance,0,0,277,2024
600000,77260,LA FERTE SOUS JOUARRE,77,Maison,75,5,277,2024
600000,77260,LA FERTE SOUS JOUARRE,77,Maison,69,4,251,2024
600000,77260,LA FERTE SOUS JOUARRE,77,Maison,77,3,255,2024
600000,77260,LA FERTE SOUS JOUARRE,77,Dépendance,0,0,255,2024
600000,77260,LA FERTE SOUS JOUARRE,77,Local industriel. commercial ou assimilé,116,0,293,2024
600000,77260,LA FERTE SOUS JOUARRE,77,Maison,72,4,218,2024
600000,77260,LA FERTE SOUS JOUARRE,77,Dépendance,0,0,218,2024
600000,77260,LA FERTE SOUS JOUARRE,77,Dépendance,0,0,24,2024
600000,77260,LA FERTE SOUS JOUARRE,77,Local industriel. commercial ou assimilé,82,0,184,2024
600000,77260,LA FERTE SOUS JOUARRE,77,Dépendance,0,0,168,2024
370000,77360,VAIRES SUR MARNE,77,Maison,95,5,286,2024
370000,77360,VAIRES SUR MARNE,77,Dépendance,0,0,286,2024
358000,77450,MONTRY,77,Maison,86,4,292,2024
200000,77181,COURTRY,77,Dépendance,0,0,273,2024
200000,77181,COURTRY,77,Maison,101,4,273,2024
355000,77610,HOUSSAYE-EN-BRIE (LA),77,Maison,120,6,641,2024
355000,77610,HOUSSAYE-EN-BRIE (LA),77,Maison,120,6,250,2024
254000,77580,PIERRE-LEVEE,77,Dépendance,0,0,61,2024
254000,77580,PIERRE-LEVEE,77,Maison,115,6,500,2024
254000,77580,PIERRE-LEVEE,77,Dépendance,0,0,500,2024
254000,77580,PIERRE-LEVEE,77,Maison,115,6,61,2024
237000,77580,VILLIERS-SUR-MORIN,77,Dépendance,0,0,154,2024
237000,77580,VILLIERS-SUR-MORIN,77,Maison,71,3,154,2024
125000,77970,BEZALLES,77,Dépendance,0,0,827,2024
125000,77970,BEZALLES,77,Maison,124,5,827,2024
115000,77141,VAUDOY-EN-BRIE,77,Maison,92,5,350,2024
179000,77370,CHATEAUBLEAU,77,Maison,114,3,325,2024
182088,77520,DONNEMARIE-DONTILLY,77,Local industriel. commercial ou assimilé,5428,0,5443,2024
285000,77122,MONTHYON,77,Dépendance,0,0,328,2024
285000,77122,MONTHYON,77,Maison,74,4,328,2024
302000,77178,SAINT-PATHUS,77,Maison,92,4,23,2024
302000,77178,SAINT-PATHUS,77,Maison,92,4,500,2024
253000,77540,LUMIGNY NESLES ORMEAUX,77,Maison,142,4,512,2024
253000,77540,LUMIGNY NESLES ORMEAUX,77,Maison,142,4,775,2024
5500,77124,VILLENOY,77,Dépendance,0,0,12,2024
795600,77600,BUSSY-SAINT-GEORGES,77,Maison,188,7,513,2024
800000,77290,MITRY MORY,77,Local industriel. commercial ou assimilé,75,0,485,2024
800000,77290,MITRY MORY,77,Maison,98,5,485,2024
266000,77540,COURPALAY,77,Maison,99,5,269,2024
300500,77100,MEAUX,77,Maison,72,4,617,2024
300500,77100,MEAUX,77,Dépendance,0,0,617,2024
160000,77260,SAINTE-AULDE,77,Dépendance,0,0,554,2024
160000,77260,SAINTE-AULDE,77,Maison,96,5,554,2024
305000,77230,SAINT-MARD,77,Maison,91,5,396,2024
330000,77230,MOUSSY-LE-NEUF,77,Maison,134,7,500,2024
330000,77230,MOUSSY-LE-NEUF,77,Maison,134,7,165,2024
230000,77120,AMILLIS,77,Dépendance,0,0,2940,2024
230000,77120,AMILLIS,77,Maison,176,6,2940,2024
280000,77500,CHELLES,77,Maison,61,4,570,2024
13567,77410,CLAYE-SOUILLY,77,Dépendance,0,0,7,2024
243650,77910,GERMIGNY-L EVEQUE,77,Maison,78,4,160,2024
125925,77600,GUERMANTES,77,Maison,97,5,394,2024
245000,77120,AMILLIS,77,Maison,123,4,250,2024
245000,77120,AMILLIS,77,Dépendance,0,0,250,2024
245000,77120,AMILLIS,77,Dépendance,0,0,1393,2024
245000,77120,AMILLIS,77,Maison,123,4,1393,2024
192000,77510,HONDEVILLIERS,77,Maison,98,3,1051,2024
192000,77510,HONDEVILLIERS,77,Maison,98,3,250,2024
741750,77370,NANGIS,77,Local industriel. commercial ou assimilé,8339,0,8369,2024
741750,77370,RAMPILLON,77,Local industriel. commercial ou assimilé,2179,0,2152,2024
224000,77260,CHAMIGNY,77,Maison,88,5,512,2024
130000,77290,MITRY MORY,77,Maison,50,3,159,2024
335500,77290,MITRY MORY,77,Maison,130,5,277,2024
315000,77163,DAMMARTIN-SUR-TIGEAUX,77,Dépendance,0,0,259,2024
315000,77163,DAMMARTIN-SUR-TIGEAUX,77,Maison,111,5,259,2024
315000,77163,DAMMARTIN-SUR-TIGEAUX,77,Maison,111,5,500,2024
315000,77163,DAMMARTIN-SUR-TIGEAUX,77,Dépendance,0,0,500,2024
380000,77290,MITRY MORY,77,Maison,180,5,405,2024
380000,77290,MITRY MORY,77,Dépendance,0,0,405,2024
250000,77290,MITRY MORY,77,Maison,56,3,283,2024
117200,77160,PROVINS,77,Maison,60,4,534,2024
220000,77165,SAINT-SOUPPLETS,77,Maison,67,4,353,2024
226600,77440,CONGIS-SUR-THEROUANNE,77,Maison,139,4,85,2024
185000,77120,COULOMMIERS,77,Maison,60,4,352,2024
575000,77120,COULOMMIERS,77,Local industriel. commercial ou assimilé,430,0,283,2024
575000,77120,COULOMMIERS,77,Maison,72,4,283,2024
190000,77120,COULOMMIERS,77,Maison,122,3,462,2024
265000,77178,SAINT-PATHUS,77,Dépendance,0,0,500,2024
265000,77178,SAINT-PATHUS,77,Maison,109,6,500,2024
265000,77178,SAINT-PATHUS,77,Maison,109,6,201,2024
265000,77178,SAINT-PATHUS,77,Dépendance,0,0,201,2024
310000,77100,MEAUX,77,Maison,112,4,500,2024
310000,77100,MEAUX,77,Maison,112,4,159,2024
599000,77700,CHESSY,77,Maison,139,6,493,2024
405000,77177,BROU-SUR-CHANTEREINE,77,Maison,123,5,76,2024
405000,77177,BROU-SUR-CHANTEREINE,77,Maison,123,5,500,2024
836000,77410,ANNET-SUR-MARNE,77,Dépendance,0,0,2107,2024
836000,77410,ANNET-SUR-MARNE,77,Dépendance,0,0,500,2024
836000,77410,ANNET-SUR-MARNE,77,Maison,242,9,2107,2024
836000,77410,ANNET-SUR-MARNE,77,Maison,242,9,500,2024
304000,77230,LONGPERRIER,77,Maison,126,4,341,2024
304000,77230,LONGPERRIER,77,Dépendance,0,0,341,2024
331400,77230,DAMMARTIN-EN-GOELE,77,Maison,117,5,105,2024
331400,77230,DAMMARTIN-EN-GOELE,77,Maison,117,5,500,2024
80000,77320,CHEVRU,77,Maison,63,3,523,2024
80000,77320,CHEVRU,77,Dépendance,0,0,523,2024
80000,77320,CHEVRU,77,Dépendance,0,0,937,2024
80000,77320,CHEVRU,77,Maison,63,3,937,2024
80000,77320,CHEVRU,77,Maison,25,2,500,2024
80000,77320,CHEVRU,77,Maison,25,2,635,2024
187000,77400,THORIGNY SUR MARNE,77,Dépendance,0,0,500,2024
187000,77400,THORIGNY SUR MARNE,77,Maison,95,4,159,2024
187000,77400,THORIGNY SUR MARNE,77,Dépendance,0,0,159,2024
187000,77400,THORIGNY SUR MARNE,77,Maison,95,4,500,2024
245000,77540,BERNAY VILBERT,77,Maison,80,4,506,2024
180000,77370,NANGIS,77,Maison,88,5,296,2024
300000,77181,COURTRY,77,Maison,83,3,407,2024
692200,77160,PROVINS,77,Dépendance,0,0,1604,2024
692200,77160,PROVINS,77,Maison,233,8,1604,2024
692200,77160,PROVINS,77,Dépendance,0,0,516,2024
692200,77160,PROVINS,77,Maison,233,8,516,2024
160000,77580,GUERARD,77,Maison,66,3,166,2024
150000,77370,GASTINS,77,Local industriel. commercial ou assimilé,2611,0,3014,2024
150000,77370,GASTINS,77,Local industriel. commercial ou assimilé,2611,0,2736,2024
150000,77370,GASTINS,77,Maison,175,4,3110,2024
150000,77370,GASTINS,77,Local industriel. commercial ou assimilé,30,0,3110,2024
150000,77370,GASTINS,77,Dépendance,0,0,3110,2024
325000,77178,SAINT-PATHUS,77,Maison,152,5,535,2024
325000,77178,SAINT-PATHUS,77,Maison,152,5,500,2024
325000,77178,SAINT-PATHUS,77,Dépendance,0,0,535,2024
325000,77178,SAINT-PATHUS,77,Dépendance,0,0,500,2024
245000,77230,SAINT-MARD,77,Maison,57,3,423,2024
245000,77230,SAINT-MARD,77,Dépendance,0,0,423,2024
65000,77840,COULOMBS-EN-VALOIS,77,Maison,43,3,418,2024
160000,77520,GURCY-LE-CHATEL,77,Dépendance,0,0,665,2024
160000,77520,GURCY-LE-CHATEL,77,Maison,75,3,665,2024
430000,77610,FONTENAY-TRESIGNY,77,Maison,140,5,638,2024
381000,77090,COLLEGIEN,77,Maison,90,5,294,2024
381000,77090,COLLEGIEN,77,Dépendance,0,0,294,2024
494300,77164,FERRIERES-EN-BRIE,77,Maison,102,5,500,2024
494300,77164,FERRIERES-EN-BRIE,77,Maison,102,5,150,2024
185000,77440,VENDREST,77,Maison,100,3,174,2024
402550,77410,CLAYE-SOUILLY,77,Maison,146,4,274,2024
199000,77400,THORIGNY SUR MARNE,77,Appartement,20,1,118,2024
455000,77120,MOUROUX,77,Local industriel. commercial ou assimilé,150,0,500,2024
455000,77120,MOUROUX,77,Local industriel. commercial ou assimilé,150,0,300,2024
160000,77410,VILLEVAUDE,77,Dépendance,0,0,878,2024
160000,77410,VILLEVAUDE,77,Maison,64,2,878,2024
305000,77186,NOISIEL,77,Dépendance,0,0,229,2024
305000,77186,NOISIEL,77,Maison,60,3,229,2024
210000,77480,MOUSSEAUX-LES-BRAY,77,Maison,107,5,575,2024
210000,77480,MOUSSEAUX-LES-BRAY,77,Dépendance,0,0,575,2024
209900,77100,MAREUIL-LES-MEAUX,77,Maison,70,4,50,2024
407000,77400,SAINT THIBAULT DES VIGNES,77,Maison,110,5,578,2024
130000,77320,JOUY-SUR-MORIN,77,Maison,35,2,122,2024
110000,77120,COULOMMIERS,77,Maison,30,2,27,2024
258550,77970,PECY,77,Maison,137,6,577,2024
152000,77100,MEAUX,77,Dépendance,0,0,87,2024
152000,77100,MEAUX,77,Maison,66,3,87,2024
864000,77700,MAGNY-LE-HONGRE,77,Maison,203,6,500,2024
864000,77700,MAGNY-LE-HONGRE,77,Maison,203,6,214,2024
979000,77600,BUSSY-SAINT-GEORGES,77,Dépendance,0,0,878,2024
979000,77600,BUSSY-SAINT-GEORGES,77,Maison,208,6,878,2024
979000,77600,BUSSY-SAINT-GEORGES,77,Maison,208,6,500,2024
979000,77600,BUSSY-SAINT-GEORGES,77,Dépendance,0,0,500,2024
236000,77610,MARLES-EN-BRIE,77,Dépendance,0,0,34,2024
179000,77640,SIGNY-SIGNETS,77,Maison,81,4,400,2024
179000,77640,SIGNY-SIGNETS,77,Maison,81,4,500,2024
325000,77610,FONTENAY-TRESIGNY,77,Dépendance,0,0,1790,2024
325000,77610,FONTENAY-TRESIGNY,77,Maison,149,5,1790,2024
325000,77610,FONTENAY-TRESIGNY,77,Dépendance,0,0,250,2024
325000,77610,FONTENAY-TRESIGNY,77,Maison,149,5,250,2024
385000,77186,NOISIEL,77,Maison,111,5,243,2024
218000,77160,CHALAUTRE-LA-PETITE,77,Dépendance,0,0,603,2024
218000,77160,CHALAUTRE-LA-PETITE,77,Maison,131,5,603,2024
150000,77700,CHESSY,77,Maison,140,5,781,2024
150000,77700,CHESSY,77,Dépendance,0,0,781,2024
450000,77160,PROVINS,77,Maison,150,5,545,2024
450000,77160,PROVINS,77,Maison,150,5,605,2024
450000,77160,PROVINS,77,Dépendance,0,0,545,2024
450000,77160,PROVINS,77,Dépendance,0,0,605,2024
192225,77370,NANGIS,77,Maison,80,5,314,2024
155000,77440,OCQUERRE,77,Maison,77,3,18,2024
1,77160,PROVINS,77,Local industriel. commercial ou assimilé,10,0,4702,2024
1,77160,PROVINS,77,Local industriel. commercial ou assimilé,1906,0,4702,2024
1,77160,PROVINS,77,Appartement,65,4,4702,2024
362750,77600,GUERMANTES,77,Maison,115,6,481,2024
144000,77440,CONGIS-SUR-THEROUANNE,77,Maison,100,4,59,2024
175000,77160,SAINT-BRICE,77,Maison,132,6,623,2024
375000,77200,TORCY,77,Maison,81,3,691,2024
375000,77200,TORCY,77,Maison,81,3,500,2024
185000,77560,AUGERS-EN-BRIE,77,Dépendance,0,0,1000,2024
185000,77560,AUGERS-EN-BRIE,77,Maison,94,4,1000,2024
480100,77144,MONTEVRAIN,77,Maison,105,4,466,2024
275000,77500,CHELLES,77,Maison,82,5,67,2024
600000,77700,CHESSY,77,Maison,90,4,1129,2024
600000,77700,CHESSY,77,Dépendance,0,0,500,2024
600000,77700,CHESSY,77,Maison,90,4,500,2024
600000,77700,CHESSY,77,Dépendance,0,0,1129,2024
352500,77164,FERRIERES-EN-BRIE,77,Maison,73,4,531,2024
444673,77186,NOISIEL,77,Maison,90,4,234,2024
185000,77910,BARCY,77,Dépendance,0,0,804,2024
185000,77910,BARCY,77,Maison,98,7,804,2024
80000,77151,MONTCEAUX-LES-PROVINS,77,Dépendance,0,0,352,2024
80000,77151,MONTCEAUX-LES-PROVINS,77,Maison,160,5,352,2024
405000,77480,BRAY-SUR-SEINE,77,Appartement,45,2,185,2024
405000,77480,BRAY-SUR-SEINE,77,Appartement,55,3,185,2024
405000,77480,BRAY-SUR-SEINE,77,Appartement,60,3,185,2024
405000,77480,BRAY-SUR-SEINE,77,Appartement,43,2,185,2024
242000,77540,LUMIGNY NESLES ORMEAUX,77,Maison,71,4,375,2024
210000,77370,GASTINS,77,Dépendance,0,0,122,2024
210000,77370,GASTINS,77,Maison,100,3,122,2024
100000,77370,CROIX-EN-BRIE (LA),77,Maison,90,4,131,2024
100000,77370,CROIX-EN-BRIE (LA),77,Dépendance,0,0,131,2024
10500000,77700,BAILLY-ROMAINVILLIERS,77,Dépendance,0,0,20000,2024
10500000,77700,BAILLY-ROMAINVILLIERS,77,Appartement,51,2,20000,2024
10500000,77700,BAILLY-ROMAINVILLIERS,77,Appartement,65,3,20000,2024
10500000,77700,BAILLY-ROMAINVILLIERS,77,Appartement,64,3,20000,2024
10500000,77700,BAILLY-ROMAINVILLIERS,77,Appartement,43,2,20000,2024
10500000,77700,BAILLY-ROMAINVILLIERS,77,Appartement,32,1,20000,2024
10500000,77700,BAILLY-ROMAINVILLIERS,77,Appartement,33,1,20000,2024
10500000,77700,BAILLY-ROMAINVILLIERS,77,Appartement,73,4,20000,2024
10500000,77700,BAILLY-ROMAINVILLIERS,77,Appartement,30,1,20000,2024
10500000,77700,BAILLY-ROMAINVILLIERS,77,Appartement,51,1,20000,2024
10500000,77700,BAILLY-ROMAINVILLIERS,77,Appartement,73,3,20000,2024
345000,77400,LAGNY-SUR-MARNE,77,Maison,90,4,444,2024
375000,77410,CLAYE-SOUILLY,77,Maison,95,6,500,2024
375000,77410,CLAYE-SOUILLY,77,Maison,95,6,237,2024
360000,77500,CHELLES,77,Dépendance,0,0,395,2024
360000,77500,CHELLES,77,Maison,104,5,395,2024
355000,77500,CHELLES,77,Maison,65,4,316,2024
350000,77181,COURTRY,77,Maison,70,4,500,2024
350000,77181,COURTRY,77,Maison,70,4,246,2024
251000,77500,CHELLES,77,Dépendance,0,0,265,2024
251000,77500,CHELLES,77,Maison,62,3,265,2024
120000,77610,FONTENAY-TRESIGNY,77,Dépendance,0,0,286,2024
149999,77100,MAREUIL-LES-MEAUX,77,Dépendance,0,0,45,2024
149999,77100,MAREUIL-LES-MEAUX,77,Maison,58,3,45,2024
290000,77500,CHELLES,77,Maison,60,3,316,2024
284840,77450,TRILBARDOU,77,Maison,113,5,144,2024
77400,77520,MONTIGNY-LENCOUP,77,Maison,32,1,301,2024
110000,77320,CHOISY-EN-BRIE,77,Dépendance,0,0,310,2024
237000,77600,JOSSIGNY,77,Maison,50,4,169,2024
365000,77860,QUINCY-VOISINS,77,Maison,127,5,634,2024
395000,77178,SAINT-PATHUS,77,Maison,168,7,320,2024
395000,77178,SAINT-PATHUS,77,Maison,168,7,500,2024
90000,77730,SAACY-SUR-MARNE,77,Maison,112,6,722,2024
90000,77730,SAACY-SUR-MARNE,77,Dépendance,0,0,722,2024
315000,77122,MONTHYON,77,Maison,113,4,574,2024
198900,77410,ANNET-SUR-MARNE,77,Dépendance,0,0,93,2024
198900,77410,ANNET-SUR-MARNE,77,Maison,50,3,36,2024
320000,77860,SAINT-GERMAIN-SUR-MORIN,77,Maison,125,6,367,2024
170000,77520,DONNEMARIE-DONTILLY,77,Dépendance,0,0,77,2024
170000,77520,DONNEMARIE-DONTILLY,77,Maison,145,5,145,2024
239000,77580,PIERRE-LEVEE,77,Maison,97,5,723,2024
239000,77580,PIERRE-LEVEE,77,Dépendance,0,0,723,2024
239000,77580,PIERRE-LEVEE,77,Dépendance,0,0,500,2024
239000,77580,PIERRE-LEVEE,77,Maison,97,5,500,2024
205150,77560,VILLIERS-SAINT-GEORGES,77,Dépendance,0,0,975,2024
205150,77560,VILLIERS-SAINT-GEORGES,77,Maison,106,5,975,2024
99000,77750,SAINT-CYR-SUR-MORIN,77,Maison,89,5,87,2024
99000,77750,SAINT-CYR-SUR-MORIN,77,Maison,58,3,260,2024
99000,77750,SAINT-CYR-SUR-MORIN,77,Dépendance,0,0,260,2024
235000,77120,COULOMMIERS,77,Maison,122,4,449,2024
525050,77410,VILLEROY,77,Maison,160,6,70,2024
525050,77410,VILLEROY,77,Maison,160,6,500,2024
312922,77515,SAINT-AUGUSTIN,77,Maison,116,5,720,2024
120000,77650,SOISY-BOUY,77,Maison,39,2,418,2024
220000,77990,LE MESNIL-AMELOT,77,Maison,67,3,367,2024
250000,77700,MAGNY-LE-HONGRE,77,Maison,165,9,425,2024
250000,77700,MAGNY-LE-HONGRE,77,Dépendance,0,0,425,2024
230000,77230,LONGPERRIER,77,Maison,96,3,171,2024
265000,77230,DAMMARTIN-EN-GOELE,77,Maison,95,4,341,2024
222700,77970,PECY,77,Maison,77,4,500,2024
407000,77174,VILLENEUVE-LE-COMTE,77,Maison,140,5,323,2024
294000,77230,MOUSSY-LE-NEUF,77,Maison,114,4,621,2024
238000,77640,JOUARRE,77,Maison,138,6,384,2024
238000,77640,JOUARRE,77,Dépendance,0,0,384,2024
200000,77730,NANTEUIL-SUR-MARNE,77,Dépendance,0,0,30,2024
200000,77730,NANTEUIL-SUR-MARNE,77,Dépendance,0,0,1200,2024
200000,77730,NANTEUIL-SUR-MARNE,77,Dépendance,0,0,2370,2024
200000,77260,LA FERTE SOUS JOUARRE,77,Maison,106,4,209,2024
383000,77178,OISSERY,77,Maison,120,7,337,2024
383000,77178,OISSERY,77,Dépendance,0,0,337,2024
383000,77178,OISSERY,77,Dépendance,0,0,500,2024
383000,77178,OISSERY,77,Maison,120,7,500,2024
309500,77230,DAMMARTIN-EN-GOELE,77,Maison,102,5,552,2024
215270,77520,MONTIGNY-LENCOUP,77,Maison,81,4,651,2024
433609,77410,ANNET-SUR-MARNE,77,Maison,127,6,552,2024
433609,77410,ANNET-SUR-MARNE,77,Dépendance,0,0,552,2024
718079,77100,NANTEUIL-LES-MEAUX,77,Maison,199,7,500,2024
20000,77610,FONTENAY-TRESIGNY,77,Dépendance,0,0,27,2024
115000,77230,MONTGE-EN-GOELE,77,Maison,53,2,34,2024
545000,77090,COLLEGIEN,77,Maison,149,6,752,2024
157000,77260,LA FERTE SOUS JOUARRE,77,Maison,100,3,458,2024
157000,77260,LA FERTE SOUS JOUARRE,77,Dépendance,0,0,458,2024
362000,77400,LAGNY-SUR-MARNE,77,Maison,82,4,182,2024
170000,77580,VILLIERS-SUR-MORIN,77,Dépendance,0,0,158,2024
170000,77580,VILLIERS-SUR-MORIN,77,Dépendance,0,0,500,2024
170000,77580,VILLIERS-SUR-MORIN,77,Maison,47,2,500,2024
170000,77580,VILLIERS-SUR-MORIN,77,Maison,30,2,500,2024
170000,77580,VILLIERS-SUR-MORIN,77,Maison,47,2,158,2024
170000,77580,VILLIERS-SUR-MORIN,77,Maison,30,2,158,2024
403000,77186,NOISIEL,77,Maison,126,6,369,2024
240000,77124,CHAUCONIN-NEUFMONTIERS,77,Maison,67,4,121,2024
240000,77124,CHAUCONIN-NEUFMONTIERS,77,Dépendance,0,0,121,2024
160000,77540,COURPALAY,77,Maison,58,3,41,2024
300000,77260,LA FERTE SOUS JOUARRE,77,Maison,140,5,636,2024
380000,77500,CHELLES,77,Maison,96,4,295,2024
203000,77370,CHAPELLE-RABLAIS (LA),77,Maison,84,3,66,2024
203000,77370,CHAPELLE-RABLAIS (LA),77,Dépendance,0,0,28,2024
190000,77100,NANTEUIL-LES-MEAUX,77,Maison,77,4,210,2024
399000,77420,CHAMPS-SUR-MARNE,77,Maison,54,3,249,2024
399000,77420,CHAMPS-SUR-MARNE,77,Dépendance,0,0,249,2024
35000,77510,VERDELOT,77,Maison,50,2,365,2024
35000,77510,VERDELOT,77,Maison,50,2,500,2024
429000,77420,CHAMPS-SUR-MARNE,77,Dépendance,0,0,536,2024
429000,77420,CHAMPS-SUR-MARNE,77,Maison,102,6,536,2024
482800,77090,COLLEGIEN,77,Maison,120,5,416,2024
342000,77270,VILLEPARISIS,77,Maison,94,4,498,2024
60000,77560,AUGERS-EN-BRIE,77,Maison,98,3,728,2024
478750,77860,SAINT-GERMAIN-SUR-MORIN,77,Maison,152,6,195,2024
478750,77860,SAINT-GERMAIN-SUR-MORIN,77,Maison,152,6,500,2024
193000,77154,COUTENCON,77,Maison,90,4,344,2024
3650000,77410,VILLEVAUDE,77,Local industriel. commercial ou assimilé,3000,0,3479,2024
294000,77860,QUINCY-VOISINS,77,Maison,62,4,576,2024
294000,77860,QUINCY-VOISINS,77,Dépendance,0,0,576,2024
88418,77410,ANNET-SUR-MARNE,77,Appartement,17,2,18,2024
88418,77410,ANNET-SUR-MARNE,77,Dépendance,0,0,18,2024
202000,77124,PENCHARD,77,Dépendance,0,0,20,2024
202000,77124,PENCHARD,77,Maison,80,4,80,2024
433000,77700,MAGNY-LE-HONGRE,77,Maison,80,3,416,2024
257000,77178,SAINT-PATHUS,77,Maison,120,4,680,2024
186000,77480,FONTAINE-FOURCHES,77,Maison,59,3,931,2024
625650,77700,MAGNY-LE-HONGRE,77,Maison,125,5,44,2024
625650,77700,MAGNY-LE-HONGRE,77,Maison,125,5,500,2024
173000,77320,LA CHAPELLE-MOUTILS,77,Maison,82,4,532,2024
173000,77320,LA CHAPELLE-MOUTILS,77,Maison,82,4,500,2024
265000,77186,NOISIEL,77,Maison,58,3,303,2024
185000,77260,LA FERTE SOUS JOUARRE,77,Appartement,67,3,54,2024
185000,77260,LA FERTE SOUS JOUARRE,77,Appartement,31,1,54,2024
185000,77260,LA FERTE SOUS JOUARRE,77,Appartement,27,1,54,2024
416390,77600,GUERMANTES,77,Maison,109,5,553,2024
174238,77750,SAINT-OUEN-SUR-MORIN,77,Maison,120,3,577,2024
139000,77510,VILLENEUVE-SUR-BELLOT,77,Maison,97,5,49,2024
139000,77510,VILLENEUVE-SUR-BELLOT,77,Dépendance,0,0,24,2024
115000,77510,REBAIS,77,Dépendance,0,0,348,2024
115000,77510,REBAIS,77,Local industriel. commercial ou assimilé,72,0,348,2024
115000,77510,REBAIS,77,Appartement,86,2,348,2024
58300,77480,VILLENAUXE-LA-PETITE,77,Dépendance,0,0,685,2024
58300,77480,VILLENAUXE-LA-PETITE,77,Maison,32,1,685,2024
58300,77480,VILLENAUXE-LA-PETITE,77,Maison,32,1,85,2024
58300,77480,VILLENAUXE-LA-PETITE,77,Dépendance,0,0,85,2024
189100,77750,SAINT-CYR-SUR-MORIN,77,Maison,92,4,46,2024
378800,77174,VILLENEUVE-LE-COMTE,77,Maison,121,5,506,2024
269000,77280,OTHIS,77,Maison,88,4,239,2024
283906,77124,PENCHARD,77,Maison,120,5,640,2024
155000,77120,MOUROUX,77,Maison,42,3,382,2024
155000,77120,MOUROUX,77,Dépendance,0,0,382,2024
350000,77370,NANGIS,77,Local industriel. commercial ou assimilé,442,0,836,2024
315000,77178,SAINT-PATHUS,77,Maison,101,5,158,2024
315000,77178,SAINT-PATHUS,77,Maison,101,5,500,2024
254950,77860,QUINCY-VOISINS,77,Maison,90,4,111,2024
254950,77860,QUINCY-VOISINS,77,Dépendance,0,0,21,2024
493700,77230,SAINT-MARD,77,Maison,63,3,319,2024
90000,77580,PIERRE-LEVEE,77,Maison,28,2,550,2024
90000,77580,PIERRE-LEVEE,77,Dépendance,0,0,550,2024
417000,77420,CHAMPS-SUR-MARNE,77,Maison,64,3,920,2024
248000,77120,MOUROUX,77,Dépendance,0,0,239,2024
248000,77120,MOUROUX,77,Maison,145,5,239,2024
195000,77320,SAINT-MARS-VIEUX-MAISONS,77,Maison,98,3,862,2024
195000,77320,SAINT-MARS-VIEUX-MAISONS,77,Dépendance,0,0,862,2024
195000,77320,SAINT-MARS-VIEUX-MAISONS,77,Maison,98,3,200,2024
195000,77320,SAINT-MARS-VIEUX-MAISONS,77,Dépendance,0,0,200,2024
169000,77540,ROZAY-EN-BRIE,77,Maison,71,4,190,2024
280000,77500,CHELLES,77,Maison,93,4,185,2024
576700,77160,PROVINS,77,Maison,165,6,1011,2024
576700,77160,PROVINS,77,Dépendance,0,0,1011,2024
317300,77270,VILLEPARISIS,77,Maison,115,5,600,2024
317300,77270,VILLEPARISIS,77,Dépendance,0,0,600,2024
340000,77181,COURTRY,77,Maison,84,5,307,2024
480000,77500,CHELLES,77,Dépendance,0,0,500,2024
480000,77500,CHELLES,77,Maison,130,6,500,2024
480000,77500,CHELLES,77,Maison,130,6,100,2024
480000,77500,CHELLES,77,Dépendance,0,0,100,2024
302000,77181,COURTRY,77,Maison,103,4,427,2024
410000,77600,CHANTELOUP EN BRIE,77,Maison,99,4,402,2024
358860,77470,TRILPORT,77,Maison,123,5,500,2024
358860,77470,TRILPORT,77,Maison,123,5,429,2024
412670,77600,CONCHES SUR GONDOIRE,77,Maison,81,4,500,2024
412670,77600,CONCHES SUR GONDOIRE,77,Maison,81,4,302,2024
737000,77600,BUSSY-SAINT-GEORGES,77,Maison,160,5,500,2024
737000,77600,BUSSY-SAINT-GEORGES,77,Maison,160,5,312,2024
7250000,77164,FERRIERES-EN-BRIE,77,Local industriel. commercial ou assimilé,2200,0,18923,2024
7250000,77164,FERRIERES-EN-BRIE,77,Local industriel. commercial ou assimilé,1109,0,18923,2024
377000,77400,THORIGNY SUR MARNE,77,Maison,80,3,254,2024
377000,77400,THORIGNY SUR MARNE,77,Dépendance,0,0,254,2024
310000,77165,SAINT-SOUPPLETS,77,Dépendance,0,0,728,2024
310000,77165,SAINT-SOUPPLETS,77,Appartement,25,1,230,2024
310000,77165,SAINT-SOUPPLETS,77,Appartement,35,2,230,2024
310000,77165,SAINT-SOUPPLETS,77,Appartement,67,3,230,2024
310000,77165,SAINT-SOUPPLETS,77,Dépendance,0,0,230,2024
310000,77165,SAINT-SOUPPLETS,77,Appartement,58,3,230,2024
310000,77165,SAINT-SOUPPLETS,77,Appartement,25,1,728,2024
310000,77165,SAINT-SOUPPLETS,77,Appartement,35,2,728,2024
310000,77165,SAINT-SOUPPLETS,77,Appartement,67,3,728,2024
310000,77165,SAINT-SOUPPLETS,77,Appartement,58,3,728,2024
232000,77290,MITRY MORY,77,Maison,80,4,101,2024
258000,77270,VILLEPARISIS,77,Dépendance,0,0,700,2024
258000,77270,VILLEPARISIS,77,Maison,66,3,700,2024
260000,77750,BASSEVELLE,77,Maison,268,6,1328,2024
260000,77750,BASSEVELLE,77,Dépendance,0,0,1328,2024
260000,77750,BASSEVELLE,77,Dépendance,0,0,1523,2024
260000,77750,BASSEVELLE,77,Maison,268,6,1523,2024
220000,77580,VILLIERS-SUR-MORIN,77,Maison,60,4,138,2024
150000,77650,CHALMAISON,77,Maison,80,5,534,2024
150000,77650,CHALMAISON,77,Dépendance,0,0,534,2024
408172,77400,THORIGNY SUR MARNE,77,Maison,112,5,630,2024
408172,77400,THORIGNY SUR MARNE,77,Dépendance,0,0,630,2024
249000,77520,MONTIGNY-LENCOUP,77,Maison,120,4,734,2024
249000,77520,MONTIGNY-LENCOUP,77,Maison,120,4,400,2024
320000,77120,COULOMMIERS,77,Maison,128,4,794,2024
250000,77540,COURPALAY,77,Maison,126,5,395,2024
115000,77370,NANGIS,77,Maison,60,3,273,2024
115000,77370,NANGIS,77,Dépendance,0,0,273,2024
428000,77500,CHELLES,77,Maison,126,5,464,2024
150000,77650,LONGUEVILLE,77,Maison,64,4,363,2024
150000,77650,LONGUEVILLE,77,Dépendance,0,0,363,2024
293000,77280,OTHIS,77,Maison,105,5,409,2024
293000,77280,OTHIS,77,Dépendance,0,0,409,2024
293000,77280,OTHIS,77,Local industriel. commercial ou assimilé,0,0,51,2024
343000,77181,COURTRY,77,Dépendance,0,0,479,2024
343000,77181,COURTRY,77,Local industriel. commercial ou assimilé,20,0,479,2024
343000,77181,COURTRY,77,Maison,95,6,479,2024
243000,77370,CHAPELLE-RABLAIS (LA),77,Maison,89,2,223,2024
240000,77160,SAINT-BRICE,77,Maison,88,3,1003,2024
515160,77144,MONTEVRAIN,77,Maison,137,5,353,2024
366000,77700,COUPVRAY,77,Maison,75,3,581,2024
238000,77290,MITRY MORY,77,Maison,78,5,448,2024
238000,77290,MITRY MORY,77,Dépendance,0,0,448,2024
248000,77270,VILLEPARISIS,77,Maison,83,5,509,2024
281000,77181,COURTRY,77,Maison,68,4,434,2024
446450,77700,CHESSY,77,Maison,149,10,500,2024
446450,77700,CHESSY,77,Maison,149,10,265,2024
395000,77100,MEAUX,77,Maison,160,5,1358,2024
395000,77100,MEAUX,77,Maison,160,5,500,2024
395000,77100,MEAUX,77,Dépendance,0,0,1358,2024
395000,77100,MEAUX,77,Dépendance,0,0,500,2024
965000,77230,MOUSSY-LE-NEUF,77,Dépendance,0,0,4032,2024
965000,77230,MOUSSY-LE-NEUF,77,Maison,54,3,4032,2024
965000,77230,MOUSSY-LE-NEUF,77,Maison,250,7,4032,2024
343000,77410,MESSY,77,Maison,109,5,400,2024
116000,77520,DONNEMARIE-DONTILLY,77,Maison,96,4,56,2024
330000,77360,VAIRES SUR MARNE,77,Maison,65,3,612,2024
270000,77400,SAINT THIBAULT DES VIGNES,77,Maison,47,4,66,2024
333200,77320,FERTE-GAUCHER (LA),77,Appartement,42,2,460,2024
333200,77320,FERTE-GAUCHER (LA),77,Appartement,48,2,460,2024
333200,77320,FERTE-GAUCHER (LA),77,Appartement,45,2,460,2024
333200,77320,FERTE-GAUCHER (LA),77,Appartement,32,2,460,2024
333200,77320,FERTE-GAUCHER (LA),77,Appartement,36,2,460,2024
131500,77560,AUGERS-EN-BRIE,77,Maison,56,3,2069,2024
459000,77700,BAILLY-ROMAINVILLIERS,77,Maison,113,5,314,2024
335715,77610,MARLES-EN-BRIE,77,Maison,88,5,250,2024
335715,77610,MARLES-EN-BRIE,77,Maison,94,3,1759,2024
335715,77610,MARLES-EN-BRIE,77,Maison,88,5,1759,2024
335715,77610,MARLES-EN-BRIE,77,Maison,94,3,250,2024
162000,77122,MONTHYON,77,Maison,50,3,153,2024
159000,77280,OTHIS,77,Dépendance,0,0,402,2024
159000,77280,OTHIS,77,Maison,89,4,402,2024
211880,77100,MEAUX,77,Maison,84,4,155,2024
333000,77270,VILLEPARISIS,77,Maison,143,7,378,2024
238000,77910,CHAMBRY,77,Maison,106,5,541,2024
238000,77910,CHAMBRY,77,Dépendance,0,0,541,2024
260000,77134,ORMES-SUR-VOULZIE (LES),77,Maison,129,6,2219,2024
260000,77134,ORMES-SUR-VOULZIE (LES),77,Local industriel. commercial ou assimilé,70,0,2219,2024
158000,77126,EGLIGNY,77,Maison,80,3,315,2024
158000,77126,EGLIGNY,77,Dépendance,0,0,315,2024
203300,77160,PROVINS,77,Dépendance,0,0,514,2024
203300,77160,PROVINS,77,Maison,66,3,514,2024
108000,77160,PROVINS,77,Maison,145,4,121,2024
450000,77400,LAGNY-SUR-MARNE,77,Maison,110,5,498,2024
450000,77400,LAGNY-SUR-MARNE,77,Dépendance,0,0,498,2024
430000,77410,CLAYE-SOUILLY,77,Maison,145,5,394,2024
430000,77410,CLAYE-SOUILLY,77,Dépendance,0,0,394,2024
430000,77410,CLAYE-SOUILLY,77,Maison,145,5,500,2024
430000,77410,CLAYE-SOUILLY,77,Dépendance,0,0,500,2024
357000,77151,MONTCEAUX-LES-PROVINS,77,Local industriel. commercial ou assimilé,3571,0,6000,2024
357000,77151,MONTCEAUX-LES-PROVINS,77,Local industriel. commercial ou assimilé,3571,0,16028,2024
650000,77700,BAILLY-ROMAINVILLIERS,77,Maison,176,6,650,2024
380000,77181,COURTRY,77,Maison,123,5,347,2024
30000,77410,PRECY-SUR-MARNE,77,Maison,93,4,66,2024
358585,77181,LE PIN,77,Maison,90,5,232,2024
264900,77515,POMMEUSE,77,Maison,89,4,607,2024
264900,77515,POMMEUSE,77,Dépendance,0,0,607,2024
630000,77100,MAREUIL-LES-MEAUX,77,Local industriel. commercial ou assimilé,1320,0,2000,2024
425800,77410,CHARNY,77,Maison,145,6,445,2024
425800,77410,CHARNY,77,Local industriel. commercial ou assimilé,10,0,445,2024
400000,77410,CLAYE-SOUILLY,77,Dépendance,0,0,776,2024
400000,77410,CLAYE-SOUILLY,77,Maison,123,5,776,2024
400000,77410,CLAYE-SOUILLY,77,Local industriel. commercial ou assimilé,45,0,776,2024
510000,77580,BOULEURS,77,Dépendance,0,0,718,2024
510000,77580,BOULEURS,77,Maison,140,4,718,2024
385350,77450,ESBLY,77,Maison,124,5,500,2024
385350,77450,ESBLY,77,Maison,124,5,112,2024
408000,77100,MAREUIL-LES-MEAUX,77,Maison,120,5,556,2024
408000,77100,MAREUIL-LES-MEAUX,77,Dépendance,0,0,556,2024
340000,77610,HOUSSAYE-EN-BRIE (LA),77,Maison,170,6,2680,2024
340000,77610,HOUSSAYE-EN-BRIE (LA),77,Maison,170,6,250,2024
209000,77515,FAREMOUTIERS,77,Maison,77,4,640,2024
412900,77410,CHARMENTRAY,77,Maison,120,6,500,2024
412900,77410,CHARMENTRAY,77,Maison,120,6,843,2024
150000,77130,TOMBE (LA),77,Maison,76,4,630,2024
150000,77130,TOMBE (LA),77,Maison,76,4,370,2024
295000,77174,VILLENEUVE-LE-COMTE,77,Maison,86,5,330,2024
205000,77100,NANTEUIL-LES-MEAUX,77,Maison,127,4,91,2024
218462,77124,CHAUCONIN-NEUFMONTIERS,77,Maison,70,2,45,2024
360000,77580,VILLIERS-SUR-MORIN,77,Dépendance,0,0,48,2024
360000,77580,VILLIERS-SUR-MORIN,77,Maison,125,6,748,2024
360000,77580,VILLIERS-SUR-MORIN,77,Dépendance,0,0,748,2024
360000,77580,VILLIERS-SUR-MORIN,77,Maison,125,6,48,2024
271000,77181,COURTRY,77,Maison,63,3,399,2024
76000,77480,MOUY-SUR-SEINE,77,Maison,50,3,392,2024
28000,77540,ROZAY-EN-BRIE,77,Dépendance,0,0,61,2024
199000,77510,VERDELOT,77,Dépendance,0,0,641,2024
199000,77510,VERDELOT,77,Maison,175,6,641,2024
199000,77120,AMILLIS,77,Dépendance,0,0,878,2024
199000,77120,AMILLIS,77,Maison,72,4,878,2024
321400,77100,MEAUX,77,Maison,101,5,213,2024
375400,77700,COUPVRAY,77,Maison,92,4,500,2024
375400,77700,COUPVRAY,77,Maison,92,4,624,2024
135000,77118,BAZOCHES LES BRAY,77,Dépendance,0,0,410,2024
135000,77118,BAZOCHES LES BRAY,77,Maison,75,4,410,2024
495000,77100,MEAUX,77,Maison,170,6,500,2024
495000,77100,MEAUX,77,Maison,170,6,606,2024
440000,77610,MARLES-EN-BRIE,77,Maison,132,6,250,2024
440000,77610,MARLES-EN-BRIE,77,Maison,132,6,550,2024
850000,77144,MONTEVRAIN,77,Maison,115,3,112,2024
850000,77144,MONTEVRAIN,77,Maison,115,3,524,2024
850000,77144,MONTEVRAIN,77,Dépendance,0,0,112,2024
850000,77144,MONTEVRAIN,77,Dépendance,0,0,524,2024
104000,77171,CHALAUTRE-LA-GRANDE,77,Maison,97,4,813,2024
365000,77230,MOUSSY-LE-NEUF,77,Maison,176,7,772,2024
105000,77480,BRAY-SUR-SEINE,77,Maison,120,5,117,2024
365000,77100,MAREUIL-LES-MEAUX,77,Maison,120,5,436,2024
390000,77200,TORCY,77,Maison,114,6,500,2024
794650,77400,LAGNY-SUR-MARNE,77,Maison,198,7,1091,2024
794650,77400,LAGNY-SUR-MARNE,77,Local industriel. commercial ou assimilé,137,0,1091,2024
794650,77400,LAGNY-SUR-MARNE,77,Local industriel. commercial ou assimilé,253,0,1091,2024
360000,77184,EMERAINVILLE,77,Maison,125,5,180,2024
484550,77164,FERRIERES-EN-BRIE,77,Maison,95,4,409,2024
268200,77730,SAACY-SUR-MARNE,77,Maison,86,4,724,2024
268200,77730,SAACY-SUR-MARNE,77,Maison,86,4,1040,2024
180000,77910,VARREDDES,77,Maison,134,6,250,2024
650000,77700,BAILLY-ROMAINVILLIERS,77,Maison,148,5,450,2024
304700,77580,CRECY LA CHAPELLE,77,Maison,91,4,436,2024
410000,77200,TORCY,77,Dépendance,0,0,326,2024
410000,77200,TORCY,77,Maison,152,7,326,2024
245000,77560,VOULTON,77,Maison,120,4,886,2024
245000,77560,VOULTON,77,Maison,120,4,2860,2024
285000,77500,CHELLES,77,Maison,75,4,500,2024
330000,77860,SAINT-GERMAIN-SUR-MORIN,77,Maison,80,4,254,2024
330000,77860,SAINT-GERMAIN-SUR-MORIN,77,Dépendance,0,0,254,2024
240000,77470,MONTCEAUX-LES-MEAUX,77,Maison,75,4,342,2024
240000,77470,MONTCEAUX-LES-MEAUX,77,Maison,75,4,500,2024
15000,77260,USSY-SUR-MARNE,77,Maison,24,2,31,2024
630700,77500,CHELLES,77,Maison,170,6,251,2024
630700,77500,CHELLES,77,Maison,170,6,500,2024
382000,77580,GUERARD,77,Maison,210,6,500,2024
382000,77580,GUERARD,77,Maison,210,6,542,2024
295000,77100,MEAUX,77,Maison,106,4,400,2024
307000,77163,DAMMARTIN-SUR-TIGEAUX,77,Maison,87,5,500,2024
307000,77163,DAMMARTIN-SUR-TIGEAUX,77,Maison,87,5,1080,2024
322500,77580,GUERARD,77,Dépendance,0,0,242,2024
322500,77580,GUERARD,77,Maison,86,5,500,2024
322500,77580,GUERARD,77,Maison,86,5,242,2024
322500,77580,GUERARD,77,Dépendance,0,0,500,2024
125000,77160,PROVINS,77,Local industriel. commercial ou assimilé,142,0,79,2024
250000,77650,SAINTE-COLOMBE,77,Maison,83,4,2295,2024
250000,77650,SAINTE-COLOMBE,77,Maison,83,4,1000,2024
353490,77126,CHATENAY-SUR-SEINE,77,Dépendance,0,0,805,2024
353490,77126,CHATENAY-SUR-SEINE,77,Maison,170,7,805,2024
353490,77126,CHATENAY-SUR-SEINE,77,Maison,170,7,500,2024
353490,77126,CHATENAY-SUR-SEINE,77,Dépendance,0,0,500,2024
250000,77400,DAMPMART,77,Maison,100,4,145,2024
250000,77400,DAMPMART,77,Dépendance,0,0,500,2024
250000,77400,DAMPMART,77,Maison,100,4,500,2024
250000,77400,DAMPMART,77,Dépendance,0,0,145,2024
1350000,77181,LE PIN,77,Maison,75,4,4458,2024
1350000,77181,LE PIN,77,Maison,75,4,500,2024
3000,77260,CHAMIGNY,77,Dépendance,0,0,68,2024
300000,77500,CHELLES,77,Maison,102,6,465,2024
277000,77440,LIZY-SUR-OURCQ,77,Maison,110,5,170,2024
277000,77440,LIZY-SUR-OURCQ,77,Maison,110,5,500,2024
289900,77440,MARY-SUR-MARNE,77,Maison,124,5,121,2024
460000,77510,VERDELOT,77,Dépendance,0,0,1608,2024
460000,77510,VERDELOT,77,Maison,198,6,1608,2024
460000,77510,VERDELOT,77,Maison,198,6,2635,2024
460000,77510,VERDELOT,77,Dépendance,0,0,2635,2024
460000,77510,VERDELOT,77,Maison,198,6,1006,2024
460000,77510,VERDELOT,77,Dépendance,0,0,1006,2024
331610,77360,VAIRES SUR MARNE,77,Maison,115,4,370,2024
165000,77650,JUTIGNY,77,Dépendance,0,0,528,2024
165000,77650,JUTIGNY,77,Maison,124,6,528,2024
260000,77370,GASTINS,77,Maison,95,4,702,2024
260000,77120,MOUROUX,77,Dépendance,0,0,229,2024
260000,77120,MOUROUX,77,Maison,86,4,771,2024
260000,77120,MOUROUX,77,Dépendance,0,0,771,2024
260000,77120,MOUROUX,77,Maison,86,4,229,2024
198000,77520,DONNEMARIE-DONTILLY,77,Maison,96,5,532,2024
83500,77480,BRAY-SUR-SEINE,77,Local industriel. commercial ou assimilé,82,0,43,2024
35000,77520,DONNEMARIE-DONTILLY,77,Maison,30,2,38,2024
35000,77520,DONNEMARIE-DONTILLY,77,Maison,30,2,1680,2024
35000,77520,DONNEMARIE-DONTILLY,77,Maison,30,2,789,2024
212000,77120,COULOMMIERS,77,Maison,60,4,398,2024
415000,77124,CREGY-LES-MEAUX,77,Maison,158,6,248,2024
415000,77124,CREGY-LES-MEAUX,77,Maison,158,6,500,2024
322050,77450,CONDE-SAINTE-LIBIAIRE,77,Maison,106,5,532,2024
246600,77410,VILLEROY,77,Maison,86,4,67,2024
249000,77970,PECY,77,Maison,105,4,503,2024
150000,77440,DHUISY,77,Dépendance,0,0,157,2024
198000,77440,ARMENTIERES-EN-BRIE,77,Dépendance,0,0,329,2024
198000,77440,ARMENTIERES-EN-BRIE,77,Maison,45,3,329,2024
355000,77600,CHANTELOUP EN BRIE,77,Maison,91,5,208,2024
310000,77270,VILLEPARISIS,77,Dépendance,0,0,410,2024
310000,77270,VILLEPARISIS,77,Maison,87,4,410,2024
360000,77270,VILLEPARISIS,77,Maison,115,5,436,2024
453550,77185,LOGNES,77,Maison,106,6,395,2024
453550,77185,LOGNES,77,Dépendance,0,0,395,2024
359545,77144,CHALIFERT,77,Maison,87,7,639,2024
359545,77144,CHALIFERT,77,Dépendance,0,0,500,2024
359545,77144,CHALIFERT,77,Maison,87,7,500,2024
359545,77144,CHALIFERT,77,Dépendance,0,0,639,2024
75000,77320,FERTE-GAUCHER (LA),77,Local industriel. commercial ou assimilé,45,0,44,2024
75000,77320,FERTE-GAUCHER (LA),77,Maison,35,4,44,2024
360000,77450,MONTRY,77,Dépendance,0,0,80,2024
360000,77450,MONTRY,77,Maison,87,4,80,2024
333300,77470,TRILPORT,77,Maison,140,5,794,2024
423600,77400,SAINT THIBAULT DES VIGNES,77,Maison,129,6,341,2024
146000,77120,CHAILLY-EN-BRIE,77,Maison,65,1,500,2024
146000,77120,CHAILLY-EN-BRIE,77,Maison,65,1,747,2024
362700,77580,CRECY LA CHAPELLE,77,Maison,110,5,598,2024
193922,77450,CONDE-SAINTE-LIBIAIRE,77,Maison,108,4,193,2024
120000,77160,CHENOISE-CUCHARMOY,77,Maison,118,5,372,2024
325000,77970,PECY,77,Local industriel. commercial ou assimilé,294,0,553,2024
279000,77610,FONTENAY-TRESIGNY,77,Dépendance,0,0,497,2024
279000,77610,FONTENAY-TRESIGNY,77,Maison,180,5,497,2024
140000,77450,ESBLY,77,Maison,50,2,227,2024
140000,77450,ESBLY,77,Dépendance,0,0,227,2024
265000,77560,VILLIERS-SAINT-GEORGES,77,Maison,120,6,500,2024
265000,77560,VILLIERS-SAINT-GEORGES,77,Maison,120,6,401,2024
133000,77750,SAINT-CYR-SUR-MORIN,77,Dépendance,0,0,60,2024
133000,77750,SAINT-CYR-SUR-MORIN,77,Appartement,70,1,60,2024
133000,77750,SAINT-CYR-SUR-MORIN,77,Appartement,35,1,60,2024
255000,77660,CHANGIS-SUR-MARNE,77,Maison,125,5,500,2024
255000,77660,CHANGIS-SUR-MARNE,77,Dépendance,0,0,504,2024
255000,77660,CHANGIS-SUR-MARNE,77,Maison,125,5,504,2024
255000,77660,CHANGIS-SUR-MARNE,77,Dépendance,0,0,500,2024
355000,77970,BANNOST-VILLEGAGNON,77,Maison,220,4,1201,2024
355000,77970,BANNOST-VILLEGAGNON,77,Maison,220,4,57,2024
510000,77260,LA FERTE SOUS JOUARRE,77,Maison,178,7,439,2024
407600,77700,COUPVRAY,77,Maison,93,5,203,2024
259910,77120,MOUROUX,77,Dépendance,0,0,593,2024
259910,77120,MOUROUX,77,Maison,91,4,593,2024
300000,77610,HOUSSAYE-EN-BRIE (LA),77,Maison,134,6,397,2024
253500,77260,LA FERTE SOUS JOUARRE,77,Maison,92,4,500,2024
253500,77260,LA FERTE SOUS JOUARRE,77,Maison,92,4,200,2024
118000,77730,MERY-SUR-MARNE,77,Maison,48,3,984,2024
118000,77730,MERY-SUR-MARNE,77,Dépendance,0,0,984,2024
475000,77600,BUSSY-SAINT-GEORGES,77,Maison,108,5,359,2024
187000,77120,COULOMMIERS,77,Maison,93,5,539,2024
310000,77120,AULNOY,77,Maison,147,6,421,2024
310000,77120,AULNOY,77,Dépendance,0,0,421,2024
335000,77600,CHANTELOUP EN BRIE,77,Maison,68,4,502,2024
159000,77840,CROUY-SUR-OURCQ,77,Maison,46,2,1600,2024
159000,77840,CROUY-SUR-OURCQ,77,Dépendance,0,0,1600,2024
210000,77515,POMMEUSE,77,Maison,32,2,250,2024
210000,77515,POMMEUSE,77,Maison,32,2,940,2024
50000,77610,MARLES-EN-BRIE,77,Maison,160,6,1827,2024
437900,77540,BERNAY VILBERT,77,Maison,183,7,500,2024
437900,77540,BERNAY VILBERT,77,Maison,183,7,721,2024
215000,77400,THORIGNY SUR MARNE,77,Appartement,40,2,142,2024
212000,77540,ROZAY-EN-BRIE,77,Maison,74,5,90,2024
212000,77540,ROZAY-EN-BRIE,77,Dépendance,0,0,90,2024
479400,77174,VILLENEUVE-LE-COMTE,77,Maison,162,5,250,2024
479400,77174,VILLENEUVE-LE-COMTE,77,Maison,162,5,541,2024
255000,77270,VILLEPARISIS,77,Maison,95,5,142,2024
502125,77600,CHANTELOUP EN BRIE,77,Maison,135,7,325,2024
502125,77600,CHANTELOUP EN BRIE,77,Maison,135,7,500,2024
242000,77450,MONTRY,77,Maison,112,4,570,2024
345000,77610,FONTENAY-TRESIGNY,77,Maison,180,6,500,2024
345000,77610,FONTENAY-TRESIGNY,77,Dépendance,0,0,369,2024
345000,77610,FONTENAY-TRESIGNY,77,Maison,180,6,369,2024
345000,77610,FONTENAY-TRESIGNY,77,Dépendance,0,0,500,2024
495000,77700,MAGNY-LE-HONGRE,77,Maison,72,2,130,2024
495000,77700,MAGNY-LE-HONGRE,77,Dépendance,0,0,49,2024
380000,77410,CHARNY,77,Dépendance,0,0,498,2024
380000,77410,CHARNY,77,Maison,93,6,498,2024
314000,77400,POMPONNE,77,Maison,82,4,376,2024
610000,77360,VAIRES SUR MARNE,77,Maison,134,4,651,2024
610000,77360,VAIRES SUR MARNE,77,Dépendance,0,0,651,2024
340000,77181,COURTRY,77,Maison,64,4,589,2024
190000,77230,DAMMARTIN-EN-GOELE,77,Maison,56,3,140,2024
20000,77100,NANTEUIL-LES-MEAUX,77,Maison,12,1,672,2024
20000,77100,NANTEUIL-LES-MEAUX,77,Maison,12,1,12,2024
230000,77165,SAINT-SOUPPLETS,77,Maison,112,6,444,2024
365000,77600,GUERMANTES,77,Maison,113,6,334,2024
410000,77420,CHAMPS-SUR-MARNE,77,Maison,94,5,574,2024
180000,77440,JAIGNES,77,Maison,120,4,65,2024
180000,77440,JAIGNES,77,Dépendance,0,0,65,2024
291000,77500,CHELLES,77,Maison,106,5,349,2024
200000,77122,MONTHYON,77,Maison,92,4,105,2024
200000,77122,MONTHYON,77,Dépendance,0,0,105,2024
415000,77183,CROISSY-BEAUBOURG,77,Maison,131,7,362,2024
246200,77260,LA FERTE SOUS JOUARRE,77,Maison,171,6,421,2024
40000,77640,JOUARRE,77,Local industriel. commercial ou assimilé,0,0,4098,2024
260000,77260,REUIL-EN-BRIE,77,Maison,100,4,556,2024
390600,77400,THORIGNY SUR MARNE,77,Dépendance,0,0,413,2024
390600,77400,THORIGNY SUR MARNE,77,Maison,90,3,413,2024
543000,77750,SAINT-CYR-SUR-MORIN,77,Local industriel. commercial ou assimilé,396,0,7664,2024
543000,77750,SAINT-CYR-SUR-MORIN,77,Appartement,46,1,7664,2024
543000,77750,SAINT-CYR-SUR-MORIN,77,Maison,150,5,7664,2024
543000,77750,SAINT-CYR-SUR-MORIN,77,Local industriel. commercial ou assimilé,214,0,7664,2024
543000,77750,SAINT-CYR-SUR-MORIN,77,Local industriel. commercial ou assimilé,595,0,7664,2024
543000,77750,SAINT-CYR-SUR-MORIN,77,Local industriel. commercial ou assimilé,635,0,7664,2024
198000,77120,COULOMMIERS,77,Maison,110,6,720,2024
198000,77120,COULOMMIERS,77,Dépendance,0,0,720,2024
241000,77120,COULOMMIERS,77,Dépendance,0,0,593,2024
241000,77120,COULOMMIERS,77,Maison,84,4,593,2024
148000,77120,CHAILLY-EN-BRIE,77,Dépendance,0,0,1447,2024
148000,77120,CHAILLY-EN-BRIE,77,Maison,80,4,1447,2024
148000,77120,CHAILLY-EN-BRIE,77,Maison,80,4,600,2024
148000,77120,CHAILLY-EN-BRIE,77,Dépendance,0,0,600,2024
301000,77141,VAUDOY-EN-BRIE,77,Maison,195,5,536,2024
301000,77141,VAUDOY-EN-BRIE,77,Maison,195,5,500,2024
603500,77144,MONTEVRAIN,77,Maison,139,6,467,2024
264320,77450,MONTRY,77,Maison,75,4,413,2024
383600,77600,CONCHES SUR GONDOIRE,77,Maison,116,5,386,2024
383600,77600,CONCHES SUR GONDOIRE,77,Dépendance,0,0,386,2024
115000,77400,THORIGNY SUR MARNE,77,Appartement,42,2,5,2024
466000,77400,THORIGNY SUR MARNE,77,Maison,103,6,256,2024
157500,77410,CLAYE-SOUILLY,77,Maison,103,5,344,2024
688006,77990,LE MESNIL-AMELOT,77,Local industriel. commercial ou assimilé,5524,0,9175,2024
280000,77990,LE MESNIL-AMELOT,77,Dépendance,0,0,377,2024
280000,77990,LE MESNIL-AMELOT,77,Maison,115,4,377,2024
292000,77174,VILLENEUVE-LE-COMTE,77,Maison,102,5,306,2024
250000,77470,TRILPORT,77,Maison,64,4,213,2024
218000,77510,BELLOT,77,Maison,65,4,306,2024
218000,77510,BELLOT,77,Maison,65,4,500,2024
630000,77600,BUSSY-SAINT-GEORGES,77,Maison,153,5,478,2024
150000,77320,BETON-BAZOCHES,77,Maison,71,3,1508,2024
225000,77320,FERTE-GAUCHER (LA),77,Maison,101,7,641,2024
159000,77320,FERTE-GAUCHER (LA),77,Maison,60,3,180,2024
1100000,77410,VILLEVAUDE,77,Local industriel. commercial ou assimilé,0,0,700,2024
1100000,77410,VILLEVAUDE,77,Maison,52,2,700,2024
1100000,77410,VILLEVAUDE,77,Local industriel. commercial ou assimilé,0,0,5151,2024
1100000,77410,VILLEVAUDE,77,Maison,52,2,5151,2024
1100000,77410,VILLEVAUDE,77,Local industriel. commercial ou assimilé,100,0,4968,2024
1100000,77410,VILLEVAUDE,77,Dépendance,0,0,1000,2024
1100000,77410,VILLEVAUDE,77,Local industriel. commercial ou assimilé,100,0,1000,2024
1100000,77410,VILLEVAUDE,77,Local industriel. commercial ou assimilé,0,0,1000,2024
1100000,77410,VILLEVAUDE,77,Maison,130,4,1000,2024
1100000,77410,VILLEVAUDE,77,Dépendance,0,0,4968,2024
1100000,77410,VILLEVAUDE,77,Local industriel. commercial ou assimilé,0,0,4968,2024
1100000,77410,VILLEVAUDE,77,Maison,130,4,4968,2024
224000,77320,CHEVRU,77,Maison,138,6,478,2024
224000,77320,CHEVRU,77,Dépendance,0,0,478,2024
180000,77320,BETON-BAZOCHES,77,Maison,98,6,700,2024
180000,77320,BETON-BAZOCHES,77,Maison,98,6,472,2024
256000,77400,THORIGNY SUR MARNE,77,Maison,75,4,337,2024
315000,77860,SAINT-GERMAIN-SUR-MORIN,77,Maison,74,4,354,2024
350000,77124,CHAUCONIN-NEUFMONTIERS,77,Maison,130,6,384,2024
225000,77400,DAMPMART,77,Maison,88,5,570,2024
290000,77290,MITRY MORY,77,Dépendance,0,0,429,2024
290000,77290,MITRY MORY,77,Maison,73,4,429,2024
226400,77165,SAINT-SOUPPLETS,77,Maison,86,5,85,2024
390000,77181,COURTRY,77,Maison,107,3,600,2024
390000,77181,COURTRY,77,Maison,107,3,400,2024
308000,77580,GUERARD,77,Maison,70,3,209,2024
170000,77320,MONTDAUPHIN,77,Maison,142,5,1334,2024
170000,77320,MONTDAUPHIN,77,Maison,142,5,500,2024
299000,77165,SAINT-SOUPPLETS,77,Maison,91,4,377,2024
298200,77184,EMERAINVILLE,77,Maison,110,5,182,2024
492000,77420,CHAMPS-SUR-MARNE,77,Dépendance,0,0,437,2024
492000,77420,CHAMPS-SUR-MARNE,77,Maison,115,4,437,2024
182000,77540,PLESSIS-FEU-AUSSOUS (LE),77,Maison,82,4,644,2024
60000,77510,REBAIS,77,Maison,80,5,137,2024
235000,77970,JOUY-LE-CHATEL,77,Maison,106,4,480,2024
185000,77138,LUZANCY,77,Maison,160,4,550,2024
185000,77138,LUZANCY,77,Dépendance,0,0,550,2024
450000,77610,HOUSSAYE-EN-BRIE (LA),77,Maison,227,7,869,2024
450000,77610,HOUSSAYE-EN-BRIE (LA),77,Maison,227,7,500,2024
1199000,77124,CREGY-LES-MEAUX,77,Maison,81,3,500,2024
1199000,77124,CREGY-LES-MEAUX,77,Dépendance,0,0,500,2024
1199000,77124,CREGY-LES-MEAUX,77,Maison,35,3,500,2024
1199000,77124,CREGY-LES-MEAUX,77,Local industriel. commercial ou assimilé,0,0,500,2024
1199000,77124,CREGY-LES-MEAUX,77,Dépendance,0,0,28602,2024
1199000,77124,CREGY-LES-MEAUX,77,Maison,35,3,28602,2024
1199000,77124,CREGY-LES-MEAUX,77,Local industriel. commercial ou assimilé,0,0,28602,2024
1199000,77124,CREGY-LES-MEAUX,77,Maison,81,3,28602,2024
128000,77520,MONTIGNY-LENCOUP,77,Dépendance,0,0,157,2024
128000,77520,MONTIGNY-LENCOUP,77,Maison,65,3,157,2024
54000,77540,VOINSLES,77,Maison,177,7,2298,2024
54000,77540,VOINSLES,77,Dépendance,0,0,2298,2024
381850,77420,CHAMPS-SUR-MARNE,77,Maison,97,4,241,2024
465000,77540,BERNAY VILBERT,77,Dépendance,0,0,500,2024
465000,77540,BERNAY VILBERT,77,Dépendance,0,0,1057,2024
465000,77540,BERNAY VILBERT,77,Maison,190,4,1057,2024
465000,77540,BERNAY VILBERT,77,Maison,190,4,500,2024
405000,77560,CHAMPCENEST,77,Dépendance,0,0,397,2024
405000,77560,CHAMPCENEST,77,Maison,258,9,397,2024
310000,77100,MEAUX,77,Dépendance,0,0,695,2024
310000,77100,MEAUX,77,Maison,130,5,695,2024
377000,77100,NANTEUIL-LES-MEAUX,77,Maison,81,3,477,2024
199000,77640,JOUARRE,77,Dépendance,0,0,102,2024
199000,77640,JOUARRE,77,Maison,95,4,102,2024
466000,77090,COLLEGIEN,77,Dépendance,0,0,505,2024
466000,77090,COLLEGIEN,77,Maison,110,5,505,2024
290000,77610,MARLES-EN-BRIE,77,Maison,85,4,266,2024
292000,77100,MEAUX,77,Maison,113,3,287,2024
292000,77100,MEAUX,77,Dépendance,0,0,287,2024
220000,77610,FONTENAY-TRESIGNY,77,Dépendance,0,0,446,2024
220000,77610,FONTENAY-TRESIGNY,77,Maison,94,5,446,2024
450000,77410,MESSY,77,Maison,110,3,500,2024
450000,77410,MESSY,77,Maison,110,3,2019,2024
400000,77360,VAIRES SUR MARNE,77,Maison,110,5,301,2024
146744,77600,BUSSY-SAINT-GEORGES,77,Maison,144,7,500,2024
146744,77600,BUSSY-SAINT-GEORGES,77,Maison,144,7,66,2024
260000,77270,VILLEPARISIS,77,Maison,87,5,426,2024
210000,77540,COURPALAY,77,Maison,134,8,411,2024
210000,77540,COURPALAY,77,Dépendance,0,0,411,2024
315000,77181,COURTRY,77,Maison,80,3,539,2024
315000,77181,COURTRY,77,Dépendance,0,0,539,2024
250000,77700,COUPVRAY,77,Dépendance,0,0,237,2024
250000,77700,COUPVRAY,77,Maison,79,4,237,2024
610000,77500,CHELLES,77,Maison,157,7,485,2024
145000,77560,VOULTON,77,Maison,70,4,69,2024
87000,77130,TOMBE (LA),77,Maison,63,3,385,2024
61000,77650,SOISY-BOUY,77,Local industriel. commercial ou assimilé,90,0,187,2024
375000,77500,CHELLES,77,Maison,108,5,297,2024
246650,77139,PUISIEUX,77,Dépendance,0,0,808,2024
246650,77139,PUISIEUX,77,Maison,140,5,808,2024
280000,77260,CHAMIGNY,77,Maison,112,7,896,2024
280000,77260,CHAMIGNY,77,Maison,112,7,500,2024
354800,77700,COUPVRAY,77,Maison,87,4,605,2024
265000,77270,VILLEPARISIS,77,Dépendance,0,0,381,2024
265000,77270,VILLEPARISIS,77,Maison,57,4,381,2024
180000,77160,PROVINS,77,Maison,111,6,73,2024
180000,77160,PROVINS,77,Maison,111,6,600,2024
100000,77540,VOINSLES,77,Dépendance,0,0,42,2024
100000,77540,VOINSLES,77,Maison,46,3,42,2024
243000,77100,NANTEUIL-LES-MEAUX,77,Maison,60,3,87,2024
318000,77470,TRILPORT,77,Dépendance,0,0,500,2024
318000,77470,TRILPORT,77,Maison,112,6,500,2024
480300,77860,COUILLY-PONT-AUX-DAMES,77,Maison,184,5,500,2024
480300,77860,COUILLY-PONT-AUX-DAMES,77,Dépendance,0,0,500,2024
480300,77860,COUILLY-PONT-AUX-DAMES,77,Maison,184,5,5167,2024
480300,77860,COUILLY-PONT-AUX-DAMES,77,Dépendance,0,0,5167,2024
640000,77600,BUSSY-SAINT-GEORGES,77,Maison,151,7,726,2024
120000,77520,DONNEMARIE-DONTILLY,77,Maison,131,4,167,2024
890000,77860,QUINCY-VOISINS,77,Dépendance,0,0,719,2024
890000,77860,QUINCY-VOISINS,77,Local industriel. commercial ou assimilé,22,0,719,2024
890000,77860,QUINCY-VOISINS,77,Maison,348,10,719,2024
735000,77600,BUSSY-SAINT-GEORGES,77,Maison,154,5,446,2024
500000,77600,BUSSY-SAINT-MARTIN,77,Maison,126,6,500,2024
500000,77600,BUSSY-SAINT-MARTIN,77,Maison,126,6,163,2024
325000,77184,EMERAINVILLE,77,Maison,109,5,233,2024
325000,77184,EMERAINVILLE,77,Local industriel. commercial ou assimilé,0,0,21927,2024
249000,77520,MONTIGNY-LENCOUP,77,Dépendance,0,0,197,2024
249000,77520,MONTIGNY-LENCOUP,77,Maison,122,6,197,2024
180000,77126,CHATENAY-SUR-SEINE,77,Maison,77,4,753,2024
180000,77126,CHATENAY-SUR-SEINE,77,Maison,77,4,500,2024
221220,77370,MAISON-ROUGE,77,Maison,100,5,869,2024
221220,77370,MAISON-ROUGE,77,Maison,100,5,550,2024
210000,77650,SAINTE-COLOMBE,77,Dépendance,0,0,565,2024
210000,77650,SAINTE-COLOMBE,77,Maison,140,5,565,2024
301109,77470,TRILPORT,77,Maison,95,5,500,2024
151000,77160,PROVINS,77,Appartement,30,2,200,2024
151000,77160,PROVINS,77,Appartement,36,3,200,2024
151000,77160,PROVINS,77,Dépendance,0,0,200,2024
165000,77650,SAVINS,77,Dépendance,0,0,805,2024
165000,77650,SAVINS,77,Maison,112,6,805,2024
297000,77410,CLAYE-SOUILLY,77,Maison,88,5,190,2024
346500,77124,CHAUCONIN-NEUFMONTIERS,77,Maison,160,5,169,2024
346500,77124,CHAUCONIN-NEUFMONTIERS,77,Dépendance,0,0,169,2024
475000,77600,BUSSY-SAINT-GEORGES,77,Maison,106,5,343,2024
330000,77270,VILLEPARISIS,77,Maison,105,5,547,2024
144000,77160,VULAINES-LES-PROVINS,77,Dépendance,0,0,18,2024
430000,77360,VAIRES SUR MARNE,77,Dépendance,0,0,500,2024
430000,77360,VAIRES SUR MARNE,77,Maison,71,3,500,2024
430000,77360,VAIRES SUR MARNE,77,Dépendance,0,0,738,2024
430000,77360,VAIRES SUR MARNE,77,Maison,71,3,738,2024
250000,77410,CLAYE-SOUILLY,77,Maison,76,3,363,2024
428200,77270,VILLEPARISIS,77,Dépendance,0,0,370,2024
428200,77270,VILLEPARISIS,77,Maison,142,5,370,2024
347600,77840,CROUY-SUR-OURCQ,77,Maison,177,4,544,2024
248100,77120,MOUROUX,77,Dépendance,0,0,376,2024
248100,77120,MOUROUX,77,Maison,110,4,376,2024
285000,77860,SAINT-GERMAIN-SUR-MORIN,77,Maison,74,3,360,2024
367000,77700,MAGNY-LE-HONGRE,77,Maison,74,4,180,2024
323500,77270,VILLEPARISIS,77,Maison,67,4,400,2024
217400,77860,QUINCY-VOISINS,77,Maison,60,3,500,2024
217400,77860,QUINCY-VOISINS,77,Maison,60,3,312,2024
310000,77860,QUINCY-VOISINS,77,Maison,88,4,268,2024
233700,77320,SANCY LES PROVINS,77,Dépendance,0,0,270,2024
233700,77320,SANCY LES PROVINS,77,Maison,90,4,270,2024
160000,77750,SAINT-OUEN-SUR-MORIN,77,Maison,164,7,774,2024
160000,77750,SAINT-OUEN-SUR-MORIN,77,Maison,164,7,250,2024
396500,77410,CHARNY,77,Maison,140,5,582,2024
285000,77160,PROVINS,77,Maison,115,5,272,2024
420000,77420,CHAMPS-SUR-MARNE,77,Maison,97,4,328,2024
98000,77730,MERY-SUR-MARNE,77,Maison,42,3,50,2024
98000,77730,MERY-SUR-MARNE,77,Dépendance,0,0,50,2024
271500,77440,LE PLESSIS-PLACY,77,Maison,130,5,135,2024
271500,77440,LE PLESSIS-PLACY,77,Dépendance,0,0,135,2024
271500,77440,LE PLESSIS-PLACY,77,Dépendance,0,0,100,2024
271500,77440,LE PLESSIS-PLACY,77,Dépendance,0,0,489,2024
139000,77470,TRILPORT,77,Maison,55,3,39,2024
265000,77260,LA FERTE SOUS JOUARRE,77,Maison,108,5,500,2024
265000,77260,LA FERTE SOUS JOUARRE,77,Maison,108,5,169,2024
255000,77580,GUERARD,77,Maison,90,4,210,2024
255000,77580,GUERARD,77,Maison,90,4,518,2024
431000,77700,COUPVRAY,77,Dépendance,0,0,170,2024
431000,77700,COUPVRAY,77,Maison,110,6,170,2024
241900,77120,CHAILLY-EN-BRIE,77,Dépendance,0,0,311,2024
241900,77120,CHAILLY-EN-BRIE,77,Maison,134,4,311,2024
390000,77090,COLLEGIEN,77,Maison,79,4,387,2024
185000,77910,VARREDDES,77,Dépendance,0,0,500,2024
185000,77910,VARREDDES,77,Maison,136,5,711,2024
185000,77910,VARREDDES,77,Maison,136,5,500,2024
185000,77910,VARREDDES,77,Dépendance,0,0,711,2024
570000,77100,MAREUIL-LES-MEAUX,77,Local industriel. commercial ou assimilé,298,0,789,2024
435000,77500,CHELLES,77,Maison,108,4,447,2024
282000,77280,OTHIS,77,Maison,89,4,473,2024
72500,77165,SAINT-SOUPPLETS,77,Maison,85,4,411,2024
381000,77230,MOUSSY-LE-NEUF,77,Maison,131,5,625,2024
230000,77650,SAINTE-COLOMBE,77,Maison,126,4,718,2024
230000,77650,SAINTE-COLOMBE,77,Dépendance,0,0,718,2024
427600,77400,SAINT THIBAULT DES VIGNES,77,Maison,111,5,255,2024
360000,77420,CHAMPS-SUR-MARNE,77,Maison,90,4,254,2024
180000,77730,MERY-SUR-MARNE,77,Maison,57,3,500,2024
180000,77730,MERY-SUR-MARNE,77,Maison,57,3,947,2024
325000,77515,FAREMOUTIERS,77,Maison,118,5,125,2024
325000,77515,FAREMOUTIERS,77,Maison,118,5,500,2024
202000,77650,SAINTE-COLOMBE,77,Maison,86,4,168,2024
302200,77131,PEZARCHES,77,Maison,141,8,353,2024
302200,77131,PEZARCHES,77,Dépendance,0,0,353,2024
302200,77131,PEZARCHES,77,Dépendance,0,0,750,2024
302200,77131,PEZARCHES,77,Maison,141,8,750,2024
235000,77515,POMMEUSE,77,Maison,99,4,1590,2024
235000,77515,POMMEUSE,77,Maison,99,4,422,2024
556500,77144,MONTEVRAIN,77,Maison,106,5,471,2024
236960,77410,SAINT-MESMES,77,Dépendance,0,0,132,2024
236960,77410,SAINT-MESMES,77,Maison,130,4,132,2024
341575,77230,MOUSSY-LE-VIEUX,77,Maison,124,5,494,2024
341575,77230,MOUSSY-LE-VIEUX,77,Dépendance,0,0,494,2024
253000,77178,SAINT-PATHUS,77,Maison,120,5,542,2024
27500,77730,SAACY-SUR-MARNE,77,Dépendance,0,0,72,2024
205000,77650,SAINTE-COLOMBE,77,Maison,91,4,500,2024
205000,77650,SAINTE-COLOMBE,77,Maison,91,4,573,2024
190000,77450,MONTRY,77,Maison,35,2,37,2024
296950,77230,ROUVRES,77,Maison,79,4,122,2024
547884,77230,THIEUX,77,Maison,95,4,504,2024
547884,77230,THIEUX,77,Dépendance,0,0,504,2024
547884,77230,THIEUX,77,Maison,95,4,500,2024
547884,77230,THIEUX,77,Dépendance,0,0,500,2024
262000,77260,REUIL-EN-BRIE,77,Maison,68,3,200,2024
262000,77260,REUIL-EN-BRIE,77,Maison,68,3,308,2024
57200,77160,CHALAUTRE-LA-PETITE,77,Maison,61,2,330,2024
57200,77160,CHALAUTRE-LA-PETITE,77,Dépendance,0,0,330,2024
605000,77165,LE PLESSIS-L EVEQUE,77,Dépendance,0,0,1173,2024
605000,77165,LE PLESSIS-L EVEQUE,77,Maison,113,4,1173,2024
205000,77370,NANGIS,77,Maison,98,4,585,2024
205000,77370,NANGIS,77,Maison,98,4,104,2024
179000,77260,SAINTE-AULDE,77,Maison,77,4,500,2024
179000,77260,SAINTE-AULDE,77,Maison,77,4,340,2024
284900,77280,OTHIS,77,Maison,88,4,232,2024
465000,77178,SAINT-PATHUS,77,Maison,144,7,264,2024
465000,77178,SAINT-PATHUS,77,Dépendance,0,0,264,2024
465000,77178,SAINT-PATHUS,77,Maison,144,7,500,2024
465000,77178,SAINT-PATHUS,77,Dépendance,0,0,500,2024
223000,77186,NOISIEL,77,Maison,98,5,127,2024
360000,77470,BOUTIGNY,77,Maison,147,5,667,2024
290000,77650,SAINT-LOUP-DE-NAUD,77,Local industriel. commercial ou assimilé,722,0,13260,2024
517228,77420,CHAMPS-SUR-MARNE,77,Maison,133,6,398,2024
297840,77910,VARREDDES,77,Maison,96,4,300,2024
110200,77580,GUERARD,77,Dépendance,0,0,658,2024
110200,77580,GUERARD,77,Maison,57,3,658,2024
317900,77860,QUINCY-VOISINS,77,Maison,110,4,501,2024
293250,77840,COULOMBS-EN-VALOIS,77,Maison,166,6,500,2024
293250,77840,COULOMBS-EN-VALOIS,77,Maison,166,6,1381,2024
293250,77840,COULOMBS-EN-VALOIS,77,Dépendance,0,0,1381,2024
293250,77840,COULOMBS-EN-VALOIS,77,Dépendance,0,0,500,2024
449210,77500,CHELLES,77,Maison,114,5,400,2024
668350,77500,CHELLES,77,Maison,110,5,500,2024
668350,77500,CHELLES,77,Dépendance,0,0,283,2024
668350,77500,CHELLES,77,Maison,110,5,283,2024
668350,77500,CHELLES,77,Dépendance,0,0,500,2024
355000,77580,VILLIERS-SUR-MORIN,77,Maison,63,4,354,2024
355000,77580,VILLIERS-SUR-MORIN,77,Dépendance,0,0,354,2024
445800,77470,BOUTIGNY,77,Dépendance,0,0,262,2024
445800,77470,BOUTIGNY,77,Maison,153,6,262,2024
760000,77700,BAILLY-ROMAINVILLIERS,77,Maison,165,6,642,2024
347800,77400,THORIGNY SUR MARNE,77,Maison,103,5,362,2024
312900,77163,DAMMARTIN-SUR-TIGEAUX,77,Maison,98,5,270,2024
318000,77260,LA FERTE SOUS JOUARRE,77,Maison,80,3,309,2024
730000,77580,CRECY LA CHAPELLE,77,Maison,403,10,12900,2024
730000,77580,CRECY LA CHAPELLE,77,Maison,403,10,500,2024
730000,77580,CRECY LA CHAPELLE,77,Appartement,37,3,12900,2024
730000,77580,CRECY LA CHAPELLE,77,Appartement,37,3,500,2024
375000,77580,VILLIERS-SUR-MORIN,77,Maison,84,5,550,2024
331700,77515,POMMEUSE,77,Maison,82,5,1461,2024
331700,77515,POMMEUSE,77,Maison,82,5,225,2024
235000,77160,SAINT-BRICE,77,Maison,113,7,1243,2024
376000,77370,NANGIS,77,Local industriel. commercial ou assimilé,482,0,1970,2024
376000,77370,NANGIS,77,Appartement,70,2,1970,2024
320000,77515,POMMEUSE,77,Maison,149,6,612,2024
97000,77370,NANGIS,77,Dépendance,0,0,154,2024
225000,77660,CHANGIS-SUR-MARNE,77,Maison,154,7,417,2024
544500,77580,CRECY LA CHAPELLE,77,Maison,148,6,500,2024
544500,77580,CRECY LA CHAPELLE,77,Maison,148,6,536,2024
320050,77178,SAINT-PATHUS,77,Maison,155,6,500,2024
320050,77178,SAINT-PATHUS,77,Maison,155,6,302,2024
15000,77470,FUBLAINES,77,Dépendance,0,0,56,2024
370000,77400,DAMPMART,77,Maison,116,5,236,2024
370000,77400,DAMPMART,77,Dépendance,0,0,236,2024
370000,77400,DAMPMART,77,Maison,116,5,500,2024
370000,77400,DAMPMART,77,Dépendance,0,0,500,2024
539150,77700,MAGNY-LE-HONGRE,77,Maison,109,5,504,2024
539150,77700,MAGNY-LE-HONGRE,77,Dépendance,0,0,504,2024
350000,77230,JUILLY,77,Appartement,80,3,346,2024
350000,77230,JUILLY,77,Appartement,25,1,346,2024
379000,77178,SAINT-PATHUS,77,Maison,129,6,110,2024
379000,77178,SAINT-PATHUS,77,Maison,129,6,500,2024
259000,77165,SAINT-SOUPPLETS,77,Maison,119,6,274,2024
437000,77700,BAILLY-ROMAINVILLIERS,77,Maison,105,6,195,2024
437000,77700,BAILLY-ROMAINVILLIERS,77,Dépendance,0,0,195,2024
455000,77450,ESBLY,77,Maison,132,5,127,2024
210000,77750,BUSSIERES,77,Maison,100,3,382,2024
714000,77600,BUSSY-SAINT-GEORGES,77,Maison,145,5,328,2024
714000,77600,BUSSY-SAINT-GEORGES,77,Maison,145,5,500,2024
482200,77600,BUSSY-SAINT-GEORGES,77,Maison,115,4,277,2024
108000,77750,SAINT-CYR-SUR-MORIN,77,Maison,80,3,92,2024
108000,77750,SAINT-CYR-SUR-MORIN,77,Maison,80,4,92,2024
108000,77750,SAINT-CYR-SUR-MORIN,77,Dépendance,0,0,92,2024
333100,77610,CREVECOEUR-EN-BRIE,77,Maison,109,4,116,2024
333100,77610,CREVECOEUR-EN-BRIE,77,Maison,109,4,500,2024
435000,77700,BAILLY-ROMAINVILLIERS,77,Maison,105,26,545,2024
230000,77290,MITRY MORY,77,Maison,52,4,298,2024
230000,77290,MITRY MORY,77,Maison,12,1,298,2024
395000,77400,THORIGNY SUR MARNE,77,Maison,112,5,488,2024
1,77370,NANGIS,77,Local industriel. commercial ou assimilé,1369,0,6370,2024
360200,77290,MITRY MORY,77,Maison,134,5,297,2024
910000,77600,BUSSY-SAINT-MARTIN,77,Maison,84,4,417,2024
910000,77600,BUSSY-SAINT-MARTIN,77,Dépendance,0,0,417,2024
204000,77120,COULOMMIERS,77,Maison,106,5,258,2024
270000,77290,MITRY MORY,77,Maison,68,4,500,2024
270000,77290,MITRY MORY,77,Dépendance,0,0,500,2024
270000,77290,MITRY MORY,77,Maison,68,4,287,2024
270000,77290,MITRY MORY,77,Dépendance,0,0,287,2024
192000,77510,BELLOT,77,Maison,84,5,550,2024
290000,77580,MAISONCELLES-EN-BRIE,77,Local industriel. commercial ou assimilé,113,0,519,2024
290000,77580,MAISONCELLES-EN-BRIE,77,Local industriel. commercial ou assimilé,110,0,519,2024
170000,77510,REBAIS,77,Dépendance,0,0,250,2024
170000,77510,REBAIS,77,Maison,78,4,250,2024
170000,77510,REBAIS,77,Maison,78,4,550,2024
170000,77510,REBAIS,77,Dépendance,0,0,550,2024
351500,77410,CLAYE-SOUILLY,77,Maison,154,7,427,2024
351500,77410,CLAYE-SOUILLY,77,Maison,154,7,500,2024
168000,77122,MONTHYON,77,Maison,50,3,33,2024
242900,77410,ANNET-SUR-MARNE,77,Maison,72,3,466,2024
230000,77580,VILLIERS-SUR-MORIN,77,Dépendance,0,0,958,2024
230000,77580,VILLIERS-SUR-MORIN,77,Maison,96,4,958,2024
95000,77160,CHENOISE-CUCHARMOY,77,Local industriel. commercial ou assimilé,256,0,2736,2024
95000,77160,CHENOISE-CUCHARMOY,77,Dépendance,0,0,1100,2024
95000,77160,CHENOISE-CUCHARMOY,77,Dépendance,0,0,1942,2024
95000,77160,CHENOISE-CUCHARMOY,77,Local industriel. commercial ou assimilé,657,0,1942,2024
95000,77160,CHENOISE-CUCHARMOY,77,Maison,76,4,1942,2024
95000,77160,CHENOISE-CUCHARMOY,77,Maison,76,4,1100,2024
95000,77160,CHENOISE-CUCHARMOY,77,Local industriel. commercial ou assimilé,657,0,1100,2024
120000,77970,BANNOST-VILLEGAGNON,77,Maison,120,7,416,2024
120000,77970,BANNOST-VILLEGAGNON,77,Dépendance,0,0,416,2024
158000,77910,VARREDDES,77,Maison,37,1,37,2024
162000,77400,LAGNY-SUR-MARNE,77,Maison,53,3,285,2024
329052,77400,THORIGNY SUR MARNE,77,Local industriel. commercial ou assimilé,0,0,449,2024
329052,77400,THORIGNY SUR MARNE,77,Maison,78,4,449,2024
170000,77124,VILLENOY,77,Dépendance,0,0,216,2024
170000,77124,VILLENOY,77,Maison,20,1,216,2024
170000,77124,VILLENOY,77,Maison,20,1,500,2024
170000,77124,VILLENOY,77,Dépendance,0,0,500,2024
104115,77470,MONTCEAUX-LES-MEAUX,77,Maison,125,6,215,2024
94000,77118,BAZOCHES LES BRAY,77,Maison,50,3,480,2024
392000,77500,CHELLES,77,Dépendance,0,0,554,2024
392000,77500,CHELLES,77,Maison,178,6,554,2024
560000,77360,VAIRES SUR MARNE,77,Local industriel. commercial ou assimilé,120,0,435,2024
560000,77360,VAIRES SUR MARNE,77,Dépendance,0,0,435,2024
560000,77360,VAIRES SUR MARNE,77,Appartement,48,2,435,2024
560000,77360,VAIRES SUR MARNE,77,Appartement,27,2,435,2024
560000,77360,VAIRES SUR MARNE,77,Local industriel. commercial ou assimilé,140,0,435,2024
560000,77360,VAIRES SUR MARNE,77,Appartement,21,1,435,2024
560000,77360,VAIRES SUR MARNE,77,Appartement,26,2,435,2024
445000,77600,CHANTELOUP EN BRIE,77,Dépendance,0,0,335,2024
445000,77600,CHANTELOUP EN BRIE,77,Maison,90,4,335,2024
536300,77174,VILLENEUVE-LE-COMTE,77,Maison,168,7,300,2024
536300,77174,VILLENEUVE-LE-COMTE,77,Maison,168,7,500,2024
900000,77360,VAIRES SUR MARNE,77,Maison,164,5,793,2024
389256,77520,DONNEMARIE-DONTILLY,77,Dépendance,0,0,790,2024
389256,77520,DONNEMARIE-DONTILLY,77,Maison,185,5,790,2024
383800,77184,EMERAINVILLE,77,Maison,85,4,262,2024
315000,77290,COMPANS,77,Maison,127,5,292,2024
315000,77290,COMPANS,77,Maison,127,5,400,2024
355000,77200,TORCY,77,Dépendance,0,0,326,2024
355000,77200,TORCY,77,Maison,152,7,326,2024
70000,77370,CROIX-EN-BRIE (LA),77,Dépendance,0,0,251,2024
171000,77260,SAMMERON,77,Dépendance,0,0,75,2024
171000,77260,SAMMERON,77,Dépendance,0,0,895,2024
171000,77260,SAMMERON,77,Maison,60,2,895,2024
171000,77260,SAMMERON,77,Maison,60,2,75,2024
265000,77230,LONGPERRIER,77,Maison,108,5,500,2024
265000,77230,LONGPERRIER,77,Maison,108,5,546,2024
180000,77580,GUERARD,77,Maison,70,3,453,2024
168000,77440,JAIGNES,77,Dépendance,0,0,90,2024
168000,77440,JAIGNES,77,Maison,72,4,90,2024
300000,77178,SAINT-PATHUS,77,Maison,103,4,500,2024
300000,77178,SAINT-PATHUS,77,Maison,103,4,225,2024
286000,77120,MOUROUX,77,Maison,89,3,1307,2024
286000,77120,MOUROUX,77,Maison,89,3,250,2024
414000,77500,CHELLES,77,Maison,189,6,445,2024
253000,77124,VILLENOY,77,Maison,95,4,232,2024
253000,77124,VILLENOY,77,Dépendance,0,0,232,2024
450000,77500,CHELLES,77,Maison,121,4,258,2024
120000,77124,CREGY-LES-MEAUX,77,Maison,61,3,72,2024
315000,77500,CHELLES,77,Maison,55,3,591,2024
315000,77500,CHELLES,77,Appartement,25,1,591,2024
600000,77120,COULOMMIERS,77,Local industriel. commercial ou assimilé,450,0,899,2024
900000,77120,COULOMMIERS,77,Local industriel. commercial ou assimilé,715,0,1430,2024
215000,77120,GIREMOUTIERS,77,Maison,131,6,450,2024
259900,77280,OTHIS,77,Maison,87,4,182,2024
402000,77230,DAMMARTIN-EN-GOELE,77,Maison,137,5,389,2024
290250,77470,VILLEMAREUIL,77,Maison,106,5,731,2024
235000,77120,COULOMMIERS,77,Maison,96,5,408,2024
170000,77120,MOUROUX,77,Maison,80,4,345,2024
258000,77750,SAINT-CYR-SUR-MORIN,77,Maison,103,6,1240,2024
258000,77750,SAINT-CYR-SUR-MORIN,77,Dépendance,0,0,250,2024
258000,77750,SAINT-CYR-SUR-MORIN,77,Dépendance,0,0,1240,2024
258000,77750,SAINT-CYR-SUR-MORIN,77,Maison,103,6,250,2024
295000,77470,TRILPORT,77,Maison,115,5,777,2024
295000,77470,TRILPORT,77,Maison,115,5,500,2024
289850,77450,ESBLY,77,Maison,88,4,444,2024
315000,77169,BOISSY-LE-CHATEL,77,Dépendance,0,0,732,2024
315000,77169,BOISSY-LE-CHATEL,77,Maison,150,7,732,2024
315000,77169,BOISSY-LE-CHATEL,77,Maison,150,7,250,2024
315000,77169,BOISSY-LE-CHATEL,77,Dépendance,0,0,250,2024
382040,77120,COULOMMIERS,77,Local industriel. commercial ou assimilé,55,0,497,2024
382040,77120,COULOMMIERS,77,Maison,122,5,497,2024
70000,77169,SAINT-GERMAIN-SOUS-DOUE,77,Maison,97,4,77,2024
200800,77750,BOITRON,77,Maison,83,4,353,2024
200800,77750,BOITRON,77,Maison,83,4,250,2024
245900,77131,TOUQUIN,77,Maison,71,3,476,2024
314900,77610,MARLES-EN-BRIE,77,Maison,92,4,250,2024
314900,77610,MARLES-EN-BRIE,77,Maison,92,4,127,2024
265000,77440,COCHEREL,77,Maison,115,6,327,2024
265000,77440,COCHEREL,77,Dépendance,0,0,500,2024
265000,77440,COCHEREL,77,Maison,115,6,500,2024
265000,77440,COCHEREL,77,Dépendance,0,0,327,2024
226100,77120,COULOMMIERS,77,Maison,68,4,556,2024
172920,77160,PROVINS,77,Maison,76,3,163,2024
129000,77650,SOISY-BOUY,77,Maison,72,3,808,2024
245000,77120,MAUPERTHUIS,77,Maison,92,4,321,2024
334270,77515,FAREMOUTIERS,77,Maison,83,4,621,2024
110000,77650,LONGUEVILLE,77,Maison,45,2,448,2024
110000,77650,LONGUEVILLE,77,Dépendance,0,0,448,2024
205000,77370,GASTINS,77,Maison,131,3,198,2024
71310,77160,PROVINS,77,Maison,55,3,62,2024
350000,77320,CHOISY-EN-BRIE,77,Maison,56,3,735,2024
350000,77320,CHOISY-EN-BRIE,77,Dépendance,0,0,1440,2024
350000,77320,CHOISY-EN-BRIE,77,Maison,56,3,1440,2024
350000,77320,CHOISY-EN-BRIE,77,Maison,129,4,1440,2024
350000,77320,CHOISY-EN-BRIE,77,Dépendance,0,0,430,2024
350000,77320,CHOISY-EN-BRIE,77,Maison,56,3,430,2024
350000,77320,CHOISY-EN-BRIE,77,Maison,129,4,430,2024
350000,77320,CHOISY-EN-BRIE,77,Dépendance,0,0,735,2024
350000,77320,CHOISY-EN-BRIE,77,Maison,56,3,19975,2024
350000,77320,CHOISY-EN-BRIE,77,Maison,129,4,735,2024
350000,77320,CHOISY-EN-BRIE,77,Dépendance,0,0,7350,2024
350000,77320,CHOISY-EN-BRIE,77,Maison,56,3,7350,2024
350000,77320,CHOISY-EN-BRIE,77,Maison,129,4,7350,2024
350000,77320,CHOISY-EN-BRIE,77,Dépendance,0,0,19975,2024
350000,77320,CHOISY-EN-BRIE,77,Maison,129,4,19975,2024
615000,77700,SERRIS,77,Maison,134,4,500,2024
615000,77700,SERRIS,77,Maison,134,4,212,2024
389000,77600,CONCHES SUR GONDOIRE,77,Maison,97,4,355,2024
253000,77260,LA FERTE SOUS JOUARRE,77,Maison,100,4,530,2024
253000,77260,LA FERTE SOUS JOUARRE,77,Dépendance,0,0,530,2024
254500,77184,EMERAINVILLE,77,Dépendance,0,0,6,2024
254500,77184,EMERAINVILLE,77,Maison,80,4,48,2024
254500,77184,EMERAINVILLE,77,Maison,30,1,48,2024
270000,77230,MONTGE-EN-GOELE,77,Maison,86,4,512,2024
270000,77230,MONTGE-EN-GOELE,77,Maison,86,4,500,2024
272000,77145,MAY-EN-MULTIEN,77,Maison,101,5,517,2024
722747,77164,FERRIERES-EN-BRIE,77,Local industriel. commercial ou assimilé,3099,0,3139,2024
14000,77860,QUINCY-VOISINS,77,Dépendance,0,0,20,2024
437000,77500,CHELLES,77,Maison,118,5,516,2024
330300,77610,NEUFMOUTIERS-EN-BRIE,77,Maison,101,4,413,2024
318000,77184,EMERAINVILLE,77,Maison,91,4,196,2024
318000,77184,EMERAINVILLE,77,Maison,29,2,196,2024
318000,77184,EMERAINVILLE,77,Dépendance,0,0,196,2024
4820000,77500,CHELLES,77,Local industriel. commercial ou assimilé,6831,0,1215,2024
4820000,77500,CHELLES,77,Local industriel. commercial ou assimilé,6831,0,5899,2024
119000,77160,PROVINS,77,Maison,42,2,110,2024
119000,77160,PROVINS,77,Dépendance,0,0,110,2024
185000,77480,VILLUIS,77,Maison,90,4,562,2024
185000,77480,VILLUIS,77,Dépendance,0,0,562,2024
135500,77114,HERME,77,Dépendance,0,0,1157,2024
135500,77114,HERME,77,Maison,84,4,1157,2024
135500,77114,HERME,77,Dépendance,0,0,361,2024
135500,77114,HERME,77,Maison,84,4,361,2024
166000,77910,BARCY,77,Maison,61,4,190,2024
91000,77480,BRAY-SUR-SEINE,77,Maison,65,3,57,2024
310000,77400,DAMPMART,77,Maison,77,5,533,2024
208790,77750,ORLY-SUR-MORIN,77,Maison,100,5,500,2024
208790,77750,ORLY-SUR-MORIN,77,Maison,100,5,279,2024
624456,77560,VILLIERS-SAINT-GEORGES,77,Local industriel. commercial ou assimilé,4192,0,3219,2024
1185366,77160,PROVINS,77,Local industriel. commercial ou assimilé,2592,0,6853,2024
1185366,77160,PROVINS,77,Local industriel. commercial ou assimilé,45,0,6853,2024
340000,77650,CHALMAISON,77,Dépendance,0,0,902,2024
340000,77650,CHALMAISON,77,Maison,224,7,902,2024
280000,77650,JUTIGNY,77,Dépendance,0,0,826,2024
280000,77650,JUTIGNY,77,Local industriel. commercial ou assimilé,16,0,826,2024
280000,77650,JUTIGNY,77,Maison,146,4,826,2024
1000000,77160,PROVINS,77,Dépendance,0,0,34,2024
1000000,77160,PROVINS,77,Dépendance,0,0,930,2024
1000000,77160,PROVINS,77,Appartement,78,5,930,2024
1000000,77160,PROVINS,77,Appartement,32,2,930,2024
1000000,77160,PROVINS,77,Appartement,267,5,761,2024
1000000,77160,PROVINS,77,Dépendance,0,0,761,2024
1000000,77160,PROVINS,77,Appartement,78,5,761,2024
1000000,77160,PROVINS,77,Appartement,32,2,761,2024
1000000,77160,PROVINS,77,Appartement,267,5,930,2024
421000,77178,SAINT-PATHUS,77,Maison,191,7,290,2024
421000,77178,SAINT-PATHUS,77,Maison,191,7,500,2024
200000,77178,SAINT-PATHUS,77,Dépendance,0,0,496,2024
200000,77178,SAINT-PATHUS,77,Maison,97,3,496,2024
267600,77230,DAMMARTIN-EN-GOELE,77,Dépendance,0,0,271,2024
267600,77230,DAMMARTIN-EN-GOELE,77,Maison,82,5,271,2024
250000,77910,CHAMBRY,77,Maison,80,4,125,2024
460000,77410,FRESNES-SUR-MARNE,77,Maison,161,6,500,2024
460000,77410,FRESNES-SUR-MARNE,77,Maison,161,6,834,2024
460000,77410,FRESNES-SUR-MARNE,77,Dépendance,0,0,500,2024
460000,77410,FRESNES-SUR-MARNE,77,Dépendance,0,0,834,2024
169000,77260,CHAMIGNY,77,Maison,105,5,336,2024
169000,77260,CHAMIGNY,77,Dépendance,0,0,336,2024
169000,77260,CHAMIGNY,77,Local industriel. commercial ou assimilé,19,0,336,2024
255000,77186,NOISIEL,77,Maison,98,5,118,2024
410416,77410,CHARNY,77,Maison,118,5,500,2024
410416,77410,CHARNY,77,Maison,118,5,20,2024
250000,77400,DAMPMART,77,Dépendance,0,0,70,2024
250000,77400,DAMPMART,77,Maison,100,4,70,2024
110000,77750,SAINT-CYR-SUR-MORIN,77,Appartement,68,3,50,2024
110000,77750,SAINT-CYR-SUR-MORIN,77,Dépendance,0,0,59,2024
352800,77500,CHELLES,77,Maison,105,5,586,2024
352800,77500,CHELLES,77,Dépendance,0,0,586,2024
307500,77270,VILLEPARISIS,77,Maison,110,5,308,2024
212000,77640,JOUARRE,77,Maison,110,4,1110,2024
212000,77640,JOUARRE,77,Maison,110,4,500,2024
875000,77181,COURTRY,77,Local industriel. commercial ou assimilé,240,0,2000,2024
875000,77181,COURTRY,77,Local industriel. commercial ou assimilé,600,0,2000,2024
875000,77181,COURTRY,77,Local industriel. commercial ou assimilé,350,0,2000,2024
875000,77181,COURTRY,77,Local industriel. commercial ou assimilé,120,0,2000,2024
175000,77144,MONTEVRAIN,77,Maison,82,4,338,2024
310000,77200,TORCY,77,Maison,116,4,198,2024
325000,77450,ESBLY,77,Maison,77,4,327,2024
269000,77640,JOUARRE,77,Maison,124,5,355,2024
338600,77400,THORIGNY SUR MARNE,77,Maison,72,3,488,2024
309750,77640,JOUARRE,77,Maison,127,6,289,2024
309750,77640,JOUARRE,77,Maison,127,6,500,2024
365180,77410,GRESSY,77,Maison,164,6,304,2024
229150,77120,MOUROUX,77,Maison,85,4,42,2024
580030,77610,HOUSSAYE-EN-BRIE (LA),77,Dépendance,0,0,500,2024
580030,77610,HOUSSAYE-EN-BRIE (LA),77,Maison,172,5,700,2024
580030,77610,HOUSSAYE-EN-BRIE (LA),77,Maison,172,5,500,2024
580030,77610,HOUSSAYE-EN-BRIE (LA),77,Dépendance,0,0,700,2024
247000,77510,VILLENEUVE-SUR-BELLOT,77,Maison,140,5,395,2024
458500,77580,CRECY LA CHAPELLE,77,Local industriel. commercial ou assimilé,98,0,1013,2024
458500,77580,CRECY LA CHAPELLE,77,Local industriel. commercial ou assimilé,283,0,1013,2024
275000,77860,COUILLY-PONT-AUX-DAMES,77,Maison,70,3,500,2024
384500,77185,LOGNES,77,Dépendance,0,0,216,2024
384500,77185,LOGNES,77,Maison,82,4,216,2024
400000,77700,CHESSY,77,Maison,60,3,178,2024
334500,77124,CHAUCONIN-NEUFMONTIERS,77,Maison,88,5,587,2024
140000,77910,VARREDDES,77,Dépendance,0,0,79,2024
140000,77910,VARREDDES,77,Appartement,38,3,79,2024
140000,77910,VARREDDES,77,Appartement,63,2,79,2024
327500,77500,CHELLES,77,Maison,80,4,603,2024
327500,77500,CHELLES,77,Dépendance,0,0,603,2024
257000,77120,COULOMMIERS,77,Local industriel. commercial ou assimilé,105,0,118,2024
200000,77320,SAINT-MARTIN-DES-CHAMPS,77,Dépendance,0,0,250,2024
200000,77320,SAINT-MARTIN-DES-CHAMPS,77,Dépendance,0,0,1253,2024
200000,77320,SAINT-MARTIN-DES-CHAMPS,77,Maison,97,5,1253,2024
200000,77320,SAINT-MARTIN-DES-CHAMPS,77,Maison,97,5,250,2024
370000,77400,LAGNY-SUR-MARNE,77,Maison,72,3,651,2024
233000,77400,POMPONNE,77,Maison,45,2,650,2024
330000,77122,MONTHYON,77,Maison,140,6,350,2024
248290,77580,LA HAUTE-MAISON,77,Maison,130,4,500,2024
248290,77580,LA HAUTE-MAISON,77,Maison,130,4,653,2024
240000,77230,DAMMARTIN-EN-GOELE,77,Local industriel. commercial ou assimilé,1650,0,1652,2024
240000,77480,BRAY-SUR-SEINE,77,Maison,130,5,247,2024
130000,77260,LA FERTE SOUS JOUARRE,77,Maison,48,2,473,2024
130000,77260,LA FERTE SOUS JOUARRE,77,Dépendance,0,0,473,2024
626785,77410,ANNET-SUR-MARNE,77,Maison,176,6,587,2024
199500,77260,LA FERTE SOUS JOUARRE,77,Maison,76,4,562,2024
388050,77400,SAINT THIBAULT DES VIGNES,77,Maison,127,6,316,2024
263680,77410,ANNET-SUR-MARNE,77,Maison,75,3,280,2024
385000,77470,BOUTIGNY,77,Maison,184,6,574,2024
385000,77470,BOUTIGNY,77,Maison,184,6,500,2024
375000,77200,TORCY,77,Maison,117,6,81,2024
502000,77450,MONTRY,77,Maison,120,5,245,2024
323000,77290,MITRY MORY,77,Maison,85,4,500,2024
323000,77290,MITRY MORY,77,Dépendance,0,0,500,2024
292000,77500,CHELLES,77,Maison,102,5,700,2024
378000,77610,FONTENAY-TRESIGNY,77,Maison,142,4,402,2024
180000,77840,COULOMBS-EN-VALOIS,77,Maison,59,3,188,2024
180000,77840,COULOMBS-EN-VALOIS,77,Dépendance,0,0,188,2024
288000,77410,CHARNY,77,Maison,94,5,509,2024
381500,77510,SAINT-DENIS-LES-REBAIS,77,Maison,156,4,1000,2024
381500,77510,SAINT-DENIS-LES-REBAIS,77,Maison,156,4,500,2024
381500,77510,SAINT-DENIS-LES-REBAIS,77,Dépendance,0,0,500,2024
381500,77510,SAINT-DENIS-LES-REBAIS,77,Dépendance,0,0,1000,2024
160000,77120,MOUROUX,77,Dépendance,0,0,280,2024
160000,77120,MOUROUX,77,Maison,72,4,280,2024
160000,77120,MOUROUX,77,Dépendance,0,0,508,2024
160000,77120,MOUROUX,77,Maison,72,4,508,2024
100000,77114,HERME,77,Maison,82,4,503,2024
450000,77230,SAINT-MARD,77,Maison,125,6,293,2024
450000,77230,SAINT-MARD,77,Maison,125,6,500,2024
425000,77160,PROVINS,77,Maison,197,5,240,2024
425000,77160,PROVINS,77,Dépendance,0,0,878,2024
425000,77160,PROVINS,77,Dépendance,0,0,240,2024
425000,77160,PROVINS,77,Maison,197,5,878,2024
240000,77165,SAINT-SOUPPLETS,77,Dépendance,0,0,86,2024
240000,77165,SAINT-SOUPPLETS,77,Maison,78,4,86,2024
1758600,77183,CROISSY-BEAUBOURG,77,Local industriel. commercial ou assimilé,0,0,6035,2024
249000,77660,SAINT JEAN LES DEUX JUMEAUX,77,Maison,107,6,412,2024
225000,77910,VARREDDES,77,Maison,83,4,201,2024
225000,77910,VARREDDES,77,Dépendance,0,0,201,2024
285000,77200,TORCY,77,Maison,91,4,109,2024
305000,77230,DAMMARTIN-EN-GOELE,77,Maison,98,5,425,2024
472500,77400,LAGNY-SUR-MARNE,77,Maison,120,4,303,2024
409520,77120,MAROLLES-EN-BRIE,77,Maison,161,5,401,2024
315000,77100,NANTEUIL-LES-MEAUX,77,Maison,90,4,86,2024
502000,77120,COULOMMIERS,77,Maison,214,7,682,2024
502000,77120,COULOMMIERS,77,Maison,214,7,136,2024
405000,77580,BOULEURS,77,Maison,102,5,246,2024
405000,77580,BOULEURS,77,Dépendance,0,0,246,2024
320000,77178,SAINT-PATHUS,77,Maison,100,4,478,2024
95000,77320,SAINT-REMY-DE-LA-VANNE,77,Dépendance,0,0,148,2024
95000,77320,SAINT-REMY-DE-LA-VANNE,77,Maison,80,3,148,2024
95000,77320,SAINT-REMY-DE-LA-VANNE,77,Dépendance,0,0,317,2024
305000,77181,COURTRY,77,Maison,99,5,280,2024
1420000,77185,LOGNES,77,Local industriel. commercial ou assimilé,1085,0,1500,2024
331000,77860,QUINCY-VOISINS,77,Maison,105,5,534,2024
216000,77860,QUINCY-VOISINS,77,Maison,78,5,35,2024
259000,77131,TOUQUIN,77,Maison,24,1,499,2024
259000,77131,TOUQUIN,77,Dépendance,0,0,499,2024
259000,77131,TOUQUIN,77,Maison,90,4,499,2024
52000,77515,SAINT-AUGUSTIN,77,Dépendance,0,0,76,2024
540000,77185,LOGNES,77,Maison,129,6,418,2024
245000,77120,MOUROUX,77,Maison,91,4,459,2024
245000,77120,MOUROUX,77,Maison,91,4,1530,2024
274000,77500,CHELLES,77,Maison,92,4,285,2024
395000,77181,COURTRY,77,Maison,114,5,524,2024
385000,77500,CHELLES,77,Maison,100,5,295,2024
239000,77440,CONGIS-SUR-THEROUANNE,77,Maison,80,3,311,2024
87500,77169,BOISSY-LE-CHATEL,77,Dépendance,0,0,208,2024
142500,77515,POMMEUSE,77,Maison,100,5,464,2024
142500,77515,POMMEUSE,77,Maison,100,5,1730,2024
260000,77470,TRILPORT,77,Maison,74,4,992,2024
1230000,77500,CHELLES,77,Local industriel. commercial ou assimilé,1056,0,1157,2024
350000,77500,CHELLES,77,Maison,130,5,550,2024
404370,77131,TOUQUIN,77,Maison,194,7,207,2024
404370,77131,TOUQUIN,77,Dépendance,0,0,500,2024
404370,77131,TOUQUIN,77,Dépendance,0,0,207,2024
404370,77131,TOUQUIN,77,Maison,194,7,500,2024
396900,77124,CHAUCONIN-NEUFMONTIERS,77,Maison,123,5,436,2024
279600,77320,SAINT-MARTIN-DU-BOSCHET,77,Maison,237,7,962,2024
400200,77400,SAINT THIBAULT DES VIGNES,77,Maison,78,3,386,2024
400200,77400,SAINT THIBAULT DES VIGNES,77,Dépendance,0,0,386,2024
400200,77400,SAINT THIBAULT DES VIGNES,77,Dépendance,0,0,500,2024
400200,77400,SAINT THIBAULT DES VIGNES,77,Maison,78,3,500,2024
260000,77165,SAINT-SOUPPLETS,77,Maison,75,5,314,2024
260000,77165,SAINT-SOUPPLETS,77,Dépendance,0,0,314,2024
285000,77515,POMMEUSE,77,Maison,81,4,104,2024
245000,77169,BOISSY-LE-CHATEL,77,Maison,68,4,127,2024
245000,77169,BOISSY-LE-CHATEL,77,Maison,68,4,600,2024
249500,77260,CHAMIGNY,77,Dépendance,0,0,464,2024
249500,77260,CHAMIGNY,77,Maison,104,5,464,2024
321010,77290,MITRY MORY,77,Maison,90,4,410,2024
321010,77290,MITRY MORY,77,Dépendance,0,0,410,2024
189500,77260,LA FERTE SOUS JOUARRE,77,Maison,72,4,757,2024
298000,77120,MOUROUX,77,Maison,91,4,421,2024
298000,77120,MOUROUX,77,Maison,91,4,500,2024
301370,77515,POMMEUSE,77,Maison,127,6,347,2024
301370,77515,POMMEUSE,77,Dépendance,0,0,347,2024
270000,77260,LA FERTE SOUS JOUARRE,77,Maison,70,4,1700,2024
270000,77260,LA FERTE SOUS JOUARRE,77,Dépendance,0,0,540,2024
270000,77260,LA FERTE SOUS JOUARRE,77,Maison,70,4,540,2024
270000,77260,LA FERTE SOUS JOUARRE,77,Dépendance,0,0,1700,2024
190000,77320,CHEVRU,77,Dépendance,0,0,107,2024
190000,77320,CHEVRU,77,Maison,107,4,107,2024
735000,77540,BERNAY VILBERT,77,Maison,290,6,574,2024
735000,77540,BERNAY VILBERT,77,Maison,290,6,500,2024
735000,77540,BERNAY VILBERT,77,Dépendance,0,0,500,2024
735000,77540,BERNAY VILBERT,77,Dépendance,0,0,574,2024
340000,77500,CHELLES,77,Maison,88,4,514,2024
340000,77500,CHELLES,77,Dépendance,0,0,514,2024
272000,77515,FAREMOUTIERS,77,Maison,122,6,435,2024
255000,77660,CHANGIS-SUR-MARNE,77,Maison,80,3,278,2024
255000,77660,CHANGIS-SUR-MARNE,77,Maison,80,3,500,2024
649000,77860,SAINT-GERMAIN-SUR-MORIN,77,Maison,129,6,216,2024
370000,77164,FERRIERES-EN-BRIE,77,Local industriel. commercial ou assimilé,4492,0,10297,2024
1,77144,MONTEVRAIN,77,Local industriel. commercial ou assimilé,15575,0,5420,2024
345000,77163,DAMMARTIN-SUR-TIGEAUX,77,Dépendance,0,0,250,2024
345000,77163,DAMMARTIN-SUR-TIGEAUX,77,Maison,81,3,250,2024
345000,77163,DAMMARTIN-SUR-TIGEAUX,77,Dépendance,0,0,1023,2024
345000,77163,DAMMARTIN-SUR-TIGEAUX,77,Maison,81,3,1023,2024
350000,77144,CHALIFERT,77,Maison,100,5,60,2024
240000,77260,REUIL-EN-BRIE,77,Maison,116,7,200,2024
500000,77400,POMPONNE,77,Maison,123,5,441,2024
400000,77400,LAGNY-SUR-MARNE,77,Dépendance,0,0,337,2024
400000,77400,LAGNY-SUR-MARNE,77,Appartement,51,2,337,2024
425000,77700,COUPVRAY,77,Maison,133,7,475,2024
425000,77700,COUPVRAY,77,Maison,133,7,500,2024
425000,77700,COUPVRAY,77,Dépendance,0,0,475,2024
425000,77700,COUPVRAY,77,Dépendance,0,0,500,2024
515000,77580,VILLIERS-SUR-MORIN,77,Maison,178,7,41,2024
380000,77860,SAINT-GERMAIN-SUR-MORIN,77,Dépendance,0,0,500,2024
380000,77860,SAINT-GERMAIN-SUR-MORIN,77,Maison,105,4,117,2024
380000,77860,SAINT-GERMAIN-SUR-MORIN,77,Dépendance,0,0,117,2024
380000,77860,SAINT-GERMAIN-SUR-MORIN,77,Maison,105,4,500,2024
216000,77163,TIGEAUX,77,Dépendance,0,0,153,2024
216000,77163,TIGEAUX,77,Maison,55,3,153,2024
439000,77470,TRILPORT,77,Appartement,26,1,80,2024
439000,77470,TRILPORT,77,Appartement,24,1,80,2024
439000,77470,TRILPORT,77,Appartement,22,1,80,2024
212000,77860,SAINT-GERMAIN-SUR-MORIN,77,Maison,83,5,282,2024
296000,77860,QUINCY-VOISINS,77,Maison,82,5,500,2024
296000,77860,QUINCY-VOISINS,77,Maison,82,5,265,2024
378000,77174,VILLENEUVE-LE-COMTE,77,Dépendance,0,0,465,2024
378000,77174,VILLENEUVE-LE-COMTE,77,Maison,83,5,465,2024
298000,77163,DAMMARTIN-SUR-TIGEAUX,77,Dépendance,0,0,157,2024
298000,77163,DAMMARTIN-SUR-TIGEAUX,77,Maison,83,4,157,2024
240000,77580,GUERARD,77,Maison,65,3,295,2024
160000,77515,POMMEUSE,77,Dépendance,0,0,250,2024
160000,77515,POMMEUSE,77,Dépendance,0,0,642,2024
160000,77515,POMMEUSE,77,Maison,63,2,250,2024
160000,77515,POMMEUSE,77,Maison,63,2,642,2024
279000,77178,SAINT-PATHUS,77,Maison,94,5,195,2024
234000,77260,LA FERTE SOUS JOUARRE,77,Maison,89,4,453,2024
279900,77270,VILLEPARISIS,77,Maison,60,3,403,2024
370000,77230,MONTGE-EN-GOELE,77,Maison,165,6,500,2024
370000,77230,MONTGE-EN-GOELE,77,Maison,165,6,408,2024
287750,77230,MOUSSY-LE-NEUF,77,Maison,97,5,285,2024
287750,77230,MOUSSY-LE-NEUF,77,Dépendance,0,0,285,2024
385000,77290,MITRY MORY,77,Maison,111,6,399,2024
385000,77290,MITRY MORY,77,Dépendance,0,0,399,2024
288000,77230,JUILLY,77,Maison,82,4,406,2024
288000,77230,JUILLY,77,Dépendance,0,0,406,2024
336000,77500,CHELLES,77,Maison,87,5,300,2024
105000,77139,ETREPILLY,77,Dépendance,0,0,33,2024
105000,77139,ETREPILLY,77,Maison,78,4,462,2024
156000,77230,MARCHEMORET,77,Maison,45,2,170,2024
318000,77540,CHAPELLE-IGER (LA),77,Maison,125,3,177,2024
352000,77124,CREGY-LES-MEAUX,77,Maison,114,3,1548,2024
352000,77124,CREGY-LES-MEAUX,77,Maison,114,3,162,2024
115000,77138,LUZANCY,77,Maison,86,4,77,2024
265950,77640,JOUARRE,77,Maison,190,6,418,2024
265950,77640,JOUARRE,77,Dépendance,0,0,418,2024
395000,77600,BUSSY-SAINT-GEORGES,77,Maison,93,5,180,2024
481968,77580,GUERARD,77,Maison,160,7,250,2024
481968,77580,GUERARD,77,Dépendance,0,0,250,2024
481968,77580,GUERARD,77,Maison,160,7,3508,2024
481968,77580,GUERARD,77,Dépendance,0,0,3508,2024
449000,77700,BAILLY-ROMAINVILLIERS,77,Maison,126,6,187,2024
206400,77400,LAGNY-SUR-MARNE,77,Local industriel. commercial ou assimilé,77,0,110,2024
206400,77400,LAGNY-SUR-MARNE,77,Maison,90,5,110,2024
117990,77860,QUINCY-VOISINS,77,Dépendance,0,0,180,2024
117990,77860,QUINCY-VOISINS,77,Dépendance,0,0,500,2024
117990,77860,QUINCY-VOISINS,77,Maison,150,7,500,2024
117990,77860,QUINCY-VOISINS,77,Maison,150,7,180,2024
363000,77610,FONTENAY-TRESIGNY,77,Maison,144,5,885,2024
155000,77650,SAINTE-COLOMBE,77,Appartement,51,3,292,2024
155000,77650,SAINTE-COLOMBE,77,Appartement,68,3,292,2024
246000,77160,PROVINS,77,Maison,89,4,296,2024
246000,77160,PROVINS,77,Maison,89,4,500,2024
136000,77480,BRAY-SUR-SEINE,77,Maison,86,4,294,2024
300000,77400,LAGNY-SUR-MARNE,77,Maison,78,5,584,2024
59000,77114,GOUAIX,77,Dépendance,0,0,195,2024
59000,77114,GOUAIX,77,Maison,66,3,195,2024
140000,77118,BALLOY,77,Maison,65,4,226,2024
140000,77118,BALLOY,77,Maison,65,4,500,2024
392000,77100,MEAUX,77,Maison,130,5,500,2024
392000,77100,MEAUX,77,Maison,130,5,250,2024
300000,77230,MARCHEMORET,77,Maison,116,6,168,2024
300000,77230,MARCHEMORET,77,Maison,116,6,370,2024
260000,77280,OTHIS,77,Maison,133,7,602,2024
269120,77540,LUMIGNY NESLES ORMEAUX,77,Dépendance,0,0,660,2024
269120,77540,LUMIGNY NESLES ORMEAUX,77,Maison,64,2,660,2024
269120,77540,LUMIGNY NESLES ORMEAUX,77,Maison,64,2,500,2024
269120,77540,LUMIGNY NESLES ORMEAUX,77,Dépendance,0,0,500,2024
235000,77120,MOUROUX,77,Maison,86,5,382,2024
235000,77120,MOUROUX,77,Maison,86,5,500,2024
323000,77124,PENCHARD,77,Dépendance,0,0,500,2024
323000,77124,PENCHARD,77,Maison,90,3,500,2024
433000,77580,GUERARD,77,Maison,140,6,2126,2024
433000,77580,GUERARD,77,Maison,140,6,500,2024
433000,77580,GUERARD,77,Dépendance,0,0,500,2024
433000,77580,GUERARD,77,Dépendance,0,0,2126,2024
204000,77164,FERRIERES-EN-BRIE,77,Dépendance,0,0,13,2024
235000,77580,CRECY LA CHAPELLE,77,Maison,51,3,84,2024
355000,77450,MONTRY,77,Maison,126,6,500,2024
355000,77450,MONTRY,77,Dépendance,0,0,281,2024
355000,77450,MONTRY,77,Maison,126,6,281,2024
355000,77450,MONTRY,77,Dépendance,0,0,500,2024
286200,77160,PROVINS,77,Maison,150,4,1020,2024
110000,77480,BRAY-SUR-SEINE,77,Local industriel. commercial ou assimilé,59,0,81,2024
110000,77480,BRAY-SUR-SEINE,77,Maison,88,4,81,2024
182000,77171,LECHELLE,77,Maison,98,5,500,2024
182000,77171,LECHELLE,77,Maison,98,5,432,2024
209000,77120,MOUROUX,77,Maison,81,4,262,2024
2088000,77185,LOGNES,77,Local industriel. commercial ou assimilé,101,0,3449,2024
2088000,77185,LOGNES,77,Local industriel. commercial ou assimilé,95,0,3449,2024
2088000,77185,LOGNES,77,Local industriel. commercial ou assimilé,134,0,3449,2024
2088000,77185,LOGNES,77,Local industriel. commercial ou assimilé,133,0,3449,2024
2088000,77185,LOGNES,77,Local industriel. commercial ou assimilé,155,0,3449,2024
2088000,77185,LOGNES,77,Local industriel. commercial ou assimilé,132,0,3449,2024
2088000,77185,LOGNES,77,Local industriel. commercial ou assimilé,176,0,3449,2024
2088000,77185,LOGNES,77,Local industriel. commercial ou assimilé,156,0,3449,2024
2088000,77185,LOGNES,77,Local industriel. commercial ou assimilé,129,0,3449,2024
315000,77230,MOUSSY-LE-VIEUX,77,Maison,104,6,457,2024
255000,77280,OTHIS,77,Maison,89,4,349,2024
355220,77400,THORIGNY SUR MARNE,77,Dépendance,0,0,477,2024
355220,77400,THORIGNY SUR MARNE,77,Maison,83,5,477,2024
315000,77410,PRECY-SUR-MARNE,77,Maison,90,4,80,2024
275000,77165,IVERNY,77,Maison,91,3,576,2024
433000,77700,CHESSY,77,Maison,98,5,174,2024
327000,77186,NOISIEL,77,Maison,105,6,103,2024
552000,77230,DAMMARTIN-EN-GOELE,77,Local industriel. commercial ou assimilé,60,0,236,2024
552000,77230,DAMMARTIN-EN-GOELE,77,Appartement,65,3,236,2024
552000,77230,DAMMARTIN-EN-GOELE,77,Local industriel. commercial ou assimilé,85,0,236,2024
552000,77230,DAMMARTIN-EN-GOELE,77,Appartement,50,2,236,2024
445000,77600,CHANTELOUP EN BRIE,77,Maison,150,5,352,2024
140000,77650,SOISY-BOUY,77,Maison,63,3,247,2024
140000,77650,SOISY-BOUY,77,Maison,63,3,500,2024
300000,77370,GASTINS,77,Maison,202,7,3255,2024
78000,77160,SAINT-HILLIERS,77,Dépendance,0,0,397,2024
78000,77160,SAINT-HILLIERS,77,Maison,62,3,397,2024
330000,77410,FRESNES-SUR-MARNE,77,Maison,130,6,353,2024
196850,77171,SOURDUN,77,Maison,80,4,203,2024
189900,77120,COULOMMIERS,77,Maison,112,5,443,2024
168000,77169,CHAUFFRY,77,Maison,92,4,534,2024
520000,77700,SERRIS,77,Maison,135,4,514,2024
520000,77700,SERRIS,77,Dépendance,0,0,514,2024
236208,77177,BROU-SUR-CHANTEREINE,77,Maison,85,3,161,2024
226172,77650,JUTIGNY,77,Dépendance,0,0,831,2024
226172,77650,JUTIGNY,77,Maison,125,6,831,2024
230000,77400,LAGNY-SUR-MARNE,77,Maison,80,3,509,2024
230000,77400,LAGNY-SUR-MARNE,77,Maison,80,3,82,2024
143000,77171,SOURDUN,77,Maison,82,4,614,2024
138000,77650,SAINTE-COLOMBE,77,Maison,80,3,178,2024
138000,77650,SAINTE-COLOMBE,77,Dépendance,0,0,14,2024
214000,77160,PROVINS,77,Local industriel. commercial ou assimilé,40,0,196,2024
214000,77160,PROVINS,77,Dépendance,0,0,196,2024
214000,77160,PROVINS,77,Local industriel. commercial ou assimilé,34,0,196,2024
214000,77160,PROVINS,77,Appartement,40,3,196,2024
214000,77160,PROVINS,77,Appartement,77,3,196,2024
111120,77370,NANGIS,77,Dépendance,0,0,122,2024
111120,77370,NANGIS,77,Maison,83,4,122,2024
325000,77500,CHELLES,77,Maison,99,5,501,2024
393570,77500,CHELLES,77,Maison,100,5,390,2024
393570,77500,CHELLES,77,Dépendance,0,0,390,2024
250000,77970,BEZALLES,77,Dépendance,0,0,865,2024
250000,77970,BEZALLES,77,Maison,168,8,500,2024
250000,77970,BEZALLES,77,Maison,168,8,865,2024
250000,77970,BEZALLES,77,Dépendance,0,0,500,2024
399000,77700,MAGNY-LE-HONGRE,77,Maison,97,4,129,2024
300000,77230,DAMMARTIN-EN-GOELE,77,Maison,92,5,337,2024
300000,77230,DAMMARTIN-EN-GOELE,77,Dépendance,0,0,337,2024
273300,77280,OTHIS,77,Maison,102,5,647,2024
210000,77230,DAMMARTIN-EN-GOELE,77,Dépendance,0,0,450,2024
210000,77230,DAMMARTIN-EN-GOELE,77,Maison,70,4,450,2024
145000,77450,ESBLY,77,Dépendance,0,0,500,2024
145000,77450,ESBLY,77,Maison,52,2,500,2024
145000,77450,ESBLY,77,Dépendance,0,0,2545,2024
145000,77450,ESBLY,77,Maison,52,2,2545,2024
381000,77420,CHAMPS-SUR-MARNE,77,Maison,106,5,238,2024
330000,77610,CHAPELLES-BOURBON (LES),77,Local industriel. commercial ou assimilé,1540,0,5742,2024
320000,77470,TRILPORT,77,Dépendance,0,0,214,2024
320000,77470,TRILPORT,77,Appartement,60,3,214,2024
320000,77470,TRILPORT,77,Appartement,46,2,214,2024
525000,77510,VERDELOT,77,Maison,410,9,431,2024
525000,77510,VERDELOT,77,Maison,410,9,1634,2024
114000,77290,MITRY MORY,77,Dépendance,0,0,138,2024
114000,77290,MITRY MORY,77,Maison,70,3,138,2024
150000,77440,MARY-SUR-MARNE,77,Maison,50,3,199,2024
150000,77440,MARY-SUR-MARNE,77,Dépendance,0,0,199,2024
85000,77120,COULOMMIERS,77,Maison,77,4,627,2024
89000,77515,SAINT-AUGUSTIN,77,Dépendance,0,0,400,2024
89000,77515,SAINT-AUGUSTIN,77,Maison,43,2,400,2024
89000,77515,SAINT-AUGUSTIN,77,Maison,43,2,100,2024
89000,77515,SAINT-AUGUSTIN,77,Dépendance,0,0,100,2024
33000,77510,VILLENEUVE-SUR-BELLOT,77,Appartement,42,2,59,2024
33000,77510,VILLENEUVE-SUR-BELLOT,77,Appartement,27,1,59,2024
165000,77160,ROUILLY,77,Maison,48,3,481,2024
165000,77160,ROUILLY,77,Dépendance,0,0,481,2024
98000,77370,GASTINS,77,Maison,60,5,241,2024
351000,77360,VAIRES SUR MARNE,77,Maison,85,5,174,2024
351000,77360,VAIRES SUR MARNE,77,Maison,80,3,174,2024
269400,77500,CHELLES,77,Maison,80,4,587,2024
269400,77500,CHELLES,77,Dépendance,0,0,587,2024
1650000,77400,LAGNY-SUR-MARNE,77,Maison,300,9,500,2024
1650000,77400,LAGNY-SUR-MARNE,77,Maison,300,9,2028,2024
1650000,77400,LAGNY-SUR-MARNE,77,Dépendance,0,0,2028,2024
1650000,77400,LAGNY-SUR-MARNE,77,Dépendance,0,0,500,2024
166000,77480,BRAY-SUR-SEINE,77,Local industriel. commercial ou assimilé,102,0,154,2024
166000,77480,BRAY-SUR-SEINE,77,Appartement,85,4,154,2024
166000,77480,BRAY-SUR-SEINE,77,Appartement,54,3,154,2024
107000,77370,NANGIS,77,Maison,45,2,66,2024
235000,77370,NANGIS,77,Dépendance,0,0,545,2024
235000,77370,NANGIS,77,Maison,134,6,545,2024
190000,77540,ROZAY-EN-BRIE,77,Appartement,29,1,48,2024
190000,77540,ROZAY-EN-BRIE,77,Appartement,32,1,48,2024
190000,77540,ROZAY-EN-BRIE,77,Appartement,43,1,48,2024
310000,77500,CHELLES,77,Maison,91,4,138,2024
209500,77260,SAINTE-AULDE,77,Maison,99,5,630,2024
210000,77120,MOUROUX,77,Maison,91,3,750,2024
210000,77120,MOUROUX,77,Maison,91,3,250,2024
420000,77580,CRECY LA CHAPELLE,77,Maison,217,7,709,2024
420000,77580,CRECY LA CHAPELLE,77,Dépendance,0,0,709,2024
220000,77165,SAINT-SOUPPLETS,77,Maison,69,4,252,2024
125000,77163,MORTCERF,77,Maison,43,2,135,2024
125000,77163,MORTCERF,77,Dépendance,0,0,135,2024
123000,77400,LAGNY-SUR-MARNE,77,Maison,58,3,515,2024
937232,77600,BUSSY-SAINT-GEORGES,77,Dépendance,0,0,200,2024
937232,77600,BUSSY-SAINT-GEORGES,77,Dépendance,0,0,500,2024
937232,77600,BUSSY-SAINT-GEORGES,77,Maison,206,7,500,2024
937232,77600,BUSSY-SAINT-GEORGES,77,Maison,206,7,200,2024
310000,77144,MONTEVRAIN,77,Maison,86,4,290,2024
310000,77144,MONTEVRAIN,77,Dépendance,0,0,290,2024
310000,77144,MONTEVRAIN,77,Dépendance,0,0,500,2024
310000,77144,MONTEVRAIN,77,Maison,86,4,500,2024
760000,77600,BUSSY-SAINT-GEORGES,77,Maison,186,6,500,2024
760000,77600,BUSSY-SAINT-GEORGES,77,Maison,186,6,219,2024
550000,77400,THORIGNY SUR MARNE,77,Appartement,40,2,189,2024
550000,77400,THORIGNY SUR MARNE,77,Appartement,77,3,189,2024
550000,77400,THORIGNY SUR MARNE,77,Appartement,35,2,189,2024
550000,77400,THORIGNY SUR MARNE,77,Dépendance,0,0,189,2024
550000,77400,THORIGNY SUR MARNE,77,Appartement,15,1,189,2024
550000,77400,THORIGNY SUR MARNE,77,Appartement,40,1,189,2024
80000,77144,CHALIFERT,77,Dépendance,0,0,487,2024
80000,77144,CHALIFERT,77,Maison,66,3,487,2024
124000,77440,OCQUERRE,77,Local industriel. commercial ou assimilé,189,0,199,2024
283000,77163,TIGEAUX,77,Appartement,56,3,374,2024
283000,77163,TIGEAUX,77,Dépendance,0,0,374,2024
283000,77163,TIGEAUX,77,Appartement,76,3,374,2024
169000,77320,JOUY-SUR-MORIN,77,Maison,159,6,725,2024
169000,77320,JOUY-SUR-MORIN,77,Dépendance,0,0,725,2024
366000,77660,CHANGIS-SUR-MARNE,77,Maison,120,5,500,2024
366000,77660,CHANGIS-SUR-MARNE,77,Maison,120,5,100,2024
310000,77178,OISSERY,77,Maison,78,4,500,2024
310000,77178,OISSERY,77,Maison,78,4,135,2024
310000,77178,OISSERY,77,Dépendance,0,0,500,2024
310000,77178,OISSERY,77,Dépendance,0,0,135,2024
257000,77370,GASTINS,77,Maison,74,5,312,2024
257000,77370,GASTINS,77,Dépendance,0,0,392,2024
335000,77230,DAMMARTIN-EN-GOELE,77,Maison,100,4,23,2024
335000,77230,DAMMARTIN-EN-GOELE,77,Dépendance,0,0,23,2024
335000,77230,DAMMARTIN-EN-GOELE,77,Maison,100,4,500,2024
335000,77230,DAMMARTIN-EN-GOELE,77,Dépendance,0,0,500,2024
170400,77510,REBAIS,77,Maison,76,3,97,2024
210000,77120,BEAUTHEIL-SAINTS,77,Maison,55,2,80,2024
210000,77120,BEAUTHEIL-SAINTS,77,Dépendance,0,0,80,2024
210000,77120,BEAUTHEIL-SAINTS,77,Dépendance,0,0,70,2024
40000,77515,FAREMOUTIERS,77,Maison,20,1,974,2024
40000,77515,FAREMOUTIERS,77,Maison,20,1,250,2024
275000,77165,SAINT-SOUPPLETS,77,Maison,90,4,554,2024
100000,77750,ORLY-SUR-MORIN,77,Maison,138,4,189,2024
256500,77280,OTHIS,77,Maison,72,4,264,2024
184000,77163,MORTCERF,77,Maison,50,2,47,2024
245000,77610,FONTENAY-TRESIGNY,77,Maison,68,3,292,2024
245000,77610,FONTENAY-TRESIGNY,77,Maison,68,3,808,2024
292000,77280,OTHIS,77,Maison,89,4,462,2024
146000,77370,CHATEAUBLEAU,77,Maison,61,3,482,2024
96000,77169,BOISSY-LE-CHATEL,77,Maison,51,3,49,2024
255000,77120,MOUROUX,77,Maison,103,5,1076,2024
255000,77120,MOUROUX,77,Maison,103,5,500,2024
226000,77370,NANGIS,77,Maison,88,5,379,2024
316000,77290,MITRY MORY,77,Maison,90,3,500,2024
316000,77290,MITRY MORY,77,Maison,90,3,187,2024
248100,77171,SOURDUN,77,Maison,85,4,219,2024
248100,77171,SOURDUN,77,Maison,85,4,500,2024
120000,77370,NANGIS,77,Maison,95,3,530,2024
173000,77370,NANGIS,77,Maison,83,4,206,2024
231000,77160,CHAPELLE-SAINT-SULPICE (LA),77,Maison,103,7,143,2024
220000,77154,VILLENEUVE-LES-BORDES,77,Dépendance,0,0,450,2024
220000,77154,VILLENEUVE-LES-BORDES,77,Maison,95,3,323,2024
220000,77154,VILLENEUVE-LES-BORDES,77,Dépendance,0,0,323,2024
220000,77154,VILLENEUVE-LES-BORDES,77,Maison,95,3,427,2024
220000,77154,VILLENEUVE-LES-BORDES,77,Dépendance,0,0,427,2024
220000,77154,VILLENEUVE-LES-BORDES,77,Maison,95,3,450,2024
233000,77169,BOISSY-LE-CHATEL,77,Maison,93,4,700,2024
249000,77320,CHEVRU,77,Maison,118,4,250,2024
249000,77320,CHEVRU,77,Maison,118,4,970,2024
400000,77100,NANTEUIL-LES-MEAUX,77,Local industriel. commercial ou assimilé,512,0,714,2024
400000,77100,NANTEUIL-LES-MEAUX,77,Local industriel. commercial ou assimilé,178,0,714,2024
248000,77560,COURTACON,77,Maison,80,4,500,2024
248000,77560,COURTACON,77,Maison,80,4,337,2024
250000,77178,OISSERY,77,Dépendance,0,0,334,2024
250000,77178,OISSERY,77,Maison,64,2,334,2024
30000,77510,SABLONNIERES,77,Dépendance,0,0,81,2024
380000,77420,CHAMPS-SUR-MARNE,77,Maison,121,6,202,2024
380000,77420,CHAMPS-SUR-MARNE,77,Local industriel. commercial ou assimilé,0,0,33,2024
262000,77610,FONTENAY-TRESIGNY,77,Maison,70,4,685,2024
262000,77610,FONTENAY-TRESIGNY,77,Dépendance,0,0,685,2024
305000,77200,TORCY,77,Maison,114,5,74,2024
318000,77280,OTHIS,77,Maison,102,5,633,2024
313000,77230,MARCHEMORET,77,Maison,84,4,363,2024
284000,77280,OTHIS,77,Maison,85,4,280,2024
275000,77280,OTHIS,77,Dépendance,0,0,333,2024
275000,77280,OTHIS,77,Maison,105,5,333,2024
430000,77230,MOUSSY-LE-NEUF,77,Maison,136,7,1388,2024
244000,77230,LONGPERRIER,77,Appartement,58,3,69,2024
244000,77230,LONGPERRIER,77,Appartement,43,2,69,2024
258500,77540,LUMIGNY NESLES ORMEAUX,77,Maison,108,4,567,2024
258500,77540,LUMIGNY NESLES ORMEAUX,77,Maison,108,4,500,2024
265000,77320,CHEVRU,77,Dépendance,0,0,250,2024
265000,77320,CHEVRU,77,Maison,120,5,459,2024
265000,77320,CHEVRU,77,Dépendance,0,0,459,2024
265000,77320,CHEVRU,77,Maison,120,5,250,2024
379000,77450,CONDE-SAINTE-LIBIAIRE,77,Maison,65,3,500,2024
379000,77450,CONDE-SAINTE-LIBIAIRE,77,Dépendance,0,0,500,2024
379000,77450,CONDE-SAINTE-LIBIAIRE,77,Dépendance,0,0,200,2024
379000,77450,CONDE-SAINTE-LIBIAIRE,77,Maison,65,3,200,2024
143000,77480,BRAY-SUR-SEINE,77,Maison,89,5,336,2024
125000,77480,FONTAINE-FOURCHES,77,Maison,105,3,635,2024
125000,77480,FONTAINE-FOURCHES,77,Local industriel. commercial ou assimilé,49,0,635,2024
369555,77400,POMPONNE,77,Maison,82,4,361,2024
369555,77400,POMPONNE,77,Dépendance,0,0,361,2024
350000,77200,TORCY,77,Maison,101,5,538,2024
315000,77178,SAINT-PATHUS,77,Maison,108,5,500,2024
120000,77580,VOULANGIS,77,Maison,93,4,424,2024
120000,77580,VOULANGIS,77,Dépendance,0,0,424,2024
2000000,77230,LONGPERRIER,77,Local industriel. commercial ou assimilé,2168,0,5204,2024
33500,77410,ANNET-SUR-MARNE,77,Dépendance,0,0,50,2024
258000,77280,OTHIS,77,Maison,125,6,276,2024
258000,77280,OTHIS,77,Dépendance,0,0,276,2024
285000,77540,ROZAY-EN-BRIE,77,Dépendance,0,0,706,2024
285000,77540,ROZAY-EN-BRIE,77,Maison,84,5,706,2024
285000,77540,ROZAY-EN-BRIE,77,Dépendance,0,0,200,2024
285000,77540,ROZAY-EN-BRIE,77,Maison,84,5,200,2024
256950,77640,SIGNY-SIGNETS,77,Dépendance,0,0,500,2024
256950,77640,SIGNY-SIGNETS,77,Maison,105,5,500,2024
256950,77640,SIGNY-SIGNETS,77,Dépendance,0,0,287,2024
256950,77640,SIGNY-SIGNETS,77,Maison,105,5,287,2024
330000,77185,LOGNES,77,Maison,112,5,120,2024
370000,77270,VILLEPARISIS,77,Maison,92,5,414,2024
370000,77270,VILLEPARISIS,77,Dépendance,0,0,414,2024
515300,77700,CHESSY,77,Maison,113,4,400,2024
515300,77700,CHESSY,77,Dépendance,0,0,400,2024
711500,77700,MAGNY-LE-HONGRE,77,Maison,160,6,47,2024
711500,77700,MAGNY-LE-HONGRE,77,Maison,160,6,500,2024
261300,77610,FONTENAY-TRESIGNY,77,Maison,84,4,132,2024
323000,77400,THORIGNY SUR MARNE,77,Maison,96,5,686,2024
487000,77400,THORIGNY SUR MARNE,77,Maison,115,6,404,2024
355590,77750,SAINT-CYR-SUR-MORIN,77,Dépendance,0,0,239,2024
355590,77750,SAINT-CYR-SUR-MORIN,77,Maison,76,4,239,2024
217000,77560,LOUAN-VILLEGRUIS-FONTAINE,77,Maison,135,6,181,2024
217000,77560,LOUAN-VILLEGRUIS-FONTAINE,77,Dépendance,0,0,181,2024
404700,77450,ESBLY,77,Dépendance,0,0,426,2024
404700,77450,ESBLY,77,Maison,96,5,426,2024
715000,77400,LAGNY-SUR-MARNE,77,Maison,160,5,397,2024
430000,77610,HOUSSAYE-EN-BRIE (LA),77,Maison,167,7,3107,2024
430000,77610,HOUSSAYE-EN-BRIE (LA),77,Dépendance,0,0,250,2024
430000,77610,HOUSSAYE-EN-BRIE (LA),77,Maison,167,7,250,2024
430000,77610,HOUSSAYE-EN-BRIE (LA),77,Dépendance,0,0,3107,2024
335000,77400,THORIGNY SUR MARNE,77,Maison,60,3,89,2024
600000,77178,OISSERY,77,Local industriel. commercial ou assimilé,320,0,3929,2024
600000,77178,OISSERY,77,Local industriel. commercial ou assimilé,160,0,3929,2024
600000,77178,OISSERY,77,Local industriel. commercial ou assimilé,450,0,3929,2024
600000,77178,OISSERY,77,Local industriel. commercial ou assimilé,180,0,3929,2024
242000,77400,LAGNY-SUR-MARNE,77,Maison,68,3,405,2024
242000,77400,LAGNY-SUR-MARNE,77,Dépendance,0,0,405,2024
503700,77181,LE PIN,77,Dépendance,0,0,800,2024
503700,77181,LE PIN,77,Maison,150,6,800,2024
152000,77450,CONDE-SAINTE-LIBIAIRE,77,Maison,70,3,56,2024
445000,77100,MEAUX,77,Maison,171,6,259,2024
445000,77100,MEAUX,77,Maison,171,6,500,2024
640000,77860,QUINCY-VOISINS,77,Appartement,28,2,535,2024
640000,77860,QUINCY-VOISINS,77,Appartement,26,2,535,2024
640000,77860,QUINCY-VOISINS,77,Maison,50,4,535,2024
640000,77860,QUINCY-VOISINS,77,Appartement,35,2,535,2024
335000,77450,ESBLY,77,Maison,97,5,405,2024
100000,77500,CHELLES,77,Maison,80,5,437,2024
100000,77500,CHELLES,77,Dépendance,0,0,437,2024
255600,77470,TRILPORT,77,Maison,90,5,359,2024
317000,77610,FONTENAY-TRESIGNY,77,Dépendance,0,0,250,2024
317000,77610,FONTENAY-TRESIGNY,77,Dépendance,0,0,351,2024
317000,77610,FONTENAY-TRESIGNY,77,Maison,137,7,351,2024
317000,77610,FONTENAY-TRESIGNY,77,Maison,137,7,250,2024
310000,77410,CHARNY,77,Maison,85,5,407,2024
402800,77360,VAIRES SUR MARNE,77,Dépendance,0,0,230,2024
402800,77360,VAIRES SUR MARNE,77,Maison,94,4,230,2024
258000,77470,TRILPORT,77,Dépendance,0,0,470,2024
258000,77470,TRILPORT,77,Maison,92,5,470,2024
294190,77230,DAMMARTIN-EN-GOELE,77,Maison,81,5,500,2024
1115000,77700,BAILLY-ROMAINVILLIERS,77,Dépendance,0,0,500,2024
1115000,77700,BAILLY-ROMAINVILLIERS,77,Dépendance,0,0,660,2024
1115000,77700,BAILLY-ROMAINVILLIERS,77,Maison,219,7,660,2024
1115000,77700,BAILLY-ROMAINVILLIERS,77,Maison,219,7,500,2024
117000,77515,CELLE-SUR-MORIN (LA),77,Maison,30,1,362,2024
185000,77320,BETON-BAZOCHES,77,Maison,77,5,704,2024
185000,77320,BETON-BAZOCHES,77,Dépendance,0,0,704,2024
199000,77139,ETREPILLY,77,Maison,85,5,388,2024
565000,77600,CHANTELOUP EN BRIE,77,Maison,126,5,295,2024
565000,77600,CHANTELOUP EN BRIE,77,Maison,126,5,500,2024
90000,77540,COURPALAY,77,Maison,90,3,500,2024
90000,77540,COURPALAY,77,Maison,90,3,960,2024
230000,77400,LAGNY-SUR-MARNE,77,Maison,57,3,442,2024
191000,77520,SOGNOLLES-EN-MONTOIS,77,Maison,120,4,562,2024
115000,77440,ISLES-LES-MELDEUSES,77,Maison,40,3,44,2024
88000,77440,CONGIS-SUR-THEROUANNE,77,Appartement,24,1,375,2024
88000,77440,CONGIS-SUR-THEROUANNE,77,Appartement,27,2,375,2024
88000,77440,CONGIS-SUR-THEROUANNE,77,Dépendance,0,0,375,2024
88000,77440,CONGIS-SUR-THEROUANNE,77,Appartement,85,5,375,2024
1600000,77500,CHELLES,77,Local industriel. commercial ou assimilé,1440,0,2999,2024
261950,77124,CREGY-LES-MEAUX,77,Dépendance,0,0,283,2024
261950,77124,CREGY-LES-MEAUX,77,Maison,89,4,283,2024
270000,77260,LA FERTE SOUS JOUARRE,77,Appartement,38,2,54,2024
270000,77260,LA FERTE SOUS JOUARRE,77,Local industriel. commercial ou assimilé,46,0,54,2024
379160,77910,GERMIGNY-L EVEQUE,77,Maison,145,6,1775,2024
379160,77910,GERMIGNY-L EVEQUE,77,Dépendance,0,0,500,2024
379160,77910,GERMIGNY-L EVEQUE,77,Maison,145,6,500,2024
379160,77910,GERMIGNY-L EVEQUE,77,Dépendance,0,0,1775,2024
125000,77650,LONGUEVILLE,77,Maison,74,3,801,2024
217000,77480,VILLUIS,77,Maison,237,8,380,2024
217000,77480,VILLUIS,77,Maison,237,8,2162,2024
335000,77580,COUTEVROULT,77,Maison,126,4,1036,2024
335000,77580,COUTEVROULT,77,Dépendance,0,0,1036,2024
335000,77580,COUTEVROULT,77,Maison,126,4,500,2024
335000,77580,COUTEVROULT,77,Dépendance,0,0,500,2024
350000,77100,NANTEUIL-LES-MEAUX,77,Maison,120,6,500,2024
350000,77100,NANTEUIL-LES-MEAUX,77,Maison,120,6,250,2024
258000,77400,LAGNY-SUR-MARNE,77,Maison,85,5,350,2024
305700,77260,CHAMIGNY,77,Maison,180,4,634,2024
390000,77270,VILLEPARISIS,77,Dépendance,0,0,450,2024
390000,77270,VILLEPARISIS,77,Maison,122,5,450,2024
360000,77164,FERRIERES-EN-BRIE,77,Local industriel. commercial ou assimilé,0,0,4527,2024
360000,77164,FERRIERES-EN-BRIE,77,Maison,100,6,539,2024
80000,77320,JOUY-SUR-MORIN,77,Dépendance,0,0,500,2024
80000,77320,JOUY-SUR-MORIN,77,Maison,80,1,500,2024
80000,77320,JOUY-SUR-MORIN,77,Maison,80,1,153,2024
80000,77320,JOUY-SUR-MORIN,77,Dépendance,0,0,153,2024
88000,77660,SAINT JEAN LES DEUX JUMEAUX,77,Dépendance,0,0,12,2024
215000,77640,JOUARRE,77,Maison,105,4,80,2024
66000,77370,MAISON-ROUGE,77,Dépendance,0,0,242,2024
260000,77750,SAINT-CYR-SUR-MORIN,77,Maison,131,5,617,2024
335000,77610,FONTENAY-TRESIGNY,77,Dépendance,0,0,503,2024
335000,77610,FONTENAY-TRESIGNY,77,Maison,105,5,503,2024
361800,77440,VENDREST,77,Dépendance,0,0,725,2024
361800,77440,VENDREST,77,Maison,120,4,725,2024
192500,77400,LAGNY-SUR-MARNE,77,Maison,97,6,248,2024
192500,77400,LAGNY-SUR-MARNE,77,Dépendance,0,0,248,2024
192500,77400,LAGNY-SUR-MARNE,77,Maison,97,6,500,2024
192500,77400,LAGNY-SUR-MARNE,77,Dépendance,0,0,500,2024
413500,77540,ROZAY-EN-BRIE,77,Maison,169,5,250,2024
413500,77540,ROZAY-EN-BRIE,77,Maison,169,5,562,2024
670000,77400,DAMPMART,77,Maison,141,7,688,2024
670000,77400,DAMPMART,77,Maison,141,7,500,2024
460000,77320,CHEVRU,77,Local industriel. commercial ou assimilé,640,0,5020,2024
460000,77320,CHEVRU,77,Local industriel. commercial ou assimilé,640,0,1320,2024
460000,77320,CHEVRU,77,Dépendance,0,0,1798,2024
460000,77320,CHEVRU,77,Maison,140,4,1798,2024
210000,77160,CHENOISE-CUCHARMOY,77,Dépendance,0,0,500,2024
210000,77160,CHENOISE-CUCHARMOY,77,Dépendance,0,0,17,2024
210000,77160,CHENOISE-CUCHARMOY,77,Maison,109,5,17,2024
210000,77160,CHENOISE-CUCHARMOY,77,Maison,109,5,500,2024
280000,77520,CESSOY-EN-MONTOIS,77,Maison,148,4,907,2024
280000,77520,CESSOY-EN-MONTOIS,77,Dépendance,0,0,907,2024
144000,77515,POMMEUSE,77,Maison,65,3,149,2024
442900,77450,JABLINES,77,Dépendance,0,0,372,2024
442900,77450,JABLINES,77,Maison,147,6,372,2024
330000,77360,VAIRES SUR MARNE,77,Maison,73,4,295,2024
300000,77410,MESSY,77,Maison,86,5,429,2024
300000,77410,MESSY,77,Dépendance,0,0,429,2024
807604,77400,CARNETIN,77,Dépendance,0,0,1295,2024
807604,77400,CARNETIN,77,Maison,197,5,500,2024
807604,77400,CARNETIN,77,Dépendance,0,0,500,2024
807604,77400,CARNETIN,77,Maison,197,5,1295,2024
230000,77178,SAINT-PATHUS,77,Local industriel. commercial ou assimilé,103,0,500,2024
230000,77178,SAINT-PATHUS,77,Maison,111,5,500,2024
301455,77230,SAINT-MARD,77,Maison,107,4,500,2024
301455,77230,SAINT-MARD,77,Maison,107,4,433,2024
626552,77400,POMPONNE,77,Dépendance,0,0,760,2024
626552,77400,POMPONNE,77,Maison,156,5,760,2024
446500,77500,CHELLES,77,Dépendance,0,0,675,2024
446500,77500,CHELLES,77,Maison,90,5,675,2024
329000,77500,CHELLES,77,Maison,69,4,451,2024
329000,77500,CHELLES,77,Dépendance,0,0,451,2024
440000,77360,VAIRES SUR MARNE,77,Maison,71,3,571,2024
187500,77750,SAINT-OUEN-SUR-MORIN,77,Dépendance,0,0,500,2024
187500,77750,SAINT-OUEN-SUR-MORIN,77,Dépendance,0,0,1024,2024
187500,77750,SAINT-OUEN-SUR-MORIN,77,Maison,120,5,500,2024
187500,77750,SAINT-OUEN-SUR-MORIN,77,Maison,120,5,1024,2024
120000,77580,COUTEVROULT,77,Dépendance,0,0,1895,2024
120000,77580,COUTEVROULT,77,Maison,75,3,1895,2024
120000,77580,COUTEVROULT,77,Maison,75,3,500,2024
120000,77580,COUTEVROULT,77,Dépendance,0,0,500,2024
175000,77410,ANNET-SUR-MARNE,77,Maison,50,3,21,2024
375000,77230,DAMMARTIN-EN-GOELE,77,Maison,125,5,251,2024
375000,77230,DAMMARTIN-EN-GOELE,77,Maison,125,5,500,2024
10000,77910,VARREDDES,77,Maison,20,1,30,2024
720000,77400,LAGNY-SUR-MARNE,77,Dépendance,0,0,480,2024
720000,77400,LAGNY-SUR-MARNE,77,Maison,126,6,500,2024
720000,77400,LAGNY-SUR-MARNE,77,Dépendance,0,0,500,2024
720000,77400,LAGNY-SUR-MARNE,77,Maison,126,6,480,2024
363700,77400,LAGNY-SUR-MARNE,77,Maison,78,4,179,2024
420000,77450,MONTRY,77,Maison,120,5,503,2024
300000,77700,COUPVRAY,77,Maison,90,3,500,2024
300000,77700,COUPVRAY,77,Maison,90,3,597,2024
465000,77200,TORCY,77,Maison,133,5,561,2024
260000,77450,MONTRY,77,Maison,72,4,474,2024
150000,77440,VENDREST,77,Dépendance,0,0,400,2024
150000,77440,VENDREST,77,Dépendance,0,0,230,2024
280000,77270,VILLEPARISIS,77,Dépendance,0,0,404,2024
280000,77270,VILLEPARISIS,77,Maison,58,4,404,2024
310000,77910,VARREDDES,77,Maison,80,4,500,2024
310000,77910,VARREDDES,77,Maison,80,4,381,2024
335000,77124,VILLENOY,77,Maison,94,4,336,2024
503300,77700,SERRIS,77,Maison,116,6,500,2024
503300,77700,SERRIS,77,Maison,116,6,150,2024
257000,77470,TRILPORT,77,Maison,84,5,475,2024
257000,77470,TRILPORT,77,Dépendance,0,0,475,2024
340000,77163,DAMMARTIN-SUR-TIGEAUX,77,Maison,93,4,500,2024
340000,77163,DAMMARTIN-SUR-TIGEAUX,77,Maison,93,4,62,2024
310000,77540,COURPALAY,77,Maison,127,6,1140,2024
310000,77540,COURPALAY,77,Maison,127,6,250,2024
486292,77700,BAILLY-ROMAINVILLIERS,77,Maison,104,5,353,2024
421120,77610,NEUFMOUTIERS-EN-BRIE,77,Dépendance,0,0,79,2024
421120,77610,NEUFMOUTIERS-EN-BRIE,77,Maison,151,5,79,2024
913000,77400,SAINT THIBAULT DES VIGNES,77,Dépendance,0,0,307,2024
913000,77400,SAINT THIBAULT DES VIGNES,77,Maison,270,8,307,2024
913000,77400,SAINT THIBAULT DES VIGNES,77,Dépendance,0,0,700,2024
913000,77400,SAINT THIBAULT DES VIGNES,77,Maison,270,8,700,2024
395000,77450,MONTRY,77,Maison,75,4,547,2024
399000,77290,MITRY MORY,77,Maison,122,5,400,2024
86000,77750,BOITRON,77,Maison,50,1,500,2024
86000,77750,BOITRON,77,Maison,50,1,530,2024
690000,77186,NOISIEL,77,Local industriel. commercial ou assimilé,991,0,1421,2024
690000,77186,NOISIEL,77,Local industriel. commercial ou assimilé,120,0,1421,2024
690000,77186,NOISIEL,77,Local industriel. commercial ou assimilé,102,0,1421,2024
690000,77186,NOISIEL,77,Local industriel. commercial ou assimilé,371,0,1421,2024
46000,77510,TRETOIRE (LA),77,Dépendance,0,0,425,2024
158000,77260,LA FERTE SOUS JOUARRE,77,Maison,51,3,363,2024
158000,77260,LA FERTE SOUS JOUARRE,77,Maison,51,3,500,2024
242640,77370,FONTAINS,77,Maison,206,6,674,2024
242640,77370,FONTAINS,77,Maison,206,6,813,2024
242640,77370,FONTAINS,77,Maison,206,6,1735,2024
60000,77510,BELLOT,77,Maison,111,4,182,2024
60000,77510,BELLOT,77,Appartement,39,2,182,2024
60000,77510,BELLOT,77,Dépendance,0,0,182,2024
164000,77320,FRETOY,77,Maison,103,4,405,2024
203500,77370,CHATEAUBLEAU,77,Maison,136,4,240,2024
269850,77370,NANGIS,77,Maison,103,6,354,2024
132000,77970,JOUY-LE-CHATEL,77,Maison,61,4,70,2024
251000,77230,DAMMARTIN-EN-GOELE,77,Dépendance,0,0,244,2024
251000,77230,DAMMARTIN-EN-GOELE,77,Maison,89,4,244,2024
218500,77370,MAISON-ROUGE,77,Maison,114,6,634,2024
218500,77370,MAISON-ROUGE,77,Dépendance,0,0,634,2024
335000,77178,OISSERY,77,Maison,75,4,351,2024
335000,77178,OISSERY,77,Maison,75,4,1094,2024
335000,77178,OISSERY,77,Maison,75,4,1022,2024
293000,77230,LONGPERRIER,77,Maison,92,4,457,2024
262500,77370,SAINT-JUST-EN-BRIE,77,Maison,106,4,402,2024
262500,77370,SAINT-JUST-EN-BRIE,77,Maison,106,4,500,2024
262500,77370,SAINT-JUST-EN-BRIE,77,Dépendance,0,0,500,2024
262500,77370,SAINT-JUST-EN-BRIE,77,Dépendance,0,0,402,2024
156000,77120,COULOMMIERS,77,Maison,88,5,205,2024
230000,77360,VAIRES SUR MARNE,77,Maison,55,4,241,2024
440000,77860,QUINCY-VOISINS,77,Maison,120,5,224,2024
200000,77500,CHELLES,77,Appartement,60,2,139,2024
200000,77500,CHELLES,77,Dépendance,0,0,139,2024
190000,77320,SAINT-MARS-VIEUX-MAISONS,77,Maison,108,6,1000,2024
190000,77320,SAINT-MARS-VIEUX-MAISONS,77,Dépendance,0,0,1000,2024
190000,77320,SAINT-MARS-VIEUX-MAISONS,77,Maison,108,6,500,2024
190000,77320,SAINT-MARS-VIEUX-MAISONS,77,Dépendance,0,0,500,2024
440000,77860,QUINCY-VOISINS,77,Maison,132,6,500,2024
440000,77860,QUINCY-VOISINS,77,Maison,132,6,327,2024
345000,77580,GUERARD,77,Maison,120,6,511,2024
110000,77370,CROIX-EN-BRIE (LA),77,Maison,61,3,622,2024
110000,77370,CROIX-EN-BRIE (LA),77,Dépendance,0,0,622,2024
295000,77860,QUINCY-VOISINS,77,Maison,103,6,285,2024
624000,77120,COULOMMIERS,77,Local industriel. commercial ou assimilé,575,0,2966,2024
244000,77600,JOSSIGNY,77,Maison,42,3,90,2024
120000,77370,CHATEAUBLEAU,77,Dépendance,0,0,600,2024
120000,77370,CHATEAUBLEAU,77,Maison,62,4,1530,2024
120000,77370,CHATEAUBLEAU,77,Dépendance,0,0,1530,2024
120000,77370,CHATEAUBLEAU,77,Maison,62,4,600,2024
230000,77154,VILLENEUVE-LES-BORDES,77,Dépendance,0,0,1088,2024
230000,77154,VILLENEUVE-LES-BORDES,77,Maison,115,5,1088,2024
219900,77141,VAUDOY-EN-BRIE,77,Maison,101,5,1750,2024
219900,77141,VAUDOY-EN-BRIE,77,Maison,101,5,76,2024
196600,77370,CHAPELLE-RABLAIS (LA),77,Maison,88,5,790,2024
285000,77520,DONNEMARIE-DONTILLY,77,Appartement,48,2,153,2024
285000,77520,DONNEMARIE-DONTILLY,77,Appartement,46,3,153,2024
285000,77520,DONNEMARIE-DONTILLY,77,Appartement,48,3,153,2024
285000,77520,DONNEMARIE-DONTILLY,77,Dépendance,0,0,153,2024
285000,77520,DONNEMARIE-DONTILLY,77,Local industriel. commercial ou assimilé,30,0,153,2024
285000,77520,DONNEMARIE-DONTILLY,77,Appartement,57,3,153,2024
285000,77520,DONNEMARIE-DONTILLY,77,Appartement,80,3,282,2024
285000,77520,DONNEMARIE-DONTILLY,77,Appartement,25,1,282,2024
285000,77520,DONNEMARIE-DONTILLY,77,Local industriel. commercial ou assimilé,25,0,282,2024
162000,77650,JUTIGNY,77,Maison,150,4,400,2024
243000,77910,VARREDDES,77,Maison,80,4,570,2024
179000,77910,GERMIGNY-L EVEQUE,77,Maison,55,3,564,2024
260000,77139,ETREPILLY,77,Dépendance,0,0,590,2024
260000,77139,ETREPILLY,77,Maison,146,6,590,2024
346670,77600,BUSSY-SAINT-GEORGES,77,Maison,80,4,138,2024
346670,77600,BUSSY-SAINT-GEORGES,77,Dépendance,0,0,13,2024
610050,77600,GUERMANTES,77,Dépendance,0,0,500,2024
610050,77600,GUERMANTES,77,Maison,102,2,500,2024
610050,77600,GUERMANTES,77,Maison,102,2,498,2024
610050,77600,GUERMANTES,77,Dépendance,0,0,498,2024
295000,77100,NANTEUIL-LES-MEAUX,77,Maison,96,5,144,2024
204500,77450,CONDE-SAINTE-LIBIAIRE,77,Maison,60,4,32,2024
278150,77124,CREGY-LES-MEAUX,77,Dépendance,0,0,500,2024
278150,77124,CREGY-LES-MEAUX,77,Maison,114,5,500,2024
278150,77124,CREGY-LES-MEAUX,77,Dépendance,0,0,364,2024
278150,77124,CREGY-LES-MEAUX,77,Maison,114,5,364,2024
455000,77120,COULOMMIERS,77,Dépendance,0,0,120,2024
455000,77120,COULOMMIERS,77,Appartement,73,3,120,2024
455000,77120,COULOMMIERS,77,Appartement,46,2,120,2024
455000,77120,COULOMMIERS,77,Appartement,80,4,120,2024
455000,77120,COULOMMIERS,77,Appartement,39,1,120,2024
240000,77131,PEZARCHES,77,Maison,128,8,90,2024
310000,77181,COURTRY,77,Maison,100,4,304,2024
315100,77280,OTHIS,77,Maison,102,5,615,2024
315100,77280,OTHIS,77,Dépendance,0,0,615,2024
309000,77100,MAREUIL-LES-MEAUX,77,Maison,133,5,500,2024
309000,77100,MAREUIL-LES-MEAUX,77,Maison,133,5,303,2024
309000,77100,MAREUIL-LES-MEAUX,77,Dépendance,0,0,303,2024
309000,77100,MAREUIL-LES-MEAUX,77,Dépendance,0,0,500,2024
213880,77260,LA FERTE SOUS JOUARRE,77,Maison,89,4,98,2024
330000,77183,CROISSY-BEAUBOURG,77,Maison,148,4,369,2024
290000,77515,POMMEUSE,77,Maison,104,5,568,2024
290000,77515,POMMEUSE,77,Dépendance,0,0,568,2024
300000,77970,PECY,77,Dépendance,0,0,168,2024
300000,77970,PECY,77,Local industriel. commercial ou assimilé,20,0,168,2024
300000,77970,PECY,77,Maison,112,3,168,2024
198000,77560,VOULTON,77,Maison,112,5,500,2024
198000,77560,VOULTON,77,Maison,112,5,480,2024
94500,77650,SAINT-LOUP-DE-NAUD,77,Maison,45,3,36,2024
185000,77560,VILLIERS-SAINT-GEORGES,77,Maison,100,4,244,2024
185000,77560,VILLIERS-SAINT-GEORGES,77,Dépendance,0,0,244,2024
377500,77270,VILLEPARISIS,77,Maison,144,5,396,2024
280000,77660,SAINT JEAN LES DEUX JUMEAUX,77,Dépendance,0,0,282,2024
280000,77660,SAINT JEAN LES DEUX JUMEAUX,77,Maison,115,3,282,2024
431000,77360,VAIRES SUR MARNE,77,Maison,123,5,540,2024
230000,77165,SAINT-SOUPPLETS,77,Dépendance,0,0,27,2024
230000,77165,SAINT-SOUPPLETS,77,Maison,80,4,89,2024
120000,77160,SAINT-BRICE,77,Maison,87,5,161,2024
122000,77560,VILLIERS-SAINT-GEORGES,77,Maison,57,4,364,2024
122000,77560,VILLIERS-SAINT-GEORGES,77,Dépendance,0,0,364,2024
372290,77160,ROUILLY,77,Maison,153,5,500,2024
372290,77160,ROUILLY,77,Maison,153,5,529,2024
285200,77610,FONTENAY-TRESIGNY,77,Maison,88,5,471,2024
616950,77400,LAGNY-SUR-MARNE,77,Maison,111,4,773,2024
415150,77440,ARMENTIERES-EN-BRIE,77,Maison,116,5,2500,2024
415150,77440,ARMENTIERES-EN-BRIE,77,Maison,116,5,468,2024
650000,77410,CLAYE-SOUILLY,77,Maison,110,3,500,2024
650000,77410,CLAYE-SOUILLY,77,Maison,110,3,378,2024
331000,77910,GERMIGNY-L EVEQUE,77,Maison,85,5,540,2024
331000,77910,GERMIGNY-L EVEQUE,77,Maison,85,5,500,2024
189000,77480,MONTIGNY-LE-GUESDIER,77,Maison,145,6,615,2024
189000,77480,MONTIGNY-LE-GUESDIER,77,Dépendance,0,0,615,2024
189000,77480,MONTIGNY-LE-GUESDIER,77,Dépendance,0,0,807,2024
189000,77480,MONTIGNY-LE-GUESDIER,77,Maison,145,6,807,2024
101000,77480,BRAY-SUR-SEINE,77,Dépendance,0,0,250,2024
101000,77480,BRAY-SUR-SEINE,77,Maison,88,3,250,2024
73000,77650,LIZINES,77,Dépendance,0,0,314,2024
73000,77650,LIZINES,77,Maison,83,5,314,2024
500000,77410,CLAYE-SOUILLY,77,Dépendance,0,0,1382,2024
500000,77410,CLAYE-SOUILLY,77,Maison,70,4,1382,2024
205700,77470,TRILPORT,77,Maison,66,3,45,2024
205700,77470,TRILPORT,77,Dépendance,0,0,45,2024
93275,77124,VILLENOY,77,Local industriel. commercial ou assimilé,16,0,138,2024
93275,77124,VILLENOY,77,Maison,76,4,300,2024
471000,77400,THORIGNY SUR MARNE,77,Dépendance,0,0,355,2024
471000,77400,THORIGNY SUR MARNE,77,Appartement,47,3,355,2024
471000,77400,THORIGNY SUR MARNE,77,Appartement,55,4,355,2024
230000,77100,MEAUX,77,Maison,60,3,519,2024
100000,77440,CONGIS-SUR-THEROUANNE,77,Maison,47,3,260,2024
400000,77500,CHELLES,77,Dépendance,0,0,460,2024
400000,77500,CHELLES,77,Maison,143,6,460,2024
15000,77440,VENDREST,77,Dépendance,0,0,30,2024
377000,77700,COUPVRAY,77,Maison,90,4,665,2024
284000,77860,QUINCY-VOISINS,77,Maison,75,4,192,2024
212000,77840,CROUY-SUR-OURCQ,77,Maison,67,4,624,2024
290000,77230,DAMMARTIN-EN-GOELE,77,Maison,90,4,449,2024
185000,77171,LECHELLE,77,Dépendance,0,0,681,2024
185000,77171,LECHELLE,77,Dépendance,0,0,126,2024
185000,77171,LECHELLE,77,Maison,172,6,126,2024
185000,77171,LECHELLE,77,Maison,172,6,681,2024
310000,77610,FONTENAY-TRESIGNY,77,Maison,93,4,470,2024
158000,77660,SAINT JEAN LES DEUX JUMEAUX,77,Dépendance,0,0,407,2024
158000,77660,SAINT JEAN LES DEUX JUMEAUX,77,Maison,102,5,407,2024
820000,77165,SAINT-SOUPPLETS,77,Local industriel. commercial ou assimilé,340,0,1626,2024
255000,77470,TRILPORT,77,Maison,98,5,663,2024
348200,77120,BEAUTHEIL-SAINTS,77,Maison,123,4,1362,2024
387000,77320,FERTE-GAUCHER (LA),77,Maison,189,7,1033,2024
387000,77320,FERTE-GAUCHER (LA),77,Maison,189,7,250,2024
358000,77230,DAMMARTIN-EN-GOELE,77,Maison,103,4,500,2024
358000,77230,DAMMARTIN-EN-GOELE,77,Maison,103,4,147,2024
358000,77230,DAMMARTIN-EN-GOELE,77,Dépendance,0,0,500,2024
358000,77230,DAMMARTIN-EN-GOELE,77,Dépendance,0,0,147,2024
279150,77860,SAINT-GERMAIN-SUR-MORIN,77,Maison,84,5,521,2024
512000,77600,CHANTELOUP EN BRIE,77,Maison,129,5,515,2024
338000,77320,FERTE-GAUCHER (LA),77,Maison,167,5,500,2024
338000,77320,FERTE-GAUCHER (LA),77,Maison,167,5,123,2024
264000,77510,SAINT-DENIS-LES-REBAIS,77,Maison,114,5,617,2024
264000,77510,SAINT-DENIS-LES-REBAIS,77,Dépendance,0,0,617,2024
160000,77320,JOUY-SUR-MORIN,77,Maison,67,3,795,2024
160000,77320,JOUY-SUR-MORIN,77,Dépendance,0,0,795,2024
503000,77500,CHELLES,77,Maison,120,6,323,2024
503000,77500,CHELLES,77,Dépendance,0,0,323,2024
142500,77100,MEAUX,77,Maison,89,4,212,2024
618000,77144,MONTEVRAIN,77,Dépendance,0,0,500,2024
618000,77144,MONTEVRAIN,77,Maison,133,4,165,2024
618000,77144,MONTEVRAIN,77,Dépendance,0,0,165,2024
618000,77144,MONTEVRAIN,77,Maison,133,4,500,2024
500000,77410,ANNET-SUR-MARNE,77,Maison,145,5,759,2024
500000,77410,ANNET-SUR-MARNE,77,Maison,145,5,500,2024
280000,77910,BARCY,77,Dépendance,0,0,154,2024
280000,77910,BARCY,77,Maison,110,5,154,2024
447000,77400,SAINT THIBAULT DES VIGNES,77,Maison,112,5,435,2024
180000,77860,SAINT-GERMAIN-SUR-MORIN,77,Dépendance,0,0,1062,2024
180000,77860,SAINT-GERMAIN-SUR-MORIN,77,Maison,76,5,1062,2024
180000,77860,SAINT-GERMAIN-SUR-MORIN,77,Dépendance,0,0,500,2024
180000,77860,SAINT-GERMAIN-SUR-MORIN,77,Maison,76,5,500,2024
299000,77860,QUINCY-VOISINS,77,Maison,100,5,446,2024
299000,77860,QUINCY-VOISINS,77,Dépendance,0,0,446,2024
350000,77120,MOUROUX,77,Dépendance,0,0,280,2024
350000,77120,MOUROUX,77,Maison,150,6,280,2024
255000,77520,MONTIGNY-LENCOUP,77,Dépendance,0,0,335,2024
255000,77520,MONTIGNY-LENCOUP,77,Maison,93,4,335,2024
150000,77480,VILLENAUXE-LA-PETITE,77,Maison,55,3,3937,2024
150000,77480,VILLENAUXE-LA-PETITE,77,Maison,55,3,3020,2024
150000,77480,VILLENAUXE-LA-PETITE,77,Maison,55,3,43,2024
280000,77580,CRECY LA CHAPELLE,77,Maison,72,4,500,2024
280000,77580,CRECY LA CHAPELLE,77,Maison,72,4,465,2024
292000,77200,TORCY,77,Dépendance,0,0,628,2024
292000,77200,TORCY,77,Maison,75,4,628,2024
390000,77910,CHAMBRY,77,Maison,46,3,31,2024
390000,77910,CHAMBRY,77,Dépendance,0,0,78,2024
390000,77910,CHAMBRY,77,Maison,46,4,53,2024
390000,77910,CHAMBRY,77,Dépendance,0,0,53,2024
390000,77910,CHAMBRY,77,Appartement,60,4,996,2024
390000,77910,CHAMBRY,77,Appartement,60,3,996,2024
390000,77910,CHAMBRY,77,Appartement,30,1,996,2024
170000,77400,THORIGNY SUR MARNE,77,Maison,126,6,284,2024
170000,77400,THORIGNY SUR MARNE,77,Dépendance,0,0,284,2024
184000,77580,MAISONCELLES-EN-BRIE,77,Dépendance,0,0,349,2024
184000,77580,MAISONCELLES-EN-BRIE,77,Maison,112,6,349,2024
304650,77860,COUILLY-PONT-AUX-DAMES,77,Maison,131,5,500,2024
304650,77860,COUILLY-PONT-AUX-DAMES,77,Dépendance,0,0,327,2024
304650,77860,COUILLY-PONT-AUX-DAMES,77,Dépendance,0,0,500,2024
304650,77860,COUILLY-PONT-AUX-DAMES,77,Maison,131,5,327,2024
240000,77860,SAINT-GERMAIN-SUR-MORIN,77,Maison,86,5,449,2024
240000,77860,SAINT-GERMAIN-SUR-MORIN,77,Dépendance,0,0,449,2024
408900,77860,SAINT-GERMAIN-SUR-MORIN,77,Dépendance,0,0,500,2024
408900,77860,SAINT-GERMAIN-SUR-MORIN,77,Maison,128,6,829,2024
408900,77860,SAINT-GERMAIN-SUR-MORIN,77,Dépendance,0,0,829,2024
408900,77860,SAINT-GERMAIN-SUR-MORIN,77,Maison,128,6,500,2024
680000,77520,SOGNOLLES-EN-MONTOIS,77,Local industriel. commercial ou assimilé,0,0,9397,2024
680000,77520,SOGNOLLES-EN-MONTOIS,77,Maison,203,8,9397,2024
680000,77520,SOGNOLLES-EN-MONTOIS,77,Dépendance,0,0,9397,2024
680000,77520,SOGNOLLES-EN-MONTOIS,77,Dépendance,0,0,15205,2024
680000,77520,SOGNOLLES-EN-MONTOIS,77,Maison,203,8,15205,2024
680000,77520,SOGNOLLES-EN-MONTOIS,77,Local industriel. commercial ou assimilé,0,0,15205,2024
290000,77400,THORIGNY SUR MARNE,77,Maison,78,3,216,2024
210000,77270,VILLEPARISIS,77,Maison,29,1,362,2024
285000,77500,CHELLES,77,Maison,75,4,350,2024
285000,77500,CHELLES,77,Dépendance,0,0,350,2024
307000,77230,JUILLY,77,Maison,89,5,420,2024
265000,77230,JUILLY,77,Maison,74,4,321,2024
466800,77183,CROISSY-BEAUBOURG,77,Maison,157,6,20,2024
466800,77183,CROISSY-BEAUBOURG,77,Maison,157,6,547,2024
100000,77165,SAINT-SOUPPLETS,77,Maison,65,4,203,2024
349000,77290,MITRY MORY,77,Maison,93,4,581,2024
462100,77290,MITRY MORY,77,Dépendance,0,0,514,2024
462100,77290,MITRY MORY,77,Dépendance,0,0,500,2024
462100,77290,MITRY MORY,77,Maison,100,4,500,2024
462100,77290,MITRY MORY,77,Maison,100,4,514,2024
308500,77290,MITRY MORY,77,Dépendance,0,0,416,2024
308500,77290,MITRY MORY,77,Maison,84,4,416,2024
385000,77181,COURTRY,77,Maison,114,4,512,2024
310000,77178,OISSERY,77,Maison,165,6,518,2024
101080,77270,VILLEPARISIS,77,Maison,93,4,500,2024
101080,77270,VILLEPARISIS,77,Maison,93,4,351,2024
188100,77510,BELLOT,77,Maison,153,4,140,2024
250000,77120,COULOMMIERS,77,Maison,98,5,173,2024
335000,77400,LAGNY-SUR-MARNE,77,Maison,78,4,194,2024
97000,77160,PROVINS,77,Maison,51,3,55,2024
97000,77160,PROVINS,77,Dépendance,0,0,55,2024
288000,77270,VILLEPARISIS,77,Maison,85,4,139,2024
275800,77410,CLAYE-SOUILLY,77,Maison,106,4,394,2024
129569,77860,QUINCY-VOISINS,77,Maison,200,5,551,2024
531200,77600,BUSSY-SAINT-GEORGES,77,Dépendance,0,0,360,2024
531200,77600,BUSSY-SAINT-GEORGES,77,Maison,142,7,360,2024
285000,77410,CLAYE-SOUILLY,77,Dépendance,0,0,380,2024
285000,77410,CLAYE-SOUILLY,77,Maison,64,3,380,2024
346500,77500,CHELLES,77,Maison,95,5,344,2024
1207200,77700,MAGNY-LE-HONGRE,77,Maison,195,6,500,2024
1207200,77700,MAGNY-LE-HONGRE,77,Maison,195,6,506,2024
1207200,77700,MAGNY-LE-HONGRE,77,Dépendance,0,0,500,2024
1207200,77700,MAGNY-LE-HONGRE,77,Dépendance,0,0,506,2024
420000,77700,BAILLY-ROMAINVILLIERS,77,Maison,94,4,202,2024
350000,77400,SAINT THIBAULT DES VIGNES,77,Maison,100,4,352,2024
338000,77500,CHELLES,77,Maison,111,6,390,2024
279000,77186,NOISIEL,77,Maison,96,4,264,2024
245000,77290,MITRY MORY,77,Maison,87,4,332,2024
245000,77290,MITRY MORY,77,Dépendance,0,0,332,2024
386600,77500,CHELLES,77,Maison,100,6,500,2024
386600,77500,CHELLES,77,Dépendance,0,0,500,2024
173000,77160,CHALAUTRE-LA-PETITE,77,Dépendance,0,0,705,2024
173000,77160,CHALAUTRE-LA-PETITE,77,Maison,128,4,705,2024
350000,77700,COUPVRAY,77,Maison,137,6,410,2024
350000,77700,COUPVRAY,77,Maison,137,6,500,2024
195000,77154,VILLENEUVE-LES-BORDES,77,Maison,68,3,348,2024
170000,77470,POINCY,77,Maison,94,4,227,2024
250000,77154,VILLENEUVE-LES-BORDES,77,Maison,96,4,575,2024
230000,77520,GURCY-LE-CHATEL,77,Maison,130,5,295,2024
430060,77500,CHELLES,77,Dépendance,0,0,288,2024
430060,77500,CHELLES,77,Maison,86,5,288,2024
430060,77500,CHELLES,77,Local industriel. commercial ou assimilé,16,0,288,2024
220000,77120,COULOMMIERS,77,Maison,92,4,250,2024
454000,77164,FERRIERES-EN-BRIE,77,Maison,132,7,391,2024
440000,77410,CLAYE-SOUILLY,77,Maison,122,5,500,2024
440000,77410,CLAYE-SOUILLY,77,Maison,122,5,45,2024
190000,77640,SIGNY-SIGNETS,77,Maison,112,4,420,2024
190000,77640,SIGNY-SIGNETS,77,Maison,112,4,500,2024
340000,77515,FAREMOUTIERS,77,Maison,77,4,436,2024
340000,77515,FAREMOUTIERS,77,Maison,77,4,500,2024
130000,77450,LESCHES,77,Maison,50,2,27,2024
20000,77600,CHANTELOUP EN BRIE,77,Dépendance,0,0,14,2024
20000,77600,CHANTELOUP EN BRIE,77,Dépendance,0,0,15,2024
320000,77165,GESVRES-LE-CHAPITRE,77,Maison,138,5,293,2024
542000,77410,ANNET-SUR-MARNE,77,Dépendance,0,0,962,2024
542000,77410,ANNET-SUR-MARNE,77,Dépendance,0,0,500,2024
542000,77410,ANNET-SUR-MARNE,77,Maison,125,5,962,2024
542000,77410,ANNET-SUR-MARNE,77,Maison,125,5,500,2024
365000,77120,MOUROUX,77,Maison,163,5,941,2024
365000,77120,MOUROUX,77,Maison,163,5,250,2024
625000,77600,JOSSIGNY,77,Maison,158,6,500,2024
625000,77600,JOSSIGNY,77,Maison,158,6,668,2024
240000,77440,JAIGNES,77,Maison,248,5,612,2024
250000,77100,MAREUIL-LES-MEAUX,77,Maison,126,6,76,2024
370000,77450,LESCHES,77,Maison,88,4,350,2024
575000,77400,LAGNY-SUR-MARNE,77,Maison,132,7,500,2024
165000,77860,QUINCY-VOISINS,77,Maison,80,4,77,2024
440000,77450,MONTRY,77,Maison,186,7,500,2024
440000,77450,MONTRY,77,Maison,186,7,1036,2024
349000,77610,HOUSSAYE-EN-BRIE (LA),77,Maison,125,6,548,2024
465710,77450,ESBLY,77,Maison,121,5,394,2024
150000,77400,DAMPMART,77,Maison,70,4,42,2024
435000,77700,COUPVRAY,77,Maison,128,6,554,2024
438000,77400,DAMPMART,77,Maison,136,5,300,2024
438000,77400,DAMPMART,77,Maison,136,5,500,2024
349000,77515,CELLE-SUR-MORIN (LA),77,Maison,150,5,1445,2024
349000,77515,CELLE-SUR-MORIN (LA),77,Dépendance,0,0,1445,2024
349000,77515,CELLE-SUR-MORIN (LA),77,Maison,150,5,360,2024
349000,77515,CELLE-SUR-MORIN (LA),77,Dépendance,0,0,360,2024
196500,77139,PUISIEUX,77,Dépendance,0,0,32,2024
196500,77139,PUISIEUX,77,Maison,72,4,647,2024
196500,77139,PUISIEUX,77,Dépendance,0,0,647,2024
320000,77290,COMPANS,77,Maison,90,4,202,2024
277000,77230,JUILLY,77,Maison,88,5,222,2024
245000,77124,CREGY-LES-MEAUX,77,Maison,86,4,233,2024
285000,77410,CLAYE-SOUILLY,77,Maison,140,3,581,2024
370000,77440,VENDREST,77,Dépendance,0,0,656,2024
370000,77440,VENDREST,77,Maison,135,5,656,2024
229980,77650,SAVINS,77,Dépendance,0,0,362,2024
229980,77650,SAVINS,77,Maison,140,5,362,2024
395000,77470,TRILPORT,77,Maison,133,8,699,2024
229000,77120,AMILLIS,77,Maison,137,7,822,2024
229000,77120,AMILLIS,77,Maison,137,7,250,2024
1150000,77700,BAILLY-ROMAINVILLIERS,77,Dépendance,0,0,817,2024
1150000,77700,BAILLY-ROMAINVILLIERS,77,Maison,184,6,817,2024
1150000,77700,BAILLY-ROMAINVILLIERS,77,Maison,184,6,500,2024
1150000,77700,BAILLY-ROMAINVILLIERS,77,Dépendance,0,0,500,2024
190000,77510,SAINT-DENIS-LES-REBAIS,77,Maison,92,5,250,2024
190000,77510,SAINT-DENIS-LES-REBAIS,77,Maison,92,5,1156,2024
265000,77178,SAINT-PATHUS,77,Dépendance,0,0,583,2024
265000,77178,SAINT-PATHUS,77,Maison,81,5,583,2024
285000,77260,SAMMERON,77,Maison,88,4,288,2024
368900,77610,NEUFMOUTIERS-EN-BRIE,77,Maison,136,5,469,2024
404200,77230,SAINT-MARD,77,Maison,86,4,512,2024
240000,77230,DAMMARTIN-EN-GOELE,77,Maison,90,5,300,2024
240000,77230,DAMMARTIN-EN-GOELE,77,Maison,90,5,500,2024
347000,77100,MAREUIL-LES-MEAUX,77,Maison,178,5,500,2024
347000,77100,MAREUIL-LES-MEAUX,77,Maison,178,5,730,2024
266370,77440,LIZY-SUR-OURCQ,77,Maison,93,5,546,2024
61000,77114,GOUAIX,77,Dépendance,0,0,94,2024
61000,77114,GOUAIX,77,Maison,59,4,94,2024
198350,77650,SAVINS,77,Maison,92,6,645,2024
198350,77650,SAVINS,77,Dépendance,0,0,645,2024
244000,77480,VILLUIS,77,Maison,125,3,500,2024
244000,77480,VILLUIS,77,Dépendance,0,0,500,2024
244000,77480,VILLUIS,77,Maison,125,3,220,2024
244000,77480,VILLUIS,77,Dépendance,0,0,220,2024
311000,77515,FAREMOUTIERS,77,Maison,104,4,545,2024
149400,77515,POMMEUSE,77,Dépendance,0,0,47,2024
149400,77515,POMMEUSE,77,Appartement,64,2,47,2024
600000,77515,SAINT-AUGUSTIN,77,Maison,107,4,1823,2024
600000,77515,SAINT-AUGUSTIN,77,Maison,107,4,300,2024
350200,77450,ESBLY,77,Maison,85,4,340,2024
305000,77181,COURTRY,77,Maison,104,3,359,2024
235000,77515,POMMEUSE,77,Maison,110,4,250,2024
235000,77515,POMMEUSE,77,Maison,110,4,927,2024
80000,77410,VILLEROY,77,Maison,84,5,513,2024
189000,77260,SAINTE-AULDE,77,Dépendance,0,0,97,2024
189000,77260,SAINTE-AULDE,77,Maison,112,5,97,2024
189000,77260,SAINTE-AULDE,77,Maison,30,2,59,2024
229000,77230,MONTGE-EN-GOELE,77,Maison,62,4,195,2024
291000,77174,VILLENEUVE-LE-COMTE,77,Maison,107,3,146,2024
250000,77186,NOISIEL,77,Maison,87,4,114,2024
686680,77700,MAGNY-LE-HONGRE,77,Maison,150,6,500,2024
686680,77700,MAGNY-LE-HONGRE,77,Maison,150,6,100,2024
366000,77181,LE PIN,77,Dépendance,0,0,598,2024
366000,77181,LE PIN,77,Maison,88,4,598,2024
420000,77910,CHAMBRY,77,Maison,118,5,575,2024
268000,77470,TRILPORT,77,Maison,89,6,504,2024
366000,77230,MOUSSY-LE-NEUF,77,Maison,111,5,481,2024
244350,77515,POMMEUSE,77,Dépendance,0,0,1096,2024
244350,77515,POMMEUSE,77,Maison,47,3,500,2024
244350,77515,POMMEUSE,77,Dépendance,0,0,500,2024
244350,77515,POMMEUSE,77,Maison,47,3,1096,2024
541150,77420,CHAMPS-SUR-MARNE,77,Maison,135,4,318,2024
277200,77410,PRECY-SUR-MARNE,77,Maison,153,6,414,2024
277200,77410,PRECY-SUR-MARNE,77,Dépendance,0,0,414,2024
355000,77450,MONTRY,77,Dépendance,0,0,500,2024
355000,77450,MONTRY,77,Maison,96,5,500,2024
355000,77450,MONTRY,77,Dépendance,0,0,175,2024
355000,77450,MONTRY,77,Maison,96,5,175,2024
125000,77230,MOUSSY-LE-NEUF,77,Maison,75,4,564,2024
1435750,77400,LAGNY-SUR-MARNE,77,Maison,184,6,407,2024
350000,77090,COLLEGIEN,77,Maison,100,5,493,2024
410000,77700,COUPVRAY,77,Maison,147,6,500,2024
410000,77700,COUPVRAY,77,Dépendance,0,0,500,2024
410000,77700,COUPVRAY,77,Maison,147,6,2988,2024
410000,77700,COUPVRAY,77,Dépendance,0,0,2988,2024
345000,77400,LAGNY-SUR-MARNE,77,Maison,100,4,238,2024
327000,77165,FORFRY,77,Maison,137,5,350,2024
327000,77165,FORFRY,77,Maison,137,5,500,2024
365000,77120,MOUROUX,77,Maison,130,4,574,2024
365000,77120,MOUROUX,77,Dépendance,0,0,574,2024
431234,77400,POMPONNE,77,Maison,126,5,784,2024
187000,77260,LA FERTE SOUS JOUARRE,77,Dépendance,0,0,180,2024
187000,77260,LA FERTE SOUS JOUARRE,77,Maison,70,4,180,2024
180000,77660,SAINT JEAN LES DEUX JUMEAUX,77,Maison,60,3,233,2024
163000,77520,MONTIGNY-LENCOUP,77,Dépendance,0,0,500,2024
163000,77520,MONTIGNY-LENCOUP,77,Maison,61,3,500,2024
163000,77520,MONTIGNY-LENCOUP,77,Maison,61,3,127,2024
163000,77520,MONTIGNY-LENCOUP,77,Dépendance,0,0,127,2024
400000,77450,TRILBARDOU,77,Dépendance,0,0,991,2024
400000,77450,TRILBARDOU,77,Maison,108,4,991,2024
400000,77450,TRILBARDOU,77,Maison,108,4,500,2024
400000,77450,TRILBARDOU,77,Dépendance,0,0,500,2024
174950,77520,DONNEMARIE-DONTILLY,77,Dépendance,0,0,520,2024
174950,77520,DONNEMARIE-DONTILLY,77,Maison,89,3,520,2024
477000,77260,LA FERTE SOUS JOUARRE,77,Maison,152,7,607,2024
477000,77260,LA FERTE SOUS JOUARRE,77,Dépendance,0,0,607,2024
270700,77120,MOUROUX,77,Maison,113,6,552,2024
270700,77120,MOUROUX,77,Maison,113,6,250,2024
175000,77320,FERTE-GAUCHER (LA),77,Maison,94,3,678,2024
175000,77320,FERTE-GAUCHER (LA),77,Maison,94,3,500,2024
354400,77520,VIMPELLES,77,Maison,146,3,667,2024
370000,77181,COURTRY,77,Maison,123,5,300,2024
293000,77230,DAMMARTIN-EN-GOELE,77,Maison,114,6,425,2024
521500,77400,LAGNY-SUR-MARNE,77,Maison,140,5,360,2024
420000,77860,SAINT-GERMAIN-SUR-MORIN,77,Maison,150,4,500,2024
420000,77860,SAINT-GERMAIN-SUR-MORIN,77,Maison,150,4,106,2024
290000,77410,CHARNY,77,Maison,83,4,83,2024
290000,77410,CHARNY,77,Dépendance,0,0,12,2024
290000,77410,CHARNY,77,Dépendance,0,0,13,2024
270000,77610,FONTENAY-TRESIGNY,77,Dépendance,0,0,557,2024
270000,77610,FONTENAY-TRESIGNY,77,Maison,90,4,557,2024
325000,77290,MITRY MORY,77,Maison,120,6,352,2024
139000,77230,LONGPERRIER,77,Maison,49,2,32,2024
188000,77370,SAINT-JUST-EN-BRIE,77,Maison,85,3,500,2024
188000,77370,SAINT-JUST-EN-BRIE,77,Maison,85,3,975,2024
188000,77370,SAINT-JUST-EN-BRIE,77,Dépendance,0,0,500,2024
188000,77370,SAINT-JUST-EN-BRIE,77,Dépendance,0,0,975,2024
173000,77171,SOURDUN,77,Dépendance,0,0,1067,2024
173000,77171,SOURDUN,77,Maison,85,4,1067,2024
392000,77410,VILLEVAUDE,77,Maison,91,6,548,2024
392000,77410,VILLEVAUDE,77,Dépendance,0,0,548,2024
406000,77186,NOISIEL,77,Maison,102,5,520,2024
519000,77860,SAINT-GERMAIN-SUR-MORIN,77,Maison,142,5,603,2024
439000,77450,MONTRY,77,Maison,130,5,500,2024
439000,77450,MONTRY,77,Maison,130,5,564,2024
298000,77580,GUERARD,77,Maison,107,6,439,2024
445850,77400,POMPONNE,77,Maison,101,5,513,2024
620000,77600,BUSSY-SAINT-GEORGES,77,Maison,154,7,465,2024
253500,77410,CLAYE-SOUILLY,77,Maison,88,5,187,2024
136500,77840,GERMIGNY-SOUS-COULOMBS,77,Maison,85,4,56,2024
250000,77440,MARY-SUR-MARNE,77,Maison,91,5,398,2024
209000,77160,CHENOISE-CUCHARMOY,77,Maison,109,6,956,2024
209000,77160,CHENOISE-CUCHARMOY,77,Dépendance,0,0,956,2024
300000,77440,ISLES-LES-MELDEUSES,77,Maison,92,4,500,2024
300000,77440,ISLES-LES-MELDEUSES,77,Maison,92,4,386,2024
323000,77580,GUERARD,77,Maison,118,4,246,2024
193000,77610,FONTENAY-TRESIGNY,77,Dépendance,0,0,23,2024
193000,77610,FONTENAY-TRESIGNY,77,Dépendance,0,0,12,2024
295000,77540,PLESSIS-FEU-AUSSOUS (LE),77,Maison,186,4,500,2024
295000,77540,PLESSIS-FEU-AUSSOUS (LE),77,Dépendance,0,0,500,2024
295000,77540,PLESSIS-FEU-AUSSOUS (LE),77,Maison,186,4,2748,2024
295000,77540,PLESSIS-FEU-AUSSOUS (LE),77,Dépendance,0,0,2748,2024
598430,77400,LAGNY-SUR-MARNE,77,Maison,140,5,325,2024
598430,77400,LAGNY-SUR-MARNE,77,Maison,140,5,500,2024
365000,77400,THORIGNY SUR MARNE,77,Maison,112,6,63,2024
365000,77400,THORIGNY SUR MARNE,77,Dépendance,0,0,63,2024
255000,77230,SAINT-MARD,77,Maison,55,3,152,2024
280000,77610,FONTENAY-TRESIGNY,77,Appartement,42,2,214,2024
280000,77610,FONTENAY-TRESIGNY,77,Local industriel. commercial ou assimilé,60,0,214,2024
280000,77610,FONTENAY-TRESIGNY,77,Appartement,34,2,214,2024
280000,77610,FONTENAY-TRESIGNY,77,Appartement,36,2,214,2024
158000,77440,LIZY-SUR-OURCQ,77,Appartement,32,3,80,2024
158000,77440,LIZY-SUR-OURCQ,77,Dépendance,0,0,80,2024
261000,77700,COUPVRAY,77,Maison,80,3,304,2024
140000,77120,MOUROUX,77,Dépendance,0,0,319,2024
375000,77230,DAMMARTIN-EN-GOELE,77,Dépendance,0,0,824,2024
375000,77230,DAMMARTIN-EN-GOELE,77,Maison,139,7,824,2024
396000,77410,CHARNY,77,Maison,116,6,481,2024
12787,77230,MARCHEMORET,77,Dépendance,0,0,500,2024
12787,77230,MARCHEMORET,77,Dépendance,0,0,1861,2024
149000,77470,TRILPORT,77,Dépendance,0,0,25,2024
149000,77470,TRILPORT,77,Maison,48,3,25,2024
240000,77580,CRECY LA CHAPELLE,77,Maison,96,4,846,2024
329000,77270,VILLEPARISIS,77,Appartement,100,5,400,2024
281300,77120,MOUROUX,77,Maison,105,5,370,2024
262600,77124,CREGY-LES-MEAUX,77,Maison,76,4,188,2024
262600,77124,CREGY-LES-MEAUX,77,Dépendance,0,0,188,2024
162000,77440,CONGIS-SUR-THEROUANNE,77,Dépendance,0,0,143,2024
162000,77440,CONGIS-SUR-THEROUANNE,77,Maison,120,5,143,2024
296954,77440,ISLES-LES-MELDEUSES,77,Dépendance,0,0,491,2024
296954,77440,ISLES-LES-MELDEUSES,77,Maison,87,4,491,2024
539500,77100,NANTEUIL-LES-MEAUX,77,Maison,182,6,1280,2024
539500,77100,NANTEUIL-LES-MEAUX,77,Maison,182,6,500,2024
465000,77500,CHELLES,77,Maison,96,4,320,2024
240000,77500,CHELLES,77,Maison,45,3,240,2024
240000,77500,CHELLES,77,Dépendance,0,0,240,2024
250000,77131,TOUQUIN,77,Dépendance,0,0,596,2024
250000,77131,TOUQUIN,77,Maison,151,4,596,2024
260000,77540,CHAPELLE-IGER (LA),77,Maison,100,4,1009,2024
260000,77540,CHAPELLE-IGER (LA),77,Maison,100,4,500,2024
80000,77560,VILLIERS-SAINT-GEORGES,77,Dépendance,0,0,2500,2024
80000,77560,VILLIERS-SAINT-GEORGES,77,Dépendance,0,0,85,2024
47250,77120,MOUROUX,77,Maison,80,4,120,2024
368000,77200,TORCY,77,Maison,82,5,759,2024
12600,77120,BEAUTHEIL-SAINTS,77,Maison,18,0,2000,2024
250000,77510,DOUE,77,Dépendance,0,0,500,2024
250000,77510,DOUE,77,Dépendance,0,0,253,2024
250000,77510,DOUE,77,Maison,100,5,253,2024
250000,77510,DOUE,77,Maison,100,5,500,2024
270000,77120,CHAILLY-EN-BRIE,77,Maison,108,5,396,2024
370000,77090,COLLEGIEN,77,Dépendance,0,0,415,2024
370000,77090,COLLEGIEN,77,Maison,68,3,415,2024
370000,77090,COLLEGIEN,77,Maison,67,4,65,2024
370000,77090,COLLEGIEN,77,Dépendance,0,0,500,2024
370000,77090,COLLEGIEN,77,Maison,67,4,500,2024
370000,77090,COLLEGIEN,77,Dépendance,0,0,65,2024
305000,77440,CONGIS-SUR-THEROUANNE,77,Dépendance,0,0,308,2024
305000,77440,CONGIS-SUR-THEROUANNE,77,Maison,108,4,500,2024
305000,77440,CONGIS-SUR-THEROUANNE,77,Dépendance,0,0,500,2024
305000,77440,CONGIS-SUR-THEROUANNE,77,Maison,108,4,308,2024
474000,77144,MONTEVRAIN,77,Maison,120,6,443,2024
245000,77600,CONCHES SUR GONDOIRE,77,Maison,40,3,210,2024
281500,77470,TRILPORT,77,Maison,128,5,576,2024
313900,77440,CONGIS-SUR-THEROUANNE,77,Maison,118,6,169,2024
313900,77440,CONGIS-SUR-THEROUANNE,77,Maison,118,6,500,2024
398942,77450,ESBLY,77,Maison,97,5,8,2024
398942,77450,ESBLY,77,Maison,97,5,500,2024
205000,77440,MARY-SUR-MARNE,77,Maison,130,5,574,2024
285000,77230,DAMMARTIN-EN-GOELE,77,Maison,100,5,349,2024
285000,77230,DAMMARTIN-EN-GOELE,77,Dépendance,0,0,349,2024
223000,77120,MAROLLES-EN-BRIE,77,Dépendance,0,0,831,2024
223000,77120,MAROLLES-EN-BRIE,77,Maison,60,3,831,2024
207000,77510,REBAIS,77,Maison,80,3,500,2024
207000,77510,REBAIS,77,Maison,80,3,625,2024
337000,77184,EMERAINVILLE,77,Maison,96,5,207,2024
330000,77500,CHELLES,77,Maison,54,3,526,2024
330000,77500,CHELLES,77,Dépendance,0,0,526,2024
171000,77560,VILLIERS-SAINT-GEORGES,77,Maison,120,6,637,2024
325000,77600,JOSSIGNY,77,Maison,90,3,220,2024
90000,77580,VOULANGIS,77,Local industriel. commercial ou assimilé,692,0,700,2024
152000,77520,DONNEMARIE-DONTILLY,77,Maison,130,5,112,2024
324800,77580,VOULANGIS,77,Maison,90,4,1133,2024
324800,77580,VOULANGIS,77,Maison,90,4,500,2024
533050,77100,MEAUX,77,Maison,138,6,5,2024
533050,77100,MEAUX,77,Dépendance,0,0,500,2024
533050,77100,MEAUX,77,Maison,138,6,500,2024
533050,77100,MEAUX,77,Dépendance,0,0,5,2024
387000,77410,GRESSY,77,Maison,116,7,500,2024
387000,77410,GRESSY,77,Maison,116,7,301,2024
364500,77860,SAINT-GERMAIN-SUR-MORIN,77,Maison,105,4,232,2024
135000,77122,MONTHYON,77,Maison,50,3,40,2024
205000,77165,SAINT-SOUPPLETS,77,Maison,150,4,63,2024
210000,77120,COULOMMIERS,77,Maison,65,3,248,2024
185000,77169,BOISSY-LE-CHATEL,77,Dépendance,0,0,557,2024
185000,77169,BOISSY-LE-CHATEL,77,Maison,90,5,557,2024
324233,77580,GUERARD,77,Maison,130,7,668,2024
170000,77169,BOISSY-LE-CHATEL,77,Maison,110,6,365,2024
170000,77169,BOISSY-LE-CHATEL,77,Dépendance,0,0,365,2024
195000,77120,COULOMMIERS,77,Maison,67,4,450,2024
90000,77660,SAINT JEAN LES DEUX JUMEAUX,77,Maison,63,3,159,2024
199900,77970,BANNOST-VILLEGAGNON,77,Maison,89,4,1460,2024
250000,77510,SAINT-DENIS-LES-REBAIS,77,Maison,113,5,170,2024
250000,77510,SAINT-DENIS-LES-REBAIS,77,Dépendance,0,0,2166,2024
250000,77510,SAINT-DENIS-LES-REBAIS,77,Maison,113,5,2166,2024
250000,77510,SAINT-DENIS-LES-REBAIS,77,Dépendance,0,0,170,2024
275000,77100,MEAUX,77,Dépendance,0,0,355,2024
275000,77100,MEAUX,77,Maison,77,3,355,2024
190000,77260,USSY-SUR-MARNE,77,Maison,85,3,167,2024
190000,77260,USSY-SUR-MARNE,77,Dépendance,0,0,167,2024
294000,77470,TRILPORT,77,Maison,117,6,610,2024
294000,77470,TRILPORT,77,Dépendance,0,0,610,2024
170000,77260,LA FERTE SOUS JOUARRE,77,Maison,67,2,83,2024
145000,77260,LA FERTE SOUS JOUARRE,77,Maison,67,4,67,2024
197000,77169,SAINT-SIMEON,77,Maison,67,4,250,2024
197000,77169,SAINT-SIMEON,77,Maison,67,4,844,2024
265000,77260,LA FERTE SOUS JOUARRE,77,Dépendance,0,0,691,2024
265000,77260,LA FERTE SOUS JOUARRE,77,Maison,65,3,691,2024
401350,77420,CHAMPS-SUR-MARNE,77,Maison,100,5,480,2024
248341,77320,CERNEUX,77,Maison,110,5,633,2024
248341,77320,CERNEUX,77,Maison,110,5,1667,2024
214200,77120,COULOMMIERS,77,Maison,75,4,591,2024
214200,77120,COULOMMIERS,77,Local industriel. commercial ou assimilé,0,0,378,2024
150000,77157,EVERLY,77,Maison,86,3,281,2024
508700,77600,BUSSY-SAINT-GEORGES,77,Maison,145,5,406,2024
60000,77260,LA FERTE SOUS JOUARRE,77,Maison,33,3,227,2024
285000,77120,MOUROUX,77,Maison,183,6,596,2024
130000,77260,LA FERTE SOUS JOUARRE,77,Dépendance,0,0,529,2024
130000,77260,LA FERTE SOUS JOUARRE,77,Maison,197,6,529,2024
295000,77580,VOULANGIS,77,Maison,82,4,739,2024
375000,77270,VILLEPARISIS,77,Maison,80,4,351,2024
232000,77270,VILLEPARISIS,77,Maison,73,4,296,2024
232000,77270,VILLEPARISIS,77,Dépendance,0,0,296,2024
140000,77515,CELLE-SUR-MORIN (LA),77,Maison,70,3,65,2024
155290,77118,BAZOCHES LES BRAY,77,Maison,130,3,500,2024
155290,77118,BAZOCHES LES BRAY,77,Maison,130,3,391,2024
225000,77290,MITRY MORY,77,Dépendance,0,0,381,2024
225000,77290,MITRY MORY,77,Maison,55,4,381,2024
270000,77450,MONTRY,77,Maison,81,4,460,2024
499000,77410,CLAYE-SOUILLY,77,Dépendance,0,0,509,2024
499000,77410,CLAYE-SOUILLY,77,Maison,176,10,509,2024
313510,77450,MONTRY,77,Maison,78,4,598,2024
350000,77400,LAGNY-SUR-MARNE,77,Maison,109,5,392,2024
350000,77400,LAGNY-SUR-MARNE,77,Dépendance,0,0,392,2024
350000,77660,SAINT JEAN LES DEUX JUMEAUX,77,Maison,60,1,187,2024
498000,77700,BAILLY-ROMAINVILLIERS,77,Maison,120,5,317,2024
145000,77360,VAIRES SUR MARNE,77,Maison,62,4,178,2024
145000,77360,VAIRES SUR MARNE,77,Dépendance,0,0,178,2024
362500,77420,CHAMPS-SUR-MARNE,77,Maison,97,4,229,2024
184000,77470,BOUTIGNY,77,Maison,50,2,120,2024
184000,77470,BOUTIGNY,77,Dépendance,0,0,120,2024
143000,77510,DOUE,77,Maison,100,4,764,2024
143000,77510,DOUE,77,Maison,100,4,250,2024
525000,77400,LAGNY-SUR-MARNE,77,Maison,94,4,164,2024
525000,77400,LAGNY-SUR-MARNE,77,Dépendance,0,0,164,2024
380000,77700,BAILLY-ROMAINVILLIERS,77,Maison,86,4,126,2024
380000,77700,BAILLY-ROMAINVILLIERS,77,Maison,86,4,500,2024
222000,77650,SOISY-BOUY,77,Maison,85,3,109,2024
222000,77650,SOISY-BOUY,77,Maison,85,3,1130,2024
300000,77640,JOUARRE,77,Dépendance,0,0,500,2024
300000,77640,JOUARRE,77,Maison,147,7,1519,2024
300000,77640,JOUARRE,77,Dépendance,0,0,1519,2024
300000,77640,JOUARRE,77,Maison,147,7,500,2024
235000,77410,CLAYE-SOUILLY,77,Maison,47,3,348,2024
190000,77320,SAINT-MARTIN-DES-CHAMPS,77,Maison,116,5,435,2024
258000,77178,SAINT-PATHUS,77,Maison,92,4,294,2024
258000,77178,SAINT-PATHUS,77,Maison,92,4,500,2024
120000,77120,COULOMMIERS,77,Dépendance,0,0,418,2024
120000,77120,COULOMMIERS,77,Maison,80,3,418,2024
410000,77270,VILLEPARISIS,77,Maison,159,5,441,2024
105000,77990,LE MESNIL-AMELOT,77,Maison,45,1,35,2024
232000,77470,MONTCEAUX-LES-MEAUX,77,Maison,75,3,42,2024
478400,77580,COUTEVROULT,77,Maison,121,5,502,2024
400000,77500,CHELLES,77,Maison,124,6,358,2024
400000,77500,CHELLES,77,Maison,124,6,500,2024
588000,77540,COURPALAY,77,Dépendance,0,0,1683,2024
588000,77540,COURPALAY,77,Dépendance,0,0,700,2024
588000,77540,COURPALAY,77,Maison,238,8,700,2024
588000,77540,COURPALAY,77,Maison,238,8,1683,2024
588000,77540,COURPALAY,77,Local industriel. commercial ou assimilé,0,0,1430,2024
327300,77540,LUMIGNY NESLES ORMEAUX,77,Maison,180,8,356,2024
215000,77154,COUTENCON,77,Dépendance,0,0,300,2024
215000,77154,COUTENCON,77,Maison,101,3,862,2024
215000,77154,COUTENCON,77,Dépendance,0,0,862,2024
215000,77154,COUTENCON,77,Maison,101,3,300,2024
214000,77650,SOISY-BOUY,77,Maison,87,4,605,2024
214000,77650,SOISY-BOUY,77,Maison,87,4,500,2024
205000,77126,CHATENAY-SUR-SEINE,77,Maison,98,6,691,2024
335000,77160,PROVINS,77,Maison,114,4,717,2024
325000,77165,SAINT-SOUPPLETS,77,Maison,112,7,480,2024
292000,77181,LE PIN,77,Maison,104,4,264,2024
115000,77370,NANGIS,77,Maison,151,4,133,2024
90000,77171,SOURDUN,77,Maison,119,7,475,2024
90000,77171,SOURDUN,77,Dépendance,0,0,475,2024
93000,77160,PROVINS,77,Maison,55,2,55,2024
272550,77120,MOUROUX,77,Maison,105,5,304,2024
325000,77500,CHELLES,77,Maison,152,4,308,2024
176553,77320,SAINT-MARTIN-DES-CHAMPS,77,Dépendance,0,0,389,2024
176553,77320,SAINT-MARTIN-DES-CHAMPS,77,Maison,94,4,389,2024
175500,77171,SOURDUN,77,Dépendance,0,0,858,2024
175500,77171,SOURDUN,77,Maison,115,7,858,2024
313000,77100,NANTEUIL-LES-MEAUX,77,Maison,69,2,143,2024
313000,77100,NANTEUIL-LES-MEAUX,77,Maison,69,2,500,2024
225000,77260,LA FERTE SOUS JOUARRE,77,Maison,100,4,369,2024
225000,77260,LA FERTE SOUS JOUARRE,77,Maison,100,4,500,2024
285000,77510,SAINT-DENIS-LES-REBAIS,77,Maison,160,8,500,2024
285000,77510,SAINT-DENIS-LES-REBAIS,77,Dépendance,0,0,686,2024
285000,77510,SAINT-DENIS-LES-REBAIS,77,Maison,160,8,686,2024
285000,77510,SAINT-DENIS-LES-REBAIS,77,Dépendance,0,0,500,2024
300000,77120,MAROLLES-EN-BRIE,77,Dépendance,0,0,2328,2024
300000,77120,MAROLLES-EN-BRIE,77,Maison,200,6,2328,2024
300000,77120,MAROLLES-EN-BRIE,77,Dépendance,0,0,2250,2024
300000,77120,MAROLLES-EN-BRIE,77,Maison,200,6,250,2024
300000,77120,MAROLLES-EN-BRIE,77,Dépendance,0,0,250,2024
300000,77120,MAROLLES-EN-BRIE,77,Maison,200,6,2250,2024
600000,77600,BUSSY-SAINT-GEORGES,77,Maison,122,5,490,2024
270000,77169,CHAUFFRY,77,Maison,156,6,250,2024
270000,77169,CHAUFFRY,77,Dépendance,0,0,804,2024
270000,77169,CHAUFFRY,77,Dépendance,0,0,250,2024
270000,77169,CHAUFFRY,77,Maison,156,6,804,2024
135000,77370,NANGIS,77,Maison,80,4,404,2024
245000,77600,CONCHES SUR GONDOIRE,77,Maison,65,3,217,2024
245000,77600,CONCHES SUR GONDOIRE,77,Dépendance,0,0,217,2024
343900,77410,CLAYE-SOUILLY,77,Maison,100,6,265,2024
343900,77410,CLAYE-SOUILLY,77,Dépendance,0,0,265,2024
315000,77360,VAIRES SUR MARNE,77,Maison,75,5,560,2024
223370,77169,SAINT-GERMAIN-SOUS-DOUE,77,Dépendance,0,0,405,2024
223370,77169,SAINT-GERMAIN-SOUS-DOUE,77,Maison,81,4,405,2024
223370,77169,SAINT-GERMAIN-SOUS-DOUE,77,Maison,81,4,500,2024
223370,77169,SAINT-GERMAIN-SOUS-DOUE,77,Dépendance,0,0,500,2024
340000,77500,CHELLES,77,Maison,85,3,500,2024
520000,77600,BUSSY-SAINT-MARTIN,77,Maison,70,5,205,2024
520000,77600,BUSSY-SAINT-MARTIN,77,Maison,80,4,164,2024
300000,77120,COULOMMIERS,77,Maison,117,5,537,2024
300000,77120,COULOMMIERS,77,Dépendance,0,0,537,2024
341000,77100,MEAUX,77,Maison,300,8,378,2024
193000,77650,SOISY-BOUY,77,Maison,97,5,385,2024
295000,77470,TRILPORT,77,Maison,84,5,782,2024
140000,77100,MEAUX,77,Maison,54,4,396,2024
140000,77100,MEAUX,77,Dépendance,0,0,396,2024
115000,77124,CHAUCONIN-NEUFMONTIERS,77,Maison,90,4,286,2024
197000,77580,VILLIERS-SUR-MORIN,77,Maison,50,4,34,2024
359500,77124,VILLENOY,77,Maison,153,5,283,2024
424500,77700,COUPVRAY,77,Maison,112,4,600,2024
336000,77230,DAMMARTIN-EN-GOELE,77,Maison,88,5,528,2024
183565,77480,MOUSSEAUX-LES-BRAY,77,Maison,100,5,500,2024
183565,77480,MOUSSEAUX-LES-BRAY,77,Maison,100,5,917,2024
287000,77410,CHARNY,77,Local industriel. commercial ou assimilé,122,0,425,2024
140000,77120,COULOMMIERS,77,Dépendance,0,0,392,2024
140000,77120,COULOMMIERS,77,Maison,60,3,392,2024
275000,77230,DAMMARTIN-EN-GOELE,77,Maison,82,5,273,2024
275000,77230,DAMMARTIN-EN-GOELE,77,Dépendance,0,0,273,2024
195000,77138,LUZANCY,77,Dépendance,0,0,500,2024
195000,77138,LUZANCY,77,Maison,62,3,500,2024
195000,77138,LUZANCY,77,Maison,62,3,1225,2024
195000,77138,LUZANCY,77,Dépendance,0,0,1225,2024
120000,77990,LE MESNIL-AMELOT,77,Maison,68,4,194,2024
120000,77990,LE MESNIL-AMELOT,77,Dépendance,0,0,194,2024
150000,77160,CHAPELLE-SAINT-SULPICE (LA),77,Dépendance,0,0,463,2024
150000,77160,CHAPELLE-SAINT-SULPICE (LA),77,Appartement,104,4,463,2024
150000,77160,CHAPELLE-SAINT-SULPICE (LA),77,Appartement,99,4,463,2024
260000,77178,SAINT-PATHUS,77,Dépendance,0,0,184,2024
260000,77178,SAINT-PATHUS,77,Maison,90,4,500,2024
260000,77178,SAINT-PATHUS,77,Dépendance,0,0,500,2024
260000,77178,SAINT-PATHUS,77,Maison,90,4,184,2024
220000,77120,COULOMMIERS,77,Maison,76,3,365,2024
314000,77650,SAVINS,77,Maison,120,5,1526,2024
314000,77650,SAVINS,77,Dépendance,0,0,1526,2024
330000,77610,HOUSSAYE-EN-BRIE (LA),77,Maison,60,3,595,2024
330000,77610,HOUSSAYE-EN-BRIE (LA),77,Dépendance,0,0,595,2024
416070,77410,CLAYE-SOUILLY,77,Maison,116,6,619,2024
259000,77730,SAACY-SUR-MARNE,77,Maison,120,4,328,2024
260500,77230,MARCHEMORET,77,Maison,88,4,224,2024
165000,77515,POMMEUSE,77,Dépendance,0,0,36,2024
165000,77515,POMMEUSE,77,Dépendance,0,0,33,2024
165000,77515,POMMEUSE,77,Dépendance,0,0,123,2024
300000,77580,COUTEVROULT,77,Maison,77,4,152,2024
236100,77320,SAINT-REMY-DE-LA-VANNE,77,Maison,115,4,700,2024
236100,77320,SAINT-REMY-DE-LA-VANNE,77,Dépendance,0,0,700,2024
337400,77230,DAMMARTIN-EN-GOELE,77,Maison,80,4,344,2024
337400,77230,DAMMARTIN-EN-GOELE,77,Maison,80,4,500,2024
149000,77160,CHENOISE-CUCHARMOY,77,Dépendance,0,0,646,2024
149000,77160,CHENOISE-CUCHARMOY,77,Maison,160,8,646,2024
265000,77186,NOISIEL,77,Maison,96,4,210,2024
190000,77370,NANGIS,77,Maison,75,4,408,2024
749000,77510,VERDELOT,77,Appartement,19,1,3506,2024
749000,77510,VERDELOT,77,Appartement,36,2,3506,2024
270000,77515,CELLE-SUR-MORIN (LA),77,Maison,127,4,437,2024
270000,77515,CELLE-SUR-MORIN (LA),77,Dépendance,0,0,437,2024
260000,77580,VOULANGIS,77,Maison,90,4,216,2024
250000,77610,HOUSSAYE-EN-BRIE (LA),77,Maison,60,2,212,2024
250000,77610,HOUSSAYE-EN-BRIE (LA),77,Maison,78,4,57,2024
335000,77120,COULOMMIERS,77,Maison,147,6,250,2024
335000,77120,COULOMMIERS,77,Maison,147,6,616,2024
150000,77540,PLESSIS-FEU-AUSSOUS (LE),77,Maison,61,2,62,2024
313000,77100,NANTEUIL-LES-MEAUX,77,Maison,182,5,500,2024
313000,77100,NANTEUIL-LES-MEAUX,77,Maison,182,5,171,2024
322850,77120,COULOMMIERS,77,Maison,139,7,1383,2024
322850,77120,COULOMMIERS,77,Maison,139,7,250,2024
294700,77500,CHELLES,77,Maison,84,5,290,2024
358000,77270,VILLEPARISIS,77,Maison,114,4,318,2024
358000,77270,VILLEPARISIS,77,Dépendance,0,0,318,2024
115000,77515,FAREMOUTIERS,77,Maison,80,4,250,2024
770000,77100,MAREUIL-LES-MEAUX,77,Local industriel. commercial ou assimilé,298,0,789,2024
505000,77164,FERRIERES-EN-BRIE,77,Dépendance,0,0,607,2024
505000,77164,FERRIERES-EN-BRIE,77,Maison,103,5,607,2024
290000,77230,DAMMARTIN-EN-GOELE,77,Maison,91,4,452,2024
320000,77124,CREGY-LES-MEAUX,77,Dépendance,0,0,588,2024
320000,77124,CREGY-LES-MEAUX,77,Maison,127,6,588,2024
362000,77290,MITRY MORY,77,Dépendance,0,0,403,2024
362000,77290,MITRY MORY,77,Maison,113,5,403,2024
16425,77510,DOUE,77,Dépendance,0,0,28,2024
155000,77120,AMILLIS,77,Dépendance,0,0,252,2024
155000,77120,AMILLIS,77,Maison,72,5,252,2024
155000,77120,AMILLIS,77,Dépendance,0,0,145,2024
265000,77515,CELLE-SUR-MORIN (LA),77,Maison,98,5,390,2024
265000,77515,CELLE-SUR-MORIN (LA),77,Maison,98,5,1222,2024
356000,77230,DAMMARTIN-EN-GOELE,77,Maison,126,5,500,2024
356000,77230,DAMMARTIN-EN-GOELE,77,Maison,126,5,405,2024
220000,77370,NANGIS,77,Maison,93,6,233,2024
541000,77360,VAIRES SUR MARNE,77,Maison,145,7,108,2024
541000,77360,VAIRES SUR MARNE,77,Dépendance,0,0,108,2024
541000,77360,VAIRES SUR MARNE,77,Dépendance,0,0,500,2024
541000,77360,VAIRES SUR MARNE,77,Maison,145,7,500,2024
320000,77165,SAINT-SOUPPLETS,77,Maison,134,4,495,2024
170000,77510,DOUE,77,Dépendance,0,0,344,2024
170000,77510,DOUE,77,Maison,118,3,344,2024
170000,77510,DOUE,77,Maison,125,5,344,2024
527000,77360,VAIRES SUR MARNE,77,Maison,135,6,602,2024
215000,77100,NANTEUIL-LES-MEAUX,77,Maison,90,5,200,2024
255100,77120,MOUROUX,77,Maison,88,4,281,2024
521000,77164,FERRIERES-EN-BRIE,77,Maison,105,5,589,2024
521000,77164,FERRIERES-EN-BRIE,77,Dépendance,0,0,589,2024
624060,77400,SAINT THIBAULT DES VIGNES,77,Maison,182,6,416,2024
624060,77400,SAINT THIBAULT DES VIGNES,77,Maison,182,6,500,2024
182000,77420,CHAMPS-SUR-MARNE,77,Maison,45,3,40,2024
540000,77600,BUSSY-SAINT-MARTIN,77,Maison,127,6,414,2024
540000,77600,BUSSY-SAINT-MARTIN,77,Maison,127,6,500,2024
340000,77184,EMERAINVILLE,77,Maison,79,4,335,2024
136955,77360,VAIRES SUR MARNE,77,Maison,65,3,554,2024
136955,77360,VAIRES SUR MARNE,77,Maison,26,2,554,2024
227000,77120,BEAUTHEIL-SAINTS,77,Dépendance,0,0,606,2024
227000,77120,BEAUTHEIL-SAINTS,77,Maison,62,3,606,2024
395000,77360,VAIRES SUR MARNE,77,Dépendance,0,0,73,2024
395000,77360,VAIRES SUR MARNE,77,Appartement,108,5,73,2024
561400,77144,MONTEVRAIN,77,Maison,127,6,500,2024
561400,77144,MONTEVRAIN,77,Maison,127,6,111,2024
440000,77420,CHAMPS-SUR-MARNE,77,Maison,105,4,337,2024
440000,77420,CHAMPS-SUR-MARNE,77,Dépendance,0,0,337,2024
183000,77860,QUINCY-VOISINS,77,Maison,63,3,46,2024
85000,77320,DAGNY,77,Maison,88,4,357,2024
210000,77320,CHOISY-EN-BRIE,77,Maison,88,4,560,2024
228000,77515,POMMEUSE,77,Maison,151,6,628,2024
228000,77515,POMMEUSE,77,Dépendance,0,0,628,2024
169200,77163,DAMMARTIN-SUR-TIGEAUX,77,Maison,192,7,775,2024
169200,77163,DAMMARTIN-SUR-TIGEAUX,77,Dépendance,0,0,775,2024
350965,77580,BOULEURS,77,Maison,98,6,482,2024
362500,77280,OTHIS,77,Local industriel. commercial ou assimilé,0,0,49,2024
362500,77280,OTHIS,77,Maison,140,6,418,2024
362500,77280,OTHIS,77,Local industriel. commercial ou assimilé,0,0,72,2024
5500,77157,EVERLY,77,Dépendance,0,0,46,2024
385000,77144,MONTEVRAIN,77,Dépendance,0,0,405,2024
385000,77144,MONTEVRAIN,77,Maison,121,4,405,2024
320000,77500,CHELLES,77,Maison,69,3,222,2024
125000,77480,FONTAINE-FOURCHES,77,Maison,80,5,543,2024
125000,77480,FONTAINE-FOURCHES,77,Maison,80,5,494,2024
290000,77160,PROVINS,77,Dépendance,0,0,156,2024
290000,77160,PROVINS,77,Maison,98,3,156,2024
130000,77160,POIGNY,77,Maison,98,5,325,2024
275000,77540,ROZAY-EN-BRIE,77,Maison,99,5,540,2024
131000,77970,PECY,77,Dépendance,0,0,353,2024
131000,77970,PECY,77,Maison,56,2,353,2024
375000,77540,ROZAY-EN-BRIE,77,Maison,181,5,311,2024
330000,77400,GOUVERNES,77,Appartement,50,3,636,2024
330000,77400,GOUVERNES,77,Appartement,40,3,636,2024
200000,77100,MEAUX,77,Maison,70,3,223,2024
247000,77470,TRILPORT,77,Maison,79,1,191,2024
146000,77157,EVERLY,77,Maison,160,5,322,2024
210000,77160,PROVINS,77,Maison,159,6,208,2024
297000,77160,PROVINS,77,Maison,187,6,809,2024
297000,77160,PROVINS,77,Maison,187,6,500,2024
1076000,77186,NOISIEL,77,Local industriel. commercial ou assimilé,86,0,2924,2024
545000,77500,CHELLES,77,Maison,138,5,515,2024
180000,77480,GRISY-SUR-SEINE,77,Maison,125,4,316,2024
350000,77700,SERRIS,77,Maison,84,5,445,2024
350000,77700,SERRIS,77,Dépendance,0,0,445,2024
330000,77700,COUPVRAY,77,Appartement,50,2,96,2024
330000,77700,COUPVRAY,77,Appartement,35,2,96,2024
27000,77840,COULOMBS-EN-VALOIS,77,Maison,130,6,145,2024
27000,77840,COULOMBS-EN-VALOIS,77,Dépendance,0,0,145,2024
27000,77840,COULOMBS-EN-VALOIS,77,Dépendance,0,0,158,2024
145000,77320,CHOISY-EN-BRIE,77,Maison,77,4,600,2024
427610,77600,CHANTELOUP EN BRIE,77,Maison,96,5,379,2024
47500,77560,VILLIERS-SAINT-GEORGES,77,Maison,63,4,182,2024
180000,77650,LONGUEVILLE,77,Maison,89,4,401,2024
190000,77440,CONGIS-SUR-THEROUANNE,77,Maison,82,2,239,2024
190000,77440,CONGIS-SUR-THEROUANNE,77,Maison,82,2,500,2024
170000,77470,TRILPORT,77,Maison,72,4,37,2024
335000,77410,SAINT-MESMES,77,Maison,112,4,367,2024
137000,77560,BEAUCHERY-SAINT-MARTIN,77,Maison,82,3,530,2024
223000,77440,LIZY-SUR-OURCQ,77,Appartement,50,3,232,2024
223000,77440,LIZY-SUR-OURCQ,77,Appartement,30,2,232,2024
223000,77440,LIZY-SUR-OURCQ,77,Appartement,25,2,232,2024
170000,77750,SAINT-CYR-SUR-MORIN,77,Dépendance,0,0,162,2024
170000,77750,SAINT-CYR-SUR-MORIN,77,Maison,57,3,162,2024
450000,77500,CHELLES,77,Maison,86,4,388,2024
611300,77144,MONTEVRAIN,77,Maison,192,7,500,2024
611300,77144,MONTEVRAIN,77,Maison,192,7,1000,2024
40000,77370,NANGIS,77,Dépendance,0,0,330,2024
27000,77260,USSY-SUR-MARNE,77,Dépendance,0,0,58,2024
288000,77230,SAINT-MARD,77,Maison,74,4,425,2024
111000,77118,BAZOCHES LES BRAY,77,Maison,88,4,378,2024
111000,77118,BAZOCHES LES BRAY,77,Dépendance,0,0,378,2024
280000,77120,COULOMMIERS,77,Maison,150,6,546,2024
210000,77290,MITRY MORY,77,Dépendance,0,0,421,2024
210000,77290,MITRY MORY,77,Maison,56,3,421,2024
36000,77450,CONDE-SAINTE-LIBIAIRE,77,Dépendance,0,0,25,2024
225000,77100,MEAUX,77,Maison,80,4,198,2024
280000,77270,VILLEPARISIS,77,Dépendance,0,0,602,2024
280000,77270,VILLEPARISIS,77,Maison,75,5,602,2024
55000,77520,MONTIGNY-LENCOUP,77,Maison,93,5,31,2024
55000,77520,MONTIGNY-LENCOUP,77,Maison,93,5,522,2024
55000,77520,MONTIGNY-LENCOUP,77,Dépendance,0,0,31,2024
55000,77520,MONTIGNY-LENCOUP,77,Dépendance,0,0,522,2024
185000,77165,LE PLESSIS-L EVEQUE,77,Dépendance,0,0,697,2024
185000,77165,LE PLESSIS-L EVEQUE,77,Maison,57,3,697,2024
149000,77650,LIZINES,77,Maison,73,3,600,2024
149000,77650,LIZINES,77,Dépendance,0,0,518,2024
149000,77650,LIZINES,77,Maison,73,3,518,2024
149000,77650,LIZINES,77,Dépendance,0,0,600,2024
278150,77169,SAINT-GERMAIN-SOUS-DOUE,77,Maison,133,4,500,2024
278150,77169,SAINT-GERMAIN-SOUS-DOUE,77,Maison,133,4,1999,2024
280000,77515,CELLE-SUR-MORIN (LA),77,Dépendance,0,0,961,2024
280000,77515,CELLE-SUR-MORIN (LA),77,Maison,116,4,961,2024
280000,77515,CELLE-SUR-MORIN (LA),77,Dépendance,0,0,1556,2024
280000,77515,CELLE-SUR-MORIN (LA),77,Maison,116,4,1556,2024
108000,77270,VILLEPARISIS,77,Dépendance,0,0,193,2024
332000,77600,CHANTELOUP EN BRIE,77,Maison,62,3,748,2024
259000,77450,ESBLY,77,Maison,91,5,383,2024
301500,77515,FAREMOUTIERS,77,Maison,107,5,408,2024
410000,77910,GERMIGNY-L EVEQUE,77,Maison,156,6,773,2024
410000,77910,GERMIGNY-L EVEQUE,77,Dépendance,0,0,9745,2024
410000,77910,GERMIGNY-L EVEQUE,77,Maison,156,6,9745,2024
410000,77910,GERMIGNY-L EVEQUE,77,Dépendance,0,0,773,2024
130000,77120,COULOMMIERS,77,Local industriel. commercial ou assimilé,62,0,37,2024
130000,77120,COULOMMIERS,77,Maison,80,5,37,2024
202000,77100,MEAUX,77,Local industriel. commercial ou assimilé,43,0,145,2024
202000,77100,MEAUX,77,Appartement,50,3,145,2024
202000,77100,MEAUX,77,Appartement,18,1,145,2024
202000,77100,MEAUX,77,Dépendance,0,0,145,2024
482400,77600,CHANTELOUP EN BRIE,77,Maison,115,1,500,2024
390000,77270,VILLEPARISIS,77,Maison,100,5,512,2024
295000,77230,MOUSSY-LE-VIEUX,77,Maison,92,5,580,2024
360000,77230,DAMMARTIN-EN-GOELE,77,Maison,111,5,594,2024
285000,77124,CREGY-LES-MEAUX,77,Maison,113,6,463,2024
94000,77100,MEAUX,77,Maison,35,1,25,2024
129000,77230,VINANTES,77,Maison,75,3,43,2024
136000,77144,CHALIFERT,77,Maison,58,2,544,2024
288000,77660,SAINT JEAN LES DEUX JUMEAUX,77,Dépendance,0,0,517,2024
288000,77660,SAINT JEAN LES DEUX JUMEAUX,77,Maison,160,6,517,2024
320000,77515,POMMEUSE,77,Maison,180,9,895,2024
320000,77515,POMMEUSE,77,Maison,180,9,250,2024
291250,77100,NANTEUIL-LES-MEAUX,77,Maison,105,4,533,2024
230000,77100,MAREUIL-LES-MEAUX,77,Maison,62,3,500,2024
230000,77100,MAREUIL-LES-MEAUX,77,Maison,62,3,185,2024
307000,77120,COULOMMIERS,77,Appartement,83,4,100,2024
307000,77120,COULOMMIERS,77,Local industriel. commercial ou assimilé,136,0,100,2024
307000,77120,COULOMMIERS,77,Appartement,56,2,100,2024
307000,77120,COULOMMIERS,77,Appartement,30,1,100,2024
100220,77510,SABLONNIERES,77,Maison,71,2,50,2024
405000,77290,MITRY MORY,77,Maison,115,5,464,2024
203000,77320,SAINT-MARTIN-DES-CHAMPS,77,Maison,104,6,250,2024
203000,77320,SAINT-MARTIN-DES-CHAMPS,77,Maison,104,6,1010,2024
230000,77580,MAISONCELLES-EN-BRIE,77,Maison,94,5,500,2024
230000,77580,MAISONCELLES-EN-BRIE,77,Maison,94,5,501,2024
218000,77260,SAINTE-AULDE,77,Maison,91,4,233,2024
231900,77450,ESBLY,77,Maison,40,5,106,2024
153000,77510,VILLENEUVE-SUR-BELLOT,77,Dépendance,0,0,790,2024
153000,77510,VILLENEUVE-SUR-BELLOT,77,Maison,86,3,250,2024
153000,77510,VILLENEUVE-SUR-BELLOT,77,Maison,86,3,790,2024
153000,77510,VILLENEUVE-SUR-BELLOT,77,Dépendance,0,0,250,2024
398000,77270,VILLEPARISIS,77,Maison,133,6,450,2024
398000,77270,VILLEPARISIS,77,Dépendance,0,0,450,2024
212000,77290,MITRY MORY,77,Dépendance,0,0,386,2024
212000,77290,MITRY MORY,77,Maison,56,3,386,2024
250000,77290,MITRY MORY,77,Maison,90,4,110,2024
849800,77320,JOUY-SUR-MORIN,77,Local industriel. commercial ou assimilé,3294,0,6093,2024
200000,77270,VILLEPARISIS,77,Maison,22,2,340,2024
200000,77270,VILLEPARISIS,77,Dépendance,0,0,340,2024
415000,77600,BUSSY-SAINT-GEORGES,77,Maison,72,5,202,2024
195000,77320,FERTE-GAUCHER (LA),77,Maison,109,5,1175,2024
195000,77320,FERTE-GAUCHER (LA),77,Maison,109,5,500,2024
610000,77600,BUSSY-SAINT-GEORGES,77,Maison,130,6,90,2024
610000,77600,BUSSY-SAINT-GEORGES,77,Maison,130,6,500,2024
506000,77600,BUSSY-SAINT-GEORGES,77,Maison,127,5,70,2024
506000,77600,BUSSY-SAINT-GEORGES,77,Maison,127,5,500,2024
488000,77600,BUSSY-SAINT-GEORGES,77,Maison,106,4,127,2024
488000,77600,BUSSY-SAINT-GEORGES,77,Dépendance,0,0,127,2024
305300,77124,CHAUCONIN-NEUFMONTIERS,77,Maison,91,4,371,2024
235000,77169,BOISSY-LE-CHATEL,77,Maison,138,5,421,2024
235000,77169,BOISSY-LE-CHATEL,77,Maison,138,5,500,2024
670000,77600,BUSSY-SAINT-GEORGES,77,Maison,150,4,55,2024
670000,77600,BUSSY-SAINT-GEORGES,77,Maison,150,4,500,2024
118000,77480,MOUY-SUR-SEINE,77,Maison,110,3,348,2024
118000,77480,MOUY-SUR-SEINE,77,Dépendance,0,0,348,2024
412000,77360,VAIRES SUR MARNE,77,Dépendance,0,0,553,2024
412000,77360,VAIRES SUR MARNE,77,Maison,98,5,553,2024
530000,77144,CHALIFERT,77,Maison,127,4,22,2024
530000,77144,CHALIFERT,77,Maison,30,2,165,2024
780000,77450,VIGNELY,77,Maison,233,9,398,2024
780000,77450,VIGNELY,77,Dépendance,0,0,500,2024
780000,77450,VIGNELY,77,Dépendance,0,0,398,2024
780000,77450,VIGNELY,77,Maison,233,9,500,2024
296800,77120,MOUROUX,77,Dépendance,0,0,610,2024
296800,77120,MOUROUX,77,Maison,100,6,610,2024
179000,77580,VOULANGIS,77,Dépendance,0,0,331,2024
179000,77580,VOULANGIS,77,Dépendance,0,0,300,2024
179000,77580,VOULANGIS,77,Maison,75,4,300,2024
179000,77580,VOULANGIS,77,Maison,75,4,331,2024
465000,77580,COUTEVROULT,77,Dépendance,0,0,500,2024
465000,77580,COUTEVROULT,77,Dépendance,0,0,401,2024
465000,77580,COUTEVROULT,77,Maison,185,5,401,2024
465000,77580,COUTEVROULT,77,Maison,185,5,500,2024
220000,77860,COUILLY-PONT-AUX-DAMES,77,Maison,40,3,1446,2024
220000,77860,COUILLY-PONT-AUX-DAMES,77,Maison,40,3,500,2024
292000,77440,MARY-SUR-MARNE,77,Dépendance,0,0,300,2024
292000,77440,MARY-SUR-MARNE,77,Maison,153,5,300,2024
292000,77440,MARY-SUR-MARNE,77,Dépendance,0,0,1453,2024
292000,77440,MARY-SUR-MARNE,77,Maison,153,5,1453,2024
222500,77360,VAIRES SUR MARNE,77,Dépendance,0,0,569,2024
222500,77360,VAIRES SUR MARNE,77,Maison,128,5,569,2024
815000,77610,FONTENAY-TRESIGNY,77,Local industriel. commercial ou assimilé,693,0,3031,2024
275000,77400,LAGNY-SUR-MARNE,77,Maison,59,4,399,2024
275000,77400,LAGNY-SUR-MARNE,77,Dépendance,0,0,399,2024
595000,77100,MEAUX,77,Local industriel. commercial ou assimilé,306,0,383,2024
595000,77100,MEAUX,77,Local industriel. commercial ou assimilé,162,0,383,2024
30000,77520,DONNEMARIE-DONTILLY,77,Dépendance,0,0,427,2024
240000,77500,CHELLES,77,Maison,70,3,302,2024
147000,77750,ORLY-SUR-MORIN,77,Maison,100,3,89,2024
120000,77510,BELLOT,77,Maison,51,3,250,2024
120000,77510,BELLOT,77,Maison,51,3,755,2024
300000,77230,DAMMARTIN-EN-GOELE,77,Maison,89,4,273,2024
300000,77230,DAMMARTIN-EN-GOELE,77,Maison,89,4,500,2024
1737589,77280,OTHIS,77,Local industriel. commercial ou assimilé,67,0,9039,2024
1737589,77280,OTHIS,77,Local industriel. commercial ou assimilé,3000,0,9039,2024
1737589,77280,OTHIS,77,Local industriel. commercial ou assimilé,46,0,9039,2024
1737589,77280,OTHIS,77,Local industriel. commercial ou assimilé,85,0,9039,2024
1737589,77280,OTHIS,77,Local industriel. commercial ou assimilé,59,0,9039,2024
1737589,77280,OTHIS,77,Local industriel. commercial ou assimilé,73,0,9039,2024
1737589,77280,OTHIS,77,Local industriel. commercial ou assimilé,156,0,9039,2024
1737589,77280,OTHIS,77,Local industriel. commercial ou assimilé,142,0,9039,2024
1737589,77280,OTHIS,77,Local industriel. commercial ou assimilé,4710,0,9039,2024
1737589,77280,OTHIS,77,Local industriel. commercial ou assimilé,443,0,9039,2024
1737589,77280,OTHIS,77,Local industriel. commercial ou assimilé,208,0,9039,2024
1737589,77280,OTHIS,77,Local industriel. commercial ou assimilé,250,0,9039,2024
1737589,77280,OTHIS,77,Local industriel. commercial ou assimilé,42,0,9039,2024
1737589,77280,OTHIS,77,Local industriel. commercial ou assimilé,60,0,9039,2024
1737589,77280,OTHIS,77,Local industriel. commercial ou assimilé,68,0,9039,2024
1737589,77280,OTHIS,77,Local industriel. commercial ou assimilé,51,0,9039,2024
1737589,77280,OTHIS,77,Local industriel. commercial ou assimilé,6200,0,9039,2024
1737589,77280,OTHIS,77,Local industriel. commercial ou assimilé,57,0,9039,2024
310000,77165,SAINT-SOUPPLETS,77,Dépendance,0,0,471,2024
310000,77165,SAINT-SOUPPLETS,77,Maison,75,3,471,2024
219084,77160,PROVINS,77,Maison,80,5,550,2024
230000,77124,CHAUCONIN-NEUFMONTIERS,77,Maison,82,4,285,2024
218000,77510,DOUE,77,Maison,95,4,396,2024
142800,77320,FERTE-GAUCHER (LA),77,Local industriel. commercial ou assimilé,32670,0,32670,2024
142800,77320,SAINT-MARTIN-DES-CHAMPS,77,Local industriel. commercial ou assimilé,63,0,11965,2024
142800,77320,SAINT-MARTIN-DES-CHAMPS,77,Local industriel. commercial ou assimilé,646,0,11965,2024
200000,77120,COULOMMIERS,77,Maison,70,3,780,2024
1,77470,FUBLAINES,77,Maison,65,4,60,2024
433000,77500,CHELLES,77,Maison,127,5,317,2024
520000,77700,MAGNY-LE-HONGRE,77,Maison,113,4,398,2024
578550,77600,BUSSY-SAINT-GEORGES,77,Maison,125,6,162,2024
578550,77600,BUSSY-SAINT-GEORGES,77,Maison,125,6,500,2024
120000,77480,MOUSSEAUX-LES-BRAY,77,Maison,65,2,530,2024
307000,77540,ROZAY-EN-BRIE,77,Maison,96,5,664,2024
150000,77610,FONTENAY-TRESIGNY,77,Maison,71,3,42,2024
1870000,77400,SAINT THIBAULT DES VIGNES,77,Local industriel. commercial ou assimilé,1030,0,3812,2024
1870000,77400,SAINT THIBAULT DES VIGNES,77,Local industriel. commercial ou assimilé,1100,0,3812,2024
1870000,77400,SAINT THIBAULT DES VIGNES,77,Local industriel. commercial ou assimilé,378,0,3812,2024
120000,77470,FUBLAINES,77,Maison,47,2,321,2024
185000,77840,CROUY-SUR-OURCQ,77,Maison,90,5,481,2024
185000,77840,CROUY-SUR-OURCQ,77,Dépendance,0,0,481,2024
376000,77100,MEAUX,77,Appartement,33,2,388,2024
376000,77100,MEAUX,77,Appartement,86,4,388,2024
376000,77100,MEAUX,77,Local industriel. commercial ou assimilé,135,0,388,2024
350000,77290,MITRY MORY,77,Maison,188,6,619,2024
350000,77290,MITRY MORY,77,Dépendance,0,0,619,2024
324000,77144,MONTEVRAIN,77,Maison,67,4,198,2024
324000,77144,MONTEVRAIN,77,Dépendance,0,0,198,2024
123000,77260,SAINTE-AULDE,77,Maison,80,3,427,2024
670000,77400,LAGNY-SUR-MARNE,77,Maison,138,5,990,2024
670000,77400,LAGNY-SUR-MARNE,77,Dépendance,0,0,990,2024
160000,77560,COURTACON,77,Maison,108,3,556,2024
160000,77560,COURTACON,77,Dépendance,0,0,556,2024
160000,77510,REBAIS,77,Maison,79,3,540,2024
160000,77510,REBAIS,77,Dépendance,0,0,540,2024
259500,77730,SAACY-SUR-MARNE,77,Maison,124,5,301,2024
259500,77730,SAACY-SUR-MARNE,77,Maison,124,5,500,2024
143000,77120,MOUROUX,77,Dépendance,0,0,177,2024
143000,77120,MOUROUX,77,Maison,76,3,177,2024
285000,77560,CHAMPCENEST,77,Dépendance,0,0,1302,2024
285000,77560,CHAMPCENEST,77,Maison,71,5,1302,2024
132000,77131,TOUQUIN,77,Maison,180,7,500,2024
132000,77131,TOUQUIN,77,Dépendance,0,0,500,2024
132000,77131,TOUQUIN,77,Maison,180,7,133,2024
132000,77131,TOUQUIN,77,Dépendance,0,0,133,2024
132000,77131,TOUQUIN,77,Dépendance,0,0,1020,2024
340000,77160,PROVINS,77,Maison,168,7,465,2024
340000,77160,PROVINS,77,Maison,168,7,280,2024
250000,77120,MOUROUX,77,Maison,109,5,466,2024
170000,77260,USSY-SUR-MARNE,77,Appartement,50,3,377,2024
170000,77260,USSY-SUR-MARNE,77,Dépendance,0,0,377,2024
170000,77260,USSY-SUR-MARNE,77,Appartement,83,5,377,2024
371350,77700,COUPVRAY,77,Maison,80,4,731,2024
147584,77515,POMMEUSE,77,Dépendance,0,0,660,2024
147584,77515,POMMEUSE,77,Maison,186,7,660,2024
147584,77515,POMMEUSE,77,Dépendance,0,0,500,2024
147584,77515,POMMEUSE,77,Maison,186,7,500,2024
160000,77160,PROVINS,77,Dépendance,0,0,321,2024
160000,77160,PROVINS,77,Maison,106,4,321,2024
330500,77230,ROUVRES,77,Maison,95,4,1254,2024
233450,77100,MEAUX,77,Maison,68,4,98,2024
250560,77120,COULOMMIERS,77,Maison,106,5,281,2024
270000,77160,PROVINS,77,Maison,91,4,337,2024
167000,77650,SAINTE-COLOMBE,77,Maison,85,4,1206,2024
167000,77650,SAINTE-COLOMBE,77,Maison,85,4,348,2024
319500,77400,DAMPMART,77,Maison,84,3,500,2024
237650,77410,ANNET-SUR-MARNE,77,Dépendance,0,0,234,2024
237650,77410,ANNET-SUR-MARNE,77,Maison,95,4,234,2024
399000,77400,LAGNY-SUR-MARNE,77,Maison,120,5,537,2024
399000,77400,LAGNY-SUR-MARNE,77,Dépendance,0,0,537,2024
262000,77410,VILLEROY,77,Maison,70,3,294,2024
189000,77510,DOUE,77,Maison,73,4,733,2024
330000,77580,BOULEURS,77,Maison,91,4,500,2024
330000,77580,BOULEURS,77,Maison,91,4,103,2024
360000,77500,CHELLES,77,Maison,96,4,279,2024
320000,77120,COULOMMIERS,77,Maison,167,6,364,2024
320000,77120,COULOMMIERS,77,Maison,167,6,500,2024
81300,77126,CHATENAY-SUR-SEINE,77,Maison,62,3,604,2024
81300,77126,CHATENAY-SUR-SEINE,77,Dépendance,0,0,604,2024
188000,77124,VILLENOY,77,Dépendance,0,0,97,2024
188000,77124,VILLENOY,77,Maison,99,7,97,2024
194920,77184,EMERAINVILLE,77,Maison,83,4,150,2024
237000,77230,JUILLY,77,Dépendance,0,0,436,2024
237000,77230,JUILLY,77,Maison,57,3,436,2024
179000,77510,BELLOT,77,Dépendance,0,0,463,2024
179000,77510,BELLOT,77,Maison,170,6,463,2024
225000,77440,VENDREST,77,Dépendance,0,0,583,2024
225000,77440,VENDREST,77,Maison,167,5,583,2024
275000,77230,MONTGE-EN-GOELE,77,Maison,82,4,500,2024
434000,77500,CHELLES,77,Maison,100,6,500,2024
434000,77500,CHELLES,77,Maison,100,6,209,2024
358000,77580,CRECY LA CHAPELLE,77,Maison,87,4,500,2024
358000,77580,CRECY LA CHAPELLE,77,Dépendance,0,0,530,2024
358000,77580,CRECY LA CHAPELLE,77,Maison,87,4,530,2024
358000,77580,CRECY LA CHAPELLE,77,Dépendance,0,0,500,2024
40000,77750,SAINT-CYR-SUR-MORIN,77,Maison,59,3,36,2024
40000,77750,SAINT-CYR-SUR-MORIN,77,Maison,59,3,452,2024
243800,77515,FAREMOUTIERS,77,Maison,72,3,513,2024
243800,77515,FAREMOUTIERS,77,Maison,72,3,250,2024
409000,77860,SAINT-GERMAIN-SUR-MORIN,77,Maison,130,5,500,2024
409000,77860,SAINT-GERMAIN-SUR-MORIN,77,Maison,130,5,703,2024
999000,77124,VILLENOY,77,Dépendance,0,0,2346,2024
999000,77124,VILLENOY,77,Maison,65,4,2346,2024
210000,77230,MARCHEMORET,77,Maison,149,6,427,2024
210000,77230,MARCHEMORET,77,Dépendance,0,0,427,2024
133000,77515,SAINT-AUGUSTIN,77,Dépendance,0,0,42,2024
133000,77515,SAINT-AUGUSTIN,77,Maison,44,2,36,2024
152000,77730,SAACY-SUR-MARNE,77,Maison,77,4,77,2024
350000,77400,LAGNY-SUR-MARNE,77,Maison,99,4,358,2024
194000,77320,FERTE-GAUCHER (LA),77,Maison,93,4,252,2024
194000,77320,FERTE-GAUCHER (LA),77,Maison,80,3,252,2024
181825,77163,TIGEAUX,77,Maison,152,4,500,2024
181825,77163,TIGEAUX,77,Maison,152,4,449,2024
182000,77400,LAGNY-SUR-MARNE,77,Dépendance,0,0,266,2024
182000,77400,LAGNY-SUR-MARNE,77,Maison,43,3,266,2024
170230,77515,CELLE-SUR-MORIN (LA),77,Maison,78,4,41,2024
200000,77160,SAINT-BRICE,77,Maison,77,3,799,2024
200000,77160,SAINT-BRICE,77,Maison,77,3,302,2024
228850,77370,CROIX-EN-BRIE (LA),77,Maison,141,4,439,2024
200000,77650,JUTIGNY,77,Maison,105,3,820,2024
200000,77650,JUTIGNY,77,Dépendance,0,0,820,2024
170000,77370,NANGIS,77,Dépendance,0,0,146,2024
170000,77370,NANGIS,77,Maison,69,3,146,2024
120000,77480,VILLENAUXE-LA-PETITE,77,Maison,54,2,363,2024
120000,77480,VILLENAUXE-LA-PETITE,77,Maison,54,2,1837,2024
160000,77370,VANVILLE,77,Maison,70,3,523,2024
350000,77200,TORCY,77,Maison,72,4,172,2024
350000,77200,TORCY,77,Maison,65,3,305,2024
242900,77640,JOUARRE,77,Dépendance,0,0,150,2024
242900,77640,JOUARRE,77,Maison,104,5,150,2024
340607,77230,DAMMARTIN-EN-GOELE,77,Maison,91,4,452,2024
290000,77370,GASTINS,77,Dépendance,0,0,341,2024
290000,77370,GASTINS,77,Maison,80,4,341,2024
465000,77860,SAINT-GERMAIN-SUR-MORIN,77,Maison,120,5,330,2024
465000,77860,SAINT-GERMAIN-SUR-MORIN,77,Maison,120,5,500,2024
255000,77515,POMMEUSE,77,Maison,90,4,600,2024
900000,77100,MEAUX,77,Local industriel. commercial ou assimilé,3999,0,8442,2024
285000,77260,USSY-SUR-MARNE,77,Maison,200,5,434,2024
285000,77260,USSY-SUR-MARNE,77,Dépendance,0,0,434,2024
274000,77290,MITRY MORY,77,Dépendance,0,0,390,2024
274000,77290,MITRY MORY,77,Maison,108,5,390,2024
230000,77660,CHANGIS-SUR-MARNE,77,Maison,62,4,275,2024
346000,77320,FERTE-GAUCHER (LA),77,Maison,221,7,2000,2024
346000,77320,FERTE-GAUCHER (LA),77,Maison,221,7,613,2024
215000,77230,ROUVRES,77,Maison,89,4,295,2024
130000,77640,JOUARRE,77,Local industriel. commercial ou assimilé,200,0,209,2024
778659,77700,MAGNY-LE-HONGRE,77,Maison,168,5,535,2024
778659,77700,MAGNY-LE-HONGRE,77,Dépendance,0,0,500,2024
778659,77700,MAGNY-LE-HONGRE,77,Maison,168,5,500,2024
778659,77700,MAGNY-LE-HONGRE,77,Dépendance,0,0,535,2024
287600,77163,DAMMARTIN-SUR-TIGEAUX,77,Maison,88,4,586,2024
253000,77260,LA FERTE SOUS JOUARRE,77,Dépendance,0,0,744,2024
253000,77260,LA FERTE SOUS JOUARRE,77,Maison,156,5,744,2024
430000,77450,LESCHES,77,Maison,129,5,637,2024
1050000,77100,MEAUX,77,Local industriel. commercial ou assimilé,1081,0,2556,2024
270000,77860,QUINCY-VOISINS,77,Maison,83,5,257,2024
385000,77580,VOULANGIS,77,Maison,204,7,285,2024
255000,77270,VILLEPARISIS,77,Maison,61,3,480,2024
312775,77144,CHALIFERT,77,Dépendance,0,0,500,2024
312775,77144,CHALIFERT,77,Maison,112,4,1160,2024
312775,77144,CHALIFERT,77,Dépendance,0,0,1160,2024
312775,77144,CHALIFERT,77,Maison,112,4,500,2024
312000,77260,LA FERTE SOUS JOUARRE,77,Dépendance,0,0,398,2024
312000,77260,LA FERTE SOUS JOUARRE,77,Dépendance,0,0,500,2024
312000,77260,LA FERTE SOUS JOUARRE,77,Maison,127,4,398,2024
312000,77260,LA FERTE SOUS JOUARRE,77,Maison,127,4,500,2024
435000,77410,VILLEVAUDE,77,Dépendance,0,0,764,2024
435000,77410,VILLEVAUDE,77,Maison,85,4,764,2024
206445,77126,CHATENAY-SUR-SEINE,77,Maison,112,5,222,2024
206445,77126,CHATENAY-SUR-SEINE,77,Maison,112,5,678,2024
80000,77470,TRILPORT,77,Maison,68,3,101,2024
80000,77470,TRILPORT,77,Dépendance,0,0,101,2024
1250,77164,FERRIERES-EN-BRIE,77,Dépendance,0,0,162,2024
336000,77186,NOISIEL,77,Dépendance,0,0,455,2024
336000,77186,NOISIEL,77,Maison,98,3,455,2024
267700,77186,NOISIEL,77,Dépendance,0,0,125,2024
267700,77186,NOISIEL,77,Appartement,97,5,125,2024
1,77500,CHELLES,77,Local industriel. commercial ou assimilé,2000,0,4084,2024
275000,77470,TRILPORT,77,Dépendance,0,0,442,2024
275000,77470,TRILPORT,77,Maison,83,4,442,2024
313600,77470,TRILPORT,77,Maison,102,4,438,2024
313600,77470,TRILPORT,77,Dépendance,0,0,438,2024
150000,77124,VILLENOY,77,Dépendance,0,0,52,2024
150000,77124,VILLENOY,77,Maison,34,2,52,2024
150000,77124,VILLENOY,77,Dépendance,0,0,79,2024
340000,77400,LAGNY-SUR-MARNE,77,Maison,70,3,386,2024
2255,77230,LONGPERRIER,77,Maison,40,2,2055,2024
2255,77230,LONGPERRIER,77,Maison,40,2,200,2024
210000,77580,COUTEVROULT,77,Maison,116,6,1133,2024
210000,77580,COUTEVROULT,77,Dépendance,0,0,1133,2024
445000,77100,NANTEUIL-LES-MEAUX,77,Maison,100,6,541,2024
445000,77100,NANTEUIL-LES-MEAUX,77,Maison,100,6,500,2024
503150,77410,CLAYE-SOUILLY,77,Maison,170,5,664,2024
171000,77120,MOUROUX,77,Dépendance,0,0,292,2024
171000,77120,MOUROUX,77,Maison,70,3,292,2024
85000,77510,REBAIS,77,Maison,68,3,108,2024
370150,77520,MONTIGNY-LENCOUP,77,Maison,165,6,500,2024
370150,77520,MONTIGNY-LENCOUP,77,Dépendance,0,0,1276,2024
370150,77520,MONTIGNY-LENCOUP,77,Maison,165,6,1276,2024
370150,77520,MONTIGNY-LENCOUP,77,Dépendance,0,0,500,2024
385585,77610,HOUSSAYE-EN-BRIE (LA),77,Maison,108,6,893,2024
385585,77610,HOUSSAYE-EN-BRIE (LA),77,Maison,108,6,250,2024
290000,77131,TOUQUIN,77,Dépendance,0,0,670,2024
290000,77131,TOUQUIN,77,Dépendance,0,0,250,2024
290000,77131,TOUQUIN,77,Maison,150,5,250,2024
290000,77131,TOUQUIN,77,Maison,150,5,670,2024
240000,77100,MEAUX,77,Maison,60,3,238,2024
339000,77750,SAINT-OUEN-SUR-MORIN,77,Maison,156,6,500,2024
339000,77750,SAINT-OUEN-SUR-MORIN,77,Maison,156,6,406,2024
75000,77320,SAINT-BARTHELEMY,77,Maison,124,7,603,2024
75000,77320,SAINT-BARTHELEMY,77,Maison,124,7,250,2024
350000,77410,ANNET-SUR-MARNE,77,Maison,106,4,823,2024
350000,77410,ANNET-SUR-MARNE,77,Maison,106,4,500,2024
340282,77400,THORIGNY SUR MARNE,77,Dépendance,0,0,330,2024
340282,77400,THORIGNY SUR MARNE,77,Maison,81,5,330,2024
270000,77169,BOISSY-LE-CHATEL,77,Maison,132,5,500,2024
270000,77169,BOISSY-LE-CHATEL,77,Maison,132,5,779,2024
424000,77515,SAINT-AUGUSTIN,77,Maison,180,6,300,2024
424000,77515,SAINT-AUGUSTIN,77,Maison,180,6,3180,2024
131000,77160,CHENOISE-CUCHARMOY,77,Maison,89,4,436,2024
131000,77160,CHENOISE-CUCHARMOY,77,Local industriel. commercial ou assimilé,205,0,68,2024
75000,77114,HERME,77,Dépendance,0,0,345,2024
75000,77114,HERME,77,Maison,50,3,345,2024
215000,77510,VERDELOT,77,Maison,100,4,880,2024
215000,77510,VERDELOT,77,Dépendance,0,0,880,2024
215000,77510,VERDELOT,77,Maison,23,1,880,2024
177378,77160,PROVINS,77,Maison,70,4,1340,2024
177378,77160,PROVINS,77,Maison,70,4,324,2024
252400,77290,MITRY MORY,77,Maison,86,5,400,2024
252400,77290,MITRY MORY,77,Dépendance,0,0,400,2024
149000,77510,VILLENEUVE-SUR-BELLOT,77,Maison,52,3,641,2024
149000,77510,VILLENEUVE-SUR-BELLOT,77,Maison,52,3,116,2024
198687,77177,BROU-SUR-CHANTEREINE,77,Maison,80,3,217,2024
7610000,77184,EMERAINVILLE,77,Local industriel. commercial ou assimilé,1960,0,3925,2024
162000,77169,BOISSY-LE-CHATEL,77,Dépendance,0,0,699,2024
162000,77169,BOISSY-LE-CHATEL,77,Maison,102,3,699,2024
393000,77164,FERRIERES-EN-BRIE,77,Maison,88,4,473,2024
393000,77164,FERRIERES-EN-BRIE,77,Dépendance,0,0,473,2024
260000,77230,SAINT-MARD,77,Maison,63,3,587,2024
213400,77230,MOUSSY-LE-NEUF,77,Maison,65,4,107,2024
470000,77400,LAGNY-SUR-MARNE,77,Maison,123,6,711,2024
534000,77100,NANTEUIL-LES-MEAUX,77,Local industriel. commercial ou assimilé,519,0,513,2024
358000,77410,CLAYE-SOUILLY,77,Maison,132,5,880,2024
358000,77410,CLAYE-SOUILLY,77,Dépendance,0,0,500,2024
358000,77410,CLAYE-SOUILLY,77,Maison,132,5,500,2024
358000,77410,CLAYE-SOUILLY,77,Dépendance,0,0,880,2024
397700,77230,SAINT-MARD,77,Maison,112,5,320,2024
397700,77230,SAINT-MARD,77,Dépendance,0,0,320,2024
397700,77230,SAINT-MARD,77,Maison,112,5,500,2024
397700,77230,SAINT-MARD,77,Dépendance,0,0,500,2024
605900,77700,SERRIS,77,Maison,137,7,100,2024
605900,77700,SERRIS,77,Maison,137,7,500,2024
12000,77260,LA FERTE SOUS JOUARRE,77,Dépendance,0,0,197,2024
12000,77260,LA FERTE SOUS JOUARRE,77,Maison,60,3,197,2024
384650,77500,CHELLES,77,Dépendance,0,0,300,2024
384650,77500,CHELLES,77,Maison,90,4,300,2024
288000,77470,VILLEMAREUIL,77,Dépendance,0,0,739,2024
288000,77470,VILLEMAREUIL,77,Maison,103,6,739,2024
315000,77178,OISSERY,77,Maison,117,6,500,2024
315000,77178,OISSERY,77,Maison,117,6,40,2024
160000,77100,NANTEUIL-LES-MEAUX,77,Maison,88,5,43,2024
135000,77320,FERTE-GAUCHER (LA),77,Maison,120,5,585,2024
255400,77840,CROUY-SUR-OURCQ,77,Maison,123,6,500,2024
255400,77840,CROUY-SUR-OURCQ,77,Maison,123,6,677,2024
377000,77260,LA FERTE SOUS JOUARRE,77,Appartement,28,2,487,2024
377000,77260,LA FERTE SOUS JOUARRE,77,Appartement,35,2,487,2024
377000,77260,LA FERTE SOUS JOUARRE,77,Appartement,40,2,487,2024
377000,77260,LA FERTE SOUS JOUARRE,77,Appartement,20,1,487,2024
320000,77420,CHAMPS-SUR-MARNE,77,Local industriel. commercial ou assimilé,221,0,360,2024
567000,77184,EMERAINVILLE,77,Dépendance,0,0,500,2024
567000,77184,EMERAINVILLE,77,Dépendance,0,0,100,2024
567000,77184,EMERAINVILLE,77,Maison,123,2,500,2024
567000,77184,EMERAINVILLE,77,Maison,123,2,100,2024
53000,77480,VILLENAUXE-LA-PETITE,77,Maison,15,1,1420,2024
185050,77171,CHALAUTRE-LA-GRANDE,77,Local industriel. commercial ou assimilé,15,0,483,2024
185050,77171,CHALAUTRE-LA-GRANDE,77,Maison,118,4,483,2024
430000,77515,SAINT-AUGUSTIN,77,Maison,169,6,733,2024
430000,77515,SAINT-AUGUSTIN,77,Dépendance,0,0,132,2024
430000,77515,SAINT-AUGUSTIN,77,Maison,169,6,132,2024
430000,77515,SAINT-AUGUSTIN,77,Dépendance,0,0,733,2024
310000,77540,LUMIGNY NESLES ORMEAUX,77,Dépendance,0,0,365,2024
45000,77410,CHARNY,77,Local industriel. commercial ou assimilé,100,0,340,2024
482190,77700,SERRIS,77,Dépendance,0,0,313,2024
482190,77700,SERRIS,77,Maison,94,4,313,2024
400500,77420,CHAMPS-SUR-MARNE,77,Maison,132,5,268,2024
204000,77750,BUSSIERES,77,Maison,90,5,500,2024
204000,77750,BUSSIERES,77,Maison,90,5,200,2024
455000,77700,BAILLY-ROMAINVILLIERS,77,Maison,106,5,413,2024
285000,77515,FAREMOUTIERS,77,Dépendance,0,0,500,2024
285000,77515,FAREMOUTIERS,77,Maison,89,5,522,2024
285000,77515,FAREMOUTIERS,77,Dépendance,0,0,522,2024
285000,77515,FAREMOUTIERS,77,Maison,89,5,500,2024
388000,77141,VAUDOY-EN-BRIE,77,Maison,223,6,250,2024
388000,77141,VAUDOY-EN-BRIE,77,Maison,223,6,950,2024
239870,77120,BEAUTHEIL-SAINTS,77,Dépendance,0,0,231,2024
239870,77120,BEAUTHEIL-SAINTS,77,Maison,67,4,231,2024
239870,77120,BEAUTHEIL-SAINTS,77,Dépendance,0,0,510,2024
239870,77120,BEAUTHEIL-SAINTS,77,Maison,67,4,510,2024
565000,77100,NANTEUIL-LES-MEAUX,77,Local industriel. commercial ou assimilé,327,0,846,2024
85000,77114,HERME,77,Maison,74,3,412,2024
180000,77181,LE PIN,77,Maison,56,2,316,2024
279000,77280,OTHIS,77,Maison,76,4,279,2024
175000,77480,MONTIGNY-LE-GUESDIER,77,Dépendance,0,0,649,2024
175000,77480,MONTIGNY-LE-GUESDIER,77,Maison,89,5,794,2024
175000,77480,MONTIGNY-LE-GUESDIER,77,Dépendance,0,0,794,2024
175000,77480,MONTIGNY-LE-GUESDIER,77,Maison,89,5,649,2024
365000,77230,THIEUX,77,Maison,114,5,17,2024
365000,77230,THIEUX,77,Maison,114,5,500,2024
188000,77100,MEAUX,77,Maison,48,3,287,2024
188000,77100,MEAUX,77,Dépendance,0,0,287,2024
153000,77120,AMILLIS,77,Maison,95,3,138,2024
264650,77580,COUTEVROULT,77,Maison,92,4,280,2024
264650,77580,COUTEVROULT,77,Dépendance,0,0,280,2024
2370000,77164,FERRIERES-EN-BRIE,77,Local industriel. commercial ou assimilé,6945,0,7068,2024
403200,77860,SAINT-GERMAIN-SUR-MORIN,77,Maison,119,5,500,2024
403200,77860,SAINT-GERMAIN-SUR-MORIN,77,Maison,119,5,104,2024
87000,77320,BETON-BAZOCHES,77,Maison,65,4,788,2024
87000,77320,BETON-BAZOCHES,77,Dépendance,0,0,788,2024
99000,77131,TOUQUIN,77,Dépendance,0,0,500,2024
99000,77131,TOUQUIN,77,Dépendance,0,0,133,2024
99000,77131,TOUQUIN,77,Maison,180,7,133,2024
99000,77131,TOUQUIN,77,Maison,180,7,500,2024
99000,77131,TOUQUIN,77,Dépendance,0,0,1020,2024
419570,77360,VAIRES SUR MARNE,77,Maison,128,6,484,2024
104000,77450,ESBLY,77,Maison,57,2,262,2024
90000,77120,MAUPERTHUIS,77,Dépendance,0,0,53,2024
350000,77480,BRAY-SUR-SEINE,77,Local industriel. commercial ou assimilé,780,0,3599,2024
50000,77640,JOUARRE,77,Dépendance,0,0,43,2024
50000,77640,JOUARRE,77,Maison,68,2,43,2024
50000,77640,JOUARRE,77,Dépendance,0,0,46,2024
50000,77640,JOUARRE,77,Dépendance,0,0,269,2024
123000,77450,ESBLY,77,Maison,88,5,135,2024
7000,77515,CELLE-SUR-MORIN (LA),77,Dépendance,0,0,82,2024
50000,77144,CHALIFERT,77,Maison,50,2,93,2024
50000,77144,CHALIFERT,77,Maison,50,2,500,2024
285000,77515,FAREMOUTIERS,77,Dépendance,0,0,500,2024
285000,77515,FAREMOUTIERS,77,Maison,121,5,1650,2024
285000,77515,FAREMOUTIERS,77,Dépendance,0,0,1650,2024
285000,77515,FAREMOUTIERS,77,Maison,121,5,500,2024
468683,77174,VILLENEUVE-LE-COMTE,77,Maison,159,6,460,2024
159000,77122,MONTHYON,77,Maison,83,4,53,2024
247200,77750,SAINT-OUEN-SUR-MORIN,77,Maison,142,6,250,2024
247200,77750,SAINT-OUEN-SUR-MORIN,77,Maison,142,6,3100,2024
15000,77163,DAMMARTIN-SUR-TIGEAUX,77,Local industriel. commercial ou assimilé,45,0,71,2024
195000,77440,MARY-SUR-MARNE,77,Dépendance,0,0,649,2024
195000,77440,MARY-SUR-MARNE,77,Maison,74,4,462,2024
405000,77500,CHELLES,77,Maison,78,4,389,2024
405000,77500,CHELLES,77,Maison,78,4,284,2024
282085,77165,SAINT-SOUPPLETS,77,Maison,126,5,294,2024
426000,77260,LA FERTE SOUS JOUARRE,77,Appartement,35,1,234,2024
426000,77260,LA FERTE SOUS JOUARRE,77,Local industriel. commercial ou assimilé,80,0,234,2024
426000,77260,LA FERTE SOUS JOUARRE,77,Appartement,30,1,234,2024
1921052,77090,COLLEGIEN,77,Local industriel. commercial ou assimilé,2843,0,10190,2024
35000,77750,ORLY-SUR-MORIN,77,Maison,26,1,75,2024
200000,77470,TRILPORT,77,Maison,71,3,98,2024
200000,77470,TRILPORT,77,Dépendance,0,0,98,2024
229000,77290,MITRY MORY,77,Maison,40,2,263,2024
255000,77470,TRILPORT,77,Maison,62,3,436,2024
305000,77400,THORIGNY SUR MARNE,77,Maison,110,4,560,2024
171000,77520,SOGNOLLES-EN-MONTOIS,77,Maison,63,2,173,2024
93333,77840,COULOMBS-EN-VALOIS,77,Maison,66,2,1266,2024
18000,77520,MONTIGNY-LENCOUP,77,Maison,40,2,173,2024
299000,77290,MITRY MORY,77,Dépendance,0,0,406,2024
299000,77290,MITRY MORY,77,Maison,124,4,406,2024
35000,77440,CONGIS-SUR-THEROUANNE,77,Maison,29,1,1049,2024
35000,77440,CONGIS-SUR-THEROUANNE,77,Maison,29,1,36,2024
190000,77320,CHOISY-EN-BRIE,77,Maison,115,4,605,2024
405000,77700,BAILLY-ROMAINVILLIERS,77,Maison,126,4,261,2024
273000,77165,LE PLESSIS-L EVEQUE,77,Maison,86,4,505,2024
285000,77290,MITRY MORY,77,Maison,76,4,372,2024
170000,77500,CHELLES,77,Maison,70,4,184,2024
170000,77500,CHELLES,77,Dépendance,0,0,184,2024
245000,77163,MORTCERF,77,Dépendance,0,0,573,2024
245000,77163,MORTCERF,77,Maison,84,5,573,2024
340000,77540,LUMIGNY NESLES ORMEAUX,77,Maison,110,4,1623,2024
340000,77540,LUMIGNY NESLES ORMEAUX,77,Maison,110,4,500,2024
305000,77178,SAINT-PATHUS,77,Maison,117,5,556,2024
455000,77230,DAMMARTIN-EN-GOELE,77,Maison,155,5,793,2024
455000,77230,DAMMARTIN-EN-GOELE,77,Dépendance,0,0,793,2024
5305000,77090,COLLEGIEN,77,Local industriel. commercial ou assimilé,2843,0,10190,2024
600000,77700,SERRIS,77,Maison,158,6,109,2024
600000,77700,SERRIS,77,Maison,158,6,500,2024
155000,77114,GOUAIX,77,Appartement,46,2,90,2024
155000,77114,GOUAIX,77,Appartement,64,3,90,2024
155000,77114,GOUAIX,77,Dépendance,0,0,458,2024
155000,77114,GOUAIX,77,Local industriel. commercial ou assimilé,180,0,458,2024
155000,77114,GOUAIX,77,Appartement,108,5,458,2024
248880,77120,MAROLLES-EN-BRIE,77,Maison,100,4,250,2024
248880,77120,MAROLLES-EN-BRIE,77,Maison,100,4,1656,2024
275000,77320,SAINT-REMY-DE-LA-VANNE,77,Maison,128,4,1284,2024
275000,77320,SAINT-REMY-DE-LA-VANNE,77,Maison,128,4,566,2024
347000,77120,BEAUTHEIL-SAINTS,77,Maison,110,6,550,2024
347000,77120,BEAUTHEIL-SAINTS,77,Maison,110,6,237,2024
490000,77120,AULNOY,77,Maison,187,5,1130,2024
490000,77120,AULNOY,77,Maison,187,5,500,2024
264000,77090,COLLEGIEN,77,Maison,90,5,180,2024
98000,77169,BOISSY-LE-CHATEL,77,Maison,88,4,580,2024
98000,77169,BOISSY-LE-CHATEL,77,Maison,88,4,250,2024
180000,77320,JOUY-SUR-MORIN,77,Maison,66,4,835,2024
180000,77320,JOUY-SUR-MORIN,77,Maison,66,4,249,2024
642500,77600,BUSSY-SAINT-GEORGES,77,Maison,142,6,422,2024
295000,77700,BAILLY-ROMAINVILLIERS,77,Maison,65,3,130,2024
377200,77164,FERRIERES-EN-BRIE,77,Maison,95,5,533,2024
215000,77650,SAINTE-COLOMBE,77,Maison,122,5,500,2024
215000,77650,SAINTE-COLOMBE,77,Maison,122,5,650,2024
300000,77400,LAGNY-SUR-MARNE,77,Maison,84,4,226,2024
300000,77400,LAGNY-SUR-MARNE,77,Dépendance,0,0,226,2024
300000,77400,LAGNY-SUR-MARNE,77,Maison,84,4,500,2024
300000,77400,LAGNY-SUR-MARNE,77,Dépendance,0,0,500,2024
207500,77360,VAIRES SUR MARNE,77,Maison,93,4,594,2024
310000,77270,VILLEPARISIS,77,Maison,80,4,372,2024
272000,77270,VILLEPARISIS,77,Maison,63,2,408,2024
272000,77270,VILLEPARISIS,77,Dépendance,0,0,408,2024
297500,77290,MITRY MORY,77,Maison,75,3,406,2024
332550,77410,MESSY,77,Maison,99,5,426,2024
215000,77450,MONTRY,77,Maison,64,3,66,2024
382000,77500,CHELLES,77,Maison,118,5,525,2024
400512,77420,CHAMPS-SUR-MARNE,77,Maison,79,4,171,2024
400512,77420,CHAMPS-SUR-MARNE,77,Dépendance,0,0,171,2024
285000,77230,DAMMARTIN-EN-GOELE,77,Maison,102,6,296,2024
285000,77230,DAMMARTIN-EN-GOELE,77,Maison,102,6,500,2024
272000,77230,DAMMARTIN-EN-GOELE,77,Maison,92,5,264,2024
272000,77230,DAMMARTIN-EN-GOELE,77,Dépendance,0,0,264,2024
155000,77650,LONGUEVILLE,77,Maison,92,4,315,2024
278000,77540,ROZAY-EN-BRIE,77,Maison,90,4,450,2024
278000,77540,ROZAY-EN-BRIE,77,Dépendance,0,0,450,2024
197000,77370,NANGIS,77,Dépendance,0,0,427,2024
197000,77370,NANGIS,77,Maison,84,5,427,2024
112762,77230,LONGPERRIER,77,Maison,90,4,359,2024
160000,77134,ORMES-SUR-VOULZIE (LES),77,Dépendance,0,0,3075,2024
160000,77134,ORMES-SUR-VOULZIE (LES),77,Maison,50,2,3075,2024
160000,77134,ORMES-SUR-VOULZIE (LES),77,Maison,50,2,548,2024
160000,77134,ORMES-SUR-VOULZIE (LES),77,Dépendance,0,0,548,2024
160000,77134,ORMES-SUR-VOULZIE (LES),77,Dépendance,0,0,245,2024
160000,77134,ORMES-SUR-VOULZIE (LES),77,Maison,50,2,245,2024
463000,77270,VILLEPARISIS,77,Maison,240,4,600,2024
285000,77260,LA FERTE SOUS JOUARRE,77,Maison,84,3,500,2024
285000,77260,LA FERTE SOUS JOUARRE,77,Maison,84,3,542,2024
260000,77440,LIZY-SUR-OURCQ,77,Maison,109,5,446,2024
409485,77420,CHAMPS-SUR-MARNE,77,Maison,88,4,162,2024
200000,77230,MOUSSY-LE-NEUF,77,Maison,147,6,75,2024
200000,77230,MOUSSY-LE-NEUF,77,Maison,147,6,500,2024
2300000,77400,SAINT THIBAULT DES VIGNES,77,Local industriel. commercial ou assimilé,2000,0,5523,2024
215000,77120,COULOMMIERS,77,Maison,71,4,282,2024
359620,77910,GERMIGNY-L EVEQUE,77,Maison,100,4,500,2024
359620,77910,GERMIGNY-L EVEQUE,77,Dépendance,0,0,104,2024
359620,77910,GERMIGNY-L EVEQUE,77,Dépendance,0,0,500,2024
359620,77910,GERMIGNY-L EVEQUE,77,Maison,100,4,104,2024
150000,77650,SAINT-LOUP-DE-NAUD,77,Maison,72,4,95,2024
150000,77650,SAINT-LOUP-DE-NAUD,77,Maison,72,4,600,2024
130000,77650,JUTIGNY,77,Dépendance,0,0,369,2024
130000,77650,JUTIGNY,77,Maison,72,2,369,2024
305000,77860,QUINCY-VOISINS,77,Maison,85,4,291,2024
320000,77290,MITRY MORY,77,Dépendance,0,0,404,2024
320000,77290,MITRY MORY,77,Maison,120,6,404,2024
235000,77660,CHANGIS-SUR-MARNE,77,Dépendance,0,0,391,2024
235000,77660,CHANGIS-SUR-MARNE,77,Maison,73,4,391,2024
152000,77260,LA FERTE SOUS JOUARRE,77,Maison,70,3,245,2024
285000,77500,CHELLES,77,Dépendance,0,0,400,2024
285000,77500,CHELLES,77,Maison,55,3,400,2024
285000,77500,CHELLES,77,Maison,55,3,330,2024
285000,77500,CHELLES,77,Dépendance,0,0,330,2024
350000,77500,CHELLES,77,Dépendance,0,0,680,2024
350000,77500,CHELLES,77,Maison,100,4,680,2024
408500,77600,BUSSY-SAINT-GEORGES,77,Maison,94,5,302,2024
200000,77320,MONTDAUPHIN,77,Maison,150,3,500,2024
200000,77320,MONTDAUPHIN,77,Maison,150,3,870,2024
233500,77480,MONTIGNY-LE-GUESDIER,77,Maison,103,5,122,2024
233500,77480,MONTIGNY-LE-GUESDIER,77,Maison,103,5,908,2024
411500,77120,AMILLIS,77,Dépendance,0,0,8460,2024
411500,77120,AMILLIS,77,Maison,220,6,500,2024
411500,77120,AMILLIS,77,Dépendance,0,0,500,2024
411500,77120,AMILLIS,77,Maison,220,6,8460,2024
365000,77230,JUILLY,77,Maison,113,5,221,2024
365000,77230,JUILLY,77,Maison,113,5,500,2024
709500,77230,THIEUX,77,Local industriel. commercial ou assimilé,520,0,996,2024
375400,77860,QUINCY-VOISINS,77,Maison,123,5,361,2024
317500,77100,MEAUX,77,Dépendance,0,0,450,2024
317500,77100,MEAUX,77,Maison,116,6,450,2024
310000,77840,CROUY-SUR-OURCQ,77,Maison,83,6,492,2024
310000,77840,CROUY-SUR-OURCQ,77,Dépendance,0,0,492,2024
310000,77840,CROUY-SUR-OURCQ,77,Maison,83,6,1116,2024
310000,77840,CROUY-SUR-OURCQ,77,Dépendance,0,0,1116,2024
127500,77169,BOISSY-LE-CHATEL,77,Maison,46,2,46,2024
754600,77400,GOUVERNES,77,Dépendance,0,0,1110,2024
754600,77400,GOUVERNES,77,Maison,180,5,500,2024
754600,77400,GOUVERNES,77,Dépendance,0,0,500,2024
754600,77400,GOUVERNES,77,Maison,180,5,1110,2024
240500,77370,VIEUX-CHAMPAGNE,77,Maison,98,5,509,2024
240500,77370,VIEUX-CHAMPAGNE,77,Maison,98,5,500,2024
340000,77580,VILLIERS-SUR-MORIN,77,Dépendance,0,0,139,2024
340000,77580,VILLIERS-SUR-MORIN,77,Maison,134,6,139,2024
630000,77600,GUERMANTES,77,Maison,170,7,500,2024
630000,77600,GUERMANTES,77,Maison,170,7,181,2024
735000,77410,ANNET-SUR-MARNE,77,Maison,244,6,500,2024
229000,77270,VILLEPARISIS,77,Dépendance,0,0,112,2024
229000,77270,VILLEPARISIS,77,Maison,70,3,112,2024
229000,77270,VILLEPARISIS,77,Dépendance,0,0,503,2024
229000,77270,VILLEPARISIS,77,Maison,70,3,503,2024
275000,77100,MEAUX,77,Maison,63,3,405,2024
275000,77100,MEAUX,77,Dépendance,0,0,405,2024
275000,77100,MEAUX,77,Maison,42,3,405,2024
500000,77750,SAINT-OUEN-SUR-MORIN,77,Maison,313,7,600,2024
500000,77750,SAINT-OUEN-SUR-MORIN,77,Local industriel. commercial ou assimilé,326,0,600,2024
500000,77750,SAINT-OUEN-SUR-MORIN,77,Local industriel. commercial ou assimilé,326,0,5598,2024
500000,77750,SAINT-OUEN-SUR-MORIN,77,Maison,313,7,5598,2024
301000,77360,VAIRES SUR MARNE,77,Dépendance,0,0,314,2024
301000,77360,VAIRES SUR MARNE,77,Maison,38,3,314,2024
318000,77410,CLAYE-SOUILLY,77,Maison,111,5,500,2024
318000,77410,CLAYE-SOUILLY,77,Maison,111,5,605,2024
180000,77580,GUERARD,77,Maison,47,3,480,2024
180000,77580,GUERARD,77,Dépendance,0,0,480,2024
180000,77580,GUERARD,77,Dépendance,0,0,694,2024
180000,77580,GUERARD,77,Maison,47,3,694,2024
330000,77860,COUILLY-PONT-AUX-DAMES,77,Maison,85,4,2012,2024
330000,77860,COUILLY-PONT-AUX-DAMES,77,Maison,85,4,500,2024
143000,77730,CITRY,77,Dépendance,0,0,415,2024
143000,77730,CITRY,77,Maison,113,3,415,2024
171000,77440,CONGIS-SUR-THEROUANNE,77,Maison,65,3,105,2024
655000,77700,MAGNY-LE-HONGRE,77,Maison,143,7,500,2024
655000,77700,MAGNY-LE-HONGRE,77,Maison,143,7,65,2024
233000,77100,MEAUX,77,Maison,99,5,247,2024
420570,77500,CHELLES,77,Maison,152,5,480,2024
300000,77185,LOGNES,77,Maison,88,4,153,2024
108000,77171,SOURDUN,77,Maison,125,4,289,2024
125000,77470,MONTCEAUX-LES-MEAUX,77,Local industriel. commercial ou assimilé,30,0,84,2024
557110,77700,BAILLY-ROMAINVILLIERS,77,Maison,122,5,489,2024
239000,77840,CROUY-SUR-OURCQ,77,Dépendance,0,0,487,2024
239000,77840,CROUY-SUR-OURCQ,77,Maison,103,6,487,2024
283500,77120,MOUROUX,77,Maison,115,5,710,2024
283500,77120,MOUROUX,77,Dépendance,0,0,710,2024
110000,77910,GERMIGNY-L EVEQUE,77,Maison,75,4,87,2024
150000,77151,MONTCEAUX-LES-PROVINS,77,Dépendance,0,0,425,2024
150000,77151,MONTCEAUX-LES-PROVINS,77,Maison,58,2,425,2024
150000,77151,MONTCEAUX-LES-PROVINS,77,Maison,58,2,363,2024
150000,77151,MONTCEAUX-LES-PROVINS,77,Dépendance,0,0,363,2024
210000,77440,LIZY-SUR-OURCQ,77,Local industriel. commercial ou assimilé,70,0,82,2024
441000,77500,CHELLES,77,Dépendance,0,0,354,2024
441000,77500,CHELLES,77,Maison,86,4,354,2024
363385,77320,FERTE-GAUCHER (LA),77,Maison,424,15,393,2024
220720,77410,CLAYE-SOUILLY,77,Maison,83,4,176,2024
360000,77400,POMPONNE,77,Maison,96,5,500,2024
360000,77400,POMPONNE,77,Maison,96,5,561,2024
325000,77400,THORIGNY SUR MARNE,77,Maison,94,5,362,2024
456600,77400,LAGNY-SUR-MARNE,77,Maison,108,3,365,2024
546950,77230,DAMMARTIN-EN-GOELE,77,Maison,230,6,368,2024
546950,77230,DAMMARTIN-EN-GOELE,77,Dépendance,0,0,368,2024
546950,77230,DAMMARTIN-EN-GOELE,77,Maison,230,6,500,2024
546950,77230,DAMMARTIN-EN-GOELE,77,Dépendance,0,0,500,2024
217000,77120,COULOMMIERS,77,Maison,74,3,375,2024
217000,77120,COULOMMIERS,77,Dépendance,0,0,375,2024
369550,77400,LAGNY-SUR-MARNE,77,Maison,96,5,381,2024
369550,77400,LAGNY-SUR-MARNE,77,Dépendance,0,0,381,2024
90000,77370,CHATEAUBLEAU,77,Local industriel. commercial ou assimilé,350,0,1625,2024
90000,77370,CHATEAUBLEAU,77,Maison,135,6,1625,2024
337650,77124,CHAUCONIN-NEUFMONTIERS,77,Maison,114,6,94,2024
337650,77124,CHAUCONIN-NEUFMONTIERS,77,Maison,114,6,500,2024
299000,77420,CHAMPS-SUR-MARNE,77,Maison,122,5,207,2024
190000,77320,FERTE-GAUCHER (LA),77,Maison,63,3,860,2024
4000,77990,MAUREGARD,77,Maison,80,3,112,2024
295000,77910,CHAMBRY,77,Maison,90,3,258,2024
195000,77260,LA FERTE SOUS JOUARRE,77,Maison,78,4,188,2024
195000,77260,LA FERTE SOUS JOUARRE,77,Dépendance,0,0,188,2024
372000,77700,CHESSY,77,Dépendance,0,0,455,2024
372000,77700,CHESSY,77,Maison,95,5,185,2024
372000,77700,CHESSY,77,Dépendance,0,0,185,2024
392000,77160,PROVINS,77,Dépendance,0,0,482,2024
392000,77160,PROVINS,77,Maison,130,5,482,2024
409000,77124,CHAUCONIN-NEUFMONTIERS,77,Dépendance,0,0,458,2024
409000,77124,CHAUCONIN-NEUFMONTIERS,77,Dépendance,0,0,500,2024
409000,77124,CHAUCONIN-NEUFMONTIERS,77,Maison,155,8,458,2024
409000,77124,CHAUCONIN-NEUFMONTIERS,77,Maison,155,8,500,2024
211000,77230,VILLENEUVE SOUS DAMMARTIN,77,Maison,75,4,65,2024
328000,77178,SAINT-PATHUS,77,Maison,99,4,519,2024
308500,77410,CHARNY,77,Maison,95,4,314,2024
655000,77500,CHELLES,77,Dépendance,0,0,662,2024
655000,77500,CHELLES,77,Maison,164,4,662,2024
205000,77320,FERTE-GAUCHER (LA),77,Maison,103,4,500,2024
205000,77320,FERTE-GAUCHER (LA),77,Maison,103,4,1127,2024
468000,77400,LAGNY-SUR-MARNE,77,Maison,109,4,800,2024
232000,77515,POMMEUSE,77,Maison,164,7,594,2024
239000,77500,CHELLES,77,Dépendance,0,0,259,2024
239000,77500,CHELLES,77,Maison,69,4,259,2024
134000,77139,ETREPILLY,77,Maison,100,5,61,2024
289000,77169,SAINT-GERMAIN-SOUS-DOUE,77,Maison,109,4,500,2024
289000,77169,SAINT-GERMAIN-SOUS-DOUE,77,Maison,109,4,446,2024
18000,77100,MEAUX,77,Dépendance,0,0,18,2024
238950,77120,COULOMMIERS,77,Maison,82,5,323,2024
295000,77860,SAINT-GERMAIN-SUR-MORIN,77,Dépendance,0,0,134,2024
295000,77860,SAINT-GERMAIN-SUR-MORIN,77,Maison,53,3,134,2024
405000,77700,BAILLY-ROMAINVILLIERS,77,Local industriel. commercial ou assimilé,6,0,266,2024
405000,77700,BAILLY-ROMAINVILLIERS,77,Maison,78,4,266,2024
240000,77580,LA HAUTE-MAISON,77,Maison,65,3,500,2024
240000,77580,LA HAUTE-MAISON,77,Maison,65,3,100,2024
417000,77400,LAGNY-SUR-MARNE,77,Maison,113,5,650,2024
417000,77400,LAGNY-SUR-MARNE,77,Dépendance,0,0,650,2024
288000,77580,BOULEURS,77,Dépendance,0,0,259,2024
288000,77580,BOULEURS,77,Maison,79,4,259,2024
190500,77138,LUZANCY,77,Maison,130,5,135,2024
265000,77100,MEAUX,77,Local industriel. commercial ou assimilé,90,0,139,2024
280000,77290,MITRY MORY,77,Maison,74,4,334,2024
280000,77290,MITRY MORY,77,Maison,74,4,500,2024
232000,77450,MONTRY,77,Maison,70,4,425,2024
135000,77160,PROVINS,77,Dépendance,0,0,554,2024
135000,77160,PROVINS,77,Maison,90,4,554,2024
100000,77370,CROIX-EN-BRIE (LA),77,Maison,90,3,1288,2024
470000,77610,FONTENAY-TRESIGNY,77,Dépendance,0,0,500,2024
470000,77610,FONTENAY-TRESIGNY,77,Maison,140,4,500,2024
470000,77610,FONTENAY-TRESIGNY,77,Dépendance,0,0,670,2024
470000,77610,FONTENAY-TRESIGNY,77,Maison,140,4,670,2024
325000,77290,MITRY MORY,77,Maison,98,5,288,2024
286000,77515,POMMEUSE,77,Dépendance,0,0,439,2024
286000,77515,POMMEUSE,77,Maison,150,3,439,2024
277000,77515,POMMEUSE,77,Maison,64,2,250,2024
277000,77515,POMMEUSE,77,Dépendance,0,0,250,2024
277000,77515,POMMEUSE,77,Maison,64,2,750,2024
277000,77515,POMMEUSE,77,Dépendance,0,0,750,2024
154500,77163,DAMMARTIN-SUR-TIGEAUX,77,Dépendance,0,0,384,2024
139000,77370,NANGIS,77,Dépendance,0,0,305,2024
139000,77370,NANGIS,77,Maison,90,5,305,2024
250000,77540,ROZAY-EN-BRIE,77,Dépendance,0,0,491,2024
250000,77540,ROZAY-EN-BRIE,77,Maison,104,4,491,2024
30000,77138,LUZANCY,77,Dépendance,0,0,50,2024
183000,77640,JOUARRE,77,Maison,203,6,45,2024
183000,77640,JOUARRE,77,Dépendance,0,0,45,2024
303900,77580,BOULEURS,77,Maison,79,4,405,2024
221000,77860,QUINCY-VOISINS,77,Maison,62,4,55,2024
221000,77860,QUINCY-VOISINS,77,Dépendance,0,0,78,2024
310000,77580,CRECY LA CHAPELLE,77,Maison,73,3,500,2024
530000,77700,MAGNY-LE-HONGRE,77,Maison,102,4,282,2024
530000,77700,MAGNY-LE-HONGRE,77,Maison,102,4,500,2024
92000,77120,GIREMOUTIERS,77,Dépendance,0,0,500,2024
92000,77120,GIREMOUTIERS,77,Dépendance,0,0,2780,2024
92000,77120,GIREMOUTIERS,77,Dépendance,0,0,3080,2024
346200,77120,COULOMMIERS,77,Dépendance,0,0,786,2024
346200,77120,COULOMMIERS,77,Maison,250,7,122,2024
346200,77120,COULOMMIERS,77,Maison,250,7,786,2024
346200,77120,COULOMMIERS,77,Dépendance,0,0,122,2024
332000,77120,MOUROUX,77,Maison,50,2,435,2024
695000,77400,POMPONNE,77,Maison,176,5,1880,2024
695000,77400,POMPONNE,77,Maison,176,5,500,2024
280000,77400,LAGNY-SUR-MARNE,77,Maison,60,3,377,2024
125000,77510,REBAIS,77,Maison,97,5,97,2024
125000,77510,REBAIS,77,Dépendance,0,0,97,2024
215000,77131,TOUQUIN,77,Dépendance,0,0,262,2024
215000,77131,TOUQUIN,77,Maison,131,7,262,2024
216200,77470,TRILPORT,77,Maison,67,4,527,2024
129400,77100,MAREUIL-LES-MEAUX,77,Maison,90,4,188,2024
266000,77500,CHELLES,77,Maison,60,3,325,2024
320000,77500,CHELLES,77,Maison,78,4,380,2024
320000,77500,CHELLES,77,Dépendance,0,0,380,2024
275000,77500,CHELLES,77,Maison,84,4,500,2024
165000,77139,ETREPILLY,77,Maison,88,4,73,2024
181000,77610,FONTENAY-TRESIGNY,77,Dépendance,0,0,461,2024
233000,77270,VILLEPARISIS,77,Maison,75,3,376,2024
169000,77130,TOMBE (LA),77,Maison,119,6,583,2024
334850,77163,MORTCERF,77,Maison,110,6,415,2024
334850,77163,MORTCERF,77,Maison,110,6,250,2024
334850,77163,MORTCERF,77,Dépendance,0,0,415,2024
334850,77163,MORTCERF,77,Dépendance,0,0,250,2024
1056800,77450,LESCHES,77,Dépendance,0,0,672,2024
1056800,77450,LESCHES,77,Dépendance,0,0,900,2024
1056800,77450,LESCHES,77,Maison,279,6,672,2024
1056800,77450,LESCHES,77,Maison,279,6,900,2024
33,77600,BUSSY-SAINT-GEORGES,77,Local industriel. commercial ou assimilé,0,0,18,2024
271000,77184,EMERAINVILLE,77,Maison,99,5,136,2024
335000,77260,LA FERTE SOUS JOUARRE,77,Maison,140,5,500,2024
335000,77260,LA FERTE SOUS JOUARRE,77,Maison,140,5,27,2024
88000,77860,QUINCY-VOISINS,77,Dépendance,0,0,497,2024
88000,77860,QUINCY-VOISINS,77,Maison,46,3,497,2024
333200,77470,BOUTIGNY,77,Maison,103,6,500,2024
333200,77470,BOUTIGNY,77,Maison,103,6,1529,2024
195000,77640,JOUARRE,77,Maison,95,4,500,2024
195000,77640,JOUARRE,77,Maison,95,4,218,2024
285000,77500,CHELLES,77,Maison,102,5,172,2024
95000,77450,ESBLY,77,Maison,28,1,226,2024
280000,77580,MAISONCELLES-EN-BRIE,77,Dépendance,0,0,500,2024
280000,77580,MAISONCELLES-EN-BRIE,77,Dépendance,0,0,388,2024
280000,77580,MAISONCELLES-EN-BRIE,77,Maison,148,4,388,2024
280000,77580,MAISONCELLES-EN-BRIE,77,Maison,148,4,500,2024
230000,77650,SAINTE-COLOMBE,77,Maison,109,5,861,2024
125000,77730,SAACY-SUR-MARNE,77,Dépendance,0,0,105,2024
125000,77730,SAACY-SUR-MARNE,77,Appartement,60,3,105,2024
125000,77730,SAACY-SUR-MARNE,77,Appartement,60,2,105,2024
348000,77100,MAREUIL-LES-MEAUX,77,Maison,107,5,370,2024
348000,77100,MAREUIL-LES-MEAUX,77,Maison,107,5,500,2024
507000,77600,BUSSY-SAINT-GEORGES,77,Maison,115,4,343,2024
200000,77470,TRILPORT,77,Maison,62,4,178,2024
420500,77270,VILLEPARISIS,77,Maison,124,6,616,2024
420500,77270,VILLEPARISIS,77,Dépendance,0,0,616,2024
420500,77270,VILLEPARISIS,77,Maison,124,6,59,2024
420500,77270,VILLEPARISIS,77,Dépendance,0,0,59,2024
440000,77420,CHAMPS-SUR-MARNE,77,Maison,111,5,560,2024
440000,77420,CHAMPS-SUR-MARNE,77,Dépendance,0,0,560,2024
690000,77400,LAGNY-SUR-MARNE,77,Dépendance,0,0,500,2024
690000,77400,LAGNY-SUR-MARNE,77,Maison,216,6,500,2024
690000,77400,LAGNY-SUR-MARNE,77,Dépendance,0,0,329,2024
690000,77400,LAGNY-SUR-MARNE,77,Maison,216,6,329,2024
250000,77515,POMMEUSE,77,Maison,62,4,250,2024
250000,77515,POMMEUSE,77,Maison,62,4,1075,2024
290000,77840,CROUY-SUR-OURCQ,77,Maison,94,5,500,2024
290000,77840,CROUY-SUR-OURCQ,77,Maison,94,5,159,2024
300000,77580,VAUCOURTOIS,77,Maison,165,5,422,2024
300000,77580,VAUCOURTOIS,77,Dépendance,0,0,387,2024
379000,77184,EMERAINVILLE,77,Maison,86,4,211,2024
110000,77750,ORLY-SUR-MORIN,77,Maison,81,4,419,2024
265690,77515,SAINT-AUGUSTIN,77,Maison,87,4,500,2024
265690,77515,SAINT-AUGUSTIN,77,Maison,87,4,243,2024
510000,77410,CLAYE-SOUILLY,77,Maison,142,6,650,2024
125000,77163,DAMMARTIN-SUR-TIGEAUX,77,Dépendance,0,0,297,2024
125000,77163,DAMMARTIN-SUR-TIGEAUX,77,Maison,139,6,297,2024
272000,77515,SAINT-AUGUSTIN,77,Maison,100,4,278,2024
1087350,77700,CHESSY,77,Maison,120,5,244,2024
1087350,77700,CHESSY,77,Dépendance,0,0,244,2024
252000,77181,COURTRY,77,Maison,77,4,425,2024
210000,77120,COULOMMIERS,77,Maison,100,6,440,2024
210000,77120,COULOMMIERS,77,Dépendance,0,0,440,2024
330000,77515,POMMEUSE,77,Maison,127,4,683,2024
330000,77515,POMMEUSE,77,Maison,127,4,500,2024
208000,77165,SAINT-SOUPPLETS,77,Maison,75,4,438,2024
323000,77270,VILLEPARISIS,77,Maison,124,7,500,2024
150500,77171,SOURDUN,77,Maison,83,4,285,2024
1076434,77400,POMPONNE,77,Maison,176,5,1880,2024
1076434,77400,POMPONNE,77,Maison,176,5,500,2024
215150,77100,MEAUX,77,Maison,127,5,48,2024
540000,77165,SAINT-SOUPPLETS,77,Local industriel. commercial ou assimilé,830,0,1442,2024
259500,77290,MITRY MORY,77,Dépendance,0,0,224,2024
259500,77290,MITRY MORY,77,Appartement,60,3,224,2024
259500,77290,MITRY MORY,77,Appartement,42,3,224,2024
315000,77290,MITRY MORY,77,Maison,132,4,450,2024
190000,77260,LA FERTE SOUS JOUARRE,77,Maison,60,1,185,2024
100000,77510,HONDEVILLIERS,77,Maison,101,4,305,2024
460000,77420,CHAMPS-SUR-MARNE,77,Dépendance,0,0,500,2024
460000,77420,CHAMPS-SUR-MARNE,77,Maison,96,5,500,2024
145000,77160,CHENOISE-CUCHARMOY,77,Local industriel. commercial ou assimilé,240,0,256,2024
163850,77510,VERDELOT,77,Dépendance,0,0,750,2024
163850,77510,VERDELOT,77,Maison,120,6,750,2024
315050,77510,REBAIS,77,Maison,163,7,500,2024
315050,77510,REBAIS,77,Maison,163,7,107,2024
50000,77320,SANCY LES PROVINS,77,Maison,126,3,516,2024
445000,77200,TORCY,77,Local industriel. commercial ou assimilé,0,0,8,2024
445000,77200,TORCY,77,Maison,99,5,684,2024
64000,77440,CONGIS-SUR-THEROUANNE,77,Maison,100,4,158,2024
290800,77100,NANTEUIL-LES-MEAUX,77,Maison,101,6,400,2024
290800,77100,NANTEUIL-LES-MEAUX,77,Dépendance,0,0,400,2024
210000,77660,CHANGIS-SUR-MARNE,77,Maison,105,4,139,2024
219000,77131,TOUQUIN,77,Maison,110,3,138,2024
205000,77510,SAINT-LEGER,77,Maison,114,5,497,2024
297000,77165,SAINT-SOUPPLETS,77,Maison,99,5,296,2024
297000,77165,SAINT-SOUPPLETS,77,Maison,99,5,500,2024
260000,77860,COUILLY-PONT-AUX-DAMES,77,Maison,100,3,506,2024
260000,77860,COUILLY-PONT-AUX-DAMES,77,Maison,100,3,500,2024
253000,77510,REBAIS,77,Dépendance,0,0,249,2024
253000,77510,REBAIS,77,Maison,94,7,249,2024
359900,77860,QUINCY-VOISINS,77,Dépendance,0,0,500,2024
359900,77860,QUINCY-VOISINS,77,Maison,110,6,500,2024
230000,77370,MAISON-ROUGE,77,Maison,115,5,177,2024
230000,77370,MAISON-ROUGE,77,Dépendance,0,0,177,2024
105000,77560,VILLIERS-SAINT-GEORGES,77,Local industriel. commercial ou assimilé,200,0,1416,2024
380000,77260,CHAMIGNY,77,Maison,214,8,500,2024
380000,77260,CHAMIGNY,77,Maison,214,8,1148,2024
190000,77420,CHAMPS-SUR-MARNE,77,Maison,78,4,159,2024
60000,77138,LUZANCY,77,Dépendance,0,0,100,2024
60000,77138,LUZANCY,77,Dépendance,0,0,328,2024
260000,77260,SAMMERON,77,Maison,120,5,253,2024
188000,77320,BETON-BAZOCHES,77,Maison,80,4,662,2024
700000,77270,VILLEPARISIS,77,Maison,37,2,450,2024
550000,77270,VILLEPARISIS,77,Maison,88,5,500,2024
550000,77270,VILLEPARISIS,77,Dépendance,0,0,500,2024
385000,77163,DAMMARTIN-SUR-TIGEAUX,77,Maison,130,6,558,2024
385000,77163,DAMMARTIN-SUR-TIGEAUX,77,Dépendance,0,0,250,2024
385000,77163,DAMMARTIN-SUR-TIGEAUX,77,Maison,130,6,250,2024
385000,77163,DAMMARTIN-SUR-TIGEAUX,77,Dépendance,0,0,558,2024
525595,77500,CHELLES,77,Maison,157,6,500,2024
525595,77500,CHELLES,77,Maison,157,6,152,2024
128500,77470,TRILPORT,77,Maison,54,4,31,2024
276000,77100,MEAUX,77,Maison,66,3,622,2024
715000,77700,CHESSY,77,Maison,163,6,500,2024
715000,77700,CHESSY,77,Maison,163,6,1660,2024
224000,77370,CROIX-EN-BRIE (LA),77,Maison,122,4,85,2024
190000,77520,DONNEMARIE-DONTILLY,77,Maison,120,4,253,2024
190000,77520,DONNEMARIE-DONTILLY,77,Maison,27,2,108,2024
190000,77520,DONNEMARIE-DONTILLY,77,Maison,27,2,459,2024
35000,77520,CESSOY-EN-MONTOIS,77,Maison,32,1,106,2024
192700,77160,PROVINS,77,Maison,120,6,85,2024
276500,77470,TRILPORT,77,Maison,107,5,512,2024
3541911,77260,LA FERTE SOUS JOUARRE,77,Dépendance,0,0,1212,2024
3541911,77260,LA FERTE SOUS JOUARRE,77,Appartement,55,2,1212,2024
3541911,77260,LA FERTE SOUS JOUARRE,77,Appartement,72,3,1212,2024
3541911,77260,LA FERTE SOUS JOUARRE,77,Appartement,56,2,1212,2024
3541911,77260,LA FERTE SOUS JOUARRE,77,Appartement,77,3,1212,2024
3541911,77260,LA FERTE SOUS JOUARRE,77,Appartement,75,3,1212,2024
3541911,77260,LA FERTE SOUS JOUARRE,77,Appartement,71,3,1212,2024
3541911,77260,LA FERTE SOUS JOUARRE,77,Appartement,51,2,1212,2024
3541911,77260,LA FERTE SOUS JOUARRE,77,Appartement,45,1,1212,2024
3541911,77260,LA FERTE SOUS JOUARRE,77,Appartement,54,2,1212,2024
3541911,77260,LA FERTE SOUS JOUARRE,77,Appartement,53,2,1212,2024
3541911,77260,LA FERTE SOUS JOUARRE,77,Appartement,90,4,1212,2024
3541911,77260,LA FERTE SOUS JOUARRE,77,Appartement,66,3,1212,2024
3541911,77260,LA FERTE SOUS JOUARRE,77,Appartement,50,2,1212,2024
3541911,77260,LA FERTE SOUS JOUARRE,77,Appartement,47,2,1212,2024
3541911,77260,LA FERTE SOUS JOUARRE,77,Appartement,79,4,1212,2024
320000,77580,CRECY LA CHAPELLE,77,Dépendance,0,0,632,2024
320000,77580,CRECY LA CHAPELLE,77,Maison,92,6,500,2024
320000,77580,CRECY LA CHAPELLE,77,Dépendance,0,0,500,2024
320000,77580,CRECY LA CHAPELLE,77,Maison,92,6,632,2024
387000,77510,DOUE,77,Dépendance,0,0,2505,2024
387000,77510,DOUE,77,Maison,101,4,116,2024
387000,77510,DOUE,77,Dépendance,0,0,116,2024
387000,77510,DOUE,77,Maison,101,4,2505,2024
229000,77165,SAINT-SOUPPLETS,77,Maison,103,5,344,2024
275000,77420,CHAMPS-SUR-MARNE,77,Dépendance,0,0,388,2024
275000,77420,CHAMPS-SUR-MARNE,77,Maison,96,4,388,2024
390000,77500,CHELLES,77,Dépendance,0,0,536,2024
390000,77500,CHELLES,77,Maison,151,5,536,2024
345200,77100,NANTEUIL-LES-MEAUX,77,Maison,104,5,534,2024
260000,77370,NANGIS,77,Maison,84,3,433,2024
257000,77520,DONNEMARIE-DONTILLY,77,Maison,169,6,100,2024
257000,77520,DONNEMARIE-DONTILLY,77,Maison,169,6,500,2024
254000,77370,CHAPELLE-RABLAIS (LA),77,Maison,125,4,1000,2024
254000,77370,CHAPELLE-RABLAIS (LA),77,Maison,125,4,897,2024
334400,77515,FAREMOUTIERS,77,Maison,127,6,521,2024
334400,77515,FAREMOUTIERS,77,Dépendance,0,0,521,2024
175000,77520,DONNEMARIE-DONTILLY,77,Maison,72,3,500,2024
221700,77154,VILLENEUVE-LES-BORDES,77,Maison,78,4,500,2024
221700,77154,VILLENEUVE-LES-BORDES,77,Maison,78,4,1414,2024
146000,77650,SAINTE-COLOMBE,77,Maison,59,2,108,2024
536250,77600,CHANTELOUP EN BRIE,77,Maison,104,4,659,2024
267795,77124,CREGY-LES-MEAUX,77,Maison,78,4,229,2024
360000,77360,VAIRES SUR MARNE,77,Dépendance,0,0,469,2024
360000,77360,VAIRES SUR MARNE,77,Maison,95,5,469,2024
429350,77450,ESBLY,77,Maison,129,5,81,2024
429350,77450,ESBLY,77,Maison,129,5,500,2024
414252,77181,COURTRY,77,Maison,129,8,417,2024
414252,77181,COURTRY,77,Dépendance,0,0,417,2024
402000,77860,QUINCY-VOISINS,77,Maison,80,4,720,2024
402000,77860,QUINCY-VOISINS,77,Dépendance,0,0,58,2024
439000,77420,CHAMPS-SUR-MARNE,77,Maison,93,4,399,2024
439000,77420,CHAMPS-SUR-MARNE,77,Dépendance,0,0,399,2024
360000,77178,SAINT-PATHUS,77,Maison,150,5,455,2024
200000,77480,SAINT-SAUVEUR-LES-BRAY,77,Maison,120,3,500,2024
200000,77480,SAINT-SAUVEUR-LES-BRAY,77,Maison,120,3,1024,2024
165000,77114,GOUAIX,77,Maison,102,4,405,2024
165000,77114,GOUAIX,77,Maison,102,4,500,2024
249000,77280,OTHIS,77,Maison,89,4,356,2024
144000,77118,BAZOCHES LES BRAY,77,Maison,117,5,32,2024
144000,77118,BAZOCHES LES BRAY,77,Maison,117,5,540,2024
144000,77118,BAZOCHES LES BRAY,77,Dépendance,0,0,540,2024
144000,77118,BAZOCHES LES BRAY,77,Dépendance,0,0,32,2024
201983,77600,BUSSY-SAINT-MARTIN,77,Dépendance,0,0,667,2024
201983,77600,BUSSY-SAINT-MARTIN,77,Maison,85,5,667,2024
363562,77650,JUTIGNY,77,Maison,210,5,500,2024
363562,77650,JUTIGNY,77,Maison,210,5,876,2024
155000,77480,GRISY-SUR-SEINE,77,Maison,115,4,377,2024
155000,77480,GRISY-SUR-SEINE,77,Maison,115,4,1600,2024
155000,77480,GRISY-SUR-SEINE,77,Dépendance,0,0,1600,2024
155000,77480,GRISY-SUR-SEINE,77,Dépendance,0,0,377,2024
300000,77520,MEIGNEUX,77,Dépendance,0,0,905,2024
300000,77520,MEIGNEUX,77,Maison,162,5,905,2024
415000,77420,CHAMPS-SUR-MARNE,77,Dépendance,0,0,399,2024
415000,77420,CHAMPS-SUR-MARNE,77,Maison,93,4,399,2024
285000,77500,CHELLES,77,Maison,48,3,416,2024
624500,77500,CHELLES,77,Dépendance,0,0,520,2024
624500,77500,CHELLES,77,Maison,238,4,520,2024
250000,77400,LAGNY-SUR-MARNE,77,Maison,86,5,710,2024
250000,77400,LAGNY-SUR-MARNE,77,Dépendance,0,0,710,2024
265000,77580,CRECY LA CHAPELLE,77,Maison,86,3,323,2024
265000,77580,CRECY LA CHAPELLE,77,Dépendance,0,0,323,2024
338000,77580,BOULEURS,77,Dépendance,0,0,500,2024
338000,77580,BOULEURS,77,Dépendance,0,0,542,2024
338000,77580,BOULEURS,77,Maison,98,5,542,2024
338000,77580,BOULEURS,77,Maison,98,5,500,2024
7000,77120,COULOMMIERS,77,Dépendance,0,0,39,2024
200000,77470,FUBLAINES,77,Maison,58,3,154,2024
210000,77510,VILLENEUVE-SUR-BELLOT,77,Maison,138,6,300,2024
210000,77510,VILLENEUVE-SUR-BELLOT,77,Dépendance,0,0,410,2024
275000,77100,NANTEUIL-LES-MEAUX,77,Maison,84,4,500,2024
275000,77100,NANTEUIL-LES-MEAUX,77,Maison,84,4,1623,2024
265000,77450,MONTRY,77,Maison,64,3,290,2024
265000,77450,MONTRY,77,Dépendance,0,0,290,2024
300000,77540,LUMIGNY NESLES ORMEAUX,77,Maison,154,6,250,2024
300000,77540,LUMIGNY NESLES ORMEAUX,77,Maison,154,6,615,2024
300000,77540,LUMIGNY NESLES ORMEAUX,77,Dépendance,0,0,615,2024
300000,77540,LUMIGNY NESLES ORMEAUX,77,Dépendance,0,0,250,2024
81630,77440,DHUISY,77,Dépendance,0,0,211,2024
81630,77440,DHUISY,77,Maison,56,3,45,2024
81630,77440,DHUISY,77,Dépendance,0,0,322,2024
142500,77600,CONCHES SUR GONDOIRE,77,Maison,71,4,211,2024
865600,77100,MEAUX,77,Local industriel. commercial ou assimilé,820,0,724,2024
219000,77320,CHOISY-EN-BRIE,77,Dépendance,0,0,700,2024
219000,77320,CHOISY-EN-BRIE,77,Maison,118,4,700,2024
255000,77178,OISSERY,77,Maison,75,4,500,2024
255000,77178,OISSERY,77,Maison,75,4,239,2024
450000,77141,VAUDOY-EN-BRIE,77,Dépendance,0,0,250,2024
450000,77141,VAUDOY-EN-BRIE,77,Maison,214,8,879,2024
450000,77141,VAUDOY-EN-BRIE,77,Dépendance,0,0,879,2024
450000,77141,VAUDOY-EN-BRIE,77,Maison,214,8,250,2024
426799,77410,FRESNES-SUR-MARNE,77,Dépendance,0,0,620,2024
426799,77410,FRESNES-SUR-MARNE,77,Maison,141,4,620,2024
178000,77169,BOISSY-LE-CHATEL,77,Dépendance,0,0,269,2024
178000,77169,BOISSY-LE-CHATEL,77,Maison,78,4,269,2024
278000,77139,ETREPILLY,77,Maison,81,4,577,2024
258000,77124,CREGY-LES-MEAUX,77,Maison,78,5,239,2024
160000,77230,THIEUX,77,Local industriel. commercial ou assimilé,110,0,417,2024
296000,77230,JUILLY,77,Dépendance,0,0,225,2024
296000,77230,JUILLY,77,Maison,92,4,225,2024
323000,77360,VAIRES SUR MARNE,77,Maison,75,3,171,2024
135000,77750,SAINT-CYR-SUR-MORIN,77,Maison,96,5,143,2024
135000,77750,SAINT-CYR-SUR-MORIN,77,Dépendance,0,0,143,2024
140000,77230,THIEUX,77,Maison,81,4,73,2024
350000,77270,VILLEPARISIS,77,Maison,129,5,517,2024
350000,77270,VILLEPARISIS,77,Dépendance,0,0,517,2024
410000,77410,CLAYE-SOUILLY,77,Maison,81,4,1519,2024
410000,77410,CLAYE-SOUILLY,77,Maison,30,2,67,2024
410000,77410,CLAYE-SOUILLY,77,Maison,81,4,67,2024
410000,77410,CLAYE-SOUILLY,77,Maison,30,2,1519,2024
345000,77270,VILLEPARISIS,77,Dépendance,0,0,449,2024
345000,77270,VILLEPARISIS,77,Maison,49,2,449,2024
80000,77320,FERTE-GAUCHER (LA),77,Maison,41,2,169,2024
137760,77260,CHAMIGNY,77,Maison,108,4,500,2024
137760,77260,CHAMIGNY,77,Dépendance,0,0,500,2024
137760,77260,CHAMIGNY,77,Dépendance,0,0,443,2024
137760,77260,CHAMIGNY,77,Maison,108,4,443,2024
440000,77470,TRILPORT,77,Maison,136,4,500,2024
440000,77470,TRILPORT,77,Maison,136,4,501,2024
137500,77270,VILLEPARISIS,77,Maison,44,2,178,2024
158000,77660,CHANGIS-SUR-MARNE,77,Dépendance,0,0,302,2024
158000,77660,CHANGIS-SUR-MARNE,77,Maison,80,5,302,2024
430000,77360,VAIRES SUR MARNE,77,Dépendance,0,0,555,2024
430000,77360,VAIRES SUR MARNE,77,Maison,104,4,555,2024
288000,77280,OTHIS,77,Maison,85,4,260,2024
160000,77100,MAREUIL-LES-MEAUX,77,Maison,60,3,192,2024
349000,77100,MAREUIL-LES-MEAUX,77,Maison,103,5,436,2024
270000,77410,CLAYE-SOUILLY,77,Dépendance,0,0,545,2024
270000,77410,CLAYE-SOUILLY,77,Maison,76,4,545,2024
629000,77230,MOUSSY-LE-NEUF,77,Dépendance,0,0,500,2024
629000,77230,MOUSSY-LE-NEUF,77,Maison,225,7,500,2024
162000,77580,CRECY LA CHAPELLE,77,Maison,70,3,49,2024
303000,77290,MITRY MORY,77,Maison,91,4,342,2024
165000,77510,TRETOIRE (LA),77,Maison,95,3,116,2024
240000,77470,TRILPORT,77,Maison,71,3,244,2024
314000,77230,DAMMARTIN-EN-GOELE,77,Maison,99,4,500,2024
314000,77230,DAMMARTIN-EN-GOELE,77,Maison,99,4,310,2024
520000,77100,MEAUX,77,Maison,124,7,500,2024
520000,77100,MEAUX,77,Dépendance,0,0,500,2024
520000,77100,MEAUX,77,Dépendance,0,0,1556,2024
520000,77100,MEAUX,77,Maison,124,7,1556,2024
125000,77600,CONCHES SUR GONDOIRE,77,Maison,51,3,255,2024
125000,77600,CONCHES SUR GONDOIRE,77,Dépendance,0,0,255,2024
324400,77230,DAMMARTIN-EN-GOELE,77,Maison,87,4,215,2024
330000,77450,VIGNELY,77,Maison,87,3,500,2024
330000,77450,VIGNELY,77,Local industriel. commercial ou assimilé,75,0,69,2024
330000,77450,VIGNELY,77,Maison,87,3,69,2024
330000,77450,VIGNELY,77,Local industriel. commercial ou assimilé,75,0,500,2024
295000,77230,DAMMARTIN-EN-GOELE,77,Maison,69,4,399,2024
278500,77510,VILLENEUVE-SUR-BELLOT,77,Maison,100,4,500,2024
278500,77510,VILLENEUVE-SUR-BELLOT,77,Dépendance,0,0,2460,2024
278500,77510,VILLENEUVE-SUR-BELLOT,77,Maison,100,4,2460,2024
278500,77510,VILLENEUVE-SUR-BELLOT,77,Dépendance,0,0,500,2024
208000,77450,TRILBARDOU,77,Maison,80,5,222,2024
208000,77450,TRILBARDOU,77,Dépendance,0,0,222,2024
395000,77260,SAMMERON,77,Dépendance,0,0,385,2024
395000,77260,SAMMERON,77,Maison,120,4,385,2024
594600,77600,CHANTELOUP EN BRIE,77,Maison,160,7,541,2024
233000,77100,MEAUX,77,Maison,76,4,217,2024
214000,77154,COUTENCON,77,Maison,150,5,500,2024
214000,77154,COUTENCON,77,Maison,150,5,221,2024
358000,77360,VAIRES SUR MARNE,77,Maison,118,5,417,2024
358000,77360,VAIRES SUR MARNE,77,Maison,31,2,417,2024
220000,77400,LAGNY-SUR-MARNE,77,Appartement,41,2,184,2024
220000,77400,LAGNY-SUR-MARNE,77,Appartement,38,1,184,2024
240000,77730,SAACY-SUR-MARNE,77,Maison,97,5,326,2024
240000,77730,SAACY-SUR-MARNE,77,Dépendance,0,0,326,2024
120000,77130,TOMBE (LA),77,Maison,51,2,250,2024
120000,77130,TOMBE (LA),77,Maison,51,2,200,2024
120000,77130,TOMBE (LA),77,Maison,51,2,7810,2024
205000,77160,POIGNY,77,Dépendance,0,0,318,2024
205000,77160,POIGNY,77,Maison,90,4,318,2024
205000,77160,POIGNY,77,Maison,90,3,318,2024
360000,77420,CHAMPS-SUR-MARNE,77,Dépendance,0,0,564,2024
360000,77420,CHAMPS-SUR-MARNE,77,Maison,103,6,564,2024
300000,77320,SAINT-REMY-DE-LA-VANNE,77,Maison,136,6,6390,2024
300000,77320,SAINT-REMY-DE-LA-VANNE,77,Maison,136,6,250,2024
300000,77600,BUSSY-SAINT-MARTIN,77,Maison,70,5,205,2024
215000,77370,NANGIS,77,Maison,79,4,458,2024
376000,77400,LAGNY-SUR-MARNE,77,Maison,112,5,173,2024
362500,77500,CHELLES,77,Maison,121,6,500,2024
362500,77500,CHELLES,77,Maison,121,6,472,2024
340000,77500,CHELLES,77,Dépendance,0,0,459,2024
340000,77500,CHELLES,77,Maison,66,4,459,2024
420700,77600,BUSSY-SAINT-GEORGES,77,Maison,103,5,244,2024
250000,77370,CHATEAUBLEAU,77,Maison,85,5,736,2024
250000,77370,CHATEAUBLEAU,77,Maison,85,5,334,2024
90000,77160,PROVINS,77,Maison,85,3,198,2024
200000,77174,VILLENEUVE-LE-COMTE,77,Maison,80,4,190,2024
285000,77610,FONTENAY-TRESIGNY,77,Maison,95,5,510,2024
285000,77610,FONTENAY-TRESIGNY,77,Dépendance,0,0,510,2024
333000,77290,MITRY MORY,77,Maison,107,5,280,2024
305000,77124,VILLENOY,77,Maison,92,5,688,2024
500000,77120,MOUROUX,77,Maison,200,10,396,2024
500000,77120,MOUROUX,77,Dépendance,0,0,3519,2024
500000,77120,MOUROUX,77,Dépendance,0,0,396,2024
500000,77120,MOUROUX,77,Maison,200,10,3519,2024
282000,77440,LIZY-SUR-OURCQ,77,Maison,80,4,369,2024
295000,77400,LAGNY-SUR-MARNE,77,Maison,55,3,211,2024
350000,77420,CHAMPS-SUR-MARNE,77,Maison,116,4,420,2024
350000,77124,CHAUCONIN-NEUFMONTIERS,77,Maison,117,5,494,2024
258000,77860,QUINCY-VOISINS,77,Maison,70,4,469,2024
1350000,77400,LAGNY-SUR-MARNE,77,Local industriel. commercial ou assimilé,1026,0,1500,2024
295000,77100,MEAUX,77,Maison,90,4,134,2024
410000,77500,CHELLES,77,Dépendance,0,0,400,2024
410000,77500,CHELLES,77,Appartement,27,1,400,2024
410000,77500,CHELLES,77,Appartement,73,3,400,2024
410000,77500,CHELLES,77,Appartement,66,3,400,2024
281000,77100,MEAUX,77,Maison,65,4,413,2024
295000,77124,VILLENOY,77,Maison,89,5,484,2024
150000,77230,LONGPERRIER,77,Dépendance,0,0,123,2024
328000,77280,OTHIS,77,Maison,108,5,705,2024
160000,77700,COUPVRAY,77,Maison,73,4,62,2024
210000,77120,CHAILLY-EN-BRIE,77,Dépendance,0,0,685,2024
210000,77120,CHAILLY-EN-BRIE,77,Maison,80,4,685,2024
160000,77750,SAINT-CYR-SUR-MORIN,77,Maison,145,5,272,2024
160000,77750,SAINT-CYR-SUR-MORIN,77,Dépendance,0,0,272,2024
160000,77750,SAINT-CYR-SUR-MORIN,77,Dépendance,0,0,140,2024
270700,77124,CREGY-LES-MEAUX,77,Dépendance,0,0,244,2024
270700,77124,CREGY-LES-MEAUX,77,Maison,80,4,244,2024
88000,77730,MERY-SUR-MARNE,77,Dépendance,0,0,20,2024
88000,77730,MERY-SUR-MARNE,77,Maison,60,3,35,2024
88000,77730,MERY-SUR-MARNE,77,Dépendance,0,0,35,2024
88000,77730,MERY-SUR-MARNE,77,Dépendance,0,0,375,2024
135000,77124,CREGY-LES-MEAUX,77,Maison,76,4,202,2024
48000,77120,BEAUTHEIL-SAINTS,77,Dépendance,0,0,110,2024
120000,77480,BRAY-SUR-SEINE,77,Maison,69,4,182,2024
690000,77600,BUSSY-SAINT-GEORGES,77,Maison,136,6,71,2024
690000,77600,BUSSY-SAINT-GEORGES,77,Maison,136,6,500,2024
80000,77580,CRECY LA CHAPELLE,77,Local industriel. commercial ou assimilé,53,0,34,2024
200000,77610,FONTENAY-TRESIGNY,77,Dépendance,0,0,13,2024
414700,77400,LAGNY-SUR-MARNE,77,Maison,153,6,676,2024
395000,77100,MEAUX,77,Maison,150,5,479,2024
395000,77100,MEAUX,77,Dépendance,0,0,479,2024
217780,77470,FUBLAINES,77,Maison,65,3,72,2024
226000,77260,LA FERTE SOUS JOUARRE,77,Maison,82,4,551,2024
185000,77515,SAINT-AUGUSTIN,77,Maison,98,3,96,2024
318000,77270,VILLEPARISIS,77,Maison,90,4,287,2024
518000,77860,COUILLY-PONT-AUX-DAMES,77,Dépendance,0,0,500,2024
518000,77860,COUILLY-PONT-AUX-DAMES,77,Maison,200,7,500,2024
518000,77860,COUILLY-PONT-AUX-DAMES,77,Dépendance,0,0,1321,2024
518000,77860,COUILLY-PONT-AUX-DAMES,77,Maison,200,7,1321,2024
350000,77540,COURPALAY,77,Maison,65,4,321,2024
160000,77370,CROIX-EN-BRIE (LA),77,Maison,59,2,409,2024
160000,77370,CROIX-EN-BRIE (LA),77,Maison,59,2,476,2024
222000,77370,NANGIS,77,Maison,104,6,678,2024
246880,77370,NANGIS,77,Maison,100,6,668,2024
195000,77540,ROZAY-EN-BRIE,77,Dépendance,0,0,289,2024
195000,77540,ROZAY-EN-BRIE,77,Maison,134,5,289,2024
329000,77120,COULOMMIERS,77,Maison,140,5,660,2024
191550,77138,LUZANCY,77,Maison,92,5,310,2024
270000,77450,MONTRY,77,Dépendance,0,0,480,2024
270000,77450,MONTRY,77,Maison,61,4,480,2024
284000,77100,NANTEUIL-LES-MEAUX,77,Maison,108,5,758,2024
284000,77100,NANTEUIL-LES-MEAUX,77,Maison,108,5,27,2024
200000,77290,MITRY MORY,77,Maison,58,3,420,2024
215000,77270,VILLEPARISIS,77,Dépendance,0,0,491,2024
45000,77480,BRAY-SUR-SEINE,77,Local industriel. commercial ou assimilé,268,0,212,2024
105000,77480,VILLENAUXE-LA-PETITE,77,Maison,69,3,588,2024
105000,77480,VILLENAUXE-LA-PETITE,77,Dépendance,0,0,588,2024
600000,77600,BUSSY-SAINT-GEORGES,77,Maison,191,6,27,2024
600000,77600,BUSSY-SAINT-GEORGES,77,Maison,191,6,500,2024
368000,77410,VILLEVAUDE,77,Maison,90,5,500,2024
368000,77410,VILLEVAUDE,77,Maison,90,5,206,2024
1170000,77400,THORIGNY SUR MARNE,77,Dépendance,0,0,201,2024
1170000,77400,THORIGNY SUR MARNE,77,Maison,250,8,201,2024
1170000,77400,THORIGNY SUR MARNE,77,Dépendance,0,0,2066,2024
1170000,77400,THORIGNY SUR MARNE,77,Maison,250,8,2066,2024
2900,77122,MONTHYON,77,Maison,73,4,56,2024
112000,77480,BRAY-SUR-SEINE,77,Maison,104,4,95,2024
435000,77700,SERRIS,77,Maison,108,5,286,2024
265000,77171,MELZ-SUR-SEINE,77,Maison,199,6,600,2024
265000,77171,MELZ-SUR-SEINE,77,Dépendance,0,0,600,2024
1165000,77410,CLAYE-SOUILLY,77,Appartement,37,2,531,2024
1165000,77410,CLAYE-SOUILLY,77,Appartement,50,3,531,2024
1165000,77410,CLAYE-SOUILLY,77,Appartement,60,3,531,2024
1165000,77410,CLAYE-SOUILLY,77,Appartement,50,2,531,2024
1165000,77410,CLAYE-SOUILLY,77,Dépendance,0,0,531,2024
1165000,77410,CLAYE-SOUILLY,77,Appartement,17,1,531,2024
388500,77450,CONDE-SAINTE-LIBIAIRE,77,Maison,102,5,272,2024
388500,77450,CONDE-SAINTE-LIBIAIRE,77,Maison,102,5,500,2024
303300,77181,COURTRY,77,Maison,79,4,208,2024
138000,77440,CONGIS-SUR-THEROUANNE,77,Maison,138,5,140,2024
225000,77126,CHATENAY-SUR-SEINE,77,Maison,79,3,555,2024
219800,77370,SAINT-JUST-EN-BRIE,77,Maison,100,4,153,2024
246700,77120,BEAUTHEIL-SAINTS,77,Maison,169,4,165,2024
575000,77500,CHELLES,77,Dépendance,0,0,393,2024
575000,77500,CHELLES,77,Maison,71,4,393,2024
255000,77580,MAISONCELLES-EN-BRIE,77,Maison,52,3,626,2024
850000,77230,MOUSSY-LE-VIEUX,77,Maison,180,4,500,2024
850000,77230,MOUSSY-LE-VIEUX,77,Dépendance,0,0,246,2024
850000,77230,MOUSSY-LE-VIEUX,77,Maison,180,4,246,2024
850000,77230,MOUSSY-LE-VIEUX,77,Dépendance,0,0,500,2024
385000,77700,BAILLY-ROMAINVILLIERS,77,Maison,90,4,136,2024
270000,77580,LA HAUTE-MAISON,77,Appartement,119,4,827,2024
270000,77580,LA HAUTE-MAISON,77,Appartement,73,3,827,2024
120000,77520,MONTIGNY-LENCOUP,77,Dépendance,0,0,290,2024
120000,77520,MONTIGNY-LENCOUP,77,Maison,65,3,1861,2024
120000,77520,MONTIGNY-LENCOUP,77,Dépendance,0,0,1861,2024
120000,77520,MONTIGNY-LENCOUP,77,Maison,65,3,290,2024
300000,77230,DAMMARTIN-EN-GOELE,77,Dépendance,0,0,483,2024
300000,77230,DAMMARTIN-EN-GOELE,77,Maison,77,4,483,2024
369000,77184,EMERAINVILLE,77,Maison,88,5,388,2024
113000,77730,SAACY-SUR-MARNE,77,Maison,45,3,95,2024
113000,77730,SAACY-SUR-MARNE,77,Dépendance,0,0,95,2024
254000,77470,BOUTIGNY,77,Maison,104,5,199,2024
254000,77470,BOUTIGNY,77,Dépendance,0,0,471,2024
254000,77470,BOUTIGNY,77,Dépendance,0,0,500,2024
112500,77230,SAINT-MARD,77,Maison,65,4,468,2024
346000,77181,LE PIN,77,Maison,137,5,501,2024
373000,77144,CHALIFERT,77,Maison,90,4,1392,2024
348000,77165,LE PLESSIS-L EVEQUE,77,Maison,134,6,361,2024
348000,77165,LE PLESSIS-L EVEQUE,77,Maison,134,6,500,2024
242000,77560,MARETS (LES),77,Maison,200,6,251,2024
242000,77560,MARETS (LES),77,Maison,200,6,615,2024
242000,77560,MARETS (LES),77,Dépendance,0,0,615,2024
242000,77560,MARETS (LES),77,Dépendance,0,0,251,2024
245000,77910,VARREDDES,77,Maison,109,5,313,2024
350000,77165,LE PLESSIS-AUX-BOIS,77,Maison,58,2,500,2024
270000,77260,LA FERTE SOUS JOUARRE,77,Maison,143,6,553,2024
200000,77410,CLAYE-SOUILLY,77,Maison,97,5,191,2024
272000,77230,SAINT-MARD,77,Maison,92,5,500,2024
272000,77230,SAINT-MARD,77,Maison,92,5,768,2024
395000,77360,VAIRES SUR MARNE,77,Maison,93,4,610,2024
395000,77360,VAIRES SUR MARNE,77,Dépendance,0,0,610,2024
558800,77600,BUSSY-SAINT-GEORGES,77,Maison,181,6,500,2024
558800,77600,BUSSY-SAINT-GEORGES,77,Maison,181,6,188,2024
175000,77160,PROVINS,77,Maison,98,4,69,2024
575000,77410,CLAYE-SOUILLY,77,Maison,134,6,572,2024
575000,77410,CLAYE-SOUILLY,77,Maison,134,6,500,2024
300000,77410,CLAYE-SOUILLY,77,Maison,120,5,500,2024
300000,77410,CLAYE-SOUILLY,77,Maison,120,5,240,2024
235000,77420,CHAMPS-SUR-MARNE,77,Maison,78,4,149,2024
130000,77160,PROVINS,77,Maison,45,3,483,2024
58000,77580,GUERARD,77,Dépendance,0,0,40,2024
345000,77610,FONTENAY-TRESIGNY,77,Maison,113,5,398,2024
100000,77600,BUSSY-SAINT-GEORGES,77,Maison,88,4,187,2024
230000,77750,SAINT-OUEN-SUR-MORIN,77,Maison,122,4,462,2024
161000,77144,CHALIFERT,77,Maison,70,2,143,2024
140000,77410,VILLEVAUDE,77,Maison,122,5,238,2024
115000,77515,FAREMOUTIERS,77,Maison,59,3,205,2024
350000,77700,CHESSY,77,Maison,38,2,45,2024
276500,77970,PECY,77,Dépendance,0,0,500,2024
276500,77970,PECY,77,Dépendance,0,0,376,2024
276500,77970,PECY,77,Maison,179,7,500,2024
276500,77970,PECY,77,Maison,179,7,376,2024
421300,77410,ANNET-SUR-MARNE,77,Maison,107,6,606,2024
640019,77144,MONTEVRAIN,77,Local industriel. commercial ou assimilé,1370,0,5450,2024
278500,77470,TRILPORT,77,Maison,86,4,447,2024
354000,77230,DAMMARTIN-EN-GOELE,77,Maison,99,5,553,2024
450000,77860,QUINCY-VOISINS,77,Maison,138,5,500,2024
450000,77860,QUINCY-VOISINS,77,Maison,138,5,547,2024
280000,77280,OTHIS,77,Maison,115,7,553,2024
280000,77280,OTHIS,77,Dépendance,0,0,553,2024
238000,77320,DAGNY,77,Maison,139,5,449,2024
346068,77515,POMMEUSE,77,Maison,111,4,153,2024
250000,77500,CHELLES,77,Dépendance,0,0,380,2024
250000,77500,CHELLES,77,Maison,74,3,380,2024
201000,77500,CHELLES,77,Local industriel. commercial ou assimilé,100,0,99,2024
245000,77540,LUMIGNY NESLES ORMEAUX,77,Maison,94,5,763,2024
245000,77540,LUMIGNY NESLES ORMEAUX,77,Maison,94,5,325,2024
395000,77450,ESBLY,77,Maison,164,6,121,2024
395000,77450,ESBLY,77,Dépendance,0,0,121,2024
122000,77515,FAREMOUTIERS,77,Maison,71,3,46,2024
230000,77120,MOUROUX,77,Dépendance,0,0,441,2024
230000,77120,MOUROUX,77,Maison,89,3,441,2024
129500,77515,CELLE-SUR-MORIN (LA),77,Dépendance,0,0,51,2024
129500,77515,CELLE-SUR-MORIN (LA),77,Maison,45,3,34,2024
276000,77510,BELLOT,77,Maison,94,4,4980,2024
276000,77510,BELLOT,77,Dépendance,0,0,4980,2024
276000,77510,BELLOT,77,Maison,94,4,2250,2024
276000,77510,BELLOT,77,Maison,94,4,250,2024
276000,77510,BELLOT,77,Dépendance,0,0,2250,2024
276000,77510,BELLOT,77,Dépendance,0,0,250,2024
319000,77320,SAINT-REMY-DE-LA-VANNE,77,Maison,202,6,3918,2024
319000,77320,SAINT-REMY-DE-LA-VANNE,77,Maison,202,6,250,2024
17000,77990,LE MESNIL-AMELOT,77,Dépendance,0,0,24,2024
375800,77400,LAGNY-SUR-MARNE,77,Dépendance,0,0,384,2024
375800,77400,LAGNY-SUR-MARNE,77,Maison,72,4,384,2024
140000,77165,SAINT-SOUPPLETS,77,Appartement,60,3,147,2024
140000,77165,SAINT-SOUPPLETS,77,Appartement,37,2,147,2024
260000,77230,SAINT-MARD,77,Maison,70,4,205,2024
260000,77230,SAINT-MARD,77,Dépendance,0,0,205,2024
150000,77160,PROVINS,77,Maison,92,4,106,2024
164000,77165,FORFRY,77,Maison,96,4,136,2024
234000,77370,NANGIS,77,Maison,81,4,223,2024
266490,77230,DAMMARTIN-EN-GOELE,77,Dépendance,0,0,541,2024
266490,77230,DAMMARTIN-EN-GOELE,77,Maison,90,5,541,2024
460900,77420,CHAMPS-SUR-MARNE,77,Maison,60,3,465,2024
460900,77420,CHAMPS-SUR-MARNE,77,Dépendance,0,0,465,2024
376200,77230,MARCHEMORET,77,Maison,111,5,371,2024
252000,77280,OTHIS,77,Maison,88,4,115,2024
365000,77420,CHAMPS-SUR-MARNE,77,Maison,75,2,388,2024
244000,77124,PENCHARD,77,Maison,70,7,155,2024
748930,77181,COURTRY,77,Appartement,49,2,1000,2024
748930,77181,COURTRY,77,Appartement,49,2,2351,2024
748930,77181,COURTRY,77,Maison,92,5,2351,2024
748930,77181,COURTRY,77,Maison,92,5,1000,2024
390000,77181,LE PIN,77,Maison,122,5,476,2024
379000,77270,VILLEPARISIS,77,Maison,122,6,451,2024
2200000,77400,SAINT THIBAULT DES VIGNES,77,Local industriel. commercial ou assimilé,1347,0,5810,2024
2200000,77400,SAINT THIBAULT DES VIGNES,77,Local industriel. commercial ou assimilé,477,0,5810,2024
2200000,77400,SAINT THIBAULT DES VIGNES,77,Local industriel. commercial ou assimilé,0,0,5810,2024
381000,77700,COUPVRAY,77,Maison,101,4,500,2024
381000,77700,COUPVRAY,77,Maison,101,4,295,2024
775000,77120,COULOMMIERS,77,Appartement,82,2,2818,2024
775000,77120,COULOMMIERS,77,Local industriel. commercial ou assimilé,1150,0,2818,2024
156000,77200,TORCY,77,Dépendance,0,0,64,2024
149900,77450,ISLES-LES-VILLENOY,77,Dépendance,0,0,321,2024
361000,77500,CHELLES,77,Maison,80,4,400,2024
439760,77100,MAREUIL-LES-MEAUX,77,Dépendance,0,0,500,2024
439760,77100,MAREUIL-LES-MEAUX,77,Maison,146,7,435,2024
439760,77100,MAREUIL-LES-MEAUX,77,Dépendance,0,0,435,2024
439760,77100,MAREUIL-LES-MEAUX,77,Maison,146,7,500,2024
600000,77178,SAINT-PATHUS,77,Local industriel. commercial ou assimilé,812,0,1800,2024
363000,77124,VILLENOY,77,Maison,116,6,360,2024
363000,77124,VILLENOY,77,Maison,116,6,500,2024
337000,77440,COCHEREL,77,Maison,191,8,500,2024
771450,77400,SAINT THIBAULT DES VIGNES,77,Dépendance,0,0,1000,2024
771450,77400,SAINT THIBAULT DES VIGNES,77,Maison,204,6,1000,2024
771450,77400,SAINT THIBAULT DES VIGNES,77,Dépendance,0,0,418,2024
771450,77400,SAINT THIBAULT DES VIGNES,77,Maison,204,6,418,2024
520150,77450,ESBLY,77,Dépendance,0,0,500,2024
520150,77450,ESBLY,77,Maison,119,5,500,2024
520150,77450,ESBLY,77,Maison,119,5,130,2024
520150,77450,ESBLY,77,Dépendance,0,0,130,2024
476400,77124,VILLENOY,77,Maison,143,5,508,2024
262000,77860,QUINCY-VOISINS,77,Maison,97,6,280,2024
337826,77610,HOUSSAYE-EN-BRIE (LA),77,Maison,98,6,13,2024
337826,77610,HOUSSAYE-EN-BRIE (LA),77,Maison,98,6,500,2024
270000,77280,OTHIS,77,Maison,105,5,425,2024
270000,77280,OTHIS,77,Dépendance,0,0,425,2024
289000,77540,ROZAY-EN-BRIE,77,Maison,95,6,550,2024
156000,77640,JOUARRE,77,Dépendance,0,0,205,2024
156000,77640,JOUARRE,77,Maison,80,5,205,2024
348000,77400,THORIGNY SUR MARNE,77,Dépendance,0,0,598,2024
348000,77400,THORIGNY SUR MARNE,77,Maison,69,4,598,2024
348000,77400,THORIGNY SUR MARNE,77,Dépendance,0,0,118,2024
600000,77320,DAGNY,77,Dépendance,0,0,1752,2024
600000,77320,DAGNY,77,Dépendance,0,0,500,2024
600000,77320,DAGNY,77,Maison,152,8,500,2024
600000,77320,DAGNY,77,Maison,152,8,1752,2024
257000,77290,MITRY MORY,77,Dépendance,0,0,470,2024
257000,77290,MITRY MORY,77,Maison,75,4,470,2024
397870,77163,TIGEAUX,77,Maison,142,6,250,2024
397870,77163,TIGEAUX,77,Maison,142,6,750,2024
687000,77700,MAGNY-LE-HONGRE,77,Maison,170,7,380,2024
687000,77700,MAGNY-LE-HONGRE,77,Maison,170,7,500,2024
300000,77400,THORIGNY SUR MARNE,77,Maison,82,5,290,2024
250000,77260,LA FERTE SOUS JOUARRE,77,Local industriel. commercial ou assimilé,114,0,109,2024
250000,77260,LA FERTE SOUS JOUARRE,77,Dépendance,0,0,109,2024
250000,77260,LA FERTE SOUS JOUARRE,77,Appartement,60,2,109,2024
250000,77260,LA FERTE SOUS JOUARRE,77,Appartement,49,2,109,2024
350250,77410,CHARNY,77,Dépendance,0,0,509,2024
350250,77410,CHARNY,77,Maison,130,5,509,2024
222720,77440,VENDREST,77,Maison,103,4,383,2024
590900,77400,GOUVERNES,77,Local industriel. commercial ou assimilé,850,0,1222,2024
127730,77171,CHALAUTRE-LA-GRANDE,77,Maison,74,3,2265,2024
245000,77181,COURTRY,77,Dépendance,0,0,504,2024
245000,77181,COURTRY,77,Maison,77,4,504,2024
506000,77580,VOULANGIS,77,Dépendance,0,0,417,2024
506000,77580,VOULANGIS,77,Maison,215,7,500,2024
506000,77580,VOULANGIS,77,Dépendance,0,0,500,2024
506000,77580,VOULANGIS,77,Maison,215,7,417,2024
100000,77320,FERTE-GAUCHER (LA),77,Appartement,45,2,131,2024
100000,77320,FERTE-GAUCHER (LA),77,Dépendance,0,0,131,2024
100000,77320,FERTE-GAUCHER (LA),77,Appartement,42,2,131,2024
100000,77320,FERTE-GAUCHER (LA),77,Appartement,40,1,131,2024
100000,77320,FERTE-GAUCHER (LA),77,Appartement,60,4,131,2024
100000,77320,FERTE-GAUCHER (LA),77,Appartement,35,1,131,2024
111628,77320,SAINT-MARTIN-DU-BOSCHET,77,Maison,83,4,310,2024
111628,77320,SAINT-MARTIN-DU-BOSCHET,77,Maison,83,4,982,2024
90000,77510,VILLENEUVE-SUR-BELLOT,77,Dépendance,0,0,104,2024
90000,77510,VILLENEUVE-SUR-BELLOT,77,Maison,90,3,104,2024
49000,77650,SAINTE-COLOMBE,77,Dépendance,0,0,292,2024
700000,77100,MEAUX,77,Local industriel. commercial ou assimilé,0,0,4975,2024
700000,77100,MEAUX,77,Local industriel. commercial ou assimilé,2005,0,4975,2024
700000,77100,MEAUX,77,Local industriel. commercial ou assimilé,950,0,2080,2024
101000,77160,CHENOISE-CUCHARMOY,77,Maison,60,3,210,2024
260000,77124,CHAUCONIN-NEUFMONTIERS,77,Dépendance,0,0,440,2024
260000,77124,CHAUCONIN-NEUFMONTIERS,77,Maison,103,4,440,2024
259000,77270,VILLEPARISIS,77,Dépendance,0,0,428,2024
259000,77270,VILLEPARISIS,77,Maison,79,5,428,2024
365000,77290,MITRY MORY,77,Maison,116,6,410,2024
155000,77260,LA FERTE SOUS JOUARRE,77,Maison,110,4,90,2024
290000,77500,CHELLES,77,Maison,96,3,393,2024
160000,77260,REUIL-EN-BRIE,77,Maison,101,5,62,2024
355000,77230,SAINT-MARD,77,Maison,103,5,500,2024
355000,77230,SAINT-MARD,77,Maison,103,5,300,2024
355000,77230,SAINT-MARD,77,Dépendance,0,0,300,2024
355000,77230,SAINT-MARD,77,Dépendance,0,0,500,2024
286000,77124,CREGY-LES-MEAUX,77,Maison,125,5,479,2024
160000,77100,MEAUX,77,Maison,66,4,580,2024
160000,77420,CHAMPS-SUR-MARNE,77,Maison,138,5,475,2024
100000,77260,LA FERTE SOUS JOUARRE,77,Maison,86,5,101,2024
330000,77510,SAINT-DENIS-LES-REBAIS,77,Maison,161,6,1750,2024
330000,77510,SAINT-DENIS-LES-REBAIS,77,Maison,161,6,500,2024
229000,77169,BOISSY-LE-CHATEL,77,Maison,91,6,735,2024
274000,77440,LIZY-SUR-OURCQ,77,Maison,243,9,1650,2024
184000,77160,PROVINS,77,Dépendance,0,0,432,2024
184000,77160,PROVINS,77,Maison,56,4,432,2024
243000,77169,BOISSY-LE-CHATEL,77,Dépendance,0,0,264,2024
243000,77169,BOISSY-LE-CHATEL,77,Maison,90,4,264,2024
176000,77480,MOUSSEAUX-LES-BRAY,77,Maison,74,3,698,2024
1,77144,MONTEVRAIN,77,Local industriel. commercial ou assimilé,2655,0,6520,2024
367000,77169,BOISSY-LE-CHATEL,77,Maison,127,5,250,2024
367000,77169,BOISSY-LE-CHATEL,77,Maison,127,5,1453,2024
215000,77400,LAGNY-SUR-MARNE,77,Maison,85,4,214,2024
260000,77400,DAMPMART,77,Maison,70,4,726,2024
310000,77650,LIZINES,77,Dépendance,0,0,1579,2024
310000,77650,LIZINES,77,Maison,151,6,1579,2024
17625,77400,LAGNY-SUR-MARNE,77,Maison,104,5,329,2024
338000,77410,VILLEROY,77,Maison,129,6,182,2024
338000,77410,VILLEROY,77,Dépendance,0,0,182,2024
338000,77410,VILLEROY,77,Dépendance,0,0,500,2024
338000,77410,VILLEROY,77,Maison,129,6,500,2024
457650,77410,PRECY-SUR-MARNE,77,Maison,200,4,257,2024
457650,77410,PRECY-SUR-MARNE,77,Maison,200,4,500,2024
297500,77410,CLAYE-SOUILLY,77,Maison,91,5,295,2024
3410000,77400,LAGNY-SUR-MARNE,77,Dépendance,0,0,13536,2024
3410000,77400,LAGNY-SUR-MARNE,77,Maison,70,1,13536,2024
3410000,77400,LAGNY-SUR-MARNE,77,Maison,293,1,13536,2024
3410000,77400,LAGNY-SUR-MARNE,77,Maison,218,1,13536,2024
3410000,77400,LAGNY-SUR-MARNE,77,Maison,260,6,13536,2024
240000,77100,MEAUX,77,Maison,100,4,213,2024
215000,77178,SAINT-PATHUS,77,Maison,68,3,450,2024
200000,77126,CHATENAY-SUR-SEINE,77,Maison,138,5,645,2024
200000,77730,CITRY,77,Maison,123,3,360,2024
158000,77840,COULOMBS-EN-VALOIS,77,Dépendance,0,0,53,2024
158000,77840,COULOMBS-EN-VALOIS,77,Maison,130,3,53,2024
225000,77100,NANTEUIL-LES-MEAUX,77,Maison,86,4,69,2024
420000,77420,CHAMPS-SUR-MARNE,77,Maison,63,3,448,2024
184000,77910,BARCY,77,Dépendance,0,0,35,2024
184000,77910,BARCY,77,Maison,70,3,35,2024
162000,77118,GRAVON,77,Maison,45,2,500,2024
162000,77118,GRAVON,77,Maison,45,2,1660,2024
54444,77126,EGLIGNY,77,Maison,69,3,715,2024
875000,77610,FONTENAY-TRESIGNY,77,Maison,73,3,4620,2024
875000,77610,FONTENAY-TRESIGNY,77,Local industriel. commercial ou assimilé,184,0,115380,2024
875000,77610,FONTENAY-TRESIGNY,77,Maison,73,3,115380,2024
875000,77610,FONTENAY-TRESIGNY,77,Local industriel. commercial ou assimilé,184,0,4620,2024
6275290,77200,TORCY,77,Maison,71,3,6489,2024
6275290,77200,TORCY,77,Maison,74,3,6489,2024
6275290,77200,TORCY,77,Maison,82,4,6489,2024
6275290,77200,TORCY,77,Maison,81,4,6489,2024
6275290,77200,TORCY,77,Maison,80,4,6489,2024
6275290,77200,TORCY,77,Maison,75,3,6489,2024
6275290,77200,TORCY,77,Maison,76,3,6489,2024
6275290,77200,TORCY,77,Maison,77,3,6489,2024
6275290,77200,TORCY,77,Maison,78,3,6489,2024
6275290,77200,TORCY,77,Maison,73,3,6489,2024
6275290,77200,TORCY,77,Maison,70,3,6489,2024
6275290,77200,TORCY,77,Maison,72,3,6489,2024
6275290,77200,TORCY,77,Maison,85,4,6489,2024
6275290,77200,TORCY,77,Maison,84,4,6489,2024
6275290,77200,TORCY,77,Maison,87,4,6489,2024
6275290,77200,TORCY,77,Appartement,53,2,3595,2024
6275290,77200,TORCY,77,Appartement,34,1,3595,2024
6275290,77200,TORCY,77,Appartement,68,3,3595,2024
6275290,77200,TORCY,77,Appartement,67,3,3595,2024
6275290,77200,TORCY,77,Appartement,43,1,3595,2024
6275290,77200,TORCY,77,Appartement,83,4,3595,2024
6275290,77200,TORCY,77,Appartement,36,1,3595,2024
6275290,77200,TORCY,77,Appartement,72,3,3595,2024
6275290,77200,TORCY,77,Appartement,73,3,3595,2024
6275290,77200,TORCY,77,Appartement,61,2,3595,2024
6275290,77200,TORCY,77,Dépendance,0,0,3595,2024
6275290,77200,TORCY,77,Appartement,71,3,3595,2024
6275290,77200,TORCY,77,Appartement,35,1,3595,2024
6275290,77200,TORCY,77,Appartement,74,3,3595,2024
6275290,77200,TORCY,77,Appartement,85,4,3595,2024
6275290,77200,TORCY,77,Appartement,89,4,3595,2024
6275290,77200,TORCY,77,Appartement,55,2,3595,2024
6275290,77200,TORCY,77,Appartement,52,2,3595,2024
6275290,77200,TORCY,77,Appartement,70,3,3595,2024
6275290,77200,TORCY,77,Appartement,69,3,3595,2024
6275290,77200,TORCY,77,Appartement,56,2,3595,2024
6275290,77200,TORCY,77,Appartement,81,4,3595,2024
170500,77730,CITRY,77,Maison,42,3,144,2024
170500,77730,CITRY,77,Dépendance,0,0,144,2024
170500,77730,CITRY,77,Dépendance,0,0,85,2024
413700,77500,CHELLES,77,Maison,110,5,490,2024
258000,77420,CHAMPS-SUR-MARNE,77,Appartement,84,4,30,2024
196000,77500,CHELLES,77,Maison,27,2,274,2024
190000,77520,LUISETAINES,77,Maison,90,3,660,2024
190000,77520,LUISETAINES,77,Maison,90,3,85,2024
190000,77520,LUISETAINES,77,Dépendance,0,0,85,2024
190000,77520,LUISETAINES,77,Dépendance,0,0,660,2024
365000,77500,CHELLES,77,Maison,105,4,786,2024
130000,77124,VILLENOY,77,Maison,108,5,673,2024
280000,77270,VILLEPARISIS,77,Maison,53,1,480,2024
280000,77500,CHELLES,77,Dépendance,0,0,370,2024
280000,77500,CHELLES,77,Maison,98,4,370,2024
89673,77450,ISLES-LES-VILLENOY,77,Dépendance,0,0,139,2024
89673,77450,ISLES-LES-VILLENOY,77,Maison,120,6,139,2024
461000,77500,CHELLES,77,Dépendance,0,0,501,2024
461000,77500,CHELLES,77,Maison,146,6,501,2024
287000,77178,SAINT-PATHUS,77,Maison,80,5,275,2024
287000,77178,SAINT-PATHUS,77,Maison,80,5,500,2024
100000,77970,JOUY-LE-CHATEL,77,Maison,81,4,340,2024
1,77610,HOUSSAYE-EN-BRIE (LA),77,Local industriel. commercial ou assimilé,11534,0,11276,2024
1,77610,HOUSSAYE-EN-BRIE (LA),77,Local industriel. commercial ou assimilé,9895,0,11276,2024
302000,77230,MONTGE-EN-GOELE,77,Maison,108,6,289,2024
300000,77860,COUILLY-PONT-AUX-DAMES,77,Maison,64,2,2900,2024
300000,77860,COUILLY-PONT-AUX-DAMES,77,Dépendance,0,0,2900,2024
300000,77860,COUILLY-PONT-AUX-DAMES,77,Maison,64,2,500,2024
300000,77860,COUILLY-PONT-AUX-DAMES,77,Dépendance,0,0,500,2024
651821,77270,VILLEPARISIS,77,Maison,107,4,652,2024
651821,77270,VILLEPARISIS,77,Dépendance,0,0,652,2024
651821,77270,VILLEPARISIS,77,Maison,188,7,1844,2024
651821,77270,VILLEPARISIS,77,Dépendance,0,0,1844,2024
651821,77270,VILLEPARISIS,77,Maison,188,7,177,2024
651821,77270,VILLEPARISIS,77,Dépendance,0,0,177,2024
274000,77470,TRILPORT,77,Maison,75,4,491,2024
274000,77470,TRILPORT,77,Dépendance,0,0,491,2024
280000,77450,TRILBARDOU,77,Maison,299,8,138,2024
280000,77450,TRILBARDOU,77,Dépendance,0,0,85,2024
280000,77450,TRILBARDOU,77,Dépendance,0,0,65,2024
65000,77320,DAGNY,77,Maison,98,4,470,2024
170000,77515,FAREMOUTIERS,77,Maison,94,4,53,2024
150000,77370,NANGIS,77,Maison,64,4,437,2024
259000,77120,MOUROUX,77,Maison,91,4,90,2024
200000,77169,SAINT-SIMEON,77,Maison,88,4,250,2024
200000,77169,SAINT-SIMEON,77,Maison,88,4,492,2024
180000,77440,TROCY-EN-MULTIEN,77,Dépendance,0,0,366,2024
180000,77440,TROCY-EN-MULTIEN,77,Maison,110,5,366,2024
351000,77540,ROZAY-EN-BRIE,77,Maison,151,7,500,2024
351000,77540,ROZAY-EN-BRIE,77,Maison,151,7,280,2024
112000,77520,LUISETAINES,77,Maison,114,5,315,2024
134000,77440,MARY-SUR-MARNE,77,Dépendance,0,0,829,2024
134000,77440,MARY-SUR-MARNE,77,Maison,130,5,829,2024
311500,77540,ROZAY-EN-BRIE,77,Maison,50,3,664,2024
135000,77440,ISLES-LES-MELDEUSES,77,Dépendance,0,0,51,2024
135000,77440,ISLES-LES-MELDEUSES,77,Maison,85,2,51,2024
640000,77600,BUSSY-SAINT-GEORGES,77,Maison,180,8,84,2024
640000,77600,BUSSY-SAINT-GEORGES,77,Maison,180,8,500,2024
368000,77420,CHAMPS-SUR-MARNE,77,Dépendance,0,0,116,2024
368000,77420,CHAMPS-SUR-MARNE,77,Maison,80,4,116,2024
305000,77280,OTHIS,77,Dépendance,0,0,524,2024
305000,77280,OTHIS,77,Maison,89,4,524,2024
204900,77370,NANGIS,77,Maison,104,5,408,2024
65000,77440,CONGIS-SUR-THEROUANNE,77,Maison,75,3,39,2024
334000,77410,CLAYE-SOUILLY,77,Maison,91,4,407,2024
128000,77640,JOUARRE,77,Dépendance,0,0,164,2024
128000,77640,JOUARRE,77,Maison,125,7,164,2024
275000,77163,MORTCERF,77,Maison,90,3,429,2024
255000,77580,VILLIERS-SUR-MORIN,77,Maison,62,3,571,2024
45000,77910,GERMIGNY-L EVEQUE,77,Dépendance,0,0,33,2024
420000,77174,VILLENEUVE-LE-COMTE,77,Local industriel. commercial ou assimilé,40,0,100,2024
420000,77174,VILLENEUVE-LE-COMTE,77,Appartement,40,2,100,2024
420000,77174,VILLENEUVE-LE-COMTE,77,Appartement,112,3,100,2024
329000,77174,VILLENEUVE-LE-COMTE,77,Maison,81,4,138,2024
329000,77174,VILLENEUVE-LE-COMTE,77,Dépendance,0,0,29,2024
210000,77134,ORMES-SUR-VOULZIE (LES),77,Dépendance,0,0,765,2024
210000,77134,ORMES-SUR-VOULZIE (LES),77,Maison,85,5,901,2024
210000,77134,ORMES-SUR-VOULZIE (LES),77,Dépendance,0,0,901,2024
210000,77134,ORMES-SUR-VOULZIE (LES),77,Maison,85,5,765,2024
1000000,77100,MEAUX,77,Local industriel. commercial ou assimilé,1700,0,3355,2024
15000,77750,SAINT-CYR-SUR-MORIN,77,Maison,32,2,22,2024
15000,77750,SAINT-CYR-SUR-MORIN,77,Maison,32,2,1008,2024
360000,77174,VILLENEUVE-LE-COMTE,77,Maison,81,4,133,2024
360000,77174,VILLENEUVE-LE-COMTE,77,Dépendance,0,0,30,2024
262000,77860,SAINT-GERMAIN-SUR-MORIN,77,Maison,91,4,156,2024
290000,77230,THIEUX,77,Maison,87,4,500,2024
290000,77230,THIEUX,77,Maison,87,4,192,2024
285000,77230,DAMMARTIN-EN-GOELE,77,Maison,101,6,443,2024
342000,77610,FONTENAY-TRESIGNY,77,Maison,161,7,210,2024
400000,77410,ANNET-SUR-MARNE,77,Maison,152,8,3198,2024
400000,77410,ANNET-SUR-MARNE,77,Dépendance,0,0,1802,2024
400000,77410,ANNET-SUR-MARNE,77,Maison,152,8,1802,2024
400000,77410,ANNET-SUR-MARNE,77,Maison,45,2,1802,2024
400000,77410,ANNET-SUR-MARNE,77,Dépendance,0,0,3198,2024
400000,77410,ANNET-SUR-MARNE,77,Maison,45,2,3198,2024
123500,77320,BETON-BAZOCHES,77,Appartement,85,3,159,2024
123500,77320,BETON-BAZOCHES,77,Appartement,59,2,159,2024
267000,77186,NOISIEL,77,Maison,109,5,238,2024
429000,77290,MITRY MORY,77,Maison,122,6,500,2024
429000,77290,MITRY MORY,77,Maison,122,6,118,2024
319000,77410,MESSY,77,Maison,88,4,246,2024
295000,77290,MITRY MORY,77,Maison,75,4,299,2024
294910,77910,CHAMBRY,77,Dépendance,0,0,252,2024
294910,77910,CHAMBRY,77,Maison,79,4,252,2024
130000,77160,SAINT-BRICE,77,Maison,132,5,207,2024
130000,77160,SAINT-BRICE,77,Dépendance,0,0,207,2024
166400,77560,VOULTON,77,Maison,134,7,6140,2024
166400,77560,VOULTON,77,Maison,134,7,258,2024
117000,77171,MELZ-SUR-SEINE,77,Dépendance,0,0,697,2024
117000,77171,MELZ-SUR-SEINE,77,Maison,58,3,697,2024
310000,77700,SERRIS,77,Maison,82,4,123,2024
241500,77660,SAINT JEAN LES DEUX JUMEAUX,77,Maison,93,5,308,2024
250000,77610,FONTENAY-TRESIGNY,77,Dépendance,0,0,500,2024
250000,77610,FONTENAY-TRESIGNY,77,Dépendance,0,0,200,2024
250000,77610,FONTENAY-TRESIGNY,77,Maison,78,3,200,2024
250000,77610,FONTENAY-TRESIGNY,77,Maison,78,3,500,2024
242000,77120,COULOMMIERS,77,Maison,98,5,262,2024
150000,77360,VAIRES SUR MARNE,77,Maison,53,2,174,2024
150000,77520,DONNEMARIE-DONTILLY,77,Maison,100,4,92,2024
180000,77560,VILLIERS-SAINT-GEORGES,77,Maison,128,6,926,2024
180000,77560,VILLIERS-SAINT-GEORGES,77,Maison,128,6,490,2024
259000,77320,JOUY-SUR-MORIN,77,Maison,100,5,943,2024
259000,77320,JOUY-SUR-MORIN,77,Maison,100,5,500,2024
184000,77560,COURTACON,77,Maison,116,6,1588,2024
209000,77560,COURCHAMP,77,Maison,92,5,920,2024
210000,77860,COUILLY-PONT-AUX-DAMES,77,Maison,48,2,365,2024
248000,77260,LA FERTE SOUS JOUARRE,77,Maison,94,5,379,2024
248000,77260,LA FERTE SOUS JOUARRE,77,Maison,94,5,500,2024
230000,77440,LIZY-SUR-OURCQ,77,Local industriel. commercial ou assimilé,0,0,701,2024
230000,77440,LIZY-SUR-OURCQ,77,Maison,92,5,500,2024
230000,77440,LIZY-SUR-OURCQ,77,Maison,92,5,236,2024
232000,77580,GUERARD,77,Dépendance,0,0,951,2024
232000,77580,GUERARD,77,Maison,102,4,951,2024
232000,77580,GUERARD,77,Dépendance,0,0,250,2024
232000,77580,GUERARD,77,Maison,102,4,250,2024
331400,77515,FAREMOUTIERS,77,Dépendance,0,0,1042,2024
331400,77515,FAREMOUTIERS,77,Dépendance,0,0,250,2024
331400,77515,FAREMOUTIERS,77,Maison,145,5,250,2024
331400,77515,FAREMOUTIERS,77,Maison,145,5,1042,2024
400000,77144,MONTEVRAIN,77,Maison,30,1,35,2024
400000,77144,MONTEVRAIN,77,Maison,50,3,186,2024
400000,77144,MONTEVRAIN,77,Dépendance,0,0,186,2024
400000,77144,MONTEVRAIN,77,Maison,50,3,500,2024
400000,77144,MONTEVRAIN,77,Dépendance,0,0,500,2024
700000,77420,CHAMPS-SUR-MARNE,77,Maison,155,5,501,2024
700000,77420,CHAMPS-SUR-MARNE,77,Dépendance,0,0,501,2024
1300000,77270,VILLEPARISIS,77,Local industriel. commercial ou assimilé,595,0,1355,2024
332000,77270,VILLEPARISIS,77,Maison,110,5,367,2024
195000,77270,VILLEPARISIS,77,Maison,50,3,346,2024
31000,77320,FERTE-GAUCHER (LA),77,Dépendance,0,0,71,2024
327000,77500,CHELLES,77,Maison,150,5,481,2024
140000,77470,VILLEMAREUIL,77,Maison,98,4,412,2024
10267500,77420,CHAMPS-SUR-MARNE,77,Dépendance,0,0,9625,2024
10267500,77420,CHAMPS-SUR-MARNE,77,Appartement,68,3,9625,2024
10267500,77420,CHAMPS-SUR-MARNE,77,Appartement,71,3,9625,2024
10267500,77420,CHAMPS-SUR-MARNE,77,Appartement,87,4,9625,2024
10267500,77420,CHAMPS-SUR-MARNE,77,Appartement,59,2,9625,2024
10267500,77420,CHAMPS-SUR-MARNE,77,Appartement,41,2,9625,2024
10267500,77420,CHAMPS-SUR-MARNE,77,Appartement,49,2,9625,2024
10267500,77420,CHAMPS-SUR-MARNE,77,Appartement,105,5,9625,2024
10267500,77420,CHAMPS-SUR-MARNE,77,Appartement,97,5,9625,2024
10267500,77420,CHAMPS-SUR-MARNE,77,Appartement,77,4,9625,2024
10267500,77420,CHAMPS-SUR-MARNE,77,Appartement,61,3,9625,2024
10267500,77420,CHAMPS-SUR-MARNE,77,Appartement,45,2,9625,2024
1512000,77290,MITRY MORY,77,Appartement,70,4,2956,2024
1512000,77290,MITRY MORY,77,Appartement,56,3,2956,2024
1512000,77290,MITRY MORY,77,Appartement,41,2,2956,2024
1512000,77290,MITRY MORY,77,Dépendance,0,0,2956,2024
1512000,77290,MITRY MORY,77,Appartement,64,4,2956,2024
1512000,77290,MITRY MORY,77,Appartement,52,3,2956,2024
1512000,77290,MITRY MORY,77,Appartement,58,3,2956,2024
290000,77126,CHATENAY-SUR-SEINE,77,Maison,145,5,300,2024
290000,77126,CHATENAY-SUR-SEINE,77,Maison,145,5,700,2024
100000,77510,VERDELOT,77,Maison,79,4,186,2024
4048000,77290,MITRY MORY,77,Dépendance,0,0,2817,2024
4048000,77290,MITRY MORY,77,Appartement,73,4,2817,2024
4048000,77290,MITRY MORY,77,Appartement,62,3,2817,2024
4048000,77290,MITRY MORY,77,Appartement,87,5,2817,2024
4048000,77290,MITRY MORY,77,Appartement,62,2,2817,2024
235782,77124,VILLENOY,77,Maison,82,4,178,2024
280000,77370,CHAPELLE-RABLAIS (LA),77,Maison,110,4,497,2024
280000,77370,CHAPELLE-RABLAIS (LA),77,Maison,110,4,500,2024
75000,77510,VERDELOT,77,Maison,97,3,300,2024
75000,77510,VERDELOT,77,Maison,97,3,2280,2024
75000,77510,VERDELOT,77,Dépendance,0,0,2280,2024
75000,77510,VERDELOT,77,Dépendance,0,0,300,2024
380000,77910,VARREDDES,77,Dépendance,0,0,500,2024
380000,77910,VARREDDES,77,Maison,120,5,306,2024
380000,77910,VARREDDES,77,Local industriel. commercial ou assimilé,240,0,306,2024
380000,77910,VARREDDES,77,Dépendance,0,0,306,2024
380000,77910,VARREDDES,77,Maison,120,5,500,2024
380000,77910,VARREDDES,77,Local industriel. commercial ou assimilé,240,0,500,2024
1,77100,MEAUX,77,Local industriel. commercial ou assimilé,4929,0,17090,2024
393350,77139,ETREPILLY,77,Dépendance,0,0,500,2024
393350,77139,ETREPILLY,77,Maison,119,2,495,2024
393350,77139,ETREPILLY,77,Maison,119,2,500,2024
393350,77139,ETREPILLY,77,Dépendance,0,0,495,2024
283000,77440,CONGIS-SUR-THEROUANNE,77,Maison,117,4,167,2024
357000,77230,MARCHEMORET,77,Dépendance,0,0,335,2024
357000,77230,MARCHEMORET,77,Maison,104,5,500,2024
357000,77230,MARCHEMORET,77,Dépendance,0,0,500,2024
357000,77230,MARCHEMORET,77,Maison,104,5,335,2024
178000,77320,SAINT-REMY-DE-LA-VANNE,77,Maison,89,3,500,2024
178000,77320,SAINT-REMY-DE-LA-VANNE,77,Maison,89,3,1270,2024
340000,77178,OISSERY,77,Maison,170,5,2134,2024
340000,77178,OISSERY,77,Dépendance,0,0,3332,2024
340000,77178,OISSERY,77,Maison,170,5,3332,2024
340000,77178,OISSERY,77,Dépendance,0,0,2134,2024
268000,77520,MEIGNEUX,77,Dépendance,0,0,358,2024
268000,77520,MEIGNEUX,77,Maison,144,5,500,2024
268000,77520,MEIGNEUX,77,Dépendance,0,0,500,2024
268000,77520,MEIGNEUX,77,Maison,144,5,358,2024
368000,77600,CHANTELOUP EN BRIE,77,Dépendance,0,0,70,2024
368000,77600,CHANTELOUP EN BRIE,77,Maison,100,5,70,2024
368000,77600,CHANTELOUP EN BRIE,77,Dépendance,0,0,2101,2024
368000,77600,CHANTELOUP EN BRIE,77,Maison,100,5,2101,2024
285000,77290,MITRY MORY,77,Dépendance,0,0,468,2024
285000,77290,MITRY MORY,77,Maison,90,4,468,2024
266500,77290,MITRY MORY,77,Maison,55,3,387,2024
2100000,77700,MAGNY-LE-HONGRE,77,Maison,330,9,500,2024
2100000,77700,MAGNY-LE-HONGRE,77,Maison,330,9,2514,2024
539000,77185,LOGNES,77,Maison,158,6,538,2024
1,77410,CLAYE-SOUILLY,77,Local industriel. commercial ou assimilé,1179,0,2136,2024
545000,77400,CARNETIN,77,Maison,160,5,265,2024
545000,77400,CARNETIN,77,Dépendance,0,0,265,2024
110000,77730,SAACY-SUR-MARNE,77,Maison,85,5,55,2024
110000,77730,SAACY-SUR-MARNE,77,Local industriel. commercial ou assimilé,200,0,55,2024
200000,77370,NANGIS,77,Maison,92,4,317,2024
180500,77138,LUZANCY,77,Maison,67,3,500,2024
180500,77138,LUZANCY,77,Dépendance,0,0,926,2024
180500,77138,LUZANCY,77,Maison,67,3,926,2024
180500,77138,LUZANCY,77,Dépendance,0,0,500,2024
470000,77450,ESBLY,77,Maison,145,6,500,2024
470000,77450,ESBLY,77,Maison,145,6,100,2024
147030,77540,VOINSLES,77,Maison,148,6,250,2024
147030,77540,VOINSLES,77,Maison,148,6,670,2024
243700,77515,POMMEUSE,77,Maison,95,4,163,2024
100000,77650,SAVINS,77,Maison,135,5,353,2024
100000,77650,SAVINS,77,Maison,135,5,520,2024
100000,77650,SAVINS,77,Maison,135,5,160,2024
285000,77171,SOURDUN,77,Maison,202,7,403,2024
285000,77171,SOURDUN,77,Dépendance,0,0,403,2024
1,77500,CHELLES,77,Appartement,41,1,1500,2024
1,77500,CHELLES,77,Local industriel. commercial ou assimilé,306,0,1500,2024
290000,77360,VAIRES SUR MARNE,77,Maison,74,4,558,2024
98000,77480,VILLUIS,77,Maison,99,15,201,2024
2300000,77114,VILLIERS-SUR-SEINE,77,Maison,146,4,10260,2024
2300000,77114,VILLIERS-SUR-SEINE,77,Maison,38,2,10260,2024
230000,77370,CROIX-EN-BRIE (LA),77,Dépendance,0,0,555,2024
230000,77370,CROIX-EN-BRIE (LA),77,Maison,80,4,555,2024
513000,77700,BAILLY-ROMAINVILLIERS,77,Maison,131,6,403,2024
10750,77510,BELLOT,77,Maison,121,5,447,2024
10750,77510,BELLOT,77,Dépendance,0,0,447,2024
2000,77730,MERY-SUR-MARNE,77,Dépendance,0,0,65,2024
474550,77420,CHAMPS-SUR-MARNE,77,Maison,155,5,456,2024
300000,77178,SAINT-PATHUS,77,Dépendance,0,0,500,2024
300000,77178,SAINT-PATHUS,77,Maison,110,5,517,2024
300000,77178,SAINT-PATHUS,77,Dépendance,0,0,517,2024
300000,77178,SAINT-PATHUS,77,Maison,110,5,500,2024
276650,77410,CLAYE-SOUILLY,77,Maison,82,5,500,2024
276650,77410,CLAYE-SOUILLY,77,Maison,82,5,129,2024
276650,77410,CLAYE-SOUILLY,77,Dépendance,0,0,500,2024
276650,77410,CLAYE-SOUILLY,77,Dépendance,0,0,129,2024
44000,77470,SAINT-FIACRE,77,Maison,40,2,159,2024
337900,77410,CHARNY,77,Maison,103,6,462,2024
449000,77144,CHALIFERT,77,Maison,227,8,1115,2024
449000,77144,CHALIFERT,77,Maison,227,8,500,2024
320000,77280,OTHIS,77,Maison,104,5,1012,2024
207000,77181,COURTRY,77,Maison,43,4,338,2024
207000,77181,COURTRY,77,Dépendance,0,0,338,2024
175900,77970,JOUY-LE-CHATEL,77,Maison,75,3,98,2024
85000,77118,BAZOCHES LES BRAY,77,Dépendance,0,0,514,2024
200000,77860,SAINT-GERMAIN-SUR-MORIN,77,Maison,83,5,255,2024
248000,77600,JOSSIGNY,77,Maison,70,2,492,2024
240000,77320,SAINT-REMY-DE-LA-VANNE,77,Maison,68,3,500,2024
240000,77320,SAINT-REMY-DE-LA-VANNE,77,Maison,68,3,790,2024
230000,77580,GUERARD,77,Maison,100,4,101,2024
117500,77120,CHAILLY-EN-BRIE,77,Maison,99,5,261,2024
263435,77169,BOISSY-LE-CHATEL,77,Maison,96,5,124,2024
263435,77169,BOISSY-LE-CHATEL,77,Maison,96,5,500,2024
173000,77510,BELLOT,77,Maison,160,6,103,2024
149000,77320,JOUY-SUR-MORIN,77,Maison,56,2,35,2024
265400,77120,CHAILLY-EN-BRIE,77,Dépendance,0,0,545,2024
265400,77120,CHAILLY-EN-BRIE,77,Maison,84,4,545,2024
265400,77120,CHAILLY-EN-BRIE,77,Maison,84,4,743,2024
265400,77120,CHAILLY-EN-BRIE,77,Dépendance,0,0,743,2024
215000,77120,COULOMMIERS,77,Maison,91,5,552,2024
255000,77500,CHELLES,77,Maison,105,5,320,2024
255000,77500,CHELLES,77,Maison,105,5,500,2024
320000,77280,OTHIS,77,Maison,96,4,264,2024
248000,77160,CHENOISE-CUCHARMOY,77,Appartement,62,3,406,2024
205910,77200,TORCY,77,Maison,55,3,34,2024
297500,77124,CHAUCONIN-NEUFMONTIERS,77,Maison,102,6,349,2024
214000,77370,MAISON-ROUGE,77,Maison,135,6,299,2024
389600,77144,MONTEVRAIN,77,Maison,86,5,283,2024
259000,77138,LUZANCY,77,Maison,83,4,500,2024
259000,77138,LUZANCY,77,Maison,83,4,630,2024
145000,77730,MERY-SUR-MARNE,77,Maison,70,3,500,2024
145000,77730,MERY-SUR-MARNE,77,Maison,70,3,153,2024
113207,77500,CHELLES,77,Dépendance,0,0,283,2024
113207,77500,CHELLES,77,Maison,45,3,283,2024
350000,77400,DAMPMART,77,Maison,151,7,217,2024
180000,77160,CHENOISE-CUCHARMOY,77,Dépendance,0,0,683,2024
180000,77160,CHENOISE-CUCHARMOY,77,Maison,99,5,683,2024
485000,77540,ROZAY-EN-BRIE,77,Dépendance,0,0,761,2024
485000,77540,ROZAY-EN-BRIE,77,Appartement,102,5,761,2024
485000,77540,ROZAY-EN-BRIE,77,Appartement,82,4,761,2024
485000,77540,ROZAY-EN-BRIE,77,Appartement,102,5,1189,2024
485000,77540,ROZAY-EN-BRIE,77,Local industriel. commercial ou assimilé,185,0,761,2024
485000,77540,ROZAY-EN-BRIE,77,Dépendance,0,0,1189,2024
485000,77540,ROZAY-EN-BRIE,77,Appartement,70,2,1189,2024
485000,77540,ROZAY-EN-BRIE,77,Appartement,82,4,1189,2024
485000,77540,ROZAY-EN-BRIE,77,Appartement,70,2,761,2024
485000,77540,ROZAY-EN-BRIE,77,Local industriel. commercial ou assimilé,365,0,761,2024
485000,77540,ROZAY-EN-BRIE,77,Local industriel. commercial ou assimilé,185,0,1189,2024
485000,77540,ROZAY-EN-BRIE,77,Local industriel. commercial ou assimilé,365,0,1189,2024
120000,77510,TRETOIRE (LA),77,Dépendance,0,0,2530,2024
120000,77510,TRETOIRE (LA),77,Maison,90,3,2530,2024
120000,77510,TRETOIRE (LA),77,Dépendance,0,0,500,2024
120000,77510,TRETOIRE (LA),77,Maison,90,3,500,2024
105000,77160,PROVINS,77,Maison,32,2,42,2024
282000,77580,SANCY-LES-MEAUX,77,Maison,67,4,277,2024
165000,77650,SAVINS,77,Maison,106,3,588,2024
165000,77650,SAVINS,77,Dépendance,0,0,588,2024
165000,77650,SAVINS,77,Maison,20,1,588,2024
329110,77500,CHELLES,77,Maison,80,4,526,2024
329110,77500,CHELLES,77,Maison,38,2,526,2024
190000,77650,CHALMAISON,77,Maison,90,4,1000,2024
190000,77650,CHALMAISON,77,Maison,90,4,2563,2024
120000,77260,LA FERTE SOUS JOUARRE,77,Maison,130,5,121,2024
120000,77260,LA FERTE SOUS JOUARRE,77,Dépendance,0,0,121,2024
180000,77370,SAINT-JUST-EN-BRIE,77,Maison,120,4,1000,2024
216000,77560,VILLIERS-SAINT-GEORGES,77,Maison,115,5,52,2024
285000,77100,NANTEUIL-LES-MEAUX,77,Maison,163,7,486,2024
285000,77100,NANTEUIL-LES-MEAUX,77,Local industriel. commercial ou assimilé,0,0,486,2024
410000,77515,SAINT-AUGUSTIN,77,Maison,265,8,348,2024
410000,77515,SAINT-AUGUSTIN,77,Dépendance,0,0,348,2024
270000,77260,LA FERTE SOUS JOUARRE,77,Maison,101,4,532,2024
205000,77260,LA FERTE SOUS JOUARRE,77,Maison,75,4,452,2024
443000,77750,SAINT-CYR-SUR-MORIN,77,Maison,184,6,2500,2024
443000,77750,SAINT-CYR-SUR-MORIN,77,Maison,184,6,6229,2024
443000,77750,SAINT-CYR-SUR-MORIN,77,Maison,184,6,500,2024
245000,77138,LUZANCY,77,Maison,160,7,500,2024
245000,77138,LUZANCY,77,Maison,160,7,2000,2024
320000,77290,MITRY MORY,77,Maison,120,6,410,2024
320000,77290,MITRY MORY,77,Dépendance,0,0,410,2024
252000,77100,MEAUX,77,Maison,109,5,402,2024
183000,77290,MITRY MORY,77,Maison,76,4,269,2024
183000,77290,MITRY MORY,77,Dépendance,0,0,269,2024
198400,77480,FONTAINE-FOURCHES,77,Dépendance,0,0,955,2024
198400,77480,FONTAINE-FOURCHES,77,Maison,65,3,955,2024
570000,77910,GERMIGNY-L EVEQUE,77,Dépendance,0,0,500,2024
570000,77910,GERMIGNY-L EVEQUE,77,Maison,212,7,2633,2024
570000,77910,GERMIGNY-L EVEQUE,77,Dépendance,0,0,2633,2024
570000,77910,GERMIGNY-L EVEQUE,77,Maison,212,7,500,2024
117500,77450,CONDE-SAINTE-LIBIAIRE,77,Maison,35,2,291,2024
365000,77100,MEAUX,77,Maison,92,4,194,2024
104000,77114,VILLIERS-SUR-SEINE,77,Dépendance,0,0,441,2024
104000,77114,VILLIERS-SUR-SEINE,77,Dépendance,0,0,1139,2024
104000,77114,VILLIERS-SUR-SEINE,77,Maison,75,3,441,2024
104000,77114,VILLIERS-SUR-SEINE,77,Maison,75,3,1139,2024
325000,77160,PROVINS,77,Dépendance,0,0,1091,2024
325000,77160,PROVINS,77,Maison,109,5,1091,2024
300000,77480,SAINT-SAUVEUR-LES-BRAY,77,Maison,410,7,641,2024
300000,77480,SAINT-SAUVEUR-LES-BRAY,77,Dépendance,0,0,1217,2024
300000,77480,SAINT-SAUVEUR-LES-BRAY,77,Maison,410,7,1217,2024
300000,77480,SAINT-SAUVEUR-LES-BRAY,77,Dépendance,0,0,641,2024
358450,77700,MAGNY-LE-HONGRE,77,Maison,75,4,255,2024
358450,77700,MAGNY-LE-HONGRE,77,Dépendance,0,0,255,2024
105000,77169,BOISSY-LE-CHATEL,77,Maison,34,2,46,2024
15000,77510,REBAIS,77,Dépendance,0,0,15,2024
15000,77510,REBAIS,77,Dépendance,0,0,372,2024
94000,77450,TRILBARDOU,77,Maison,40,2,42,2024
260500,77560,CHAMPCENEST,77,Dépendance,0,0,800,2024
260500,77560,CHAMPCENEST,77,Maison,146,6,800,2024
340000,77200,TORCY,77,Maison,99,5,418,2024
317000,77270,VILLEPARISIS,77,Maison,91,4,313,2024
185000,77270,VILLEPARISIS,77,Maison,77,4,362,2024
250000,77260,LA FERTE SOUS JOUARRE,77,Maison,150,6,558,2024
300800,77230,LONGPERRIER,77,Maison,92,4,415,2024
185000,77580,VOULANGIS,77,Maison,69,4,26,2024
259000,77515,POMMEUSE,77,Maison,100,5,516,2024
345000,77600,CHANTELOUP EN BRIE,77,Maison,80,4,411,2024
205000,77181,COURTRY,77,Maison,56,5,256,2024
205000,77181,COURTRY,77,Dépendance,0,0,256,2024
700000,77100,MEAUX,77,Local industriel. commercial ou assimilé,1018,0,1485,2024
1000000,77230,VILLENEUVE SOUS DAMMARTIN,77,Dépendance,0,0,856,2024
1000000,77230,VILLENEUVE SOUS DAMMARTIN,77,Local industriel. commercial ou assimilé,200,0,856,2024
1000000,77230,VILLENEUVE SOUS DAMMARTIN,77,Maison,325,11,856,2024
1000000,77230,VILLENEUVE SOUS DAMMARTIN,77,Maison,22,2,856,2024
1000000,77230,VILLENEUVE SOUS DAMMARTIN,77,Maison,70,3,856,2024
1000000,77230,VILLENEUVE SOUS DAMMARTIN,77,Maison,100,5,10000,2024
1000000,77230,VILLENEUVE SOUS DAMMARTIN,77,Maison,100,5,13052,2024
245000,77165,SAINT-SOUPPLETS,77,Maison,89,5,346,2024
225650,77910,GERMIGNY-L EVEQUE,77,Maison,100,4,406,2024
225650,77910,GERMIGNY-L EVEQUE,77,Dépendance,0,0,406,2024
225650,77910,GERMIGNY-L EVEQUE,77,Maison,91,3,90,2024
1507696,77280,OTHIS,77,Appartement,40,2,338,2024
1507696,77280,OTHIS,77,Local industriel. commercial ou assimilé,70,0,338,2024
1507696,77280,OTHIS,77,Local industriel. commercial ou assimilé,60,0,338,2024
1507696,77280,OTHIS,77,Appartement,45,1,338,2024
1507696,77280,OTHIS,77,Appartement,33,2,338,2024
1507696,77280,OTHIS,77,Maison,192,8,523,2024
1507696,77280,OTHIS,77,Dépendance,0,0,523,2024
320000,77520,SIGY,77,Maison,130,5,502,2024
320000,77520,SIGY,77,Maison,130,5,578,2024
380000,77100,MEAUX,77,Local industriel. commercial ou assimilé,145,0,500,2024
380000,77100,MEAUX,77,Local industriel. commercial ou assimilé,145,0,224,2024
160000,77520,MONTIGNY-LENCOUP,77,Maison,89,4,406,2024
160000,77520,MONTIGNY-LENCOUP,77,Maison,89,4,895,2024
169125,77184,EMERAINVILLE,77,Maison,150,4,523,2024
250000,77730,CITRY,77,Maison,92,5,680,2024
250000,77730,CITRY,77,Dépendance,0,0,680,2024
250000,77730,CITRY,77,Maison,92,5,500,2024
250000,77730,CITRY,77,Dépendance,0,0,500,2024
149800,77160,POIGNY,77,Maison,90,4,64,2024
149800,77160,POIGNY,77,Dépendance,0,0,64,2024
149800,77160,POIGNY,77,Maison,90,3,64,2024
318000,77270,VILLEPARISIS,77,Maison,134,5,407,2024
305200,77360,VAIRES SUR MARNE,77,Dépendance,0,0,467,2024
305200,77360,VAIRES SUR MARNE,77,Maison,42,3,467,2024
305200,77360,VAIRES SUR MARNE,77,Maison,67,4,583,2024
305200,77360,VAIRES SUR MARNE,77,Dépendance,0,0,583,2024
208000,77230,JUILLY,77,Maison,74,4,369,2024
260000,77290,MITRY MORY,77,Dépendance,0,0,532,2024
260000,77290,MITRY MORY,77,Maison,68,4,532,2024
460000,77144,MONTEVRAIN,77,Dépendance,0,0,502,2024
460000,77144,MONTEVRAIN,77,Maison,122,6,502,2024
240000,77160,SAINT-HILLIERS,77,Maison,94,5,598,2024
240000,77160,SAINT-HILLIERS,77,Dépendance,0,0,598,2024
286000,77650,SAVINS,77,Maison,167,6,404,2024
325000,77860,QUINCY-VOISINS,77,Maison,135,6,500,2024
325000,77860,QUINCY-VOISINS,77,Maison,135,6,750,2024
112000,77260,CHAMIGNY,77,Maison,70,4,93,2024
260000,77580,GUERARD,77,Dépendance,0,0,545,2024
260000,77580,GUERARD,77,Maison,78,3,545,2024
325000,77440,COCHEREL,77,Maison,155,5,500,2024
325000,77440,COCHEREL,77,Maison,155,5,5083,2024
269000,77910,BARCY,77,Dépendance,0,0,435,2024
269000,77910,BARCY,77,Maison,130,4,435,2024
335500,77270,VILLEPARISIS,77,Maison,118,4,340,2024
255000,77290,MITRY MORY,77,Maison,70,3,400,2024
336000,77270,VILLEPARISIS,77,Maison,91,4,403,2024
286500,77120,COULOMMIERS,77,Maison,86,5,759,2024
150000,77120,MAUPERTHUIS,77,Local industriel. commercial ou assimilé,171,0,320,2024
278700,77860,SAINT-GERMAIN-SUR-MORIN,77,Maison,83,5,369,2024
581100,77600,GUERMANTES,77,Dépendance,0,0,500,2024
581100,77600,GUERMANTES,77,Maison,189,9,630,2024
581100,77600,GUERMANTES,77,Dépendance,0,0,630,2024
581100,77600,GUERMANTES,77,Maison,189,9,500,2024
220000,77120,COULOMMIERS,77,Maison,84,4,134,2024
255000,77320,CHOISY-EN-BRIE,77,Maison,127,5,661,2024
255000,77320,CHOISY-EN-BRIE,77,Dépendance,0,0,250,2024
255000,77320,CHOISY-EN-BRIE,77,Dépendance,0,0,661,2024
255000,77320,CHOISY-EN-BRIE,77,Maison,127,5,250,2024
217000,77260,LA FERTE SOUS JOUARRE,77,Maison,62,3,266,2024
303000,77178,OISSERY,77,Dépendance,0,0,500,2024
303000,77178,OISSERY,77,Maison,114,4,500,2024
303000,77178,OISSERY,77,Dépendance,0,0,275,2024
303000,77178,OISSERY,77,Maison,114,4,275,2024
250000,77160,PROVINS,77,Maison,160,7,385,2024
370800,77100,NANTEUIL-LES-MEAUX,77,Maison,219,10,614,2024
370800,77100,NANTEUIL-LES-MEAUX,77,Dépendance,0,0,614,2024
134000,77320,MEILLERAY,77,Maison,120,4,174,2024
160000,77510,VILLENEUVE-SUR-BELLOT,77,Maison,92,5,125,2024
425000,77400,GOUVERNES,77,Appartement,56,3,390,2024
425000,77400,GOUVERNES,77,Appartement,45,3,390,2024
425000,77400,GOUVERNES,77,Dépendance,0,0,390,2024
425000,77400,GOUVERNES,77,Appartement,59,3,390,2024
310000,77230,MOUSSY-LE-VIEUX,77,Maison,120,5,372,2024
115000,77370,NANGIS,77,Maison,74,3,115,2024
115000,77370,NANGIS,77,Dépendance,0,0,115,2024
261000,77200,TORCY,77,Maison,69,3,196,2024
261000,77200,TORCY,77,Dépendance,0,0,196,2024
283000,77360,VAIRES SUR MARNE,77,Dépendance,0,0,415,2024
283000,77360,VAIRES SUR MARNE,77,Maison,55,4,415,2024
225000,77120,COULOMMIERS,77,Maison,88,3,513,2024
225000,77120,COULOMMIERS,77,Maison,88,3,519,2024
265000,77660,CHANGIS-SUR-MARNE,77,Dépendance,0,0,20,2024
265000,77660,CHANGIS-SUR-MARNE,77,Dépendance,0,0,977,2024
265000,77660,CHANGIS-SUR-MARNE,77,Maison,94,4,273,2024
295000,77600,BUSSY-SAINT-MARTIN,77,Maison,74,4,132,2024
295000,77600,BUSSY-SAINT-MARTIN,77,Maison,100,6,132,2024
322880,77480,SAINT-SAUVEUR-LES-BRAY,77,Maison,90,3,314,2024
322880,77480,SAINT-SAUVEUR-LES-BRAY,77,Dépendance,0,0,314,2024
300000,77230,MOUSSY-LE-NEUF,77,Maison,74,4,458,2024
457020,77400,POMPONNE,77,Maison,119,6,525,2024
87500,77230,JUILLY,77,Maison,101,4,222,2024
87500,77230,JUILLY,77,Dépendance,0,0,222,2024
195000,77320,JOUY-SUR-MORIN,77,Maison,72,4,244,2024
195000,77320,JOUY-SUR-MORIN,77,Maison,72,4,500,2024
569000,77400,SAINT THIBAULT DES VIGNES,77,Maison,202,7,540,2024
220000,77470,FUBLAINES,77,Maison,60,3,192,2024
220000,77470,FUBLAINES,77,Dépendance,0,0,192,2024
285000,77230,DAMMARTIN-EN-GOELE,77,Maison,100,3,488,2024
326000,77230,MOUSSY-LE-NEUF,77,Maison,128,5,409,2024
180000,77100,MEAUX,77,Dépendance,0,0,77,2024
180000,77100,MEAUX,77,Appartement,48,3,77,2024
180000,77100,MEAUX,77,Appartement,47,3,77,2024
180000,77230,DAMMARTIN-EN-GOELE,77,Dépendance,0,0,18,2024
180000,77230,DAMMARTIN-EN-GOELE,77,Maison,82,5,177,2024
330000,77100,NANTEUIL-LES-MEAUX,77,Maison,116,5,353,2024
410000,77100,NANTEUIL-LES-MEAUX,77,Maison,137,6,500,2024
220000,77470,TRILPORT,77,Maison,79,5,732,2024
130000,77100,NANTEUIL-LES-MEAUX,77,Maison,152,6,183,2024
130000,77100,NANTEUIL-LES-MEAUX,77,Dépendance,0,0,183,2024
385000,77186,NOISIEL,77,Maison,135,5,454,2024
385000,77186,NOISIEL,77,Dépendance,0,0,454,2024
522000,77360,VAIRES SUR MARNE,77,Dépendance,0,0,500,2024
522000,77360,VAIRES SUR MARNE,77,Dépendance,0,0,250,2024
522000,77360,VAIRES SUR MARNE,77,Maison,78,4,250,2024
522000,77360,VAIRES SUR MARNE,77,Maison,78,4,500,2024
350000,77360,VAIRES SUR MARNE,77,Maison,67,3,410,2024
350000,77360,VAIRES SUR MARNE,77,Dépendance,0,0,410,2024
315000,77120,AULNOY,77,Dépendance,0,0,175,2024
315000,77120,AULNOY,77,Maison,160,5,175,2024
645000,77420,CHAMPS-SUR-MARNE,77,Maison,98,3,500,2024
645000,77420,CHAMPS-SUR-MARNE,77,Maison,98,3,451,2024
139000,77114,NOYEN-SUR-SEINE,77,Maison,81,4,121,2024
285000,77124,CHAUCONIN-NEUFMONTIERS,77,Dépendance,0,0,210,2024
285000,77124,CHAUCONIN-NEUFMONTIERS,77,Maison,96,4,210,2024
374295,77480,BRAY-SUR-SEINE,77,Maison,180,6,990,2024
374295,77480,BRAY-SUR-SEINE,77,Dépendance,0,0,990,2024
374295,77480,BRAY-SUR-SEINE,77,Dépendance,0,0,731,2024
320150,77178,SAINT-PATHUS,77,Dépendance,0,0,493,2024
320150,77178,SAINT-PATHUS,77,Maison,150,6,493,2024
348000,77186,NOISIEL,77,Maison,111,5,333,2024
165000,77860,SAINT-GERMAIN-SUR-MORIN,77,Maison,46,3,30,2024
77200,77510,BELLOT,77,Maison,74,4,687,2024
77200,77510,BELLOT,77,Dépendance,0,0,687,2024
254000,77320,JOUY-SUR-MORIN,77,Maison,148,6,660,2024
151500,77510,VERDELOT,77,Maison,95,4,340,2024
151500,77510,VERDELOT,77,Dépendance,0,0,340,2024
219000,77440,OCQUERRE,77,Maison,102,5,444,2024
219000,77440,OCQUERRE,77,Maison,102,5,500,2024
213300,77145,MAY-EN-MULTIEN,77,Maison,77,5,452,2024
585000,77860,SAINT-GERMAIN-SUR-MORIN,77,Dépendance,0,0,1978,2024
585000,77860,SAINT-GERMAIN-SUR-MORIN,77,Maison,185,8,1978,2024
585000,77860,SAINT-GERMAIN-SUR-MORIN,77,Dépendance,0,0,700,2024
585000,77860,SAINT-GERMAIN-SUR-MORIN,77,Maison,185,8,700,2024
84800,77480,FONTAINE-FOURCHES,77,Dépendance,0,0,2286,2024
84800,77480,FONTAINE-FOURCHES,77,Maison,170,4,700,2024
84800,77480,FONTAINE-FOURCHES,77,Dépendance,0,0,500,2024
84800,77480,FONTAINE-FOURCHES,77,Maison,170,4,500,2024
84800,77480,FONTAINE-FOURCHES,77,Dépendance,0,0,700,2024
84800,77480,FONTAINE-FOURCHES,77,Maison,170,4,2286,2024
260000,77230,ROUVRES,77,Maison,73,4,346,2024
260000,77230,ROUVRES,77,Dépendance,0,0,346,2024
373000,77230,DAMMARTIN-EN-GOELE,77,Dépendance,0,0,500,2024
373000,77230,DAMMARTIN-EN-GOELE,77,Dépendance,0,0,162,2024
373000,77230,DAMMARTIN-EN-GOELE,77,Maison,114,5,162,2024
373000,77230,DAMMARTIN-EN-GOELE,77,Maison,114,5,500,2024
349000,77540,LUMIGNY NESLES ORMEAUX,77,Maison,143,5,2499,2024
349000,77540,LUMIGNY NESLES ORMEAUX,77,Dépendance,0,0,250,2024
349000,77540,LUMIGNY NESLES ORMEAUX,77,Maison,143,5,2250,2024
349000,77540,LUMIGNY NESLES ORMEAUX,77,Dépendance,0,0,2499,2024
349000,77540,LUMIGNY NESLES ORMEAUX,77,Maison,143,5,250,2024
349000,77540,LUMIGNY NESLES ORMEAUX,77,Dépendance,0,0,2250,2024
350000,77184,EMERAINVILLE,77,Maison,86,4,500,2024
70000,77990,LE MESNIL-AMELOT,77,Maison,35,3,28,2024
355000,77700,BAILLY-ROMAINVILLIERS,77,Maison,116,4,113,2024
355000,77700,BAILLY-ROMAINVILLIERS,77,Maison,116,4,500,2024
1850000,77500,CHELLES,77,Local industriel. commercial ou assimilé,793,0,3000,2024
227000,77600,JOSSIGNY,77,Maison,61,4,494,2024
227000,77600,JOSSIGNY,77,Dépendance,0,0,494,2024
139600,77450,MONTRY,77,Dépendance,0,0,505,2024
139600,77450,MONTRY,77,Maison,64,3,505,2024
295000,77290,MITRY MORY,77,Maison,76,3,404,2024
180000,77480,BRAY-SUR-SEINE,77,Appartement,38,1,126,2024
180000,77480,BRAY-SUR-SEINE,77,Dépendance,0,0,126,2024
180000,77480,BRAY-SUR-SEINE,77,Appartement,45,2,126,2024
180000,77480,BRAY-SUR-SEINE,77,Appartement,52,2,126,2024
180000,77480,BRAY-SUR-SEINE,77,Appartement,50,2,126,2024
100000,77520,DONNEMARIE-DONTILLY,77,Maison,91,4,796,2024
100000,77520,DONNEMARIE-DONTILLY,77,Maison,91,4,472,2024
320000,77500,CHELLES,77,Dépendance,0,0,269,2024
320000,77500,CHELLES,77,Maison,83,4,269,2024
490000,77144,MONTEVRAIN,77,Maison,173,7,490,2024
166000,77120,AMILLIS,77,Dépendance,0,0,286,2024
166000,77120,AMILLIS,77,Maison,88,4,286,2024
166000,77120,AMILLIS,77,Dépendance,0,0,1235,2024
166000,77120,AMILLIS,77,Maison,88,4,1235,2024
295000,77100,NANTEUIL-LES-MEAUX,77,Maison,99,5,268,2024
295000,77100,NANTEUIL-LES-MEAUX,77,Dépendance,0,0,268,2024
260000,77470,TRILPORT,77,Maison,87,3,685,2024
260000,77470,TRILPORT,77,Dépendance,0,0,685,2024
210000,77139,MARCILLY,77,Maison,90,4,240,2024
210000,77139,MARCILLY,77,Dépendance,0,0,240,2024
189000,77450,VIGNELY,77,Maison,85,2,49,2024
313000,77580,VOULANGIS,77,Maison,88,4,383,2024
528000,77600,BUSSY-SAINT-GEORGES,77,Maison,138,6,526,2024
528000,77600,BUSSY-SAINT-GEORGES,77,Dépendance,0,0,526,2024
2850000,77700,CHESSY,77,Local industriel. commercial ou assimilé,4200,0,4206,2024
265000,77100,MAREUIL-LES-MEAUX,77,Maison,89,5,500,2024
265000,77100,MAREUIL-LES-MEAUX,77,Maison,89,5,960,2024
149000,77120,COULOMMIERS,77,Maison,77,3,500,2024
149000,77120,COULOMMIERS,77,Maison,77,3,364,2024
149000,77120,COULOMMIERS,77,Dépendance,0,0,364,2024
149000,77120,COULOMMIERS,77,Dépendance,0,0,500,2024
544000,77700,SERRIS,77,Dépendance,0,0,514,2024
544000,77700,SERRIS,77,Maison,137,6,514,2024
43000,77560,VILLIERS-SAINT-GEORGES,77,Local industriel. commercial ou assimilé,675,0,1377,2024
43000,77560,VILLIERS-SAINT-GEORGES,77,Local industriel. commercial ou assimilé,675,0,1200,2024
43000,77560,VILLIERS-SAINT-GEORGES,77,Local industriel. commercial ou assimilé,945,0,564,2024
43000,77560,VILLIERS-SAINT-GEORGES,77,Local industriel. commercial ou assimilé,945,0,7229,2024
160000,77860,QUINCY-VOISINS,77,Maison,70,3,130,2024
163000,77610,MARLES-EN-BRIE,77,Maison,80,2,82,2024
355000,77470,POINCY,77,Dépendance,0,0,500,2024
355000,77470,POINCY,77,Maison,145,5,500,2024
355000,77470,POINCY,77,Maison,145,5,668,2024
355000,77470,POINCY,77,Dépendance,0,0,668,2024
820000,77600,BUSSY-SAINT-GEORGES,77,Maison,223,7,500,2024
820000,77600,BUSSY-SAINT-GEORGES,77,Maison,223,7,284,2024
283000,77410,VILLEVAUDE,77,Dépendance,0,0,544,2024
283000,77410,VILLEVAUDE,77,Maison,121,6,544,2024
430300,77700,BAILLY-ROMAINVILLIERS,77,Maison,102,5,450,2024
324000,77515,POMMEUSE,77,Maison,110,4,739,2024
324000,77515,POMMEUSE,77,Dépendance,0,0,250,2024
324000,77515,POMMEUSE,77,Maison,110,4,250,2024
324000,77515,POMMEUSE,77,Dépendance,0,0,739,2024
468500,77510,REBAIS,77,Local industriel. commercial ou assimilé,120,0,250,2024
468500,77510,REBAIS,77,Local industriel. commercial ou assimilé,120,0,868,2024
367100,77540,LUMIGNY NESLES ORMEAUX,77,Maison,103,5,60,2024
367100,77540,LUMIGNY NESLES ORMEAUX,77,Dépendance,0,0,60,2024
110000,77440,CONGIS-SUR-THEROUANNE,77,Dépendance,0,0,282,2024
110000,77440,CONGIS-SUR-THEROUANNE,77,Maison,75,4,282,2024
247000,77120,COULOMMIERS,77,Maison,77,3,180,2024
247000,77120,COULOMMIERS,77,Dépendance,0,0,180,2024
175000,77510,VERDELOT,77,Maison,140,4,106,2024
740000,77270,VILLEPARISIS,77,Dépendance,0,0,408,2024
740000,77270,VILLEPARISIS,77,Maison,95,4,408,2024
400000,77700,COUPVRAY,77,Maison,107,5,515,2024
400000,77700,COUPVRAY,77,Appartement,52,2,515,2024
230000,77320,FERTE-GAUCHER (LA),77,Maison,96,4,139,2024
224000,77160,CHENOISE-CUCHARMOY,77,Maison,88,5,618,2024
90000,77370,VANVILLE,77,Dépendance,0,0,588,2024
90000,77370,VANVILLE,77,Maison,61,2,588,2024
90000,77370,VANVILLE,77,Maison,61,2,612,2024
90000,77370,VANVILLE,77,Dépendance,0,0,612,2024
35000,77160,PROVINS,77,Maison,60,2,89,2024
265000,77370,CHAPELLE-RABLAIS (LA),77,Maison,113,7,500,2024
265000,77370,CHAPELLE-RABLAIS (LA),77,Maison,113,7,335,2024
283000,77500,CHELLES,77,Maison,74,5,416,2024
133000,77370,MAISON-ROUGE,77,Maison,58,4,543,2024
140000,77120,MOUROUX,77,Dépendance,0,0,919,2024
140000,77120,MOUROUX,77,Maison,49,3,919,2024
290000,77400,GOUVERNES,77,Maison,70,4,480,2024
450600,77124,CREGY-LES-MEAUX,77,Maison,207,6,500,2024
450600,77124,CREGY-LES-MEAUX,77,Maison,207,6,963,2024
265000,77270,VILLEPARISIS,77,Maison,76,4,110,2024
265000,77270,VILLEPARISIS,77,Dépendance,0,0,110,2024
295000,77500,CHELLES,77,Maison,82,4,123,2024
295000,77500,CHELLES,77,Dépendance,0,0,123,2024
277000,77178,SAINT-PATHUS,77,Dépendance,0,0,321,2024
277000,77178,SAINT-PATHUS,77,Dépendance,0,0,500,2024
277000,77178,SAINT-PATHUS,77,Maison,90,5,321,2024
277000,77178,SAINT-PATHUS,77,Maison,90,5,500,2024
502000,77700,MAGNY-LE-HONGRE,77,Maison,121,6,361,2024
165000,77200,TORCY,77,Maison,97,5,585,2024
180000,77420,CHAMPS-SUR-MARNE,77,Maison,156,5,491,2024
360000,77400,LAGNY-SUR-MARNE,77,Maison,119,5,407,2024
243850,77840,CROUY-SUR-OURCQ,77,Maison,116,4,496,2024
301600,77100,MAREUIL-LES-MEAUX,77,Dépendance,0,0,500,2024
301600,77100,MAREUIL-LES-MEAUX,77,Maison,85,4,500,2024
301600,77100,MAREUIL-LES-MEAUX,77,Maison,85,4,415,2024
301600,77100,MAREUIL-LES-MEAUX,77,Dépendance,0,0,415,2024
140000,77270,VILLEPARISIS,77,Dépendance,0,0,133,2024
270000,77360,VAIRES SUR MARNE,77,Maison,64,3,194,2024
270000,77360,VAIRES SUR MARNE,77,Dépendance,0,0,194,2024
70000,77131,TOUQUIN,77,Maison,25,2,115,2024
357750,77600,CHANTELOUP EN BRIE,77,Maison,91,5,129,2024
120000,77560,VILLIERS-SAINT-GEORGES,77,Dépendance,0,0,371,2024
120000,77560,VILLIERS-SAINT-GEORGES,77,Maison,120,4,371,2024
213000,77154,COUTENCON,77,Maison,128,5,500,2024
140000,77370,NANGIS,77,Maison,50,3,565,2024
340000,77181,COURTRY,77,Maison,88,4,358,2024
130000,77320,BETON-BAZOCHES,77,Local industriel. commercial ou assimilé,700,0,262,2024
365000,77410,FRESNES-SUR-MARNE,77,Maison,100,5,263,2024
270000,77410,CLAYE-SOUILLY,77,Dépendance,0,0,553,2024
270000,77410,CLAYE-SOUILLY,77,Maison,67,4,553,2024
328000,77181,COURTRY,77,Maison,84,4,232,2024
156000,77320,SANCY LES PROVINS,77,Maison,44,2,600,2024
156000,77320,SANCY LES PROVINS,77,Maison,44,2,529,2024
156000,77320,SANCY LES PROVINS,77,Dépendance,0,0,529,2024
156000,77320,SANCY LES PROVINS,77,Dépendance,0,0,600,2024
2550000,77144,MONTEVRAIN,77,Local industriel. commercial ou assimilé,1370,0,5450,2024
650000,77290,MITRY MORY,77,Local industriel. commercial ou assimilé,70,0,960,2024
650000,77290,MITRY MORY,77,Local industriel. commercial ou assimilé,56,0,960,2024
650000,77290,MITRY MORY,77,Local industriel. commercial ou assimilé,191,0,960,2024
155000,77171,SOURDUN,77,Maison,90,6,503,2024
155000,77171,SOURDUN,77,Dépendance,0,0,503,2024
349000,77470,TRILPORT,77,Maison,108,6,641,2024
180550,77260,REUIL-EN-BRIE,77,Maison,68,3,36,2024
180550,77260,REUIL-EN-BRIE,77,Maison,68,3,1724,2024
410000,77420,CHAMPS-SUR-MARNE,77,Maison,90,6,325,2024
410000,77420,CHAMPS-SUR-MARNE,77,Dépendance,0,0,325,2024
343100,77910,VARREDDES,77,Maison,85,3,500,2024
343100,77910,VARREDDES,77,Dépendance,0,0,500,2024
343100,77910,VARREDDES,77,Dépendance,0,0,239,2024
343100,77910,VARREDDES,77,Maison,85,3,239,2024
170000,77126,CHATENAY-SUR-SEINE,77,Maison,90,4,699,2024
250000,77910,VARREDDES,77,Dépendance,0,0,100,2024
250000,77910,VARREDDES,77,Maison,150,7,100,2024
467000,77144,MONTEVRAIN,77,Maison,120,5,236,2024
230000,77100,MEAUX,77,Dépendance,0,0,202,2024
230000,77100,MEAUX,77,Maison,104,5,500,2024
230000,77100,MEAUX,77,Maison,104,5,202,2024
230000,77100,MEAUX,77,Dépendance,0,0,500,2024
203400,77440,OCQUERRE,77,Maison,86,5,920,2024
480000,77700,COUPVRAY,77,Dépendance,0,0,202,2024
480000,77700,COUPVRAY,77,Maison,141,6,500,2024
480000,77700,COUPVRAY,77,Maison,141,6,202,2024
480000,77700,COUPVRAY,77,Dépendance,0,0,500,2024
127000,77610,FONTENAY-TRESIGNY,77,Local industriel. commercial ou assimilé,115,0,205,2024
171600,77440,LIZY-SUR-OURCQ,77,Maison,70,4,115,2024
265000,77171,SOURDUN,77,Maison,118,6,728,2024
577000,77450,ESBLY,77,Maison,195,6,115,2024
577000,77450,ESBLY,77,Maison,195,6,500,2024
320000,77100,MEAUX,77,Maison,140,5,80,2024
760000,77700,MAGNY-LE-HONGRE,77,Maison,164,7,500,2024
760000,77700,MAGNY-LE-HONGRE,77,Maison,164,7,456,2024
359000,77165,SAINT-SOUPPLETS,77,Maison,125,7,207,2024
359000,77165,SAINT-SOUPPLETS,77,Dépendance,0,0,207,2024
359000,77165,SAINT-SOUPPLETS,77,Local industriel. commercial ou assimilé,53,0,207,2024
250850,77124,VILLENOY,77,Maison,185,8,70,2024
250850,77124,VILLENOY,77,Dépendance,0,0,70,2024
260000,77320,SAINT-MARTIN-DES-CHAMPS,77,Maison,115,4,640,2024
260000,77320,SAINT-MARTIN-DES-CHAMPS,77,Maison,115,4,500,2024
267000,77230,ROUVRES,77,Maison,73,4,371,2024
267000,77230,ROUVRES,77,Dépendance,0,0,371,2024
106000,77750,ORLY-SUR-MORIN,77,Maison,120,7,67,2024
106000,77750,ORLY-SUR-MORIN,77,Dépendance,0,0,67,2024
225000,77169,BOISSY-LE-CHATEL,77,Maison,120,5,250,2024
225000,77169,BOISSY-LE-CHATEL,77,Maison,120,5,1181,2024
326000,77178,SAINT-PATHUS,77,Maison,103,6,543,2024
420000,77360,VAIRES SUR MARNE,77,Maison,114,5,326,2024
657600,77450,MONTRY,77,Maison,170,5,647,2024
657600,77450,MONTRY,77,Maison,170,5,85,2024
325000,77230,VINANTES,77,Maison,204,6,871,2024
325000,77230,VINANTES,77,Dépendance,0,0,871,2024
313500,77230,DAMMARTIN-EN-GOELE,77,Maison,140,7,915,2024
160000,77120,AMILLIS,77,Dépendance,0,0,1583,2024
160000,77120,AMILLIS,77,Maison,60,3,1583,2024
160000,77120,AMILLIS,77,Dépendance,0,0,500,2024
160000,77120,AMILLIS,77,Maison,60,3,500,2024
177000,77440,LIZY-SUR-OURCQ,77,Maison,70,6,120,2024
470400,77700,MAGNY-LE-HONGRE,77,Maison,104,6,292,2024
616200,77164,FERRIERES-EN-BRIE,77,Maison,207,6,106,2024
616200,77164,FERRIERES-EN-BRIE,77,Maison,207,6,500,2024
150000,77400,THORIGNY SUR MARNE,77,Maison,26,1,265,2024
150000,77400,THORIGNY SUR MARNE,77,Dépendance,0,0,265,2024
510900,77700,MAGNY-LE-HONGRE,77,Maison,114,5,257,2024
510900,77700,MAGNY-LE-HONGRE,77,Dépendance,0,0,257,2024
252000,77910,VARREDDES,77,Dépendance,0,0,320,2024
252000,77910,VARREDDES,77,Maison,72,4,320,2024
252000,77910,VARREDDES,77,Maison,72,4,500,2024
252000,77910,VARREDDES,77,Dépendance,0,0,500,2024
500000,77400,LAGNY-SUR-MARNE,77,Maison,138,8,516,2024
500000,77400,LAGNY-SUR-MARNE,77,Dépendance,0,0,516,2024
579000,77400,DAMPMART,77,Maison,160,5,500,2024
579000,77400,DAMPMART,77,Maison,160,5,437,2024
161300,77320,SAINT-MARTIN-DES-CHAMPS,77,Maison,80,4,310,2024
161300,77320,SAINT-MARTIN-DES-CHAMPS,77,Dépendance,0,0,310,2024
317000,77580,CRECY LA CHAPELLE,77,Maison,132,4,597,2024
317000,77580,CRECY LA CHAPELLE,77,Maison,132,4,500,2024
360000,77181,LE PIN,77,Maison,110,5,547,2024
115000,77160,SAINT-BRICE,77,Maison,99,4,365,2024
257000,77320,BETON-BAZOCHES,77,Maison,129,5,1005,2024
177000,77320,JOUY-SUR-MORIN,77,Maison,67,5,238,2024
177000,77320,JOUY-SUR-MORIN,77,Dépendance,0,0,238,2024
260000,77131,PEZARCHES,77,Maison,111,4,750,2024
260000,77131,PEZARCHES,77,Maison,111,4,250,2024
185000,77370,NANGIS,77,Dépendance,0,0,371,2024
185000,77370,NANGIS,77,Maison,64,2,371,2024
215000,77370,NANGIS,77,Maison,90,4,411,2024
119000,77126,CHATENAY-SUR-SEINE,77,Maison,144,5,1685,2024
220000,77520,DONNEMARIE-DONTILLY,77,Maison,90,4,501,2024
220000,77520,DONNEMARIE-DONTILLY,77,Dépendance,0,0,501,2024
225000,77520,LUISETAINES,77,Maison,130,6,1330,2024
140000,77165,CUISY,77,Dépendance,0,0,28,2024
140000,77165,CUISY,77,Maison,67,3,32,2024
401000,77500,CHELLES,77,Maison,116,5,506,2024
140000,77126,EGLIGNY,77,Dépendance,0,0,455,2024
140000,77126,EGLIGNY,77,Maison,79,3,455,2024
10000,77580,VOULANGIS,77,Maison,25,2,300,2024
10000,77580,VOULANGIS,77,Maison,25,2,2481,2024
195000,77114,GOUAIX,77,Maison,70,2,317,2024
248000,77230,MONTGE-EN-GOELE,77,Maison,100,4,587,2024
250000,77290,MITRY MORY,77,Maison,50,3,548,2024
750000,77410,ANNET-SUR-MARNE,77,Dépendance,0,0,1320,2024
750000,77410,ANNET-SUR-MARNE,77,Maison,80,3,1320,2024
750000,77410,ANNET-SUR-MARNE,77,Maison,42,1,1320,2024
750000,77410,ANNET-SUR-MARNE,77,Maison,174,6,1320,2024
750000,77410,ANNET-SUR-MARNE,77,Dépendance,0,0,769,2024
750000,77410,ANNET-SUR-MARNE,77,Maison,80,3,769,2024
750000,77410,ANNET-SUR-MARNE,77,Maison,42,1,769,2024
750000,77410,ANNET-SUR-MARNE,77,Maison,174,6,769,2024
200000,77290,MITRY MORY,77,Maison,18,1,395,2024
200000,77290,MITRY MORY,77,Dépendance,0,0,395,2024
2500,77510,SABLONNIERES,77,Dépendance,0,0,1066,2024
270000,77100,NANTEUIL-LES-MEAUX,77,Dépendance,0,0,120,2024
270000,77100,NANTEUIL-LES-MEAUX,77,Maison,76,5,172,2024
345000,77169,BOISSY-LE-CHATEL,77,Dépendance,0,0,366,2024
345000,77169,BOISSY-LE-CHATEL,77,Dépendance,0,0,617,2024
345000,77169,BOISSY-LE-CHATEL,77,Maison,198,4,366,2024
345000,77169,BOISSY-LE-CHATEL,77,Maison,198,4,617,2024
150000,77515,FAREMOUTIERS,77,Dépendance,0,0,26,2024
150000,77515,FAREMOUTIERS,77,Maison,120,6,189,2024
150000,77515,FAREMOUTIERS,77,Maison,120,6,532,2024
262000,77640,JOUARRE,77,Maison,152,5,500,2024
262000,77640,JOUARRE,77,Maison,152,5,255,2024
55000,77118,BALLOY,77,Dépendance,0,0,166,2024
55000,77118,BALLOY,77,Maison,76,3,166,2024
256700,77480,BRAY-SUR-SEINE,77,Maison,110,5,516,2024
265000,77124,CREGY-LES-MEAUX,77,Maison,77,4,524,2024
15000,77480,BRAY-SUR-SEINE,77,Dépendance,0,0,94,2024
15000,77480,BRAY-SUR-SEINE,77,Local industriel. commercial ou assimilé,90,0,94,2024
155000,77560,VILLIERS-SAINT-GEORGES,77,Maison,67,4,600,2024
155000,77560,VILLIERS-SAINT-GEORGES,77,Maison,67,4,217,2024
155000,77160,PROVINS,77,Maison,58,2,406,2024
150000,77320,FERTE-GAUCHER (LA),77,Maison,74,4,250,2024
150000,77320,FERTE-GAUCHER (LA),77,Maison,74,4,1098,2024
235000,77515,POMMEUSE,77,Maison,84,4,535,2024
235000,77515,POMMEUSE,77,Dépendance,0,0,535,2024
290000,77515,SAINT-AUGUSTIN,77,Maison,116,5,724,2024
290000,77515,SAINT-AUGUSTIN,77,Maison,116,5,1888,2024
518000,77410,CHARNY,77,Maison,182,7,140,2024
518000,77410,CHARNY,77,Dépendance,0,0,500,2024
518000,77410,CHARNY,77,Maison,182,7,500,2024
518000,77410,CHARNY,77,Dépendance,0,0,140,2024
408400,77410,CLAYE-SOUILLY,77,Maison,112,4,661,2024
392100,77410,CHARNY,77,Maison,110,5,292,2024
345000,77186,NOISIEL,77,Maison,94,4,288,2024
498400,77320,CHEVRU,77,Dépendance,0,0,564,2024
498400,77320,CHEVRU,77,Maison,210,7,564,2024
216000,77500,CHELLES,77,Maison,144,6,385,2024
361000,77400,POMPONNE,77,Maison,114,4,500,2024
361000,77400,POMPONNE,77,Maison,114,4,1198,2024
588000,77860,QUINCY-VOISINS,77,Local industriel. commercial ou assimilé,1036,0,7507,2024
295000,77500,CHELLES,77,Maison,51,3,574,2024
30000,77580,VOULANGIS,77,Dépendance,0,0,90,2024
310000,77260,LA FERTE SOUS JOUARRE,77,Maison,74,3,900,2024
310000,77260,LA FERTE SOUS JOUARRE,77,Maison,27,1,900,2024
310000,77260,LA FERTE SOUS JOUARRE,77,Maison,74,3,1908,2024
310000,77260,LA FERTE SOUS JOUARRE,77,Maison,27,1,1908,2024
310000,77260,LA FERTE SOUS JOUARRE,77,Maison,74,3,2352,2024
310000,77260,LA FERTE SOUS JOUARRE,77,Maison,27,1,2352,2024
163500,77260,SAINTE-AULDE,77,Maison,60,3,73,2024
163500,77260,SAINTE-AULDE,77,Maison,60,3,948,2024
186000,77650,LIZINES,77,Maison,88,4,1000,2024
186000,77650,LIZINES,77,Maison,88,4,1908,2024
1804970,77290,COMPANS,77,Local industriel. commercial ou assimilé,923,0,4897,2024
199000,77139,VINCY-MANOEUVRE,77,Dépendance,0,0,48,2024
199000,77139,VINCY-MANOEUVRE,77,Maison,80,3,591,2024
2000000,77700,MAGNY-LE-HONGRE,77,Local industriel. commercial ou assimilé,25679,0,46236,2024
4000000,77700,MAGNY-LE-HONGRE,77,Local industriel. commercial ou assimilé,22745,0,53960,2024
6000000,77700,MAGNY-LE-HONGRE,77,Local industriel. commercial ou assimilé,22122,0,46183,2024
342000,77610,MARLES-EN-BRIE,77,Dépendance,0,0,403,2024
342000,77610,MARLES-EN-BRIE,77,Maison,113,5,403,2024
259000,77400,THORIGNY SUR MARNE,77,Dépendance,0,0,50,2024
259000,77400,THORIGNY SUR MARNE,77,Maison,50,3,50,2024
400000,77580,GUERARD,77,Dépendance,0,0,351,2024
400000,77580,GUERARD,77,Maison,191,7,351,2024
500,77450,ISLES-LES-VILLENOY,77,Maison,133,6,540,2024
500,77450,ISLES-LES-VILLENOY,77,Maison,133,6,500,2024
202000,77970,BANNOST-VILLEGAGNON,77,Maison,120,6,343,2024
225000,77280,OTHIS,77,Maison,65,3,811,2024
225000,77280,OTHIS,77,Dépendance,0,0,811,2024
319000,77580,GUERARD,77,Dépendance,0,0,48,2024
319000,77580,GUERARD,77,Maison,96,4,48,2024
155000,77580,CRECY LA CHAPELLE,77,Maison,51,3,500,2024
155000,77580,CRECY LA CHAPELLE,77,Maison,51,3,390,2024
185000,77178,SAINT-PATHUS,77,Maison,81,4,300,2024
185000,77178,SAINT-PATHUS,77,Dépendance,0,0,300,2024
317485,77860,SAINT-GERMAIN-SUR-MORIN,77,Maison,69,4,784,2024
985000,77270,VILLEPARISIS,77,Appartement,70,3,2046,2024
985000,77270,VILLEPARISIS,77,Local industriel. commercial ou assimilé,989,0,2046,2024
235000,77370,NANGIS,77,Maison,80,5,426,2024
235000,77370,NANGIS,77,Dépendance,0,0,426,2024
280000,77270,VILLEPARISIS,77,Dépendance,0,0,735,2024
280000,77270,VILLEPARISIS,77,Maison,84,4,735,2024
259000,77270,VILLEPARISIS,77,Maison,150,5,422,2024
305000,77500,CHELLES,77,Dépendance,0,0,500,2024
305000,77500,CHELLES,77,Maison,88,4,500,2024
245000,77178,OISSERY,77,Maison,112,5,265,2024
245000,77178,OISSERY,77,Dépendance,0,0,265,2024
245000,77178,OISSERY,77,Maison,112,5,500,2024
245000,77178,OISSERY,77,Dépendance,0,0,500,2024
225000,77230,DAMMARTIN-EN-GOELE,77,Maison,97,4,500,2024
225000,77230,DAMMARTIN-EN-GOELE,77,Maison,97,4,275,2024
265000,77165,SAINT-SOUPPLETS,77,Maison,103,5,238,2024
201000,77120,COULOMMIERS,77,Maison,50,3,563,2024
201000,77120,COULOMMIERS,77,Dépendance,0,0,563,2024
315000,77515,POMMEUSE,77,Dépendance,0,0,660,2024
315000,77515,POMMEUSE,77,Maison,82,5,660,2024
260000,77470,TRILPORT,77,Dépendance,0,0,519,2024
260000,77470,TRILPORT,77,Maison,90,4,519,2024
279000,77230,DAMMARTIN-EN-GOELE,77,Maison,79,4,191,2024
279000,77230,DAMMARTIN-EN-GOELE,77,Dépendance,0,0,30,2024
510000,77580,VILLIERS-SUR-MORIN,77,Maison,102,5,2157,2024
510000,77580,VILLIERS-SUR-MORIN,77,Maison,102,5,500,2024
189000,77370,CROIX-EN-BRIE (LA),77,Maison,51,4,261,2024
189000,77370,CROIX-EN-BRIE (LA),77,Maison,51,4,749,2024
55000,77260,LA FERTE SOUS JOUARRE,77,Maison,69,3,66,2024
55000,77260,LA FERTE SOUS JOUARRE,77,Local industriel. commercial ou assimilé,50,0,66,2024
414000,77450,MONTRY,77,Maison,80,3,661,2024
392500,77174,VILLENEUVE-LE-COMTE,77,Maison,83,5,439,2024
392500,77174,VILLENEUVE-LE-COMTE,77,Dépendance,0,0,439,2024
370000,77500,CHELLES,77,Maison,90,4,513,2024
250000,77610,FONTENAY-TRESIGNY,77,Maison,87,5,480,2024
240000,77320,CHOISY-EN-BRIE,77,Dépendance,0,0,3080,2024
240000,77320,CHOISY-EN-BRIE,77,Maison,84,3,3080,2024
240000,77320,CHOISY-EN-BRIE,77,Maison,84,3,500,2024
240000,77320,CHOISY-EN-BRIE,77,Dépendance,0,0,500,2024
4940000,77400,LAGNY-SUR-MARNE,77,Appartement,95,4,1205,2024
4940000,77400,LAGNY-SUR-MARNE,77,Appartement,98,4,1205,2024
4940000,77400,LAGNY-SUR-MARNE,77,Appartement,84,3,1205,2024
4940000,77400,LAGNY-SUR-MARNE,77,Appartement,96,4,1205,2024
4940000,77400,LAGNY-SUR-MARNE,77,Dépendance,0,0,1205,2024
4940000,77400,LAGNY-SUR-MARNE,77,Appartement,97,4,1205,2024
4940000,77400,LAGNY-SUR-MARNE,77,Appartement,63,2,1205,2024
4940000,77400,LAGNY-SUR-MARNE,77,Appartement,93,4,1205,2024
4940000,77400,LAGNY-SUR-MARNE,77,Appartement,79,3,1205,2024
4940000,77400,LAGNY-SUR-MARNE,77,Appartement,87,4,1205,2024
4940000,77400,LAGNY-SUR-MARNE,77,Appartement,54,2,1205,2024
4940000,77400,LAGNY-SUR-MARNE,77,Appartement,82,4,1205,2024
4940000,77400,LAGNY-SUR-MARNE,77,Appartement,83,4,1205,2024
4940000,77400,LAGNY-SUR-MARNE,77,Appartement,70,3,1205,2024
4940000,77400,LAGNY-SUR-MARNE,77,Appartement,66,3,1205,2024
4940000,77400,LAGNY-SUR-MARNE,77,Appartement,75,3,1205,2024
4940000,77400,LAGNY-SUR-MARNE,77,Appartement,78,3,1205,2024
4940000,77400,LAGNY-SUR-MARNE,77,Appartement,80,3,1205,2024
4940000,77400,LAGNY-SUR-MARNE,77,Appartement,88,4,1205,2024
4940000,77400,LAGNY-SUR-MARNE,77,Appartement,90,4,1205,2024
4940000,77400,LAGNY-SUR-MARNE,77,Appartement,73,3,1205,2024
4940000,77400,LAGNY-SUR-MARNE,77,Appartement,71,3,1205,2024
4940000,77400,LAGNY-SUR-MARNE,77,Appartement,69,3,1528,2024
4940000,77400,LAGNY-SUR-MARNE,77,Dépendance,0,0,1528,2024
4940000,77400,LAGNY-SUR-MARNE,77,Appartement,70,3,1528,2024
4940000,77400,LAGNY-SUR-MARNE,77,Appartement,82,4,1528,2024
4940000,77400,LAGNY-SUR-MARNE,77,Appartement,71,3,1528,2024
4940000,77400,LAGNY-SUR-MARNE,77,Appartement,81,4,1528,2024
4940000,77400,LAGNY-SUR-MARNE,77,Appartement,87,4,1528,2024
4940000,77400,LAGNY-SUR-MARNE,77,Appartement,53,2,1528,2024
4940000,77400,LAGNY-SUR-MARNE,77,Appartement,55,2,1528,2024
4940000,77400,LAGNY-SUR-MARNE,77,Appartement,72,3,1528,2024
4940000,77400,LAGNY-SUR-MARNE,77,Appartement,67,3,1528,2024
4940000,77400,LAGNY-SUR-MARNE,77,Appartement,86,4,1528,2024
4940000,77400,LAGNY-SUR-MARNE,77,Appartement,85,4,1528,2024
4940000,77400,LAGNY-SUR-MARNE,77,Appartement,63,3,1528,2024
4940000,77400,LAGNY-SUR-MARNE,77,Appartement,89,4,1528,2024
4940000,77400,LAGNY-SUR-MARNE,77,Appartement,54,2,1528,2024
4940000,77400,LAGNY-SUR-MARNE,77,Appartement,83,4,1528,2024
158106,77500,CHELLES,77,Dépendance,0,0,221,2024
158106,77500,CHELLES,77,Maison,71,3,221,2024
160000,77700,CHESSY,77,Appartement,32,2,150,2024
450000,77144,MONTEVRAIN,77,Maison,99,6,496,2024
450000,77144,MONTEVRAIN,77,Dépendance,0,0,496,2024
199900,77700,CHESSY,77,Maison,49,2,216,2024
199900,77700,CHESSY,77,Dépendance,0,0,216,2024
205000,77320,LESCHEROLLES,77,Maison,120,5,400,2024
205000,77320,LESCHEROLLES,77,Dépendance,0,0,400,2024
157000,77510,VILLENEUVE-SUR-BELLOT,77,Maison,158,4,118,2024
157000,77510,VILLENEUVE-SUR-BELLOT,77,Dépendance,0,0,118,2024
303421,77510,SAINT-LEGER,77,Local industriel. commercial ou assimilé,68,0,561,2024
199500,77165,SAINT-SOUPPLETS,77,Maison,75,4,218,2024
232000,77860,QUINCY-VOISINS,77,Maison,87,5,576,2024
430000,77600,GUERMANTES,77,Maison,109,5,362,2024
180000,77130,TOMBE (LA),77,Maison,105,5,433,2024
392000,77200,TORCY,77,Maison,122,4,455,2024
252000,77515,FAREMOUTIERS,77,Maison,90,3,257,2024
86209,77515,POMMEUSE,77,Maison,30,1,312,2024
270000,77370,CHAPELLE-RABLAIS (LA),77,Maison,71,3,506,2024
321210,77400,SAINT THIBAULT DES VIGNES,77,Appartement,60,3,3301,2024
321210,77400,SAINT THIBAULT DES VIGNES,77,Maison,60,2,3301,2024
570000,77450,CONDE-SAINTE-LIBIAIRE,77,Maison,187,7,1485,2024
438000,77500,CHELLES,77,Maison,107,5,218,2024
471145,77280,OTHIS,77,Maison,104,5,1012,2024
150000,77520,MONTIGNY-LENCOUP,77,Maison,76,4,224,2024
205000,77440,ISLES-LES-MELDEUSES,77,Maison,100,4,324,2024
205000,77440,ISLES-LES-MELDEUSES,77,Maison,100,4,500,2024
190000,77138,LUZANCY,77,Maison,97,4,199,2024
190000,77138,LUZANCY,77,Dépendance,0,0,199,2024
510000,77700,MAGNY-LE-HONGRE,77,Maison,121,5,553,2024
318000,77290,MITRY MORY,77,Maison,98,5,297,2024
85000,77515,FAREMOUTIERS,77,Dépendance,0,0,435,2024
85000,77515,FAREMOUTIERS,77,Maison,69,3,435,2024
195000,77120,BEAUTHEIL-SAINTS,77,Dépendance,0,0,511,2024
195000,77120,BEAUTHEIL-SAINTS,77,Maison,128,5,511,2024
65000,77730,MERY-SUR-MARNE,77,Maison,21,2,595,2024
275000,77260,LA FERTE SOUS JOUARRE,77,Maison,119,6,719,2024
275000,77260,LA FERTE SOUS JOUARRE,77,Maison,24,1,324,2024
275000,77260,LA FERTE SOUS JOUARRE,77,Dépendance,0,0,324,2024
270000,77515,FAREMOUTIERS,77,Local industriel. commercial ou assimilé,12,0,251,2024
270000,77515,FAREMOUTIERS,77,Maison,138,5,500,2024
270000,77515,FAREMOUTIERS,77,Local industriel. commercial ou assimilé,12,0,500,2024
270000,77515,FAREMOUTIERS,77,Maison,138,5,251,2024
200000,77660,SAINT JEAN LES DEUX JUMEAUX,77,Maison,80,3,80,2024
200000,77660,SAINT JEAN LES DEUX JUMEAUX,77,Maison,80,3,1403,2024
271000,77124,CREGY-LES-MEAUX,77,Maison,76,4,400,2024
145000,77160,SAINT-BRICE,77,Maison,81,3,600,2024
145000,77160,SAINT-BRICE,77,Maison,81,3,375,2024
220000,77230,JUILLY,77,Maison,65,4,242,2024
290000,77515,POMMEUSE,77,Maison,91,5,766,2024
290000,77515,POMMEUSE,77,Maison,91,5,1465,2024
324719,77515,POMMEUSE,77,Maison,127,6,774,2024
324719,77515,POMMEUSE,77,Maison,127,6,247,2024
169000,77410,VILLEVAUDE,77,Maison,84,4,169,2024
228000,77515,SAINT-AUGUSTIN,77,Dépendance,0,0,129,2024
228000,77515,SAINT-AUGUSTIN,77,Maison,84,4,129,2024
431750,77700,COUPVRAY,77,Dépendance,0,0,500,2024
431750,77700,COUPVRAY,77,Dépendance,0,0,1172,2024
431750,77700,COUPVRAY,77,Maison,170,6,1172,2024
431750,77700,COUPVRAY,77,Maison,170,6,500,2024
500000,77400,LAGNY-SUR-MARNE,77,Maison,93,5,440,2024
500000,77400,LAGNY-SUR-MARNE,77,Dépendance,0,0,440,2024
350850,77181,COURTRY,77,Dépendance,0,0,561,2024
350850,77181,COURTRY,77,Maison,133,4,561,2024
340000,77500,CHELLES,77,Maison,149,6,350,2024
340000,77500,CHELLES,77,Dépendance,0,0,350,2024
57000,77260,LA FERTE SOUS JOUARRE,77,Maison,41,1,83,2024
199000,77124,PENCHARD,77,Maison,69,4,400,2024
199000,77124,PENCHARD,77,Maison,69,4,304,2024
271000,77540,ROZAY-EN-BRIE,77,Dépendance,0,0,500,2024
271000,77540,ROZAY-EN-BRIE,77,Dépendance,0,0,436,2024
271000,77540,ROZAY-EN-BRIE,77,Maison,127,6,436,2024
271000,77540,ROZAY-EN-BRIE,77,Maison,127,6,500,2024
270000,77100,MEAUX,77,Maison,127,5,410,2024
270000,77730,SAACY-SUR-MARNE,77,Maison,115,5,988,2024
270000,77730,SAACY-SUR-MARNE,77,Dépendance,0,0,988,2024
86000,77410,CLAYE-SOUILLY,77,Dépendance,0,0,13,2024
86000,77410,CLAYE-SOUILLY,77,Appartement,32,2,36,2024
261000,77177,BROU-SUR-CHANTEREINE,77,Maison,50,3,427,2024
315000,77650,SAINTE-COLOMBE,77,Maison,151,6,585,2024
340000,77400,LAGNY-SUR-MARNE,77,Maison,104,5,174,2024
340000,77450,TRILBARDOU,77,Maison,94,4,308,2024
400000,77230,LONGPERRIER,77,Local industriel. commercial ou assimilé,2280,0,2235,2024
400000,77230,LONGPERRIER,77,Local industriel. commercial ou assimilé,344,0,2235,2024
105000,77370,VIEUX-CHAMPAGNE,77,Maison,48,1,385,2024
105000,77370,VIEUX-CHAMPAGNE,77,Dépendance,0,0,385,2024
215000,77100,MEAUX,77,Maison,135,5,623,2024
130000,77260,LA FERTE SOUS JOUARRE,77,Maison,90,4,94,2024
297000,77260,LA FERTE SOUS JOUARRE,77,Maison,190,6,194,2024
245150,77650,LIZINES,77,Maison,124,5,174,2024
268000,77178,SAINT-PATHUS,77,Maison,119,7,594,2024
345000,77440,ARMENTIERES-EN-BRIE,77,Maison,95,5,500,2024
345000,77440,ARMENTIERES-EN-BRIE,77,Maison,95,5,279,2024
284000,77280,OTHIS,77,Maison,125,6,244,2024
284000,77280,OTHIS,77,Dépendance,0,0,244,2024
284000,77100,MEAUX,77,Maison,109,5,558,2024
272000,77124,CHAUCONIN-NEUFMONTIERS,77,Maison,87,4,310,2024
153000,77660,CHANGIS-SUR-MARNE,77,Maison,42,2,490,2024
276000,77280,OTHIS,77,Maison,102,5,746,2024
120000,77440,CONGIS-SUR-THEROUANNE,77,Maison,71,4,252,2024
120000,77440,CONGIS-SUR-THEROUANNE,77,Dépendance,0,0,252,2024
610000,77120,COULOMMIERS,77,Local industriel. commercial ou assimilé,6099,0,3445,2024
350000,77230,DAMMARTIN-EN-GOELE,77,Maison,129,5,615,2024
1100000,77290,COMPANS,77,Maison,85,4,40000,2024
194260,77660,SAINT JEAN LES DEUX JUMEAUX,77,Maison,80,4,73,2024
12000,77139,ETREPILLY,77,Dépendance,0,0,34,2024
280000,77515,FAREMOUTIERS,77,Maison,113,5,250,2024
280000,77515,FAREMOUTIERS,77,Maison,113,5,877,2024
310000,77910,VARREDDES,77,Maison,87,5,164,2024
320000,77178,SAINT-PATHUS,77,Maison,110,5,500,2024
320000,77178,SAINT-PATHUS,77,Maison,110,5,521,2024
265000,77400,LAGNY-SUR-MARNE,77,Maison,112,5,110,2024
330000,77580,GUERARD,77,Dépendance,0,0,4600,2024
330000,77580,GUERARD,77,Maison,117,5,4600,2024
330000,77580,GUERARD,77,Dépendance,0,0,1315,2024
330000,77580,GUERARD,77,Maison,117,5,1315,2024
496500,77500,CHELLES,77,Maison,76,4,550,2024
80000,77120,COULOMMIERS,77,Dépendance,0,0,120,2024
282450,77580,MAISONCELLES-EN-BRIE,77,Maison,132,5,586,2024
467500,77860,COUILLY-PONT-AUX-DAMES,77,Appartement,65,4,62,2024
467500,77860,COUILLY-PONT-AUX-DAMES,77,Dépendance,0,0,62,2024
467500,77860,COUILLY-PONT-AUX-DAMES,77,Appartement,30,2,62,2024
467500,77860,COUILLY-PONT-AUX-DAMES,77,Appartement,51,4,62,2024
467500,77860,COUILLY-PONT-AUX-DAMES,77,Dépendance,0,0,20,2024
364000,77580,LA HAUTE-MAISON,77,Dépendance,0,0,618,2024
364000,77580,LA HAUTE-MAISON,77,Maison,180,6,618,2024
364000,77580,LA HAUTE-MAISON,77,Maison,180,6,500,2024
364000,77580,LA HAUTE-MAISON,77,Dépendance,0,0,500,2024
321828,77163,DAMMARTIN-SUR-TIGEAUX,77,Maison,122,5,835,2024
321828,77163,DAMMARTIN-SUR-TIGEAUX,77,Dépendance,0,0,250,2024
321828,77163,DAMMARTIN-SUR-TIGEAUX,77,Maison,122,5,250,2024
321828,77163,DAMMARTIN-SUR-TIGEAUX,77,Dépendance,0,0,835,2024
328000,77290,MITRY MORY,77,Maison,91,4,399,2024
324300,77163,DAMMARTIN-SUR-TIGEAUX,77,Maison,78,4,500,2024
265000,77515,SAINT-AUGUSTIN,77,Dépendance,0,0,500,2024
265000,77515,SAINT-AUGUSTIN,77,Dépendance,0,0,1830,2024
265000,77515,SAINT-AUGUSTIN,77,Maison,139,4,500,2024
265000,77515,SAINT-AUGUSTIN,77,Maison,139,4,1830,2024
410000,77860,SAINT-GERMAIN-SUR-MORIN,77,Maison,131,5,104,2024
410000,77860,SAINT-GERMAIN-SUR-MORIN,77,Maison,131,5,500,2024
370000,77440,JAIGNES,77,Maison,157,4,270,2024
370000,77440,JAIGNES,77,Dépendance,0,0,63,2024
370000,77440,JAIGNES,77,Dépendance,0,0,65,2024
410000,77700,BAILLY-ROMAINVILLIERS,77,Maison,97,5,191,2024
222000,77120,CHAILLY-EN-BRIE,77,Maison,158,7,193,2024
249920,77120,COULOMMIERS,77,Maison,163,5,68,2024
249920,77120,COULOMMIERS,77,Maison,163,5,860,2024
270000,77400,THORIGNY SUR MARNE,77,Maison,66,3,550,2024
855000,77600,BUSSY-SAINT-GEORGES,77,Maison,203,7,500,2024
855000,77600,BUSSY-SAINT-GEORGES,77,Dépendance,0,0,234,2024
855000,77600,BUSSY-SAINT-GEORGES,77,Maison,203,7,234,2024
855000,77600,BUSSY-SAINT-GEORGES,77,Dépendance,0,0,500,2024
146000,77100,NANTEUIL-LES-MEAUX,77,Maison,60,3,34,2024
175000,77440,LIZY-SUR-OURCQ,77,Maison,104,6,500,2024
175000,77440,LIZY-SUR-OURCQ,77,Maison,104,6,340,2024
500000,77500,CHELLES,77,Maison,122,5,726,2024
110000,77840,CROUY-SUR-OURCQ,77,Maison,130,4,64,2024
110000,77840,CROUY-SUR-OURCQ,77,Dépendance,0,0,64,2024
260000,77440,MARY-SUR-MARNE,77,Dépendance,0,0,777,2024
260000,77440,MARY-SUR-MARNE,77,Maison,126,4,777,2024
631200,77360,VAIRES SUR MARNE,77,Maison,140,7,532,2024
631200,77360,VAIRES SUR MARNE,77,Dépendance,0,0,532,2024
631200,77360,VAIRES SUR MARNE,77,Maison,140,7,500,2024
631200,77360,VAIRES SUR MARNE,77,Dépendance,0,0,500,2024
250000,77370,NANGIS,77,Maison,60,3,229,2024
250000,77370,NANGIS,77,Local industriel. commercial ou assimilé,60,0,229,2024
92825,77145,MAY-EN-MULTIEN,77,Maison,80,1,985,2024
219000,77290,MITRY MORY,77,Maison,54,2,222,2024
219000,77290,MITRY MORY,77,Dépendance,0,0,222,2024
270000,77500,CHELLES,77,Maison,60,4,245,2024
285000,77400,LAGNY-SUR-MARNE,77,Maison,64,4,378,2024
408000,77410,CHARNY,77,Dépendance,0,0,218,2024
408000,77410,CHARNY,77,Maison,137,5,218,2024
147500,77540,LUMIGNY NESLES ORMEAUX,77,Maison,120,6,910,2024
147500,77540,LUMIGNY NESLES ORMEAUX,77,Dépendance,0,0,910,2024
147500,77540,LUMIGNY NESLES ORMEAUX,77,Maison,120,6,500,2024
147500,77540,LUMIGNY NESLES ORMEAUX,77,Dépendance,0,0,500,2024
212000,77370,CHAPELLE-RABLAIS (LA),77,Dépendance,0,0,197,2024
212000,77370,CHAPELLE-RABLAIS (LA),77,Maison,100,2,197,2024
239000,77450,MONTRY,77,Maison,43,3,168,2024
349000,77610,FONTENAY-TRESIGNY,77,Maison,73,3,640,2024
349000,77610,FONTENAY-TRESIGNY,77,Local industriel. commercial ou assimilé,130,0,640,2024
449850,77410,ANNET-SUR-MARNE,77,Maison,122,5,564,2024
449850,77410,ANNET-SUR-MARNE,77,Local industriel. commercial ou assimilé,61,0,564,2024
378000,77090,COLLEGIEN,77,Maison,114,6,260,2024
368000,77181,COURTRY,77,Maison,120,3,543,2024
220000,77124,PENCHARD,77,Maison,90,5,514,2024
530000,77164,FERRIERES-EN-BRIE,77,Maison,160,7,564,2024
2500000,77186,NOISIEL,77,Local industriel. commercial ou assimilé,878,0,26636,2024
2500000,77186,NOISIEL,77,Local industriel. commercial ou assimilé,430,0,26636,2024
2500000,77186,NOISIEL,77,Local industriel. commercial ou assimilé,3213,0,26636,2024
2500000,77186,NOISIEL,77,Maison,115,6,26636,2024
2500000,77186,NOISIEL,77,Local industriel. commercial ou assimilé,777,0,26636,2024
337300,77410,CHARNY,77,Maison,82,5,534,2024
344000,77660,CHANGIS-SUR-MARNE,77,Maison,120,5,412,2024
344000,77660,CHANGIS-SUR-MARNE,77,Maison,120,5,500,2024
2,77100,MEAUX,77,Local industriel. commercial ou assimilé,3322,0,4417,2024
250000,77400,DAMPMART,77,Appartement,24,1,85,2024
250000,77400,DAMPMART,77,Appartement,37,1,85,2024
250000,77400,DAMPMART,77,Appartement,34,1,85,2024
250000,77400,DAMPMART,77,Appartement,25,1,85,2024
250000,77400,DAMPMART,77,Dépendance,0,0,85,2024
135000,77320,CHOISY-EN-BRIE,77,Maison,70,3,169,2024
263000,77500,CHELLES,77,Dépendance,0,0,200,2024
263000,77500,CHELLES,77,Maison,91,5,200,2024
180000,77144,MONTEVRAIN,77,Dépendance,0,0,260,2024
180000,77144,MONTEVRAIN,77,Maison,96,4,260,2024
379000,77184,EMERAINVILLE,77,Maison,108,6,616,2024
237000,77290,MITRY MORY,77,Maison,48,3,356,2024
324329,77400,LAGNY-SUR-MARNE,77,Dépendance,0,0,563,2024
324329,77400,LAGNY-SUR-MARNE,77,Maison,103,6,563,2024
300000,77230,DAMMARTIN-EN-GOELE,77,Dépendance,0,0,928,2024
300000,77230,DAMMARTIN-EN-GOELE,77,Maison,139,7,928,2024
351200,77230,MOUSSY-LE-NEUF,77,Maison,96,4,500,2024
566675,77370,NANGIS,77,Dépendance,0,0,116,2024
566675,77370,NANGIS,77,Local industriel. commercial ou assimilé,80,0,116,2024
566675,77370,NANGIS,77,Appartement,85,3,116,2024
566675,77370,NANGIS,77,Appartement,32,1,116,2024
566675,77370,NANGIS,77,Appartement,74,3,116,2024
70000,77440,TANCROU,77,Maison,57,3,227,2024
70000,77440,TANCROU,77,Dépendance,0,0,30,2024
190000,77320,SAINT-MARTIN-DES-CHAMPS,77,Maison,86,5,693,2024
190000,77320,SAINT-MARTIN-DES-CHAMPS,77,Dépendance,0,0,324,2024
190000,77320,SAINT-MARTIN-DES-CHAMPS,77,Maison,86,5,324,2024
190000,77320,SAINT-MARTIN-DES-CHAMPS,77,Dépendance,0,0,693,2024
185000,77400,LAGNY-SUR-MARNE,77,Maison,120,6,371,2024
390000,77124,VILLENOY,77,Maison,120,5,233,2024
390000,77124,VILLENOY,77,Maison,120,5,500,2024
173000,77370,NANGIS,77,Maison,82,4,179,2024
291000,77178,SAINT-PATHUS,77,Maison,149,5,526,2024
291000,77178,SAINT-PATHUS,77,Dépendance,0,0,500,2024
291000,77178,SAINT-PATHUS,77,Maison,149,5,500,2024
291000,77178,SAINT-PATHUS,77,Dépendance,0,0,526,2024
315000,77290,MITRY MORY,77,Maison,89,4,399,2024
315000,77290,MITRY MORY,77,Dépendance,0,0,399,2024
180000,77580,VILLIERS-SUR-MORIN,77,Maison,35,2,72,2024
200000,77510,VILLENEUVE-SUR-BELLOT,77,Maison,93,3,500,2024
383720,77410,GRESSY,77,Maison,127,5,267,2024
383720,77410,GRESSY,77,Maison,127,5,500,2024
602400,77174,VILLENEUVE-SAINT-DENIS,77,Appartement,261,6,159,2024
335000,77400,LAGNY-SUR-MARNE,77,Maison,58,4,518,2024
335000,77400,LAGNY-SUR-MARNE,77,Dépendance,0,0,518,2024
142500,77290,MITRY MORY,77,Dépendance,0,0,298,2024
142500,77290,MITRY MORY,77,Maison,103,5,298,2024
240000,77124,VILLENOY,77,Maison,80,3,289,2024
363840,77500,CHELLES,77,Maison,112,5,424,2024
220000,77730,NANTEUIL-SUR-MARNE,77,Maison,122,5,340,2024
220000,77730,NANTEUIL-SUR-MARNE,77,Maison,122,5,1019,2024
220000,77730,NANTEUIL-SUR-MARNE,77,Dépendance,0,0,1019,2024
220000,77730,NANTEUIL-SUR-MARNE,77,Maison,122,5,134,2024
220000,77730,NANTEUIL-SUR-MARNE,77,Dépendance,0,0,134,2024
220000,77730,NANTEUIL-SUR-MARNE,77,Dépendance,0,0,340,2024
240000,77750,SAINT-OUEN-SUR-MORIN,77,Maison,98,4,342,2024
240000,77750,SAINT-OUEN-SUR-MORIN,77,Dépendance,0,0,342,2024
260000,77750,ORLY-SUR-MORIN,77,Maison,92,5,1127,2024
260000,77750,ORLY-SUR-MORIN,77,Maison,92,5,250,2024
260000,77750,ORLY-SUR-MORIN,77,Dépendance,0,0,250,2024
260000,77750,ORLY-SUR-MORIN,77,Dépendance,0,0,1127,2024
169000,77510,HONDEVILLIERS,77,Maison,115,5,250,2024
169000,77510,HONDEVILLIERS,77,Dépendance,0,0,250,2024
169000,77510,HONDEVILLIERS,77,Maison,115,5,698,2024
169000,77510,HONDEVILLIERS,77,Dépendance,0,0,698,2024
310000,77500,CHELLES,77,Dépendance,0,0,328,2024
310000,77500,CHELLES,77,Maison,80,4,328,2024
615000,77500,CHELLES,77,Dépendance,0,0,910,2024
615000,77500,CHELLES,77,Maison,166,5,910,2024
615000,77500,CHELLES,77,Dépendance,0,0,1916,2024
615000,77500,CHELLES,77,Maison,166,5,1916,2024
160000,77510,DOUE,77,Maison,97,3,176,2024
209000,77640,JOUARRE,77,Maison,80,3,700,2024
209000,77640,JOUARRE,77,Maison,80,3,500,2024
760000,77230,MOUSSY-LE-NEUF,77,Local industriel. commercial ou assimilé,3114,0,12922,2024
162000,77730,CITRY,77,Dépendance,0,0,228,2024
162000,77730,CITRY,77,Maison,75,3,228,2024
400000,77100,NANTEUIL-LES-MEAUX,77,Local industriel. commercial ou assimilé,135,0,988,2024
295000,77181,COURTRY,77,Maison,108,5,126,2024
350000,77470,VILLEMAREUIL,77,Maison,94,4,500,2024
350000,77470,VILLEMAREUIL,77,Maison,94,4,1012,2024
315000,77700,BAILLY-ROMAINVILLIERS,77,Dépendance,0,0,113,2024
315000,77700,BAILLY-ROMAINVILLIERS,77,Maison,77,3,113,2024
277900,77730,SAACY-SUR-MARNE,77,Maison,114,5,281,2024
277900,77730,SAACY-SUR-MARNE,77,Dépendance,0,0,281,2024
296600,77660,SAINT JEAN LES DEUX JUMEAUX,77,Maison,104,4,539,2024
303000,77450,MONTRY,77,Maison,72,4,416,2024
167000,77124,VILLENOY,77,Dépendance,0,0,219,2024
167000,77124,VILLENOY,77,Maison,60,3,219,2024
200000,77120,MOUROUX,77,Maison,84,5,555,2024
200000,77120,MOUROUX,77,Dépendance,0,0,14,2024
187000,77580,VILLIERS-SUR-MORIN,77,Dépendance,0,0,716,2024
187000,77580,VILLIERS-SUR-MORIN,77,Maison,80,3,716,2024
187000,77580,VILLIERS-SUR-MORIN,77,Maison,130,4,716,2024
467600,77450,ESBLY,77,Maison,105,5,459,2024
25000,77169,SAINT-SIMEON,77,Maison,60,4,150,2024
255000,77120,MOUROUX,77,Maison,79,3,196,2024
255000,77120,MOUROUX,77,Dépendance,0,0,196,2024
255000,77120,MOUROUX,77,Dépendance,0,0,500,2024
255000,77120,MOUROUX,77,Maison,79,3,500,2024
284000,77120,CHAILLY-EN-BRIE,77,Maison,150,6,500,2024
284000,77120,CHAILLY-EN-BRIE,77,Maison,150,6,641,2024
1700000,77440,LIZY-SUR-OURCQ,77,Local industriel. commercial ou assimilé,2675,0,18500,2024
240000,77320,JOUY-SUR-MORIN,77,Maison,105,6,250,2024
240000,77320,JOUY-SUR-MORIN,77,Maison,105,6,174,2024
270170,77580,VOULANGIS,77,Maison,95,4,150,2024
270170,77580,VOULANGIS,77,Dépendance,0,0,150,2024
175000,77480,BRAY-SUR-SEINE,77,Dépendance,0,0,457,2024
175000,77480,BRAY-SUR-SEINE,77,Maison,73,3,457,2024
690000,77174,VILLENEUVE-LE-COMTE,77,Maison,230,8,3080,2024
690000,77174,VILLENEUVE-LE-COMTE,77,Maison,230,8,500,2024
113000,77260,LA FERTE SOUS JOUARRE,77,Local industriel. commercial ou assimilé,17,0,45,2024
113000,77260,LA FERTE SOUS JOUARRE,77,Appartement,60,5,45,2024
360650,77515,SAINT-AUGUSTIN,77,Maison,103,5,250,2024
255000,77120,MOUROUX,77,Maison,67,2,612,2024
485000,77100,MEAUX,77,Appartement,18,1,70,2024
485000,77100,MEAUX,77,Appartement,19,1,70,2024
485000,77100,MEAUX,77,Appartement,24,1,70,2024
485000,77100,MEAUX,77,Appartement,17,1,70,2024
485000,77100,MEAUX,77,Appartement,27,1,70,2024
369000,77515,SAINT-AUGUSTIN,77,Maison,92,3,6622,2024
369000,77515,SAINT-AUGUSTIN,77,Maison,92,3,492,2024
369000,77515,SAINT-AUGUSTIN,77,Maison,92,3,4886,2024
244000,77260,LA FERTE SOUS JOUARRE,77,Maison,88,4,607,2024
199249,77480,VILLENAUXE-LA-PETITE,77,Appartement,98,4,560,2024
199249,77480,VILLENAUXE-LA-PETITE,77,Dépendance,0,0,560,2024
199249,77480,VILLENAUXE-LA-PETITE,77,Appartement,65,2,560,2024
87000,77230,JUILLY,77,Maison,49,2,25,2024
87000,77230,JUILLY,77,Dépendance,0,0,6,2024
385000,77290,MITRY MORY,77,Maison,128,7,444,2024
223000,77320,BETON-BAZOCHES,77,Maison,97,4,500,2024
316000,77540,ROZAY-EN-BRIE,77,Maison,118,6,763,2024
330510,77540,LUMIGNY NESLES ORMEAUX,77,Dépendance,0,0,307,2024
330510,77540,LUMIGNY NESLES ORMEAUX,77,Maison,180,6,307,2024
244000,77160,CHENOISE-CUCHARMOY,77,Dépendance,0,0,500,2024
244000,77160,CHENOISE-CUCHARMOY,77,Maison,190,7,568,2024
244000,77160,CHENOISE-CUCHARMOY,77,Dépendance,0,0,568,2024
244000,77160,CHENOISE-CUCHARMOY,77,Maison,190,7,500,2024
155000,77610,FONTENAY-TRESIGNY,77,Maison,133,4,364,2024
107200,77580,GUERARD,77,Maison,40,2,320,2024
173000,77230,DAMMARTIN-EN-GOELE,77,Maison,80,3,51,2024
230000,77515,SAINT-AUGUSTIN,77,Maison,80,3,256,2024
331200,77100,MEAUX,77,Maison,113,4,402,2024
670000,77440,LIZY-SUR-OURCQ,77,Appartement,136,5,1022,2024
670000,77440,LIZY-SUR-OURCQ,77,Appartement,142,5,1022,2024
670000,77440,LIZY-SUR-OURCQ,77,Appartement,90,4,1022,2024
670000,77440,LIZY-SUR-OURCQ,77,Appartement,80,3,1022,2024
670000,77440,LIZY-SUR-OURCQ,77,Appartement,75,3,1022,2024
670000,77440,LIZY-SUR-OURCQ,77,Appartement,110,4,1022,2024
427000,77600,CHANTELOUP EN BRIE,77,Maison,112,4,500,2024
427000,77600,CHANTELOUP EN BRIE,77,Maison,112,4,512,2024
427000,77600,CHANTELOUP EN BRIE,77,Dépendance,0,0,512,2024
427000,77600,CHANTELOUP EN BRIE,77,Dépendance,0,0,500,2024
200000,77480,JAULNES,77,Maison,117,4,985,2024
600000,77100,MEAUX,77,Local industriel. commercial ou assimilé,2202,0,1770,2024
600000,77100,MEAUX,77,Maison,75,2,1770,2024
105000,77320,FERTE-GAUCHER (LA),77,Maison,140,4,666,2024
105000,77320,FERTE-GAUCHER (LA),77,Local industriel. commercial ou assimilé,0,0,24,2024
56000,77260,LA FERTE SOUS JOUARRE,77,Maison,50,4,72,2024
190000,77410,PRECY-SUR-MARNE,77,Maison,60,4,32,2024
54000,77120,MOUROUX,77,Dépendance,0,0,42,2024
375000,77270,VILLEPARISIS,77,Maison,150,4,446,2024
720000,77100,NANTEUIL-LES-MEAUX,77,Appartement,31,1,800,2024
720000,77100,NANTEUIL-LES-MEAUX,77,Appartement,31,1,500,2024
272000,77540,LUMIGNY NESLES ORMEAUX,77,Maison,193,7,500,2024
272000,77540,LUMIGNY NESLES ORMEAUX,77,Maison,193,7,452,2024
227000,77169,SAINT-SIMEON,77,Maison,68,4,500,2024
227000,77169,SAINT-SIMEON,77,Maison,68,4,1686,2024
235980,77510,REBAIS,77,Maison,97,4,501,2024
105000,77580,VILLIERS-SUR-MORIN,77,Maison,50,2,581,2024
85000,77370,SAINT-JUST-EN-BRIE,77,Maison,68,2,1950,2024
250000,77450,CONDE-SAINTE-LIBIAIRE,77,Maison,70,4,260,2024
250000,77450,CONDE-SAINTE-LIBIAIRE,77,Dépendance,0,0,260,2024
500000,77700,BAILLY-ROMAINVILLIERS,77,Maison,130,8,503,2024
289000,77270,VILLEPARISIS,77,Maison,58,3,604,2024
289000,77270,VILLEPARISIS,77,Maison,58,3,61,2024
350000,77178,SAINT-PATHUS,77,Dépendance,0,0,500,2024
350000,77178,SAINT-PATHUS,77,Maison,118,5,500,2024
350000,77178,SAINT-PATHUS,77,Dépendance,0,0,430,2024
350000,77178,SAINT-PATHUS,77,Maison,118,5,430,2024
183000,77118,BALLOY,77,Maison,139,5,428,2024
345250,77500,CHELLES,77,Dépendance,0,0,455,2024
345250,77500,CHELLES,77,Maison,70,3,455,2024
243000,77260,LA FERTE SOUS JOUARRE,77,Maison,88,4,418,2024
243000,77260,LA FERTE SOUS JOUARRE,77,Maison,88,4,500,2024
200000,77139,VINCY-MANOEUVRE,77,Maison,128,5,298,2024
168000,77910,CHAMBRY,77,Maison,70,3,41,2024
49500,77750,ORLY-SUR-MORIN,77,Maison,26,1,75,2024
258000,77450,TRILBARDOU,77,Maison,50,2,157,2024
258000,77450,TRILBARDOU,77,Maison,16,1,157,2024
258000,77450,TRILBARDOU,77,Dépendance,0,0,157,2024
258000,77450,TRILBARDOU,77,Dépendance,0,0,500,2024
258000,77450,TRILBARDOU,77,Maison,16,1,500,2024
258000,77450,TRILBARDOU,77,Maison,50,2,500,2024
506000,77120,COULOMMIERS,77,Appartement,30,2,152,2024
506000,77120,COULOMMIERS,77,Appartement,35,2,152,2024
506000,77120,COULOMMIERS,77,Appartement,33,2,152,2024
506000,77120,COULOMMIERS,77,Appartement,38,2,152,2024
506000,77120,COULOMMIERS,77,Appartement,47,2,152,2024
506000,77120,COULOMMIERS,77,Local industriel. commercial ou assimilé,127,0,152,2024
100000,77185,LOGNES,77,Maison,89,5,168,2024
100000,77185,LOGNES,77,Dépendance,0,0,17,2024
249000,77169,SAINT-SIMEON,77,Appartement,45,2,191,2024
249000,77169,SAINT-SIMEON,77,Dépendance,0,0,191,2024
249000,77169,SAINT-SIMEON,77,Appartement,32,1,191,2024
249000,77169,SAINT-SIMEON,77,Appartement,51,2,191,2024
249000,77169,SAINT-SIMEON,77,Appartement,33,1,191,2024
249000,77169,SAINT-SIMEON,77,Appartement,30,1,191,2024
77000,77520,MONS-EN-MONTOIS,77,Maison,44,2,196,2024
133000,77480,SAINT-SAUVEUR-LES-BRAY,77,Maison,120,4,290,2024
133000,77480,SAINT-SAUVEUR-LES-BRAY,77,Dépendance,0,0,290,2024
208650,77480,SAINT-SAUVEUR-LES-BRAY,77,Maison,88,4,622,2024
360000,77610,CHAPELLES-BOURBON (LES),77,Maison,120,5,730,2024
350000,77100,NANTEUIL-LES-MEAUX,77,Maison,68,3,573,2024
289000,77610,FONTENAY-TRESIGNY,77,Maison,104,5,800,2024
171000,77320,FERTE-GAUCHER (LA),77,Maison,78,4,469,2024
220000,77320,SAINT-REMY-DE-LA-VANNE,77,Maison,111,4,250,2024
220000,77320,SAINT-REMY-DE-LA-VANNE,77,Maison,111,4,1254,2024
278000,77610,FONTENAY-TRESIGNY,77,Maison,20,1,265,2024
278000,77610,FONTENAY-TRESIGNY,77,Maison,90,4,265,2024
370000,77230,SAINT-MARD,77,Maison,121,6,500,2024
370000,77230,SAINT-MARD,77,Maison,121,6,316,2024
295000,77440,MARY-SUR-MARNE,77,Maison,154,7,678,2024
160000,77160,PROVINS,77,Dépendance,0,0,555,2024
160000,77160,PROVINS,77,Maison,126,4,555,2024
153000,77171,SOURDUN,77,Maison,65,3,681,2024
190000,77171,CHALAUTRE-LA-GRANDE,77,Maison,87,4,467,2024
1,77970,JOUY-LE-CHATEL,77,Local industriel. commercial ou assimilé,50,0,4515,2024
1,77970,JOUY-LE-CHATEL,77,Local industriel. commercial ou assimilé,11,0,4515,2024
410000,77114,NOYEN-SUR-SEINE,77,Maison,25,1,436,2024
410000,77114,NOYEN-SUR-SEINE,77,Dépendance,0,0,436,2024
410000,77114,NOYEN-SUR-SEINE,77,Maison,230,8,436,2024
182180,77520,THENISY,77,Maison,119,4,655,2024
291600,77270,VILLEPARISIS,77,Appartement,34,1,438,2024
291600,77270,VILLEPARISIS,77,Appartement,22,1,438,2024
291600,77270,VILLEPARISIS,77,Appartement,37,2,438,2024
160000,77650,SAVINS,77,Maison,64,3,752,2024
160000,77650,SAVINS,77,Dépendance,0,0,752,2024
38000,77580,GUERARD,77,Dépendance,0,0,914,2024
1322000,77580,GUERARD,77,Dépendance,0,0,10,2024
1322000,77580,GUERARD,77,Maison,214,6,10,2024
140000,77650,SAINTE-COLOMBE,77,Maison,82,4,720,2024
790000,77700,BAILLY-ROMAINVILLIERS,77,Local industriel. commercial ou assimilé,344,0,900,2024
152000,77480,JAULNES,77,Maison,76,3,172,2024
340500,77500,CHELLES,77,Maison,80,3,384,2024
340500,77500,CHELLES,77,Dépendance,0,0,384,2024
29669,77120,MOUROUX,77,Maison,135,6,641,2024
305000,77163,MORTCERF,77,Maison,228,7,350,2024
305000,77163,MORTCERF,77,Maison,228,7,322,2024
305000,77163,MORTCERF,77,Maison,228,7,500,2024
74000,77520,VIMPELLES,77,Dépendance,0,0,193,2024
74000,77520,VIMPELLES,77,Maison,24,1,193,2024
157498,77124,CHAUCONIN-NEUFMONTIERS,77,Maison,90,3,245,2024
157498,77124,CHAUCONIN-NEUFMONTIERS,77,Dépendance,0,0,245,2024
300000,77290,MITRY MORY,77,Maison,88,5,446,2024
300000,77860,COUILLY-PONT-AUX-DAMES,77,Local industriel. commercial ou assimilé,0,0,500,2024
300000,77860,COUILLY-PONT-AUX-DAMES,77,Maison,166,6,500,2024
300000,77860,COUILLY-PONT-AUX-DAMES,77,Local industriel. commercial ou assimilé,0,0,1935,2024
300000,77860,COUILLY-PONT-AUX-DAMES,77,Maison,166,6,1935,2024
200000,77510,SAINT-DENIS-LES-REBAIS,77,Maison,110,5,500,2024
200000,77510,SAINT-DENIS-LES-REBAIS,77,Maison,110,5,1025,2024
227900,77860,SAINT-GERMAIN-SUR-MORIN,77,Maison,78,4,629,2024
227900,77860,SAINT-GERMAIN-SUR-MORIN,77,Dépendance,0,0,629,2024
215000,77650,CHALMAISON,77,Maison,135,7,500,2024
215000,77650,CHALMAISON,77,Maison,135,7,438,2024
295000,77144,MONTEVRAIN,77,Maison,160,5,33,2024
20000,77860,COUILLY-PONT-AUX-DAMES,77,Dépendance,0,0,670,2024
325000,77540,LUMIGNY NESLES ORMEAUX,77,Dépendance,0,0,500,2024
325000,77540,LUMIGNY NESLES ORMEAUX,77,Dépendance,0,0,697,2024
325000,77540,LUMIGNY NESLES ORMEAUX,77,Maison,159,5,500,2024
325000,77540,LUMIGNY NESLES ORMEAUX,77,Maison,159,5,697,2024
319000,77270,VILLEPARISIS,77,Maison,93,4,452,2024
285000,77410,GRESSY,77,Maison,138,8,500,2024
285000,77410,GRESSY,77,Maison,138,8,371,2024
114000,77520,MONTIGNY-LENCOUP,77,Maison,85,2,752,2024
114000,77520,MONTIGNY-LENCOUP,77,Dépendance,0,0,752,2024
114000,77520,MONTIGNY-LENCOUP,77,Dépendance,0,0,42,2024
270000,77580,MAISONCELLES-EN-BRIE,77,Appartement,40,2,958,2024
292000,77270,VILLEPARISIS,77,Dépendance,0,0,300,2024
292000,77270,VILLEPARISIS,77,Maison,74,4,300,2024
129000,77370,MAISON-ROUGE,77,Maison,67,3,900,2024
175000,77124,CHAUCONIN-NEUFMONTIERS,77,Maison,63,3,582,2024
137000,77440,VENDREST,77,Maison,60,4,140,2024
205000,77120,COULOMMIERS,77,Maison,69,4,580,2024
9500,77139,ETREPILLY,77,Dépendance,0,0,34,2024
548220,77700,MAGNY-LE-HONGRE,77,Maison,128,6,485,2024
548220,77700,MAGNY-LE-HONGRE,77,Appartement,12,1,485,2024
548220,77700,MAGNY-LE-HONGRE,77,Dépendance,0,0,485,2024
270000,77470,TRILPORT,77,Maison,89,5,464,2024
270000,77470,TRILPORT,77,Dépendance,0,0,464,2024
302000,77100,MEAUX,77,Maison,109,5,541,2024
140721,77510,DOUE,77,Maison,107,5,65,2024
254500,77169,BOISSY-LE-CHATEL,77,Maison,134,6,22,2024
155000,77120,COULOMMIERS,77,Maison,78,4,553,2024
155000,77120,COULOMMIERS,77,Maison,78,4,376,2024
180000,77120,MOUROUX,77,Maison,100,3,503,2024
180000,77120,MOUROUX,77,Dépendance,0,0,14,2024
228000,77640,JOUARRE,77,Maison,98,6,240,2024
228000,77640,JOUARRE,77,Maison,98,6,500,2024
460245,77860,QUINCY-VOISINS,77,Maison,146,5,107,2024
460245,77860,QUINCY-VOISINS,77,Maison,146,5,500,2024
130000,77320,FERTE-GAUCHER (LA),77,Maison,52,3,573,2024
140000,77510,VILLENEUVE-SUR-BELLOT,77,Appartement,72,3,59,2024
140000,77510,VILLENEUVE-SUR-BELLOT,77,Appartement,35,1,59,2024
80000,77510,VILLENEUVE-SUR-BELLOT,77,Maison,63,2,2060,2024
80000,77510,VILLENEUVE-SUR-BELLOT,77,Dépendance,0,0,2060,2024
80000,77510,VILLENEUVE-SUR-BELLOT,77,Dépendance,0,0,160,2024
80000,77510,VILLENEUVE-SUR-BELLOT,77,Dépendance,0,0,600,2024
80000,77510,VILLENEUVE-SUR-BELLOT,77,Maison,63,2,160,2024
80000,77510,VILLENEUVE-SUR-BELLOT,77,Maison,63,2,600,2024
271400,77510,SAINT-LEGER,77,Maison,75,4,250,2024
271400,77510,SAINT-LEGER,77,Maison,75,4,1028,2024
370000,77420,CHAMPS-SUR-MARNE,77,Maison,114,6,296,2024
104992,77910,GERMIGNY-L EVEQUE,77,Maison,149,6,533,2024
250000,77290,MITRY MORY,77,Maison,54,3,233,2024
190000,77860,QUINCY-VOISINS,77,Maison,94,4,105,2024
190000,77860,QUINCY-VOISINS,77,Dépendance,0,0,291,2024
237000,77580,CRECY LA CHAPELLE,77,Maison,91,6,96,2024
237000,77580,CRECY LA CHAPELLE,77,Dépendance,0,0,96,2024
620000,77100,MEAUX,77,Appartement,43,2,118,2024
620000,77100,MEAUX,77,Appartement,50,3,118,2024
620000,77100,MEAUX,77,Appartement,41,1,118,2024
620000,77100,MEAUX,77,Appartement,31,2,118,2024
620000,77100,MEAUX,77,Local industriel. commercial ou assimilé,88,0,118,2024
344450,77100,MEAUX,77,Maison,80,4,450,2024
346000,77120,MOUROUX,77,Dépendance,0,0,500,2024
346000,77120,MOUROUX,77,Maison,155,5,303,2024
346000,77120,MOUROUX,77,Dépendance,0,0,303,2024
346000,77120,MOUROUX,77,Maison,155,5,500,2024
346000,77120,MOUROUX,77,Dépendance,0,0,210,2024
6700000,77420,CHAMPS-SUR-MARNE,77,Appartement,75,3,2109,2024
6700000,77420,CHAMPS-SUR-MARNE,77,Appartement,87,4,2109,2024
6700000,77420,CHAMPS-SUR-MARNE,77,Appartement,109,5,2109,2024
6700000,77420,CHAMPS-SUR-MARNE,77,Appartement,63,2,2109,2024
6700000,77420,CHAMPS-SUR-MARNE,77,Dépendance,0,0,2109,2024
6700000,77420,CHAMPS-SUR-MARNE,77,Appartement,84,3,2109,2024
6700000,77420,CHAMPS-SUR-MARNE,77,Appartement,114,4,2109,2024
6700000,77420,CHAMPS-SUR-MARNE,77,Appartement,44,1,2109,2024
6700000,77420,CHAMPS-SUR-MARNE,77,Appartement,65,2,2109,2024
6700000,77420,CHAMPS-SUR-MARNE,77,Appartement,40,1,2109,2024
6700000,77420,CHAMPS-SUR-MARNE,77,Appartement,143,5,2109,2024
310000,77580,GUERARD,77,Maison,137,7,443,2024
310000,77580,GUERARD,77,Dépendance,0,0,443,2024
281000,77120,COULOMMIERS,77,Maison,104,4,287,2024
170000,77174,VILLENEUVE-LE-COMTE,77,Maison,75,3,189,2024
179000,77450,ISLES-LES-VILLENOY,77,Dépendance,0,0,565,2024
179000,77450,ISLES-LES-VILLENOY,77,Maison,40,2,565,2024
391801,77100,MAREUIL-LES-MEAUX,77,Maison,88,5,500,2024
391801,77100,MAREUIL-LES-MEAUX,77,Maison,88,5,439,2024
630000,77186,NOISIEL,77,Local industriel. commercial ou assimilé,886,0,1134,2024
190000,77260,LA FERTE SOUS JOUARRE,77,Maison,70,3,466,2024
190000,77260,LA FERTE SOUS JOUARRE,77,Dépendance,0,0,466,2024
320000,77400,SAINT THIBAULT DES VIGNES,77,Maison,72,2,377,2024
456380,77160,PROVINS,77,Local industriel. commercial ou assimilé,3053,0,6500,2024
195000,77118,BAZOCHES LES BRAY,77,Maison,103,6,813,2024
110000,77520,GURCY-LE-CHATEL,77,Maison,65,2,291,2024
250000,77400,THORIGNY SUR MARNE,77,Maison,183,5,2022,2024
250000,77400,THORIGNY SUR MARNE,77,Maison,183,5,500,2024
250000,77400,THORIGNY SUR MARNE,77,Dépendance,0,0,2022,2024
250000,77400,THORIGNY SUR MARNE,77,Dépendance,0,0,500,2024
318350,77163,MORTCERF,77,Maison,90,4,674,2024
181900,77480,BRAY-SUR-SEINE,77,Dépendance,0,0,52,2024
181900,77480,BRAY-SUR-SEINE,77,Dépendance,0,0,439,2024
181900,77480,BRAY-SUR-SEINE,77,Maison,75,4,162,2024
4500000,77290,MITRY MORY,77,Local industriel. commercial ou assimilé,7287,0,7604,2024
350000,77470,FUBLAINES,77,Maison,94,5,500,2024
350000,77470,FUBLAINES,77,Maison,94,5,589,2024
2522000,77230,DAMMARTIN-EN-GOELE,77,Appartement,40,3,280,2024
2522000,77230,DAMMARTIN-EN-GOELE,77,Local industriel. commercial ou assimilé,56,0,280,2024
2522000,77230,DAMMARTIN-EN-GOELE,77,Appartement,30,1,100,2024
2522000,77230,DAMMARTIN-EN-GOELE,77,Maison,107,4,100,2024
2522000,77230,DAMMARTIN-EN-GOELE,77,Local industriel. commercial ou assimilé,58,0,351,2024
2522000,77230,DAMMARTIN-EN-GOELE,77,Appartement,40,2,351,2024
2522000,77230,DAMMARTIN-EN-GOELE,77,Appartement,77,4,351,2024
2522000,77230,DAMMARTIN-EN-GOELE,77,Dépendance,0,0,351,2024
2522000,77230,DAMMARTIN-EN-GOELE,77,Local industriel. commercial ou assimilé,76,0,351,2024
2522000,77230,DAMMARTIN-EN-GOELE,77,Appartement,62,3,351,2024
2522000,77230,DAMMARTIN-EN-GOELE,77,Appartement,57,3,351,2024
349000,77360,VAIRES SUR MARNE,77,Dépendance,0,0,623,2024
349000,77360,VAIRES SUR MARNE,77,Maison,84,3,623,2024
294000,77470,TRILPORT,77,Maison,87,4,320,2024
326000,77450,ISLES-LES-VILLENOY,77,Maison,105,4,345,2024
326000,77450,ISLES-LES-VILLENOY,77,Dépendance,0,0,345,2024
500000,77910,VARREDDES,77,Maison,123,4,500,2024
500000,77910,VARREDDES,77,Maison,123,4,498,2024
507200,77450,CONDE-SAINTE-LIBIAIRE,77,Maison,147,4,1342,2024
507200,77450,CONDE-SAINTE-LIBIAIRE,77,Maison,147,4,500,2024
227000,77160,PROVINS,77,Dépendance,0,0,635,2024
227000,77160,PROVINS,77,Maison,110,5,635,2024
405000,77410,ANNET-SUR-MARNE,77,Maison,80,4,997,2024
147000,77320,LEUDON-EN-BRIE,77,Dépendance,0,0,883,2024
147000,77320,LEUDON-EN-BRIE,77,Maison,114,6,883,2024
4680000,77370,CHAPELLE-RABLAIS (LA),77,Dépendance,0,0,840,2024
4680000,77370,CHAPELLE-RABLAIS (LA),77,Maison,112,3,840,2024
4680000,77370,CHAPELLE-RABLAIS (LA),77,Local industriel. commercial ou assimilé,0,0,24320,2024
4680000,77370,CHAPELLE-RABLAIS (LA),77,Maison,60,2,17027,2024
4680000,77370,CHAPELLE-RABLAIS (LA),77,Local industriel. commercial ou assimilé,0,0,17027,2024
4680000,77370,CHAPELLE-RABLAIS (LA),77,Dépendance,0,0,17027,2024
4680000,77370,CHAPELLE-RABLAIS (LA),77,Local industriel. commercial ou assimilé,0,0,14080,2024
4680000,77370,CHAPELLE-RABLAIS (LA),77,Maison,60,2,24320,2024
4680000,77370,CHAPELLE-RABLAIS (LA),77,Dépendance,0,0,24320,2024
4680000,77370,CHAPELLE-RABLAIS (LA),77,Dépendance,0,0,14080,2024
4680000,77370,CHAPELLE-RABLAIS (LA),77,Local industriel. commercial ou assimilé,96,0,24320,2024
4680000,77370,CHAPELLE-RABLAIS (LA),77,Local industriel. commercial ou assimilé,96,0,14080,2024
4680000,77370,CHAPELLE-RABLAIS (LA),77,Maison,60,2,14080,2024
4680000,77370,CHAPELLE-RABLAIS (LA),77,Local industriel. commercial ou assimilé,96,0,83000,2024
4680000,77370,CHAPELLE-RABLAIS (LA),77,Local industriel. commercial ou assimilé,0,0,22000,2024
4680000,77370,CHAPELLE-RABLAIS (LA),77,Maison,60,2,22000,2024
4680000,77370,CHAPELLE-RABLAIS (LA),77,Local industriel. commercial ou assimilé,96,0,17027,2024
4680000,77370,CHAPELLE-RABLAIS (LA),77,Dépendance,0,0,22000,2024
4680000,77370,CHAPELLE-RABLAIS (LA),77,Local industriel. commercial ou assimilé,96,0,22000,2024
4680000,77370,CHAPELLE-RABLAIS (LA),77,Maison,60,2,48000,2024
4680000,77370,CHAPELLE-RABLAIS (LA),77,Local industriel. commercial ou assimilé,0,0,48000,2024
4680000,77370,CHAPELLE-RABLAIS (LA),77,Dépendance,0,0,48000,2024
4680000,77370,CHAPELLE-RABLAIS (LA),77,Local industriel. commercial ou assimilé,96,0,48000,2024
4680000,77370,CHAPELLE-RABLAIS (LA),77,Maison,60,2,60792,2024
4680000,77370,CHAPELLE-RABLAIS (LA),77,Local industriel. commercial ou assimilé,0,0,60792,2024
4680000,77370,CHAPELLE-RABLAIS (LA),77,Dépendance,0,0,60792,2024
4680000,77370,CHAPELLE-RABLAIS (LA),77,Local industriel. commercial ou assimilé,96,0,60792,2024
4680000,77370,CHAPELLE-RABLAIS (LA),77,Maison,60,2,83000,2024
4680000,77370,CHAPELLE-RABLAIS (LA),77,Local industriel. commercial ou assimilé,0,0,83000,2024
4680000,77370,CHAPELLE-RABLAIS (LA),77,Dépendance,0,0,83000,2024
370000,77660,SAINT JEAN LES DEUX JUMEAUX,77,Maison,110,4,1333,2024
370000,77660,SAINT JEAN LES DEUX JUMEAUX,77,Maison,110,4,140,2024
280000,77181,COURTRY,77,Maison,72,3,671,2024
1270000,77500,CHELLES,77,Local industriel. commercial ou assimilé,1270,0,2408,2024
95500,77520,MONTIGNY-LENCOUP,77,Dépendance,0,0,277,2024
324000,77181,COURTRY,77,Maison,103,5,657,2024
310000,77260,SAINTE-AULDE,77,Maison,118,4,671,2024
310000,77260,SAINTE-AULDE,77,Maison,118,4,500,2024
140000,77520,LUISETAINES,77,Dépendance,0,0,1082,2024
140000,77520,LUISETAINES,77,Maison,80,2,1082,2024
242500,77860,QUINCY-VOISINS,77,Maison,80,3,92,2024
