property_value,postal_code,town_name,department_code,property_type,building_area,main_rooms,land_area,year
275000,78200,MAGNANVILLE,78,Maison,102,5,413,2022
1100000,78240,CHAMBOURCY,78,Maison,186,7,500,2022
1100000,78240,CHAMBOURCY,78,Maison,186,7,1854,2022
110000,78980,BREVAL,78,Dépendance,0,0,500,2022
110000,78980,BREVAL,78,Maison,45,3,500,2022
110000,78980,BREVAL,78,Dépendance,0,0,1897,2022
110000,78980,BREVAL,78,Maison,111,7,500,2022
110000,78980,BREVAL,78,Maison,45,3,1897,2022
110000,78980,BREVAL,78,Maison,111,7,1897,2022
360000,78410,AUBERGENVILLE,78,Maison,94,4,814,2022
116250,78990,ELANCOURT,78,Maison,97,4,343,2022
489000,78480,VERNEUIL SUR SEINE,78,Maison,158,6,127,2022
489000,78480,VERNEUIL SUR SEINE,78,Maison,158,6,992,2022
320000,78320,LEVIS-SAINT-NOM,78,Maison,93,4,623,2022
601700,78580,BAZEMONT,78,Maison,173,7,977,2022
310000,78980,NEAUPHLETTE,78,Maison,166,6,356,2022
635600,78610,BREVIAIRES (LES),78,Dépendance,0,0,500,2022
635600,78610,BREVIAIRES (LES),78,Dépendance,0,0,5481,2022
635600,78610,BREVIAIRES (LES),78,Maison,159,6,900,2022
635600,78610,BREVIAIRES (LES),78,Maison,159,6,500,2022
635600,78610,BREVIAIRES (LES),78,Dépendance,0,0,900,2022
635600,78610,BREVIAIRES (LES),78,Maison,159,6,5481,2022
1190000,78220,VIROFLAY,78,Maison,137,6,398,2022
1318784,78230,PECQ (LE),78,Maison,135,4,579,2022
445000,78280,GUYANCOURT,78,Maison,120,6,370,2022
345000,78990,ELANCOURT,78,Maison,97,4,292,2022
566000,78960,VOISINS-LE-BRETONNEUX,78,Maison,105,4,331,2022
136000,78680,EPONE,78,Maison,145,5,500,2022
136000,78680,EPONE,78,Maison,145,5,268,2022
325000,78120,RAMBOUILLET,78,Local industriel. commercial ou assimilé,423,0,1000,2022
170000,78770,THOIRY,78,Maison,35,2,37,2022
170000,78770,THOIRY,78,Maison,35,2,1518,2022
653300,78400,CHATOU,78,Maison,63,3,523,2022
749600,78400,CHATOU,78,Maison,107,4,263,2022
516000,78390,BOIS D ARCY,78,Maison,114,5,397,2022
250000,78360,MONTESSON,78,Appartement,54,3,255,2022
1245300,78600,MESNIL-LE-ROI (LE),78,Maison,203,6,546,2022
510000,78800,HOUILLES,78,Maison,85,4,90,2022
562300,78340,CLAYES-SOUS-BOIS (LES),78,Maison,120,4,300,2022
283950,78820,JUZIERS,78,Maison,96,5,491,2022
283950,78820,JUZIERS,78,Dépendance,0,0,491,2022
275000,78200,MAGNANVILLE,78,Dépendance,0,0,747,2022
275000,78200,MAGNANVILLE,78,Appartement,59,3,747,2022
275000,78200,MAGNANVILLE,78,Appartement,81,2,747,2022
755000,78100,SAINT-GERMAIN-EN-LAYE,78,Maison,133,6,498,2022
460000,78480,VERNEUIL SUR SEINE,78,Maison,96,5,533,2022
285000,78550,GRESSEY,78,Maison,87,4,500,2022
285000,78550,GRESSEY,78,Maison,87,4,570,2022
455000,78920,ECQUEVILLY,78,Maison,103,5,708,2022
308250,78510,TRIEL SUR SEINE,78,Maison,75,5,64,2022
305000,78800,HOUILLES,78,Maison,57,3,135,2022
290000,78270,NOTRE-DAME-DE-LA-MER,78,Maison,122,6,500,2022
290000,78270,NOTRE-DAME-DE-LA-MER,78,Maison,122,6,1188,2022
321000,78410,NEZEL,78,Maison,115,5,551,2022
397880,78820,JUZIERS,78,Maison,129,5,600,2022
1147400,78380,BOUGIVAL,78,Maison,135,5,383,2022
1147400,78380,BOUGIVAL,78,Dépendance,0,0,383,2022
278600,78310,MAUREPAS,78,Maison,85,4,113,2022
1050000,78110,VESINET (LE),78,Maison,106,4,393,2022
67803,78711,MANTES-LA-VILLE,78,Maison,85,4,290,2022
600000,78700,CONFLANS SAINTE HONORINE,78,Maison,92,6,201,2022
600000,78700,CONFLANS SAINTE HONORINE,78,Maison,92,6,605,2022
595515,78370,PLAISIR,78,Maison,130,5,1413,2022
595515,78370,PLAISIR,78,Dépendance,0,0,1413,2022
410000,78310,MAUREPAS,78,Maison,142,6,209,2022
296000,78500,SARTROUVILLE,78,Dépendance,0,0,115,2022
296000,78500,SARTROUVILLE,78,Maison,41,3,115,2022
284100,78970,MEZIERES-SUR-SEINE,78,Maison,97,4,154,2022
405000,78510,TRIEL SUR SEINE,78,Maison,113,6,320,2022
567725,78830,BULLION,78,Maison,82,4,515,2022
567725,78830,BULLION,78,Dépendance,0,0,515,2022
558950,78690,ESSARTS-LE-ROI (LES),78,Maison,204,7,500,2022
558950,78690,ESSARTS-LE-ROI (LES),78,Maison,204,7,1004,2022
305000,78710,ROSNY-SUR-SEINE,78,Maison,90,4,502,2022
380000,78120,RAMBOUILLET,78,Local industriel. commercial ou assimilé,98,0,278,2022
285000,78130,CHAPET,78,Maison,114,4,495,2022
481250,78390,BOIS D ARCY,78,Dépendance,0,0,324,2022
481250,78390,BOIS D ARCY,78,Maison,74,3,324,2022
470000,78790,ROSAY,78,Maison,210,7,1210,2022
470000,78790,ROSAY,78,Dépendance,0,0,1210,2022
282200,78500,SARTROUVILLE,78,Maison,76,4,441,2022
495000,78670,VILLENNES-SUR-SEINE,78,Maison,100,5,286,2022
317765,78650,BEYNES,78,Dépendance,0,0,458,2022
317765,78650,BEYNES,78,Maison,82,4,458,2022
504100,78370,PLAISIR,78,Maison,102,4,736,2022
1550000,78100,SAINT-GERMAIN-EN-LAYE,78,Dépendance,0,0,104,2022
1550000,78100,SAINT-GERMAIN-EN-LAYE,78,Appartement,25,2,104,2022
1550000,78100,SAINT-GERMAIN-EN-LAYE,78,Appartement,66,3,104,2022
1550000,78100,SAINT-GERMAIN-EN-LAYE,78,Appartement,63,3,104,2022
1550000,78100,SAINT-GERMAIN-EN-LAYE,78,Appartement,60,3,104,2022
436150,78300,POISSY,78,Maison,82,4,129,2022
384726,78850,THIVERVAL-GRIGNON,78,Maison,81,4,166,2022
389500,78370,PLAISIR,78,Maison,139,6,160,2022
526030,78580,MAULE,78,Maison,146,6,500,2022
526030,78580,MAULE,78,Maison,146,6,605,2022
300820,78340,CLAYES-SOUS-BOIS (LES),78,Maison,63,4,327,2022
625000,78120,RAMBOUILLET,78,Maison,148,6,400,2022
340500,78310,MAUREPAS,78,Maison,85,4,202,2022
340500,78310,MAUREPAS,78,Dépendance,0,0,20,2022
334000,78310,MAUREPAS,78,Maison,83,5,509,2022
208300,78490,GALLUIS,78,Maison,45,2,61,2022
660500,78630,ORGEVAL,78,Maison,166,7,513,2022
125000,78270,LOMMOYE,78,Maison,121,5,440,2022
1093040,78000,VERSAILLES,78,Maison,115,6,237,2022
412500,78630,MORAINVILLIERS,78,Maison,179,7,271,2022
861631,78450,CHAVENAY,78,Maison,253,10,528,2022
861631,78450,CHAVENAY,78,Maison,253,10,500,2022
322000,78700,CONFLANS SAINTE HONORINE,78,Maison,96,5,146,2022
378000,78121,CRESPIERES,78,Maison,64,3,250,2022
631000,78630,ORGEVAL,78,Maison,125,5,427,2022
150000,78650,BEYNES,78,Dépendance,0,0,235,2022
150000,78650,BEYNES,78,Maison,80,5,235,2022
516580,78120,RAMBOUILLET,78,Maison,137,6,406,2022
650000,78980,LONGNES,78,Maison,179,5,1470,2022
650000,78980,LONGNES,78,Maison,9,1,1470,2022
650000,78980,LONGNES,78,Maison,20,2,1470,2022
650000,78980,LONGNES,78,Maison,71,2,1470,2022
364000,78510,TRIEL SUR SEINE,78,Maison,70,4,383,2022
375000,78510,TRIEL SUR SEINE,78,Maison,72,2,491,2022
438950,78955,CARRIERES SOUS POISSY,78,Maison,130,5,198,2022
393650,78125,POIGNY-LA-FORET,78,Maison,108,4,216,2022
310050,78930,AUFFREVILLE-BRASSEUIL,78,Maison,99,4,3994,2022
310050,78930,AUFFREVILLE-BRASSEUIL,78,Maison,99,4,104,2022
249600,78440,GARGENVILLE,78,Maison,70,4,341,2022
431600,78955,CARRIERES SOUS POISSY,78,Maison,70,3,502,2022
430180,78260,ACHERES,78,Dépendance,0,0,372,2022
430180,78260,ACHERES,78,Maison,75,3,372,2022
1100000,78860,SAINT-NOM-LA-BRETECHE,78,Maison,179,7,1087,2022
1100000,78860,SAINT-NOM-LA-BRETECHE,78,Dépendance,0,0,1087,2022
348000,78310,MAUREPAS,78,Maison,134,7,233,2022
334750,78120,RAMBOUILLET,78,Maison,70,4,275,2022
1076000,78490,GROSROUVRE,78,Maison,52,2,610,2022
1076000,78490,GROSROUVRE,78,Dépendance,0,0,8197,2022
1076000,78490,GROSROUVRE,78,Maison,625,12,500,2022
1076000,78490,GROSROUVRE,78,Dépendance,0,0,500,2022
1076000,78490,GROSROUVRE,78,Maison,625,12,8197,2022
1369050,78220,VIROFLAY,78,Maison,189,4,433,2022
1369050,78220,VIROFLAY,78,Dépendance,0,0,433,2022
720000,78360,MONTESSON,78,Maison,65,3,352,2022
720000,78360,MONTESSON,78,Dépendance,0,0,352,2022
387500,78700,CONFLANS SAINTE HONORINE,78,Maison,88,4,507,2022
396000,78660,PRUNAY-EN-YVELINES,78,Maison,102,5,791,2022
587750,78320,LEVIS-SAINT-NOM,78,Local industriel. commercial ou assimilé,18,0,1100,2022
587750,78320,LEVIS-SAINT-NOM,78,Maison,162,6,560,2022
587750,78320,LEVIS-SAINT-NOM,78,Local industriel. commercial ou assimilé,18,0,560,2022
587750,78320,LEVIS-SAINT-NOM,78,Maison,162,6,1100,2022
332100,78680,EPONE,78,Maison,104,5,615,2022
277000,78955,CARRIERES SOUS POISSY,78,Dépendance,0,0,450,2022
277000,78955,CARRIERES SOUS POISSY,78,Maison,74,5,450,2022
401430,78530,BUC,78,Maison,80,4,360,2022
291000,78570,CHANTELOUP-LES-VIGNES,78,Maison,89,5,229,2022
231000,78270,VILLENEUVE-EN-CHEVRIE (LA),78,Maison,64,3,40,2022
231000,78270,VILLENEUVE-EN-CHEVRIE (LA),78,Maison,64,3,876,2022
130000,78910,TACOIGNIERES,78,Maison,30,2,425,2022
130000,78910,TACOIGNIERES,78,Maison,30,2,700,2022
595000,78870,BAILLY,78,Maison,127,4,596,2022
366500,78780,MAURECOURT,78,Maison,65,4,540,2022
534600,78760,JOUARS-PONTCHARTRAIN,78,Maison,175,7,617,2022
534600,78760,JOUARS-PONTCHARTRAIN,78,Dépendance,0,0,617,2022
534600,78760,JOUARS-PONTCHARTRAIN,78,Maison,175,7,500,2022
534600,78760,JOUARS-PONTCHARTRAIN,78,Dépendance,0,0,500,2022
658137,78370,PLAISIR,78,Maison,231,7,1276,2022
1344300,78750,MAREIL-MARLY,78,Maison,193,4,500,2022
1344300,78750,MAREIL-MARLY,78,Maison,193,4,537,2022
350000,78700,CONFLANS SAINTE HONORINE,78,Local industriel. commercial ou assimilé,1700,0,648,2022
350000,78700,CONFLANS SAINTE HONORINE,78,Appartement,95,4,648,2022
1870000,78112,SAINT-GERMAIN-EN-LAYE,78,Maison,155,4,1000,2022
1870000,78112,SAINT-GERMAIN-EN-LAYE,78,Maison,155,4,700,2022
96000,78400,CHATOU,78,Maison,63,4,203,2022
1116245,78670,VILLENNES-SUR-SEINE,78,Maison,180,5,645,2022
1116245,78670,VILLENNES-SUR-SEINE,78,Dépendance,0,0,440,2022
1116245,78670,VILLENNES-SUR-SEINE,78,Maison,180,5,440,2022
1116245,78670,VILLENNES-SUR-SEINE,78,Dépendance,0,0,645,2022
903550,78170,CELLE-SAINT-CLOUD (LA),78,Maison,113,5,640,2022
532800,78125,VIEILLE-EGLISE-EN-YVELINES,78,Maison,150,6,600,2022
532800,78125,VIEILLE-EGLISE-EN-YVELINES,78,Maison,150,6,710,2022
496790,78490,MESNULS (LES),78,Maison,154,5,637,2022
496790,78490,MESNULS (LES),78,Dépendance,0,0,637,2022
340000,78510,TRIEL SUR SEINE,78,Maison,96,5,168,2022
1167316,78170,CELLE-SAINT-CLOUD (LA),78,Appartement,25,2,398,2022
1167316,78170,CELLE-SAINT-CLOUD (LA),78,Maison,100,4,398,2022
1167316,78170,CELLE-SAINT-CLOUD (LA),78,Dépendance,0,0,398,2022
208000,78120,RAMBOUILLET,78,Maison,83,4,193,2022
728000,78300,POISSY,78,Maison,113,5,130,2022
670000,78620,ETANG-LA-VILLE (L ),78,Maison,116,6,686,2022
233000,78200,MAGNANVILLE,78,Maison,95,5,281,2022
240000,78800,HOUILLES,78,Maison,71,4,503,2022
386250,78640,NEAUPHLE-LE-CHATEAU,78,Dépendance,0,0,279,2022
386250,78640,NEAUPHLE-LE-CHATEAU,78,Maison,98,4,279,2022
291000,78650,BEYNES,78,Maison,82,4,30,2022
438800,78340,CLAYES-SOUS-BOIS (LES),78,Maison,123,5,210,2022
266000,78790,COURGENT,78,Maison,120,4,500,2022
266000,78790,COURGENT,78,Maison,120,4,560,2022
444000,78500,SARTROUVILLE,78,Maison,102,4,549,2022
444000,78500,SARTROUVILLE,78,Dépendance,0,0,549,2022
355000,78720,CELLE-LES-BORDES (LA),78,Dépendance,0,0,229,2022
355000,78720,CELLE-LES-BORDES (LA),78,Maison,107,5,229,2022
300000,78730,ROCHEFORT-EN-YVELINES,78,Maison,65,3,105,2022
423000,78650,BEYNES,78,Maison,92,5,446,2022
377800,78680,EPONE,78,Maison,114,5,474,2022
377800,78680,EPONE,78,Dépendance,0,0,474,2022
270000,78980,LONGNES,78,Maison,90,4,517,2022
270000,78980,LONGNES,78,Maison,90,4,500,2022
380280,78390,BOIS D ARCY,78,Maison,83,4,162,2022
410000,78230,PECQ (LE),78,Dépendance,0,0,557,2022
410000,78230,PECQ (LE),78,Maison,80,2,557,2022
306500,78125,EMANCE,78,Dépendance,0,0,1000,2022
306500,78125,EMANCE,78,Dépendance,0,0,500,2022
306500,78125,EMANCE,78,Maison,110,5,1000,2022
306500,78125,EMANCE,78,Maison,110,5,500,2022
815000,78140,VELIZY VILLACOUBLAY,78,Maison,98,3,479,2022
525000,78700,CONFLANS SAINTE HONORINE,78,Local industriel. commercial ou assimilé,373,0,940,2022
525000,78700,CONFLANS SAINTE HONORINE,78,Maison,43,2,940,2022
280000,78450,VILLEPREUX,78,Maison,72,4,126,2022
80000,78460,CHEVREUSE,78,Dépendance,0,0,447,2022
403000,78370,PLAISIR,78,Maison,88,4,272,2022
270000,78990,ELANCOURT,78,Maison,94,4,93,2022
519000,78180,MONTIGNY LE BRETONNEUX,78,Maison,108,5,341,2022
353000,78700,CONFLANS SAINTE HONORINE,78,Maison,75,5,315,2022
353000,78700,CONFLANS SAINTE HONORINE,78,Dépendance,0,0,315,2022
404000,78570,ANDRESY,78,Maison,130,6,28,2022
615000,78670,MEDAN,78,Maison,147,5,343,2022
464000,78510,TRIEL SUR SEINE,78,Maison,128,4,288,2022
602500,78140,VELIZY VILLACOUBLAY,78,Maison,62,3,425,2022
245000,78440,GARGENVILLE,78,Dépendance,0,0,500,2022
245000,78440,GARGENVILLE,78,Maison,60,3,151,2022
245000,78440,GARGENVILLE,78,Dépendance,0,0,151,2022
245000,78440,GARGENVILLE,78,Maison,60,3,500,2022
784000,78180,MONTIGNY LE BRETONNEUX,78,Maison,140,5,500,2022
232000,78270,LIMETZ-VILLEZ,78,Dépendance,0,0,738,2022
232000,78270,LIMETZ-VILLEZ,78,Maison,81,3,738,2022
1963600,78000,VERSAILLES,78,Maison,150,8,157,2022
1056000,78490,MERE,78,Dépendance,0,0,1410,2022
1056000,78490,MERE,78,Maison,170,5,500,2022
1056000,78490,MERE,78,Dépendance,0,0,500,2022
1056000,78490,MERE,78,Maison,170,5,1410,2022
389000,78390,BOIS D ARCY,78,Maison,71,3,371,2022
310000,78270,LIMETZ-VILLEZ,78,Maison,125,6,1553,2022
310000,78270,LIMETZ-VILLEZ,78,Dépendance,0,0,500,2022
310000,78270,LIMETZ-VILLEZ,78,Maison,125,6,500,2022
310000,78270,LIMETZ-VILLEZ,78,Dépendance,0,0,1553,2022
361000,78180,MONTIGNY LE BRETONNEUX,78,Maison,128,7,137,2022
305000,78550,HOUDAN,78,Maison,109,5,310,2022
603250,78120,RAMBOUILLET,78,Dépendance,0,0,500,2022
603250,78120,RAMBOUILLET,78,Dépendance,0,0,798,2022
603250,78120,RAMBOUILLET,78,Maison,162,4,500,2022
603250,78120,RAMBOUILLET,78,Maison,162,4,798,2022
165000,78660,PRUNAY-EN-YVELINES,78,Dépendance,0,0,825,2022
165000,78660,PRUNAY-EN-YVELINES,78,Maison,93,4,825,2022
310000,78400,CHATOU,78,Dépendance,0,0,105,2022
310000,78400,CHATOU,78,Maison,46,2,105,2022
306270,78125,ORCEMONT,78,Maison,94,4,232,2022
552970,78850,THIVERVAL-GRIGNON,78,Dépendance,0,0,555,2022
552970,78850,THIVERVAL-GRIGNON,78,Dépendance,0,0,500,2022
552970,78850,THIVERVAL-GRIGNON,78,Maison,124,7,500,2022
552970,78850,THIVERVAL-GRIGNON,78,Maison,124,7,555,2022
250000,78420,CARRIERES SUR SEINE,78,Dépendance,0,0,209,2022
305000,78111,DAMMARTIN EN SERVE,78,Maison,113,5,560,2022
170000,78660,BOINVILLE-LE-GAILLARD,78,Dépendance,0,0,222,2022
170000,78660,BOINVILLE-LE-GAILLARD,78,Maison,78,3,222,2022
314950,78830,BONNELLES,78,Dépendance,0,0,362,2022
314950,78830,BONNELLES,78,Maison,114,6,362,2022
1310000,78600,MAISONS-LAFFITTE,78,Maison,167,6,821,2022
1310000,78600,MAISONS-LAFFITTE,78,Dépendance,0,0,821,2022
1310000,78600,MAISONS-LAFFITTE,78,Maison,167,6,367,2022
1310000,78600,MAISONS-LAFFITTE,78,Dépendance,0,0,367,2022
408000,78930,GOUSSONVILLE,78,Maison,140,7,829,2022
470000,78340,CLAYES-SOUS-BOIS (LES),78,Maison,183,5,487,2022
1825400,78000,VERSAILLES,78,Maison,150,6,93,2022
1825400,78000,VERSAILLES,78,Local industriel. commercial ou assimilé,20,0,93,2022
390000,78370,PLAISIR,78,Maison,107,5,386,2022
487000,78570,ANDRESY,78,Maison,119,5,295,2022
550000,78640,VILLIERS-SAINT-FREDERIC,78,Local industriel. commercial ou assimilé,801,0,275,2022
550000,78640,VILLIERS-SAINT-FREDERIC,78,Maison,120,4,275,2022
550000,78640,VILLIERS-SAINT-FREDERIC,78,Dépendance,0,0,275,2022
550000,78640,VILLIERS-SAINT-FREDERIC,78,Local industriel. commercial ou assimilé,0,0,500,2022
550000,78640,VILLIERS-SAINT-FREDERIC,78,Local industriel. commercial ou assimilé,0,0,1000,2022
550000,78640,VILLIERS-SAINT-FREDERIC,78,Local industriel. commercial ou assimilé,0,0,12140,2022
448900,78340,CLAYES-SOUS-BOIS (LES),78,Maison,120,5,510,2022
448900,78340,CLAYES-SOUS-BOIS (LES),78,Dépendance,0,0,510,2022
920000,78620,ETANG-LA-VILLE (L ),78,Maison,145,5,832,2022
305000,78440,PORCHEVILLE,78,Maison,75,3,952,2022
445000,78690,ESSARTS-LE-ROI (LES),78,Maison,161,6,535,2022
800000,78460,CHEVREUSE,78,Maison,110,5,202,2022
800000,78460,CHEVREUSE,78,Dépendance,0,0,202,2022
481500,78610,AUFFARGIS,78,Maison,120,5,2328,2022
481500,78610,AUFFARGIS,78,Maison,51,2,2328,2022
339000,78730,SAINT-ARNOULT-EN-YVELINES,78,Maison,91,5,860,2022
3587500,78370,PLAISIR,78,Local industriel. commercial ou assimilé,120,0,14675,2022
3587500,78370,PLAISIR,78,Local industriel. commercial ou assimilé,213,0,14675,2022
3587500,78370,PLAISIR,78,Maison,60,3,14675,2022
3587500,78370,PLAISIR,78,Local industriel. commercial ou assimilé,262,0,14675,2022
305000,78830,BULLION,78,Maison,99,4,700,2022
305000,78830,BULLION,78,Maison,99,4,547,2022
375000,78300,POISSY,78,Maison,86,5,532,2022
375000,78300,POISSY,78,Dépendance,0,0,532,2022
600000,78370,PLAISIR,78,Maison,192,6,500,2022
600000,78370,PLAISIR,78,Dépendance,0,0,894,2022
600000,78370,PLAISIR,78,Maison,192,6,894,2022
600000,78370,PLAISIR,78,Dépendance,0,0,500,2022
9100,78410,AUBERGENVILLE,78,Maison,112,3,111,2022
9100,78410,AUBERGENVILLE,78,Dépendance,0,0,111,2022
310000,78450,VILLEPREUX,78,Maison,66,4,158,2022
1288700,78420,CARRIERES SUR SEINE,78,Appartement,39,2,112,2022
1288700,78420,CARRIERES SUR SEINE,78,Appartement,65,4,112,2022
1288700,78420,CARRIERES SUR SEINE,78,Appartement,59,3,112,2022
1288700,78420,CARRIERES SUR SEINE,78,Maison,59,3,59,2022
333800,78280,GUYANCOURT,78,Dépendance,0,0,15,2022
333800,78280,GUYANCOURT,78,Maison,80,5,116,2022
385000,78700,CONFLANS SAINTE HONORINE,78,Maison,126,6,188,2022
255000,78711,MANTES-LA-VILLE,78,Maison,89,4,406,2022
333000,78520,GUERNES,78,Dépendance,0,0,112,2022
333000,78520,GUERNES,78,Maison,150,4,112,2022
333000,78520,GUERNES,78,Local industriel. commercial ou assimilé,66,0,112,2022
289400,78580,BAZEMONT,78,Maison,56,3,165,2022
407000,78520,LIMAY,78,Dépendance,0,0,477,2022
407000,78520,LIMAY,78,Maison,180,8,477,2022
500000,78990,ELANCOURT,78,Maison,146,6,275,2022
500000,78990,ELANCOURT,78,Dépendance,0,0,275,2022
829400,78270,LIMETZ-VILLEZ,78,Maison,310,8,893,2022
224000,78910,TACOIGNIERES,78,Maison,72,3,200,2022
224000,78910,TACOIGNIERES,78,Maison,72,3,800,2022
206900,78520,LIMAY,78,Maison,75,3,105,2022
285000,78570,ANDRESY,78,Dépendance,0,0,244,2022
285000,78570,ANDRESY,78,Maison,60,4,244,2022
234000,78440,GARGENVILLE,78,Maison,84,5,268,2022
559600,78230,PECQ (LE),78,Dépendance,0,0,179,2022
559600,78230,PECQ (LE),78,Maison,95,4,179,2022
151451,78270,BONNIERES-SUR-SEINE,78,Maison,70,3,475,2022
204500,78130,MUREAUX (LES),78,Dépendance,0,0,18,2022
204500,78130,MUREAUX (LES),78,Maison,75,4,176,2022
232000,78711,MANTES-LA-VILLE,78,Maison,108,6,142,2022
1100000,78000,VERSAILLES,78,Maison,129,7,411,2022
266000,78200,BUCHELAY,78,Maison,79,4,267,2022
455000,78680,EPONE,78,Maison,90,6,500,2022
455000,78680,EPONE,78,Maison,90,6,428,2022
223000,78710,ROSNY-SUR-SEINE,78,Maison,51,3,514,2022
577500,78670,VILLENNES-SUR-SEINE,78,Maison,138,5,532,2022
578500,78450,VILLEPREUX,78,Dépendance,0,0,345,2022
578500,78450,VILLEPREUX,78,Maison,118,5,345,2022
350280,78310,MAUREPAS,78,Maison,103,6,506,2022
527500,78800,HOUILLES,78,Maison,140,6,176,2022
120000,78990,ELANCOURT,78,Local industriel. commercial ou assimilé,120,0,474,2022
401000,78790,TILLY,78,Maison,150,4,490,2022
336000,78610,BREVIAIRES (LES),78,Maison,72,3,312,2022
312000,78120,RAMBOUILLET,78,Dépendance,0,0,300,2022
312000,78120,RAMBOUILLET,78,Maison,92,4,300,2022
366500,78610,PERRAY-EN-YVELINES (LE),78,Maison,107,5,927,2022
1301000,78610,BREVIAIRES (LES),78,Dépendance,0,0,9000,2022
1301000,78610,BREVIAIRES (LES),78,Dépendance,0,0,1634,2022
1301000,78610,BREVIAIRES (LES),78,Maison,185,6,9000,2022
1301000,78610,BREVIAIRES (LES),78,Maison,185,6,1634,2022
333050,78990,ELANCOURT,78,Maison,91,4,262,2022
125000,78730,SAINT-ARNOULT-EN-YVELINES,78,Maison,96,3,691,2022
364000,78580,MAULE,78,Dépendance,0,0,322,2022
364000,78580,MAULE,78,Maison,158,5,322,2022
520800,78950,GAMBAIS,78,Local industriel. commercial ou assimilé,12,0,522,2022
520800,78950,GAMBAIS,78,Maison,150,6,500,2022
520800,78950,GAMBAIS,78,Dépendance,0,0,522,2022
520800,78950,GAMBAIS,78,Local industriel. commercial ou assimilé,12,0,500,2022
520800,78950,GAMBAIS,78,Dépendance,0,0,500,2022
520800,78950,GAMBAIS,78,Maison,150,6,522,2022
257700,78190,TRAPPES,78,Maison,77,4,282,2022
257700,78190,TRAPPES,78,Dépendance,0,0,17,2022
269811,78410,AUBERGENVILLE,78,Maison,90,5,149,2022
450000,78250,HARDRICOURT,78,Maison,189,8,500,2022
450000,78250,HARDRICOURT,78,Maison,189,8,875,2022
1587050,78000,VERSAILLES,78,Dépendance,0,0,366,2022
1587050,78000,VERSAILLES,78,Maison,148,6,366,2022
320000,78280,GUYANCOURT,78,Maison,147,6,343,2022
345000,78114,MAGNY-LES-HAMEAUX,78,Maison,92,5,226,2022
640000,78580,MAULE,78,Dépendance,0,0,530,2022
640000,78580,MAULE,78,Dépendance,0,0,500,2022
640000,78580,MAULE,78,Maison,170,5,500,2022
640000,78580,MAULE,78,Maison,170,5,530,2022
1580000,78600,MAISONS-LAFFITTE,78,Maison,190,9,469,2022
575000,78240,CHAMBOURCY,78,Dépendance,0,0,371,2022
575000,78240,CHAMBOURCY,78,Maison,199,5,371,2022
333000,78190,TRAPPES,78,Maison,90,4,215,2022
380000,78510,TRIEL SUR SEINE,78,Dépendance,0,0,800,2022
380000,78510,TRIEL SUR SEINE,78,Appartement,30,2,800,2022
380000,78510,TRIEL SUR SEINE,78,Appartement,35,2,800,2022
118500,78510,TRIEL SUR SEINE,78,Maison,65,3,66,2022
230000,78130,MUREAUX (LES),78,Maison,82,5,97,2022
300000,78990,ELANCOURT,78,Maison,86,4,101,2022
358450,78190,TRAPPES,78,Maison,110,5,383,2022
1108800,78620,ETANG-LA-VILLE (L ),78,Maison,203,6,500,2022
1108800,78620,ETANG-LA-VILLE (L ),78,Maison,203,6,700,2022
189000,78980,LONGNES,78,Maison,73,3,270,2022
690000,78112,SAINT-GERMAIN-EN-LAYE,78,Maison,130,6,380,2022
215000,78440,LAINVILLE-EN-VEXIN,78,Maison,161,7,219,2022
215000,78440,LAINVILLE-EN-VEXIN,78,Maison,161,7,500,2022
215000,78440,LAINVILLE-EN-VEXIN,78,Dépendance,0,0,219,2022
215000,78440,LAINVILLE-EN-VEXIN,78,Dépendance,0,0,500,2022
607500,78500,SARTROUVILLE,78,Maison,128,6,385,2022
290000,78680,EPONE,78,Maison,76,3,474,2022
297600,78550,HOUDAN,78,Local industriel. commercial ou assimilé,644,0,390,2022
276000,78520,LIMAY,78,Maison,83,4,500,2022
276000,78520,LIMAY,78,Maison,83,4,111,2022
923500,78121,CRESPIERES,78,Dépendance,0,0,500,2022
923500,78121,CRESPIERES,78,Maison,180,6,1155,2022
923500,78121,CRESPIERES,78,Dépendance,0,0,1155,2022
923500,78121,CRESPIERES,78,Maison,180,6,500,2022
746757,78610,AUFFARGIS,78,Dépendance,0,0,1150,2022
746757,78610,AUFFARGIS,78,Maison,234,6,500,2022
746757,78610,AUFFARGIS,78,Dépendance,0,0,500,2022
746757,78610,AUFFARGIS,78,Maison,234,6,1150,2022
120000,78125,ORPHIN,78,Maison,79,4,315,2022
490000,78630,ORGEVAL,78,Maison,97,4,809,2022
256801,78711,MANTES-LA-VILLE,78,Maison,98,5,510,2022
256801,78711,MANTES-LA-VILLE,78,Dépendance,0,0,510,2022
284000,78310,MAUREPAS,78,Maison,102,4,129,2022
310000,78120,SONCHAMP,78,Maison,230,7,1045,2022
310000,78120,SONCHAMP,78,Maison,230,7,500,2022
262000,78260,ACHERES,78,Maison,58,4,391,2022
262000,78260,ACHERES,78,Dépendance,0,0,391,2022
1147300,78400,CHATOU,78,Maison,139,6,245,2022
1147300,78400,CHATOU,78,Dépendance,0,0,245,2022
745000,78800,HOUILLES,78,Maison,104,5,287,2022
354000,78610,PERRAY-EN-YVELINES (LE),78,Maison,79,4,316,2022
354000,78610,PERRAY-EN-YVELINES (LE),78,Dépendance,0,0,38,2022
272453,78450,CHAVENAY,78,Maison,60,3,43,2022
365000,78540,VERNOUILLET,78,Maison,113,6,222,2022
220000,78660,PRUNAY-EN-YVELINES,78,Maison,92,4,500,2022
220000,78660,PRUNAY-EN-YVELINES,78,Maison,92,4,572,2022
335250,78620,ETANG-LA-VILLE (L ),78,Maison,71,3,265,2022
425000,78114,MAGNY-LES-HAMEAUX,78,Maison,77,3,563,2022
1425000,78110,VESINET (LE),78,Maison,171,5,729,2022
1425000,78110,VESINET (LE),78,Maison,171,5,130,2022
115000,78200,MANTES-LA-JOLIE,78,Dépendance,0,0,225,2022
115000,78200,MANTES-LA-JOLIE,78,Maison,69,4,225,2022
352000,78450,VILLEPREUX,78,Maison,88,5,176,2022
95500,78720,DAMPIERRE-EN-YVELINES,78,Maison,70,3,185,2022
479000,78460,CHEVREUSE,78,Maison,116,5,646,2022
270000,78440,GARGENVILLE,78,Maison,127,6,437,2022
461400,78120,RAMBOUILLET,78,Maison,94,5,600,2022
461400,78120,RAMBOUILLET,78,Maison,94,5,402,2022
475000,78250,MEZY-SUR-SEINE,78,Maison,143,5,893,2022
475000,78250,MEZY-SUR-SEINE,78,Dépendance,0,0,893,2022
542500,78720,CELLE-LES-BORDES (LA),78,Maison,243,5,960,2022
234566,78520,LIMAY,78,Maison,94,4,290,2022
61500,78440,FONTENAY-SAINT-PERE,78,Maison,108,4,150,2022
278000,78440,ISSOU,78,Maison,92,6,525,2022
789000,78870,BAILLY,78,Dépendance,0,0,187,2022
789000,78870,BAILLY,78,Maison,140,5,187,2022
246000,78710,ROSNY-SUR-SEINE,78,Maison,50,3,1439,2022
246000,78710,ROSNY-SUR-SEINE,78,Maison,50,3,78,2022
500000,78310,COIGNIERES,78,Local industriel. commercial ou assimilé,180,0,697,2022
500000,78310,COIGNIERES,78,Local industriel. commercial ou assimilé,214,0,394,2022
200000,78200,MANTES-LA-JOLIE,78,Maison,93,5,372,2022
240000,78440,GARGENVILLE,78,Maison,60,4,572,2022
267000,78300,POISSY,78,Maison,50,2,218,2022
2191300,78170,CELLE-SAINT-CLOUD (LA),78,Maison,236,7,518,2022
2191300,78170,CELLE-SAINT-CLOUD (LA),78,Dépendance,0,0,518,2022
2191300,78170,CELLE-SAINT-CLOUD (LA),78,Dépendance,0,0,600,2022
2191300,78170,CELLE-SAINT-CLOUD (LA),78,Maison,236,7,600,2022
990000,78220,VIROFLAY,78,Maison,90,5,523,2022
130000,78130,MUREAUX (LES),78,Appartement,40,2,427,2022
130000,78130,MUREAUX (LES),78,Appartement,30,2,427,2022
130000,78130,MUREAUX (LES),78,Appartement,70,2,427,2022
485000,78390,BOIS D ARCY,78,Maison,100,5,459,2022
315000,78630,MORAINVILLIERS,78,Maison,42,2,500,2022
315000,78630,MORAINVILLIERS,78,Maison,42,2,447,2022
315000,78630,MORAINVILLIERS,78,Dépendance,0,0,447,2022
315000,78630,MORAINVILLIERS,78,Dépendance,0,0,500,2022
183000,78200,MANTES-LA-JOLIE,78,Local industriel. commercial ou assimilé,260,0,269,2022
243000,78440,PORCHEVILLE,78,Maison,100,5,473,2022
245000,78840,FRENEUSE,78,Maison,94,5,449,2022
245000,78840,FRENEUSE,78,Maison,94,5,500,2022
172500,78790,MONTCHAUVET,78,Maison,85,4,345,2022
172500,78790,MONTCHAUVET,78,Dépendance,0,0,345,2022
317310,78120,RAMBOUILLET,78,Maison,107,4,435,2022
1007000,78670,VILLENNES-SUR-SEINE,78,Maison,200,7,603,2022
1007000,78670,VILLENNES-SUR-SEINE,78,Maison,200,7,600,2022
157000,78640,NEAUPHLE-LE-VIEUX,78,Dépendance,0,0,122,2022
157000,78640,NEAUPHLE-LE-VIEUX,78,Maison,99,4,122,2022
290000,78510,TRIEL SUR SEINE,78,Maison,66,4,88,2022
345000,78310,MAUREPAS,78,Maison,105,6,347,2022
345000,78310,MAUREPAS,78,Dépendance,0,0,347,2022
655000,78930,BREUIL-BOIS-ROBERT,78,Maison,70,4,2110,2022
655000,78930,BREUIL-BOIS-ROBERT,78,Maison,280,8,16380,2022
655000,78930,BREUIL-BOIS-ROBERT,78,Maison,280,8,2110,2022
655000,78930,BREUIL-BOIS-ROBERT,78,Maison,70,4,650,2022
655000,78930,BREUIL-BOIS-ROBERT,78,Maison,280,8,650,2022
655000,78930,BREUIL-BOIS-ROBERT,78,Maison,70,4,16380,2022
210000,78840,FRENEUSE,78,Maison,75,4,120,2022
370000,78740,VAUX-SUR-SEINE,78,Maison,93,5,720,2022
467000,78580,BAZEMONT,78,Maison,180,8,807,2022
425000,78711,MANTES-LA-VILLE,78,Maison,210,7,374,2022
425000,78711,MANTES-LA-VILLE,78,Dépendance,0,0,374,2022
210600,78910,ORVILLIERS,78,Maison,200,11,500,2022
210600,78910,ORVILLIERS,78,Maison,36,1,610,2022
210600,78910,ORVILLIERS,78,Maison,200,11,610,2022
210600,78910,ORVILLIERS,78,Maison,36,1,500,2022
140000,78711,MANTES-LA-VILLE,78,Maison,77,4,60,2022
392440,78470,SAINT-REMY-LES-CHEVREUSE,78,Appartement,22,1,723,2022
392440,78470,SAINT-REMY-LES-CHEVREUSE,78,Appartement,44,2,723,2022
392440,78470,SAINT-REMY-LES-CHEVREUSE,78,Appartement,32,1,723,2022
350000,78680,EPONE,78,Appartement,35,2,150,2022
350000,78680,EPONE,78,Appartement,41,3,150,2022
350000,78680,EPONE,78,Local industriel. commercial ou assimilé,27,0,150,2022
350000,78680,EPONE,78,Appartement,60,3,150,2022
350000,78680,EPONE,78,Appartement,34,2,150,2022
782778,78360,MONTESSON,78,Maison,184,8,237,2022
685230,78600,MAISONS-LAFFITTE,78,Maison,114,6,300,2022
310000,78560,PORT-MARLY (LE),78,Local industriel. commercial ou assimilé,489,0,503,2022
830000,78220,VIROFLAY,78,Maison,120,6,182,2022
850000,78600,MAISONS-LAFFITTE,78,Maison,123,6,354,2022
503000,78770,MARCQ,78,Maison,270,6,436,2022
380000,78980,NEAUPHLETTE,78,Maison,96,4,500,2022
380000,78980,NEAUPHLETTE,78,Maison,96,4,783,2022
293500,78370,PLAISIR,78,Maison,57,4,455,2022
1030000,78117,CHATEAUFORT,78,Maison,239,8,234,2022
411050,78540,VERNOUILLET,78,Maison,74,3,476,2022
600000,78500,SARTROUVILLE,78,Maison,125,6,760,2022
607380,78000,VERSAILLES,78,Dépendance,0,0,333,2022
607380,78000,VERSAILLES,78,Maison,95,3,333,2022
281200,78610,PERRAY-EN-YVELINES (LE),78,Maison,59,3,221,2022
1331800,78000,VERSAILLES,78,Dépendance,0,0,310,2022
1331800,78000,VERSAILLES,78,Appartement,86,4,310,2022
1331800,78000,VERSAILLES,78,Local industriel. commercial ou assimilé,74,0,310,2022
316690,78690,ESSARTS-LE-ROI (LES),78,Maison,91,4,153,2022
495700,78540,VERNOUILLET,78,Maison,104,4,192,2022
555840,78800,HOUILLES,78,Maison,118,3,418,2022
685652,78860,SAINT-NOM-LA-BRETECHE,78,Dépendance,0,0,18,2022
685652,78860,SAINT-NOM-LA-BRETECHE,78,Maison,135,5,270,2022
265000,78740,VAUX-SUR-SEINE,78,Maison,104,4,112,2022
486000,78500,SARTROUVILLE,78,Dépendance,0,0,56,2022
486000,78500,SARTROUVILLE,78,Maison,124,4,114,2022
308000,78730,SAINT-ARNOULT-EN-YVELINES,78,Maison,88,4,763,2022
308000,78730,SAINT-ARNOULT-EN-YVELINES,78,Dépendance,0,0,763,2022
300000,78125,SAINT-HILARION,78,Maison,112,5,447,2022
900000,78600,MAISONS-LAFFITTE,78,Appartement,52,2,112,2022
900000,78600,MAISONS-LAFFITTE,78,Local industriel. commercial ou assimilé,47,0,112,2022
900000,78600,MAISONS-LAFFITTE,78,Appartement,56,3,112,2022
900000,78600,MAISONS-LAFFITTE,78,Local industriel. commercial ou assimilé,57,0,112,2022
374200,78660,PRUNAY-EN-YVELINES,78,Maison,126,4,420,2022
374200,78660,PRUNAY-EN-YVELINES,78,Dépendance,0,0,420,2022
365700,78740,VAUX-SUR-SEINE,78,Maison,120,4,300,2022
365700,78740,VAUX-SUR-SEINE,78,Maison,120,4,1744,2022
225000,78650,BEYNES,78,Maison,15,1,87,2022
225000,78650,BEYNES,78,Maison,50,3,32,2022
225000,78650,BEYNES,78,Dépendance,0,0,32,2022
1142830,78220,VIROFLAY,78,Maison,125,5,221,2022
1142830,78220,VIROFLAY,78,Dépendance,0,0,500,2022
1142830,78220,VIROFLAY,78,Maison,125,5,500,2022
1142830,78220,VIROFLAY,78,Dépendance,0,0,221,2022
240000,78860,SAINT-NOM-LA-BRETECHE,78,Maison,72,3,77,2022
240000,78860,SAINT-NOM-LA-BRETECHE,78,Maison,75,4,77,2022
566890,78310,MAUREPAS,78,Maison,138,5,657,2022
566890,78310,MAUREPAS,78,Dépendance,0,0,657,2022
566890,78310,MAUREPAS,78,Dépendance,0,0,500,2022
566890,78310,MAUREPAS,78,Maison,138,5,500,2022
400320,78310,MAUREPAS,78,Maison,99,4,507,2022
329000,78410,NEZEL,78,Maison,115,5,446,2022
209000,78740,VAUX-SUR-SEINE,78,Maison,52,4,161,2022
558000,78125,GAZERAN,78,Maison,160,6,500,2022
558000,78125,GAZERAN,78,Maison,57,2,950,2022
558000,78125,GAZERAN,78,Maison,57,2,500,2022
558000,78125,GAZERAN,78,Maison,160,6,950,2022
558000,78125,GAZERAN,78,Dépendance,0,0,158,2022
442650,78120,RAMBOUILLET,78,Maison,122,6,246,2022
243000,78930,VERT,78,Maison,95,5,261,2022
245000,78520,LIMAY,78,Maison,85,6,264,2022
235000,78130,MUREAUX (LES),78,Dépendance,0,0,371,2022
235000,78130,MUREAUX (LES),78,Maison,94,5,371,2022
620000,78800,HOUILLES,78,Maison,76,4,371,2022
620000,78800,HOUILLES,78,Dépendance,0,0,371,2022
323000,78711,MANTES-LA-VILLE,78,Maison,101,5,349,2022
323000,78711,MANTES-LA-VILLE,78,Maison,101,5,313,2022
690000,78490,MESNULS (LES),78,Maison,192,5,612,2022
690000,78490,MESNULS (LES),78,Maison,192,5,500,2022
487450,78760,JOUARS-PONTCHARTRAIN,78,Dépendance,0,0,53,2022
487450,78760,JOUARS-PONTCHARTRAIN,78,Maison,116,5,413,2022
386900,78940,MILLEMONT,78,Maison,119,4,118,2022
386900,78940,MILLEMONT,78,Dépendance,0,0,118,2022
386900,78940,MILLEMONT,78,Dépendance,0,0,300,2022
386900,78940,MILLEMONT,78,Maison,119,4,300,2022
463600,78340,CLAYES-SOUS-BOIS (LES),78,Maison,128,6,267,2022
339055,78680,EPONE,78,Maison,110,4,290,2022
290000,78260,ACHERES,78,Maison,66,4,225,2022
261905,78540,VERNOUILLET,78,Dépendance,0,0,354,2022
261905,78540,VERNOUILLET,78,Maison,61,3,354,2022
4276000,78000,VERSAILLES,78,Local industriel. commercial ou assimilé,168,0,440,2022
4276000,78000,VERSAILLES,78,Local industriel. commercial ou assimilé,96,0,440,2022
4276000,78000,VERSAILLES,78,Local industriel. commercial ou assimilé,164,0,440,2022
294775,78790,SEPTEUIL,78,Maison,88,5,500,2022
294775,78790,SEPTEUIL,78,Local industriel. commercial ou assimilé,24,0,500,2022
480000,78910,ORVILLIERS,78,Dépendance,0,0,500,2022
480000,78910,ORVILLIERS,78,Maison,70,2,500,2022
480000,78910,ORVILLIERS,78,Maison,174,7,500,2022
480000,78910,ORVILLIERS,78,Dépendance,0,0,1060,2022
480000,78910,ORVILLIERS,78,Maison,70,2,1060,2022
480000,78910,ORVILLIERS,78,Maison,174,7,1060,2022
192400,78790,SEPTEUIL,78,Maison,54,3,54,2022
70000,78130,MUREAUX (LES),78,Dépendance,0,0,155,2022
70000,78130,MUREAUX (LES),78,Appartement,40,2,155,2022
70000,78130,MUREAUX (LES),78,Appartement,45,2,155,2022
70000,78130,MUREAUX (LES),78,Maison,24,2,155,2022
529500,78700,CONFLANS SAINTE HONORINE,78,Maison,134,7,526,2022
140000,78890,GARANCIERES,78,Dépendance,0,0,120,2022
140000,78890,GARANCIERES,78,Maison,110,4,120,2022
170000,78740,VAUX-SUR-SEINE,78,Maison,38,3,88,2022
312000,78440,ISSOU,78,Maison,121,5,201,2022
497000,78800,HOUILLES,78,Dépendance,0,0,160,2022
497000,78800,HOUILLES,78,Maison,48,3,160,2022
765000,78300,POISSY,78,Maison,219,7,193,2022
440000,78790,SEPTEUIL,78,Maison,170,7,500,2022
440000,78790,SEPTEUIL,78,Dépendance,0,0,1000,2022
440000,78790,SEPTEUIL,78,Maison,170,7,1000,2022
440000,78790,SEPTEUIL,78,Dépendance,0,0,500,2022
405000,78950,GAMBAIS,78,Maison,95,4,785,2022
405000,78950,GAMBAIS,78,Dépendance,0,0,785,2022
310000,78510,TRIEL SUR SEINE,78,Maison,97,5,255,2022
996000,78620,ETANG-LA-VILLE (L ),78,Local industriel. commercial ou assimilé,0,0,14,2022
996000,78620,ETANG-LA-VILLE (L ),78,Maison,183,6,617,2022
996000,78620,ETANG-LA-VILLE (L ),78,Maison,183,6,500,2022
775000,78670,VILLENNES-SUR-SEINE,78,Local industriel. commercial ou assimilé,25,0,1005,2022
775000,78670,VILLENNES-SUR-SEINE,78,Maison,85,3,1005,2022
120000,78550,HOUDAN,78,Maison,83,5,253,2022
355000,78370,PLAISIR,78,Dépendance,0,0,129,2022
355000,78370,PLAISIR,78,Maison,98,5,129,2022
796985,78490,MERE,78,Maison,230,6,78,2022
796985,78490,MERE,78,Maison,230,6,500,2022
453000,78250,GAILLON SUR MONTCIENT,78,Maison,100,5,920,2022
983150,78670,VILLENNES-SUR-SEINE,78,Maison,130,6,1340,2022
430000,78690,SAINT-REMY-L HONORE,78,Maison,162,7,3573,2022
430000,78690,SAINT-REMY-L HONORE,78,Dépendance,0,0,3573,2022
430000,78690,SAINT-REMY-L HONORE,78,Maison,162,7,500,2022
430000,78690,SAINT-REMY-L HONORE,78,Dépendance,0,0,500,2022
219050,78711,MANTES-LA-VILLE,78,Maison,108,6,151,2022
265300,78440,GUITRANCOURT,78,Maison,88,4,270,2022
127000,78780,MAURECOURT,78,Maison,73,4,55,2022
127000,78780,MAURECOURT,78,Dépendance,0,0,55,2022
1110800,78000,VERSAILLES,78,Maison,115,6,241,2022
630000,78230,PECQ (LE),78,Maison,133,7,260,2022
630000,78230,PECQ (LE),78,Maison,133,7,460,2022
390500,78700,CONFLANS SAINTE HONORINE,78,Maison,82,3,314,2022
925480,78600,MESNIL-LE-ROI (LE),78,Maison,179,7,350,2022
539000,78500,SARTROUVILLE,78,Maison,101,4,446,2022
539000,78500,SARTROUVILLE,78,Dépendance,0,0,446,2022
257000,78113,ADAINVILLE,78,Maison,70,4,451,2022
460000,78860,SAINT-NOM-LA-BRETECHE,78,Maison,165,5,860,2022
590000,78125,ORPHIN,78,Maison,184,6,500,2022
590000,78125,ORPHIN,78,Maison,184,6,2820,2022
304000,78440,GARGENVILLE,78,Maison,90,2,428,2022
213000,78711,MANTES-LA-VILLE,78,Maison,81,3,992,2022
739450,78670,VILLENNES-SUR-SEINE,78,Maison,130,6,556,2022
1475000,78290,CROISSY SUR SEINE,78,Maison,119,5,702,2022
1475000,78290,CROISSY SUR SEINE,78,Maison,58,4,702,2022
1475000,78290,CROISSY SUR SEINE,78,Maison,58,4,600,2022
1475000,78290,CROISSY SUR SEINE,78,Maison,119,5,600,2022
290000,78410,AUBERGENVILLE,78,Maison,90,4,456,2022
390000,78270,BONNIERES-SUR-SEINE,78,Maison,166,5,500,2022
390000,78270,BONNIERES-SUR-SEINE,78,Maison,166,5,433,2022
363600,78990,ELANCOURT,78,Maison,122,6,178,2022
205000,78980,LONGNES,78,Maison,89,3,500,2022
350000,78980,BREVAL,78,Maison,150,7,1000,2022
350000,78980,BREVAL,78,Maison,150,7,500,2022
420837,78180,MONTIGNY LE BRETONNEUX,78,Maison,91,3,49,2022
1300000,78400,CHATOU,78,Dépendance,0,0,776,2022
1300000,78400,CHATOU,78,Maison,140,6,776,2022
286500,78660,ABLIS,78,Dépendance,0,0,789,2022
286500,78660,ABLIS,78,Maison,78,4,789,2022
175000,78250,OINVILLE-SUR-MONTCIENT,78,Dépendance,0,0,330,2022
175000,78250,OINVILLE-SUR-MONTCIENT,78,Dépendance,0,0,50,2022
175000,78250,OINVILLE-SUR-MONTCIENT,78,Maison,38,2,50,2022
665000,78113,HAUTEVILLE (LA),78,Dépendance,0,0,586,2022
665000,78113,HAUTEVILLE (LA),78,Maison,160,5,586,2022
665000,78113,HAUTEVILLE (LA),78,Dépendance,0,0,500,2022
665000,78113,HAUTEVILLE (LA),78,Maison,160,5,500,2022
119471,78125,ORPHIN,78,Maison,64,3,545,2022
119471,78125,ORPHIN,78,Dépendance,0,0,545,2022
320000,78120,CLAIREFONTAINE-EN-YVELINES,78,Dépendance,0,0,1391,2022
320000,78120,CLAIREFONTAINE-EN-YVELINES,78,Dépendance,0,0,500,2022
320000,78120,CLAIREFONTAINE-EN-YVELINES,78,Maison,174,5,500,2022
320000,78120,CLAIREFONTAINE-EN-YVELINES,78,Maison,174,5,1391,2022
340000,78370,PLAISIR,78,Maison,90,4,172,2022
304900,78980,BREVAL,78,Maison,108,6,1000,2022
240000,78660,ORSONVILLE,78,Maison,112,5,513,2022
240000,78660,ORSONVILLE,78,Maison,112,5,600,2022
230000,78130,MUREAUX (LES),78,Maison,69,4,420,2022
230000,78130,MUREAUX (LES),78,Dépendance,0,0,420,2022
280000,78520,LIMAY,78,Maison,121,6,488,2022
674030,78420,CARRIERES SUR SEINE,78,Maison,101,3,80,2022
1047619,78600,MAISONS-LAFFITTE,78,Maison,95,5,693,2022
1047619,78600,MAISONS-LAFFITTE,78,Dépendance,0,0,693,2022
422000,78113,ADAINVILLE,78,Dépendance,0,0,995,2022
422000,78113,ADAINVILLE,78,Maison,138,4,995,2022
1072200,78420,CARRIERES SUR SEINE,78,Dépendance,0,0,458,2022
1072200,78420,CARRIERES SUR SEINE,78,Maison,195,9,458,2022
576000,78330,FONTENAY LE FLEURY,78,Maison,120,6,425,2022
576000,78330,FONTENAY LE FLEURY,78,Dépendance,0,0,425,2022
765000,78350,JOUY EN JOSAS,78,Maison,180,5,431,2022
523020,78420,CARRIERES SUR SEINE,78,Dépendance,0,0,220,2022
523020,78420,CARRIERES SUR SEINE,78,Maison,90,4,220,2022
365000,78250,MEZY-SUR-SEINE,78,Maison,140,4,500,2022
365000,78250,MEZY-SUR-SEINE,78,Dépendance,0,0,721,2022
365000,78250,MEZY-SUR-SEINE,78,Maison,140,4,721,2022
365000,78250,MEZY-SUR-SEINE,78,Dépendance,0,0,500,2022
172000,78840,FRENEUSE,78,Maison,41,3,52,2022
509430,78200,MANTES-LA-JOLIE,78,Dépendance,0,0,216,2022
509430,78200,MANTES-LA-JOLIE,78,Maison,100,5,216,2022
175000,78711,MANTES-LA-VILLE,78,Maison,65,3,270,2022
443610,78790,SEPTEUIL,78,Maison,152,5,1854,2022
267000,78250,OINVILLE-SUR-MONTCIENT,78,Maison,122,3,500,2022
267000,78250,OINVILLE-SUR-MONTCIENT,78,Maison,122,3,130,2022
232000,78200,MAGNANVILLE,78,Maison,92,5,294,2022
1786100,78150,LE CHESNAY-ROCQUENCOURT,78,Maison,260,8,500,2022
160300,78711,MANTES-LA-VILLE,78,Maison,49,3,150,2022
160300,78711,MANTES-LA-VILLE,78,Dépendance,0,0,150,2022
660000,78310,COIGNIERES,78,Local industriel. commercial ou assimilé,748,0,660,2022
525000,78230,PECQ (LE),78,Dépendance,0,0,63,2022
525000,78230,PECQ (LE),78,Maison,73,4,1227,2022
525000,78230,PECQ (LE),78,Dépendance,0,0,1227,2022
525000,78230,PECQ (LE),78,Maison,73,4,63,2022
717400,78790,TILLY,78,Maison,249,6,1090,2022
717400,78790,TILLY,78,Dépendance,0,0,1090,2022
795000,78170,CELLE-SAINT-CLOUD (LA),78,Maison,80,4,9,2022
300600,78510,TRIEL SUR SEINE,78,Maison,78,4,104,2022
457450,78180,MONTIGNY LE BRETONNEUX,78,Maison,88,4,180,2022
971000,78670,MEDAN,78,Maison,220,8,500,2022
971000,78670,MEDAN,78,Dépendance,0,0,678,2022
971000,78670,MEDAN,78,Dépendance,0,0,500,2022
971000,78670,MEDAN,78,Maison,220,8,678,2022
385000,78770,MARCQ,78,Dépendance,0,0,756,2022
385000,78770,MARCQ,78,Maison,87,4,756,2022
720000,78630,ORGEVAL,78,Maison,195,9,504,2022
234000,78730,LONGVILLIERS,78,Maison,67,2,569,2022
75000,78660,PRUNAY-EN-YVELINES,78,Maison,43,2,100,2022
785000,78600,MAISONS-LAFFITTE,78,Appartement,45,1,421,2022
785000,78600,MAISONS-LAFFITTE,78,Appartement,60,3,421,2022
785000,78600,MAISONS-LAFFITTE,78,Local industriel. commercial ou assimilé,70,0,421,2022
785000,78600,MAISONS-LAFFITTE,78,Dépendance,0,0,421,2022
785000,78600,MAISONS-LAFFITTE,78,Appartement,65,3,421,2022
785000,78600,MAISONS-LAFFITTE,78,Appartement,40,2,421,2022
608725,78230,PECQ (LE),78,Maison,77,3,50,2022
175000,78600,MAISONS-LAFFITTE,78,Appartement,40,2,421,2022
175000,78600,MAISONS-LAFFITTE,78,Appartement,45,1,421,2022
175000,78600,MAISONS-LAFFITTE,78,Appartement,65,3,421,2022
175000,78600,MAISONS-LAFFITTE,78,Appartement,60,3,421,2022
175000,78600,MAISONS-LAFFITTE,78,Local industriel. commercial ou assimilé,70,0,421,2022
175000,78600,MAISONS-LAFFITTE,78,Dépendance,0,0,421,2022
285000,78700,CONFLANS SAINTE HONORINE,78,Maison,64,4,389,2022
1313103,78290,CROISSY SUR SEINE,78,Maison,202,7,595,2022
997280,78380,BOUGIVAL,78,Maison,125,6,214,2022
189000,78270,GOMMECOURT,78,Dépendance,0,0,203,2022
189000,78270,GOMMECOURT,78,Maison,120,5,203,2022
385000,78250,HARDRICOURT,78,Dépendance,0,0,290,2022
385000,78250,HARDRICOURT,78,Maison,58,5,290,2022
353000,78410,NEZEL,78,Maison,115,5,665,2022
110000,78550,HOUDAN,78,Appartement,31,2,31,2022
340000,78270,CRAVENT,78,Dépendance,0,0,1482,2022
340000,78270,CRAVENT,78,Maison,121,3,1482,2022
340000,78270,CRAVENT,78,Dépendance,0,0,1081,2022
340000,78270,CRAVENT,78,Maison,121,3,1550,2022
340000,78270,CRAVENT,78,Maison,121,3,1081,2022
340000,78270,CRAVENT,78,Dépendance,0,0,1550,2022
340000,78270,CRAVENT,78,Maison,121,3,1105,2022
340000,78270,CRAVENT,78,Dépendance,0,0,1105,2022
390000,78140,VELIZY VILLACOUBLAY,78,Maison,55,2,279,2022
390000,78140,VELIZY VILLACOUBLAY,78,Dépendance,0,0,279,2022
1125000,78190,TRAPPES,78,Local industriel. commercial ou assimilé,21,0,4049,2022
1125000,78190,TRAPPES,78,Local industriel. commercial ou assimilé,243,0,4049,2022
320000,78955,CARRIERES SOUS POISSY,78,Maison,82,5,197,2022
8400000,78410,AUBERGENVILLE,78,Local industriel. commercial ou assimilé,30158,0,755,2022
428340,78113,ADAINVILLE,78,Maison,180,4,600,2022
428340,78113,ADAINVILLE,78,Maison,180,4,2330,2022
455000,78490,GROSROUVRE,78,Maison,52,3,1475,2022
455000,78490,GROSROUVRE,78,Maison,52,3,325,2022
219000,78270,GOMMECOURT,78,Maison,75,2,222,2022
219000,78270,GOMMECOURT,78,Dépendance,0,0,222,2022
166000,78270,BONNIERES-SUR-SEINE,78,Appartement,84,4,489,2022
425250,78125,EMANCE,78,Dépendance,0,0,458,2022
425250,78125,EMANCE,78,Maison,230,6,458,2022
425250,78125,EMANCE,78,Dépendance,0,0,10000,2022
425250,78125,EMANCE,78,Maison,230,6,10000,2022
1927400,78000,VERSAILLES,78,Maison,100,4,773,2022
1927400,78000,VERSAILLES,78,Maison,210,5,773,2022
250000,78130,MUREAUX (LES),78,Maison,85,5,557,2022
205000,78830,BONNELLES,78,Maison,140,6,500,2022
205000,78830,BONNELLES,78,Maison,140,6,362,2022
360000,78390,BOIS D ARCY,78,Dépendance,0,0,155,2022
360000,78390,BOIS D ARCY,78,Maison,52,3,155,2022
720000,78500,SARTROUVILLE,78,Maison,179,6,354,2022
720000,78500,SARTROUVILLE,78,Local industriel. commercial ou assimilé,15,0,354,2022
505000,78360,MONTESSON,78,Maison,64,3,402,2022
1276390,78600,MAISONS-LAFFITTE,78,Maison,142,5,440,2022
444600,78150,LE CHESNAY-ROCQUENCOURT,78,Maison,105,5,404,2022
444600,78150,LE CHESNAY-ROCQUENCOURT,78,Dépendance,0,0,404,2022
569000,78370,PLAISIR,78,Maison,170,5,467,2022
391000,78640,VILLIERS-SAINT-FREDERIC,78,Maison,111,4,350,2022
240000,78470,SAINT-REMY-LES-CHEVREUSE,78,Maison,75,3,278,2022
240000,78470,SAINT-REMY-LES-CHEVREUSE,78,Local industriel. commercial ou assimilé,82,0,278,2022
583400,78480,VERNEUIL SUR SEINE,78,Local industriel. commercial ou assimilé,13,0,423,2022
583400,78480,VERNEUIL SUR SEINE,78,Maison,157,6,423,2022
432000,78410,AUBERGENVILLE,78,Maison,85,4,909,2022
440000,78260,ACHERES,78,Maison,100,5,525,2022
238000,78710,ROSNY-SUR-SEINE,78,Maison,74,4,380,2022
238000,78710,ROSNY-SUR-SEINE,78,Maison,74,4,500,2022
871730,78620,ETANG-LA-VILLE (L ),78,Maison,145,5,651,2022
261000,78930,GUERVILLE,78,Maison,86,5,720,2022
379000,78890,GARANCIERES,78,Maison,80,4,381,2022
282980,78990,ELANCOURT,78,Dépendance,0,0,510,2022
282980,78990,ELANCOURT,78,Dépendance,0,0,485,2022
282980,78990,ELANCOURT,78,Dépendance,0,0,461,2022
282980,78990,ELANCOURT,78,Maison,99,5,132,2022
282980,78990,ELANCOURT,78,Dépendance,0,0,500,2022
282980,78990,ELANCOURT,78,Dépendance,0,0,410,2022
282980,78990,ELANCOURT,78,Dépendance,0,0,441,2022
331000,78440,GARGENVILLE,78,Maison,100,4,501,2022
444000,78310,COIGNIERES,78,Maison,134,6,403,2022
335000,78680,EPONE,78,Maison,141,5,129,2022
335000,78680,EPONE,78,Maison,141,5,500,2022
660250,78860,SAINT-NOM-LA-BRETECHE,78,Maison,116,5,796,2022
520500,78500,SARTROUVILLE,78,Maison,80,4,300,2022
664000,78120,RAMBOUILLET,78,Maison,161,6,911,2022
1470880,78290,CROISSY SUR SEINE,78,Maison,109,4,905,2022
449300,78700,CONFLANS SAINTE HONORINE,78,Maison,111,5,378,2022
368100,78410,AUBERGENVILLE,78,Maison,60,4,605,2022
364000,78730,SAINT-ARNOULT-EN-YVELINES,78,Dépendance,0,0,609,2022
364000,78730,SAINT-ARNOULT-EN-YVELINES,78,Maison,160,7,609,2022
290000,78410,NEZEL,78,Maison,120,4,215,2022
290000,78410,NEZEL,78,Dépendance,0,0,215,2022
464700,78180,MONTIGNY LE BRETONNEUX,78,Maison,114,4,240,2022
299000,78310,COIGNIERES,78,Maison,75,4,171,2022
600000,78910,ORGERUS,78,Local industriel. commercial ou assimilé,150,0,65,2022
600000,78910,ORGERUS,78,Dépendance,0,0,65,2022
600000,78910,ORGERUS,78,Maison,157,7,65,2022
720000,78800,HOUILLES,78,Maison,100,4,450,2022
270000,78770,AUTEUIL-LE-ROI,78,Maison,70,3,580,2022
419000,78320,MESNIL-SAINT-DENIS (LE),78,Maison,114,5,275,2022
693000,78370,PLAISIR,78,Maison,211,7,722,2022
321000,78980,LONGNES,78,Maison,187,8,500,2022
321000,78980,LONGNES,78,Dépendance,0,0,500,2022
321000,78980,LONGNES,78,Maison,187,8,3079,2022
321000,78980,LONGNES,78,Dépendance,0,0,3079,2022
560000,78380,BOUGIVAL,78,Dépendance,0,0,256,2022
560000,78380,BOUGIVAL,78,Appartement,39,2,256,2022
560000,78380,BOUGIVAL,78,Appartement,54,4,256,2022
327000,78710,ROSNY-SUR-SEINE,78,Maison,102,5,500,2022
327000,78710,ROSNY-SUR-SEINE,78,Maison,102,5,490,2022
300000,78113,BOURDONNE,78,Dépendance,0,0,523,2022
300000,78113,BOURDONNE,78,Maison,117,4,523,2022
295000,78200,MAGNANVILLE,78,Maison,95,5,491,2022
299000,78200,MAGNANVILLE,78,Maison,105,5,360,2022
66000,78630,MORAINVILLIERS,78,Dépendance,0,0,228,2022
66000,78630,MORAINVILLIERS,78,Maison,130,3,228,2022
325000,78700,CONFLANS SAINTE HONORINE,78,Maison,65,3,288,2022
451000,78610,AUFFARGIS,78,Maison,180,8,1530,2022
451000,78610,AUFFARGIS,78,Maison,180,8,500,2022
346500,78300,POISSY,78,Maison,50,2,218,2022
355000,78700,CONFLANS SAINTE HONORINE,78,Maison,82,5,489,2022
439900,78700,CONFLANS SAINTE HONORINE,78,Maison,65,3,110,2022
404770,78580,MAULE,78,Maison,124,5,400,2022
405000,78500,SARTROUVILLE,78,Maison,65,3,198,2022
830000,78860,SAINT-NOM-LA-BRETECHE,78,Maison,182,6,1174,2022
585000,78670,MEDAN,78,Maison,160,4,500,2022
585000,78670,MEDAN,78,Maison,160,4,895,2022
415700,78700,CONFLANS SAINTE HONORINE,78,Dépendance,0,0,362,2022
415700,78700,CONFLANS SAINTE HONORINE,78,Maison,89,5,362,2022
435650,78570,ANDRESY,78,Maison,124,5,250,2022
445000,78570,ANDRESY,78,Maison,77,4,333,2022
445000,78570,ANDRESY,78,Dépendance,0,0,333,2022
401000,78500,SARTROUVILLE,78,Maison,95,4,175,2022
262500,78711,MANTES-LA-VILLE,78,Maison,105,6,163,2022
542325,78740,VAUX-SUR-SEINE,78,Maison,110,5,119,2022
170000,78570,CHANTELOUP-LES-VIGNES,78,Maison,116,5,547,2022
313000,78200,MANTES-LA-JOLIE,78,Appartement,62,2,492,2022
313000,78200,MANTES-LA-JOLIE,78,Dépendance,0,0,492,2022
468000,78700,CONFLANS SAINTE HONORINE,78,Maison,80,5,455,2022
1223400,78100,SAINT-GERMAIN-EN-LAYE,78,Maison,195,7,500,2022
1223400,78100,SAINT-GERMAIN-EN-LAYE,78,Maison,195,7,214,2022
355000,78190,TRAPPES,78,Maison,121,7,360,2022
175000,78200,MANTES-LA-JOLIE,78,Maison,58,3,428,2022
175000,78200,MANTES-LA-JOLIE,78,Dépendance,0,0,428,2022
1100000,78290,CROISSY SUR SEINE,78,Maison,178,8,541,2022
330000,78120,SONCHAMP,78,Maison,118,5,570,2022
330000,78120,SONCHAMP,78,Dépendance,0,0,570,2022
294570,78550,HOUDAN,78,Dépendance,0,0,186,2022
294570,78550,HOUDAN,78,Maison,105,5,186,2022
1410150,78690,SAINT-REMY-L HONORE,78,Maison,244,8,7052,2022
1410150,78690,SAINT-REMY-L HONORE,78,Maison,244,8,500,2022
618500,78800,HOUILLES,78,Maison,127,6,402,2022
872200,78120,RAMBOUILLET,78,Maison,190,4,302,2022
939500,78620,ETANG-LA-VILLE (L ),78,Maison,200,6,908,2022
39000,78930,GOUSSONVILLE,78,Maison,110,4,801,2022
377500,78580,JUMEAUVILLE,78,Maison,100,5,641,2022
377500,78580,JUMEAUVILLE,78,Maison,100,5,1000,2022
325000,78580,MAULE,78,Maison,110,6,400,2022
549000,78370,PLAISIR,78,Maison,134,5,845,2022
230000,78110,VESINET (LE),78,Local industriel. commercial ou assimilé,240,0,179,2022
693000,78240,CHAMBOURCY,78,Maison,135,6,814,2022
410000,78260,ACHERES,78,Maison,94,5,294,2022
1780000,78170,CELLE-SAINT-CLOUD (LA),78,Maison,135,6,700,2022
1780000,78170,CELLE-SAINT-CLOUD (LA),78,Maison,135,6,176,2022
240000,78740,EVECQUEMONT,78,Appartement,22,1,235,2022
240000,78740,EVECQUEMONT,78,Appartement,50,3,235,2022
166000,78200,MANTES-LA-JOLIE,78,Maison,62,3,255,2022
166000,78200,MANTES-LA-JOLIE,78,Dépendance,0,0,255,2022
571420,78470,SAINT-REMY-LES-CHEVREUSE,78,Maison,156,4,544,2022
571420,78470,SAINT-REMY-LES-CHEVREUSE,78,Dépendance,0,0,544,2022
571420,78470,SAINT-REMY-LES-CHEVREUSE,78,Dépendance,0,0,500,2022
571420,78470,SAINT-REMY-LES-CHEVREUSE,78,Maison,156,4,500,2022
185000,78510,TRIEL SUR SEINE,78,Maison,44,3,385,2022
472500,78700,CONFLANS SAINTE HONORINE,78,Maison,96,4,285,2022
344000,78310,MAUREPAS,78,Maison,115,5,286,2022
578000,78720,SENLISSE,78,Maison,127,4,440,2022
457200,78310,MAUREPAS,78,Maison,130,6,500,2022
270000,78930,GUERVILLE,78,Maison,86,5,666,2022
360000,78300,POISSY,78,Maison,70,3,241,2022
370000,78680,EPONE,78,Dépendance,0,0,390,2022
370000,78680,EPONE,78,Maison,100,4,390,2022
459350,78125,EMANCE,78,Maison,154,6,1283,2022
459350,78125,EMANCE,78,Maison,154,6,500,2022
459350,78125,EMANCE,78,Dépendance,0,0,500,2022
459350,78125,EMANCE,78,Dépendance,0,0,1283,2022
223000,78660,ALLAINVILLE AUX BOIS,78,Maison,135,7,175,2022
827000,78750,MAREIL-MARLY,78,Maison,96,2,614,2022
5550000,78310,COIGNIERES,78,Local industriel. commercial ou assimilé,497,0,11984,2022
5550000,78310,COIGNIERES,78,Local industriel. commercial ou assimilé,496,0,11984,2022
5550000,78310,COIGNIERES,78,Local industriel. commercial ou assimilé,1007,0,11984,2022
5550000,78310,COIGNIERES,78,Local industriel. commercial ou assimilé,1107,0,11984,2022
5550000,78310,COIGNIERES,78,Local industriel. commercial ou assimilé,498,0,11984,2022
5550000,78310,COIGNIERES,78,Local industriel. commercial ou assimilé,501,0,11984,2022
470000,78320,MESNIL-SAINT-DENIS (LE),78,Maison,148,7,524,2022
470000,78320,MESNIL-SAINT-DENIS (LE),78,Maison,148,7,500,2022
360000,78300,POISSY,78,Maison,72,4,576,2022
496550,78360,MONTESSON,78,Dépendance,0,0,423,2022
496550,78360,MONTESSON,78,Appartement,27,1,423,2022
496550,78360,MONTESSON,78,Appartement,65,3,423,2022
470000,78180,MONTIGNY LE BRETONNEUX,78,Maison,113,5,286,2022
108000,78690,ESSARTS-LE-ROI (LES),78,Maison,28,1,443,2022
360000,78370,PLAISIR,78,Maison,110,5,202,2022
940000,78930,AUFFREVILLE-BRASSEUIL,78,Dépendance,0,0,515,2022
940000,78930,AUFFREVILLE-BRASSEUIL,78,Maison,210,9,515,2022
940000,78930,AUFFREVILLE-BRASSEUIL,78,Maison,45,3,515,2022
1645000,78000,VERSAILLES,78,Dépendance,0,0,570,2022
2646300,78000,VERSAILLES,78,Dépendance,0,0,659,2022
2646300,78000,VERSAILLES,78,Maison,300,8,659,2022
451050,78330,FONTENAY LE FLEURY,78,Dépendance,0,0,309,2022
451050,78330,FONTENAY LE FLEURY,78,Maison,123,5,309,2022
1328900,78000,VERSAILLES,78,Maison,150,6,253,2022
50000,78710,ROSNY-SUR-SEINE,78,Maison,72,4,639,2022
360000,78510,TRIEL SUR SEINE,78,Maison,90,4,212,2022
349000,78930,VERT,78,Maison,129,5,717,2022
279420,78890,GARANCIERES,78,Dépendance,0,0,727,2022
279420,78890,GARANCIERES,78,Maison,86,4,727,2022
180000,78711,MANTES-LA-VILLE,78,Maison,71,4,212,2022
180000,78711,MANTES-LA-VILLE,78,Dépendance,0,0,212,2022
652400,78420,CARRIERES SUR SEINE,78,Maison,71,2,151,2022
504000,78470,SAINT-REMY-LES-CHEVREUSE,78,Dépendance,0,0,463,2022
504000,78470,SAINT-REMY-LES-CHEVREUSE,78,Maison,107,4,463,2022
1064500,78240,CHAMBOURCY,78,Maison,212,10,903,2022
475000,78720,CELLE-LES-BORDES (LA),78,Maison,105,4,690,2022
591000,78830,BONNELLES,78,Maison,200,8,871,2022
591000,78830,BONNELLES,78,Dépendance,0,0,871,2022
255000,78510,TRIEL SUR SEINE,78,Maison,76,4,256,2022
580000,78700,CONFLANS SAINTE HONORINE,78,Maison,174,6,508,2022
470000,78570,ANDRESY,78,Local industriel. commercial ou assimilé,142,0,151,2022
470000,78570,ANDRESY,78,Appartement,37,2,151,2022
470000,78570,ANDRESY,78,Appartement,25,2,151,2022
470000,78570,ANDRESY,78,Appartement,24,2,151,2022
273000,78711,MANTES-LA-VILLE,78,Maison,105,6,174,2022
298000,78200,MANTES-LA-JOLIE,78,Maison,117,5,138,2022
233000,78200,MANTES-LA-JOLIE,78,Maison,62,4,365,2022
270800,78520,LIMAY,78,Maison,130,5,269,2022
270800,78520,LIMAY,78,Dépendance,0,0,500,2022
270800,78520,LIMAY,78,Maison,130,5,500,2022
270800,78520,LIMAY,78,Dépendance,0,0,269,2022
328000,78114,MAGNY-LES-HAMEAUX,78,Dépendance,0,0,15,2022
328000,78114,MAGNY-LES-HAMEAUX,78,Maison,78,4,136,2022
560300,78170,CELLE-SAINT-CLOUD (LA),78,Maison,108,6,236,2022
92500,78955,CARRIERES SOUS POISSY,78,Dépendance,0,0,24,2022
264000,78440,GARGENVILLE,78,Maison,93,4,454,2022
162198,78114,MAGNY-LES-HAMEAUX,78,Maison,101,5,336,2022
259000,78711,MANTES-LA-VILLE,78,Maison,108,6,144,2022
330000,78940,QUEUE-LES-YVELINES (LA),78,Maison,30,1,125,2022
330000,78940,QUEUE-LES-YVELINES (LA),78,Maison,115,4,125,2022
330000,78940,QUEUE-LES-YVELINES (LA),78,Local industriel. commercial ou assimilé,91,0,153,2022
312000,78410,BOUAFLE,78,Maison,92,6,500,2022
312000,78410,BOUAFLE,78,Maison,92,6,648,2022
212500,78730,LONGVILLIERS,78,Maison,100,3,659,2022
582000,78470,SAINT-REMY-LES-CHEVREUSE,78,Maison,170,4,704,2022
625000,78240,CHAMBOURCY,78,Maison,42,4,300,2022
625000,78240,CHAMBOURCY,78,Dépendance,0,0,300,2022
222000,78711,MANTES-LA-VILLE,78,Maison,101,5,186,2022
340000,78114,MAGNY-LES-HAMEAUX,78,Maison,96,5,187,2022
340000,78114,MAGNY-LES-HAMEAUX,78,Local industriel. commercial ou assimilé,0,0,25,2022
800,78550,HOUDAN,78,Dépendance,0,0,995,2022
800,78550,HOUDAN,78,Dépendance,0,0,5,2022
440000,78730,SAINT-ARNOULT-EN-YVELINES,78,Maison,152,7,801,2022
292500,78440,GARGENVILLE,78,Maison,90,4,317,2022
315000,78660,PRUNAY-EN-YVELINES,78,Dépendance,0,0,73,2022
315000,78660,PRUNAY-EN-YVELINES,78,Maison,123,5,73,2022
324700,78700,CONFLANS SAINTE HONORINE,78,Maison,55,3,525,2022
585000,78800,HOUILLES,78,Maison,54,3,356,2022
205000,78270,NOTRE-DAME-DE-LA-MER,78,Maison,52,3,242,2022
375000,78500,SARTROUVILLE,78,Maison,72,5,89,2022
420000,78510,TRIEL SUR SEINE,78,Maison,82,5,99,2022
825700,78140,VELIZY VILLACOUBLAY,78,Maison,137,5,310,2022
320000,78450,VILLEPREUX,78,Maison,80,5,136,2022
427760,78114,MAGNY-LES-HAMEAUX,78,Maison,80,4,284,2022
860000,78110,VESINET (LE),78,Maison,69,3,307,2022
496365,78580,MAULE,78,Maison,176,9,1774,2022
496365,78580,MAULE,78,Maison,176,9,500,2022
830000,78124,MAREIL-SUR-MAULDRE,78,Dépendance,0,0,1378,2022
830000,78124,MAREIL-SUR-MAULDRE,78,Maison,56,3,1378,2022
830000,78124,MAREIL-SUR-MAULDRE,78,Maison,200,7,1378,2022
830000,78124,MAREIL-SUR-MAULDRE,78,Maison,56,3,500,2022
830000,78124,MAREIL-SUR-MAULDRE,78,Dépendance,0,0,500,2022
830000,78124,MAREIL-SUR-MAULDRE,78,Maison,200,7,500,2022
985800,78750,MAREIL-MARLY,78,Maison,186,6,838,2022
865800,78630,ORGEVAL,78,Maison,154,4,590,2022
865800,78630,ORGEVAL,78,Dépendance,0,0,590,2022
865800,78630,ORGEVAL,78,Maison,154,4,500,2022
865800,78630,ORGEVAL,78,Dépendance,0,0,500,2022
1237000,78220,VIROFLAY,78,Dépendance,0,0,438,2022
1237000,78220,VIROFLAY,78,Maison,146,8,438,2022
1237000,78220,VIROFLAY,78,Dépendance,0,0,792,2022
1237000,78220,VIROFLAY,78,Maison,146,8,792,2022
315700,78670,MEDAN,78,Dépendance,0,0,565,2022
315700,78670,MEDAN,78,Maison,60,4,565,2022
407000,78500,SARTROUVILLE,78,Maison,38,3,194,2022
407000,78500,SARTROUVILLE,78,Dépendance,0,0,194,2022
260000,78700,CONFLANS SAINTE HONORINE,78,Maison,52,2,67,2022
285000,78840,MOISSON,78,Maison,110,3,407,2022
365000,78690,ESSARTS-LE-ROI (LES),78,Maison,94,5,160,2022
395100,78940,QUEUE-LES-YVELINES (LA),78,Maison,82,4,213,2022
340000,78610,PERRAY-EN-YVELINES (LE),78,Maison,102,5,713,2022
340000,78610,PERRAY-EN-YVELINES (LE),78,Dépendance,0,0,713,2022
430000,78200,MANTES-LA-JOLIE,78,Maison,165,6,316,2022
523400,78410,BOUAFLE,78,Maison,243,6,848,2022
523400,78410,BOUAFLE,78,Maison,243,6,500,2022
900000,78400,CHATOU,78,Maison,130,4,390,2022
290000,78410,AUBERGENVILLE,78,Maison,48,1,673,2022
290000,78410,AUBERGENVILLE,78,Local industriel. commercial ou assimilé,151,0,673,2022
745000,78280,GUYANCOURT,78,Appartement,16,1,174,2022
745000,78280,GUYANCOURT,78,Local industriel. commercial ou assimilé,70,0,174,2022
745000,78280,GUYANCOURT,78,Appartement,22,1,174,2022
745000,78280,GUYANCOURT,78,Appartement,13,1,174,2022
745000,78280,GUYANCOURT,78,Appartement,21,1,174,2022
312000,78690,ESSARTS-LE-ROI (LES),78,Maison,99,4,719,2022
312000,78690,ESSARTS-LE-ROI (LES),78,Dépendance,0,0,719,2022
773200,78360,MONTESSON,78,Maison,141,5,375,2022
1425947,78480,VERNEUIL SUR SEINE,78,Dépendance,0,0,1073,2022
1425947,78480,VERNEUIL SUR SEINE,78,Dépendance,0,0,630,2022
446650,78930,GOUSSONVILLE,78,Dépendance,0,0,473,2022
446650,78930,GOUSSONVILLE,78,Maison,180,7,473,2022
193720,78200,MANTES-LA-JOLIE,78,Maison,79,5,281,2022
536150,78610,SAINT-LEGER-EN-YVELINES,78,Dépendance,0,0,864,2022
536150,78610,SAINT-LEGER-EN-YVELINES,78,Maison,142,5,864,2022
422500,78800,HOUILLES,78,Maison,94,5,140,2022
223955,78760,JOUARS-PONTCHARTRAIN,78,Dépendance,0,0,135,2022
223955,78760,JOUARS-PONTCHARTRAIN,78,Maison,54,2,135,2022
250000,78200,MAGNANVILLE,78,Dépendance,0,0,627,2022
250000,78200,MAGNANVILLE,78,Maison,120,6,627,2022
450000,78390,BOIS D ARCY,78,Maison,83,5,315,2022
434000,78680,EPONE,78,Maison,160,6,592,2022
1900000,78110,VESINET (LE),78,Dépendance,0,0,720,2022
1900000,78110,VESINET (LE),78,Maison,270,7,720,2022
359400,78700,CONFLANS SAINTE HONORINE,78,Maison,76,5,523,2022
583000,78180,MONTIGNY LE BRETONNEUX,78,Maison,99,4,190,2022
651000,78800,HOUILLES,78,Maison,103,7,247,2022
427500,78500,SARTROUVILLE,78,Dépendance,0,0,219,2022
427500,78500,SARTROUVILLE,78,Maison,54,3,219,2022
346000,78340,CLAYES-SOUS-BOIS (LES),78,Maison,97,5,202,2022
884000,78600,MAISONS-LAFFITTE,78,Maison,97,5,137,2022
542000,78700,CONFLANS SAINTE HONORINE,78,Local industriel. commercial ou assimilé,667,0,114,2022
130250,78800,HOUILLES,78,Maison,58,2,218,2022
173500,78540,VERNOUILLET,78,Maison,120,6,353,2022
320532,78260,ACHERES,78,Maison,83,4,261,2022
320532,78260,ACHERES,78,Maison,25,1,261,2022
500000,78260,ACHERES,78,Maison,66,3,145,2022
581000,78114,MAGNY-LES-HAMEAUX,78,Maison,138,4,400,2022
581000,78114,MAGNY-LES-HAMEAUX,78,Dépendance,0,0,400,2022
700000,78420,CARRIERES SUR SEINE,78,Maison,103,5,364,2022
969200,78430,LOUVECIENNES,78,Maison,145,5,269,2022
323500,78570,CHANTELOUP-LES-VIGNES,78,Maison,70,3,172,2022
323500,78570,CHANTELOUP-LES-VIGNES,78,Dépendance,0,0,172,2022
100000,78660,SAINT-MARTIN-DE-BRETHENCOURT,78,Maison,159,4,555,2022
620825,78180,MONTIGNY LE BRETONNEUX,78,Maison,149,5,300,2022
620825,78180,MONTIGNY LE BRETONNEUX,78,Maison,149,5,664,2022
260952,78520,LIMAY,78,Maison,133,7,463,2022
332000,78700,CONFLANS SAINTE HONORINE,78,Dépendance,0,0,658,2022
332000,78700,CONFLANS SAINTE HONORINE,78,Maison,60,3,658,2022
955000,78100,SAINT-GERMAIN-EN-LAYE,78,Maison,166,6,315,2022
376700,78700,CONFLANS SAINTE HONORINE,78,Maison,96,5,556,2022
965000,78220,VIROFLAY,78,Local industriel. commercial ou assimilé,180,0,616,2022
415000,78260,ACHERES,78,Maison,97,4,340,2022
1,78240,CHAMBOURCY,78,Local industriel. commercial ou assimilé,17100,0,10173,2022
1,78240,CHAMBOURCY,78,Local industriel. commercial ou assimilé,1400,0,10173,2022
923750,78600,MESNIL-LE-ROI (LE),78,Maison,160,5,584,2022
608400,78250,TESSANCOURT-SUR-AUBETTE,78,Maison,165,5,1142,2022
445000,78600,MAISONS-LAFFITTE,78,Dépendance,0,0,549,2022
445000,78600,MAISONS-LAFFITTE,78,Maison,150,7,549,2022
330000,78260,ACHERES,78,Maison,66,4,119,2022
423000,78780,MAURECOURT,78,Maison,113,4,303,2022
425000,78970,MEZIERES-SUR-SEINE,78,Maison,120,5,612,2022
620000,78420,CARRIERES SUR SEINE,78,Appartement,25,1,185,2022
620000,78420,CARRIERES SUR SEINE,78,Appartement,41,2,185,2022
380000,78650,SAULX-MARCHAIS,78,Maison,136,5,1000,2022
380000,78650,SAULX-MARCHAIS,78,Maison,136,5,480,2022
445000,78114,MAGNY-LES-HAMEAUX,78,Maison,96,5,305,2022
495000,78770,THOIRY,78,Maison,147,6,615,2022
532300,78700,CONFLANS SAINTE HONORINE,78,Maison,77,2,62,2022
860000,78600,MESNIL-LE-ROI (LE),78,Maison,140,4,291,2022
363000,78700,CONFLANS SAINTE HONORINE,78,Maison,75,3,213,2022
634300,78470,SAINT-REMY-LES-CHEVREUSE,78,Maison,127,5,612,2022
15000,78310,MAUREPAS,78,Dépendance,0,0,19,2022
354000,78570,CHANTELOUP-LES-VIGNES,78,Maison,92,4,301,2022
230000,78930,GUERVILLE,78,Maison,70,4,642,2022
328450,78120,CLAIREFONTAINE-EN-YVELINES,78,Dépendance,0,0,2335,2022
328450,78120,CLAIREFONTAINE-EN-YVELINES,78,Maison,62,2,2335,2022
328450,78120,CLAIREFONTAINE-EN-YVELINES,78,Dépendance,0,0,500,2022
328450,78120,CLAIREFONTAINE-EN-YVELINES,78,Maison,62,2,500,2022
350000,78610,PERRAY-EN-YVELINES (LE),78,Maison,137,8,500,2022
1275000,78630,ORGEVAL,78,Maison,190,6,1500,2022
1275000,78630,ORGEVAL,78,Maison,190,6,766,2022
1619200,78120,CLAIREFONTAINE-EN-YVELINES,78,Dépendance,0,0,205,2022
1619200,78120,CLAIREFONTAINE-EN-YVELINES,78,Maison,164,9,2025,2022
1619200,78120,CLAIREFONTAINE-EN-YVELINES,78,Dépendance,0,0,2025,2022
1619200,78120,CLAIREFONTAINE-EN-YVELINES,78,Maison,164,9,205,2022
1024550,78120,RAMBOUILLET,78,Local industriel. commercial ou assimilé,56,0,546,2022
1024550,78120,RAMBOUILLET,78,Local industriel. commercial ou assimilé,19,0,546,2022
1024550,78120,RAMBOUILLET,78,Local industriel. commercial ou assimilé,112,0,546,2022
1024550,78120,RAMBOUILLET,78,Dépendance,0,0,500,2022
1024550,78120,RAMBOUILLET,78,Local industriel. commercial ou assimilé,14,0,546,2022
1024550,78120,RAMBOUILLET,78,Dépendance,0,0,546,2022
1024550,78120,RAMBOUILLET,78,Local industriel. commercial ou assimilé,19,0,500,2022
1024550,78120,RAMBOUILLET,78,Local industriel. commercial ou assimilé,112,0,500,2022
1024550,78120,RAMBOUILLET,78,Local industriel. commercial ou assimilé,56,0,500,2022
1024550,78120,RAMBOUILLET,78,Local industriel. commercial ou assimilé,14,0,500,2022
1024550,78120,RAMBOUILLET,78,Appartement,160,4,500,2022
1024550,78120,RAMBOUILLET,78,Appartement,160,4,546,2022
1050000,78711,MANTES-LA-VILLE,78,Maison,55,3,1022,2022
1050000,78711,MANTES-LA-VILLE,78,Local industriel. commercial ou assimilé,153,0,1022,2022
1050000,78711,MANTES-LA-VILLE,78,Appartement,26,2,1022,2022
1050000,78711,MANTES-LA-VILLE,78,Dépendance,0,0,1022,2022
1050000,78711,MANTES-LA-VILLE,78,Local industriel. commercial ou assimilé,55,0,1022,2022
1050000,78711,MANTES-LA-VILLE,78,Local industriel. commercial ou assimilé,300,0,1022,2022
120000,78130,MUREAUX (LES),78,Dépendance,0,0,417,2022
120000,78130,MUREAUX (LES),78,Appartement,54,2,417,2022
359450,78710,ROSNY-SUR-SEINE,78,Maison,82,4,500,2022
359450,78710,ROSNY-SUR-SEINE,78,Maison,82,4,186,2022
1,78200,BUCHELAY,78,Local industriel. commercial ou assimilé,1072,0,3252,2022
1,78200,BUCHELAY,78,Local industriel. commercial ou assimilé,880,0,3252,2022
303000,78990,ELANCOURT,78,Maison,74,4,212,2022
774940,78620,ETANG-LA-VILLE (L ),78,Maison,128,5,742,2022
1,78125,SAINT-HILARION,78,Local industriel. commercial ou assimilé,0,0,4448,2022
3248630,78490,MONTFORT-L AMAURY,78,Dépendance,0,0,1965,2022
3248630,78490,MONTFORT-L AMAURY,78,Dépendance,0,0,518,2022
3248630,78490,MONTFORT-L AMAURY,78,Maison,645,14,518,2022
3248630,78490,MONTFORT-L AMAURY,78,Maison,645,14,1965,2022
4625000,78500,SARTROUVILLE,78,Local industriel. commercial ou assimilé,732,0,13331,2022
4625000,78500,SARTROUVILLE,78,Local industriel. commercial ou assimilé,2573,0,13331,2022
4625000,78500,SARTROUVILLE,78,Local industriel. commercial ou assimilé,1810,0,13331,2022
4625000,78500,SARTROUVILLE,78,Local industriel. commercial ou assimilé,899,0,13331,2022
4625000,78500,SARTROUVILLE,78,Local industriel. commercial ou assimilé,268,0,13331,2022
4625000,78500,SARTROUVILLE,78,Local industriel. commercial ou assimilé,0,0,13331,2022
175000,78190,TRAPPES,78,Dépendance,0,0,420,2022
175000,78190,TRAPPES,78,Maison,34,2,420,2022
2239900,78110,VESINET (LE),78,Dépendance,0,0,150,2022
2239900,78110,VESINET (LE),78,Maison,220,9,150,2022
2239900,78110,VESINET (LE),78,Dépendance,0,0,1292,2022
2239900,78110,VESINET (LE),78,Maison,220,9,1292,2022
192000,78520,SAINT-MARTIN-LA-GARENNE,78,Maison,85,3,485,2022
604800,78160,MARLY-LE-ROI,78,Maison,62,4,188,2022
514620,78114,MAGNY-LES-HAMEAUX,78,Maison,100,5,411,2022
1644000,78490,MONTFORT-L AMAURY,78,Maison,362,5,3276,2022
1644000,78490,MONTFORT-L AMAURY,78,Dépendance,0,0,3276,2022
1644000,78490,MONTFORT-L AMAURY,78,Maison,362,5,1744,2022
1644000,78490,MONTFORT-L AMAURY,78,Dépendance,0,0,1744,2022
1644000,78490,MONTFORT-L AMAURY,78,Dépendance,0,0,161,2022
1644000,78490,MONTFORT-L AMAURY,78,Maison,362,5,161,2022
401000,78340,CLAYES-SOUS-BOIS (LES),78,Maison,97,3,352,2022
282000,78550,RICHEBOURG,78,Maison,120,5,303,2022
380000,78610,SAINT-LEGER-EN-YVELINES,78,Maison,109,6,284,2022
479252,78180,MONTIGNY LE BRETONNEUX,78,Maison,91,4,207,2022
273000,78190,TRAPPES,78,Maison,65,3,363,2022
273000,78190,TRAPPES,78,Dépendance,0,0,363,2022
335000,78440,ISSOU,78,Maison,110,5,400,2022
455000,78250,MEULAN-EN-YVELINES,78,Appartement,46,2,470,2022
455000,78250,MEULAN-EN-YVELINES,78,Dépendance,0,0,470,2022
455000,78250,MEULAN-EN-YVELINES,78,Appartement,42,3,470,2022
455000,78250,MEULAN-EN-YVELINES,78,Appartement,47,2,470,2022
455000,78250,MEULAN-EN-YVELINES,78,Appartement,40,2,470,2022
520000,78500,SARTROUVILLE,78,Maison,122,4,253,2022
634300,78660,SAINT-MARTIN-DE-BRETHENCOURT,78,Dépendance,0,0,468,2022
634300,78660,SAINT-MARTIN-DE-BRETHENCOURT,78,Maison,230,9,468,2022
634300,78660,SAINT-MARTIN-DE-BRETHENCOURT,78,Dépendance,0,0,5499,2022
634300,78660,SAINT-MARTIN-DE-BRETHENCOURT,78,Maison,230,9,5499,2022
308000,78200,MANTES-LA-JOLIE,78,Maison,110,5,209,2022
344550,78370,PLAISIR,78,Maison,77,4,130,2022
218000,78270,BENNECOURT,78,Maison,111,5,835,2022
218000,78270,BENNECOURT,78,Maison,111,5,262,2022
1130000,78140,VELIZY VILLACOUBLAY,78,Local industriel. commercial ou assimilé,600,0,2309,2022
358000,78250,TESSANCOURT-SUR-AUBETTE,78,Maison,107,5,545,2022
358000,78250,TESSANCOURT-SUR-AUBETTE,78,Maison,107,5,500,2022
256500,78910,ORGERUS,78,Dépendance,0,0,526,2022
256500,78910,ORGERUS,78,Maison,86,3,526,2022
211267,78970,MEZIERES-SUR-SEINE,78,Maison,75,3,726,2022
211267,78970,MEZIERES-SUR-SEINE,78,Maison,75,3,500,2022
616642,78630,ORGEVAL,78,Maison,132,5,298,2022
616642,78630,ORGEVAL,78,Local industriel. commercial ou assimilé,14,0,298,2022
390400,78320,LEVIS-SAINT-NOM,78,Maison,98,5,680,2022
390400,78320,LEVIS-SAINT-NOM,78,Dépendance,0,0,680,2022
334000,78450,VILLEPREUX,78,Maison,95,4,185,2022
212000,78550,BAZAINVILLE,78,Maison,152,5,442,2022
168000,78550,MAULETTE,78,Maison,70,3,764,2022
329600,78510,TRIEL SUR SEINE,78,Maison,97,5,122,2022
316000,78320,MESNIL-SAINT-DENIS (LE),78,Maison,86,4,356,2022
275000,78200,MANTES-LA-JOLIE,78,Local industriel. commercial ou assimilé,74,0,108,2022
275000,78200,MANTES-LA-JOLIE,78,Appartement,24,1,108,2022
275000,78200,MANTES-LA-JOLIE,78,Local industriel. commercial ou assimilé,21,0,108,2022
445000,78500,SARTROUVILLE,78,Maison,114,5,295,2022
750000,78500,SARTROUVILLE,78,Maison,142,6,320,2022
330000,78500,SARTROUVILLE,78,Maison,70,4,145,2022
80000,78270,CRAVENT,78,Maison,50,1,140,2022
450000,78480,VERNEUIL SUR SEINE,78,Maison,123,6,481,2022
430000,78320,MESNIL-SAINT-DENIS (LE),78,Maison,105,4,167,2022
651880,78490,MAREIL-LE-GUYON,78,Maison,152,4,558,2022
575000,78960,VOISINS-LE-BRETONNEUX,78,Maison,109,5,311,2022
392500,78800,HOUILLES,78,Dépendance,0,0,165,2022
392500,78800,HOUILLES,78,Maison,58,3,165,2022
5500000,78130,MUREAUX (LES),78,Appartement,64,3,12206,2022
690000,78180,MONTIGNY LE BRETONNEUX,78,Maison,159,5,440,2022
75000,78990,ELANCOURT,78,Maison,125,5,103,2022
343900,78770,MARCQ,78,Maison,76,4,181,2022
479900,78720,SENLISSE,78,Maison,101,4,465,2022
479900,78720,SENLISSE,78,Dépendance,0,0,465,2022
345000,78910,BOISSETS,78,Dépendance,0,0,1067,2022
345000,78910,BOISSETS,78,Maison,129,4,1067,2022
229000,78930,GUERVILLE,78,Maison,55,2,604,2022
229000,78930,GUERVILLE,78,Dépendance,0,0,604,2022
758706,78210,SAINT-CYR-L ECOLE,78,Maison,106,5,414,2022
758706,78210,SAINT-CYR-L ECOLE,78,Dépendance,0,0,414,2022
265000,78200,MAGNANVILLE,78,Maison,89,4,288,2022
120000,78440,PORCHEVILLE,78,Maison,45,2,855,2022
120000,78440,PORCHEVILLE,78,Dépendance,0,0,855,2022
410000,78800,HOUILLES,78,Maison,72,4,285,2022
560000,78680,EPONE,78,Dépendance,0,0,1343,2022
560000,78680,EPONE,78,Appartement,70,2,1343,2022
560000,78680,EPONE,78,Local industriel. commercial ou assimilé,150,0,1343,2022
252300,78710,ROSNY-SUR-SEINE,78,Maison,125,4,374,2022
528500,78124,MAREIL-SUR-MAULDRE,78,Maison,140,4,500,2022
528500,78124,MAREIL-SUR-MAULDRE,78,Maison,140,4,558,2022
450000,78500,SARTROUVILLE,78,Maison,70,5,1167,2022
694600,78117,CHATEAUFORT,78,Maison,161,6,500,2022
694600,78117,CHATEAUFORT,78,Maison,161,6,946,2022
771225,78113,BOURDONNE,78,Dépendance,0,0,500,2022
771225,78113,BOURDONNE,78,Dépendance,0,0,1785,2022
771225,78113,BOURDONNE,78,Maison,96,4,1785,2022
771225,78113,BOURDONNE,78,Maison,96,4,500,2022
771225,78113,BOURDONNE,78,Dépendance,0,0,779,2022
771225,78113,BOURDONNE,78,Maison,150,6,779,2022
242500,78710,ROSNY-SUR-SEINE,78,Maison,76,5,594,2022
1100000,78400,CHATOU,78,Dépendance,0,0,400,2022
1100000,78400,CHATOU,78,Maison,94,5,400,2022
370000,78730,SAINT-ARNOULT-EN-YVELINES,78,Maison,117,5,1042,2022
525000,78120,RAMBOUILLET,78,Maison,120,4,600,2022
525000,78120,RAMBOUILLET,78,Dépendance,0,0,600,2022
40000,78520,LIMAY,78,Maison,103,4,339,2022
382000,78630,ORGEVAL,78,Maison,85,4,150,2022
337000,78125,HERMERAY,78,Maison,102,6,391,2022
440000,78700,CONFLANS SAINTE HONORINE,78,Maison,139,7,743,2022
350000,78711,MANTES-LA-VILLE,78,Maison,122,6,591,2022
648568,78420,CARRIERES SUR SEINE,78,Maison,64,3,170,2022
382000,78650,BEYNES,78,Maison,80,5,416,2022
258000,78700,CONFLANS SAINTE HONORINE,78,Maison,72,5,82,2022
193000,78250,HARDRICOURT,78,Maison,92,4,495,2022
230000,78200,MAGNANVILLE,78,Maison,92,5,576,2022
274000,78410,BOUAFLE,78,Maison,112,6,157,2022
274000,78410,BOUAFLE,78,Dépendance,0,0,157,2022
223000,78740,VAUX-SUR-SEINE,78,Maison,74,4,580,2022
460000,78990,ELANCOURT,78,Maison,121,6,313,2022
451370,78180,MONTIGNY LE BRETONNEUX,78,Maison,94,4,288,2022
248850,78711,MANTES-LA-VILLE,78,Maison,75,5,191,2022
711000,78117,CHATEAUFORT,78,Maison,130,5,646,2022
711000,78117,CHATEAUFORT,78,Dépendance,0,0,646,2022
267000,78300,POISSY,78,Maison,50,2,218,2022
270000,78940,QUEUE-LES-YVELINES (LA),78,Maison,73,3,829,2022
61000,78650,SAULX-MARCHAIS,78,Dépendance,0,0,304,2022
61000,78650,SAULX-MARCHAIS,78,Maison,18,1,304,2022
455000,78180,MONTIGNY LE BRETONNEUX,78,Maison,99,5,136,2022
340000,78680,EPONE,78,Maison,159,5,838,2022
432400,78410,BOUAFLE,78,Dépendance,0,0,716,2022
432400,78410,BOUAFLE,78,Maison,100,3,716,2022
400000,78700,CONFLANS SAINTE HONORINE,78,Maison,71,4,438,2022
400000,78700,CONFLANS SAINTE HONORINE,78,Maison,71,4,449,2022
377000,78410,AUBERGENVILLE,78,Maison,145,6,1059,2022
492500,78700,CONFLANS SAINTE HONORINE,78,Maison,121,5,274,2022
492500,78700,CONFLANS SAINTE HONORINE,78,Maison,150,3,54,2022
526000,78390,BOIS D ARCY,78,Dépendance,0,0,398,2022
526000,78390,BOIS D ARCY,78,Maison,125,5,398,2022
289000,78130,MUREAUX (LES),78,Maison,115,4,481,2022
222500,78350,JOUY EN JOSAS,78,Maison,45,2,289,2022
194410,78440,DROCOURT,78,Maison,93,4,430,2022
315000,78600,MAISONS-LAFFITTE,78,Local industriel. commercial ou assimilé,115,0,114,2022
315000,78600,MAISONS-LAFFITTE,78,Maison,95,5,114,2022
347000,78450,VILLEPREUX,78,Maison,75,5,192,2022
445000,78340,CLAYES-SOUS-BOIS (LES),78,Maison,83,4,500,2022
445000,78340,CLAYES-SOUS-BOIS (LES),78,Maison,83,4,515,2022
1223301,78220,VIROFLAY,78,Dépendance,0,0,936,2022
1223301,78220,VIROFLAY,78,Maison,140,7,936,2022
535000,78113,BOURDONNE,78,Maison,160,4,761,2022
535000,78113,BOURDONNE,78,Dépendance,0,0,761,2022
535000,78113,BOURDONNE,78,Dépendance,0,0,500,2022
535000,78113,BOURDONNE,78,Maison,334,7,500,2022
535000,78113,BOURDONNE,78,Maison,160,4,500,2022
535000,78113,BOURDONNE,78,Maison,334,7,761,2022
828000,78500,SARTROUVILLE,78,Dépendance,0,0,130,2022
828000,78500,SARTROUVILLE,78,Appartement,18,1,130,2022
828000,78500,SARTROUVILLE,78,Appartement,50,2,130,2022
828000,78500,SARTROUVILLE,78,Appartement,36,2,130,2022
828000,78500,SARTROUVILLE,78,Appartement,20,1,130,2022
828000,78500,SARTROUVILLE,78,Appartement,20,1,232,2022
540000,78590,NOISY LE ROI,78,Maison,116,5,214,2022
265000,78920,ECQUEVILLY,78,Maison,100,5,410,2022
557525,78370,PLAISIR,78,Maison,179,7,728,2022
315660,78990,ELANCOURT,78,Maison,95,4,80,2022
368075,78790,TILLY,78,Maison,152,6,500,2022
368075,78790,TILLY,78,Maison,152,6,1567,2022
513300,78650,BEYNES,78,Maison,137,6,506,2022
513300,78650,BEYNES,78,Maison,137,6,500,2022
513300,78650,BEYNES,78,Dépendance,0,0,500,2022
513300,78650,BEYNES,78,Dépendance,0,0,506,2022
830000,78120,RAMBOUILLET,78,Maison,169,6,716,2022
830000,78120,RAMBOUILLET,78,Local industriel. commercial ou assimilé,10,0,716,2022
245000,78510,TRIEL SUR SEINE,78,Maison,55,2,69,2022
800000,78860,SAINT-NOM-LA-BRETECHE,78,Dépendance,0,0,2137,2022
800000,78860,SAINT-NOM-LA-BRETECHE,78,Dépendance,0,0,500,2022
800000,78860,SAINT-NOM-LA-BRETECHE,78,Maison,337,9,500,2022
800000,78860,SAINT-NOM-LA-BRETECHE,78,Maison,337,9,2137,2022
337000,78450,VILLEPREUX,78,Dépendance,0,0,244,2022
337000,78450,VILLEPREUX,78,Maison,84,4,244,2022
715000,78500,SARTROUVILLE,78,Maison,94,5,345,2022
853000,78500,SARTROUVILLE,78,Dépendance,0,0,917,2022
853000,78500,SARTROUVILLE,78,Maison,170,6,917,2022
440700,78310,MAUREPAS,78,Maison,133,5,265,2022
256000,78440,GARGENVILLE,78,Maison,74,5,326,2022
256000,78440,GARGENVILLE,78,Dépendance,0,0,500,2022
256000,78440,GARGENVILLE,78,Dépendance,0,0,326,2022
256000,78440,GARGENVILLE,78,Maison,74,5,500,2022
550000,78990,ELANCOURT,78,Maison,146,6,717,2022
580000,78800,HOUILLES,78,Maison,76,4,263,2022
522932,78920,ECQUEVILLY,78,Local industriel. commercial ou assimilé,1212,0,9000,2022
650500,78610,BREVIAIRES (LES),78,Dépendance,0,0,506,2022
650500,78610,BREVIAIRES (LES),78,Maison,97,4,506,2022
650500,78610,BREVIAIRES (LES),78,Local industriel. commercial ou assimilé,150,0,506,2022
650500,78610,BREVIAIRES (LES),78,Maison,97,4,500,2022
650500,78610,BREVIAIRES (LES),78,Dépendance,0,0,500,2022
650500,78610,BREVIAIRES (LES),78,Local industriel. commercial ou assimilé,150,0,500,2022
483000,78990,ELANCOURT,78,Maison,115,5,500,2022
483000,78990,ELANCOURT,78,Maison,115,5,201,2022
743370,78630,ORGEVAL,78,Maison,145,6,832,2022
397800,78510,TRIEL SUR SEINE,78,Maison,140,5,215,2022
1000000,78800,HOUILLES,78,Local industriel. commercial ou assimilé,84,0,122,2022
1000000,78800,HOUILLES,78,Appartement,52,3,122,2022
1000000,78800,HOUILLES,78,Dépendance,0,0,122,2022
1000000,78800,HOUILLES,78,Maison,120,6,122,2022
1000000,78800,HOUILLES,78,Local industriel. commercial ou assimilé,177,0,122,2022
1000000,78800,HOUILLES,78,Local industriel. commercial ou assimilé,73,0,122,2022
1000000,78800,HOUILLES,78,Appartement,75,4,122,2022
1000000,78800,HOUILLES,78,Appartement,38,2,122,2022
1000000,78800,HOUILLES,78,Appartement,42,2,122,2022
1000000,78800,HOUILLES,78,Appartement,31,2,122,2022
418970,78490,MESNULS (LES),78,Maison,98,4,565,2022
418970,78490,MESNULS (LES),78,Maison,98,4,500,2022
227000,78200,MANTES-LA-JOLIE,78,Maison,50,2,398,2022
227000,78200,MANTES-LA-JOLIE,78,Dépendance,0,0,398,2022
332500,78180,MONTIGNY LE BRETONNEUX,78,Maison,90,5,59,2022
583000,78910,BEHOUST,78,Dépendance,0,0,275,2022
583000,78910,BEHOUST,78,Maison,220,8,275,2022
2400000,78110,VESINET (LE),78,Maison,161,7,812,2022
2400000,78110,VESINET (LE),78,Maison,161,7,124,2022
2400000,78110,VESINET (LE),78,Maison,64,2,812,2022
2400000,78110,VESINET (LE),78,Maison,64,2,124,2022
352000,78500,SARTROUVILLE,78,Maison,60,3,97,2022
370900,78130,MUREAUX (LES),78,Maison,107,3,1095,2022
370900,78130,MUREAUX (LES),78,Maison,107,3,500,2022
742700,78500,SARTROUVILLE,78,Dépendance,0,0,668,2022
742700,78500,SARTROUVILLE,78,Maison,174,5,668,2022
479000,78700,CONFLANS SAINTE HONORINE,78,Dépendance,0,0,500,2022
479000,78700,CONFLANS SAINTE HONORINE,78,Maison,92,4,500,2022
525000,78500,SARTROUVILLE,78,Maison,70,4,216,2022
475900,78320,MESNIL-SAINT-DENIS (LE),78,Maison,141,6,489,2022
870000,78000,VERSAILLES,78,Maison,90,4,573,2022
338307,78320,MESNIL-SAINT-DENIS (LE),78,Maison,70,4,806,2022
470500,78540,VERNOUILLET,78,Maison,130,5,134,2022
470500,78540,VERNOUILLET,78,Dépendance,0,0,134,2022
547000,78580,BAZEMONT,78,Maison,160,5,382,2022
547000,78580,BAZEMONT,78,Dépendance,0,0,382,2022
748800,78120,RAMBOUILLET,78,Local industriel. commercial ou assimilé,127,0,413,2022
748800,78120,RAMBOUILLET,78,Dépendance,0,0,413,2022
748800,78120,RAMBOUILLET,78,Appartement,128,3,413,2022
748800,78120,RAMBOUILLET,78,Appartement,86,2,413,2022
748800,78120,RAMBOUILLET,78,Local industriel. commercial ou assimilé,51,0,413,2022
380000,78620,ETANG-LA-VILLE (L ),78,Maison,76,3,55,2022
485000,78990,ELANCOURT,78,Maison,172,7,338,2022
280000,78930,GOUSSONVILLE,78,Maison,87,4,4,2022
578000,78370,PLAISIR,78,Maison,179,5,1103,2022
800000,78220,VIROFLAY,78,Maison,48,3,560,2022
800000,78220,VIROFLAY,78,Dépendance,0,0,560,2022
190000,78114,MAGNY-LES-HAMEAUX,78,Maison,30,2,499,2022
355700,78990,ELANCOURT,78,Maison,140,5,250,2022
355700,78990,ELANCOURT,78,Dépendance,0,0,250,2022
363110,78610,PERRAY-EN-YVELINES (LE),78,Dépendance,0,0,263,2022
363110,78610,PERRAY-EN-YVELINES (LE),78,Maison,79,4,263,2022
318150,78660,SAINT-MARTIN-DE-BRETHENCOURT,78,Maison,200,7,414,2022
279560,78730,SAINT-ARNOULT-EN-YVELINES,78,Maison,104,4,845,2022
447810,78580,MAULE,78,Maison,130,5,530,2022
447810,78580,MAULE,78,Maison,130,5,500,2022
305150,78730,SAINT-ARNOULT-EN-YVELINES,78,Maison,105,6,472,2022
676500,78760,JOUARS-PONTCHARTRAIN,78,Maison,157,5,201,2022
1638840,78150,LE CHESNAY-ROCQUENCOURT,78,Maison,122,6,414,2022
520700,78210,SAINT-CYR-L ECOLE,78,Maison,95,5,96,2022
520700,78210,SAINT-CYR-L ECOLE,78,Dépendance,0,0,13,2022
520700,78210,SAINT-CYR-L ECOLE,78,Dépendance,0,0,12,2022
336000,78700,CONFLANS SAINTE HONORINE,78,Maison,80,5,378,2022
1050000,78430,LOUVECIENNES,78,Maison,325,12,1014,2022
1050000,78430,LOUVECIENNES,78,Maison,325,12,500,2022
491700,78770,AUTEUIL-LE-ROI,78,Maison,134,5,700,2022
491700,78770,AUTEUIL-LE-ROI,78,Maison,134,5,500,2022
470000,78730,LONGVILLIERS,78,Maison,145,5,223,2022
470000,78730,LONGVILLIERS,78,Dépendance,0,0,223,2022
112500,78910,ORVILLIERS,78,Maison,73,3,177,2022
160000,78910,TACOIGNIERES,78,Maison,71,3,45,2022
160000,78910,TACOIGNIERES,78,Maison,65,2,45,2022
160000,78910,TACOIGNIERES,78,Maison,65,2,625,2022
160000,78910,TACOIGNIERES,78,Maison,71,3,625,2022
225000,78940,QUEUE-LES-YVELINES (LA),78,Maison,45,2,500,2022
225000,78940,QUEUE-LES-YVELINES (LA),78,Dépendance,0,0,500,2022
225000,78940,QUEUE-LES-YVELINES (LA),78,Maison,45,2,322,2022
225000,78940,QUEUE-LES-YVELINES (LA),78,Dépendance,0,0,322,2022
255000,78740,VAUX-SUR-SEINE,78,Maison,129,5,251,2022
861500,78220,VIROFLAY,78,Maison,143,5,288,2022
124150,78940,QUEUE-LES-YVELINES (LA),78,Dépendance,0,0,14,2022
310000,78920,ECQUEVILLY,78,Maison,89,5,570,2022
160000,78770,GOUPILLIERES,78,Maison,119,4,1600,2022
219996,78200,MANTES-LA-JOLIE,78,Dépendance,0,0,428,2022
219996,78200,MANTES-LA-JOLIE,78,Maison,58,3,428,2022
310000,78260,ACHERES,78,Maison,52,3,394,2022
310000,78260,ACHERES,78,Dépendance,0,0,394,2022
205000,78250,HARDRICOURT,78,Maison,65,4,567,2022
1,78125,GAZERAN,78,Local industriel. commercial ou assimilé,556,0,3060,2022
1,78125,GAZERAN,78,Local industriel. commercial ou assimilé,57,0,3060,2022
1,78125,GAZERAN,78,Local industriel. commercial ou assimilé,388,0,3060,2022
780000,78450,CHAVENAY,78,Maison,182,8,850,2022
780000,78450,CHAVENAY,78,Maison,182,8,200,2022
755700,78630,ORGEVAL,78,Maison,166,4,633,2022
727000,78400,CHATOU,78,Maison,120,5,480,2022
727000,78400,CHATOU,78,Dépendance,0,0,480,2022
434000,78390,BOIS D ARCY,78,Maison,140,5,286,2022
347000,78500,SARTROUVILLE,78,Maison,72,3,293,2022
347000,78500,SARTROUVILLE,78,Dépendance,0,0,293,2022
428834,78610,SAINT-LEGER-EN-YVELINES,78,Maison,177,7,700,2022
428834,78610,SAINT-LEGER-EN-YVELINES,78,Maison,177,7,425,2022
346000,78990,ELANCOURT,78,Maison,91,4,337,2022
324000,78320,LEVIS-SAINT-NOM,78,Dépendance,0,0,70,2022
324000,78320,LEVIS-SAINT-NOM,78,Maison,85,4,70,2022
324000,78320,LEVIS-SAINT-NOM,78,Dépendance,0,0,1003,2022
324000,78320,LEVIS-SAINT-NOM,78,Maison,85,4,1003,2022
262000,78250,HARDRICOURT,78,Maison,77,4,143,2022
310000,78640,VILLIERS-SAINT-FREDERIC,78,Maison,101,5,500,2022
210000,78130,MUREAUX (LES),78,Local industriel. commercial ou assimilé,74,0,247,2022
210000,78130,MUREAUX (LES),78,Maison,60,3,247,2022
210000,78130,MUREAUX (LES),78,Local industriel. commercial ou assimilé,16,0,247,2022
399000,78340,CLAYES-SOUS-BOIS (LES),78,Maison,89,4,243,2022
340000,78730,SAINT-ARNOULT-EN-YVELINES,78,Maison,127,5,917,2022
60000,78660,ABLIS,78,Dépendance,0,0,214,2022
60000,78660,ABLIS,78,Maison,209,7,214,2022
299000,78440,GARGENVILLE,78,Maison,82,4,350,2022
171300,78126,AULNAY-SUR-MAULDRE,78,Maison,52,2,755,2022
140500,78200,MANTES-LA-JOLIE,78,Appartement,49,3,29,2022
140500,78200,MANTES-LA-JOLIE,78,Appartement,49,2,29,2022
805825,78230,PECQ (LE),78,Maison,140,6,727,2022
88000,78520,LIMAY,78,Maison,64,4,245,2022
245000,78930,GUERVILLE,78,Maison,62,2,500,2022
30500,78270,BENNECOURT,78,Maison,28,3,219,2022
30500,78270,BENNECOURT,78,Dépendance,0,0,219,2022
675660,78400,CHATOU,78,Maison,103,4,199,2022
272500,78710,ROSNY-SUR-SEINE,78,Maison,101,5,556,2022
430000,78500,SARTROUVILLE,78,Dépendance,0,0,203,2022
510000,78490,GROSROUVRE,78,Maison,159,6,682,2022
550000,78370,PLAISIR,78,Maison,139,5,648,2022
50000,78440,ISSOU,78,Dépendance,0,0,289,2022
141000,78711,MANTES-LA-VILLE,78,Maison,56,3,274,2022
505000,78530,BUC,78,Maison,92,4,401,2022
565000,78570,CHANTELOUP-LES-VIGNES,78,Maison,123,3,269,2022
565000,78570,CHANTELOUP-LES-VIGNES,78,Maison,123,3,500,2022
989200,78400,CHATOU,78,Maison,93,4,293,2022
405500,78440,JAMBVILLE,78,Maison,99,4,200,2022
405500,78440,JAMBVILLE,78,Dépendance,0,0,200,2022
405500,78440,JAMBVILLE,78,Dépendance,0,0,1464,2022
405500,78440,JAMBVILLE,78,Maison,99,4,1464,2022
720000,78520,LIMAY,78,Dépendance,0,0,545,2022
720000,78520,LIMAY,78,Appartement,25,1,545,2022
720000,78520,LIMAY,78,Appartement,32,1,545,2022
720000,78520,LIMAY,78,Appartement,32,2,545,2022
720000,78520,LIMAY,78,Appartement,45,2,545,2022
720000,78520,LIMAY,78,Appartement,29,1,545,2022
720000,78520,LIMAY,78,Appartement,30,2,545,2022
720000,78520,LIMAY,78,Appartement,18,1,545,2022
330000,78130,MUREAUX (LES),78,Maison,57,3,956,2022
194750,78550,HOUDAN,78,Maison,57,3,55,2022
194750,78550,HOUDAN,78,Dépendance,0,0,13,2022
282500,78440,FONTENAY-SAINT-PERE,78,Maison,92,4,873,2022
282500,78440,FONTENAY-SAINT-PERE,78,Maison,92,4,112,2022
481002,78630,ORGEVAL,78,Maison,83,5,310,2022
130000,78711,MANTES-LA-VILLE,78,Maison,74,4,121,2022
130000,78711,MANTES-LA-VILLE,78,Maison,74,4,500,2022
192500,78113,GRANDCHAMP,78,Dépendance,0,0,500,2022
192500,78113,GRANDCHAMP,78,Maison,94,4,500,2022
192500,78113,GRANDCHAMP,78,Dépendance,0,0,1949,2022
192500,78113,GRANDCHAMP,78,Maison,94,4,1949,2022
389900,78990,ELANCOURT,78,Maison,93,5,267,2022
441600,78320,VERRIERE (LA),78,Maison,82,4,509,2022
225000,78480,VERNEUIL SUR SEINE,78,Maison,98,4,530,2022
975000,78400,CHATOU,78,Maison,178,5,300,2022
568500,78990,ELANCOURT,78,Maison,154,5,1050,2022
723800,78490,GROSROUVRE,78,Maison,160,5,1552,2022
723800,78490,GROSROUVRE,78,Maison,160,5,500,2022
147000,78980,MONDREVILLE,78,Maison,80,4,500,2022
147000,78980,MONDREVILLE,78,Maison,80,4,464,2022
330000,78730,LONGVILLIERS,78,Maison,95,3,1600,2022
330000,78730,LONGVILLIERS,78,Maison,95,3,95,2022
240000,78711,MANTES-LA-VILLE,78,Maison,87,3,825,2022
733700,78630,MORAINVILLIERS,78,Maison,174,7,630,2022
733700,78630,MORAINVILLIERS,78,Maison,174,7,500,2022
571985,78580,MAULE,78,Maison,200,8,500,2022
571985,78580,MAULE,78,Dépendance,0,0,541,2022
571985,78580,MAULE,78,Maison,200,8,541,2022
571985,78580,MAULE,78,Dépendance,0,0,500,2022
645000,78280,GUYANCOURT,78,Maison,145,6,508,2022
453000,78113,CONDE-SUR-VESGRE,78,Dépendance,0,0,911,2022
453000,78113,CONDE-SUR-VESGRE,78,Maison,150,4,911,2022
80000,78660,ABLIS,78,Maison,70,4,70,2022
1903000,78000,VERSAILLES,78,Dépendance,0,0,283,2022
1903000,78000,VERSAILLES,78,Maison,160,8,283,2022
1384750,78600,MAISONS-LAFFITTE,78,Maison,154,6,1398,2022
771100,78600,MAISONS-LAFFITTE,78,Dépendance,0,0,303,2022
771100,78600,MAISONS-LAFFITTE,78,Maison,83,4,303,2022
441500,78570,ANDRESY,78,Maison,110,5,233,2022
630000,78550,GRESSEY,78,Dépendance,0,0,1282,2022
630000,78550,GRESSEY,78,Maison,181,5,1282,2022
630000,78550,GRESSEY,78,Dépendance,0,0,500,2022
630000,78550,GRESSEY,78,Maison,181,5,500,2022
521600,78570,ANDRESY,78,Maison,126,5,549,2022
249000,78200,MANTES-LA-JOLIE,78,Dépendance,0,0,479,2022
249000,78200,MANTES-LA-JOLIE,78,Maison,70,4,479,2022
633738,78610,PERRAY-EN-YVELINES (LE),78,Maison,191,8,887,2022
633738,78610,PERRAY-EN-YVELINES (LE),78,Maison,191,8,500,2022
179000,78980,LONGNES,78,Maison,65,3,573,2022
345000,78690,ESSARTS-LE-ROI (LES),78,Maison,98,5,276,2022
345000,78690,ESSARTS-LE-ROI (LES),78,Dépendance,0,0,276,2022
287000,78350,JOUY EN JOSAS,78,Maison,50,3,102,2022
380000,78130,MUREAUX (LES),78,Local industriel. commercial ou assimilé,109,0,435,2022
380000,78130,MUREAUX (LES),78,Maison,26,2,435,2022
380000,78130,MUREAUX (LES),78,Appartement,60,3,435,2022
565500,78320,MESNIL-SAINT-DENIS (LE),78,Maison,166,7,798,2022
481700,78500,SARTROUVILLE,78,Maison,78,3,250,2022
341300,78570,ANDRESY,78,Maison,87,4,135,2022
652000,78114,MAGNY-LES-HAMEAUX,78,Dépendance,0,0,672,2022
652000,78114,MAGNY-LES-HAMEAUX,78,Maison,99,5,672,2022
375000,78250,OINVILLE-SUR-MONTCIENT,78,Maison,170,6,895,2022
375000,78250,OINVILLE-SUR-MONTCIENT,78,Dépendance,0,0,895,2022
375000,78250,OINVILLE-SUR-MONTCIENT,78,Maison,170,6,125,2022
375000,78250,OINVILLE-SUR-MONTCIENT,78,Dépendance,0,0,125,2022
210000,78520,LIMAY,78,Maison,55,3,489,2022
210000,78520,LIMAY,78,Maison,55,3,195,2022
330000,78700,CONFLANS SAINTE HONORINE,78,Maison,56,4,291,2022
492000,78800,HOUILLES,78,Dépendance,0,0,293,2022
492000,78800,HOUILLES,78,Maison,94,6,293,2022
308600,78130,MUREAUX (LES),78,Maison,110,4,532,2022
308600,78130,MUREAUX (LES),78,Maison,110,4,561,2022
390000,78820,JUZIERS,78,Maison,73,4,670,2022
695000,78720,SENLISSE,78,Maison,237,10,958,2022
695000,78720,SENLISSE,78,Maison,237,10,500,2022
312025,78990,ELANCOURT,78,Maison,94,4,152,2022
398000,78700,CONFLANS SAINTE HONORINE,78,Maison,84,4,248,2022
406000,78700,CONFLANS SAINTE HONORINE,78,Maison,68,3,304,2022
188000,78130,MUREAUX (LES),78,Maison,76,4,151,2022
188000,78130,MUREAUX (LES),78,Dépendance,0,0,18,2022
247000,78130,MUREAUX (LES),78,Dépendance,0,0,290,2022
247000,78130,MUREAUX (LES),78,Maison,102,5,290,2022
816700,78360,MONTESSON,78,Maison,126,6,456,2022
436000,78790,SAINT-MARTIN-DES-CHAMPS,78,Maison,115,6,500,2022
183000,78770,VILLIERS-LE-MAHIEU,78,Maison,47,1,125,2022
282000,78130,MUREAUX (LES),78,Dépendance,0,0,300,2022
282000,78130,MUREAUX (LES),78,Maison,111,4,300,2022
475000,78470,SAINT-REMY-LES-CHEVREUSE,78,Maison,123,5,549,2022
505400,78540,VERNOUILLET,78,Maison,148,8,249,2022
383000,78450,CHAVENAY,78,Local industriel. commercial ou assimilé,20,0,90,2022
383000,78450,CHAVENAY,78,Maison,94,4,90,2022
383000,78450,CHAVENAY,78,Local industriel. commercial ou assimilé,60,0,90,2022
490000,78630,MORAINVILLIERS,78,Maison,102,5,500,2022
490000,78630,MORAINVILLIERS,78,Maison,102,5,130,2022
70000,78440,FONTENAY-SAINT-PERE,78,Dépendance,0,0,148,2022
357500,78500,SARTROUVILLE,78,Maison,82,4,69,2022
210000,78955,CARRIERES SOUS POISSY,78,Dépendance,0,0,356,2022
210000,78955,CARRIERES SOUS POISSY,78,Maison,59,3,356,2022
1780000,78310,MAUREPAS,78,Local industriel. commercial ou assimilé,666,0,1958,2022
265000,78700,CONFLANS SAINTE HONORINE,78,Maison,47,3,669,2022
150000,78930,GUERVILLE,78,Maison,129,7,670,2022
150000,78930,GUERVILLE,78,Maison,129,7,500,2022
215000,78730,SAINTE-MESME,78,Maison,97,4,582,2022
200000,78800,HOUILLES,78,Maison,59,4,240,2022
762000,78600,MAISONS-LAFFITTE,78,Dépendance,0,0,221,2022
762000,78600,MAISONS-LAFFITTE,78,Maison,75,3,221,2022
299000,78340,CLAYES-SOUS-BOIS (LES),78,Dépendance,0,0,365,2022
299000,78340,CLAYES-SOUS-BOIS (LES),78,Maison,54,3,365,2022
410000,78830,BONNELLES,78,Dépendance,0,0,826,2022
410000,78830,BONNELLES,78,Maison,107,5,826,2022
1035000,78340,CLAYES-SOUS-BOIS (LES),78,Maison,134,6,468,2022
1135000,78340,CLAYES-SOUS-BOIS (LES),78,Maison,120,4,548,2022
325000,78450,VILLEPREUX,78,Maison,88,6,248,2022
297920,78200,PERDREAUVILLE,78,Maison,101,4,575,2022
297920,78200,PERDREAUVILLE,78,Dépendance,0,0,575,2022
434000,78510,TRIEL SUR SEINE,78,Maison,67,3,800,2022
353500,78450,VILLEPREUX,78,Maison,81,5,282,2022
287000,78520,LIMAY,78,Maison,150,5,718,2022
441500,78610,BREVIAIRES (LES),78,Maison,102,4,500,2022
441500,78610,BREVIAIRES (LES),78,Maison,102,4,501,2022
517500,78955,CARRIERES SOUS POISSY,78,Dépendance,0,0,300,2022
517500,78955,CARRIERES SOUS POISSY,78,Maison,150,4,300,2022
517500,78955,CARRIERES SOUS POISSY,78,Maison,150,4,575,2022
517500,78955,CARRIERES SOUS POISSY,78,Dépendance,0,0,575,2022
1680000,78150,LE CHESNAY-ROCQUENCOURT,78,Appartement,173,5,870,2022
1680000,78150,LE CHESNAY-ROCQUENCOURT,78,Local industriel. commercial ou assimilé,300,0,870,2022
537000,78340,CLAYES-SOUS-BOIS (LES),78,Maison,91,4,473,2022
537000,78340,CLAYES-SOUS-BOIS (LES),78,Dépendance,0,0,473,2022
300000,78330,FONTENAY LE FLEURY,78,Maison,75,5,334,2022
660600,78700,CONFLANS SAINTE HONORINE,78,Maison,176,8,498,2022
660600,78700,CONFLANS SAINTE HONORINE,78,Dépendance,0,0,498,2022
435000,78540,VERNOUILLET,78,Maison,154,7,721,2022
320000,78670,MEDAN,78,Maison,92,3,996,2022
422000,78955,CARRIERES SOUS POISSY,78,Maison,143,5,433,2022
256000,78340,CLAYES-SOUS-BOIS (LES),78,Maison,63,2,403,2022
575500,78800,HOUILLES,78,Maison,124,4,537,2022
652280,78510,TRIEL SUR SEINE,78,Maison,122,4,504,2022
654900,78540,VERNOUILLET,78,Maison,194,7,1170,2022
360500,78720,CERNAY-LA-VILLE,78,Maison,97,4,372,2022
295000,78810,FEUCHEROLLES,78,Maison,86,4,74,2022
830000,78110,VESINET (LE),78,Maison,42,3,185,2022
14319888,78200,MANTES-LA-JOLIE,78,Maison,117,5,110,2022
14319888,78200,MANTES-LA-JOLIE,78,Maison,130,5,106,2022
14319888,78200,MANTES-LA-JOLIE,78,Appartement,35,2,957,2022
14319888,78200,MANTES-LA-JOLIE,78,Dépendance,0,0,957,2022
14319888,78200,MANTES-LA-JOLIE,78,Appartement,75,3,957,2022
14319888,78200,MANTES-LA-JOLIE,78,Maison,88,4,423,2022
14319888,78200,MANTES-LA-JOLIE,78,Dépendance,0,0,533,2022
14319888,78200,MANTES-LA-JOLIE,78,Dépendance,0,0,155,2022
14319888,78200,MANTES-LA-JOLIE,78,Maison,79,6,155,2022
14319888,78200,MANTES-LA-JOLIE,78,Appartement,19,1,40,2022
14319888,78200,MANTES-LA-JOLIE,78,Appartement,17,1,40,2022
14319888,78200,MANTES-LA-JOLIE,78,Dépendance,0,0,682,2022
14319888,78200,MANTES-LA-JOLIE,78,Local industriel. commercial ou assimilé,80,0,682,2022
14319888,78200,MANTES-LA-JOLIE,78,Appartement,64,3,682,2022
14319888,78200,MANTES-LA-JOLIE,78,Appartement,69,3,682,2022
14319888,78200,MANTES-LA-JOLIE,78,Local industriel. commercial ou assimilé,75,0,682,2022
14319888,78200,MANTES-LA-JOLIE,78,Appartement,85,4,682,2022
291700,78660,ABLIS,78,Maison,102,2,389,2022
300000,78450,VILLEPREUX,78,Maison,76,3,115,2022
287500,78955,CARRIERES SOUS POISSY,78,Maison,89,3,215,2022
358504,78340,CLAYES-SOUS-BOIS (LES),78,Maison,54,3,242,2022
931610,78230,PECQ (LE),78,Maison,147,6,576,2022
931610,78230,PECQ (LE),78,Dépendance,0,0,576,2022
287000,78700,CONFLANS SAINTE HONORINE,78,Maison,60,2,31,2022
175000,78720,DAMPIERRE-EN-YVELINES,78,Maison,37,2,76,2022
329000,78310,MAUREPAS,78,Maison,77,5,148,2022
380000,78910,TACOIGNIERES,78,Maison,115,7,540,2022
380000,78910,TACOIGNIERES,78,Maison,115,7,500,2022
420000,78720,DAMPIERRE-EN-YVELINES,78,Maison,89,4,65,2022
420000,78720,DAMPIERRE-EN-YVELINES,78,Maison,29,1,40,2022
420000,78720,DAMPIERRE-EN-YVELINES,78,Dépendance,0,0,40,2022
620000,78300,POISSY,78,Maison,80,3,670,2022
620000,78300,POISSY,78,Dépendance,0,0,670,2022
476000,78800,HOUILLES,78,Maison,68,4,174,2022
332000,78120,RAMBOUILLET,78,Maison,90,4,376,2022
230000,78980,SAINT-ILLIERS-LA-VILLE,78,Maison,86,4,543,2022
583736,78330,FONTENAY LE FLEURY,78,Maison,135,6,483,2022
320000,78440,DROCOURT,78,Dépendance,0,0,208,2022
320000,78440,DROCOURT,78,Maison,113,5,500,2022
320000,78440,DROCOURT,78,Dépendance,0,0,500,2022
320000,78440,DROCOURT,78,Maison,113,5,208,2022
454400,78370,PLAISIR,78,Maison,110,4,342,2022
320346,78990,ELANCOURT,78,Maison,97,4,287,2022
835560,78800,HOUILLES,78,Dépendance,0,0,477,2022
835560,78800,HOUILLES,78,Maison,173,6,477,2022
467000,78210,SAINT-CYR-L ECOLE,78,Dépendance,0,0,513,2022
467000,78210,SAINT-CYR-L ECOLE,78,Maison,115,6,513,2022
276000,78520,LIMAY,78,Maison,116,6,258,2022
412000,78250,HARDRICOURT,78,Maison,80,5,1285,2022
412000,78250,HARDRICOURT,78,Maison,80,5,500,2022
350000,78720,SAINT-FORGET,78,Local industriel. commercial ou assimilé,51,0,508,2022
350000,78720,SAINT-FORGET,78,Local industriel. commercial ou assimilé,51,0,4300,2022
750000,78860,SAINT-NOM-LA-BRETECHE,78,Maison,116,5,499,2022
626700,78610,PERRAY-EN-YVELINES (LE),78,Maison,169,6,500,2022
626700,78610,PERRAY-EN-YVELINES (LE),78,Maison,169,6,1312,2022
705000,78960,VOISINS-LE-BRETONNEUX,78,Maison,145,5,490,2022
763200,78400,CHATOU,78,Maison,136,6,166,2022
548000,78820,JUZIERS,78,Maison,210,6,608,2022
239000,78200,BOISSY-MAUVOISIN,78,Maison,128,5,591,2022
239000,78200,BOISSY-MAUVOISIN,78,Maison,128,5,500,2022
115000,78660,SAINT-MARTIN-DE-BRETHENCOURT,78,Maison,114,6,879,2022
240000,78890,GARANCIERES,78,Maison,68,4,3271,2022
568480,78770,ANDELU,78,Maison,145,4,750,2022
568480,78770,ANDELU,78,Maison,145,4,500,2022
568480,78770,ANDELU,78,Dépendance,0,0,750,2022
568480,78770,ANDELU,78,Dépendance,0,0,500,2022
265000,78340,CLAYES-SOUS-BOIS (LES),78,Maison,70,3,436,2022
930000,78160,MARLY-LE-ROI,78,Maison,90,4,485,2022
522000,78960,VOISINS-LE-BRETONNEUX,78,Maison,109,5,247,2022
522000,78960,VOISINS-LE-BRETONNEUX,78,Dépendance,0,0,247,2022
836800,78860,SAINT-NOM-LA-BRETECHE,78,Maison,128,4,952,2022
860000,78280,GUYANCOURT,78,Maison,205,6,859,2022
860000,78280,GUYANCOURT,78,Maison,205,6,600,2022
276730,78550,HOUDAN,78,Maison,70,3,40,2022
122000,78125,HERMERAY,78,Local industriel. commercial ou assimilé,500,0,1377,2022
261120,78660,BOINVILLE-LE-GAILLARD,78,Maison,140,5,500,2022
261120,78660,BOINVILLE-LE-GAILLARD,78,Maison,140,5,689,2022
370000,78730,SAINTE-MESME,78,Maison,144,8,500,2022
370000,78730,SAINTE-MESME,78,Maison,144,8,537,2022
540000,78121,CRESPIERES,78,Maison,118,4,405,2022
310000,78120,SONCHAMP,78,Maison,140,4,708,2022
310000,78120,SONCHAMP,78,Dépendance,0,0,708,2022
745000,78600,MAISONS-LAFFITTE,78,Maison,80,3,333,2022
210000,78440,GARGENVILLE,78,Maison,92,2,500,2022
210000,78440,GARGENVILLE,78,Dépendance,0,0,500,2022
210000,78440,GARGENVILLE,78,Dépendance,0,0,386,2022
210000,78440,GARGENVILLE,78,Maison,92,2,386,2022
211000,78520,LIMAY,78,Maison,40,5,63,2022
255000,78920,ECQUEVILLY,78,Maison,72,4,228,2022
137000,78250,MEZY-SUR-SEINE,78,Appartement,42,2,82,2022
200000,78520,LIMAY,78,Maison,84,5,212,2022
310000,78711,MANTES-LA-VILLE,78,Maison,101,5,400,2022
860000,78580,BAZEMONT,78,Maison,210,9,1000,2022
860000,78580,BAZEMONT,78,Maison,210,9,3000,2022
860000,78580,BAZEMONT,78,Maison,210,9,8133,2022
489150,78500,SARTROUVILLE,78,Dépendance,0,0,504,2022
489150,78500,SARTROUVILLE,78,Appartement,25,1,504,2022
489150,78500,SARTROUVILLE,78,Maison,97,4,504,2022
442000,78570,CHANTELOUP-LES-VIGNES,78,Maison,105,6,476,2022
265471,78920,ECQUEVILLY,78,Maison,71,5,154,2022
285000,78920,ECQUEVILLY,78,Maison,94,5,128,2022
454200,78250,OINVILLE-SUR-MONTCIENT,78,Maison,101,6,500,2022
454200,78250,OINVILLE-SUR-MONTCIENT,78,Dépendance,0,0,1496,2022
454200,78250,OINVILLE-SUR-MONTCIENT,78,Maison,101,6,1496,2022
454200,78250,OINVILLE-SUR-MONTCIENT,78,Dépendance,0,0,500,2022
460000,78260,ACHERES,78,Maison,78,4,847,2022
642000,78490,MONTFORT-L AMAURY,78,Dépendance,0,0,575,2022
642000,78490,MONTFORT-L AMAURY,78,Maison,180,5,575,2022
430500,78700,CONFLANS SAINTE HONORINE,78,Maison,104,4,300,2022
292500,78310,MAUREPAS,78,Maison,91,4,128,2022
260000,78650,BEYNES,78,Dépendance,0,0,639,2022
600400,78500,SARTROUVILLE,78,Maison,118,5,397,2022
361904,78760,JOUARS-PONTCHARTRAIN,78,Maison,82,5,592,2022
405000,78113,CONDE-SUR-VESGRE,78,Maison,117,6,500,2022
405000,78113,CONDE-SUR-VESGRE,78,Maison,117,6,988,2022
168300,78510,TRIEL SUR SEINE,78,Maison,143,5,403,2022
277000,78990,ELANCOURT,78,Maison,94,4,115,2022
445500,78800,HOUILLES,78,Dépendance,0,0,240,2022
445500,78800,HOUILLES,78,Maison,143,6,240,2022
445500,78800,HOUILLES,78,Maison,86,4,240,2022
380000,78440,GARGENVILLE,78,Dépendance,0,0,859,2022
380000,78440,GARGENVILLE,78,Maison,69,4,500,2022
380000,78440,GARGENVILLE,78,Maison,69,4,859,2022
380000,78440,GARGENVILLE,78,Dépendance,0,0,500,2022
360000,78910,ORVILLIERS,78,Dépendance,0,0,500,2022
360000,78910,ORVILLIERS,78,Maison,126,5,500,2022
290000,78510,TRIEL SUR SEINE,78,Maison,120,5,265,2022
294000,78480,VERNEUIL SUR SEINE,78,Maison,51,3,502,2022
381700,78790,ARNOUVILLE-LES-MANTES,78,Maison,117,5,410,2022
361000,78970,MEZIERES-SUR-SEINE,78,Maison,136,5,555,2022
295000,78410,NEZEL,78,Maison,75,4,493,2022
67851,78680,EPONE,78,Maison,89,4,327,2022
860000,78140,VELIZY VILLACOUBLAY,78,Appartement,71,5,129,2022
860000,78140,VELIZY VILLACOUBLAY,78,Dépendance,0,0,129,2022
860000,78140,VELIZY VILLACOUBLAY,78,Appartement,150,6,129,2022
369000,78700,CONFLANS SAINTE HONORINE,78,Maison,67,3,258,2022
212500,78200,BUCHELAY,78,Maison,78,4,284,2022
326000,78200,MAGNANVILLE,78,Maison,118,5,726,2022
339000,78711,MANTES-LA-VILLE,78,Maison,111,4,585,2022
227500,78440,PORCHEVILLE,78,Maison,115,6,606,2022
70000,78440,PORCHEVILLE,78,Local industriel. commercial ou assimilé,3920,0,1771,2022
645000,78370,PLAISIR,78,Maison,163,7,750,2022
640000,78530,BUC,78,Maison,100,6,440,2022
385000,78124,MAREIL-SUR-MAULDRE,78,Maison,95,4,282,2022
556685,78370,PLAISIR,78,Maison,125,6,437,2022
316479,78630,ORGEVAL,78,Appartement,71,4,1123,2022
316479,78630,ORGEVAL,78,Local industriel. commercial ou assimilé,50,0,1123,2022
189800,78970,MEZIERES-SUR-SEINE,78,Appartement,40,2,87,2022
189800,78970,MEZIERES-SUR-SEINE,78,Dépendance,0,0,87,2022
816500,78000,VERSAILLES,78,Maison,100,4,79,2022
355000,78310,MAUREPAS,78,Maison,92,5,535,2022
227000,78970,MEZIERES-SUR-SEINE,78,Maison,70,3,124,2022
388000,78990,ELANCOURT,78,Maison,97,4,192,2022
613470,78113,BOURDONNE,78,Dépendance,0,0,500,2022
613470,78113,BOURDONNE,78,Dépendance,0,0,3269,2022
613470,78113,BOURDONNE,78,Maison,304,9,3269,2022
613470,78113,BOURDONNE,78,Maison,304,9,500,2022
289000,78920,ECQUEVILLY,78,Maison,89,5,131,2022
838400,78800,HOUILLES,78,Maison,127,5,425,2022
360000,78670,VILLENNES-SUR-SEINE,78,Dépendance,0,0,201,2022
283000,78130,MUREAUX (LES),78,Maison,112,5,590,2022
740000,78630,MORAINVILLIERS,78,Maison,170,5,500,2022
740000,78630,MORAINVILLIERS,78,Dépendance,0,0,500,2022
740000,78630,MORAINVILLIERS,78,Maison,170,5,221,2022
740000,78630,MORAINVILLIERS,78,Dépendance,0,0,221,2022
661300,78520,SAINT-MARTIN-LA-GARENNE,78,Maison,212,7,500,2022
661300,78520,SAINT-MARTIN-LA-GARENNE,78,Maison,212,7,2001,2022
580000,78500,SARTROUVILLE,78,Maison,64,3,387,2022
309000,78200,MANTES-LA-JOLIE,78,Maison,72,4,694,2022
130000,78270,LOMMOYE,78,Maison,72,5,600,2022
280000,78730,SAINTE-MESME,78,Maison,169,10,655,2022
434000,78280,GUYANCOURT,78,Dépendance,0,0,200,2022
434000,78280,GUYANCOURT,78,Maison,113,6,200,2022
360000,78310,MAUREPAS,78,Maison,102,4,166,2022
1000000,78400,CHATOU,78,Appartement,24,0,274,2022
1000000,78400,CHATOU,78,Dépendance,0,0,274,2022
1000000,78400,CHATOU,78,Appartement,52,3,274,2022
412100,78114,MAGNY-LES-HAMEAUX,78,Maison,150,4,496,2022
330000,78260,ACHERES,78,Maison,108,5,264,2022
1,78240,CHAMBOURCY,78,Local industriel. commercial ou assimilé,470,0,1027,2022
1,78240,CHAMBOURCY,78,Local industriel. commercial ou assimilé,1745,0,1027,2022
1,78240,CHAMBOURCY,78,Local industriel. commercial ou assimilé,1745,0,2043,2022
1,78240,CHAMBOURCY,78,Local industriel. commercial ou assimilé,470,0,2043,2022
650000,78370,PLAISIR,78,Local industriel. commercial ou assimilé,578,0,1494,2022
650000,78370,PLAISIR,78,Appartement,55,3,1494,2022
351000,78260,ACHERES,78,Maison,73,5,559,2022
351000,78260,ACHERES,78,Dépendance,0,0,559,2022
175000,78440,GARGENVILLE,78,Maison,72,4,218,2022
250000,78790,SEPTEUIL,78,Maison,143,6,359,2022
535000,78500,SARTROUVILLE,78,Maison,47,3,184,2022
1400000,78110,VESINET (LE),78,Maison,157,8,85,2022
1400000,78110,VESINET (LE),78,Maison,157,8,1417,2022
820000,78590,NOISY LE ROI,78,Maison,139,4,486,2022
744000,78630,ORGEVAL,78,Maison,190,6,660,2022
411000,78920,ECQUEVILLY,78,Maison,108,5,355,2022
330000,78820,JUZIERS,78,Maison,86,4,857,2022
418000,78300,POISSY,78,Dépendance,0,0,158,2022
418000,78300,POISSY,78,Maison,73,3,158,2022
419900,78390,BOIS D ARCY,78,Maison,85,4,175,2022
419900,78390,BOIS D ARCY,78,Dépendance,0,0,175,2022
288000,78610,PERRAY-EN-YVELINES (LE),78,Maison,126,6,500,2022
288000,78610,PERRAY-EN-YVELINES (LE),78,Dépendance,0,0,500,2022
288000,78610,PERRAY-EN-YVELINES (LE),78,Maison,126,6,728,2022
288000,78610,PERRAY-EN-YVELINES (LE),78,Dépendance,0,0,728,2022
450000,78690,ESSARTS-LE-ROI (LES),78,Maison,170,6,500,2022
450000,78690,ESSARTS-LE-ROI (LES),78,Maison,170,6,544,2022
380000,78500,SARTROUVILLE,78,Local industriel. commercial ou assimilé,235,0,337,2022
380000,78500,SARTROUVILLE,78,Appartement,60,3,337,2022
680000,78430,LOUVECIENNES,78,Local industriel. commercial ou assimilé,145,0,640,2022
623950,78180,MONTIGNY LE BRETONNEUX,78,Maison,136,4,387,2022
269000,78410,NEZEL,78,Maison,101,4,307,2022
393400,78700,CONFLANS SAINTE HONORINE,78,Dépendance,0,0,348,2022
393400,78700,CONFLANS SAINTE HONORINE,78,Maison,99,4,348,2022
1111641,78470,MILON-LA-CHAPELLE,78,Dépendance,0,0,650,2022
1111641,78470,MILON-LA-CHAPELLE,78,Maison,460,8,17900,2022
1111641,78470,MILON-LA-CHAPELLE,78,Maison,460,8,650,2022
1111641,78470,MILON-LA-CHAPELLE,78,Dépendance,0,0,17900,2022
910500,78670,VILLENNES-SUR-SEINE,78,Maison,136,7,1055,2022
657000,78360,MONTESSON,78,Maison,82,5,336,2022
335000,78800,HOUILLES,78,Maison,67,5,141,2022
351000,78800,HOUILLES,78,Maison,78,3,291,2022
470000,78320,MESNIL-SAINT-DENIS (LE),78,Maison,111,5,798,2022
474600,78260,ACHERES,78,Maison,109,5,454,2022
794700,78600,MESNIL-LE-ROI (LE),78,Maison,150,4,547,2022
1261690,78600,MAISONS-LAFFITTE,78,Maison,113,6,466,2022
1261690,78600,MAISONS-LAFFITTE,78,Dépendance,0,0,466,2022
263000,78711,MANTES-LA-VILLE,78,Maison,90,4,750,2022
413500,78310,MAUREPAS,78,Maison,105,6,341,2022
413500,78310,MAUREPAS,78,Dépendance,0,0,341,2022
360150,78730,SAINT-ARNOULT-EN-YVELINES,78,Maison,121,5,863,2022
345000,78520,LIMAY,78,Maison,130,5,400,2022
678500,78125,GAZERAN,78,Maison,180,6,808,2022
285000,78310,MAUREPAS,78,Maison,89,4,136,2022
285000,78310,MAUREPAS,78,Dépendance,0,0,136,2022
547000,78570,ANDRESY,78,Maison,160,4,1641,2022
547000,78570,ANDRESY,78,Maison,160,4,500,2022
500000,78580,ALLUETS-LE-ROI (LES),78,Maison,183,5,289,2022
500000,78580,ALLUETS-LE-ROI (LES),78,Dépendance,0,0,289,2022
500000,78580,ALLUETS-LE-ROI (LES),78,Maison,150,4,289,2022
614050,78630,MORAINVILLIERS,78,Maison,144,6,401,2022
360000,78930,VERT,78,Maison,106,4,1181,2022
360000,78930,VERT,78,Maison,106,4,500,2022
405000,78390,BOIS D ARCY,78,Maison,92,4,474,2022
595000,78300,POISSY,78,Maison,156,5,124,2022
533800,78730,ROCHEFORT-EN-YVELINES,78,Dépendance,0,0,1363,2022
533800,78730,ROCHEFORT-EN-YVELINES,78,Dépendance,0,0,500,2022
533800,78730,ROCHEFORT-EN-YVELINES,78,Maison,163,6,500,2022
533800,78730,ROCHEFORT-EN-YVELINES,78,Maison,163,6,1363,2022
160550,78520,SAINT-MARTIN-LA-GARENNE,78,Maison,90,4,70,2022
278000,78200,BUCHELAY,78,Maison,84,4,230,2022
420810,78440,LAINVILLE-EN-VEXIN,78,Maison,176,8,1088,2022
1035000,78800,HOUILLES,78,Maison,102,4,544,2022
800000,78800,HOUILLES,78,Appartement,31,2,420,2022
800000,78800,HOUILLES,78,Dépendance,0,0,420,2022
800000,78800,HOUILLES,78,Appartement,34,2,420,2022
800000,78800,HOUILLES,78,Appartement,27,2,420,2022
800000,78800,HOUILLES,78,Appartement,24,2,420,2022
485000,78610,SAINT-LEGER-EN-YVELINES,78,Maison,139,4,493,2022
485000,78610,SAINT-LEGER-EN-YVELINES,78,Maison,139,4,700,2022
172000,78520,LIMAY,78,Maison,68,3,270,2022
172000,78520,LIMAY,78,Dépendance,0,0,270,2022
544750,78610,PERRAY-EN-YVELINES (LE),78,Maison,145,6,947,2022
562000,78500,SARTROUVILLE,78,Maison,90,5,548,2022
134000,78630,MORAINVILLIERS,78,Dépendance,0,0,30,2022
134000,78630,MORAINVILLIERS,78,Maison,18,2,30,2022
702270,78720,DAMPIERRE-EN-YVELINES,78,Dépendance,0,0,500,2022
702270,78720,DAMPIERRE-EN-YVELINES,78,Maison,186,6,2297,2022
702270,78720,DAMPIERRE-EN-YVELINES,78,Dépendance,0,0,2297,2022
702270,78720,DAMPIERRE-EN-YVELINES,78,Maison,186,6,3200,2022
702270,78720,DAMPIERRE-EN-YVELINES,78,Maison,186,6,500,2022
702270,78720,DAMPIERRE-EN-YVELINES,78,Dépendance,0,0,3200,2022
380000,78490,TREMBLAY-SUR-MAULDRE (LE),78,Maison,89,5,307,2022
310000,78200,BOISSY-MAUVOISIN,78,Maison,132,5,401,2022
310000,78200,BOISSY-MAUVOISIN,78,Maison,132,5,500,2022
450000,78360,MONTESSON,78,Maison,125,5,336,2022
454000,78380,BOUGIVAL,78,Maison,53,3,298,2022
551100,78550,BAZAINVILLE,78,Maison,154,6,817,2022
551100,78550,BAZAINVILLE,78,Maison,154,6,500,2022
835000,78690,SAINT-REMY-L HONORE,78,Dépendance,0,0,4099,2022
835000,78690,SAINT-REMY-L HONORE,78,Maison,164,5,500,2022
835000,78690,SAINT-REMY-L HONORE,78,Dépendance,0,0,500,2022
835000,78690,SAINT-REMY-L HONORE,78,Maison,164,5,4099,2022
417000,78870,BAILLY,78,Maison,75,4,61,2022
1328660,78230,PECQ (LE),78,Maison,80,4,67,2022
1328660,78230,PECQ (LE),78,Maison,126,6,155,2022
370000,78890,GARANCIERES,78,Maison,88,3,500,2022
150000,78450,VILLEPREUX,78,Maison,90,5,177,2022
475000,78310,MAUREPAS,78,Dépendance,0,0,648,2022
475000,78310,MAUREPAS,78,Maison,131,5,648,2022
681400,78450,VILLEPREUX,78,Maison,143,5,479,2022
225000,78660,SAINT-MARTIN-DE-BRETHENCOURT,78,Maison,120,5,700,2022
225000,78660,SAINT-MARTIN-DE-BRETHENCOURT,78,Maison,120,5,500,2022
306200,78450,VILLEPREUX,78,Maison,90,5,164,2022
235000,78800,HOUILLES,78,Maison,36,2,175,2022
128000,78270,BENNECOURT,78,Maison,60,2,143,2022
695400,78400,CHATOU,78,Dépendance,0,0,314,2022
695400,78400,CHATOU,78,Maison,79,1,314,2022
340076,78340,CLAYES-SOUS-BOIS (LES),78,Maison,79,4,197,2022
1277000,78100,SAINT-GERMAIN-EN-LAYE,78,Dépendance,0,0,195,2022
1277000,78100,SAINT-GERMAIN-EN-LAYE,78,Maison,108,5,195,2022
470850,78530,BUC,78,Maison,77,3,297,2022
761500,78120,RAMBOUILLET,78,Dépendance,0,0,658,2022
761500,78120,RAMBOUILLET,78,Maison,180,7,658,2022
300000,78690,ESSARTS-LE-ROI (LES),78,Dépendance,0,0,180,2022
300000,78690,ESSARTS-LE-ROI (LES),78,Maison,86,5,180,2022
475000,78100,SAINT-GERMAIN-EN-LAYE,78,Maison,53,4,556,2022
475000,78100,SAINT-GERMAIN-EN-LAYE,78,Dépendance,0,0,556,2022
432000,78800,HOUILLES,78,Maison,117,4,103,2022
432000,78800,HOUILLES,78,Dépendance,0,0,103,2022
2000000,78920,ECQUEVILLY,78,Local industriel. commercial ou assimilé,1212,0,9000,2022
375259,78360,MONTESSON,78,Maison,29,2,148,2022
255000,78450,VILLEPREUX,78,Maison,96,4,100,2022
420000,78360,MONTESSON,78,Dépendance,0,0,439,2022
420000,78360,MONTESSON,78,Maison,65,2,439,2022
2651000,78170,CELLE-SAINT-CLOUD (LA),78,Dépendance,0,0,186,2022
2651000,78170,CELLE-SAINT-CLOUD (LA),78,Maison,360,11,186,2022
196666,78610,AUFFARGIS,78,Maison,80,4,297,2022
536000,78117,CHATEAUFORT,78,Maison,87,4,668,2022
536000,78117,CHATEAUFORT,78,Dépendance,0,0,668,2022
430500,78890,GARANCIERES,78,Maison,114,4,597,2022
430500,78890,GARANCIERES,78,Maison,114,4,700,2022
515000,78860,SAINT-NOM-LA-BRETECHE,78,Maison,71,4,751,2022
896150,78630,ORGEVAL,78,Dépendance,0,0,1356,2022
896150,78630,ORGEVAL,78,Maison,164,6,1356,2022
399000,78390,BOIS D ARCY,78,Maison,73,3,312,2022
343900,78760,JOUARS-PONTCHARTRAIN,78,Maison,75,4,183,2022
340000,78930,VILLETTE,78,Maison,154,7,2870,2022
340000,78930,VILLETTE,78,Maison,154,7,110,2022
374000,78580,MAULE,78,Maison,95,5,500,2022
374000,78580,MAULE,78,Dépendance,0,0,500,2022
374000,78580,MAULE,78,Maison,95,5,684,2022
374000,78580,MAULE,78,Dépendance,0,0,684,2022
71000,78980,LONGNES,78,Maison,98,4,228,2022
421000,78125,EMANCE,78,Maison,138,7,796,2022
421000,78125,EMANCE,78,Maison,138,7,500,2022
570000,78500,SARTROUVILLE,78,Local industriel. commercial ou assimilé,75,0,284,2022
570000,78500,SARTROUVILLE,78,Maison,65,3,284,2022
289000,78340,CLAYES-SOUS-BOIS (LES),78,Maison,75,4,203,2022
429000,78480,VERNEUIL SUR SEINE,78,Maison,110,4,555,2022
540000,78800,HOUILLES,78,Maison,60,1,358,2022
321000,78370,PLAISIR,78,Maison,102,5,216,2022
439500,78390,BOIS D ARCY,78,Maison,110,6,310,2022
699980,78490,MERE,78,Maison,150,6,863,2022
412000,78180,MONTIGNY LE BRETONNEUX,78,Maison,123,6,138,2022
412000,78180,MONTIGNY LE BRETONNEUX,78,Dépendance,0,0,138,2022
348000,78126,AULNAY-SUR-MAULDRE,78,Maison,55,3,597,2022
1242800,78170,CELLE-SAINT-CLOUD (LA),78,Maison,288,7,360,2022
1242800,78170,CELLE-SAINT-CLOUD (LA),78,Local industriel. commercial ou assimilé,79,0,360,2022
761140,78230,PECQ (LE),78,Maison,60,4,130,2022
530000,78800,HOUILLES,78,Maison,93,4,730,2022
182000,78440,ISSOU,78,Dépendance,0,0,85,2022
182000,78440,ISSOU,78,Maison,70,3,85,2022
258000,78520,LIMAY,78,Maison,52,3,482,2022
400000,78300,POISSY,78,Appartement,31,2,180,2022
400000,78300,POISSY,78,Local industriel. commercial ou assimilé,20,0,180,2022
400000,78300,POISSY,78,Appartement,63,3,180,2022
400000,78300,POISSY,78,Appartement,20,1,180,2022
400000,78300,POISSY,78,Dépendance,0,0,180,2022
165000,78125,RAIZEUX,78,Maison,68,4,200,2022
533640,78910,PRUNAY-LE-TEMPLE,78,Maison,228,7,500,2022
533640,78910,PRUNAY-LE-TEMPLE,78,Maison,228,7,4594,2022
204000,78680,EPONE,78,Appartement,35,1,86,2022
204000,78680,EPONE,78,Dépendance,0,0,86,2022
204000,78680,EPONE,78,Appartement,62,2,86,2022
633652,78330,FONTENAY LE FLEURY,78,Maison,169,7,895,2022
633652,78330,FONTENAY LE FLEURY,78,Maison,169,7,500,2022
399000,78500,SARTROUVILLE,78,Maison,63,4,342,2022
199000,78711,MANTES-LA-VILLE,78,Maison,64,4,408,2022
161000,78820,JUZIERS,78,Appartement,156,8,338,2022
161000,78820,JUZIERS,78,Dépendance,0,0,338,2022
921820,78600,MAISONS-LAFFITTE,78,Maison,82,6,317,2022
921820,78600,MAISONS-LAFFITTE,78,Dépendance,0,0,317,2022
442500,78500,SARTROUVILLE,78,Maison,25,1,217,2022
307000,78250,HARDRICOURT,78,Maison,75,4,214,2022
456400,78125,BOISSIERE-ECOLE (LA),78,Maison,176,6,544,2022
456400,78125,BOISSIERE-ECOLE (LA),78,Maison,176,6,600,2022
623000,78770,AUTEUIL-LE-ROI,78,Maison,126,4,597,2022
623000,78770,AUTEUIL-LE-ROI,78,Dépendance,0,0,597,2022
623000,78770,AUTEUIL-LE-ROI,78,Maison,126,4,700,2022
623000,78770,AUTEUIL-LE-ROI,78,Dépendance,0,0,700,2022
235000,78711,MANTES-LA-VILLE,78,Maison,71,4,422,2022
271000,78520,FOLLAINVILLE-DENNEMONT,78,Maison,123,5,202,2022
265000,78520,LIMAY,78,Maison,75,4,659,2022
265000,78520,LIMAY,78,Dépendance,0,0,659,2022
342000,78520,LIMAY,78,Dépendance,0,0,643,2022
342000,78520,LIMAY,78,Dépendance,0,0,593,2022
342000,78520,LIMAY,78,Maison,180,7,593,2022
342000,78520,LIMAY,78,Maison,180,7,643,2022
866000,78630,MORAINVILLIERS,78,Maison,250,6,479,2022
710000,78670,VILLENNES-SUR-SEINE,78,Maison,100,4,1297,2022
215000,78550,BAZAINVILLE,78,Maison,133,5,315,2022
220000,78440,ISSOU,78,Maison,69,3,570,2022
1101490,78380,BOUGIVAL,78,Maison,114,4,381,2022
1101490,78380,BOUGIVAL,78,Dépendance,0,0,381,2022
645750,78117,CHATEAUFORT,78,Maison,117,5,717,2022
645750,78117,CHATEAUFORT,78,Maison,117,5,500,2022
556800,78117,CHATEAUFORT,78,Maison,106,5,747,2022
616000,78490,BAZOCHES-SUR-GUYONNE,78,Maison,181,6,510,2022
616000,78490,BAZOCHES-SUR-GUYONNE,78,Maison,181,6,500,2022
242500,78711,MANTES-LA-VILLE,78,Maison,90,5,318,2022
840000,78360,MONTESSON,78,Maison,133,3,350,2022
568000,78800,HOUILLES,78,Dépendance,0,0,411,2022
568000,78800,HOUILLES,78,Maison,128,6,411,2022
350000,78390,BOIS D ARCY,78,Maison,28,2,320,2022
350000,78390,BOIS D ARCY,78,Appartement,46,2,320,2022
728000,78300,POISSY,78,Maison,103,4,540,2022
260000,78711,MANTES-LA-VILLE,78,Maison,76,4,202,2022
565000,78260,ACHERES,78,Maison,133,5,378,2022
342000,78760,JOUARS-PONTCHARTRAIN,78,Dépendance,0,0,305,2022
342000,78760,JOUARS-PONTCHARTRAIN,78,Maison,173,3,305,2022
342000,78760,JOUARS-PONTCHARTRAIN,78,Maison,93,3,305,2022
381500,78310,COIGNIERES,78,Maison,110,5,378,2022
214635,78410,AUBERGENVILLE,78,Maison,67,3,207,2022
214635,78410,AUBERGENVILLE,78,Dépendance,0,0,207,2022
351000,78370,PLAISIR,78,Maison,88,4,168,2022
386000,78955,CARRIERES SOUS POISSY,78,Maison,96,4,558,2022
356000,78440,GARGENVILLE,78,Maison,160,5,255,2022
374450,78660,ABLIS,78,Maison,100,5,739,2022
497250,78121,CRESPIERES,78,Maison,104,5,446,2022
430000,78800,HOUILLES,78,Maison,72,1,481,2022
445000,78410,AUBERGENVILLE,78,Maison,105,5,661,2022
369250,78740,VAUX-SUR-SEINE,78,Local industriel. commercial ou assimilé,0,0,424,2022
369250,78740,VAUX-SUR-SEINE,78,Maison,103,6,424,2022
315000,78790,SEPTEUIL,78,Maison,91,6,499,2022
490550,78250,MEULAN-EN-YVELINES,78,Dépendance,0,0,865,2022
490550,78250,MEULAN-EN-YVELINES,78,Maison,91,4,865,2022
311000,78440,ISSOU,78,Maison,92,4,367,2022
219640,78410,AUBERGENVILLE,78,Maison,74,3,182,2022
720000,78450,CHAVENAY,78,Maison,130,5,623,2022
1900000,78000,VERSAILLES,78,Dépendance,0,0,573,2022
1900000,78000,VERSAILLES,78,Maison,128,6,573,2022
825000,78800,HOUILLES,78,Maison,135,5,543,2022
785000,78930,GOUSSONVILLE,78,Maison,185,6,500,2022
785000,78930,GOUSSONVILLE,78,Dépendance,0,0,3395,2022
785000,78930,GOUSSONVILLE,78,Maison,185,6,3395,2022
785000,78930,GOUSSONVILLE,78,Dépendance,0,0,500,2022
349369,78550,BAZAINVILLE,78,Maison,105,4,241,2022
349369,78550,BAZAINVILLE,78,Maison,27,1,241,2022
349369,78550,BAZAINVILLE,78,Dépendance,0,0,241,2022
605800,78380,BOUGIVAL,78,Dépendance,0,0,318,2022
605800,78380,BOUGIVAL,78,Maison,130,5,318,2022
580200,78210,SAINT-CYR-L ECOLE,78,Maison,72,4,607,2022
1188020,78110,VESINET (LE),78,Dépendance,0,0,246,2022
1188020,78110,VESINET (LE),78,Maison,150,7,246,2022
375000,78500,SARTROUVILLE,78,Dépendance,0,0,311,2022
375000,78500,SARTROUVILLE,78,Maison,48,3,311,2022
282800,78910,ORGERUS,78,Maison,110,6,47,2022
320000,78370,PLAISIR,78,Maison,73,5,453,2022
263000,78700,CONFLANS SAINTE HONORINE,78,Maison,31,2,161,2022
280000,78370,PLAISIR,78,Maison,69,4,73,2022
209000,78740,VAUX-SUR-SEINE,78,Maison,35,3,41,2022
329000,78450,VILLEPREUX,78,Maison,87,4,115,2022
313270,78310,MAUREPAS,78,Maison,90,5,343,2022
183000,78740,VAUX-SUR-SEINE,78,Maison,69,4,57,2022
2000000,78600,MAISONS-LAFFITTE,78,Maison,101,5,970,2022
2000000,78600,MAISONS-LAFFITTE,78,Dépendance,0,0,970,2022
328000,78310,MAUREPAS,78,Maison,102,5,335,2022
492500,78500,SARTROUVILLE,78,Maison,85,4,223,2022
447650,78610,AUFFARGIS,78,Maison,125,5,526,2022
790000,78240,CHAMBOURCY,78,Appartement,43,2,539,2022
790000,78240,CHAMBOURCY,78,Appartement,40,2,539,2022
790000,78240,CHAMBOURCY,78,Appartement,54,2,539,2022
790000,78240,CHAMBOURCY,78,Dépendance,0,0,539,2022
790000,78240,CHAMBOURCY,78,Appartement,30,1,539,2022
790000,78240,CHAMBOURCY,78,Appartement,44,2,539,2022
300000,78125,ORCEMONT,78,Maison,88,5,659,2022
300000,78125,ORCEMONT,78,Dépendance,0,0,659,2022
318700,78990,ELANCOURT,78,Maison,60,3,146,2022
149000,78910,ORVILLIERS,78,Appartement,95,4,56,2022
149000,78910,ORVILLIERS,78,Dépendance,0,0,56,2022
1400000,78110,VESINET (LE),78,Maison,92,3,691,2022
691800,78460,CHEVREUSE,78,Local industriel. commercial ou assimilé,397,0,693,2022
691800,78460,CHEVREUSE,78,Appartement,33,1,693,2022
892316,78140,VELIZY VILLACOUBLAY,78,Maison,117,4,248,2022
572650,78320,MESNIL-SAINT-DENIS (LE),78,Maison,151,6,492,2022
572650,78320,MESNIL-SAINT-DENIS (LE),78,Maison,30,2,533,2022
280000,78510,TRIEL SUR SEINE,78,Maison,180,4,475,2022
280000,78510,TRIEL SUR SEINE,78,Dépendance,0,0,500,2022
280000,78510,TRIEL SUR SEINE,78,Dépendance,0,0,475,2022
280000,78510,TRIEL SUR SEINE,78,Maison,180,4,500,2022
299000,78500,SARTROUVILLE,78,Maison,47,3,340,2022
290000,78730,SAINT-ARNOULT-EN-YVELINES,78,Maison,75,4,426,2022
382500,78500,SARTROUVILLE,78,Maison,103,4,242,2022
566000,78200,MANTES-LA-JOLIE,78,Appartement,25,1,294,2022
566000,78200,MANTES-LA-JOLIE,78,Dépendance,0,0,294,2022
566000,78200,MANTES-LA-JOLIE,78,Appartement,67,3,294,2022
270000,78440,GARGENVILLE,78,Maison,70,3,613,2022
325000,78630,ORGEVAL,78,Dépendance,0,0,143,2022
325000,78630,ORGEVAL,78,Maison,95,4,143,2022
1190000,78570,CHANTELOUP-LES-VIGNES,78,Local industriel. commercial ou assimilé,1800,0,7751,2022
286500,78200,BOISSY-MAUVOISIN,78,Dépendance,0,0,547,2022
286500,78200,BOISSY-MAUVOISIN,78,Maison,130,4,547,2022
383940,78910,ORVILLIERS,78,Maison,100,4,1255,2022
383940,78910,ORVILLIERS,78,Dépendance,0,0,1255,2022
220000,78130,MUREAUX (LES),78,Maison,82,4,344,2022
847015,78220,VIROFLAY,78,Maison,80,4,420,2022
218000,78550,BAZAINVILLE,78,Maison,76,3,209,2022
270000,78660,PRUNAY-EN-YVELINES,78,Local industriel. commercial ou assimilé,232,0,2912,2022
270000,78660,PRUNAY-EN-YVELINES,78,Local industriel. commercial ou assimilé,320,0,2912,2022
270000,78660,PRUNAY-EN-YVELINES,78,Local industriel. commercial ou assimilé,310,0,2912,2022
602000,78210,SAINT-CYR-L ECOLE,78,Maison,161,6,329,2022
602000,78210,SAINT-CYR-L ECOLE,78,Dépendance,0,0,329,2022
373900,78700,CONFLANS SAINTE HONORINE,78,Maison,82,4,520,2022
373900,78700,CONFLANS SAINTE HONORINE,78,Dépendance,0,0,520,2022
446500,78120,RAMBOUILLET,78,Maison,130,5,562,2022
742858,78400,CHATOU,78,Maison,56,4,235,2022
1100000,78400,CHATOU,78,Maison,155,7,98,2022
1100000,78400,CHATOU,78,Local industriel. commercial ou assimilé,170,0,98,2022
575728,78610,SAINT-LEGER-EN-YVELINES,78,Maison,186,6,545,2022
575728,78610,SAINT-LEGER-EN-YVELINES,78,Maison,186,6,800,2022
486000,78750,MAREIL-MARLY,78,Maison,56,2,500,2022
486000,78750,MAREIL-MARLY,78,Maison,56,2,139,2022
452000,78690,ESSARTS-LE-ROI (LES),78,Maison,174,7,531,2022
273470,78520,LIMAY,78,Dépendance,0,0,135,2022
273470,78520,LIMAY,78,Maison,92,4,135,2022
273470,78520,LIMAY,78,Maison,92,4,500,2022
273470,78520,LIMAY,78,Dépendance,0,0,500,2022
225000,78520,LIMAY,78,Dépendance,0,0,160,2022
225000,78520,LIMAY,78,Maison,130,5,160,2022
130000,78520,LIMAY,78,Maison,50,2,433,2022
130000,78520,LIMAY,78,Maison,50,2,200,2022
633000,78300,POISSY,78,Dépendance,0,0,728,2022
633000,78300,POISSY,78,Maison,95,4,728,2022
330000,78610,PERRAY-EN-YVELINES (LE),78,Maison,83,4,693,2022
290000,78980,SAINT-ILLIERS-LA-VILLE,78,Maison,92,6,500,2022
399000,78955,CARRIERES SOUS POISSY,78,Maison,109,4,652,2022
280000,78910,ORGERUS,78,Maison,82,5,1000,2022
280000,78910,ORGERUS,78,Maison,82,5,352,2022
222000,78711,MANTES-LA-VILLE,78,Maison,65,4,145,2022
997500,78140,VELIZY VILLACOUBLAY,78,Maison,146,5,263,2022
520600,78200,MANTES-LA-JOLIE,78,Dépendance,0,0,539,2022
520600,78200,MANTES-LA-JOLIE,78,Maison,277,11,539,2022
1798000,78000,VERSAILLES,78,Maison,138,7,216,2022
300000,78520,LIMAY,78,Dépendance,0,0,295,2022
300000,78520,LIMAY,78,Appartement,45,2,295,2022
300000,78520,LIMAY,78,Appartement,36,1,295,2022
300000,78520,LIMAY,78,Appartement,42,3,295,2022
590700,78400,CHATOU,78,Maison,120,3,227,2022
466500,78700,CONFLANS SAINTE HONORINE,78,Maison,144,6,329,2022
752000,78400,CHATOU,78,Maison,88,5,496,2022
470000,78280,GUYANCOURT,78,Maison,118,5,187,2022
303300,78370,PLAISIR,78,Maison,96,5,174,2022
326000,78450,VILLEPREUX,78,Maison,66,4,159,2022
1100000,78220,VIROFLAY,78,Local industriel. commercial ou assimilé,530,0,628,2022
285000,78710,ROSNY-SUR-SEINE,78,Maison,74,3,708,2022
610440,78340,CLAYES-SOUS-BOIS (LES),78,Dépendance,0,0,357,2022
610440,78340,CLAYES-SOUS-BOIS (LES),78,Maison,175,5,357,2022
610440,78340,CLAYES-SOUS-BOIS (LES),78,Local industriel. commercial ou assimilé,13,0,357,2022
260000,78800,HOUILLES,78,Dépendance,0,0,338,2022
260000,78800,HOUILLES,78,Local industriel. commercial ou assimilé,50,0,338,2022
294000,78260,ACHERES,78,Appartement,55,3,317,2022
294000,78260,ACHERES,78,Dépendance,0,0,317,2022
575000,78500,SARTROUVILLE,78,Local industriel. commercial ou assimilé,549,0,649,2022
350000,78230,PECQ (LE),78,Maison,107,5,481,2022
350000,78230,PECQ (LE),78,Dépendance,0,0,481,2022
350000,78230,PECQ (LE),78,Maison,107,5,57,2022
350000,78230,PECQ (LE),78,Dépendance,0,0,57,2022
438900,78360,MONTESSON,78,Maison,50,3,143,2022
304734,78840,FRENEUSE,78,Maison,152,5,109,2022
304734,78840,FRENEUSE,78,Maison,152,5,500,2022
405000,78640,VILLIERS-SAINT-FREDERIC,78,Maison,88,4,315,2022
405000,78640,VILLIERS-SAINT-FREDERIC,78,Dépendance,0,0,315,2022
529000,78260,ACHERES,78,Appartement,180,4,180,2022
360000,78410,BOUAFLE,78,Maison,95,4,533,2022
273000,78711,MANTES-LA-VILLE,78,Maison,99,5,260,2022
395000,78910,ORGERUS,78,Maison,118,5,800,2022
395000,78910,ORGERUS,78,Dépendance,0,0,800,2022
395000,78910,ORGERUS,78,Maison,118,5,181,2022
395000,78910,ORGERUS,78,Dépendance,0,0,181,2022
1036300,78170,CELLE-SAINT-CLOUD (LA),78,Maison,166,7,494,2022
2142400,78350,LOGES-EN-JOSAS (LES),78,Local industriel. commercial ou assimilé,70,0,2630,2022
2142400,78350,LOGES-EN-JOSAS (LES),78,Local industriel. commercial ou assimilé,70,0,535,2022
2142400,78350,LOGES-EN-JOSAS (LES),78,Maison,392,9,535,2022
2142400,78350,LOGES-EN-JOSAS (LES),78,Maison,392,9,2630,2022
973000,78100,SAINT-GERMAIN-EN-LAYE,78,Maison,130,6,604,2022
973000,78100,SAINT-GERMAIN-EN-LAYE,78,Dépendance,0,0,604,2022
730000,78800,HOUILLES,78,Maison,110,5,403,2022
730000,78800,HOUILLES,78,Dépendance,0,0,403,2022
505000,78320,MESNIL-SAINT-DENIS (LE),78,Maison,141,6,572,2022
1350000,78570,CHANTELOUP-LES-VIGNES,78,Local industriel. commercial ou assimilé,1590,0,3755,2022
147500,78520,LIMAY,78,Maison,37,3,41,2022
369900,78480,VERNEUIL SUR SEINE,78,Maison,86,4,85,2022
367000,78420,CARRIERES SUR SEINE,78,Dépendance,0,0,465,2022
367000,78420,CARRIERES SUR SEINE,78,Maison,90,4,465,2022
242000,78310,MAUREPAS,78,Maison,89,4,85,2022
510000,78400,CHATOU,78,Maison,61,4,355,2022
1440000,78800,HOUILLES,78,Dépendance,0,0,823,2022
1440000,78800,HOUILLES,78,Appartement,106,4,823,2022
1440000,78800,HOUILLES,78,Appartement,40,3,823,2022
1440000,78800,HOUILLES,78,Appartement,106,4,272,2022
1440000,78800,HOUILLES,78,Dépendance,0,0,272,2022
1440000,78800,HOUILLES,78,Appartement,40,3,272,2022
700000,78110,VESINET (LE),78,Local industriel. commercial ou assimilé,331,0,390,2022
194850,78520,LIMAY,78,Maison,70,4,445,2022
750000,78990,ELANCOURT,78,Local industriel. commercial ou assimilé,279,0,2041,2022
640000,78500,SARTROUVILLE,78,Local industriel. commercial ou assimilé,630,0,1377,2022
343500,78760,JOUARS-PONTCHARTRAIN,78,Maison,81,4,679,2022
265000,78820,JUZIERS,78,Maison,70,2,798,2022
270000,78740,VAUX-SUR-SEINE,78,Maison,85,5,197,2022
315000,78130,MUREAUX (LES),78,Maison,93,5,490,2022
205000,78510,TRIEL SUR SEINE,78,Maison,99,5,480,2022
205000,78510,TRIEL SUR SEINE,78,Dépendance,0,0,480,2022
1600000,78110,VESINET (LE),78,Dépendance,0,0,1084,2022
1600000,78110,VESINET (LE),78,Dépendance,0,0,166,2022
1600000,78110,VESINET (LE),78,Maison,170,5,1084,2022
1600000,78110,VESINET (LE),78,Maison,170,5,166,2022
1350000,78110,VESINET (LE),78,Dépendance,0,0,162,2022
1350000,78110,VESINET (LE),78,Maison,20,1,1391,2022
1350000,78110,VESINET (LE),78,Maison,20,1,162,2022
1350000,78110,VESINET (LE),78,Maison,205,5,162,2022
1350000,78110,VESINET (LE),78,Dépendance,0,0,1391,2022
1350000,78110,VESINET (LE),78,Maison,205,5,1391,2022
460000,78610,SAINT-LEGER-EN-YVELINES,78,Maison,95,4,500,2022
460000,78610,SAINT-LEGER-EN-YVELINES,78,Maison,95,4,600,2022
355800,78120,RAMBOUILLET,78,Maison,107,5,583,2022
315000,78700,CONFLANS SAINTE HONORINE,78,Maison,64,4,499,2022
783775,78290,CROISSY SUR SEINE,78,Maison,79,4,308,2022
783775,78290,CROISSY SUR SEINE,78,Dépendance,0,0,308,2022
330000,78440,ISSOU,78,Maison,88,4,384,2022
200000,78730,SAINTE-MESME,78,Maison,70,3,500,2022
200000,78730,SAINTE-MESME,78,Maison,70,3,1389,2022
358500,78820,JUZIERS,78,Maison,191,8,675,2022
624000,78180,MONTIGNY LE BRETONNEUX,78,Maison,98,5,371,2022
580000,78210,SAINT-CYR-L ECOLE,78,Maison,85,4,590,2022
170000,78711,MANTES-LA-VILLE,78,Maison,64,3,503,2022
397990,78910,ORVILLIERS,78,Dépendance,0,0,145,2022
397990,78910,ORVILLIERS,78,Maison,105,4,145,2022
465000,78320,LEVIS-SAINT-NOM,78,Dépendance,0,0,2736,2022
465000,78320,LEVIS-SAINT-NOM,78,Dépendance,0,0,500,2022
465000,78320,LEVIS-SAINT-NOM,78,Maison,53,2,500,2022
465000,78320,LEVIS-SAINT-NOM,78,Maison,53,2,2736,2022
369690,78390,BOIS D ARCY,78,Maison,114,5,300,2022
525000,78490,TREMBLAY-SUR-MAULDRE (LE),78,Maison,160,5,500,2022
525000,78490,TREMBLAY-SUR-MAULDRE (LE),78,Maison,160,5,537,2022
340000,78260,ACHERES,78,Maison,80,5,172,2022
253000,78440,PORCHEVILLE,78,Maison,83,4,905,2022
253000,78440,PORCHEVILLE,78,Dépendance,0,0,905,2022
253000,78440,PORCHEVILLE,78,Maison,83,4,500,2022
253000,78440,PORCHEVILLE,78,Dépendance,0,0,500,2022
430000,78200,MANTES-LA-JOLIE,78,Maison,115,5,187,2022
310000,78450,VILLEPREUX,78,Maison,87,4,97,2022
210000,78125,EMANCE,78,Maison,60,3,666,2022
546000,78440,BRUEIL-EN-VEXIN,78,Maison,110,4,520,2022
473000,78330,FONTENAY LE FLEURY,78,Maison,135,6,223,2022
245000,78520,LIMAY,78,Maison,98,4,166,2022
420000,78190,TRAPPES,78,Maison,116,6,293,2022
420000,78190,TRAPPES,78,Dépendance,0,0,12,2022
310000,78440,PORCHEVILLE,78,Dépendance,0,0,931,2022
310000,78440,PORCHEVILLE,78,Dépendance,0,0,500,2022
310000,78440,PORCHEVILLE,78,Maison,198,10,931,2022
310000,78440,PORCHEVILLE,78,Maison,198,10,500,2022
252127,78200,MANTES-LA-JOLIE,78,Dépendance,0,0,323,2022
252127,78200,MANTES-LA-JOLIE,78,Maison,100,4,323,2022
240000,78520,LIMAY,78,Maison,100,5,437,2022
450000,78600,MAISONS-LAFFITTE,78,Maison,81,4,308,2022
1450000,78290,CROISSY SUR SEINE,78,Maison,177,6,810,2022
1300000,78170,CELLE-SAINT-CLOUD (LA),78,Maison,130,5,425,2022
440000,78160,MARLY-LE-ROI,78,Dépendance,0,0,132,2022
440000,78160,MARLY-LE-ROI,78,Appartement,29,2,132,2022
440000,78160,MARLY-LE-ROI,78,Appartement,28,2,132,2022
440000,78160,MARLY-LE-ROI,78,Appartement,21,2,132,2022
1769400,78250,MEULAN-EN-YVELINES,78,Dépendance,0,0,3980,2022
1769400,78250,MEULAN-EN-YVELINES,78,Local industriel. commercial ou assimilé,120,0,1035,2022
1769400,78250,MEULAN-EN-YVELINES,78,Dépendance,0,0,1035,2022
1769400,78250,MEULAN-EN-YVELINES,78,Maison,289,8,1035,2022
1769400,78250,MEULAN-EN-YVELINES,78,Maison,289,8,3980,2022
1769400,78250,MEULAN-EN-YVELINES,78,Local industriel. commercial ou assimilé,120,0,3980,2022
57000,78520,SAINT-MARTIN-LA-GARENNE,78,Maison,35,2,85,2022
424000,78280,GUYANCOURT,78,Maison,96,4,139,2022
530000,78870,BAILLY,78,Maison,157,4,239,2022
2484000,78400,CHATOU,78,Maison,281,7,742,2022
594350,78180,MONTIGNY LE BRETONNEUX,78,Maison,110,4,378,2022
540000,78390,BOIS D ARCY,78,Maison,135,5,489,2022
945000,78140,VELIZY VILLACOUBLAY,78,Maison,129,6,266,2022
1004650,78810,FEUCHEROLLES,78,Maison,192,6,500,2022
1004650,78810,FEUCHEROLLES,78,Maison,192,6,315,2022
991400,78360,MONTESSON,78,Maison,150,6,384,2022
309800,78440,GARGENVILLE,78,Maison,101,5,355,2022
278000,78120,CLAIREFONTAINE-EN-YVELINES,78,Maison,73,3,128,2022
278000,78120,CLAIREFONTAINE-EN-YVELINES,78,Dépendance,0,0,13,2022
500000,78490,GALLUIS,78,Maison,29,1,3392,2022
467400,78190,TRAPPES,78,Maison,120,6,360,2022
210000,78570,CHANTELOUP-LES-VIGNES,78,Maison,72,3,84,2022
231000,78860,SAINT-NOM-LA-BRETECHE,78,Dépendance,0,0,13,2022
360000,78450,VILLEPREUX,78,Maison,88,5,189,2022
1515000,78600,MAISONS-LAFFITTE,78,Dépendance,0,0,545,2022
1515000,78600,MAISONS-LAFFITTE,78,Maison,190,6,545,2022
1515000,78600,MAISONS-LAFFITTE,78,Maison,190,6,600,2022
1515000,78600,MAISONS-LAFFITTE,78,Dépendance,0,0,600,2022
406000,78114,MAGNY-LES-HAMEAUX,78,Local industriel. commercial ou assimilé,0,0,25,2022
406000,78114,MAGNY-LES-HAMEAUX,78,Maison,96,5,209,2022
584951,78600,MAISONS-LAFFITTE,78,Maison,115,4,108,2022
291000,78710,ROSNY-SUR-SEINE,78,Maison,120,7,500,2022
291000,78710,ROSNY-SUR-SEINE,78,Maison,120,7,200,2022
165000,78270,GOMMECOURT,78,Maison,80,3,134,2022
314000,78730,LONGVILLIERS,78,Maison,80,4,914,2022
314000,78730,LONGVILLIERS,78,Maison,80,4,500,2022
360000,78990,ELANCOURT,78,Maison,83,4,755,2022
630000,78630,ORGEVAL,78,Maison,155,5,457,2022
146000,78270,BENNECOURT,78,Maison,75,3,218,2022
616000,78400,CHATOU,78,Maison,71,2,288,2022
934000,78800,HOUILLES,78,Maison,172,7,646,2022
190000,78890,GARANCIERES,78,Maison,100,5,135,2022
160000,78410,FALAISE (LA),78,Maison,70,3,105,2022
809500,78960,VOISINS-LE-BRETONNEUX,78,Maison,144,6,492,2022
411100,78690,SAINT-REMY-L HONORE,78,Dépendance,0,0,653,2022
411100,78690,SAINT-REMY-L HONORE,78,Maison,60,4,653,2022
550000,78760,JOUARS-PONTCHARTRAIN,78,Local industriel. commercial ou assimilé,291,0,791,2022
634212,78490,MERE,78,Maison,94,5,500,2022
634212,78490,MERE,78,Maison,94,5,1252,2022
177500,78790,SEPTEUIL,78,Maison,45,3,49,2022
177500,78790,SEPTEUIL,78,Dépendance,0,0,24,2022
218000,78113,ADAINVILLE,78,Maison,67,1,277,2022
100000,78790,SEPTEUIL,78,Maison,107,5,800,2022
100000,78790,SEPTEUIL,78,Maison,107,5,500,2022
651050,78950,GAMBAIS,78,Maison,114,4,500,2022
651050,78950,GAMBAIS,78,Maison,114,4,2366,2022
121800,78410,NEZEL,78,Dépendance,0,0,280,2022
121800,78410,NEZEL,78,Maison,54,3,280,2022
320000,78790,ARNOUVILLE-LES-MANTES,78,Maison,109,6,470,2022
320000,78790,ARNOUVILLE-LES-MANTES,78,Maison,109,6,500,2022
433400,78570,ANDRESY,78,Maison,97,4,317,2022
680500,78180,MONTIGNY LE BRETONNEUX,78,Maison,124,5,535,2022
680500,78180,MONTIGNY LE BRETONNEUX,78,Dépendance,0,0,535,2022
285000,78930,GOUSSONVILLE,78,Maison,80,5,796,2022
285000,78930,GOUSSONVILLE,78,Dépendance,0,0,796,2022
199000,78760,JOUARS-PONTCHARTRAIN,78,Maison,50,3,36,2022
390000,78790,SEPTEUIL,78,Maison,103,5,498,2022
390000,78790,SEPTEUIL,78,Dépendance,0,0,498,2022
388200,78690,SAINT-REMY-L HONORE,78,Maison,103,4,338,2022
388200,78690,SAINT-REMY-L HONORE,78,Dépendance,0,0,338,2022
338300,78190,TRAPPES,78,Maison,86,5,347,2022
364632,78990,ELANCOURT,78,Maison,118,5,210,2022
260000,78730,SAINT-ARNOULT-EN-YVELINES,78,Maison,77,3,559,2022
1500000,78100,SAINT-GERMAIN-EN-LAYE,78,Maison,176,5,1027,2022
220000,78520,LIMAY,78,Dépendance,0,0,199,2022
220000,78520,LIMAY,78,Maison,98,4,199,2022
940000,78800,HOUILLES,78,Maison,204,7,465,2022
360000,78200,MANTES-LA-JOLIE,78,Dépendance,0,0,416,2022
360000,78200,MANTES-LA-JOLIE,78,Maison,127,5,416,2022
436600,78700,CONFLANS SAINTE HONORINE,78,Maison,100,4,442,2022
622000,78170,CELLE-SAINT-CLOUD (LA),78,Maison,80,4,281,2022
210000,78200,MANTES-LA-JOLIE,78,Dépendance,0,0,230,2022
210000,78200,MANTES-LA-JOLIE,78,Maison,68,3,230,2022
250000,78200,MAGNANVILLE,78,Maison,92,5,191,2022
636000,78800,HOUILLES,78,Maison,115,4,126,2022
195000,78800,HOUILLES,78,Dépendance,0,0,243,2022
364000,78800,HOUILLES,78,Maison,96,4,157,2022
364000,78800,HOUILLES,78,Dépendance,0,0,157,2022
389690,78490,GROSROUVRE,78,Maison,107,4,246,2022
452490,78910,FLEXANVILLE,78,Maison,120,5,542,2022
452490,78910,FLEXANVILLE,78,Maison,120,5,500,2022
195000,78980,BREVAL,78,Maison,68,4,540,2022
380000,78740,VAUX-SUR-SEINE,78,Maison,133,5,2304,2022
380000,78740,VAUX-SUR-SEINE,78,Dépendance,0,0,1000,2022
380000,78740,VAUX-SUR-SEINE,78,Dépendance,0,0,2304,2022
380000,78740,VAUX-SUR-SEINE,78,Maison,133,5,1000,2022
1800000,78630,ORGEVAL,78,Maison,275,9,1812,2022
1800000,78630,ORGEVAL,78,Dépendance,0,0,1812,2022
1800000,78630,ORGEVAL,78,Maison,275,9,4029,2022
1800000,78630,ORGEVAL,78,Dépendance,0,0,4029,2022
74000,78550,BAZAINVILLE,78,Maison,50,2,106,2022
430000,78540,VERNOUILLET,78,Maison,66,3,92,2022
403710,78770,THOIRY,78,Maison,109,5,552,2022
618000,78310,MAUREPAS,78,Maison,195,5,777,2022
250000,78500,SARTROUVILLE,78,Maison,43,3,205,2022
250000,78500,SARTROUVILLE,78,Dépendance,0,0,205,2022
1319100,78121,CRESPIERES,78,Dépendance,0,0,700,2022
1319100,78121,CRESPIERES,78,Maison,376,8,700,2022
1319100,78121,CRESPIERES,78,Local industriel. commercial ou assimilé,30,0,700,2022
930000,78450,CHAVENAY,78,Maison,170,6,315,2022
930000,78450,CHAVENAY,78,Maison,170,6,500,2022
530000,78400,CHATOU,78,Dépendance,0,0,368,2022
530000,78400,CHATOU,78,Maison,64,4,368,2022
618000,78700,CONFLANS SAINTE HONORINE,78,Maison,157,5,543,2022
376000,78500,SARTROUVILLE,78,Dépendance,0,0,276,2022
376000,78500,SARTROUVILLE,78,Maison,65,2,276,2022
590000,78700,CONFLANS SAINTE HONORINE,78,Maison,113,5,709,2022
375400,78260,ACHERES,78,Maison,82,4,201,2022
1255500,78110,VESINET (LE),78,Maison,78,5,258,2022
746000,78240,CHAMBOURCY,78,Maison,123,4,178,2022
348000,78320,VERRIERE (LA),78,Maison,91,6,430,2022
348000,78320,VERRIERE (LA),78,Dépendance,0,0,430,2022
439630,78510,TRIEL SUR SEINE,78,Maison,78,3,242,2022
439630,78510,TRIEL SUR SEINE,78,Dépendance,0,0,242,2022
546000,78660,PRUNAY-EN-YVELINES,78,Maison,128,3,381,2022
546000,78660,PRUNAY-EN-YVELINES,78,Dépendance,0,0,381,2022
615000,78830,BULLION,78,Maison,97,3,900,2022
615000,78830,BULLION,78,Maison,97,3,513,2022
329800,78910,ORGERUS,78,Maison,154,5,851,2022
219000,78200,MAGNANVILLE,78,Maison,80,4,157,2022
260000,78711,MANTES-LA-VILLE,78,Maison,108,6,158,2022
1194340,78110,VESINET (LE),78,Maison,119,4,238,2022
263000,78520,LIMAY,78,Maison,65,3,432,2022
784940,78230,PECQ (LE),78,Maison,174,7,347,2022
410000,78270,NOTRE-DAME-DE-LA-MER,78,Appartement,85,5,997,2022
410000,78270,NOTRE-DAME-DE-LA-MER,78,Dépendance,0,0,600,2022
410000,78270,NOTRE-DAME-DE-LA-MER,78,Appartement,65,4,997,2022
410000,78270,NOTRE-DAME-DE-LA-MER,78,Dépendance,0,0,997,2022
410000,78270,NOTRE-DAME-DE-LA-MER,78,Appartement,65,4,500,2022
410000,78270,NOTRE-DAME-DE-LA-MER,78,Appartement,85,5,500,2022
410000,78270,NOTRE-DAME-DE-LA-MER,78,Dépendance,0,0,500,2022
410000,78270,NOTRE-DAME-DE-LA-MER,78,Appartement,65,4,600,2022
410000,78270,NOTRE-DAME-DE-LA-MER,78,Appartement,85,5,600,2022
489900,78320,MESNIL-SAINT-DENIS (LE),78,Maison,99,5,519,2022
850000,78600,MAISONS-LAFFITTE,78,Maison,100,4,463,2022
850000,78600,MAISONS-LAFFITTE,78,Dépendance,0,0,463,2022
265000,78200,MAGNANVILLE,78,Maison,95,5,329,2022
458000,78320,MESNIL-SAINT-DENIS (LE),78,Dépendance,0,0,600,2022
458000,78320,MESNIL-SAINT-DENIS (LE),78,Maison,150,4,600,2022
230050,78910,TACOIGNIERES,78,Maison,67,2,205,2022
230050,78910,TACOIGNIERES,78,Dépendance,0,0,205,2022
364000,78730,SAINT-ARNOULT-EN-YVELINES,78,Maison,125,6,934,2022
364000,78730,SAINT-ARNOULT-EN-YVELINES,78,Dépendance,0,0,934,2022
653650,78770,MARCQ,78,Dépendance,0,0,1000,2022
653650,78770,MARCQ,78,Maison,190,5,1000,2022
825000,78100,SAINT-GERMAIN-EN-LAYE,78,Maison,140,5,400,2022
825000,78100,SAINT-GERMAIN-EN-LAYE,78,Dépendance,0,0,400,2022
326550,78310,MAUREPAS,78,Dépendance,0,0,193,2022
326550,78310,MAUREPAS,78,Maison,117,4,193,2022
700500,78230,PECQ (LE),78,Maison,61,3,403,2022
419000,78124,MAREIL-SUR-MAULDRE,78,Maison,126,5,515,2022
295000,78270,LIMETZ-VILLEZ,78,Maison,140,6,490,2022
405070,78580,MAULE,78,Maison,88,5,621,2022
605000,78800,HOUILLES,78,Dépendance,0,0,563,2022
605000,78800,HOUILLES,78,Maison,161,8,563,2022
400000,78400,CHATOU,78,Maison,67,3,162,2022
826000,78360,MONTESSON,78,Maison,92,4,497,2022
480000,78760,JOUARS-PONTCHARTRAIN,78,Maison,116,5,324,2022
1450000,78400,CHATOU,78,Local industriel. commercial ou assimilé,50,0,754,2022
1450000,78400,CHATOU,78,Maison,42,3,754,2022
1450000,78400,CHATOU,78,Appartement,14,1,754,2022
1450000,78400,CHATOU,78,Dépendance,0,0,453,2022
1450000,78400,CHATOU,78,Appartement,76,5,453,2022
1450000,78400,CHATOU,78,Appartement,32,2,453,2022
1450000,78400,CHATOU,78,Appartement,14,1,453,2022
1450000,78400,CHATOU,78,Appartement,30,1,453,2022
1450000,78400,CHATOU,78,Appartement,36,3,453,2022
1450000,78400,CHATOU,78,Maison,42,3,453,2022
1450000,78400,CHATOU,78,Local industriel. commercial ou assimilé,50,0,453,2022
1450000,78400,CHATOU,78,Dépendance,0,0,754,2022
1450000,78400,CHATOU,78,Appartement,76,5,754,2022
1450000,78400,CHATOU,78,Appartement,32,2,754,2022
1450000,78400,CHATOU,78,Appartement,30,1,754,2022
1450000,78400,CHATOU,78,Appartement,36,3,754,2022
615150,78940,MILLEMONT,78,Maison,274,7,997,2022
471150,78000,VERSAILLES,78,Maison,51,2,232,2022
471150,78000,VERSAILLES,78,Maison,51,2,293,2022
471150,78000,VERSAILLES,78,Dépendance,0,0,232,2022
471150,78000,VERSAILLES,78,Dépendance,0,0,293,2022
392000,78640,NEAUPHLE-LE-CHATEAU,78,Maison,120,4,643,2022
910000,78470,SAINT-REMY-LES-CHEVREUSE,78,Maison,195,7,500,2022
910000,78470,SAINT-REMY-LES-CHEVREUSE,78,Maison,195,7,918,2022
910000,78470,SAINT-REMY-LES-CHEVREUSE,78,Dépendance,0,0,500,2022
910000,78470,SAINT-REMY-LES-CHEVREUSE,78,Dépendance,0,0,918,2022
179500,78710,ROSNY-SUR-SEINE,78,Maison,42,2,474,2022
600000,78740,VAUX-SUR-SEINE,78,Maison,72,2,400,2022
600000,78740,VAUX-SUR-SEINE,78,Maison,72,2,1201,2022
688970,78630,MORAINVILLIERS,78,Maison,141,6,500,2022
688970,78630,MORAINVILLIERS,78,Maison,141,6,137,2022
665000,78460,CHOISEL,78,Maison,160,5,11790,2022
163000,78440,PORCHEVILLE,78,Maison,110,6,3133,2022
163000,78440,PORCHEVILLE,78,Dépendance,0,0,3133,2022
163000,78440,PORCHEVILLE,78,Dépendance,0,0,500,2022
163000,78440,PORCHEVILLE,78,Maison,110,6,500,2022
130000,78790,SEPTEUIL,78,Maison,170,10,330,2022
418000,78400,CHATOU,78,Maison,42,2,235,2022
400000,78910,TACOIGNIERES,78,Maison,94,4,500,2022
400000,78910,TACOIGNIERES,78,Maison,94,4,481,2022
475000,78450,VILLEPREUX,78,Maison,141,8,284,2022
1526000,78000,VERSAILLES,78,Maison,87,5,154,2022
265000,78200,MAGNANVILLE,78,Maison,89,4,217,2022
448190,78540,VERNOUILLET,78,Dépendance,0,0,233,2022
448190,78540,VERNOUILLET,78,Maison,79,4,233,2022
88888,78700,CONFLANS SAINTE HONORINE,78,Maison,149,5,512,2022
680000,78670,VILLENNES-SUR-SEINE,78,Maison,155,4,469,2022
155000,78200,MANTES-LA-JOLIE,78,Maison,50,3,45,2022
434200,78480,VERNEUIL SUR SEINE,78,Maison,160,6,650,2022
366225,78640,NEAUPHLE-LE-VIEUX,78,Maison,93,2,637,2022
450000,78120,RAMBOUILLET,78,Maison,102,5,393,2022
450000,78120,RAMBOUILLET,78,Dépendance,0,0,393,2022
350000,78210,SAINT-CYR-L ECOLE,78,Maison,70,3,408,2022
325000,78310,MAUREPAS,78,Dépendance,0,0,145,2022
325000,78310,MAUREPAS,78,Maison,104,5,145,2022
832294,78590,NOISY LE ROI,78,Maison,146,6,507,2022
483000,78340,CLAYES-SOUS-BOIS (LES),78,Dépendance,0,0,489,2022
483000,78340,CLAYES-SOUS-BOIS (LES),78,Maison,142,5,489,2022
298300,78660,SAINT-MARTIN-DE-BRETHENCOURT,78,Maison,128,6,859,2022
399000,78340,CLAYES-SOUS-BOIS (LES),78,Maison,89,4,239,2022
846900,78670,VILLENNES-SUR-SEINE,78,Maison,162,7,640,2022
420000,78960,VOISINS-LE-BRETONNEUX,78,Maison,81,4,185,2022
420000,78960,VOISINS-LE-BRETONNEUX,78,Dépendance,0,0,13,2022
480000,78450,VILLEPREUX,78,Dépendance,0,0,447,2022
480000,78450,VILLEPREUX,78,Maison,90,5,447,2022
296250,78130,MUREAUX (LES),78,Dépendance,0,0,510,2022
296250,78130,MUREAUX (LES),78,Maison,71,4,510,2022
800000,78340,CLAYES-SOUS-BOIS (LES),78,Maison,170,6,390,2022
262500,78510,TRIEL SUR SEINE,78,Maison,70,4,348,2022
600000,78760,JOUARS-PONTCHARTRAIN,78,Dépendance,0,0,500,2022
600000,78760,JOUARS-PONTCHARTRAIN,78,Maison,169,5,500,2022
600000,78760,JOUARS-PONTCHARTRAIN,78,Dépendance,0,0,1014,2022
600000,78760,JOUARS-PONTCHARTRAIN,78,Maison,169,5,1014,2022
649430,78630,ORGEVAL,78,Maison,99,5,520,2022
331145,78650,BEYNES,78,Maison,85,5,473,2022
430500,78580,MAULE,78,Maison,140,5,1405,2022
430500,78580,MAULE,78,Maison,140,5,500,2022
260000,78860,SAINT-NOM-LA-BRETECHE,78,Maison,30,3,138,2022
838000,78112,SAINT-GERMAIN-EN-LAYE,78,Dépendance,0,0,512,2022
838000,78112,SAINT-GERMAIN-EN-LAYE,78,Maison,130,6,512,2022
330411,78530,BUC,78,Local industriel. commercial ou assimilé,1050,0,1724,2022
630000,78150,LE CHESNAY-ROCQUENCOURT,78,Maison,67,4,222,2022
775000,78100,SAINT-GERMAIN-EN-LAYE,78,Dépendance,0,0,308,2022
775000,78100,SAINT-GERMAIN-EN-LAYE,78,Maison,153,6,308,2022
421000,78250,MEULAN-EN-YVELINES,78,Maison,185,8,503,2022
421000,78250,MEULAN-EN-YVELINES,78,Dépendance,0,0,503,2022
1250000,78600,MAISONS-LAFFITTE,78,Maison,149,5,835,2022
1250000,78600,MAISONS-LAFFITTE,78,Dépendance,0,0,835,2022
245000,78270,LIMETZ-VILLEZ,78,Maison,85,5,500,2022
245000,78270,LIMETZ-VILLEZ,78,Dépendance,0,0,500,2022
245000,78270,LIMETZ-VILLEZ,78,Maison,85,5,2722,2022
245000,78270,LIMETZ-VILLEZ,78,Dépendance,0,0,2722,2022
254000,78840,FRENEUSE,78,Maison,105,5,480,2022
660000,78400,CHATOU,78,Local industriel. commercial ou assimilé,30,0,134,2022
660000,78400,CHATOU,78,Local industriel. commercial ou assimilé,207,0,134,2022
660000,78400,CHATOU,78,Local industriel. commercial ou assimilé,25,0,134,2022
463500,78800,HOUILLES,78,Maison,70,4,224,2022
1118000,78110,VESINET (LE),78,Maison,150,6,700,2022
383750,78570,ANDRESY,78,Maison,102,4,426,2022
401700,78310,MAUREPAS,78,Maison,105,6,327,2022
401700,78310,MAUREPAS,78,Dépendance,0,0,327,2022
610000,78750,MAREIL-MARLY,78,Maison,93,4,207,2022
536500,78640,VILLIERS-SAINT-FREDERIC,78,Maison,133,5,639,2022
875000,78400,CHATOU,78,Maison,86,4,468,2022
517000,78540,VERNOUILLET,78,Maison,161,5,638,2022
330000,78320,MESNIL-SAINT-DENIS (LE),78,Maison,86,4,246,2022
409600,78114,MAGNY-LES-HAMEAUX,78,Maison,107,5,230,2022
417500,78630,MORAINVILLIERS,78,Appartement,100,4,149,2022
417500,78630,MORAINVILLIERS,78,Dépendance,0,0,149,2022
310000,78780,MAURECOURT,78,Dépendance,0,0,775,2022
513650,78690,ESSARTS-LE-ROI (LES),78,Local industriel. commercial ou assimilé,20,0,383,2022
513650,78690,ESSARTS-LE-ROI (LES),78,Maison,118,3,383,2022
344910,78260,ACHERES,78,Maison,88,5,207,2022
514300,78700,CONFLANS SAINTE HONORINE,78,Maison,110,4,300,2022
514300,78700,CONFLANS SAINTE HONORINE,78,Dépendance,0,0,300,2022
453000,78330,FONTENAY LE FLEURY,78,Maison,75,5,418,2022
401420,78450,VILLEPREUX,78,Maison,87,4,97,2022
650000,78540,VERNOUILLET,78,Maison,194,7,735,2022
380000,78700,CONFLANS SAINTE HONORINE,78,Maison,85,5,153,2022
460000,78700,CONFLANS SAINTE HONORINE,78,Maison,105,4,320,2022
430080,78720,SENLISSE,78,Maison,75,3,905,2022
481375,78160,MARLY-LE-ROI,78,Dépendance,0,0,53,2022
481375,78160,MARLY-LE-ROI,78,Maison,63,3,53,2022
547500,78310,MAUREPAS,78,Maison,195,7,604,2022
547500,78310,MAUREPAS,78,Maison,195,7,500,2022
180000,78550,HOUDAN,78,Maison,128,5,724,2022
180000,78550,HOUDAN,78,Dépendance,0,0,724,2022
596950,78350,LOGES-EN-JOSAS (LES),78,Maison,120,5,332,2022
340000,78280,GUYANCOURT,78,Maison,93,5,179,2022
700000,78500,SARTROUVILLE,78,Maison,202,8,168,2022
270000,78570,ANDRESY,78,Maison,73,4,356,2022
435000,78700,CONFLANS SAINTE HONORINE,78,Dépendance,0,0,601,2022
435000,78700,CONFLANS SAINTE HONORINE,78,Maison,64,3,601,2022
308436,78450,VILLEPREUX,78,Maison,80,5,68,2022
415000,78650,BEYNES,78,Maison,111,5,539,2022
349500,78630,ORGEVAL,78,Maison,159,5,708,2022
920000,78750,MAREIL-MARLY,78,Maison,126,6,430,2022
362000,78730,PONTHEVRARD,78,Maison,99,5,737,2022
1275800,78400,CHATOU,78,Maison,117,4,368,2022
1275800,78400,CHATOU,78,Maison,117,4,435,2022
270000,78200,BUCHELAY,78,Maison,115,5,560,2022
380000,78800,HOUILLES,78,Maison,55,3,536,2022
310000,78440,GARGENVILLE,78,Maison,90,4,221,2022
611374,78490,MONTFORT-L AMAURY,78,Maison,79,4,115,2022
611374,78490,MONTFORT-L AMAURY,78,Maison,79,4,825,2022
280000,78440,ISSOU,78,Dépendance,0,0,643,2022
280000,78440,ISSOU,78,Maison,80,3,643,2022
38270000,78190,TRAPPES,78,Local industriel. commercial ou assimilé,32496,0,30000,2022
38270000,78190,TRAPPES,78,Local industriel. commercial ou assimilé,32496,0,50000,2022
238530,78980,BREVAL,78,Maison,80,5,2627,2022
238530,78980,BREVAL,78,Maison,80,5,500,2022
233650,78250,MEZY-SUR-SEINE,78,Maison,98,5,161,2022
424000,78260,ACHERES,78,Maison,124,7,197,2022
310000,78710,ROSNY-SUR-SEINE,78,Maison,101,5,500,2022
310000,78710,ROSNY-SUR-SEINE,78,Maison,101,5,204,2022
385000,78730,SAINT-ARNOULT-EN-YVELINES,78,Maison,186,7,500,2022
385000,78730,SAINT-ARNOULT-EN-YVELINES,78,Maison,186,7,4318,2022
830000,78800,HOUILLES,78,Maison,72,5,316,2022
320000,78130,MUREAUX (LES),78,Dépendance,0,0,500,2022
320000,78130,MUREAUX (LES),78,Dépendance,0,0,301,2022
320000,78130,MUREAUX (LES),78,Maison,103,4,301,2022
320000,78130,MUREAUX (LES),78,Maison,103,4,500,2022
728200,78400,CHATOU,78,Maison,84,5,404,2022
925000,78130,MUREAUX (LES),78,Dépendance,0,0,724,2022
925000,78130,MUREAUX (LES),78,Appartement,17,1,724,2022
925000,78130,MUREAUX (LES),78,Appartement,29,2,724,2022
925000,78130,MUREAUX (LES),78,Local industriel. commercial ou assimilé,14,0,724,2022
925000,78130,MUREAUX (LES),78,Appartement,31,2,724,2022
925000,78130,MUREAUX (LES),78,Appartement,15,1,724,2022
925000,78130,MUREAUX (LES),78,Appartement,18,1,724,2022
925000,78130,MUREAUX (LES),78,Appartement,22,1,724,2022
925000,78130,MUREAUX (LES),78,Appartement,26,2,724,2022
300000,78680,EPONE,78,Maison,120,3,420,2022
464000,78390,BOIS D ARCY,78,Maison,129,5,325,2022
216300,78790,SEPTEUIL,78,Maison,68,2,84,2022
174000,78760,JOUARS-PONTCHARTRAIN,78,Maison,39,0,131,2022
399000,78820,JUZIERS,78,Maison,116,5,595,2022
399000,78820,JUZIERS,78,Maison,116,5,1000,2022
1411500,78860,SAINT-NOM-LA-BRETECHE,78,Maison,222,7,1005,2022
852000,78110,VESINET (LE),78,Maison,110,3,286,2022
852000,78110,VESINET (LE),78,Dépendance,0,0,286,2022
255000,78920,ECQUEVILLY,78,Maison,72,4,198,2022
290000,78700,CONFLANS SAINTE HONORINE,78,Maison,60,3,265,2022
287000,78510,TRIEL SUR SEINE,78,Maison,73,4,269,2022
859000,78420,CARRIERES SUR SEINE,78,Dépendance,0,0,482,2022
859000,78420,CARRIERES SUR SEINE,78,Maison,97,4,482,2022
226000,78440,GARGENVILLE,78,Maison,158,6,261,2022
270000,78520,LIMAY,78,Maison,74,4,567,2022
980900,78580,ALLUETS-LE-ROI (LES),78,Maison,238,7,500,2022
980900,78580,ALLUETS-LE-ROI (LES),78,Maison,238,7,1000,2022
770000,78590,NOISY LE ROI,78,Appartement,130,4,559,2022
770000,78590,NOISY LE ROI,78,Local industriel. commercial ou assimilé,396,0,559,2022
337000,78250,MEULAN-EN-YVELINES,78,Maison,90,4,500,2022
337000,78250,MEULAN-EN-YVELINES,78,Maison,90,4,1515,2022
460000,78370,PLAISIR,78,Maison,93,4,418,2022
650000,78160,MARLY-LE-ROI,78,Maison,110,5,509,2022
725000,78470,SAINT-REMY-LES-CHEVREUSE,78,Maison,145,6,500,2022
725000,78470,SAINT-REMY-LES-CHEVREUSE,78,Maison,145,6,557,2022
269000,78440,GARGENVILLE,78,Maison,58,3,342,2022
607000,78500,SARTROUVILLE,78,Maison,85,3,322,2022
806800,78670,VILLENNES-SUR-SEINE,78,Local industriel. commercial ou assimilé,51,0,390,2022
806800,78670,VILLENNES-SUR-SEINE,78,Dépendance,0,0,390,2022
806800,78670,VILLENNES-SUR-SEINE,78,Maison,132,7,390,2022
810000,78500,SARTROUVILLE,78,Dépendance,0,0,326,2022
810000,78500,SARTROUVILLE,78,Maison,165,4,326,2022
344000,78440,LAINVILLE-EN-VEXIN,78,Maison,101,5,587,2022
460000,78955,CARRIERES SOUS POISSY,78,Maison,92,4,351,2022
371970,78630,MORAINVILLIERS,78,Maison,80,2,928,2022
371970,78630,MORAINVILLIERS,78,Maison,80,2,500,2022
247000,78200,MANTES-LA-JOLIE,78,Maison,92,5,279,2022
591120,78500,SARTROUVILLE,78,Maison,103,6,306,2022
345000,78950,GAMBAIS,78,Dépendance,0,0,576,2022
345000,78950,GAMBAIS,78,Dépendance,0,0,500,2022
345000,78950,GAMBAIS,78,Maison,120,5,576,2022
345000,78950,GAMBAIS,78,Maison,120,5,500,2022
569100,78630,MORAINVILLIERS,78,Maison,112,4,839,2022
569100,78630,MORAINVILLIERS,78,Maison,112,4,500,2022
520000,78580,BAZEMONT,78,Maison,150,5,1147,2022
520000,78580,BAZEMONT,78,Maison,150,5,500,2022
148000,78540,VERNOUILLET,78,Maison,60,3,20,2022
445650,78650,SAULX-MARCHAIS,78,Maison,114,5,800,2022
190000,78440,GARGENVILLE,78,Appartement,51,2,290,2022
190000,78440,GARGENVILLE,78,Appartement,86,4,290,2022
233000,78200,MANTES-LA-JOLIE,78,Appartement,50,2,786,2022
233000,78200,MANTES-LA-JOLIE,78,Appartement,30,2,786,2022
233000,78200,MANTES-LA-JOLIE,78,Dépendance,0,0,786,2022
308130,78580,ALLUETS-LE-ROI (LES),78,Maison,90,4,80,2022
376000,78000,VERSAILLES,78,Local industriel. commercial ou assimilé,0,0,2757,2022
376000,78000,VERSAILLES,78,Dépendance,0,0,2757,2022
376000,78000,VERSAILLES,78,Appartement,78,4,2757,2022
513000,78300,POISSY,78,Maison,90,4,439,2022
255000,78710,ROSNY-SUR-SEINE,78,Maison,118,6,520,2022
300000,78340,CLAYES-SOUS-BOIS (LES),78,Local industriel. commercial ou assimilé,244,0,794,2022
422750,78450,VILLEPREUX,78,Maison,132,8,231,2022
250000,78140,VELIZY VILLACOUBLAY,78,Maison,55,3,182,2022
434800,78660,PRUNAY-EN-YVELINES,78,Maison,132,4,900,2022
1169650,78000,VERSAILLES,78,Maison,110,5,447,2022
450000,78980,SAINT-ILLIERS-LE-BOIS,78,Maison,112,4,1435,2022
450000,78980,SAINT-ILLIERS-LE-BOIS,78,Maison,112,4,665,2022
280000,78320,LEVIS-SAINT-NOM,78,Maison,85,3,750,2022
280000,78320,LEVIS-SAINT-NOM,78,Maison,85,3,1200,2022
280000,78320,LEVIS-SAINT-NOM,78,Dépendance,0,0,1200,2022
280000,78320,LEVIS-SAINT-NOM,78,Dépendance,0,0,750,2022
445000,78320,MESNIL-SAINT-DENIS (LE),78,Maison,140,6,467,2022
538000,78730,SAINT-ARNOULT-EN-YVELINES,78,Maison,152,6,500,2022
538000,78730,SAINT-ARNOULT-EN-YVELINES,78,Dépendance,0,0,500,2022
538000,78730,SAINT-ARNOULT-EN-YVELINES,78,Maison,152,6,581,2022
538000,78730,SAINT-ARNOULT-EN-YVELINES,78,Dépendance,0,0,581,2022
485000,78930,GOUSSONVILLE,78,Maison,125,4,768,2022
485000,78930,GOUSSONVILLE,78,Dépendance,0,0,768,2022
660000,78270,BONNIERES-SUR-SEINE,78,Local industriel. commercial ou assimilé,38,0,874,2022
660000,78270,BONNIERES-SUR-SEINE,78,Maison,183,5,874,2022
660000,78270,BONNIERES-SUR-SEINE,78,Local industriel. commercial ou assimilé,653,0,874,2022
660000,78270,BONNIERES-SUR-SEINE,78,Local industriel. commercial ou assimilé,0,0,874,2022
610750,78120,RAMBOUILLET,78,Maison,145,6,324,2022
1232850,78100,SAINT-GERMAIN-EN-LAYE,78,Dépendance,0,0,73,2022
1232850,78100,SAINT-GERMAIN-EN-LAYE,78,Appartement,33,2,73,2022
1232850,78100,SAINT-GERMAIN-EN-LAYE,78,Appartement,41,2,73,2022
1232850,78100,SAINT-GERMAIN-EN-LAYE,78,Appartement,32,1,73,2022
337500,78520,LIMAY,78,Maison,106,4,509,2022
554000,78200,MANTES-LA-JOLIE,78,Local industriel. commercial ou assimilé,138,0,475,2022
554000,78200,MANTES-LA-JOLIE,78,Local industriel. commercial ou assimilé,62,0,475,2022
554000,78200,MANTES-LA-JOLIE,78,Dépendance,0,0,475,2022
368825,78320,VERRIERE (LA),78,Maison,102,3,400,2022
368825,78320,VERRIERE (LA),78,Dépendance,0,0,400,2022
275000,78790,SEPTEUIL,78,Maison,135,6,118,2022
773000,78800,HOUILLES,78,Appartement,79,3,284,2022
773000,78800,HOUILLES,78,Dépendance,0,0,284,2022
773000,78800,HOUILLES,78,Dépendance,0,0,544,2022
773000,78800,HOUILLES,78,Appartement,79,3,544,2022
955000,78000,VERSAILLES,78,Maison,80,4,159,2022
823500,78200,BUCHELAY,78,Local industriel. commercial ou assimilé,750,0,3606,2022
823500,78200,BUCHELAY,78,Local industriel. commercial ou assimilé,940,0,3606,2022
520000,78800,HOUILLES,78,Maison,88,3,386,2022
520000,78800,HOUILLES,78,Dépendance,0,0,386,2022
1444600,78920,ECQUEVILLY,78,Local industriel. commercial ou assimilé,1610,0,1119,2022
1444600,78920,ECQUEVILLY,78,Local industriel. commercial ou assimilé,4331,0,1119,2022
560000,78350,JOUY EN JOSAS,78,Maison,55,3,370,2022
560000,78350,JOUY EN JOSAS,78,Dépendance,0,0,370,2022
544000,78410,AUBERGENVILLE,78,Maison,141,5,458,2022
25000,78120,RAMBOUILLET,78,Dépendance,0,0,54,2022
360000,78200,BUCHELAY,78,Maison,130,5,233,2022
378750,78610,PERRAY-EN-YVELINES (LE),78,Maison,95,4,533,2022
261345,78210,SAINT-CYR-L ECOLE,78,Maison,110,5,596,2022
318750,78550,RICHEBOURG,78,Maison,74,4,631,2022
318750,78550,RICHEBOURG,78,Maison,74,4,456,2022
326000,78660,PRUNAY-EN-YVELINES,78,Maison,182,7,500,2022
326000,78660,PRUNAY-EN-YVELINES,78,Maison,182,7,507,2022
305000,78440,GARGENVILLE,78,Maison,86,5,468,2022
175000,78740,VAUX-SUR-SEINE,78,Maison,92,4,428,2022
1100000,78310,COIGNIERES,78,Local industriel. commercial ou assimilé,1850,0,1114,2022
1100000,78310,COIGNIERES,78,Maison,62,3,1014,2022
334500,78120,RAMBOUILLET,78,Maison,91,5,334,2022
526150,78210,SAINT-CYR-L ECOLE,78,Maison,65,2,400,2022
794750,78620,ETANG-LA-VILLE (L ),78,Maison,140,6,210,2022
510000,78460,CHEVREUSE,78,Dépendance,0,0,164,2022
510000,78460,CHEVREUSE,78,Maison,130,5,164,2022
788300,78400,CHATOU,78,Maison,143,5,510,2022
646500,78120,RAMBOUILLET,78,Maison,186,5,303,2022
267750,78820,JUZIERS,78,Maison,145,6,703,2022
499700,78410,BOUAFLE,78,Maison,105,5,500,2022
499700,78410,BOUAFLE,78,Maison,105,5,573,2022
392000,78950,GAMBAIS,78,Maison,107,3,811,2022
270000,78680,EPONE,78,Maison,72,3,406,2022
424000,78300,POISSY,78,Maison,50,3,484,2022
1335000,78220,VIROFLAY,78,Maison,202,5,813,2022
1335000,78220,VIROFLAY,78,Maison,202,5,255,2022
481200,78180,MONTIGNY LE BRETONNEUX,78,Maison,103,5,211,2022
395000,78320,MESNIL-SAINT-DENIS (LE),78,Maison,144,7,272,2022
405000,78180,MONTIGNY LE BRETONNEUX,78,Maison,89,4,111,2022
384500,78310,MAUREPAS,78,Maison,104,6,316,2022
365000,78650,BEYNES,78,Maison,99,4,481,2022
527000,78700,CONFLANS SAINTE HONORINE,78,Maison,118,5,500,2022
1200000,78000,VERSAILLES,78,Maison,89,6,558,2022
342000,78440,PORCHEVILLE,78,Dépendance,0,0,830,2022
342000,78440,PORCHEVILLE,78,Maison,87,5,830,2022
840000,78121,CRESPIERES,78,Local industriel. commercial ou assimilé,0,0,1893,2022
1813700,78100,SAINT-GERMAIN-EN-LAYE,78,Maison,264,10,486,2022
546800,78140,VELIZY VILLACOUBLAY,78,Dépendance,0,0,310,2022
546800,78140,VELIZY VILLACOUBLAY,78,Maison,96,4,310,2022
484240,78180,MONTIGNY LE BRETONNEUX,78,Maison,89,4,185,2022
435000,78280,GUYANCOURT,78,Maison,142,5,296,2022
435000,78280,GUYANCOURT,78,Dépendance,0,0,15,2022
814100,78160,MARLY-LE-ROI,78,Maison,82,4,712,2022
850000,78400,CHATOU,78,Maison,100,4,172,2022
438572,78120,RAMBOUILLET,78,Maison,70,3,830,2022
330000,78610,PERRAY-EN-YVELINES (LE),78,Local industriel. commercial ou assimilé,299,0,1367,2022
222150,78540,VERNOUILLET,78,Maison,53,3,53,2022
525000,78930,GUERVILLE,78,Dépendance,0,0,405,2022
525000,78930,GUERVILLE,78,Maison,160,8,405,2022
525000,78930,GUERVILLE,78,Dépendance,0,0,549,2022
380000,78790,ARNOUVILLE-LES-MANTES,78,Dépendance,0,0,3820,2022
380000,78790,ARNOUVILLE-LES-MANTES,78,Dépendance,0,0,179,2022
380000,78790,ARNOUVILLE-LES-MANTES,78,Maison,100,5,179,2022
380000,78790,ARNOUVILLE-LES-MANTES,78,Maison,100,5,3820,2022
581500,78200,MANTES-LA-JOLIE,78,Dépendance,0,0,171,2022
581500,78200,MANTES-LA-JOLIE,78,Appartement,53,3,171,2022
581500,78200,MANTES-LA-JOLIE,78,Appartement,37,2,171,2022
581500,78200,MANTES-LA-JOLIE,78,Appartement,65,3,171,2022
560000,78510,TRIEL SUR SEINE,78,Maison,186,7,529,2022
1221550,78000,VERSAILLES,78,Maison,100,5,363,2022
320000,78690,LEVIS-SAINT-NOM,78,Maison,56,3,276,2022
320000,78690,LEVIS-SAINT-NOM,78,Maison,56,3,600,2022
1085000,78160,MARLY-LE-ROI,78,Appartement,40,2,848,2022
1085000,78160,MARLY-LE-ROI,78,Appartement,45,2,848,2022
1085000,78160,MARLY-LE-ROI,78,Appartement,120,5,848,2022
354000,78590,NOISY LE ROI,78,Local industriel. commercial ou assimilé,50,0,506,2022
354000,78590,NOISY LE ROI,78,Maison,134,7,506,2022
415000,78720,SENLISSE,78,Maison,86,4,450,2022
415000,78720,SENLISSE,78,Dépendance,0,0,450,2022
394000,78570,CHANTELOUP-LES-VIGNES,78,Dépendance,0,0,16,2022
394000,78570,CHANTELOUP-LES-VIGNES,78,Dépendance,0,0,253,2022
394000,78570,CHANTELOUP-LES-VIGNES,78,Maison,97,4,253,2022
827380,78670,MEDAN,78,Maison,139,5,699,2022
827380,78670,MEDAN,78,Dépendance,0,0,699,2022
430000,78410,AUBERGENVILLE,78,Maison,106,5,899,2022
345000,78910,ORVILLIERS,78,Maison,100,5,500,2022
345000,78910,ORVILLIERS,78,Maison,100,5,1070,2022
239455,78360,MONTESSON,78,Maison,30,1,37,2022
550000,78640,NEAUPHLE-LE-VIEUX,78,Maison,165,5,788,2022
302750,78650,SAULX-MARCHAIS,78,Maison,60,3,164,2022
78200,78270,MERICOURT,78,Maison,24,1,369,2022
275000,78650,BEYNES,78,Maison,70,3,451,2022
349120,78580,JUMEAUVILLE,78,Maison,120,6,247,2022
349120,78580,JUMEAUVILLE,78,Maison,120,6,500,2022
170000,78270,BONNIERES-SUR-SEINE,78,Dépendance,0,0,394,2022
170000,78270,BONNIERES-SUR-SEINE,78,Appartement,63,3,394,2022
170000,78270,BONNIERES-SUR-SEINE,78,Appartement,62,2,394,2022
170000,78270,BONNIERES-SUR-SEINE,78,Appartement,32,2,394,2022
170000,78270,BONNIERES-SUR-SEINE,78,Appartement,30,2,394,2022
170000,78270,BONNIERES-SUR-SEINE,78,Appartement,72,3,394,2022
370000,78310,MAUREPAS,78,Maison,126,6,205,2022
370000,78310,MAUREPAS,78,Dépendance,0,0,17,2022
416000,78550,HOUDAN,78,Maison,112,7,625,2022
394650,78260,ACHERES,78,Maison,135,4,271,2022
404700,78580,MAULE,78,Maison,69,4,487,2022
982800,78100,SAINT-GERMAIN-EN-LAYE,78,Maison,121,5,475,2022
253550,78640,NEAUPHLE-LE-CHATEAU,78,Dépendance,0,0,73,2022
253550,78640,NEAUPHLE-LE-CHATEAU,78,Maison,106,5,73,2022
253550,78640,NEAUPHLE-LE-CHATEAU,78,Local industriel. commercial ou assimilé,73,0,73,2022
550000,78125,POIGNY-LA-FORET,78,Maison,166,7,2329,2022
550000,78125,POIGNY-LA-FORET,78,Dépendance,0,0,2329,2022
550000,78125,POIGNY-LA-FORET,78,Dépendance,0,0,578,2022
550000,78125,POIGNY-LA-FORET,78,Maison,166,7,578,2022
300600,78610,PERRAY-EN-YVELINES (LE),78,Maison,95,5,452,2022
500000,78840,FRENEUSE,78,Maison,300,8,546,2022
500000,78840,FRENEUSE,78,Dépendance,0,0,546,2022
395000,78680,EPONE,78,Dépendance,0,0,715,2022
395000,78680,EPONE,78,Maison,100,5,715,2022
207000,78970,MEZIERES-SUR-SEINE,78,Maison,54,2,828,2022
207000,78970,MEZIERES-SUR-SEINE,78,Maison,54,2,500,2022
788600,78360,MONTESSON,78,Maison,110,4,277,2022
579650,78117,CHATEAUFORT,78,Maison,166,9,337,2022
830000,78220,VIROFLAY,78,Dépendance,0,0,402,2022
830000,78220,VIROFLAY,78,Maison,91,4,402,2022
1690000,78110,VESINET (LE),78,Maison,196,5,547,2022
1690000,78110,VESINET (LE),78,Dépendance,0,0,117,2022
1690000,78110,VESINET (LE),78,Maison,196,5,117,2022
1690000,78110,VESINET (LE),78,Dépendance,0,0,547,2022
498580,78280,GUYANCOURT,78,Dépendance,0,0,984,2022
498580,78280,GUYANCOURT,78,Maison,124,6,984,2022
377750,78730,SAINT-ARNOULT-EN-YVELINES,78,Maison,89,4,500,2022
377750,78730,SAINT-ARNOULT-EN-YVELINES,78,Maison,89,4,564,2022
412850,78114,MAGNY-LES-HAMEAUX,78,Maison,80,5,350,2022
412850,78114,MAGNY-LES-HAMEAUX,78,Dépendance,0,0,350,2022
497400,78470,SAINT-REMY-LES-CHEVREUSE,78,Maison,162,7,534,2022
660000,78800,HOUILLES,78,Dépendance,0,0,205,2022
660000,78800,HOUILLES,78,Appartement,23,1,205,2022
660000,78800,HOUILLES,78,Appartement,22,1,205,2022
660000,78800,HOUILLES,78,Appartement,45,3,205,2022
165000,78270,CHAUFOUR LES BONNIERES,78,Maison,68,3,353,2022
165000,78270,CHAUFOUR LES BONNIERES,78,Dépendance,0,0,353,2022
165000,78270,CHAUFOUR LES BONNIERES,78,Maison,68,3,500,2022
165000,78270,CHAUFOUR LES BONNIERES,78,Dépendance,0,0,500,2022
810000,78400,CHATOU,78,Maison,121,6,472,2022
920700,78860,SAINT-NOM-LA-BRETECHE,78,Maison,205,7,871,2022
416000,78510,TRIEL SUR SEINE,78,Maison,72,4,538,2022
416000,78510,TRIEL SUR SEINE,78,Dépendance,0,0,538,2022
282300,78113,CONDE-SUR-VESGRE,78,Maison,83,4,300,2022
340000,78450,VILLEPREUX,78,Maison,70,3,62,2022
1537800,78600,MAISONS-LAFFITTE,78,Dépendance,0,0,687,2022
1537800,78600,MAISONS-LAFFITTE,78,Maison,212,8,687,2022
1537800,78600,MAISONS-LAFFITTE,78,Maison,212,8,331,2022
1537800,78600,MAISONS-LAFFITTE,78,Dépendance,0,0,331,2022
430200,78730,SAINT-ARNOULT-EN-YVELINES,78,Maison,93,3,970,2022
430200,78730,SAINT-ARNOULT-EN-YVELINES,78,Maison,93,3,500,2022
1466038,78770,GOUPILLIERES,78,Dépendance,0,0,413,2022
1466038,78770,GOUPILLIERES,78,Maison,250,6,413,2022
1080000,78800,HOUILLES,78,Local industriel. commercial ou assimilé,750,0,1088,2022
1200000,78450,CHAVENAY,78,Local industriel. commercial ou assimilé,435,0,3814,2022
1200000,78450,CHAVENAY,78,Local industriel. commercial ou assimilé,157,0,3814,2022
1200000,78450,CHAVENAY,78,Local industriel. commercial ou assimilé,430,0,3814,2022
1200000,78450,CHAVENAY,78,Local industriel. commercial ou assimilé,392,0,3814,2022
1200000,78450,CHAVENAY,78,Local industriel. commercial ou assimilé,770,0,3814,2022
1200000,78450,CHAVENAY,78,Maison,92,3,2041,2022
370000,78970,MEZIERES-SUR-SEINE,78,Maison,136,7,562,2022
350000,78680,EPONE,78,Maison,78,4,846,2022
350000,78680,EPONE,78,Dépendance,0,0,846,2022
350000,78680,EPONE,78,Maison,78,4,500,2022
350000,78680,EPONE,78,Dépendance,0,0,500,2022
806060,78480,VERNEUIL SUR SEINE,78,Dépendance,0,0,258,2022
806060,78480,VERNEUIL SUR SEINE,78,Maison,118,6,258,2022
1137450,78230,PECQ (LE),78,Maison,120,5,402,2022
230000,78410,AUBERGENVILLE,78,Maison,54,3,375,2022
445000,78970,MEZIERES-SUR-SEINE,78,Maison,150,7,251,2022
445000,78970,MEZIERES-SUR-SEINE,78,Dépendance,0,0,251,2022
445000,78970,MEZIERES-SUR-SEINE,78,Dépendance,0,0,875,2022
445000,78970,MEZIERES-SUR-SEINE,78,Maison,150,7,875,2022
355000,78130,MUREAUX (LES),78,Local industriel. commercial ou assimilé,170,0,92,2022
770000,78600,MAISONS-LAFFITTE,78,Maison,105,5,472,2022
578000,78800,HOUILLES,78,Maison,100,6,129,2022
285000,78200,BUCHELAY,78,Maison,104,6,427,2022
283839,78920,ECQUEVILLY,78,Maison,94,5,158,2022
150000,78810,FEUCHEROLLES,78,Dépendance,0,0,156,2022
150000,78810,FEUCHEROLLES,78,Maison,83,3,156,2022
516500,78630,MORAINVILLIERS,78,Maison,179,7,271,2022
965000,78290,CROISSY SUR SEINE,78,Maison,157,4,552,2022
965000,78290,CROISSY SUR SEINE,78,Dépendance,0,0,552,2022
763850,78420,CARRIERES SUR SEINE,78,Maison,102,5,343,2022
1616350,78150,LE CHESNAY-ROCQUENCOURT,78,Maison,169,7,543,2022
1616350,78150,LE CHESNAY-ROCQUENCOURT,78,Dépendance,0,0,543,2022
950000,78220,VIROFLAY,78,Maison,120,6,489,2022
1635610,78400,CHATOU,78,Maison,201,8,472,2022
265094,78711,MANTES-LA-VILLE,78,Maison,95,4,510,2022
715000,78960,VOISINS-LE-BRETONNEUX,78,Maison,151,7,755,2022
388500,78790,COURGENT,78,Maison,170,5,500,2022
388500,78790,COURGENT,78,Dépendance,0,0,500,2022
388500,78790,COURGENT,78,Local industriel. commercial ou assimilé,0,0,500,2022
388500,78790,COURGENT,78,Dépendance,0,0,386,2022
388500,78790,COURGENT,78,Maison,170,5,386,2022
388500,78790,COURGENT,78,Local industriel. commercial ou assimilé,0,0,386,2022
120000,78710,ROSNY-SUR-SEINE,78,Maison,58,3,396,2022
262000,78520,LIMAY,78,Maison,90,4,173,2022
262000,78520,LIMAY,78,Dépendance,0,0,173,2022
799000,78320,MESNIL-SAINT-DENIS (LE),78,Dépendance,0,0,418,2022
799000,78320,MESNIL-SAINT-DENIS (LE),78,Maison,155,5,418,2022
799000,78320,MESNIL-SAINT-DENIS (LE),78,Maison,155,5,500,2022
799000,78320,MESNIL-SAINT-DENIS (LE),78,Dépendance,0,0,500,2022
1516000,78110,VESINET (LE),78,Maison,190,6,161,2022
1516000,78110,VESINET (LE),78,Maison,190,6,1162,2022
211300,78680,EPONE,78,Maison,89,5,500,2022
211300,78680,EPONE,78,Maison,89,5,240,2022
200000,78600,MAISONS-LAFFITTE,78,Local industriel. commercial ou assimilé,351,0,688,2022
80000,78300,POISSY,78,Maison,63,4,215,2022
4260000,78180,MONTIGNY LE BRETONNEUX,78,Local industriel. commercial ou assimilé,864,0,6314,2022
4260000,78180,MONTIGNY LE BRETONNEUX,78,Local industriel. commercial ou assimilé,312,0,6314,2022
4260000,78180,MONTIGNY LE BRETONNEUX,78,Local industriel. commercial ou assimilé,686,0,6314,2022
4260000,78180,MONTIGNY LE BRETONNEUX,78,Local industriel. commercial ou assimilé,2026,0,6314,2022
4260000,78180,MONTIGNY LE BRETONNEUX,78,Local industriel. commercial ou assimilé,1187,0,6314,2022
261000,78520,FOLLAINVILLE-DENNEMONT,78,Dépendance,0,0,324,2022
261000,78520,FOLLAINVILLE-DENNEMONT,78,Maison,128,4,324,2022
625000,78630,ORGEVAL,78,Maison,151,6,760,2022
336750,78680,EPONE,78,Maison,126,5,110,2022
336750,78680,EPONE,78,Dépendance,0,0,500,2022
336750,78680,EPONE,78,Maison,126,5,500,2022
336750,78680,EPONE,78,Dépendance,0,0,110,2022
225000,78440,GARGENVILLE,78,Maison,72,4,260,2022
1162900,78230,PECQ (LE),78,Maison,230,8,558,2022
60500,78270,MERICOURT,78,Maison,60,3,500,2022
60500,78270,MERICOURT,78,Maison,60,3,455,2022
60500,78270,MERICOURT,78,Dépendance,0,0,455,2022
60500,78270,MERICOURT,78,Dépendance,0,0,500,2022
549950,78490,MERE,78,Maison,72,3,124,2022
549950,78490,MERE,78,Maison,72,3,3084,2022
160000,78270,GOMMECOURT,78,Dépendance,0,0,273,2022
160000,78270,GOMMECOURT,78,Maison,46,2,273,2022
345500,78440,GARGENVILLE,78,Maison,120,5,245,2022
345500,78440,GARGENVILLE,78,Maison,120,5,500,2022
865000,78290,CROISSY SUR SEINE,78,Dépendance,0,0,319,2022
865000,78290,CROISSY SUR SEINE,78,Maison,123,6,319,2022
254000,78440,PORCHEVILLE,78,Maison,76,4,281,2022
510000,78955,CARRIERES SOUS POISSY,78,Maison,130,7,350,2022
620000,78300,POISSY,78,Maison,137,5,269,2022
620000,78300,POISSY,78,Dépendance,0,0,269,2022
4350000,78220,VIROFLAY,78,Dépendance,0,0,560,2022
4350000,78220,VIROFLAY,78,Appartement,58,3,560,2022
4350000,78220,VIROFLAY,78,Appartement,20,1,560,2022
4350000,78220,VIROFLAY,78,Appartement,47,2,560,2022
4350000,78220,VIROFLAY,78,Local industriel. commercial ou assimilé,64,0,560,2022
4350000,78220,VIROFLAY,78,Appartement,50,2,560,2022
4350000,78220,VIROFLAY,78,Appartement,41,1,560,2022
4350000,78220,VIROFLAY,78,Appartement,80,2,560,2022
4350000,78220,VIROFLAY,78,Local industriel. commercial ou assimilé,82,0,560,2022
3689320,78100,SAINT-GERMAIN-EN-LAYE,78,Dépendance,0,0,596,2022
3689320,78100,SAINT-GERMAIN-EN-LAYE,78,Appartement,68,3,596,2022
3689320,78100,SAINT-GERMAIN-EN-LAYE,78,Appartement,50,3,596,2022
3689320,78100,SAINT-GERMAIN-EN-LAYE,78,Appartement,40,2,596,2022
3689320,78100,SAINT-GERMAIN-EN-LAYE,78,Appartement,126,5,596,2022
3689320,78100,SAINT-GERMAIN-EN-LAYE,78,Appartement,25,1,596,2022
3689320,78100,SAINT-GERMAIN-EN-LAYE,78,Appartement,65,3,596,2022
3689320,78100,SAINT-GERMAIN-EN-LAYE,78,Appartement,35,2,596,2022
284000,78800,HOUILLES,78,Dépendance,0,0,217,2022
284000,78800,HOUILLES,78,Maison,71,4,217,2022
288000,78520,LIMAY,78,Maison,132,5,498,2022
330000,78510,TRIEL SUR SEINE,78,Maison,85,3,145,2022
420690,78350,LOGES-EN-JOSAS (LES),78,Maison,72,4,37,2022
420690,78350,LOGES-EN-JOSAS (LES),78,Dépendance,0,0,37,2022
8403500,78310,COIGNIERES,78,Maison,133,4,4000,2022
8403500,78310,COIGNIERES,78,Maison,1300,14,4000,2022
8403500,78310,COIGNIERES,78,Dépendance,0,0,4000,2022
8403500,78310,COIGNIERES,78,Maison,133,4,356870,2022
8403500,78310,COIGNIERES,78,Maison,1300,14,356870,2022
8403500,78310,COIGNIERES,78,Dépendance,0,0,1100,2022
8403500,78310,COIGNIERES,78,Maison,1300,14,1100,2022
8403500,78310,COIGNIERES,78,Maison,133,4,1100,2022
8403500,78310,COIGNIERES,78,Dépendance,0,0,356870,2022
8403500,78310,COIGNIERES,78,Maison,127,4,500,2022
8403500,78310,COIGNIERES,78,Maison,127,4,1824,2022
8403500,78310,COIGNIERES,78,Maison,140,4,1572,2022
125785,78120,SONCHAMP,78,Dépendance,0,0,292,2022
125785,78120,SONCHAMP,78,Maison,95,4,292,2022
645000,78660,ABLIS,78,Local industriel. commercial ou assimilé,4300,0,9560,2022
362000,78730,SAINT-ARNOULT-EN-YVELINES,78,Maison,75,5,804,2022
362000,78730,SAINT-ARNOULT-EN-YVELINES,78,Dépendance,0,0,804,2022
299000,78370,PLAISIR,78,Maison,110,5,85,2022
369900,78440,BRUEIL-EN-VEXIN,78,Maison,110,4,638,2022
230000,78510,TRIEL SUR SEINE,78,Maison,56,2,95,2022
848500,78600,MAISONS-LAFFITTE,78,Maison,82,4,150,2022
626000,78580,BAZEMONT,78,Dépendance,0,0,700,2022
626000,78580,BAZEMONT,78,Maison,190,5,700,2022
540000,78630,ORGEVAL,78,Maison,113,5,439,2022
1125000,78530,BUC,78,Local industriel. commercial ou assimilé,1050,0,1724,2022
1400000,78630,ORGEVAL,78,Maison,220,7,500,2022
1400000,78630,ORGEVAL,78,Maison,220,7,3211,2022
310000,78800,HOUILLES,78,Local industriel. commercial ou assimilé,237,0,237,2022
198450,78130,MUREAUX (LES),78,Maison,79,4,161,2022
418270,78125,SAINT-HILARION,78,Dépendance,0,0,200,2022
418270,78125,SAINT-HILARION,78,Maison,78,4,200,2022
8650950,78320,VERRIERE (LA),78,Dépendance,0,0,10828,2022
8650950,78320,VERRIERE (LA),78,Appartement,169,7,10828,2022
8650950,78320,VERRIERE (LA),78,Appartement,96,4,10828,2022
8650950,78320,VERRIERE (LA),78,Appartement,96,4,45243,2022
8650950,78320,VERRIERE (LA),78,Appartement,73,3,10828,2022
8650950,78320,VERRIERE (LA),78,Appartement,73,3,45243,2022
8650950,78320,VERRIERE (LA),78,Dépendance,0,0,45243,2022
8650950,78320,VERRIERE (LA),78,Appartement,169,7,45243,2022
331355,78980,LONGNES,78,Maison,128,5,312,2022
331355,78980,LONGNES,78,Maison,128,5,500,2022
160000,78930,VERT,78,Dépendance,0,0,500,2022
160000,78930,VERT,78,Maison,115,7,922,2022
160000,78930,VERT,78,Dépendance,0,0,922,2022
160000,78930,VERT,78,Maison,115,7,500,2022
500000,78420,CARRIERES SUR SEINE,78,Maison,149,5,208,2022
272000,78680,EPONE,78,Dépendance,0,0,290,2022
272000,78680,EPONE,78,Maison,116,5,290,2022
450000,78140,VELIZY VILLACOUBLAY,78,Maison,138,4,310,2022
181500,78410,AUBERGENVILLE,78,Maison,64,2,80,2022
500000,78580,ALLUETS-LE-ROI (LES),78,Dépendance,0,0,1245,2022
500000,78580,ALLUETS-LE-ROI (LES),78,Maison,101,6,1245,2022
1477410,78470,SAINT-REMY-LES-CHEVREUSE,78,Maison,310,7,1002,2022
1477410,78470,SAINT-REMY-LES-CHEVREUSE,78,Maison,310,7,320,2022
315000,78260,ACHERES,78,Maison,65,3,401,2022
315000,78260,ACHERES,78,Dépendance,0,0,401,2022
496700,78300,POISSY,78,Appartement,15,1,341,2022
496700,78300,POISSY,78,Appartement,16,1,341,2022
496700,78300,POISSY,78,Appartement,26,1,341,2022
496700,78300,POISSY,78,Appartement,21,1,341,2022
496700,78300,POISSY,78,Appartement,17,1,341,2022
496700,78300,POISSY,78,Dépendance,0,0,341,2022
496700,78300,POISSY,78,Appartement,9,1,341,2022
496700,78300,POISSY,78,Appartement,22,1,341,2022
496700,78300,POISSY,78,Appartement,25,1,341,2022
565000,78400,CHATOU,78,Maison,54,3,276,2022
290000,78320,MESNIL-SAINT-DENIS (LE),78,Maison,47,3,563,2022
230000,78790,ARNOUVILLE-LES-MANTES,78,Maison,107,5,500,2022
230000,78790,ARNOUVILLE-LES-MANTES,78,Maison,107,5,1515,2022
10000000,78000,VERSAILLES,78,Local industriel. commercial ou assimilé,101,0,1348,2022
10000000,78000,VERSAILLES,78,Local industriel. commercial ou assimilé,384,0,1348,2022
10000000,78000,VERSAILLES,78,Local industriel. commercial ou assimilé,300,0,1348,2022
10000000,78000,VERSAILLES,78,Local industriel. commercial ou assimilé,866,0,1348,2022
10000000,78000,VERSAILLES,78,Local industriel. commercial ou assimilé,386,0,1348,2022
10000000,78000,VERSAILLES,78,Local industriel. commercial ou assimilé,1161,0,1348,2022
10000000,78000,VERSAILLES,78,Local industriel. commercial ou assimilé,780,0,1348,2022
450000,78480,VERNEUIL SUR SEINE,78,Maison,180,5,94,2022
721960,78400,CHATOU,78,Maison,50,3,150,2022
664800,78480,VERNEUIL SUR SEINE,78,Maison,56,4,946,2022
664800,78480,VERNEUIL SUR SEINE,78,Maison,80,3,946,2022
281000,78580,MAULE,78,Local industriel. commercial ou assimilé,129,0,840,2022
281000,78580,MAULE,78,Appartement,104,4,840,2022
464843,78500,SARTROUVILLE,78,Dépendance,0,0,388,2022
464843,78500,SARTROUVILLE,78,Maison,58,4,388,2022
130000,78270,BONNIERES-SUR-SEINE,78,Maison,78,4,461,2022
130000,78270,BONNIERES-SUR-SEINE,78,Maison,78,4,500,2022
130000,78270,BONNIERES-SUR-SEINE,78,Dépendance,0,0,500,2022
130000,78270,BONNIERES-SUR-SEINE,78,Dépendance,0,0,461,2022
255800,78780,MAURECOURT,78,Maison,38,3,38,2022
255800,78780,MAURECOURT,78,Maison,88,3,38,2022
1390000,78170,CELLE-SAINT-CLOUD (LA),78,Maison,222,7,456,2022
9250000,78480,VERNEUIL SUR SEINE,78,Dépendance,0,0,330,2022
9250000,78480,VERNEUIL SUR SEINE,78,Maison,107,4,433,2022
9250000,78480,VERNEUIL SUR SEINE,78,Maison,131,4,433,2022
9250000,78480,VERNEUIL SUR SEINE,78,Dépendance,0,0,500,2022
9250000,78480,VERNEUIL SUR SEINE,78,Dépendance,0,0,901,2022
9250000,78480,VERNEUIL SUR SEINE,78,Maison,327,8,901,2022
9250000,78480,VERNEUIL SUR SEINE,78,Maison,327,8,500,2022
9250000,78480,VERNEUIL SUR SEINE,78,Dépendance,0,0,204,2022
450000,78114,MAGNY-LES-HAMEAUX,78,Maison,140,5,700,2022
715400,78490,MESNULS (LES),78,Maison,195,4,500,2022
715400,78490,MESNULS (LES),78,Maison,195,4,521,2022
252000,78570,CHANTELOUP-LES-VIGNES,78,Maison,70,3,372,2022
318900,78700,CONFLANS SAINTE HONORINE,78,Maison,60,2,497,2022
260000,78800,HOUILLES,78,Dépendance,0,0,143,2022
260000,78800,HOUILLES,78,Maison,47,2,143,2022
135000,78520,FOLLAINVILLE-DENNEMONT,78,Dépendance,0,0,580,2022
135000,78520,FOLLAINVILLE-DENNEMONT,78,Maison,42,3,580,2022
496920,78500,SARTROUVILLE,78,Maison,96,3,234,2022
525500,78800,HOUILLES,78,Dépendance,0,0,346,2022
525500,78800,HOUILLES,78,Maison,67,3,346,2022
413000,78910,FLEXANVILLE,78,Maison,124,7,2025,2022
413000,78910,FLEXANVILLE,78,Maison,124,7,135,2022
135000,78680,EPONE,78,Maison,74,5,177,2022
135000,78680,EPONE,78,Dépendance,0,0,177,2022
317300,78610,PERRAY-EN-YVELINES (LE),78,Maison,63,3,375,2022
365000,78410,AUBERGENVILLE,78,Maison,98,4,378,2022
363085,78570,ANDRESY,78,Maison,103,5,303,2022
420000,78120,RAMBOUILLET,78,Dépendance,0,0,530,2022
420000,78120,RAMBOUILLET,78,Maison,89,5,530,2022
485000,78125,GAZERAN,78,Maison,157,5,465,2022
485000,78125,GAZERAN,78,Maison,127,4,465,2022
485000,78125,GAZERAN,78,Maison,130,5,465,2022
4400000,78530,BUC,78,Local industriel. commercial ou assimilé,7259,0,10296,2022
280000,78660,ABLIS,78,Maison,105,4,413,2022
802410,78360,MONTESSON,78,Maison,150,4,396,2022
587714,78800,HOUILLES,78,Maison,72,4,330,2022
587714,78800,HOUILLES,78,Dépendance,0,0,330,2022
472000,78970,MEZIERES-SUR-SEINE,78,Maison,128,6,500,2022
448000,78670,VILLENNES-SUR-SEINE,78,Maison,90,3,51,2022
189950,78720,DAMPIERRE-EN-YVELINES,78,Appartement,31,2,54,2022
271900,78200,MANTES-LA-JOLIE,78,Dépendance,0,0,373,2022
271900,78200,MANTES-LA-JOLIE,78,Maison,55,3,373,2022
270000,78310,MAUREPAS,78,Maison,81,4,75,2022
475000,78130,MUREAUX (LES),78,Local industriel. commercial ou assimilé,50,0,704,2022
475000,78130,MUREAUX (LES),78,Maison,100,7,704,2022
655000,78830,BULLION,78,Maison,145,6,495,2022
655000,78830,BULLION,78,Maison,145,6,11800,2022
517000,78540,VERNOUILLET,78,Maison,107,5,805,2022
160000,78860,SAINT-NOM-LA-BRETECHE,78,Maison,42,2,187,2022
160000,78860,SAINT-NOM-LA-BRETECHE,78,Dépendance,0,0,187,2022
806849,78860,SAINT-NOM-LA-BRETECHE,78,Maison,186,8,541,2022
4200000,78100,SAINT-GERMAIN-EN-LAYE,78,Maison,50,2,1312,2022
4200000,78100,SAINT-GERMAIN-EN-LAYE,78,Maison,308,8,1312,2022
4200000,78100,SAINT-GERMAIN-EN-LAYE,78,Dépendance,0,0,841,2022
4200000,78100,SAINT-GERMAIN-EN-LAYE,78,Maison,308,8,841,2022
4200000,78100,SAINT-GERMAIN-EN-LAYE,78,Dépendance,0,0,1312,2022
4200000,78100,SAINT-GERMAIN-EN-LAYE,78,Maison,50,2,841,2022
4200000,78100,SAINT-GERMAIN-EN-LAYE,78,Dépendance,0,0,248,2022
4200000,78100,SAINT-GERMAIN-EN-LAYE,78,Dépendance,0,0,966,2022
248000,78730,ROCHEFORT-EN-YVELINES,78,Maison,105,5,242,2022
248000,78730,ROCHEFORT-EN-YVELINES,78,Dépendance,0,0,242,2022
259000,78740,VAUX-SUR-SEINE,78,Maison,70,3,151,2022
258000,78250,GAILLON SUR MONTCIENT,78,Maison,59,2,175,2022
489800,78390,BOIS D ARCY,78,Maison,138,6,566,2022
610000,78430,LOUVECIENNES,78,Maison,107,4,312,2022
1198850,78870,BAILLY,78,Maison,175,7,460,2022
1544000,78110,VESINET (LE),78,Maison,174,6,1001,2022
1544000,78110,VESINET (LE),78,Dépendance,0,0,1001,2022
1544000,78110,VESINET (LE),78,Dépendance,0,0,500,2022
1544000,78110,VESINET (LE),78,Maison,174,6,500,2022
536000,78490,MONTFORT-L AMAURY,78,Maison,109,4,600,2022
536000,78490,MONTFORT-L AMAURY,78,Maison,109,4,417,2022
1730000,78580,BAZEMONT,78,Maison,100,6,23485,2022
1730000,78580,BAZEMONT,78,Maison,253,8,23485,2022
1730000,78580,BAZEMONT,78,Maison,100,6,1000,2022
1730000,78580,BAZEMONT,78,Maison,253,8,1000,2022
1729000,78100,SAINT-GERMAIN-EN-LAYE,78,Maison,190,8,363,2022
532000,78540,VERNOUILLET,78,Local industriel. commercial ou assimilé,176,0,1332,2022
532000,78540,VERNOUILLET,78,Local industriel. commercial ou assimilé,176,0,110,2022
305500,78580,BAZEMONT,78,Dépendance,0,0,739,2022
305500,78580,BAZEMONT,78,Maison,60,4,739,2022
800000,78410,BOUAFLE,78,Dépendance,0,0,20,2022
250000,78500,SARTROUVILLE,78,Local industriel. commercial ou assimilé,639,0,645,2022
210000,78340,CLAYES-SOUS-BOIS (LES),78,Local industriel. commercial ou assimilé,35,0,424,2022
210000,78340,CLAYES-SOUS-BOIS (LES),78,Maison,91,4,424,2022
440000,78470,SAINT-REMY-LES-CHEVREUSE,78,Maison,102,5,412,2022
440000,78470,SAINT-REMY-LES-CHEVREUSE,78,Dépendance,0,0,412,2022
735000,78630,ORGEVAL,78,Maison,140,6,680,2022
320000,78440,GARGENVILLE,78,Maison,87,5,302,2022
318200,78190,TRAPPES,78,Maison,89,4,185,2022
435000,78114,MAGNY-LES-HAMEAUX,78,Maison,100,5,437,2022
320000,78680,EPONE,78,Maison,81,6,500,2022
210000,78520,GUERNES,78,Maison,75,4,293,2022
210000,78520,GUERNES,78,Dépendance,0,0,293,2022
367500,78690,SAINT-REMY-L HONORE,78,Maison,84,3,1520,2022
367500,78690,SAINT-REMY-L HONORE,78,Maison,84,3,500,2022
402000,78700,CONFLANS SAINTE HONORINE,78,Maison,94,4,707,2022
269500,78720,CERNAY-LA-VILLE,78,Maison,74,3,680,2022
653280,78180,MONTIGNY LE BRETONNEUX,78,Maison,108,5,357,2022
320000,78610,AUFFARGIS,78,Dépendance,0,0,396,2022
320000,78610,AUFFARGIS,78,Maison,172,8,396,2022
932000,78120,RAMBOUILLET,78,Maison,176,5,500,2022
932000,78120,RAMBOUILLET,78,Maison,176,5,360,2022
932000,78120,RAMBOUILLET,78,Dépendance,0,0,500,2022
932000,78120,RAMBOUILLET,78,Dépendance,0,0,360,2022
263000,78440,GARGENVILLE,78,Maison,76,4,752,2022
360000,78840,FRENEUSE,78,Maison,148,5,500,2022
360000,78840,FRENEUSE,78,Dépendance,0,0,309,2022
360000,78840,FRENEUSE,78,Dépendance,0,0,500,2022
360000,78840,FRENEUSE,78,Maison,148,5,309,2022
265000,78760,JOUARS-PONTCHARTRAIN,78,Local industriel. commercial ou assimilé,160,0,130,2022
475000,78960,VOISINS-LE-BRETONNEUX,78,Maison,95,4,532,2022
475000,78960,VOISINS-LE-BRETONNEUX,78,Dépendance,0,0,532,2022
660000,78430,LOUVECIENNES,78,Maison,82,5,714,2022
562000,78250,GAILLON SUR MONTCIENT,78,Maison,200,4,500,2022
562000,78250,GAILLON SUR MONTCIENT,78,Dépendance,0,0,500,2022
562000,78250,GAILLON SUR MONTCIENT,78,Maison,200,4,2081,2022
562000,78250,GAILLON SUR MONTCIENT,78,Dépendance,0,0,2081,2022
396500,78320,MESNIL-SAINT-DENIS (LE),78,Dépendance,0,0,658,2022
396500,78320,MESNIL-SAINT-DENIS (LE),78,Maison,93,4,658,2022
384450,78950,GAMBAIS,78,Dépendance,0,0,691,2022
384450,78950,GAMBAIS,78,Dépendance,0,0,500,2022
384450,78950,GAMBAIS,78,Maison,85,4,691,2022
384450,78950,GAMBAIS,78,Maison,85,4,500,2022
385000,78121,CRESPIERES,78,Maison,83,4,544,2022
365000,78390,BOIS D ARCY,78,Maison,70,3,490,2022
214000,78520,FOLLAINVILLE-DENNEMONT,78,Maison,76,4,295,2022
310500,78450,VILLEPREUX,78,Maison,76,4,174,2022
828420,78160,MARLY-LE-ROI,78,Maison,164,7,86,2022
828420,78160,MARLY-LE-ROI,78,Maison,164,7,760,2022
325000,78700,CONFLANS SAINTE HONORINE,78,Maison,67,4,527,2022
449275,78120,RAMBOUILLET,78,Maison,122,7,275,2022
4000000,78290,CROISSY SUR SEINE,78,Maison,400,6,1000,2022
4000000,78290,CROISSY SUR SEINE,78,Maison,400,6,5990,2022
792500,78160,MARLY-LE-ROI,78,Maison,132,5,345,2022
150000,78910,ORVILLIERS,78,Dépendance,0,0,520,2022
150000,78910,ORVILLIERS,78,Maison,165,6,520,2022
325000,78920,ECQUEVILLY,78,Local industriel. commercial ou assimilé,14,0,292,2022
325000,78920,ECQUEVILLY,78,Dépendance,0,0,292,2022
325000,78920,ECQUEVILLY,78,Maison,125,5,292,2022
300000,78370,PLAISIR,78,Local industriel. commercial ou assimilé,535,0,309,2022
485000,78280,GUYANCOURT,78,Local industriel. commercial ou assimilé,150,0,356,2022
366000,78600,MESNIL-LE-ROI (LE),78,Maison,85,3,115,2022
766832,78870,BAILLY,78,Maison,139,6,730,2022
721650,78480,VERNEUIL SUR SEINE,78,Maison,203,7,470,2022
320000,78370,PLAISIR,78,Maison,78,4,184,2022
396000,78630,ORGEVAL,78,Maison,81,4,126,2022
888888,78470,SAINT-REMY-LES-CHEVREUSE,78,Dépendance,0,0,926,2022
888888,78470,SAINT-REMY-LES-CHEVREUSE,78,Maison,69,5,926,2022
4620000,78370,PLAISIR,78,Local industriel. commercial ou assimilé,362,0,3494,2022
4620000,78370,PLAISIR,78,Local industriel. commercial ou assimilé,361,0,3494,2022
4620000,78370,PLAISIR,78,Local industriel. commercial ou assimilé,600,0,3494,2022
150000,78113,BOURDONNE,78,Maison,60,3,882,2022
150000,78113,BOURDONNE,78,Maison,60,3,500,2022
460000,78120,RAMBOUILLET,78,Maison,115,4,257,2022
2675000,78110,VESINET (LE),78,Maison,257,10,2090,2022
2675000,78110,VESINET (LE),78,Maison,25,2,2090,2022
2675000,78110,VESINET (LE),78,Dépendance,0,0,2090,2022
2675000,78110,VESINET (LE),78,Maison,257,10,226,2022
2675000,78110,VESINET (LE),78,Maison,25,2,226,2022
2675000,78110,VESINET (LE),78,Dépendance,0,0,226,2022
1380000,78110,VESINET (LE),78,Maison,142,6,146,2022
1380000,78110,VESINET (LE),78,Maison,142,6,1267,2022
222500,78200,MANTES-LA-JOLIE,78,Maison,140,5,138,2022
427000,78500,SARTROUVILLE,78,Maison,109,4,233,2022
373000,78200,BUCHELAY,78,Maison,90,4,529,2022
684500,78690,SAINT-REMY-L HONORE,78,Maison,140,7,926,2022
684500,78690,SAINT-REMY-L HONORE,78,Dépendance,0,0,926,2022
760200,78110,VESINET (LE),78,Maison,94,5,772,2022
760200,78110,VESINET (LE),78,Dépendance,0,0,153,2022
760200,78110,VESINET (LE),78,Maison,94,5,153,2022
760200,78110,VESINET (LE),78,Dépendance,0,0,772,2022
305000,78700,CONFLANS SAINTE HONORINE,78,Maison,51,2,128,2022
285000,78955,CARRIERES SOUS POISSY,78,Maison,75,4,178,2022
300000,78990,ELANCOURT,78,Maison,77,4,174,2022
411000,78960,VOISINS-LE-BRETONNEUX,78,Maison,81,4,215,2022
411000,78960,VOISINS-LE-BRETONNEUX,78,Dépendance,0,0,13,2022
1115000,78000,VERSAILLES,78,Dépendance,0,0,588,2022
1115000,78000,VERSAILLES,78,Maison,156,6,588,2022
571200,78500,SARTROUVILLE,78,Maison,135,5,397,2022
240000,78630,ORGEVAL,78,Maison,70,4,221,2022
240000,78630,ORGEVAL,78,Dépendance,0,0,221,2022
1052930,78790,SEPTEUIL,78,Dépendance,0,0,15390,2022
1052930,78790,SEPTEUIL,78,Maison,341,11,650,2022
1052930,78790,SEPTEUIL,78,Dépendance,0,0,650,2022
1052930,78790,SEPTEUIL,78,Dépendance,0,0,500,2022
1052930,78790,SEPTEUIL,78,Maison,341,11,15390,2022
1052930,78790,SEPTEUIL,78,Maison,341,11,500,2022
265000,78200,MANTES-LA-JOLIE,78,Maison,105,6,761,2022
265000,78200,MANTES-LA-JOLIE,78,Maison,105,6,265,2022
265000,78200,MANTES-LA-JOLIE,78,Dépendance,0,0,761,2022
265000,78200,MANTES-LA-JOLIE,78,Dépendance,0,0,265,2022
370700,78410,FLINS-SUR-SEINE,78,Maison,113,4,500,2022
370700,78410,FLINS-SUR-SEINE,78,Appartement,33,1,500,2022
370700,78410,FLINS-SUR-SEINE,78,Dépendance,0,0,500,2022
577000,78180,MONTIGNY LE BRETONNEUX,78,Maison,118,5,347,2022
210000,78920,ECQUEVILLY,78,Maison,74,4,372,2022
325000,78440,LAINVILLE-EN-VEXIN,78,Maison,155,7,500,2022
325000,78440,LAINVILLE-EN-VEXIN,78,Maison,155,7,220,2022
310000,78770,AUTOUILLET,78,Maison,111,6,506,2022
711000,78140,VELIZY VILLACOUBLAY,78,Maison,80,5,250,2022
110000,78711,MANTES-LA-VILLE,78,Maison,54,3,451,2022
110000,78711,MANTES-LA-VILLE,78,Maison,54,3,500,2022
375300,78260,ACHERES,78,Maison,76,4,175,2022
820000,78860,SAINT-NOM-LA-BRETECHE,78,Maison,241,4,232,2022
329900,78111,DAMMARTIN EN SERVE,78,Maison,108,5,500,2022
329900,78111,DAMMARTIN EN SERVE,78,Maison,108,5,287,2022
209000,78200,MANTES-LA-JOLIE,78,Maison,62,4,311,2022
253000,78711,MANTES-LA-VILLE,78,Maison,100,5,138,2022
350000,78910,BOISSETS,78,Dépendance,0,0,2041,2022
350000,78910,BOISSETS,78,Dépendance,0,0,1500,2022
350000,78910,BOISSETS,78,Appartement,38,1,1500,2022
350000,78910,BOISSETS,78,Maison,40,2,1500,2022
350000,78910,BOISSETS,78,Maison,250,4,1500,2022
350000,78910,BOISSETS,78,Dépendance,0,0,370,2022
350000,78910,BOISSETS,78,Appartement,38,1,370,2022
350000,78910,BOISSETS,78,Maison,40,2,370,2022
350000,78910,BOISSETS,78,Maison,250,4,370,2022
350000,78910,BOISSETS,78,Appartement,38,1,2041,2022
350000,78910,BOISSETS,78,Maison,40,2,2041,2022
350000,78910,BOISSETS,78,Maison,250,4,2041,2022
5400000,78190,TRAPPES,78,Local industriel. commercial ou assimilé,10048,0,8282,2022
700000,78130,CHAPET,78,Maison,180,5,500,2022
700000,78130,CHAPET,78,Maison,180,5,698,2022
250000,78320,MESNIL-SAINT-DENIS (LE),78,Maison,105,4,354,2022
656650,78790,HARGEVILLE,78,Maison,190,8,500,2022
656650,78790,HARGEVILLE,78,Maison,190,8,536,2022
1834260,78000,VERSAILLES,78,Maison,204,8,487,2022
492000,78450,VILLEPREUX,78,Maison,100,5,338,2022
1950000,78520,LIMAY,78,Local industriel. commercial ou assimilé,1660,0,3912,2022
1950000,78520,LIMAY,78,Local industriel. commercial ou assimilé,0,0,3912,2022
683500,78420,CARRIERES SUR SEINE,78,Maison,76,4,542,2022
683500,78420,CARRIERES SUR SEINE,78,Dépendance,0,0,542,2022
311600,78955,CARRIERES SOUS POISSY,78,Maison,80,4,392,2022
513660,78940,QUEUE-LES-YVELINES (LA),78,Maison,143,6,649,2022
310000,78270,BENNECOURT,78,Maison,117,4,655,2022
218500,78980,LONGNES,78,Maison,94,4,273,2022
450000,78120,RAMBOUILLET,78,Maison,87,4,974,2022
450000,78120,RAMBOUILLET,78,Maison,87,4,500,2022
337600,78390,BOIS D ARCY,78,Maison,74,4,78,2022
683650,78400,CHATOU,78,Maison,105,4,195,2022
545000,78370,PLAISIR,78,Maison,119,5,315,2022
525000,78990,ELANCOURT,78,Maison,145,5,564,2022
241000,78840,FRENEUSE,78,Maison,98,4,586,2022
180000,78520,SAINT-MARTIN-LA-GARENNE,78,Maison,64,3,442,2022
180000,78520,SAINT-MARTIN-LA-GARENNE,78,Maison,64,3,500,2022
670000,78360,MONTESSON,78,Maison,70,4,190,2022
383000,78310,MAUREPAS,78,Maison,115,5,363,2022
1038000,78000,VERSAILLES,78,Dépendance,0,0,599,2022
1038000,78000,VERSAILLES,78,Maison,90,4,599,2022
1038000,78000,VERSAILLES,78,Maison,116,6,599,2022
366750,78330,FONTENAY LE FLEURY,78,Maison,85,6,241,2022
84000,78270,LIMETZ-VILLEZ,78,Maison,88,5,560,2022
84000,78270,LIMETZ-VILLEZ,78,Maison,88,5,500,2022
369000,78111,DAMMARTIN EN SERVE,78,Dépendance,0,0,660,2022
369000,78111,DAMMARTIN EN SERVE,78,Maison,164,5,660,2022
510000,78500,SARTROUVILLE,78,Maison,90,4,542,2022
338200,78840,MOISSON,78,Maison,133,6,420,2022
338200,78840,MOISSON,78,Maison,133,6,852,2022
197200,78270,MERICOURT,78,Maison,70,4,170,2022
551570,78990,ELANCOURT,78,Maison,98,5,34,2022
285000,78520,LIMAY,78,Maison,72,3,444,2022
350000,78340,CLAYES-SOUS-BOIS (LES),78,Maison,50,3,377,2022
263450,78450,VILLEPREUX,78,Maison,80,5,42,2022
415000,78990,ELANCOURT,78,Maison,115,5,395,2022
462620,78760,JOUARS-PONTCHARTRAIN,78,Maison,90,4,420,2022
358400,78580,MAULE,78,Dépendance,0,0,406,2022
358400,78580,MAULE,78,Maison,120,4,406,2022
323350,78940,QUEUE-LES-YVELINES (LA),78,Maison,106,5,131,2022
323350,78940,QUEUE-LES-YVELINES (LA),78,Dépendance,0,0,13,2022
323350,78940,QUEUE-LES-YVELINES (LA),78,Dépendance,0,0,10,2022
2127270,78600,MAISONS-LAFFITTE,78,Dépendance,0,0,600,2022
2127270,78600,MAISONS-LAFFITTE,78,Dépendance,0,0,1209,2022
2127270,78600,MAISONS-LAFFITTE,78,Maison,220,8,600,2022
2127270,78600,MAISONS-LAFFITTE,78,Maison,220,8,1209,2022
500100,78270,LIMETZ-VILLEZ,78,Maison,160,8,755,2022
500100,78270,LIMETZ-VILLEZ,78,Dépendance,0,0,755,2022
250000,78250,TESSANCOURT-SUR-AUBETTE,78,Maison,67,3,1114,2022
485200,78440,LAINVILLE-EN-VEXIN,78,Maison,157,5,1024,2022
485200,78440,LAINVILLE-EN-VEXIN,78,Maison,162,6,5060,2022
485200,78440,LAINVILLE-EN-VEXIN,78,Local industriel. commercial ou assimilé,124,0,5060,2022
485200,78440,LAINVILLE-EN-VEXIN,78,Dépendance,0,0,5060,2022
485200,78440,LAINVILLE-EN-VEXIN,78,Maison,162,6,500,2022
485200,78440,LAINVILLE-EN-VEXIN,78,Local industriel. commercial ou assimilé,124,0,500,2022
485200,78440,LAINVILLE-EN-VEXIN,78,Dépendance,0,0,500,2022
317000,78310,MAUREPAS,78,Dépendance,0,0,161,2022
317000,78310,MAUREPAS,78,Maison,103,5,161,2022
131600,78440,GUITRANCOURT,78,Dépendance,0,0,1070,2022
131600,78440,GUITRANCOURT,78,Dépendance,0,0,260,2022
131600,78440,GUITRANCOURT,78,Maison,101,5,1070,2022
131600,78440,GUITRANCOURT,78,Maison,101,5,260,2022
345000,78190,TRAPPES,78,Maison,88,4,253,2022
210000,78500,SARTROUVILLE,78,Maison,40,2,403,2022
789000,78125,ORCEMONT,78,Dépendance,0,0,397,2022
789000,78125,ORCEMONT,78,Maison,170,5,397,2022
124160,78650,BEYNES,78,Maison,90,4,352,2022
242500,78500,SARTROUVILLE,78,Maison,39,2,78,2022
242500,78500,SARTROUVILLE,78,Dépendance,0,0,78,2022
250900,78440,GARGENVILLE,78,Maison,62,4,488,2022
200000,78200,BUCHELAY,78,Maison,69,4,836,2022
200000,78200,BUCHELAY,78,Maison,69,4,100,2022
1579177,78113,HAUTEVILLE (LA),78,Dépendance,0,0,2000,2022
1579177,78113,HAUTEVILLE (LA),78,Maison,150,7,4102,2022
1579177,78113,HAUTEVILLE (LA),78,Dépendance,0,0,4102,2022
1579177,78113,HAUTEVILLE (LA),78,Maison,150,7,2000,2022
650933,78580,MAULE,78,Maison,117,5,530,2022
650933,78580,MAULE,78,Maison,117,5,500,2022
866330,78400,CHATOU,78,Maison,79,4,500,2022
150000,78250,MEZY-SUR-SEINE,78,Appartement,29,1,349,2022
150000,78250,MEZY-SUR-SEINE,78,Appartement,56,3,349,2022
150000,78250,MEZY-SUR-SEINE,78,Appartement,24,2,349,2022
150000,78250,MEZY-SUR-SEINE,78,Appartement,50,2,349,2022
692760,78460,CHEVREUSE,78,Maison,201,8,712,2022
400000,78680,EPONE,78,Dépendance,0,0,413,2022
400000,78680,EPONE,78,Maison,160,7,413,2022
333003,78660,SAINT-MARTIN-DE-BRETHENCOURT,78,Dépendance,0,0,483,2022
333003,78660,SAINT-MARTIN-DE-BRETHENCOURT,78,Maison,93,4,483,2022
480000,78940,QUEUE-LES-YVELINES (LA),78,Maison,96,3,602,2022
390238,78650,BEYNES,78,Maison,120,6,570,2022
110000,78520,FOLLAINVILLE-DENNEMONT,78,Maison,92,3,784,2022
110000,78520,FOLLAINVILLE-DENNEMONT,78,Maison,32,1,784,2022
419000,78910,CIVRY-LA-FORET,78,Maison,106,5,171,2022
419000,78910,CIVRY-LA-FORET,78,Maison,106,5,500,2022
5265291,78490,MESNULS (LES),78,Maison,150,5,39080,2022
5265291,78490,MESNULS (LES),78,Local industriel. commercial ou assimilé,4900,0,4410,2022
5265291,78490,MESNULS (LES),78,Maison,150,5,4410,2022
5265291,78490,MESNULS (LES),78,Local industriel. commercial ou assimilé,4900,0,39080,2022
285000,78660,PRUNAY-EN-YVELINES,78,Maison,92,3,500,2022
285000,78660,PRUNAY-EN-YVELINES,78,Maison,92,3,706,2022
680000,78240,CHAMBOURCY,78,Maison,120,5,601,2022
680000,78240,CHAMBOURCY,78,Dépendance,0,0,601,2022
699000,78210,SAINT-CYR-L ECOLE,78,Maison,32,2,329,2022
699000,78210,SAINT-CYR-L ECOLE,78,Dépendance,0,0,329,2022
699000,78210,SAINT-CYR-L ECOLE,78,Maison,83,4,329,2022
672750,78170,CELLE-SAINT-CLOUD (LA),78,Maison,134,5,381,2022
425000,78630,ORGEVAL,78,Maison,129,6,326,2022
264500,78710,ROSNY-SUR-SEINE,78,Maison,88,5,507,2022
116000,78930,BOINVILLE-EN-MANTOIS,78,Dépendance,0,0,219,2022
116000,78930,BOINVILLE-EN-MANTOIS,78,Appartement,60,3,219,2022
425000,78720,CERNAY-LA-VILLE,78,Maison,136,7,387,2022
318400,78310,COIGNIERES,78,Maison,90,4,204,2022
168000,78711,MANTES-LA-VILLE,78,Maison,50,3,214,2022
168000,78711,MANTES-LA-VILLE,78,Dépendance,0,0,214,2022
300000,78310,MAUREPAS,78,Maison,105,4,126,2022
240000,78930,GUERVILLE,78,Maison,82,4,510,2022
240000,78930,GUERVILLE,78,Dépendance,0,0,510,2022
240000,78930,GUERVILLE,78,Maison,82,4,674,2022
240000,78930,GUERVILLE,78,Dépendance,0,0,674,2022
254000,78200,MAGNANVILLE,78,Maison,92,5,262,2022
525000,78290,CROISSY SUR SEINE,78,Local industriel. commercial ou assimilé,68,0,53,2022
525000,78290,CROISSY SUR SEINE,78,Appartement,53,3,53,2022
495000,78700,CONFLANS SAINTE HONORINE,78,Maison,36,2,279,2022
495000,78700,CONFLANS SAINTE HONORINE,78,Maison,56,3,279,2022
395000,78970,MEZIERES-SUR-SEINE,78,Maison,106,4,109,2022
395000,78970,MEZIERES-SUR-SEINE,78,Maison,106,4,500,2022
417880,78510,TRIEL SUR SEINE,78,Maison,95,5,110,2022
417880,78510,TRIEL SUR SEINE,78,Maison,95,5,631,2022
350000,78660,ABLIS,78,Maison,125,6,701,2022
506000,78510,TRIEL SUR SEINE,78,Maison,171,6,350,2022
425000,78660,PRUNAY-EN-YVELINES,78,Maison,120,5,245,2022
357000,78700,CONFLANS SAINTE HONORINE,78,Maison,71,4,501,2022
820000,78670,VILLENNES-SUR-SEINE,78,Maison,109,3,500,2022
820000,78670,VILLENNES-SUR-SEINE,78,Maison,109,3,168,2022
160000,78300,POISSY,78,Maison,55,2,102,2022
160000,78300,POISSY,78,Local industriel. commercial ou assimilé,51,0,102,2022
416550,78955,CARRIERES SOUS POISSY,78,Maison,135,6,390,2022
360100,78260,ACHERES,78,Maison,91,5,245,2022
418000,78570,ANDRESY,78,Maison,124,6,341,2022
460000,78810,FEUCHEROLLES,78,Maison,138,6,220,2022
499000,78740,VAUX-SUR-SEINE,78,Maison,13,1,598,2022
499000,78740,VAUX-SUR-SEINE,78,Maison,87,3,598,2022
1500000,78820,JUZIERS,78,Local industriel. commercial ou assimilé,3290,0,6522,2022
2939820,78400,CHATOU,78,Maison,216,8,500,2022
2939820,78400,CHATOU,78,Maison,216,8,641,2022
2939820,78400,CHATOU,78,Maison,85,3,156,2022
2939820,78400,CHATOU,78,Maison,45,2,156,2022
415000,78310,MAUREPAS,78,Maison,120,5,288,2022
447000,78390,BOIS D ARCY,78,Maison,114,5,472,2022
649400,78180,MONTIGNY LE BRETONNEUX,78,Dépendance,0,0,525,2022
649400,78180,MONTIGNY LE BRETONNEUX,78,Maison,104,6,525,2022
400000,78280,GUYANCOURT,78,Maison,88,5,240,2022
450000,78250,MEZY-SUR-SEINE,78,Maison,175,6,6131,2022
450000,78250,MEZY-SUR-SEINE,78,Maison,175,6,1107,2022
450000,78250,MEZY-SUR-SEINE,78,Maison,175,6,1889,2022
450000,78250,MEZY-SUR-SEINE,78,Maison,175,6,1113,2022
668000,78250,HARDRICOURT,78,Maison,173,6,500,2022
668000,78250,HARDRICOURT,78,Dépendance,0,0,982,2022
668000,78250,HARDRICOURT,78,Maison,173,6,982,2022
668000,78250,HARDRICOURT,78,Dépendance,0,0,500,2022
668000,78250,HARDRICOURT,78,Maison,39,2,36,2022
318000,78410,BOUAFLE,78,Maison,116,5,74,2022
215000,78130,MUREAUX (LES),78,Maison,69,3,182,2022
425000,78310,MAUREPAS,78,Maison,116,4,239,2022
238000,78250,MEZY-SUR-SEINE,78,Dépendance,0,0,109,2022
238000,78250,MEZY-SUR-SEINE,78,Maison,70,3,109,2022
558430,78740,VAUX-SUR-SEINE,78,Maison,94,4,500,2022
558430,78740,VAUX-SUR-SEINE,78,Maison,94,4,1522,2022
459000,78720,CERNAY-LA-VILLE,78,Maison,139,6,585,2022
488650,78460,CHEVREUSE,78,Maison,130,5,452,2022
5200000,78200,BUCHELAY,78,Local industriel. commercial ou assimilé,4691,0,11332,2022
1183000,78290,CROISSY SUR SEINE,78,Local industriel. commercial ou assimilé,37,0,880,2022
1183000,78290,CROISSY SUR SEINE,78,Maison,106,7,880,2022
1183000,78290,CROISSY SUR SEINE,78,Dépendance,0,0,880,2022
936500,78470,SAINT-REMY-LES-CHEVREUSE,78,Dépendance,0,0,989,2022
936500,78470,SAINT-REMY-LES-CHEVREUSE,78,Maison,206,6,989,2022
260000,78550,BAZAINVILLE,78,Maison,63,3,228,2022
565505,78700,CONFLANS SAINTE HONORINE,78,Maison,112,6,740,2022
565505,78700,CONFLANS SAINTE HONORINE,78,Dépendance,0,0,740,2022
330000,78121,CRESPIERES,78,Maison,179,5,500,2022
330000,78121,CRESPIERES,78,Maison,179,5,1000,2022
330000,78121,CRESPIERES,78,Maison,114,3,1000,2022
330000,78121,CRESPIERES,78,Dépendance,0,0,1000,2022
330000,78121,CRESPIERES,78,Maison,114,3,500,2022
330000,78121,CRESPIERES,78,Dépendance,0,0,500,2022
658600,78125,POIGNY-LA-FORET,78,Maison,135,5,500,2022
658600,78125,POIGNY-LA-FORET,78,Dépendance,0,0,500,2022
658600,78125,POIGNY-LA-FORET,78,Maison,135,5,1818,2022
658600,78125,POIGNY-LA-FORET,78,Dépendance,0,0,1818,2022
588650,78550,RICHEBOURG,78,Dépendance,0,0,520,2022
588650,78550,RICHEBOURG,78,Maison,228,7,500,2022
588650,78550,RICHEBOURG,78,Dépendance,0,0,500,2022
588650,78550,RICHEBOURG,78,Maison,228,7,520,2022
470000,78290,CROISSY SUR SEINE,78,Appartement,22,1,64,2022
470000,78290,CROISSY SUR SEINE,78,Dépendance,0,0,64,2022
470000,78290,CROISSY SUR SEINE,78,Appartement,80,4,64,2022
281800,78125,ORCEMONT,78,Maison,94,5,212,2022
400800,78990,ELANCOURT,78,Maison,121,6,404,2022
325000,78240,CHAMBOURCY,78,Appartement,44,2,261,2022
325000,78240,CHAMBOURCY,78,Appartement,30,1,261,2022
325000,78240,CHAMBOURCY,78,Dépendance,0,0,261,2022
325000,78240,CHAMBOURCY,78,Appartement,40,2,261,2022
325000,78240,CHAMBOURCY,78,Appartement,43,2,261,2022
325000,78240,CHAMBOURCY,78,Appartement,54,2,261,2022
899300,78112,SAINT-GERMAIN-EN-LAYE,78,Maison,122,4,98,2022
717650,78610,BREVIAIRES (LES),78,Dépendance,0,0,500,2022
717650,78610,BREVIAIRES (LES),78,Dépendance,0,0,6730,2022
717650,78610,BREVIAIRES (LES),78,Maison,200,6,6730,2022
717650,78610,BREVIAIRES (LES),78,Maison,200,6,500,2022
400000,78124,MAREIL-SUR-MAULDRE,78,Dépendance,0,0,500,2022
400000,78124,MAREIL-SUR-MAULDRE,78,Maison,161,10,1226,2022
400000,78124,MAREIL-SUR-MAULDRE,78,Dépendance,0,0,1226,2022
400000,78124,MAREIL-SUR-MAULDRE,78,Maison,161,10,500,2022
400000,78124,MAREIL-SUR-MAULDRE,78,Dépendance,0,0,1000,2022
400000,78124,MAREIL-SUR-MAULDRE,78,Maison,161,10,1000,2022
140000,78113,GRANDCHAMP,78,Dépendance,0,0,1110,2022
140000,78113,GRANDCHAMP,78,Maison,121,5,500,2022
140000,78113,GRANDCHAMP,78,Maison,121,5,1110,2022
140000,78113,GRANDCHAMP,78,Dépendance,0,0,500,2022
499755,78124,MAREIL-SUR-MAULDRE,78,Maison,140,5,690,2022
273253,78310,COIGNIERES,78,Maison,62,3,119,2022
1365584,78290,CROISSY SUR SEINE,78,Dépendance,0,0,97,2022
1365584,78290,CROISSY SUR SEINE,78,Maison,167,7,97,2022
450585,78690,ESSARTS-LE-ROI (LES),78,Maison,112,5,463,2022
1730000,78100,SAINT-GERMAIN-EN-LAYE,78,Maison,266,7,722,2022
786400,78750,MAREIL-MARLY,78,Maison,101,4,395,2022
220000,78730,SAINT-ARNOULT-EN-YVELINES,78,Maison,128,4,52,2022
677600,78350,LOGES-EN-JOSAS (LES),78,Maison,120,5,346,2022
325000,78130,CHAPET,78,Maison,104,4,108,2022
325000,78130,CHAPET,78,Dépendance,0,0,108,2022
325000,78130,CHAPET,78,Maison,48,3,108,2022
380000,78180,MONTIGNY LE BRETONNEUX,78,Dépendance,0,0,119,2022
380000,78180,MONTIGNY LE BRETONNEUX,78,Maison,109,5,119,2022
807500,78500,SARTROUVILLE,78,Maison,160,8,532,2022
632751,78260,ACHERES,78,Maison,159,4,439,2022
632751,78260,ACHERES,78,Dépendance,0,0,439,2022
394700,78730,SAINT-ARNOULT-EN-YVELINES,78,Maison,172,6,825,2022
1203000,78360,MONTESSON,78,Maison,154,4,470,2022
885000,78860,SAINT-NOM-LA-BRETECHE,78,Maison,184,6,629,2022
538000,78800,HOUILLES,78,Maison,27,6,401,2022
360000,78500,SARTROUVILLE,78,Maison,112,3,400,2022
390000,78740,VAUX-SUR-SEINE,78,Maison,104,6,500,2022
390000,78740,VAUX-SUR-SEINE,78,Maison,104,6,1104,2022
2117000,78600,MAISONS-LAFFITTE,78,Dépendance,0,0,1380,2022
2117000,78600,MAISONS-LAFFITTE,78,Maison,380,11,1380,2022
232800,78130,MUREAUX (LES),78,Dépendance,0,0,132,2022
232800,78130,MUREAUX (LES),78,Maison,80,3,132,2022
342857,78540,VERNOUILLET,78,Dépendance,0,0,518,2022
342857,78540,VERNOUILLET,78,Maison,66,5,518,2022
1049000,78140,VELIZY VILLACOUBLAY,78,Maison,150,6,282,2022
368100,78820,JUZIERS,78,Maison,108,5,288,2022
876555,78350,JOUY EN JOSAS,78,Maison,57,2,418,2022
876555,78350,JOUY EN JOSAS,78,Dépendance,0,0,418,2022
272000,78580,MAULE,78,Maison,92,4,921,2022
392000,78930,VERT,78,Maison,98,4,594,2022
344500,78130,MUREAUX (LES),78,Maison,103,4,937,2022
385105,78170,CELLE-SAINT-CLOUD (LA),78,Maison,41,4,43,2022
248000,78200,MAGNANVILLE,78,Maison,79,4,165,2022
419000,78320,MESNIL-SAINT-DENIS (LE),78,Maison,105,5,314,2022
212000,78910,ORVILLIERS,78,Maison,105,4,109,2022
212000,78910,ORVILLIERS,78,Dépendance,0,0,109,2022
177000,78440,ISSOU,78,Dépendance,0,0,429,2022
177000,78440,ISSOU,78,Maison,69,4,429,2022
316000,78570,CHANTELOUP-LES-VIGNES,78,Maison,82,4,345,2022
392000,78640,NEAUPHLE-LE-CHATEAU,78,Maison,96,2,266,2022
870000,78230,PECQ (LE),78,Maison,170,7,516,2022
696800,78600,MAISONS-LAFFITTE,78,Maison,34,2,283,2022
696800,78600,MAISONS-LAFFITTE,78,Maison,70,4,283,2022
210000,78740,VAUX-SUR-SEINE,78,Maison,70,4,405,2022
408000,78711,MANTES-LA-VILLE,78,Maison,98,3,482,2022
408000,78711,MANTES-LA-VILLE,78,Maison,98,3,500,2022
281500,78200,MAGNANVILLE,78,Maison,80,3,540,2022
275500,78800,HOUILLES,78,Maison,38,2,240,2022
275500,78800,HOUILLES,78,Dépendance,0,0,240,2022
453300,78500,SARTROUVILLE,78,Maison,60,3,419,2022
317000,78500,SARTROUVILLE,78,Dépendance,0,0,857,2022
317000,78500,SARTROUVILLE,78,Maison,44,2,857,2022
635043,78540,VERNOUILLET,78,Maison,107,5,805,2022
405000,78700,CONFLANS SAINTE HONORINE,78,Maison,66,4,691,2022
405000,78700,CONFLANS SAINTE HONORINE,78,Maison,66,4,81,2022
1225500,78290,CROISSY SUR SEINE,78,Maison,185,7,800,2022
234000,78440,GARGENVILLE,78,Maison,85,3,519,2022
655945,78700,CONFLANS SAINTE HONORINE,78,Maison,54,2,263,2022
655945,78700,CONFLANS SAINTE HONORINE,78,Maison,131,5,198,2022
373252,78700,CONFLANS SAINTE HONORINE,78,Maison,80,3,206,2022
303948,78200,MANTES-LA-JOLIE,78,Maison,92,5,279,2022
234000,78270,LIMETZ-VILLEZ,78,Maison,90,5,523,2022
195250,78200,MAGNANVILLE,78,Dépendance,0,0,260,2022
195250,78200,MAGNANVILLE,78,Maison,80,4,260,2022
210000,78300,POISSY,78,Maison,70,4,486,2022
526000,78510,TRIEL SUR SEINE,78,Appartement,26,1,220,2022
526000,78510,TRIEL SUR SEINE,78,Appartement,26,2,220,2022
1122800,78400,CHATOU,78,Dépendance,0,0,491,2022
1122800,78400,CHATOU,78,Maison,93,4,491,2022
253000,78130,MUREAUX (LES),78,Maison,120,5,297,2022
160000,78980,LONGNES,78,Dépendance,0,0,653,2022
160000,78980,LONGNES,78,Maison,35,2,45,2022
160000,78980,LONGNES,78,Maison,35,2,653,2022
160000,78980,LONGNES,78,Dépendance,0,0,45,2022
330000,78840,FRENEUSE,78,Appartement,98,4,1800,2022
330000,78840,FRENEUSE,78,Local industriel. commercial ou assimilé,252,0,1800,2022
330000,78840,FRENEUSE,78,Dépendance,0,0,1800,2022
160000,78980,LONGNES,78,Maison,230,7,1635,2022
160000,78980,LONGNES,78,Dépendance,0,0,500,2022
160000,78980,LONGNES,78,Dépendance,0,0,1635,2022
160000,78980,LONGNES,78,Maison,230,7,500,2022
300000,78310,COIGNIERES,78,Maison,77,4,347,2022
772500,78360,MONTESSON,78,Maison,135,5,486,2022
230000,78270,BENNECOURT,78,Maison,95,3,139,2022
230000,78270,BENNECOURT,78,Maison,95,3,500,2022
393300,78770,VILLIERS-LE-MAHIEU,78,Maison,80,3,1052,2022
470000,78800,HOUILLES,78,Maison,60,2,260,2022
299000,78980,SAINT-ILLIERS-LE-BOIS,78,Maison,114,4,131,2022
299000,78980,SAINT-ILLIERS-LE-BOIS,78,Maison,114,4,1627,2022
265750,78820,JUZIERS,78,Local industriel. commercial ou assimilé,10,0,155,2022
265750,78820,JUZIERS,78,Maison,85,5,155,2022
263000,78200,MAGNANVILLE,78,Dépendance,0,0,405,2022
263000,78200,MAGNANVILLE,78,Maison,93,5,405,2022
315000,78440,ISSOU,78,Maison,89,4,444,2022
635000,78117,TOUSSUS-LE-NOBLE,78,Maison,126,6,380,2022
310000,78660,ABLIS,78,Maison,209,7,437,2022
675000,78250,HARDRICOURT,78,Dépendance,0,0,2000,2022
675000,78250,HARDRICOURT,78,Maison,175,6,2000,2022
630000,78870,BAILLY,78,Maison,147,5,314,2022
275000,78410,BOUAFLE,78,Maison,68,4,682,2022
356000,78480,VERNEUIL SUR SEINE,78,Maison,57,3,540,2022
356000,78480,VERNEUIL SUR SEINE,78,Dépendance,0,0,540,2022
330000,78610,PERRAY-EN-YVELINES (LE),78,Maison,77,4,146,2022
330000,78610,PERRAY-EN-YVELINES (LE),78,Dépendance,0,0,146,2022
435000,78440,BRUEIL-EN-VEXIN,78,Maison,135,4,647,2022
435000,78440,BRUEIL-EN-VEXIN,78,Dépendance,0,0,647,2022
735000,78140,VELIZY VILLACOUBLAY,78,Maison,90,4,324,2022
912000,78570,ANDRESY,78,Maison,450,13,1559,2022
912000,78570,ANDRESY,78,Dépendance,0,0,1559,2022
912000,78570,ANDRESY,78,Local industriel. commercial ou assimilé,200,0,1559,2022
912000,78570,ANDRESY,78,Maison,450,13,1000,2022
912000,78570,ANDRESY,78,Dépendance,0,0,1000,2022
912000,78570,ANDRESY,78,Local industriel. commercial ou assimilé,200,0,1000,2022
372000,78700,CONFLANS SAINTE HONORINE,78,Maison,66,4,618,2022
584500,78955,CARRIERES SOUS POISSY,78,Maison,128,6,661,2022
439900,78120,RAMBOUILLET,78,Maison,104,5,494,2022
573100,78120,RAMBOUILLET,78,Maison,151,7,813,2022
286000,78711,MANTES-LA-VILLE,78,Maison,100,5,462,2022
292000,78250,OINVILLE-SUR-MONTCIENT,78,Maison,80,4,185,2022
1307000,78290,CROISSY SUR SEINE,78,Maison,181,7,847,2022
320000,78440,LAINVILLE-EN-VEXIN,78,Maison,98,5,565,2022
235000,78711,MANTES-LA-VILLE,78,Maison,75,4,226,2022
443480,78610,SAINT-LEGER-EN-YVELINES,78,Maison,120,6,240,2022
443480,78610,SAINT-LEGER-EN-YVELINES,78,Maison,120,6,500,2022
390000,78820,JUZIERS,78,Maison,118,4,500,2022
390000,78820,JUZIERS,78,Maison,118,4,1323,2022
105000,78790,MONTCHAUVET,78,Maison,60,2,1415,2022
590800,78120,RAMBOUILLET,78,Maison,140,5,803,2022
721800,78320,LEVIS-SAINT-NOM,78,Maison,97,4,749,2022
721800,78320,LEVIS-SAINT-NOM,78,Maison,97,4,500,2022
298000,78200,MAGNANVILLE,78,Maison,119,6,564,2022
268900,78420,CARRIERES SUR SEINE,78,Dépendance,0,0,340,2022
268900,78420,CARRIERES SUR SEINE,78,Maison,53,3,340,2022
395000,78200,BUCHELAY,78,Maison,135,6,700,2022
540780,78760,JOUARS-PONTCHARTRAIN,78,Dépendance,0,0,522,2022
540780,78760,JOUARS-PONTCHARTRAIN,78,Maison,86,5,522,2022
325358,78690,ESSARTS-LE-ROI (LES),78,Maison,126,6,683,2022
221400,78711,MANTES-LA-VILLE,78,Maison,76,5,276,2022
328000,78450,VILLEPREUX,78,Maison,89,4,104,2022
295700,78310,MAUREPAS,78,Maison,85,4,95,2022
250000,78930,BREUIL-BOIS-ROBERT,78,Maison,24,1,1460,2022
250000,78930,BREUIL-BOIS-ROBERT,78,Maison,85,5,1460,2022
250000,78930,BREUIL-BOIS-ROBERT,78,Dépendance,0,0,1460,2022
165000,78250,HARDRICOURT,78,Dépendance,0,0,6772,2022
165000,78250,HARDRICOURT,78,Maison,55,3,6772,2022
165000,78250,HARDRICOURT,78,Maison,180,9,500,2022
165000,78250,HARDRICOURT,78,Dépendance,0,0,500,2022
165000,78250,HARDRICOURT,78,Maison,180,9,6772,2022
165000,78250,HARDRICOURT,78,Maison,55,3,500,2022
238000,78440,BRUEIL-EN-VEXIN,78,Dépendance,0,0,94,2022
238000,78440,BRUEIL-EN-VEXIN,78,Maison,94,4,94,2022
357000,78770,VILLIERS-LE-MAHIEU,78,Maison,95,3,445,2022
541000,78450,VILLEPREUX,78,Maison,101,5,286,2022
565000,78330,FONTENAY LE FLEURY,78,Maison,147,6,394,2022
268200,78470,SAINT-REMY-LES-CHEVREUSE,78,Dépendance,0,0,208,2022
268200,78470,SAINT-REMY-LES-CHEVREUSE,78,Maison,52,3,208,2022
621400,78360,MONTESSON,78,Appartement,59,3,344,2022
621400,78360,MONTESSON,78,Local industriel. commercial ou assimilé,120,0,344,2022
503000,78320,MESNIL-SAINT-DENIS (LE),78,Maison,133,5,798,2022
298000,78980,LONGNES,78,Maison,87,5,376,2022
297000,78200,BUCHELAY,78,Maison,83,4,382,2022
212000,78710,ROSNY-SUR-SEINE,78,Maison,73,4,430,2022
935000,78450,VILLEPREUX,78,Maison,166,6,826,2022
935000,78450,VILLEPREUX,78,Maison,166,6,500,2022
897750,78230,PECQ (LE),78,Maison,142,8,425,2022
362500,78250,MEULAN-EN-YVELINES,78,Dépendance,0,0,95,2022
362500,78250,MEULAN-EN-YVELINES,78,Maison,112,6,95,2022
835400,78180,MONTIGNY LE BRETONNEUX,78,Maison,165,8,500,2022
95000,78660,ABLIS,78,Dépendance,0,0,64,2022
140000,78410,FLINS-SUR-SEINE,78,Maison,102,5,737,2022
612500,78490,GROSROUVRE,78,Maison,140,5,91,2022
535000,78280,GUYANCOURT,78,Maison,118,5,295,2022
396000,78190,TRAPPES,78,Maison,80,5,628,2022
396000,78190,TRAPPES,78,Dépendance,0,0,628,2022
264226,78760,JOUARS-PONTCHARTRAIN,78,Maison,67,3,204,2022
442910,78420,CARRIERES SUR SEINE,78,Dépendance,0,0,346,2022
442910,78420,CARRIERES SUR SEINE,78,Maison,40,2,346,2022
361000,78740,VAUX-SUR-SEINE,78,Maison,140,4,736,2022
361000,78740,VAUX-SUR-SEINE,78,Dépendance,0,0,736,2022
361000,78740,VAUX-SUR-SEINE,78,Maison,140,4,300,2022
361000,78740,VAUX-SUR-SEINE,78,Dépendance,0,0,300,2022
520000,78320,MESNIL-SAINT-DENIS (LE),78,Maison,140,6,734,2022
565000,78000,VERSAILLES,78,Dépendance,0,0,192,2022
565000,78000,VERSAILLES,78,Maison,75,4,192,2022
485000,78540,VERNOUILLET,78,Maison,104,4,500,2022
340000,78490,MERE,78,Local industriel. commercial ou assimilé,385,0,196,2022
340000,78490,MERE,78,Local industriel. commercial ou assimilé,109,0,196,2022
1402400,78350,JOUY EN JOSAS,78,Maison,149,5,500,2022
1402400,78350,JOUY EN JOSAS,78,Maison,149,5,850,2022
557800,78480,VERNEUIL SUR SEINE,78,Maison,155,6,458,2022
531000,78510,TRIEL SUR SEINE,78,Maison,92,5,290,2022
420000,78700,CONFLANS SAINTE HONORINE,78,Dépendance,0,0,470,2022
420000,78700,CONFLANS SAINTE HONORINE,78,Maison,107,5,470,2022
691240,78300,POISSY,78,Maison,120,5,322,2022
691240,78300,POISSY,78,Dépendance,0,0,322,2022
750000,78620,ETANG-LA-VILLE (L ),78,Maison,105,5,303,2022
750000,78620,ETANG-LA-VILLE (L ),78,Dépendance,0,0,303,2022
530331,78690,ESSARTS-LE-ROI (LES),78,Dépendance,0,0,864,2022
530331,78690,ESSARTS-LE-ROI (LES),78,Maison,125,6,864,2022
530331,78690,ESSARTS-LE-ROI (LES),78,Maison,125,6,500,2022
530331,78690,ESSARTS-LE-ROI (LES),78,Dépendance,0,0,500,2022
850000,78500,SARTROUVILLE,78,Dépendance,0,0,360,2022
850000,78500,SARTROUVILLE,78,Maison,120,4,360,2022
850000,78500,SARTROUVILLE,78,Maison,20,1,360,2022
235000,78700,CONFLANS SAINTE HONORINE,78,Maison,60,4,199,2022
1950000,78950,GAMBAIS,78,Appartement,45,2,2000,2022
1950000,78950,GAMBAIS,78,Local industriel. commercial ou assimilé,83,0,47254,2022
1950000,78950,GAMBAIS,78,Appartement,45,2,47254,2022
1950000,78950,GAMBAIS,78,Local industriel. commercial ou assimilé,83,0,2000,2022
1950000,78950,GAMBAIS,78,Maison,75,3,2000,2022
1950000,78950,GAMBAIS,78,Appartement,30,1,47254,2022
1950000,78950,GAMBAIS,78,Appartement,30,1,2000,2022
1950000,78950,GAMBAIS,78,Maison,75,3,47254,2022
521500,78540,VERNOUILLET,78,Maison,135,6,332,2022
520000,78125,ORPHIN,78,Maison,150,6,500,2022
520000,78125,ORPHIN,78,Maison,150,6,3590,2022
250000,78700,CONFLANS SAINTE HONORINE,78,Maison,50,2,420,2022
7181440,78100,SAINT-GERMAIN-EN-LAYE,78,Local industriel. commercial ou assimilé,140,0,635,2022
7181440,78100,SAINT-GERMAIN-EN-LAYE,78,Local industriel. commercial ou assimilé,532,0,1937,2022
7181440,78100,SAINT-GERMAIN-EN-LAYE,78,Local industriel. commercial ou assimilé,70,0,1937,2022
7181440,78100,SAINT-GERMAIN-EN-LAYE,78,Local industriel. commercial ou assimilé,21,0,1937,2022
7181440,78100,SAINT-GERMAIN-EN-LAYE,78,Local industriel. commercial ou assimilé,82,0,1937,2022
7181440,78100,SAINT-GERMAIN-EN-LAYE,78,Local industriel. commercial ou assimilé,56,0,1937,2022
7181440,78100,SAINT-GERMAIN-EN-LAYE,78,Local industriel. commercial ou assimilé,30,0,1937,2022
7181440,78100,SAINT-GERMAIN-EN-LAYE,78,Local industriel. commercial ou assimilé,140,0,1937,2022
7181440,78100,SAINT-GERMAIN-EN-LAYE,78,Local industriel. commercial ou assimilé,25,0,1937,2022
7181440,78100,SAINT-GERMAIN-EN-LAYE,78,Local industriel. commercial ou assimilé,50,0,1937,2022
7181440,78100,SAINT-GERMAIN-EN-LAYE,78,Local industriel. commercial ou assimilé,160,0,1937,2022
7181440,78100,SAINT-GERMAIN-EN-LAYE,78,Local industriel. commercial ou assimilé,532,0,635,2022
7181440,78100,SAINT-GERMAIN-EN-LAYE,78,Local industriel. commercial ou assimilé,70,0,635,2022
7181440,78100,SAINT-GERMAIN-EN-LAYE,78,Local industriel. commercial ou assimilé,21,0,635,2022
7181440,78100,SAINT-GERMAIN-EN-LAYE,78,Local industriel. commercial ou assimilé,82,0,635,2022
7181440,78100,SAINT-GERMAIN-EN-LAYE,78,Local industriel. commercial ou assimilé,56,0,635,2022
7181440,78100,SAINT-GERMAIN-EN-LAYE,78,Local industriel. commercial ou assimilé,30,0,635,2022
7181440,78100,SAINT-GERMAIN-EN-LAYE,78,Local industriel. commercial ou assimilé,25,0,635,2022
7181440,78100,SAINT-GERMAIN-EN-LAYE,78,Local industriel. commercial ou assimilé,50,0,635,2022
7181440,78100,SAINT-GERMAIN-EN-LAYE,78,Local industriel. commercial ou assimilé,160,0,635,2022
334000,78120,RAMBOUILLET,78,Maison,92,4,411,2022
555000,78580,BAZEMONT,78,Maison,87,4,777,2022
457300,78480,VERNEUIL SUR SEINE,78,Maison,154,7,730,2022
397000,78800,HOUILLES,78,Maison,67,4,111,2022
730000,78420,CARRIERES SUR SEINE,78,Dépendance,0,0,328,2022
730000,78420,CARRIERES SUR SEINE,78,Maison,68,5,328,2022
313000,78700,CONFLANS SAINTE HONORINE,78,Maison,62,4,381,2022
313000,78700,CONFLANS SAINTE HONORINE,78,Dépendance,0,0,381,2022
840000,78112,SAINT-GERMAIN-EN-LAYE,78,Maison,83,3,464,2022
727500,78800,HOUILLES,78,Maison,102,4,390,2022
727500,78800,HOUILLES,78,Dépendance,0,0,390,2022
1209405,78130,MUREAUX (LES),78,Local industriel. commercial ou assimilé,963,0,3073,2022
280000,78440,FONTENAY-SAINT-PERE,78,Maison,145,5,500,2022
280000,78440,FONTENAY-SAINT-PERE,78,Maison,145,5,519,2022
280000,78440,FONTENAY-SAINT-PERE,78,Dépendance,0,0,519,2022
280000,78440,FONTENAY-SAINT-PERE,78,Dépendance,0,0,500,2022
386900,78980,LONGNES,78,Dépendance,0,0,1241,2022
386900,78980,LONGNES,78,Maison,152,7,1241,2022
125450,78800,HOUILLES,78,Maison,145,5,288,2022
1000000,78950,GAMBAIS,78,Dépendance,0,0,500,2022
1000000,78950,GAMBAIS,78,Maison,157,7,2450,2022
1000000,78950,GAMBAIS,78,Dépendance,0,0,2450,2022
1000000,78950,GAMBAIS,78,Maison,157,7,500,2022
2425000,78000,VERSAILLES,78,Maison,198,9,591,2022
2425000,78000,VERSAILLES,78,Dépendance,0,0,591,2022
301000,78610,PERRAY-EN-YVELINES (LE),78,Maison,78,4,226,2022
300000,78200,MANTES-LA-JOLIE,78,Maison,116,4,556,2022
225500,78200,MANTES-LA-JOLIE,78,Maison,86,5,270,2022
411100,78700,CONFLANS SAINTE HONORINE,78,Maison,87,5,411,2022
411100,78700,CONFLANS SAINTE HONORINE,78,Dépendance,0,0,411,2022
17900,78630,ORGEVAL,78,Maison,111,4,349,2022
17900,78630,ORGEVAL,78,Maison,70,4,80,2022
17900,78630,ORGEVAL,78,Dépendance,0,0,135,2022
17900,78630,ORGEVAL,78,Appartement,20,1,135,2022
17900,78630,ORGEVAL,78,Appartement,23,1,135,2022
270000,78540,VERNOUILLET,78,Maison,60,4,600,2022
270000,78540,VERNOUILLET,78,Dépendance,0,0,600,2022
90000,78520,LIMAY,78,Dépendance,0,0,411,2022
8600,78630,ORGEVAL,78,Maison,111,4,349,2022
8600,78630,ORGEVAL,78,Maison,70,4,80,2022
190000,78960,VOISINS-LE-BRETONNEUX,78,Dépendance,0,0,123,2022
190000,78960,VOISINS-LE-BRETONNEUX,78,Appartement,46,2,123,2022
190000,78960,VOISINS-LE-BRETONNEUX,78,Appartement,57,3,123,2022
269000,78520,LIMAY,78,Maison,101,5,224,2022
1577300,78110,VESINET (LE),78,Maison,250,9,800,2022
1577300,78110,VESINET (LE),78,Dépendance,0,0,800,2022
820558,78450,CHAVENAY,78,Maison,191,8,704,2022
820558,78450,CHAVENAY,78,Maison,191,8,200,2022
820558,78450,CHAVENAY,78,Dépendance,0,0,600,2022
820558,78450,CHAVENAY,78,Dépendance,0,0,3065,2022
820558,78450,CHAVENAY,78,Dépendance,0,0,4172,2022
245000,78200,MANTES-LA-JOLIE,78,Maison,40,2,109,2022
495280,78310,COIGNIERES,78,Maison,148,7,500,2022
495280,78310,COIGNIERES,78,Maison,148,7,583,2022
685800,78790,ARNOUVILLE-LES-MANTES,78,Dépendance,0,0,1400,2022
685800,78790,ARNOUVILLE-LES-MANTES,78,Maison,60,3,500,2022
685800,78790,ARNOUVILLE-LES-MANTES,78,Dépendance,0,0,500,2022
685800,78790,ARNOUVILLE-LES-MANTES,78,Maison,60,3,1400,2022
685800,78790,ARNOUVILLE-LES-MANTES,78,Maison,340,7,1400,2022
685800,78790,ARNOUVILLE-LES-MANTES,78,Maison,340,7,500,2022
1771143,78620,ETANG-LA-VILLE (L ),78,Maison,341,8,1139,2022
410000,78700,CONFLANS SAINTE HONORINE,78,Maison,101,4,600,2022
410000,78700,CONFLANS SAINTE HONORINE,78,Dépendance,0,0,500,2022
410000,78700,CONFLANS SAINTE HONORINE,78,Dépendance,0,0,543,2022
410000,78700,CONFLANS SAINTE HONORINE,78,Maison,128,6,500,2022
410000,78700,CONFLANS SAINTE HONORINE,78,Maison,128,6,543,2022
200000,78910,ORVILLIERS,78,Maison,65,2,208,2022
234000,78700,CONFLANS SAINTE HONORINE,78,Maison,57,4,328,2022
352000,78310,MAUREPAS,78,Maison,102,5,319,2022
1040000,78600,MAISONS-LAFFITTE,78,Maison,100,4,600,2022
1040000,78600,MAISONS-LAFFITTE,78,Maison,100,4,400,2022
1020000,78110,VESINET (LE),78,Maison,160,7,492,2022
230000,78250,HARDRICOURT,78,Maison,68,4,365,2022
426000,78700,CONFLANS SAINTE HONORINE,78,Maison,105,4,496,2022
210000,78830,BONNELLES,78,Maison,92,5,728,2022
210000,78830,BONNELLES,78,Local industriel. commercial ou assimilé,111,0,728,2022
854697,78810,FEUCHEROLLES,78,Maison,180,4,500,2022
854697,78810,FEUCHEROLLES,78,Dépendance,0,0,281,2022
854697,78810,FEUCHEROLLES,78,Maison,180,4,281,2022
854697,78810,FEUCHEROLLES,78,Local industriel. commercial ou assimilé,30,0,281,2022
854697,78810,FEUCHEROLLES,78,Dépendance,0,0,500,2022
854697,78810,FEUCHEROLLES,78,Local industriel. commercial ou assimilé,30,0,500,2022
365750,78660,ABLIS,78,Maison,140,5,500,2022
365750,78660,ABLIS,78,Dépendance,0,0,500,2022
366000,78700,CONFLANS SAINTE HONORINE,78,Maison,94,5,405,2022
366000,78700,CONFLANS SAINTE HONORINE,78,Dépendance,0,0,405,2022
460000,78700,CONFLANS SAINTE HONORINE,78,Maison,114,5,272,2022
437500,78140,VELIZY VILLACOUBLAY,78,Dépendance,0,0,385,2022
437500,78140,VELIZY VILLACOUBLAY,78,Maison,84,4,385,2022
520000,78350,JOUY EN JOSAS,78,Maison,81,4,400,2022
650000,78114,MAGNY-LES-HAMEAUX,78,Maison,150,6,577,2022
650000,78114,MAGNY-LES-HAMEAUX,78,Maison,150,6,500,2022
348150,78920,ECQUEVILLY,78,Maison,95,5,285,2022
570000,78700,CONFLANS SAINTE HONORINE,78,Maison,105,7,748,2022
570000,78700,CONFLANS SAINTE HONORINE,78,Maison,105,7,360,2022
618500,78290,CROISSY SUR SEINE,78,Maison,69,4,400,2022
448000,78440,JAMBVILLE,78,Maison,135,7,1361,2022
448000,78440,JAMBVILLE,78,Dépendance,0,0,1361,2022
448000,78440,JAMBVILLE,78,Dépendance,0,0,1000,2022
448000,78440,JAMBVILLE,78,Maison,135,7,500,2022
448000,78440,JAMBVILLE,78,Dépendance,0,0,500,2022
448000,78440,JAMBVILLE,78,Maison,135,7,2500,2022
448000,78440,JAMBVILLE,78,Dépendance,0,0,2500,2022
448000,78440,JAMBVILLE,78,Maison,135,7,1000,2022
387000,78730,PONTHEVRARD,78,Maison,130,6,500,2022
387000,78730,PONTHEVRARD,78,Maison,130,6,493,2022
342000,78570,CHANTELOUP-LES-VIGNES,78,Maison,80,4,377,2022
342000,78570,CHANTELOUP-LES-VIGNES,78,Dépendance,0,0,377,2022
382000,78770,ANDELU,78,Maison,89,5,500,2022
382000,78770,ANDELU,78,Maison,89,5,343,2022
330000,78114,MAGNY-LES-HAMEAUX,78,Maison,107,6,205,2022
532000,78114,MAGNY-LES-HAMEAUX,78,Maison,171,5,848,2022
365400,78280,GUYANCOURT,78,Maison,105,5,222,2022
273000,78310,MAUREPAS,78,Maison,80,4,92,2022
406300,78130,MUREAUX (LES),78,Dépendance,0,0,107,2022
406300,78130,MUREAUX (LES),78,Local industriel. commercial ou assimilé,105,0,107,2022
406300,78130,MUREAUX (LES),78,Appartement,51,2,107,2022
406300,78130,MUREAUX (LES),78,Appartement,35,2,107,2022
274500,78730,SAINT-ARNOULT-EN-YVELINES,78,Maison,98,4,544,2022
274500,78730,SAINT-ARNOULT-EN-YVELINES,78,Dépendance,0,0,544,2022
400000,78140,VELIZY VILLACOUBLAY,78,Maison,66,3,183,2022
418500,78820,JUZIERS,78,Dépendance,0,0,200,2022
418500,78820,JUZIERS,78,Local industriel. commercial ou assimilé,58,0,200,2022
418500,78820,JUZIERS,78,Maison,162,5,200,2022
418500,78820,JUZIERS,78,Maison,162,5,3822,2022
418500,78820,JUZIERS,78,Dépendance,0,0,3822,2022
418500,78820,JUZIERS,78,Local industriel. commercial ou assimilé,58,0,3822,2022
418500,78750,MAREIL-MARLY,78,Maison,119,4,448,2022
835000,78100,SAINT-GERMAIN-EN-LAYE,78,Appartement,44,3,292,2022
835000,78100,SAINT-GERMAIN-EN-LAYE,78,Appartement,60,3,292,2022
835000,78100,SAINT-GERMAIN-EN-LAYE,78,Dépendance,0,0,292,2022
760100,78125,POIGNY-LA-FORET,78,Maison,151,6,1975,2022
760100,78125,POIGNY-LA-FORET,78,Maison,151,6,500,2022
273900,78120,RAMBOUILLET,78,Maison,83,5,407,2022
530000,78470,SAINT-REMY-LES-CHEVREUSE,78,Maison,130,5,725,2022
1524300,78000,VERSAILLES,78,Dépendance,0,0,388,2022
1524300,78000,VERSAILLES,78,Maison,246,8,388,2022
270000,78280,GUYANCOURT,78,Maison,77,4,62,2022
838900,78630,ORGEVAL,78,Maison,180,6,673,2022
360000,78120,RAMBOUILLET,78,Maison,92,3,279,2022
360000,78120,RAMBOUILLET,78,Dépendance,0,0,20,2022
490000,78180,MONTIGNY LE BRETONNEUX,78,Maison,121,6,247,2022
545000,78500,SARTROUVILLE,78,Maison,120,5,233,2022
809670,78420,CARRIERES SUR SEINE,78,Maison,70,3,704,2022
158000,78113,BOURDONNE,78,Dépendance,0,0,30,2022
280000,78711,MANTES-LA-VILLE,78,Maison,116,7,513,2022
639760,78610,SAINT-LEGER-EN-YVELINES,78,Maison,200,5,500,2022
639760,78610,SAINT-LEGER-EN-YVELINES,78,Maison,200,5,1664,2022
514900,78950,GAMBAIS,78,Dépendance,0,0,721,2022
514900,78950,GAMBAIS,78,Maison,180,7,721,2022
514900,78950,GAMBAIS,78,Maison,180,7,500,2022
514900,78950,GAMBAIS,78,Dépendance,0,0,500,2022
268000,78711,MANTES-LA-VILLE,78,Maison,82,4,419,2022
319100,78113,CONDE-SUR-VESGRE,78,Maison,102,1,3858,2022
319100,78113,CONDE-SUR-VESGRE,78,Dépendance,0,0,3858,2022
319100,78113,CONDE-SUR-VESGRE,78,Maison,102,1,500,2022
319100,78113,CONDE-SUR-VESGRE,78,Dépendance,0,0,500,2022
574250,78360,MONTESSON,78,Maison,80,4,360,2022
283500,78711,MANTES-LA-VILLE,78,Maison,99,5,306,2022
436850,78760,JOUARS-PONTCHARTRAIN,78,Maison,116,5,391,2022
252000,78440,DROCOURT,78,Maison,119,5,604,2022
252000,78440,DROCOURT,78,Maison,119,5,88,2022
297000,78113,CONDE-SUR-VESGRE,78,Maison,90,5,323,2022
366600,78300,POISSY,78,Maison,94,4,320,2022
460000,78240,CHAMBOURCY,78,Maison,199,8,798,2022
460000,78240,CHAMBOURCY,78,Dépendance,0,0,798,2022
378491,78700,CONFLANS SAINTE HONORINE,78,Maison,71,3,418,2022
1168940,78150,LE CHESNAY-ROCQUENCOURT,78,Maison,110,5,252,2022
438670,78610,AUFFARGIS,78,Maison,117,4,689,2022
300480,78500,SARTROUVILLE,78,Dépendance,0,0,243,2022
300480,78500,SARTROUVILLE,78,Maison,76,4,243,2022
415000,78340,CLAYES-SOUS-BOIS (LES),78,Maison,90,5,300,2022
640000,78000,VERSAILLES,78,Maison,112,5,307,2022
523000,78540,VERNOUILLET,78,Maison,105,4,576,2022
395000,78370,PLAISIR,78,Maison,85,5,248,2022
420000,78420,CARRIERES SUR SEINE,78,Maison,84,4,130,2022
120000,78550,MAULETTE,78,Maison,72,2,2040,2022
120000,78550,MAULETTE,78,Maison,72,2,500,2022
653937,78370,PLAISIR,78,Maison,179,7,785,2022
584500,78700,CONFLANS SAINTE HONORINE,78,Maison,86,3,410,2022
272000,78550,HOUDAN,78,Appartement,98,4,76,2022
272000,78550,HOUDAN,78,Appartement,93,4,76,2022
272000,78550,HOUDAN,78,Appartement,81,4,76,2022
145828,78955,CARRIERES SOUS POISSY,78,Maison,83,5,411,2022
50750,78640,NEAUPHLE-LE-VIEUX,78,Dépendance,0,0,204,2022
50750,78640,NEAUPHLE-LE-VIEUX,78,Maison,60,4,204,2022
465450,78250,TESSANCOURT-SUR-AUBETTE,78,Maison,135,5,784,2022
432550,78610,PERRAY-EN-YVELINES (LE),78,Maison,106,4,639,2022
318800,78610,PERRAY-EN-YVELINES (LE),78,Maison,94,5,605,2022
258000,78910,OSMOY,78,Maison,50,2,188,2022
524000,78610,AUFFARGIS,78,Maison,116,6,813,2022
820000,78310,MAUREPAS,78,Local industriel. commercial ou assimilé,434,0,804,2022
426000,78760,JOUARS-PONTCHARTRAIN,78,Maison,44,4,881,2022
740000,78120,RAMBOUILLET,78,Maison,240,9,525,2022
740000,78120,RAMBOUILLET,78,Maison,240,9,500,2022
740000,78120,RAMBOUILLET,78,Appartement,21,1,525,2022
740000,78120,RAMBOUILLET,78,Appartement,25,1,525,2022
740000,78120,RAMBOUILLET,78,Appartement,15,1,525,2022
740000,78120,RAMBOUILLET,78,Appartement,15,1,500,2022
740000,78120,RAMBOUILLET,78,Appartement,25,1,500,2022
740000,78120,RAMBOUILLET,78,Appartement,21,1,500,2022
291400,78190,TRAPPES,78,Maison,52,3,352,2022
235000,78770,AUTEUIL-LE-ROI,78,Maison,45,3,407,2022
235000,78770,AUTEUIL-LE-ROI,78,Dépendance,0,0,407,2022
497320,78180,MONTIGNY LE BRETONNEUX,78,Maison,105,4,294,2022
268875,78711,MANTES-LA-VILLE,78,Maison,160,6,143,2022
1100000,78680,EPONE,78,Maison,165,6,500,2022
1100000,78680,EPONE,78,Maison,165,6,882,2022
570000,78120,RAMBOUILLET,78,Maison,153,4,965,2022
237000,78520,LIMAY,78,Maison,90,5,257,2022
440000,78860,SAINT-NOM-LA-BRETECHE,78,Maison,84,4,624,2022
259200,78711,MANTES-LA-VILLE,78,Maison,93,5,180,2022
830000,78770,GOUPILLIERES,78,Dépendance,0,0,879,2022
830000,78770,GOUPILLIERES,78,Maison,333,7,879,2022
830000,78770,GOUPILLIERES,78,Dépendance,0,0,1000,2022
830000,78770,GOUPILLIERES,78,Maison,333,7,1000,2022
1268995,78160,MARLY-LE-ROI,78,Maison,239,8,408,2022
680000,78700,CONFLANS SAINTE HONORINE,78,Local industriel. commercial ou assimilé,420,0,1011,2022
910000,78700,CONFLANS SAINTE HONORINE,78,Dépendance,0,0,198,2022
910000,78700,CONFLANS SAINTE HONORINE,78,Appartement,54,3,675,2022
910000,78700,CONFLANS SAINTE HONORINE,78,Dépendance,0,0,675,2022
910000,78700,CONFLANS SAINTE HONORINE,78,Local industriel. commercial ou assimilé,71,0,675,2022
910000,78700,CONFLANS SAINTE HONORINE,78,Appartement,56,3,675,2022
610000,78390,BOIS D ARCY,78,Maison,134,5,405,2022
494510,78970,MEZIERES-SUR-SEINE,78,Dépendance,0,0,555,2022
494510,78970,MEZIERES-SUR-SEINE,78,Maison,105,5,200,2022
494510,78970,MEZIERES-SUR-SEINE,78,Dépendance,0,0,200,2022
494510,78970,MEZIERES-SUR-SEINE,78,Maison,105,5,555,2022
385000,78310,MAUREPAS,78,Maison,116,5,271,2022
486000,78630,MORAINVILLIERS,78,Maison,76,4,100,2022
486000,78630,MORAINVILLIERS,78,Maison,76,4,763,2022
342200,78310,COIGNIERES,78,Maison,111,4,229,2022
627000,78500,SARTROUVILLE,78,Maison,81,5,153,2022
650000,78700,CONFLANS SAINTE HONORINE,78,Local industriel. commercial ou assimilé,956,0,2133,2022
966183,78100,SAINT-GERMAIN-EN-LAYE,78,Maison,178,7,636,2022
900000,78100,SAINT-GERMAIN-EN-LAYE,78,Dépendance,0,0,302,2022
900000,78100,SAINT-GERMAIN-EN-LAYE,78,Maison,211,6,302,2022
358200,78370,PLAISIR,78,Maison,81,3,455,2022
693000,78560,PORT-MARLY (LE),78,Maison,139,5,632,2022
1997000,78100,SAINT-GERMAIN-EN-LAYE,78,Maison,200,7,842,2022
1997000,78100,SAINT-GERMAIN-EN-LAYE,78,Dépendance,0,0,842,2022
115600,78660,ABLIS,78,Maison,75,5,661,2022
842300,78150,LE CHESNAY-ROCQUENCOURT,78,Maison,101,4,264,2022
1202000,78860,SAINT-NOM-LA-BRETECHE,78,Maison,270,10,1205,2022
405000,78250,MEULAN-EN-YVELINES,78,Maison,91,4,887,2022
2562534,78190,TRAPPES,78,Local industriel. commercial ou assimilé,220,0,4316,2022
2562534,78190,TRAPPES,78,Local industriel. commercial ou assimilé,0,0,4316,2022
315000,78610,PERRAY-EN-YVELINES (LE),78,Maison,97,4,614,2022
75000,78360,MONTESSON,78,Maison,30,2,56,2022
75000,78360,MONTESSON,78,Maison,35,2,56,2022
260000,78740,VAUX-SUR-SEINE,78,Dépendance,0,0,500,2022
260000,78740,VAUX-SUR-SEINE,78,Maison,140,4,500,2022
260000,78740,VAUX-SUR-SEINE,78,Dépendance,0,0,1133,2022
260000,78740,VAUX-SUR-SEINE,78,Maison,140,4,1133,2022
340000,78250,MEZY-SUR-SEINE,78,Maison,104,5,662,2022
428800,78120,RAMBOUILLET,78,Maison,116,5,343,2022
920000,78400,CHATOU,78,Dépendance,0,0,468,2022
920000,78400,CHATOU,78,Maison,104,4,468,2022
351250,78830,BONNELLES,78,Maison,103,4,741,2022
267000,78200,MAGNANVILLE,78,Maison,95,5,306,2022
12000000,78560,PORT-MARLY (LE),78,Local industriel. commercial ou assimilé,3042,0,8900,2022
267000,78890,GARANCIERES,78,Maison,59,3,600,2022
210000,78440,ISSOU,78,Dépendance,0,0,310,2022
210000,78440,ISSOU,78,Maison,70,2,310,2022
350000,78680,EPONE,78,Maison,98,5,491,2022
210000,78890,GARANCIERES,78,Maison,60,3,500,2022
210000,78890,GARANCIERES,78,Maison,60,3,1327,2022
210000,78890,GARANCIERES,78,Maison,60,3,125,2022
210000,78890,GARANCIERES,78,Maison,60,3,3155,2022
121000,78440,BRUEIL-EN-VEXIN,78,Maison,45,3,212,2022
265957,78200,MANTES-LA-JOLIE,78,Maison,92,5,199,2022
450000,78740,EVECQUEMONT,78,Maison,145,6,2396,2022
450000,78740,EVECQUEMONT,78,Maison,145,6,104,2022
130000,78270,BONNIERES-SUR-SEINE,78,Dépendance,0,0,535,2022
130000,78270,BONNIERES-SUR-SEINE,78,Maison,62,5,535,2022
418159,78270,BONNIERES-SUR-SEINE,78,Dépendance,0,0,709,2022
418159,78270,BONNIERES-SUR-SEINE,78,Maison,158,5,709,2022
530000,78680,EPONE,78,Maison,134,8,745,2022
1202823,78620,ETANG-LA-VILLE (L ),78,Maison,171,5,516,2022
1202823,78620,ETANG-LA-VILLE (L ),78,Maison,171,5,500,2022
1202823,78620,ETANG-LA-VILLE (L ),78,Dépendance,0,0,516,2022
1202823,78620,ETANG-LA-VILLE (L ),78,Dépendance,0,0,500,2022
452000,78370,PLAISIR,78,Maison,117,5,326,2022
452000,78370,PLAISIR,78,Dépendance,0,0,326,2022
1250000,78110,VESINET (LE),78,Maison,136,5,466,2022
1250000,78110,VESINET (LE),78,Maison,136,5,500,2022
544000,78680,EPONE,78,Maison,83,3,647,2022
420000,78340,CLAYES-SOUS-BOIS (LES),78,Maison,127,7,276,2022
561000,78230,PECQ (LE),78,Maison,106,5,447,2022
561000,78230,PECQ (LE),78,Maison,106,5,84,2022
561000,78230,PECQ (LE),78,Dépendance,0,0,447,2022
561000,78230,PECQ (LE),78,Dépendance,0,0,84,2022
456855,78370,PLAISIR,78,Maison,107,5,436,2022
920850,78150,LE CHESNAY-ROCQUENCOURT,78,Maison,105,5,255,2022
190000,78570,ANDRESY,78,Maison,60,4,244,2022
190000,78570,ANDRESY,78,Dépendance,0,0,244,2022
666120,78800,HOUILLES,78,Maison,150,5,151,2022
163882,78990,ELANCOURT,78,Maison,110,5,202,2022
300000,78250,HARDRICOURT,78,Local industriel. commercial ou assimilé,350,0,892,2022
300000,78250,HARDRICOURT,78,Local industriel. commercial ou assimilé,392,0,892,2022
525100,78720,SENLISSE,78,Maison,101,5,425,2022
635000,78500,SARTROUVILLE,78,Maison,69,4,362,2022
850000,78150,LE CHESNAY-ROCQUENCOURT,78,Maison,125,7,300,2022
430000,78920,ECQUEVILLY,78,Dépendance,0,0,500,2022
430000,78920,ECQUEVILLY,78,Maison,113,6,500,2022
430000,78920,ECQUEVILLY,78,Dépendance,0,0,2346,2022
430000,78920,ECQUEVILLY,78,Maison,113,6,2346,2022
352300,78570,CHANTELOUP-LES-VIGNES,78,Dépendance,0,0,498,2022
352300,78570,CHANTELOUP-LES-VIGNES,78,Maison,105,4,498,2022
384900,78320,MESNIL-SAINT-DENIS (LE),78,Maison,86,4,324,2022
393800,78670,MEDAN,78,Local industriel. commercial ou assimilé,130,0,512,2022
393800,78670,MEDAN,78,Appartement,90,4,512,2022
393800,78670,MEDAN,78,Dépendance,0,0,512,2022
3150000,78000,VERSAILLES,78,Appartement,48,2,382,2022
3150000,78000,VERSAILLES,78,Dépendance,0,0,382,2022
3150000,78000,VERSAILLES,78,Appartement,60,3,382,2022
3150000,78000,VERSAILLES,78,Local industriel. commercial ou assimilé,38,0,382,2022
3150000,78000,VERSAILLES,78,Local industriel. commercial ou assimilé,68,0,382,2022
3150000,78000,VERSAILLES,78,Appartement,52,3,382,2022
3150000,78000,VERSAILLES,78,Appartement,17,1,382,2022
3150000,78000,VERSAILLES,78,Local industriel. commercial ou assimilé,23,0,382,2022
3150000,78000,VERSAILLES,78,Appartement,54,3,382,2022
3150000,78000,VERSAILLES,78,Maison,70,2,382,2022
3150000,78000,VERSAILLES,78,Appartement,42,2,382,2022
3150000,78000,VERSAILLES,78,Appartement,47,2,382,2022
3150000,78000,VERSAILLES,78,Appartement,50,2,382,2022
3150000,78000,VERSAILLES,78,Appartement,19,1,382,2022
3150000,78000,VERSAILLES,78,Appartement,55,2,382,2022
350000,78800,HOUILLES,78,Maison,84,4,149,2022
350000,78800,HOUILLES,78,Dépendance,0,0,149,2022
350000,78800,HOUILLES,78,Dépendance,0,0,133,2022
350000,78800,HOUILLES,78,Maison,61,2,133,2022
10903700,78200,BUCHELAY,78,Local industriel. commercial ou assimilé,5887,0,11857,2022
314000,78700,CONFLANS SAINTE HONORINE,78,Maison,77,3,511,2022
378000,78310,COIGNIERES,78,Maison,114,6,372,2022
403000,78180,MONTIGNY LE BRETONNEUX,78,Maison,104,5,94,2022
80000,78440,FONTENAY-SAINT-PERE,78,Maison,33,2,122,2022
80000,78440,FONTENAY-SAINT-PERE,78,Dépendance,0,0,122,2022
200000,78270,GOMMECOURT,78,Maison,120,5,40,2022
200000,78270,GOMMECOURT,78,Maison,120,5,1830,2022
347000,78570,ANDRESY,78,Maison,85,4,266,2022
347000,78570,ANDRESY,78,Dépendance,0,0,266,2022
410000,78740,EVECQUEMONT,78,Maison,136,4,320,2022
800000,78400,CHATOU,78,Maison,165,5,443,2022
285500,78720,CELLE-LES-BORDES (LA),78,Maison,68,4,375,2022
285500,78720,CELLE-LES-BORDES (LA),78,Maison,68,4,21,2022
285500,78720,CELLE-LES-BORDES (LA),78,Maison,47,2,57,2022
180000,78910,ORGERUS,78,Maison,95,3,766,2022
502000,78410,AUBERGENVILLE,78,Maison,80,3,453,2022
1813750,78170,CELLE-SAINT-CLOUD (LA),78,Maison,190,6,962,2022
1873772,78000,VERSAILLES,78,Dépendance,0,0,352,2022
1873772,78000,VERSAILLES,78,Maison,169,8,352,2022
282000,78730,LONGVILLIERS,78,Maison,74,3,338,2022
360000,78700,CONFLANS SAINTE HONORINE,78,Maison,76,4,190,2022
682652,78360,MONTESSON,78,Maison,108,5,299,2022
406600,78124,MAREIL-SUR-MAULDRE,78,Maison,123,6,309,2022
329200,78510,TRIEL SUR SEINE,78,Maison,104,5,204,2022
530000,78230,PECQ (LE),78,Maison,90,4,409,2022
530000,78230,PECQ (LE),78,Dépendance,0,0,409,2022
412500,78510,TRIEL SUR SEINE,78,Maison,124,5,620,2022
535350,78121,CRESPIERES,78,Maison,95,5,125,2022
400000,78180,MONTIGNY LE BRETONNEUX,78,Maison,86,4,203,2022
381000,78320,MESNIL-SAINT-DENIS (LE),78,Maison,95,5,48,2022
323500,78670,MEDAN,78,Maison,87,4,525,2022
708738,78360,MONTESSON,78,Maison,80,3,761,2022
475000,78800,HOUILLES,78,Dépendance,0,0,288,2022
475000,78800,HOUILLES,78,Maison,68,4,288,2022
476700,78400,CHATOU,78,Maison,45,2,189,2022
550000,78180,MONTIGNY LE BRETONNEUX,78,Maison,104,5,499,2022
635000,78300,POISSY,78,Maison,72,3,211,2022
245000,78710,ROSNY-SUR-SEINE,78,Maison,83,5,358,2022
600000,78220,VIROFLAY,78,Maison,80,3,384,2022
600000,78960,VOISINS-LE-BRETONNEUX,78,Maison,122,5,314,2022
600000,78120,RAMBOUILLET,78,Local industriel. commercial ou assimilé,160,0,1401,2022
600000,78120,RAMBOUILLET,78,Local industriel. commercial ou assimilé,204,0,1401,2022
600000,78120,RAMBOUILLET,78,Local industriel. commercial ou assimilé,443,0,1401,2022
250000,78840,FRENEUSE,78,Maison,81,5,673,2022
924750,78600,MESNIL-LE-ROI (LE),78,Dépendance,0,0,284,2022
924750,78600,MESNIL-LE-ROI (LE),78,Maison,150,7,284,2022
2100000,78440,GARGENVILLE,78,Local industriel. commercial ou assimilé,3085,0,4556,2022
333000,78370,PLAISIR,78,Maison,107,6,176,2022
350000,78300,POISSY,78,Maison,53,2,273,2022
318500,78410,NEZEL,78,Maison,150,6,512,2022
533520,78440,BRUEIL-EN-VEXIN,78,Maison,163,6,180,2022
533520,78440,BRUEIL-EN-VEXIN,78,Maison,163,6,1787,2022
503000,78320,MESNIL-SAINT-DENIS (LE),78,Maison,140,6,490,2022
1472500,78600,MAISONS-LAFFITTE,78,Maison,118,4,1397,2022
2468250,78100,SAINT-GERMAIN-EN-LAYE,78,Dépendance,0,0,214,2022
2468250,78100,SAINT-GERMAIN-EN-LAYE,78,Maison,250,7,214,2022
175000,78250,GAILLON SUR MONTCIENT,78,Maison,60,2,62,2022
1050000,78180,MONTIGNY LE BRETONNEUX,78,Local industriel. commercial ou assimilé,1475,0,1257,2022
180000,78955,CARRIERES SOUS POISSY,78,Maison,52,2,184,2022
180000,78955,CARRIERES SOUS POISSY,78,Maison,36,2,349,2022
234000,78310,MAUREPAS,78,Maison,80,4,120,2022
280000,78680,EPONE,78,Maison,68,4,770,2022
280000,78680,EPONE,78,Maison,68,4,76,2022
280000,78680,EPONE,78,Dépendance,0,0,76,2022
280000,78680,EPONE,78,Dépendance,0,0,770,2022
320000,78680,EPONE,78,Dépendance,0,0,200,2022
320000,78680,EPONE,78,Maison,130,5,200,2022
229000,78114,MAGNY-LES-HAMEAUX,78,Dépendance,0,0,247,2022
229000,78114,MAGNY-LES-HAMEAUX,78,Maison,48,2,247,2022
1025000,78310,COIGNIERES,78,Local industriel. commercial ou assimilé,1200,0,2141,2022
280000,78114,MAGNY-LES-HAMEAUX,78,Dépendance,0,0,386,2022
280000,78114,MAGNY-LES-HAMEAUX,78,Maison,73,3,386,2022
445000,78500,SARTROUVILLE,78,Maison,45,4,117,2022
1100000,78200,MANTES-LA-JOLIE,78,Appartement,94,5,245,2022
1100000,78200,MANTES-LA-JOLIE,78,Local industriel. commercial ou assimilé,54,0,245,2022
1100000,78200,MANTES-LA-JOLIE,78,Appartement,64,4,245,2022
1100000,78200,MANTES-LA-JOLIE,78,Appartement,92,5,245,2022
1100000,78200,MANTES-LA-JOLIE,78,Appartement,69,6,245,2022
1100000,78200,MANTES-LA-JOLIE,78,Dépendance,0,0,245,2022
299500,78550,HOUDAN,78,Maison,67,4,393,2022
415000,78550,RICHEBOURG,78,Maison,140,5,500,2022
158000,78111,DAMMARTIN EN SERVE,78,Maison,85,3,71,2022
620000,78600,MESNIL-LE-ROI (LE),78,Dépendance,0,0,600,2022
620000,78600,MESNIL-LE-ROI (LE),78,Maison,82,4,600,2022
620000,78600,MESNIL-LE-ROI (LE),78,Maison,82,4,152,2022
620000,78600,MESNIL-LE-ROI (LE),78,Dépendance,0,0,152,2022
390000,78260,ACHERES,78,Maison,88,6,289,2022
690174,78370,PLAISIR,78,Maison,183,4,600,2022
574200,78340,CLAYES-SOUS-BOIS (LES),78,Maison,136,6,504,2022
494930,78490,MONTFORT-L AMAURY,78,Maison,117,3,108,2022
812260,78490,MONTFORT-L AMAURY,78,Maison,127,5,242,2022
194000,78440,GARGENVILLE,78,Dépendance,0,0,57,2022
194000,78440,GARGENVILLE,78,Maison,107,4,57,2022
136000,78130,CHAPET,78,Maison,63,3,751,2022
527200,78860,SAINT-NOM-LA-BRETECHE,78,Maison,73,4,134,2022
527200,78860,SAINT-NOM-LA-BRETECHE,78,Dépendance,0,0,24,2022
320000,78410,AUBERGENVILLE,78,Maison,94,4,188,2022
399000,78711,MANTES-LA-VILLE,78,Dépendance,0,0,670,2022
399000,78711,MANTES-LA-VILLE,78,Maison,149,6,670,2022
502300,78700,CONFLANS SAINTE HONORINE,78,Maison,185,5,823,2022
587000,78360,MONTESSON,78,Maison,80,4,139,2022
672750,78360,MONTESSON,78,Maison,73,4,416,2022
455000,78640,NEAUPHLE-LE-CHATEAU,78,Dépendance,0,0,174,2022
1775098,78220,VIROFLAY,78,Maison,226,9,690,2022
1775098,78220,VIROFLAY,78,Dépendance,0,0,389,2022
1775098,78220,VIROFLAY,78,Maison,226,9,389,2022
1775098,78220,VIROFLAY,78,Dépendance,0,0,690,2022
331000,78440,GARGENVILLE,78,Maison,83,5,626,2022
284406,78310,MAUREPAS,78,Maison,85,4,109,2022
899000,78610,SAINT-LEGER-EN-YVELINES,78,Maison,160,7,832,2022
409041,78220,VIROFLAY,78,Maison,139,6,272,2022
352000,78114,MAGNY-LES-HAMEAUX,78,Maison,107,6,219,2022
440000,78680,EPONE,78,Maison,148,7,338,2022
160000,78410,AUBERGENVILLE,78,Appartement,56,3,46,2022
315000,78790,ARNOUVILLE-LES-MANTES,78,Maison,99,4,5491,2022
315000,78790,ARNOUVILLE-LES-MANTES,78,Maison,99,4,500,2022
525000,78114,MAGNY-LES-HAMEAUX,78,Maison,80,5,807,2022
525000,78114,MAGNY-LES-HAMEAUX,78,Dépendance,0,0,807,2022
354000,78114,MAGNY-LES-HAMEAUX,78,Maison,110,5,224,2022
270000,78580,JUMEAUVILLE,78,Maison,65,3,422,2022
270000,78580,JUMEAUVILLE,78,Dépendance,0,0,422,2022
679300,78955,CARRIERES SOUS POISSY,78,Maison,270,9,378,2022
400000,78470,SAINT-REMY-LES-CHEVREUSE,78,Maison,16,1,483,2022
400000,78470,SAINT-REMY-LES-CHEVREUSE,78,Maison,35,1,483,2022
400000,78470,SAINT-REMY-LES-CHEVREUSE,78,Maison,16,1,648,2022
400000,78470,SAINT-REMY-LES-CHEVREUSE,78,Maison,35,1,648,2022
349850,78680,EPONE,78,Maison,140,4,351,2022
349850,78680,EPONE,78,Maison,140,4,500,2022
240000,78800,HOUILLES,78,Dépendance,0,0,158,2022
240000,78800,HOUILLES,78,Maison,73,4,158,2022
914440,78490,MESNULS (LES),78,Dépendance,0,0,914,2022
914440,78490,MESNULS (LES),78,Maison,120,4,914,2022
398301,78990,ELANCOURT,78,Maison,118,5,192,2022
790000,78220,VIROFLAY,78,Maison,50,3,695,2022
181000,78920,ECQUEVILLY,78,Maison,72,4,169,2022
520000,78200,MANTES-LA-JOLIE,78,Local industriel. commercial ou assimilé,240,0,240,2022
520000,78200,MANTES-LA-JOLIE,78,Appartement,63,5,240,2022
520000,78200,MANTES-LA-JOLIE,78,Appartement,68,3,240,2022
520000,78200,MANTES-LA-JOLIE,78,Appartement,41,4,240,2022
810000,78530,BUC,78,Maison,176,8,360,2022
810000,78530,BUC,78,Maison,176,8,447,2022
584000,78330,FONTENAY LE FLEURY,78,Maison,93,4,376,2022
650000,78280,GUYANCOURT,78,Local industriel. commercial ou assimilé,520,0,951,2022
650000,78280,GUYANCOURT,78,Local industriel. commercial ou assimilé,40,0,951,2022
770000,78800,HOUILLES,78,Maison,142,5,435,2022
400000,78260,ACHERES,78,Dépendance,0,0,1137,2022
400000,78260,ACHERES,78,Maison,56,4,1137,2022
610024,78125,BOISSIERE-ECOLE (LA),78,Maison,360,8,700,2022
610024,78125,BOISSIERE-ECOLE (LA),78,Maison,360,8,5000,2022
610024,78125,BOISSIERE-ECOLE (LA),78,Maison,360,8,2000,2022
275000,78410,AUBERGENVILLE,78,Maison,76,4,120,2022
420000,78920,ECQUEVILLY,78,Maison,103,5,494,2022
448000,78780,MAURECOURT,78,Appartement,85,3,454,2022
449000,78510,TRIEL SUR SEINE,78,Maison,124,5,378,2022
400000,78540,VERNOUILLET,78,Maison,108,5,35,2022
495000,78300,POISSY,78,Maison,120,4,145,2022
555900,78940,QUEUE-LES-YVELINES (LA),78,Maison,157,4,738,2022
555900,78940,QUEUE-LES-YVELINES (LA),78,Maison,157,4,500,2022
788462,78630,ORGEVAL,78,Maison,203,6,953,2022
497595,78990,ELANCOURT,78,Maison,115,5,652,2022
300000,78190,TRAPPES,78,Dépendance,0,0,205,2022
300000,78190,TRAPPES,78,Maison,81,4,205,2022
955000,78600,MESNIL-LE-ROI (LE),78,Dépendance,0,0,323,2022
955000,78600,MESNIL-LE-ROI (LE),78,Local industriel. commercial ou assimilé,24,0,323,2022
955000,78600,MESNIL-LE-ROI (LE),78,Maison,125,4,323,2022
294000,78520,LIMAY,78,Maison,108,4,420,2022
530000,78500,SARTROUVILLE,78,Maison,67,4,201,2022
450000,78410,AUBERGENVILLE,78,Dépendance,0,0,426,2022
450000,78410,AUBERGENVILLE,78,Maison,129,5,426,2022
395500,78580,MAULE,78,Dépendance,0,0,846,2022
395500,78580,MAULE,78,Maison,88,2,500,2022
395500,78580,MAULE,78,Dépendance,0,0,500,2022
395500,78580,MAULE,78,Maison,88,2,846,2022
456716,78250,MEULAN-EN-YVELINES,78,Maison,91,4,887,2022
209000,78270,GOMMECOURT,78,Dépendance,0,0,250,2022
209000,78270,GOMMECOURT,78,Maison,80,3,250,2022
664654,78600,MESNIL-LE-ROI (LE),78,Maison,32,2,177,2022
342000,78680,EPONE,78,Maison,78,4,288,2022
342000,78680,EPONE,78,Dépendance,0,0,288,2022
370000,78610,PERRAY-EN-YVELINES (LE),78,Maison,129,5,452,2022
2280000,78600,MAISONS-LAFFITTE,78,Appartement,96,4,1463,2022
2280000,78600,MAISONS-LAFFITTE,78,Dépendance,0,0,1463,2022
2280000,78600,MAISONS-LAFFITTE,78,Dépendance,0,0,1000,2022
2280000,78600,MAISONS-LAFFITTE,78,Appartement,96,4,1000,2022
168000,78200,MANTES-LA-JOLIE,78,Appartement,70,3,78,2022
937250,78290,CROISSY SUR SEINE,78,Maison,170,7,482,2022
305000,78340,CLAYES-SOUS-BOIS (LES),78,Dépendance,0,0,165,2022
8616667,78220,VIROFLAY,78,Local industriel. commercial ou assimilé,2505,0,3121,2022
508650,78100,SAINT-GERMAIN-EN-LAYE,78,Maison,65,2,338,2022
508650,78100,SAINT-GERMAIN-EN-LAYE,78,Dépendance,0,0,338,2022
584750,78480,VERNEUIL SUR SEINE,78,Maison,151,6,512,2022
500100,78340,CLAYES-SOUS-BOIS (LES),78,Maison,107,5,301,2022
1679450,78350,LOGES-EN-JOSAS (LES),78,Dépendance,0,0,923,2022
1679450,78350,LOGES-EN-JOSAS (LES),78,Dépendance,0,0,3000,2022
1679450,78350,LOGES-EN-JOSAS (LES),78,Maison,182,4,923,2022
1679450,78350,LOGES-EN-JOSAS (LES),78,Maison,182,4,3000,2022
578904,78450,VILLEPREUX,78,Maison,126,5,484,2022
578904,78450,VILLEPREUX,78,Dépendance,0,0,484,2022
750000,78200,PERDREAUVILLE,78,Maison,170,5,785,2022
750000,78200,PERDREAUVILLE,78,Dépendance,0,0,785,2022
355000,78710,ROSNY-SUR-SEINE,78,Maison,82,4,633,2022
355000,78710,ROSNY-SUR-SEINE,78,Maison,82,4,500,2022
549000,78570,ANDRESY,78,Maison,132,5,364,2022
549000,78570,ANDRESY,78,Dépendance,0,0,364,2022
320000,78310,MAUREPAS,78,Maison,93,5,214,2022
199500,78390,BOIS D ARCY,78,Maison,36,2,95,2022
160000,78270,BONNIERES-SUR-SEINE,78,Local industriel. commercial ou assimilé,91,0,80,2022
862200,78600,MAISONS-LAFFITTE,78,Dépendance,0,0,136,2022
862200,78600,MAISONS-LAFFITTE,78,Maison,72,4,136,2022
230000,78117,CHATEAUFORT,78,Local industriel. commercial ou assimilé,140,0,540,2022
355000,78310,MAUREPAS,78,Maison,66,4,500,2022
355000,78310,MAUREPAS,78,Maison,66,4,633,2022
374800,78840,MOISSON,78,Maison,184,6,500,2022
374800,78840,MOISSON,78,Maison,184,6,1905,2022
498500,78120,RAMBOUILLET,78,Maison,117,6,340,2022
498500,78120,RAMBOUILLET,78,Dépendance,0,0,340,2022
370000,78540,VERNOUILLET,78,Maison,90,5,187,2022
1,78190,TRAPPES,78,Appartement,99,4,75775,2022
1,78190,TRAPPES,78,Appartement,115,5,75775,2022
1,78190,TRAPPES,78,Appartement,96,4,75775,2022
1,78190,TRAPPES,78,Appartement,102,5,75775,2022
1,78190,TRAPPES,78,Appartement,69,3,75775,2022
1,78190,TRAPPES,78,Appartement,77,4,75775,2022
1,78190,TRAPPES,78,Appartement,128,5,75775,2022
1,78190,TRAPPES,78,Appartement,65,3,75775,2022
1,78190,TRAPPES,78,Appartement,108,5,75775,2022
1,78190,TRAPPES,78,Local industriel. commercial ou assimilé,0,0,75775,2022
1,78190,TRAPPES,78,Appartement,64,2,75775,2022
1,78190,TRAPPES,78,Appartement,80,3,75775,2022
1,78190,TRAPPES,78,Appartement,64,3,75775,2022
1,78190,TRAPPES,78,Dépendance,0,0,75775,2022
1,78190,TRAPPES,78,Maison,94,4,75775,2022
289000,78910,ORGERUS,78,Maison,63,3,546,2022
270000,78840,MOISSON,78,Maison,76,5,771,2022
351250,78120,RAMBOUILLET,78,Maison,91,4,187,2022
351250,78120,RAMBOUILLET,78,Dépendance,0,0,187,2022
480000,78400,CHATOU,78,Maison,75,4,270,2022
670000,78120,RAMBOUILLET,78,Maison,120,6,433,2022
670000,78120,RAMBOUILLET,78,Appartement,42,1,433,2022
7000,78650,BEYNES,78,Maison,10,1,502,2022
7000,78650,BEYNES,78,Maison,10,1,503,2022
1902700,78000,VERSAILLES,78,Maison,230,8,483,2022
190000,78710,ROSNY-SUR-SEINE,78,Maison,91,6,626,2022
490000,78180,MONTIGNY LE BRETONNEUX,78,Maison,118,4,199,2022
780000,78860,SAINT-NOM-LA-BRETECHE,78,Maison,100,5,1151,2022
780000,78860,SAINT-NOM-LA-BRETECHE,78,Dépendance,0,0,1151,2022
172000,78970,MEZIERES-SUR-SEINE,78,Maison,45,2,237,2022
202000,78740,VAUX-SUR-SEINE,78,Maison,41,3,579,2022
202000,78740,VAUX-SUR-SEINE,78,Dépendance,0,0,579,2022
1205000,78140,VELIZY VILLACOUBLAY,78,Appartement,160,6,479,2022
1205000,78140,VELIZY VILLACOUBLAY,78,Dépendance,0,0,479,2022
1205000,78140,VELIZY VILLACOUBLAY,78,Appartement,131,4,479,2022
825000,78140,VELIZY VILLACOUBLAY,78,Dépendance,0,0,354,2022
825000,78140,VELIZY VILLACOUBLAY,78,Maison,85,4,354,2022
450000,78640,SAINT-GERMAIN-DE-LA-GRANGE,78,Maison,112,4,588,2022
450000,78640,SAINT-GERMAIN-DE-LA-GRANGE,78,Local industriel. commercial ou assimilé,9,0,588,2022
990000,78310,COIGNIERES,78,Dépendance,0,0,1000,2022
990000,78310,COIGNIERES,78,Local industriel. commercial ou assimilé,747,0,1000,2022
990000,78310,COIGNIERES,78,Dépendance,0,0,1666,2022
990000,78310,COIGNIERES,78,Maison,82,4,1666,2022
990000,78310,COIGNIERES,78,Maison,82,4,1000,2022
990000,78310,COIGNIERES,78,Local industriel. commercial ou assimilé,747,0,1666,2022
317000,78730,SAINT-ARNOULT-EN-YVELINES,78,Maison,97,4,500,2022
317000,78730,SAINT-ARNOULT-EN-YVELINES,78,Maison,97,4,502,2022
490000,78000,VERSAILLES,78,Dépendance,0,0,357,2022
490000,78000,VERSAILLES,78,Maison,76,3,357,2022
351000,78310,COIGNIERES,78,Local industriel. commercial ou assimilé,600,0,1363,2022
829150,78420,CARRIERES SUR SEINE,78,Maison,132,5,752,2022
829150,78420,CARRIERES SUR SEINE,78,Dépendance,0,0,752,2022
2600000,78520,LIMAY,78,Local industriel. commercial ou assimilé,17354,0,10826,2022
1310000,78420,CARRIERES SUR SEINE,78,Maison,180,6,952,2022
345000,78990,ELANCOURT,78,Dépendance,0,0,250,2022
345000,78990,ELANCOURT,78,Maison,104,5,250,2022
283000,78980,BREVAL,78,Maison,103,6,275,2022
538900,78540,VERNOUILLET,78,Maison,105,4,649,2022
600000,78620,ETANG-LA-VILLE (L ),78,Maison,90,6,652,2022
1100000,78470,SAINT-REMY-LES-CHEVREUSE,78,Maison,201,6,999,2022
1100000,78470,SAINT-REMY-LES-CHEVREUSE,78,Maison,201,6,500,2022
443525,78113,ADAINVILLE,78,Maison,125,6,350,2022
443525,78113,ADAINVILLE,78,Maison,125,6,500,2022
992550,78150,LE CHESNAY-ROCQUENCOURT,78,Maison,60,3,147,2022
350000,78580,MAULE,78,Maison,110,4,400,2022
1300000,78100,SAINT-GERMAIN-EN-LAYE,78,Local industriel. commercial ou assimilé,743,0,452,2022
270000,78250,HARDRICOURT,78,Maison,100,5,564,2022
380000,78730,ROCHEFORT-EN-YVELINES,78,Maison,97,5,500,2022
1250000,78500,SARTROUVILLE,78,Local industriel. commercial ou assimilé,705,0,1114,2022
669400,78510,TRIEL SUR SEINE,78,Maison,156,6,500,2022
669400,78510,TRIEL SUR SEINE,78,Maison,156,6,1431,2022
376300,78113,GRANDCHAMP,78,Maison,130,6,500,2022
376300,78113,GRANDCHAMP,78,Local industriel. commercial ou assimilé,60,0,500,2022
376300,78113,GRANDCHAMP,78,Maison,130,6,590,2022
376300,78113,GRANDCHAMP,78,Local industriel. commercial ou assimilé,60,0,590,2022
474616,78700,CONFLANS SAINTE HONORINE,78,Appartement,24,1,490,2022
474616,78700,CONFLANS SAINTE HONORINE,78,Dépendance,0,0,490,2022
474616,78700,CONFLANS SAINTE HONORINE,78,Appartement,40,2,490,2022
200000,78190,TRAPPES,78,Appartement,56,3,219,2022
2860000,78190,TRAPPES,78,Local industriel. commercial ou assimilé,590,0,2226,2022
2860000,78190,TRAPPES,78,Local industriel. commercial ou assimilé,1810,0,2231,2022
154000,78270,GOMMECOURT,78,Maison,60,2,95,2022
1137400,78470,SAINT-REMY-LES-CHEVREUSE,78,Maison,220,6,619,2022
1137400,78470,SAINT-REMY-LES-CHEVREUSE,78,Dépendance,0,0,619,2022
1137400,78470,SAINT-REMY-LES-CHEVREUSE,78,Maison,220,6,630,2022
1137400,78470,SAINT-REMY-LES-CHEVREUSE,78,Dépendance,0,0,630,2022
295000,78340,CLAYES-SOUS-BOIS (LES),78,Dépendance,0,0,539,2022
295000,78340,CLAYES-SOUS-BOIS (LES),78,Maison,92,5,539,2022
421500,78540,VERNOUILLET,78,Maison,90,4,181,2022
192000,78700,CONFLANS SAINTE HONORINE,78,Maison,22,1,573,2022
343020,78730,SAINT-ARNOULT-EN-YVELINES,78,Maison,133,6,500,2022
343020,78730,SAINT-ARNOULT-EN-YVELINES,78,Maison,133,6,708,2022
236000,78270,BONNIERES-SUR-SEINE,78,Dépendance,0,0,167,2022
236000,78270,BONNIERES-SUR-SEINE,78,Dépendance,0,0,500,2022
236000,78270,BONNIERES-SUR-SEINE,78,Maison,114,6,500,2022
236000,78270,BONNIERES-SUR-SEINE,78,Maison,114,6,167,2022
353252,78370,PLAISIR,78,Maison,120,5,103,2022
360000,78800,HOUILLES,78,Maison,72,3,190,2022
235000,78490,GALLUIS,78,Maison,204,6,733,2022
235000,78490,GALLUIS,78,Dépendance,0,0,733,2022
235000,78490,GALLUIS,78,Maison,204,6,500,2022
235000,78490,GALLUIS,78,Dépendance,0,0,500,2022
220000,78190,TRAPPES,78,Maison,49,2,270,2022
440000,78610,SAINT-LEGER-EN-YVELINES,78,Dépendance,0,0,586,2022
440000,78610,SAINT-LEGER-EN-YVELINES,78,Maison,36,1,586,2022
440000,78610,SAINT-LEGER-EN-YVELINES,78,Maison,50,2,586,2022
261000,78270,VILLENEUVE-EN-CHEVRIE (LA),78,Maison,111,5,588,2022
524000,78300,POISSY,78,Maison,68,4,522,2022
510000,78130,MUREAUX (LES),78,Maison,56,6,5448,2022
510000,78130,MUREAUX (LES),78,Local industriel. commercial ou assimilé,6580,0,5448,2022
343360,78980,LONGNES,78,Maison,130,5,508,2022
862000,78860,SAINT-NOM-LA-BRETECHE,78,Maison,165,8,986,2022
410000,78770,VILLIERS-LE-MAHIEU,78,Maison,116,5,494,2022
343150,78980,BREVAL,78,Maison,99,6,217,2022
343150,78980,BREVAL,78,Maison,99,6,500,2022
405500,78700,CONFLANS SAINTE HONORINE,78,Maison,96,4,295,2022
310000,78120,RAMBOUILLET,78,Maison,110,3,445,2022
465000,78650,BEYNES,78,Dépendance,0,0,439,2022
465000,78650,BEYNES,78,Maison,71,4,439,2022
283000,78180,MONTIGNY LE BRETONNEUX,78,Maison,68,3,98,2022
283000,78180,MONTIGNY LE BRETONNEUX,78,Dépendance,0,0,18,2022
269400,78520,LIMAY,78,Maison,105,5,402,2022
448740,78910,ORVILLIERS,78,Maison,170,4,1335,2022
448740,78910,ORVILLIERS,78,Maison,170,4,500,2022
415000,78700,CONFLANS SAINTE HONORINE,78,Dépendance,0,0,559,2022
415000,78700,CONFLANS SAINTE HONORINE,78,Maison,110,5,559,2022
263400,78640,VILLIERS-SAINT-FREDERIC,78,Maison,45,2,40,2022
819500,78000,VERSAILLES,78,Maison,79,4,318,2022
819500,78000,VERSAILLES,78,Dépendance,0,0,318,2022
220000,78520,FOLLAINVILLE-DENNEMONT,78,Maison,120,7,335,2022
310500,78510,TRIEL SUR SEINE,78,Maison,96,5,119,2022
196000,78520,LIMAY,78,Maison,74,4,230,2022
430622,78890,GARANCIERES,78,Maison,184,8,700,2022
430622,78890,GARANCIERES,78,Maison,184,8,704,2022
4000,78500,SARTROUVILLE,78,Appartement,83,4,327,2022
4000,78500,SARTROUVILLE,78,Appartement,46,3,327,2022
380000,78390,BOIS D ARCY,78,Maison,54,3,373,2022
380000,78390,BOIS D ARCY,78,Maison,15,1,373,2022
275000,78990,ELANCOURT,78,Dépendance,0,0,510,2022
275000,78990,ELANCOURT,78,Dépendance,0,0,485,2022
275000,78990,ELANCOURT,78,Maison,84,4,131,2022
275000,78990,ELANCOURT,78,Dépendance,0,0,461,2022
275000,78990,ELANCOURT,78,Dépendance,0,0,500,2022
275000,78990,ELANCOURT,78,Dépendance,0,0,410,2022
275000,78990,ELANCOURT,78,Dépendance,0,0,441,2022
471000,78910,CIVRY-LA-FORET,78,Dépendance,0,0,500,2022
471000,78910,CIVRY-LA-FORET,78,Dépendance,0,0,1060,2022
471000,78910,CIVRY-LA-FORET,78,Appartement,25,3,500,2022
471000,78910,CIVRY-LA-FORET,78,Appartement,130,5,500,2022
471000,78910,CIVRY-LA-FORET,78,Appartement,25,3,1060,2022
471000,78910,CIVRY-LA-FORET,78,Appartement,130,5,1060,2022
294000,78120,SONCHAMP,78,Dépendance,0,0,140,2022
294000,78120,SONCHAMP,78,Maison,110,4,140,2022
170000,78270,LIMETZ-VILLEZ,78,Maison,83,3,283,2022
120000,78200,MANTES-LA-JOLIE,78,Maison,44,3,126,2022
447080,78640,VILLIERS-SAINT-FREDERIC,78,Maison,132,4,989,2022
447080,78640,VILLIERS-SAINT-FREDERIC,78,Dépendance,0,0,37,2022
446700,78770,MARCQ,78,Maison,125,6,105,2022
568000,78180,MONTIGNY LE BRETONNEUX,78,Maison,122,6,196,2022
862000,78400,CHATOU,78,Maison,208,6,564,2022
501285,78340,CLAYES-SOUS-BOIS (LES),78,Maison,140,6,418,2022
258000,78711,MANTES-LA-VILLE,78,Maison,101,5,160,2022
800000,78400,CHATOU,78,Maison,135,7,75,2022
304612,78220,VIROFLAY,78,Maison,139,6,272,2022
585000,78590,NOISY LE ROI,78,Maison,119,4,171,2022
545000,78470,SAINT-REMY-LES-CHEVREUSE,78,Maison,118,5,353,2022
642900,78630,MORAINVILLIERS,78,Maison,154,8,500,2022
642900,78630,MORAINVILLIERS,78,Maison,154,8,327,2022
337000,78310,COIGNIERES,78,Maison,90,5,478,2022
1,78480,VERNEUIL SUR SEINE,78,Local industriel. commercial ou assimilé,0,0,113,2022
240000,78190,TRAPPES,78,Dépendance,0,0,380,2022
240000,78190,TRAPPES,78,Maison,67,4,380,2022
508000,78280,GUYANCOURT,78,Maison,77,5,348,2022
663410,78350,JOUY EN JOSAS,78,Maison,110,5,360,2022
325930,78260,ACHERES,78,Maison,63,4,374,2022
306600,78550,BAZAINVILLE,78,Dépendance,0,0,280,2022
306600,78550,BAZAINVILLE,78,Maison,113,3,280,2022
480000,78260,ACHERES,78,Maison,127,4,487,2022
357500,78410,AUBERGENVILLE,78,Dépendance,0,0,370,2022
357500,78410,AUBERGENVILLE,78,Maison,80,4,370,2022
331500,78450,VILLEPREUX,78,Dépendance,0,0,149,2022
331500,78450,VILLEPREUX,78,Maison,87,4,149,2022
250000,78120,RAMBOUILLET,78,Maison,68,4,304,2022
324063,78610,PERRAY-EN-YVELINES (LE),78,Maison,83,5,440,2022
1,78000,VERSAILLES,78,Dépendance,0,0,902,2022
669000,78800,HOUILLES,78,Maison,110,6,243,2022
229000,78711,MANTES-LA-VILLE,78,Maison,93,5,185,2022
367000,78310,MAUREPAS,78,Maison,102,5,120,2022
177600,78300,POISSY,78,Maison,120,6,776,2022
177600,78300,POISSY,78,Dépendance,0,0,776,2022
396500,78650,BEYNES,78,Maison,84,5,405,2022
411450,78470,SAINT-REMY-LES-CHEVREUSE,78,Maison,98,5,403,2022
411450,78470,SAINT-REMY-LES-CHEVREUSE,78,Dépendance,0,0,403,2022
691000,78600,MAISONS-LAFFITTE,78,Maison,115,5,119,2022
322000,78500,SARTROUVILLE,78,Maison,66,3,159,2022
1475300,78000,VERSAILLES,78,Maison,176,6,539,2022
1475300,78000,VERSAILLES,78,Dépendance,0,0,539,2022
208000,78113,CONDE-SUR-VESGRE,78,Maison,70,4,573,2022
609200,78360,MONTESSON,78,Maison,124,5,240,2022
243000,78460,CHEVREUSE,78,Maison,40,3,51,2022
420700,78800,HOUILLES,78,Dépendance,0,0,124,2022
420700,78800,HOUILLES,78,Maison,63,3,124,2022
827880,78360,MONTESSON,78,Maison,169,8,617,2022
235678,78270,LIMETZ-VILLEZ,78,Maison,128,4,587,2022
219450,78510,TRIEL SUR SEINE,78,Maison,56,3,472,2022
330000,78780,MAURECOURT,78,Maison,90,4,265,2022
270000,78800,HOUILLES,78,Dépendance,0,0,213,2022
270000,78800,HOUILLES,78,Maison,179,6,213,2022
399000,78770,AUTEUIL-LE-ROI,78,Dépendance,0,0,405,2022
399000,78770,AUTEUIL-LE-ROI,78,Maison,105,3,405,2022
766390,78210,SAINT-CYR-L ECOLE,78,Maison,137,6,583,2022
572000,78800,HOUILLES,78,Maison,109,4,379,2022
420300,78820,JUZIERS,78,Dépendance,0,0,605,2022
420300,78820,JUZIERS,78,Maison,93,5,605,2022
156720,78200,PERDREAUVILLE,78,Maison,105,4,58,2022
300000,78500,SARTROUVILLE,78,Maison,76,4,219,2022
224000,78270,BENNECOURT,78,Maison,94,5,925,2022
224000,78270,BENNECOURT,78,Dépendance,0,0,925,2022
764200,78670,VILLENNES-SUR-SEINE,78,Appartement,70,3,93,2022
764200,78670,VILLENNES-SUR-SEINE,78,Appartement,56,2,93,2022
764200,78670,VILLENNES-SUR-SEINE,78,Dépendance,0,0,93,2022
320563,78130,MUREAUX (LES),78,Maison,233,8,3813,2022
180000,78711,MANTES-LA-VILLE,78,Maison,63,3,389,2022
180000,78711,MANTES-LA-VILLE,78,Dépendance,0,0,389,2022
625000,78370,PLAISIR,78,Maison,179,7,758,2022
436010,78550,BAZAINVILLE,78,Maison,59,3,500,2022
390000,78210,SAINT-CYR-L ECOLE,78,Local industriel. commercial ou assimilé,130,0,121,2022
390000,78210,SAINT-CYR-L ECOLE,78,Appartement,77,3,121,2022
200000,78910,ORGERUS,78,Maison,45,2,600,2022
200000,78910,ORGERUS,78,Dépendance,0,0,520,2022
200000,78910,ORGERUS,78,Maison,45,2,520,2022
200000,78910,ORGERUS,78,Dépendance,0,0,600,2022
689000,78360,MONTESSON,78,Maison,120,5,312,2022
800000,78000,VERSAILLES,78,Dépendance,0,0,151,2022
800000,78000,VERSAILLES,78,Maison,65,3,151,2022
276000,78660,PRUNAY-EN-YVELINES,78,Maison,119,6,447,2022
715000,78300,POISSY,78,Maison,120,5,379,2022
715000,78300,POISSY,78,Dépendance,0,0,379,2022
419437,78130,MUREAUX (LES),78,Local industriel. commercial ou assimilé,0,0,1662,2022
1,78260,ACHERES,78,Local industriel. commercial ou assimilé,106,0,8660,2022
1,78260,ACHERES,78,Local industriel. commercial ou assimilé,97,0,8660,2022
1,78260,ACHERES,78,Local industriel. commercial ou assimilé,1787,0,8660,2022
1,78260,ACHERES,78,Local industriel. commercial ou assimilé,96,0,8660,2022
1,78260,ACHERES,78,Local industriel. commercial ou assimilé,45,0,8660,2022
1,78260,ACHERES,78,Local industriel. commercial ou assimilé,73,0,8660,2022
484100,78890,GARANCIERES,78,Dépendance,0,0,251,2022
484100,78890,GARANCIERES,78,Maison,150,6,251,2022
520000,78840,FRENEUSE,78,Maison,270,8,419,2022
781000,78420,CARRIERES SUR SEINE,78,Maison,64,4,603,2022
430000,78800,HOUILLES,78,Maison,53,3,433,2022
430000,78800,HOUILLES,78,Dépendance,0,0,433,2022
690290,78500,SARTROUVILLE,78,Dépendance,0,0,236,2022
690290,78500,SARTROUVILLE,78,Maison,74,5,236,2022
1280000,78000,VERSAILLES,78,Local industriel. commercial ou assimilé,234,0,339,2022
348000,78580,BAZEMONT,78,Maison,105,5,700,2022
370000,78300,POISSY,78,Dépendance,0,0,489,2022
370000,78300,POISSY,78,Maison,38,2,489,2022
421575,78310,MAUREPAS,78,Maison,135,6,896,2022
581000,78610,SAINT-LEGER-EN-YVELINES,78,Dépendance,0,0,733,2022
581000,78610,SAINT-LEGER-EN-YVELINES,78,Dépendance,0,0,500,2022
581000,78610,SAINT-LEGER-EN-YVELINES,78,Maison,115,4,500,2022
581000,78610,SAINT-LEGER-EN-YVELINES,78,Maison,115,4,733,2022
300000,78450,VILLEPREUX,78,Dépendance,0,0,20,2022
493500,78800,HOUILLES,78,Local industriel. commercial ou assimilé,25,0,59,2022
493500,78800,HOUILLES,78,Maison,73,3,59,2022
402400,78440,GARGENVILLE,78,Maison,142,5,817,2022
550000,78910,ORVILLIERS,78,Maison,190,5,736,2022
350000,78610,AUFFARGIS,78,Dépendance,0,0,448,2022
350000,78610,AUFFARGIS,78,Maison,64,2,448,2022
330000,78500,SARTROUVILLE,78,Maison,80,5,470,2022
650000,78690,ESSARTS-LE-ROI (LES),78,Local industriel. commercial ou assimilé,717,0,601,2022
650000,78690,ESSARTS-LE-ROI (LES),78,Local industriel. commercial ou assimilé,717,0,1000,2022
432000,78690,ESSARTS-LE-ROI (LES),78,Maison,81,3,500,2022
432000,78690,ESSARTS-LE-ROI (LES),78,Maison,81,3,554,2022
310000,78120,RAMBOUILLET,78,Maison,71,4,400,2022
467600,78630,MORAINVILLIERS,78,Maison,86,4,161,2022
809200,78230,PECQ (LE),78,Dépendance,0,0,457,2022
809200,78230,PECQ (LE),78,Maison,106,4,457,2022
522700,78440,LAINVILLE-EN-VEXIN,78,Maison,170,7,2273,2022
522700,78440,LAINVILLE-EN-VEXIN,78,Maison,170,7,500,2022
408000,78510,TRIEL SUR SEINE,78,Maison,108,5,715,2022
810000,78500,SARTROUVILLE,78,Local industriel. commercial ou assimilé,190,0,1262,2022
810000,78500,SARTROUVILLE,78,Appartement,9,1,1262,2022
810000,78500,SARTROUVILLE,78,Appartement,70,3,1262,2022
810000,78500,SARTROUVILLE,78,Local industriel. commercial ou assimilé,106,0,1262,2022
810000,78500,SARTROUVILLE,78,Local industriel. commercial ou assimilé,55,0,1262,2022
810000,78500,SARTROUVILLE,78,Local industriel. commercial ou assimilé,60,0,1262,2022
810000,78500,SARTROUVILLE,78,Maison,80,2,1262,2022
810000,78500,SARTROUVILLE,78,Local industriel. commercial ou assimilé,107,0,1262,2022
238350,78840,FRENEUSE,78,Maison,93,5,552,2022
456000,78890,GARANCIERES,78,Maison,265,7,500,2022
456000,78890,GARANCIERES,78,Maison,265,7,1463,2022
287200,78700,CONFLANS SAINTE HONORINE,78,Maison,67,3,258,2022
562500,78610,PERRAY-EN-YVELINES (LE),78,Maison,128,7,1962,2022
562500,78610,PERRAY-EN-YVELINES (LE),78,Dépendance,0,0,1149,2022
562500,78610,PERRAY-EN-YVELINES (LE),78,Maison,128,7,1149,2022
562500,78610,PERRAY-EN-YVELINES (LE),78,Dépendance,0,0,6293,2022
562500,78610,PERRAY-EN-YVELINES (LE),78,Maison,128,7,6293,2022
562500,78610,PERRAY-EN-YVELINES (LE),78,Dépendance,0,0,1962,2022
420500,78700,CONFLANS SAINTE HONORINE,78,Maison,66,4,604,2022
716880,78780,MAURECOURT,78,Dépendance,0,0,477,2022
716880,78780,MAURECOURT,78,Maison,92,3,477,2022
1610000,78600,MAISONS-LAFFITTE,78,Maison,78,4,475,2022
256000,78711,MANTES-LA-VILLE,78,Maison,108,6,156,2022
210000,78955,CARRIERES SOUS POISSY,78,Dépendance,0,0,200,2022
210000,78955,CARRIERES SOUS POISSY,78,Maison,56,3,200,2022
305000,78700,CONFLANS SAINTE HONORINE,78,Maison,94,4,63,2022
386950,78950,GAMBAIS,78,Maison,153,5,224,2022
1652200,78000,VERSAILLES,78,Maison,180,9,184,2022
329000,78510,TRIEL SUR SEINE,78,Maison,38,2,256,2022
329000,78510,TRIEL SUR SEINE,78,Maison,80,4,256,2022
329000,78510,TRIEL SUR SEINE,78,Dépendance,0,0,256,2022
336000,78700,CONFLANS SAINTE HONORINE,78,Dépendance,0,0,239,2022
336000,78700,CONFLANS SAINTE HONORINE,78,Maison,48,2,239,2022
335000,78440,PORCHEVILLE,78,Maison,81,5,671,2022
700000,78700,CONFLANS SAINTE HONORINE,78,Maison,138,6,592,2022
700000,78700,CONFLANS SAINTE HONORINE,78,Maison,138,6,500,2022
650000,78700,CONFLANS SAINTE HONORINE,78,Maison,139,6,758,2022
630000,78960,VOISINS-LE-BRETONNEUX,78,Maison,70,2,580,2022
265000,78600,MAISONS-LAFFITTE,78,Maison,65,4,37,2022
462800,78711,MANTES-LA-VILLE,78,Maison,152,6,478,2022
330000,78470,SAINT-REMY-LES-CHEVREUSE,78,Maison,70,3,421,2022
330000,78114,MAGNY-LES-HAMEAUX,78,Maison,110,5,208,2022
300000,78500,SARTROUVILLE,78,Dépendance,0,0,312,2022
300000,78500,SARTROUVILLE,78,Maison,64,3,312,2022
1224000,78600,MAISONS-LAFFITTE,78,Maison,180,6,899,2022
850000,78720,CERNAY-LA-VILLE,78,Appartement,29,2,172,2022
850000,78720,CERNAY-LA-VILLE,78,Dépendance,0,0,172,2022
850000,78720,CERNAY-LA-VILLE,78,Appartement,100,4,172,2022
850000,78720,CERNAY-LA-VILLE,78,Local industriel. commercial ou assimilé,50,0,1200,2022
850000,78720,CERNAY-LA-VILLE,78,Local industriel. commercial ou assimilé,50,0,2673,2022
850000,78720,CERNAY-LA-VILLE,78,Appartement,25,1,148,2022
992182,78290,CROISSY SUR SEINE,78,Maison,134,4,699,2022
388305,78370,PLAISIR,78,Maison,102,4,219,2022
307000,78450,VILLEPREUX,78,Maison,72,4,104,2022
522300,78860,SAINT-NOM-LA-BRETECHE,78,Dépendance,0,0,108,2022
522300,78860,SAINT-NOM-LA-BRETECHE,78,Maison,119,4,108,2022
307000,78450,VILLEPREUX,78,Maison,90,5,113,2022
75000,78820,JUZIERS,78,Maison,50,3,505,2022
261700,78130,MUREAUX (LES),78,Maison,82,4,198,2022
185000,78200,SOINDRES,78,Maison,90,3,415,2022
783950,78440,FONTENAY-SAINT-PERE,78,Dépendance,0,0,1343,2022
783950,78440,FONTENAY-SAINT-PERE,78,Maison,230,4,1343,2022
783950,78440,FONTENAY-SAINT-PERE,78,Dépendance,0,0,500,2022
783950,78440,FONTENAY-SAINT-PERE,78,Maison,230,4,500,2022
562500,78800,HOUILLES,78,Local industriel. commercial ou assimilé,26,0,320,2022
562500,78800,HOUILLES,78,Maison,95,4,320,2022
362550,78740,EVECQUEMONT,78,Maison,90,3,365,2022
362550,78740,EVECQUEMONT,78,Local industriel. commercial ou assimilé,12,0,365,2022
325000,78520,LIMAY,78,Maison,91,5,737,2022
1125000,78640,SAINT-GERMAIN-DE-LA-GRANGE,78,Local industriel. commercial ou assimilé,971,0,2639,2022
451350,78320,MESNIL-SAINT-DENIS (LE),78,Maison,126,5,570,2022
93441,78520,FOLLAINVILLE-DENNEMONT,78,Maison,85,5,529,2022
369700,78830,BONNELLES,78,Maison,64,3,698,2022
449100,78740,EVECQUEMONT,78,Dépendance,0,0,408,2022
449100,78740,EVECQUEMONT,78,Maison,134,5,408,2022
399403,78890,GARANCIERES,78,Dépendance,0,0,419,2022
399403,78890,GARANCIERES,78,Maison,115,6,419,2022
1503500,78100,SAINT-GERMAIN-EN-LAYE,78,Maison,268,9,573,2022
676500,78550,BAZAINVILLE,78,Dépendance,0,0,429,2022
676500,78550,BAZAINVILLE,78,Maison,190,6,429,2022
3050000,78260,ACHERES,78,Local industriel. commercial ou assimilé,1439,0,2295,2022
452000,78890,GARANCIERES,78,Maison,136,5,500,2022
327000,78700,CONFLANS SAINTE HONORINE,78,Maison,59,3,56,2022
400000,78480,VERNEUIL SUR SEINE,78,Maison,101,5,454,2022
102000,78270,BONNIERES-SUR-SEINE,78,Dépendance,0,0,15,2022
180000,78820,JUZIERS,78,Dépendance,0,0,539,2022
180000,78820,JUZIERS,78,Maison,134,4,539,2022
550000,78670,VILLENNES-SUR-SEINE,78,Maison,140,5,1041,2022
22989,78860,SAINT-NOM-LA-BRETECHE,78,Local industriel. commercial ou assimilé,264,0,38316,2022
875000,78490,MESNULS (LES),78,Maison,215,6,677,2022
875000,78490,MESNULS (LES),78,Maison,90,2,677,2022
450000,78210,SAINT-CYR-L ECOLE,78,Maison,268,10,372,2022
429000,78520,LIMAY,78,Maison,162,7,1326,2022
429000,78520,LIMAY,78,Maison,162,7,376,2022
429000,78520,LIMAY,78,Appartement,23,1,1326,2022
429000,78520,LIMAY,78,Appartement,23,1,376,2022
360000,78120,RAMBOUILLET,78,Dépendance,0,0,467,2022
360000,78120,RAMBOUILLET,78,Maison,92,4,467,2022
414159,78660,ABLIS,78,Local industriel. commercial ou assimilé,600,0,2073,2022
691700,78100,SAINT-GERMAIN-EN-LAYE,78,Maison,110,4,335,2022
385000,78270,LIMETZ-VILLEZ,78,Maison,163,5,956,2022
385000,78270,LIMETZ-VILLEZ,78,Dépendance,0,0,500,2022
385000,78270,LIMETZ-VILLEZ,78,Maison,163,5,500,2022
385000,78270,LIMETZ-VILLEZ,78,Dépendance,0,0,956,2022
370350,78114,MAGNY-LES-HAMEAUX,78,Maison,75,4,149,2022
370350,78114,MAGNY-LES-HAMEAUX,78,Local industriel. commercial ou assimilé,0,0,25,2022
450000,78500,SARTROUVILLE,78,Maison,68,3,334,2022
317000,78910,TACOIGNIERES,78,Maison,86,4,200,2022
317000,78910,TACOIGNIERES,78,Maison,86,4,800,2022
325900,78450,VILLEPREUX,78,Maison,90,4,135,2022
368000,78450,VILLEPREUX,78,Maison,87,4,106,2022
220000,78270,LIMETZ-VILLEZ,78,Dépendance,0,0,158,2022
220000,78270,LIMETZ-VILLEZ,78,Maison,80,3,158,2022
706895,78640,NEAUPHLE-LE-VIEUX,78,Maison,158,4,959,2022
706895,78640,NEAUPHLE-LE-VIEUX,78,Maison,31,1,959,2022
706895,78640,NEAUPHLE-LE-VIEUX,78,Dépendance,0,0,959,2022
330350,78711,MANTES-LA-VILLE,78,Maison,101,5,444,2022
330350,78711,MANTES-LA-VILLE,78,Dépendance,0,0,444,2022
304000,78125,HERMERAY,78,Maison,92,4,536,2022
304000,78125,HERMERAY,78,Maison,92,4,600,2022
515000,78510,TRIEL SUR SEINE,78,Maison,140,5,500,2022
515000,78510,TRIEL SUR SEINE,78,Maison,140,5,455,2022
409500,78480,VERNEUIL SUR SEINE,78,Dépendance,0,0,736,2022
409500,78480,VERNEUIL SUR SEINE,78,Maison,97,4,736,2022
240566,78711,MANTES-LA-VILLE,78,Maison,94,4,148,2022
309700,78955,CARRIERES SOUS POISSY,78,Maison,148,5,502,2022
309700,78955,CARRIERES SOUS POISSY,78,Dépendance,0,0,502,2022
266000,78500,SARTROUVILLE,78,Maison,91,4,526,2022
197100,78570,CHANTELOUP-LES-VIGNES,78,Maison,60,3,41,2022
322000,78660,ABLIS,78,Maison,116,6,336,2022
875400,78240,CHAMBOURCY,78,Maison,149,7,615,2022
830000,78600,MAISONS-LAFFITTE,78,Maison,110,5,226,2022
970000,78590,NOISY LE ROI,78,Maison,168,5,395,2022
970000,78590,NOISY LE ROI,78,Maison,168,5,900,2022
535950,78640,SAINT-GERMAIN-DE-LA-GRANGE,78,Maison,133,4,997,2022
580000,78600,MAISONS-LAFFITTE,78,Dépendance,0,0,290,2022
580000,78600,MAISONS-LAFFITTE,78,Maison,72,3,290,2022
750280,78490,MERE,78,Maison,137,5,1098,2022
258942,78190,TRAPPES,78,Maison,60,4,370,2022
278500,78720,SAINT-FORGET,78,Maison,75,3,396,2022
278500,78720,SAINT-FORGET,78,Dépendance,0,0,396,2022
281000,78760,JOUARS-PONTCHARTRAIN,78,Maison,90,4,136,2022
559900,78780,MAURECOURT,78,Maison,117,5,653,2022
340000,78260,ACHERES,78,Dépendance,0,0,504,2022
340000,78260,ACHERES,78,Maison,68,3,504,2022
390000,78570,ANDRESY,78,Maison,62,3,526,2022
365060,78720,SENLISSE,78,Maison,65,4,96,2022
365060,78720,SENLISSE,78,Dépendance,0,0,96,2022
400000,78270,BONNIERES-SUR-SEINE,78,Local industriel. commercial ou assimilé,260,0,273,2022
438000,78570,ANDRESY,78,Maison,124,5,356,2022
358500,78310,MAUREPAS,78,Dépendance,0,0,135,2022
358500,78310,MAUREPAS,78,Maison,89,4,135,2022
395000,78390,BOIS D ARCY,78,Maison,99,4,372,2022
470000,78770,GOUPILLIERES,78,Maison,223,6,377,2022
470000,78770,GOUPILLIERES,78,Dépendance,0,0,377,2022
275000,78650,BEYNES,78,Dépendance,0,0,78,2022
275000,78650,BEYNES,78,Appartement,35,2,78,2022
573000,78480,VERNEUIL SUR SEINE,78,Maison,149,5,500,2022
725410,78940,QUEUE-LES-YVELINES (LA),78,Maison,219,8,500,2022
725410,78940,QUEUE-LES-YVELINES (LA),78,Maison,219,8,1225,2022
638220,78121,CRESPIERES,78,Maison,274,7,894,2022
638220,78121,CRESPIERES,78,Dépendance,0,0,894,2022
625000,78990,ELANCOURT,78,Maison,180,5,500,2022
625000,78990,ELANCOURT,78,Maison,180,5,515,2022
238000,78520,LIMAY,78,Dépendance,0,0,158,2022
238000,78520,LIMAY,78,Appartement,30,2,158,2022
238000,78520,LIMAY,78,Appartement,46,3,158,2022
615000,78370,PLAISIR,78,Maison,179,7,909,2022
615000,78370,PLAISIR,78,Maison,179,7,520,2022
438000,78540,VERNOUILLET,78,Maison,91,4,62,2022
318870,78120,SONCHAMP,78,Maison,103,4,320,2022
318870,78120,SONCHAMP,78,Dépendance,0,0,320,2022
507000,78490,GALLUIS,78,Maison,120,4,500,2022
507000,78490,GALLUIS,78,Dépendance,0,0,623,2022
507000,78490,GALLUIS,78,Local industriel. commercial ou assimilé,10,0,500,2022
507000,78490,GALLUIS,78,Dépendance,0,0,500,2022
507000,78490,GALLUIS,78,Maison,120,4,623,2022
507000,78490,GALLUIS,78,Local industriel. commercial ou assimilé,10,0,623,2022
350000,78460,CHEVREUSE,78,Maison,118,3,1000,2022
350000,78460,CHEVREUSE,78,Maison,118,3,2648,2022
445000,78490,BAZOCHES-SUR-GUYONNE,78,Maison,70,3,500,2022
445000,78490,BAZOCHES-SUR-GUYONNE,78,Maison,70,3,1227,2022
249999,78410,AUBERGENVILLE,78,Maison,70,3,542,2022
429850,78450,VILLEPREUX,78,Maison,89,4,310,2022
2486000,78000,VERSAILLES,78,Maison,200,9,768,2022
2486000,78000,VERSAILLES,78,Dépendance,0,0,768,2022
2486000,78000,VERSAILLES,78,Maison,200,9,187,2022
2486000,78000,VERSAILLES,78,Dépendance,0,0,187,2022
410000,78440,GARGENVILLE,78,Appartement,65,3,1086,2022
410000,78440,GARGENVILLE,78,Appartement,76,4,1086,2022
509750,78480,VERNEUIL SUR SEINE,78,Maison,175,8,652,2022
547075,78300,POISSY,78,Maison,160,5,477,2022
340000,78570,CHANTELOUP-LES-VIGNES,78,Maison,105,5,424,2022
250000,78520,LIMAY,78,Maison,70,5,1195,2022
250000,78520,LIMAY,78,Maison,70,5,284,2022
363335,78450,VILLEPREUX,78,Maison,72,4,104,2022
450000,78500,SARTROUVILLE,78,Dépendance,0,0,290,2022
450000,78500,SARTROUVILLE,78,Maison,62,4,290,2022
66500,78660,ALLAINVILLE AUX BOIS,78,Dépendance,0,0,400,2022
280000,78520,LIMAY,78,Maison,114,5,1450,2022
280000,78520,LIMAY,78,Dépendance,0,0,582,2022
280000,78520,LIMAY,78,Dépendance,0,0,1450,2022
280000,78520,LIMAY,78,Maison,114,5,582,2022
207000,78200,MANTES-LA-JOLIE,78,Maison,94,5,282,2022
285000,78550,HOUDAN,78,Maison,93,5,704,2022
285000,78550,HOUDAN,78,Dépendance,0,0,704,2022
200870,78980,LONGNES,78,Maison,92,3,372,2022
793200,78960,VOISINS-LE-BRETONNEUX,78,Dépendance,0,0,513,2022
793200,78960,VOISINS-LE-BRETONNEUX,78,Maison,172,5,513,2022
355000,78920,ECQUEVILLY,78,Maison,99,5,427,2022
300000,78410,AUBERGENVILLE,78,Maison,104,6,382,2022
86688,78650,BEYNES,78,Maison,90,3,165,2022
300000,78520,LIMAY,78,Maison,93,4,429,2022
300000,78520,LIMAY,78,Maison,93,4,124,2022
335065,78124,MAREIL-SUR-MAULDRE,78,Maison,120,5,608,2022
468000,78955,CARRIERES SOUS POISSY,78,Maison,177,7,355,2022
1300000,78120,RAMBOUILLET,78,Local industriel. commercial ou assimilé,1577,0,3623,2022
262000,78980,LONGNES,78,Maison,73,3,620,2022
280000,78126,AULNAY-SUR-MAULDRE,78,Maison,80,3,500,2022
280000,78126,AULNAY-SUR-MAULDRE,78,Maison,80,3,984,2022
220000,78520,LIMAY,78,Maison,38,2,1404,2022
220000,78520,LIMAY,78,Maison,38,2,426,2022
1034920,78170,CELLE-SAINT-CLOUD (LA),78,Maison,120,5,119,2022
1034920,78170,CELLE-SAINT-CLOUD (LA),78,Maison,120,5,600,2022
270000,78470,SAINT-REMY-LES-CHEVREUSE,78,Dépendance,0,0,442,2022
270000,78470,SAINT-REMY-LES-CHEVREUSE,78,Maison,56,3,442,2022
606500,78480,VERNEUIL SUR SEINE,78,Maison,140,5,456,2022
701000,78380,BOUGIVAL,78,Maison,110,5,128,2022
2080200,78380,BOUGIVAL,78,Maison,237,5,100,2022
2080200,78380,BOUGIVAL,78,Maison,237,5,1365,2022
2080200,78380,BOUGIVAL,78,Maison,237,5,300,2022
557000,78700,CONFLANS SAINTE HONORINE,78,Maison,130,6,512,2022
1070400,78670,VILLENNES-SUR-SEINE,78,Local industriel. commercial ou assimilé,150,0,500,2022
1070400,78670,VILLENNES-SUR-SEINE,78,Maison,228,6,500,2022
1070400,78670,VILLENNES-SUR-SEINE,78,Dépendance,0,0,500,2022
1070400,78670,VILLENNES-SUR-SEINE,78,Dépendance,0,0,486,2022
1070400,78670,VILLENNES-SUR-SEINE,78,Local industriel. commercial ou assimilé,150,0,486,2022
1070400,78670,VILLENNES-SUR-SEINE,78,Maison,228,6,486,2022
505000,78340,CLAYES-SOUS-BOIS (LES),78,Maison,129,5,412,2022
505000,78340,CLAYES-SOUS-BOIS (LES),78,Maison,131,5,412,2022
324000,78330,FONTENAY LE FLEURY,78,Maison,75,5,285,2022
487495,78360,MONTESSON,78,Maison,48,4,232,2022
267750,78270,BONNIERES-SUR-SEINE,78,Maison,74,4,617,2022
175000,78840,FRENEUSE,78,Maison,106,3,166,2022
270000,78720,DAMPIERRE-EN-YVELINES,78,Maison,50,3,728,2022
270000,78720,DAMPIERRE-EN-YVELINES,78,Dépendance,0,0,728,2022
270000,78720,DAMPIERRE-EN-YVELINES,78,Dépendance,0,0,500,2022
270000,78720,DAMPIERRE-EN-YVELINES,78,Maison,50,3,500,2022
400000,78700,CONFLANS SAINTE HONORINE,78,Maison,267,7,821,2022
380000,78320,MESNIL-SAINT-DENIS (LE),78,Maison,112,6,805,2022
459000,78650,BEYNES,78,Maison,123,4,768,2022
309000,78440,GARGENVILLE,78,Maison,99,6,633,2022
328500,78120,RAMBOUILLET,78,Maison,119,5,139,2022
1492250,78290,CROISSY SUR SEINE,78,Maison,208,8,400,2022
1492250,78290,CROISSY SUR SEINE,78,Maison,208,8,600,2022
560000,78740,VAUX-SUR-SEINE,78,Maison,202,5,500,2022
560000,78740,VAUX-SUR-SEINE,78,Maison,202,5,1248,2022
2355769,78110,VESINET (LE),78,Maison,216,5,1301,2022
2355769,78110,VESINET (LE),78,Maison,216,5,206,2022
278000,78310,MAUREPAS,78,Maison,81,4,92,2022
350000,78270,BLARU,78,Maison,130,4,6145,2022
350000,78270,BLARU,78,Dépendance,0,0,6145,2022
350000,78270,BLARU,78,Dépendance,0,0,895,2022
350000,78270,BLARU,78,Maison,130,4,895,2022
170000,78930,VERT,78,Dépendance,0,0,420,2022
170000,78930,VERT,78,Maison,83,4,420,2022
345000,78120,RAMBOUILLET,78,Maison,80,4,449,2022
445000,78300,POISSY,78,Dépendance,0,0,304,2022
445000,78300,POISSY,78,Maison,80,3,304,2022
741000,78180,MONTIGNY LE BRETONNEUX,78,Dépendance,0,0,354,2022
741000,78180,MONTIGNY LE BRETONNEUX,78,Maison,155,6,354,2022
367300,78570,ANDRESY,78,Maison,83,5,363,2022
681000,78480,VERNEUIL SUR SEINE,78,Maison,147,5,354,2022
1593500,78620,ETANG-LA-VILLE (L ),78,Dépendance,0,0,500,2022
1593500,78620,ETANG-LA-VILLE (L ),78,Maison,207,7,500,2022
1593500,78620,ETANG-LA-VILLE (L ),78,Maison,207,7,636,2022
1593500,78620,ETANG-LA-VILLE (L ),78,Dépendance,0,0,636,2022
590000,78125,BOISSIERE-ECOLE (LA),78,Dépendance,0,0,952,2022
590000,78125,BOISSIERE-ECOLE (LA),78,Maison,163,5,952,2022
455000,78960,VOISINS-LE-BRETONNEUX,78,Dépendance,0,0,12,2022
455000,78960,VOISINS-LE-BRETONNEUX,78,Maison,81,4,310,2022
415000,78280,GUYANCOURT,78,Maison,90,4,214,2022
415000,78280,GUYANCOURT,78,Dépendance,0,0,214,2022
549370,78580,MAULE,78,Maison,92,5,636,2022
549370,78580,MAULE,78,Maison,92,5,500,2022
340000,78250,MEZY-SUR-SEINE,78,Dépendance,0,0,565,2022
340000,78250,MEZY-SUR-SEINE,78,Appartement,26,1,565,2022
340000,78250,MEZY-SUR-SEINE,78,Maison,163,6,565,2022
572600,78500,SARTROUVILLE,78,Maison,116,6,359,2022
629000,78860,SAINT-NOM-LA-BRETECHE,78,Maison,125,5,400,2022
533850,78640,SAINT-GERMAIN-DE-LA-GRANGE,78,Maison,136,5,600,2022
1675540,78430,LOUVECIENNES,78,Maison,243,7,500,2022
1675540,78430,LOUVECIENNES,78,Local industriel. commercial ou assimilé,152,0,1220,2022
1675540,78430,LOUVECIENNES,78,Local industriel. commercial ou assimilé,32,0,500,2022
1675540,78430,LOUVECIENNES,78,Local industriel. commercial ou assimilé,152,0,500,2022
1675540,78430,LOUVECIENNES,78,Dépendance,0,0,500,2022
1675540,78430,LOUVECIENNES,78,Maison,22,1,500,2022
1675540,78430,LOUVECIENNES,78,Maison,243,7,1220,2022
1675540,78430,LOUVECIENNES,78,Local industriel. commercial ou assimilé,32,0,1220,2022
1675540,78430,LOUVECIENNES,78,Maison,22,1,1220,2022
1675540,78430,LOUVECIENNES,78,Dépendance,0,0,1220,2022
282800,78130,MUREAUX (LES),78,Maison,99,4,456,2022
650000,78630,ORGEVAL,78,Local industriel. commercial ou assimilé,262,0,178,2022
395000,78470,SAINT-REMY-LES-CHEVREUSE,78,Maison,70,3,715,2022
615668,78470,SAINT-REMY-LES-CHEVREUSE,78,Maison,155,4,976,2022
313000,78370,PLAISIR,78,Maison,88,4,114,2022
313000,78370,PLAISIR,78,Dépendance,0,0,114,2022
323000,78920,ECQUEVILLY,78,Maison,123,7,475,2022
262000,78830,BONNELLES,78,Maison,75,4,295,2022
775320,78720,DAMPIERRE-EN-YVELINES,78,Maison,300,7,615,2022
310000,78440,GUITRANCOURT,78,Maison,134,4,593,2022
255000,78410,AUBERGENVILLE,78,Local industriel. commercial ou assimilé,176,0,490,2022
240000,78440,PORCHEVILLE,78,Maison,50,4,71,2022
240000,78440,PORCHEVILLE,78,Local industriel. commercial ou assimilé,84,0,71,2022
733800,78400,CHATOU,78,Maison,89,4,204,2022
186000,78520,FOLLAINVILLE-DENNEMONT,78,Maison,75,4,500,2022
302000,78711,MANTES-LA-VILLE,78,Maison,111,4,313,2022
259000,78200,MANTES-LA-JOLIE,78,Dépendance,0,0,279,2022
259000,78200,MANTES-LA-JOLIE,78,Maison,58,4,279,2022
410000,78130,MUREAUX (LES),78,Maison,152,7,400,2022
353000,78270,BLARU,78,Maison,70,3,1720,2022
353000,78270,BLARU,78,Maison,70,3,500,2022
260000,78440,PORCHEVILLE,78,Dépendance,0,0,191,2022
260000,78440,PORCHEVILLE,78,Maison,90,5,191,2022
200000,78910,TACOIGNIERES,78,Maison,93,6,567,2022
200000,78910,TACOIGNIERES,78,Maison,30,2,567,2022
200000,78910,TACOIGNIERES,78,Dépendance,0,0,1300,2022
200000,78910,TACOIGNIERES,78,Maison,30,2,1300,2022
200000,78910,TACOIGNIERES,78,Maison,93,6,1300,2022
200000,78910,TACOIGNIERES,78,Dépendance,0,0,567,2022
45000,78790,ROSAY,78,Maison,55,3,144,2022
550000,78340,CLAYES-SOUS-BOIS (LES),78,Maison,74,5,443,2022
305000,78120,RAMBOUILLET,78,Maison,91,6,363,2022
315000,78550,GRESSEY,78,Dépendance,0,0,500,2022
315000,78550,GRESSEY,78,Maison,120,4,319,2022
315000,78550,GRESSEY,78,Local industriel. commercial ou assimilé,100,0,319,2022
315000,78550,GRESSEY,78,Local industriel. commercial ou assimilé,30,0,319,2022
315000,78550,GRESSEY,78,Dépendance,0,0,319,2022
315000,78550,GRESSEY,78,Maison,120,4,500,2022
315000,78550,GRESSEY,78,Local industriel. commercial ou assimilé,100,0,500,2022
315000,78550,GRESSEY,78,Local industriel. commercial ou assimilé,30,0,500,2022
470000,78310,COIGNIERES,78,Maison,59,2,10000,2022
470000,78310,COIGNIERES,78,Maison,190,5,10000,2022
470000,78310,COIGNIERES,78,Maison,70,6,3272,2022
470000,78310,COIGNIERES,78,Maison,59,2,3272,2022
470000,78310,COIGNIERES,78,Maison,190,5,3272,2022
470000,78310,COIGNIERES,78,Maison,70,6,10000,2022
259000,78125,RAIZEUX,78,Maison,108,5,710,2022
259000,78125,RAIZEUX,78,Dépendance,0,0,710,2022
380000,78800,HOUILLES,78,Maison,60,4,288,2022
820000,78590,NOISY LE ROI,78,Maison,166,7,539,2022
189000,78200,MANTES-LA-JOLIE,78,Maison,60,3,78,2022
215000,78520,LIMAY,78,Maison,120,6,500,2022
215000,78520,LIMAY,78,Maison,120,6,410,2022
457800,78630,ORGEVAL,78,Maison,71,3,161,2022
815900,78630,ORGEVAL,78,Maison,147,4,808,2022
180000,78200,MANTES-LA-JOLIE,78,Maison,49,3,223,2022
180000,78200,MANTES-LA-JOLIE,78,Dépendance,0,0,223,2022
529000,78360,MONTESSON,78,Maison,113,6,67,2022
212500,78711,MANTES-LA-VILLE,78,Maison,72,3,286,2022
315000,78700,CONFLANS SAINTE HONORINE,78,Maison,59,2,197,2022
850000,78170,CELLE-SAINT-CLOUD (LA),78,Maison,138,5,587,2022
320000,78520,LIMAY,78,Maison,118,6,600,2022
320000,78520,LIMAY,78,Maison,118,6,875,2022
539450,78950,GAMBAIS,78,Maison,74,4,500,2022
539450,78950,GAMBAIS,78,Maison,74,4,509,2022
592100,78830,BULLION,78,Maison,210,8,500,2022
592100,78830,BULLION,78,Maison,210,8,928,2022
400000,78730,ROCHEFORT-EN-YVELINES,78,Dépendance,0,0,220,2022
400000,78730,ROCHEFORT-EN-YVELINES,78,Maison,80,5,220,2022
40000,78120,RAMBOUILLET,78,Dépendance,0,0,38,2022
40000,78120,RAMBOUILLET,78,Dépendance,0,0,40,2022
290000,78200,MANTES-LA-JOLIE,78,Maison,109,5,457,2022
695000,78114,MAGNY-LES-HAMEAUX,78,Maison,148,5,591,2022
695000,78114,MAGNY-LES-HAMEAUX,78,Dépendance,0,0,591,2022
300000,78710,ROSNY-SUR-SEINE,78,Maison,106,4,645,2022
342000,78580,JUMEAUVILLE,78,Maison,95,5,324,2022
240000,78790,SEPTEUIL,78,Maison,156,6,1000,2022
333500,78650,BEYNES,78,Maison,82,4,425,2022
7200000,78140,VELIZY VILLACOUBLAY,78,Local industriel. commercial ou assimilé,2200,0,3644,2022
582300,78770,VILLIERS-LE-MAHIEU,78,Dépendance,0,0,371,2022
582300,78770,VILLIERS-LE-MAHIEU,78,Maison,237,6,371,2022
660000,78390,BOIS D ARCY,78,Maison,59,3,113,2022
660000,78390,BOIS D ARCY,78,Dépendance,0,0,1014,2022
660000,78390,BOIS D ARCY,78,Maison,167,6,1014,2022
380500,78980,BREVAL,78,Maison,141,5,2010,2022
380500,78980,BREVAL,78,Maison,141,5,500,2022
340000,78440,JAMBVILLE,78,Dépendance,0,0,500,2022
340000,78440,JAMBVILLE,78,Maison,163,4,500,2022
340000,78440,JAMBVILLE,78,Dépendance,0,0,379,2022
340000,78440,JAMBVILLE,78,Maison,163,4,379,2022
275000,78200,MANTES-LA-JOLIE,78,Maison,110,4,380,2022
255000,78440,ISSOU,78,Maison,90,3,227,2022
590000,78140,VELIZY VILLACOUBLAY,78,Maison,82,4,474,2022
321000,78510,TRIEL SUR SEINE,78,Maison,106,7,118,2022
439000,78440,LAINVILLE-EN-VEXIN,78,Maison,159,6,469,2022
439000,78440,LAINVILLE-EN-VEXIN,78,Maison,159,6,500,2022
1360000,78790,COURGENT,78,Maison,700,12,925,2022
87500,78830,BULLION,78,Dépendance,0,0,395,2022
87500,78830,BULLION,78,Maison,144,4,395,2022
116000,78660,PRUNAY-EN-YVELINES,78,Maison,95,5,130,2022
390788,78540,VERNOUILLET,78,Maison,110,4,455,2022
560000,78580,ALLUETS-LE-ROI (LES),78,Maison,98,3,1040,2022
411000,78550,BAZAINVILLE,78,Maison,145,7,500,2022
411000,78550,BAZAINVILLE,78,Maison,145,7,508,2022
57155,78700,CONFLANS SAINTE HONORINE,78,Dépendance,0,0,313,2022
57155,78700,CONFLANS SAINTE HONORINE,78,Maison,107,5,313,2022
330000,78990,ELANCOURT,78,Maison,111,5,174,2022
686000,78112,SAINT-GERMAIN-EN-LAYE,78,Maison,81,5,74,2022
402750,78440,DROCOURT,78,Maison,168,6,500,2022
402750,78440,DROCOURT,78,Maison,168,6,1355,2022
490000,78800,HOUILLES,78,Dépendance,0,0,482,2022
490000,78800,HOUILLES,78,Maison,108,5,482,2022
590000,78230,PECQ (LE),78,Maison,83,3,484,2022
285000,78390,BOIS D ARCY,78,Dépendance,0,0,224,2022
285000,78390,BOIS D ARCY,78,Maison,57,3,224,2022
320000,78800,HOUILLES,78,Local industriel. commercial ou assimilé,270,0,162,2022
540000,78500,SARTROUVILLE,78,Maison,100,4,313,2022
490000,78200,MANTES-LA-JOLIE,78,Local industriel. commercial ou assimilé,165,0,862,2022
490000,78200,MANTES-LA-JOLIE,78,Local industriel. commercial ou assimilé,132,0,862,2022
424000,78124,MONTAINVILLE,78,Maison,120,4,313,2022
235050,78440,BRUEIL-EN-VEXIN,78,Maison,85,4,158,2022
679720,78490,GROSROUVRE,78,Maison,163,7,2515,2022
400000,78140,VELIZY VILLACOUBLAY,78,Maison,38,3,197,2022
400000,78140,VELIZY VILLACOUBLAY,78,Dépendance,0,0,197,2022
1105770,78600,MAISONS-LAFFITTE,78,Dépendance,0,0,405,2022
1105770,78600,MAISONS-LAFFITTE,78,Maison,139,6,405,2022
255000,78270,BENNECOURT,78,Maison,117,4,655,2022
280000,78700,CONFLANS SAINTE HONORINE,78,Maison,179,7,489,2022
420000,78250,HARDRICOURT,78,Maison,187,6,1117,2022
814000,78810,FEUCHEROLLES,78,Maison,185,6,920,2022
814000,78810,FEUCHEROLLES,78,Dépendance,0,0,920,2022
385800,78650,BEYNES,78,Maison,95,4,439,2022
551000,78210,SAINT-CYR-L ECOLE,78,Maison,113,5,388,2022
730000,78100,SAINT-GERMAIN-EN-LAYE,78,Local industriel. commercial ou assimilé,390,0,89,2022
515320,78910,TACOIGNIERES,78,Maison,142,6,633,2022
4253476,78270,BLARU,78,Dépendance,0,0,6145,2022
4253476,78270,BLARU,78,Maison,130,4,895,2022
4253476,78270,BLARU,78,Dépendance,0,0,895,2022
4253476,78270,BLARU,78,Maison,130,4,6145,2022
444500,78280,GUYANCOURT,78,Maison,78,4,168,2022
710000,78740,VAUX-SUR-SEINE,78,Dépendance,0,0,500,2022
710000,78740,VAUX-SUR-SEINE,78,Dépendance,0,0,557,2022
710000,78740,VAUX-SUR-SEINE,78,Maison,130,5,557,2022
710000,78740,VAUX-SUR-SEINE,78,Maison,130,5,500,2022
408000,78450,VILLEPREUX,78,Dépendance,0,0,163,2022
408000,78450,VILLEPREUX,78,Maison,87,4,163,2022
525000,78490,GROSROUVRE,78,Maison,124,4,479,2022
689800,78750,MAREIL-MARLY,78,Dépendance,0,0,500,2022
689800,78750,MAREIL-MARLY,78,Dépendance,0,0,313,2022
689800,78750,MAREIL-MARLY,78,Maison,61,3,313,2022
689800,78750,MAREIL-MARLY,78,Maison,61,3,500,2022
320000,78570,ANDRESY,78,Dépendance,0,0,835,2022
320000,78570,ANDRESY,78,Maison,57,3,835,2022
544606,78480,VERNEUIL SUR SEINE,78,Local industriel. commercial ou assimilé,11,0,232,2022
544606,78480,VERNEUIL SUR SEINE,78,Maison,137,5,232,2022
525000,78260,ACHERES,78,Dépendance,0,0,466,2022
525000,78260,ACHERES,78,Maison,72,3,466,2022
280000,78470,SAINT-REMY-LES-CHEVREUSE,78,Local industriel. commercial ou assimilé,50,0,126,2022
230000,78410,NEZEL,78,Local industriel. commercial ou assimilé,38,0,350,2022
230000,78410,NEZEL,78,Maison,158,4,350,2022
730000,78360,MONTESSON,78,Maison,145,4,276,2022
334000,78440,GARGENVILLE,78,Maison,129,6,664,2022
3032343,78100,SAINT-GERMAIN-EN-LAYE,78,Maison,65,4,499,2022
3032343,78100,SAINT-GERMAIN-EN-LAYE,78,Dépendance,0,0,427,2022
3032343,78100,SAINT-GERMAIN-EN-LAYE,78,Appartement,60,3,427,2022
3032343,78100,SAINT-GERMAIN-EN-LAYE,78,Appartement,94,5,427,2022
3032343,78100,SAINT-GERMAIN-EN-LAYE,78,Maison,65,4,424,2022
790000,78140,VELIZY VILLACOUBLAY,78,Maison,110,4,240,2022
1040000,78580,HERBEVILLE,78,Maison,210,6,500,2022
1040000,78580,HERBEVILLE,78,Dépendance,0,0,500,2022
1040000,78580,HERBEVILLE,78,Maison,210,6,1455,2022
1040000,78580,HERBEVILLE,78,Dépendance,0,0,1455,2022
460500,78700,CONFLANS SAINTE HONORINE,78,Maison,66,3,560,2022
1179150,78590,NOISY LE ROI,78,Maison,161,5,1750,2022
1179150,78590,NOISY LE ROI,78,Maison,161,5,451,2022
3574000,78100,SAINT-GERMAIN-EN-LAYE,78,Maison,297,9,620,2022
3574000,78100,SAINT-GERMAIN-EN-LAYE,78,Maison,297,9,280,2022
505000,78200,MANTES-LA-JOLIE,78,Maison,150,7,469,2022
505000,78200,MANTES-LA-JOLIE,78,Dépendance,0,0,469,2022
94998,78210,SAINT-CYR-L ECOLE,78,Local industriel. commercial ou assimilé,130,0,10322,2022
94998,78210,SAINT-CYR-L ECOLE,78,Local industriel. commercial ou assimilé,120,0,10322,2022
94998,78210,SAINT-CYR-L ECOLE,78,Local industriel. commercial ou assimilé,35,0,10322,2022
94998,78210,SAINT-CYR-L ECOLE,78,Local industriel. commercial ou assimilé,105,0,10322,2022
94998,78210,SAINT-CYR-L ECOLE,78,Local industriel. commercial ou assimilé,60,0,10322,2022
94998,78210,SAINT-CYR-L ECOLE,78,Local industriel. commercial ou assimilé,680,0,10322,2022
94998,78210,SAINT-CYR-L ECOLE,78,Local industriel. commercial ou assimilé,200,0,10322,2022
94998,78210,SAINT-CYR-L ECOLE,78,Local industriel. commercial ou assimilé,656,0,10322,2022
94998,78210,SAINT-CYR-L ECOLE,78,Local industriel. commercial ou assimilé,150,0,10322,2022
94998,78210,SAINT-CYR-L ECOLE,78,Local industriel. commercial ou assimilé,550,0,10322,2022
94998,78210,SAINT-CYR-L ECOLE,78,Local industriel. commercial ou assimilé,180,0,10322,2022
94998,78210,SAINT-CYR-L ECOLE,78,Local industriel. commercial ou assimilé,324,0,10322,2022
94998,78210,SAINT-CYR-L ECOLE,78,Local industriel. commercial ou assimilé,50,0,10322,2022
94998,78210,SAINT-CYR-L ECOLE,78,Local industriel. commercial ou assimilé,360,0,10322,2022
94998,78210,SAINT-CYR-L ECOLE,78,Local industriel. commercial ou assimilé,51,0,10322,2022
94998,78210,SAINT-CYR-L ECOLE,78,Local industriel. commercial ou assimilé,133,0,10322,2022
94998,78210,SAINT-CYR-L ECOLE,78,Local industriel. commercial ou assimilé,678,0,10322,2022
94998,78210,SAINT-CYR-L ECOLE,78,Local industriel. commercial ou assimilé,451,0,10322,2022
94998,78210,SAINT-CYR-L ECOLE,78,Local industriel. commercial ou assimilé,400,0,10322,2022
94998,78210,SAINT-CYR-L ECOLE,78,Local industriel. commercial ou assimilé,0,0,10322,2022
94998,78210,SAINT-CYR-L ECOLE,78,Local industriel. commercial ou assimilé,100,0,10322,2022
359000,78510,TRIEL SUR SEINE,78,Maison,96,5,88,2022
541500,78410,BOUAFLE,78,Maison,126,5,960,2022
541500,78410,BOUAFLE,78,Dépendance,0,0,960,2022
159376,78150,LE CHESNAY-ROCQUENCOURT,78,Maison,60,4,240,2022
159376,78150,LE CHESNAY-ROCQUENCOURT,78,Maison,60,4,205,2022
159376,78150,LE CHESNAY-ROCQUENCOURT,78,Maison,58,4,196,2022
159376,78150,LE CHESNAY-ROCQUENCOURT,78,Maison,59,4,440,2022
159376,78150,LE CHESNAY-ROCQUENCOURT,78,Maison,60,4,200,2022
159376,78150,LE CHESNAY-ROCQUENCOURT,78,Maison,60,4,234,2022
159376,78150,LE CHESNAY-ROCQUENCOURT,78,Maison,59,4,285,2022
159376,78150,LE CHESNAY-ROCQUENCOURT,78,Maison,59,4,256,2022
159376,78150,LE CHESNAY-ROCQUENCOURT,78,Maison,60,4,242,2022
159376,78150,LE CHESNAY-ROCQUENCOURT,78,Maison,60,4,214,2022
159376,78150,LE CHESNAY-ROCQUENCOURT,78,Maison,59,4,218,2022
159376,78150,LE CHESNAY-ROCQUENCOURT,78,Maison,49,3,170,2022
159376,78150,LE CHESNAY-ROCQUENCOURT,78,Maison,58,4,222,2022
159376,78150,LE CHESNAY-ROCQUENCOURT,78,Maison,59,4,227,2022
159376,78150,LE CHESNAY-ROCQUENCOURT,78,Maison,49,3,167,2022
159376,78150,LE CHESNAY-ROCQUENCOURT,78,Maison,59,4,229,2022
159376,78150,LE CHESNAY-ROCQUENCOURT,78,Maison,58,4,210,2022
159376,78150,LE CHESNAY-ROCQUENCOURT,78,Maison,49,3,180,2022
159376,78150,LE CHESNAY-ROCQUENCOURT,78,Maison,49,3,135,2022
159376,78150,LE CHESNAY-ROCQUENCOURT,78,Maison,59,4,180,2022
159376,78150,LE CHESNAY-ROCQUENCOURT,78,Maison,58,4,164,2022
159376,78150,LE CHESNAY-ROCQUENCOURT,78,Maison,58,4,177,2022
159376,78150,LE CHESNAY-ROCQUENCOURT,78,Maison,58,4,237,2022
159376,78150,LE CHESNAY-ROCQUENCOURT,78,Maison,58,4,288,2022
159376,78150,LE CHESNAY-ROCQUENCOURT,78,Maison,59,4,272,2022
159376,78150,LE CHESNAY-ROCQUENCOURT,78,Maison,59,4,254,2022
471728,78450,VILLEPREUX,78,Maison,85,5,600,2022
471728,78450,VILLEPREUX,78,Maison,85,5,830,2022
380912,78990,ELANCOURT,78,Maison,116,4,210,2022
200000,78270,BONNIERES-SUR-SEINE,78,Maison,104,4,650,2022
315000,78550,GRESSEY,78,Maison,134,5,552,2022
315000,78550,GRESSEY,78,Maison,134,5,500,2022
1300000,78100,SAINT-GERMAIN-EN-LAYE,78,Maison,200,10,423,2022
406000,78510,TRIEL SUR SEINE,78,Maison,109,4,727,2022
507100,78730,SAINT-ARNOULT-EN-YVELINES,78,Maison,51,2,340,2022
507100,78730,SAINT-ARNOULT-EN-YVELINES,78,Dépendance,0,0,340,2022
494900,78580,HERBEVILLE,78,Maison,140,4,355,2022
445070,78680,EPONE,78,Dépendance,0,0,600,2022
445070,78680,EPONE,78,Maison,88,4,600,2022
445070,78680,EPONE,78,Dépendance,0,0,658,2022
445070,78680,EPONE,78,Maison,88,4,658,2022
635000,78114,MAGNY-LES-HAMEAUX,78,Maison,89,3,492,2022
635000,78114,MAGNY-LES-HAMEAUX,78,Maison,89,3,500,2022
144000,78270,GOMMECOURT,78,Maison,78,2,150,2022
240000,78840,FRENEUSE,78,Maison,68,4,395,2022
182000,78840,FRENEUSE,78,Maison,73,4,547,2022
415000,78780,MAURECOURT,78,Maison,85,3,189,2022
415000,78780,MAURECOURT,78,Dépendance,0,0,189,2022
1225780,78620,ETANG-LA-VILLE (L ),78,Maison,189,5,994,2022
1225780,78620,ETANG-LA-VILLE (L ),78,Maison,189,5,500,2022
197000,78270,MERICOURT,78,Dépendance,0,0,579,2022
197000,78270,MERICOURT,78,Maison,60,3,579,2022
86000,78710,ROSNY-SUR-SEINE,78,Maison,65,3,75,2022
86000,78710,ROSNY-SUR-SEINE,78,Dépendance,0,0,75,2022
303000,78730,SAINT-ARNOULT-EN-YVELINES,78,Maison,83,5,454,2022
1015000,78490,GROSROUVRE,78,Dépendance,0,0,500,2022
1015000,78490,GROSROUVRE,78,Dépendance,0,0,737,2022
1015000,78490,GROSROUVRE,78,Maison,200,4,500,2022
1015000,78490,GROSROUVRE,78,Maison,200,4,737,2022
300000,78200,SOINDRES,78,Maison,142,5,500,2022
300000,78200,SOINDRES,78,Maison,142,5,156,2022
276552,78980,LONGNES,78,Maison,103,6,656,2022
1200000,78150,LE CHESNAY-ROCQUENCOURT,78,Maison,140,7,460,2022
262500,78700,CONFLANS SAINTE HONORINE,78,Maison,87,6,622,2022
354000,78120,RAMBOUILLET,78,Dépendance,0,0,44,2022
354000,78120,RAMBOUILLET,78,Maison,116,5,608,2022
375000,78111,DAMMARTIN EN SERVE,78,Maison,120,4,275,2022
1310000,78400,CHATOU,78,Maison,153,7,518,2022
387345,78610,PERRAY-EN-YVELINES (LE),78,Maison,81,5,303,2022
170000,78125,BOISSIERE-ECOLE (LA),78,Maison,70,4,102,2022
170000,78125,BOISSIERE-ECOLE (LA),78,Dépendance,0,0,102,2022
931000,78240,CHAMBOURCY,78,Maison,152,5,477,2022
655000,78590,NOISY LE ROI,78,Maison,120,6,581,2022
260000,78125,GAZERAN,78,Maison,63,4,590,2022
250000,78950,GAMBAIS,78,Dépendance,0,0,232,2022
250000,78950,GAMBAIS,78,Maison,121,5,232,2022
88000,78430,LOUVECIENNES,78,Maison,45,2,97,2022
44000,78430,LOUVECIENNES,78,Maison,45,2,97,2022
417000,78500,SARTROUVILLE,78,Maison,62,3,522,2022
205000,78520,LIMAY,78,Dépendance,0,0,380,2022
205000,78520,LIMAY,78,Maison,60,3,380,2022
197600,78200,MANTES-LA-JOLIE,78,Maison,69,4,402,2022
240000,78440,JAMBVILLE,78,Maison,65,3,632,2022
240000,78440,JAMBVILLE,78,Dépendance,0,0,632,2022
240000,78440,JAMBVILLE,78,Dépendance,0,0,500,2022
240000,78440,JAMBVILLE,78,Maison,65,3,500,2022
1400000,78100,SAINT-GERMAIN-EN-LAYE,78,Local industriel. commercial ou assimilé,144,0,155,2022
1400000,78100,SAINT-GERMAIN-EN-LAYE,78,Maison,131,6,155,2022
1400000,78100,SAINT-GERMAIN-EN-LAYE,78,Local industriel. commercial ou assimilé,318,0,155,2022
372060,78740,VAUX-SUR-SEINE,78,Maison,120,3,303,2022
165000,78520,GUERNES,78,Maison,25,2,194,2022
261122,78980,BREVAL,78,Maison,83,5,500,2022
261122,78980,BREVAL,78,Maison,83,5,2625,2022
299900,78980,LONGNES,78,Maison,97,4,727,2022
299900,78980,LONGNES,78,Maison,97,4,500,2022
792800,78610,BREVIAIRES (LES),78,Maison,125,4,2777,2022
580000,78270,BLARU,78,Maison,296,7,1000,2022
580000,78270,BLARU,78,Maison,296,7,18478,2022
1000000,78400,CHATOU,78,Maison,63,3,293,2022
9100000,78630,ORGEVAL,78,Local industriel. commercial ou assimilé,7144,0,18612,2022
775000,78400,CHATOU,78,Appartement,34,2,123,2022
775000,78400,CHATOU,78,Appartement,35,2,123,2022
775000,78400,CHATOU,78,Appartement,36,2,123,2022
775000,78400,CHATOU,78,Appartement,21,1,123,2022
775000,78400,CHATOU,78,Appartement,30,2,123,2022
775000,78400,CHATOU,78,Appartement,20,1,123,2022
1202000,78400,CHATOU,78,Maison,90,5,389,2022
440000,78480,VERNEUIL SUR SEINE,78,Local industriel. commercial ou assimilé,146,0,150,2022
215000,78440,LAINVILLE-EN-VEXIN,78,Dépendance,0,0,500,2022
215000,78440,LAINVILLE-EN-VEXIN,78,Maison,90,5,500,2022
215000,78440,LAINVILLE-EN-VEXIN,78,Maison,90,5,1037,2022
215000,78440,LAINVILLE-EN-VEXIN,78,Dépendance,0,0,1037,2022
1080800,78220,VIROFLAY,78,Maison,159,5,383,2022
542000,78360,MONTESSON,78,Maison,85,4,376,2022
2707800,78610,SAINT-LEGER-EN-YVELINES,78,Dépendance,0,0,7661,2022
2707800,78610,SAINT-LEGER-EN-YVELINES,78,Maison,392,11,7661,2022
2707800,78610,SAINT-LEGER-EN-YVELINES,78,Local industriel. commercial ou assimilé,41,0,7661,2022
2707800,78610,SAINT-LEGER-EN-YVELINES,78,Local industriel. commercial ou assimilé,41,0,14233,2022
2707800,78610,SAINT-LEGER-EN-YVELINES,78,Dépendance,0,0,14233,2022
2707800,78610,SAINT-LEGER-EN-YVELINES,78,Maison,392,11,500,2022
2707800,78610,SAINT-LEGER-EN-YVELINES,78,Local industriel. commercial ou assimilé,41,0,500,2022
2707800,78610,SAINT-LEGER-EN-YVELINES,78,Dépendance,0,0,500,2022
2707800,78610,SAINT-LEGER-EN-YVELINES,78,Maison,392,11,14233,2022
1172600,78240,CHAMBOURCY,78,Maison,240,8,549,2022
1172600,78240,CHAMBOURCY,78,Maison,240,8,1600,2022
255000,78520,GUERNES,78,Dépendance,0,0,841,2022
255000,78520,GUERNES,78,Maison,158,5,841,2022
473350,78480,VERNEUIL SUR SEINE,78,Maison,108,5,205,2022
430000,78500,SARTROUVILLE,78,Maison,49,3,289,2022
380000,78910,TACOIGNIERES,78,Dépendance,0,0,500,2022
380000,78910,TACOIGNIERES,78,Maison,160,5,500,2022
530000,78700,CONFLANS SAINTE HONORINE,78,Appartement,48,2,289,2022
530000,78700,CONFLANS SAINTE HONORINE,78,Dépendance,0,0,289,2022
530000,78700,CONFLANS SAINTE HONORINE,78,Appartement,54,3,289,2022
405000,78125,ORPHIN,78,Dépendance,0,0,550,2022
405000,78125,ORPHIN,78,Maison,73,5,800,2022
405000,78125,ORPHIN,78,Dépendance,0,0,800,2022
405000,78125,ORPHIN,78,Maison,73,5,550,2022
1655000,78300,POISSY,78,Dépendance,0,0,205,2022
1655000,78300,POISSY,78,Local industriel. commercial ou assimilé,56,0,205,2022
1655000,78300,POISSY,78,Appartement,55,3,205,2022
1655000,78300,POISSY,78,Appartement,35,2,205,2022
1655000,78300,POISSY,78,Appartement,40,2,205,2022
1655000,78300,POISSY,78,Appartement,55,2,205,2022
1655000,78300,POISSY,78,Appartement,50,2,205,2022
1655000,78300,POISSY,78,Local industriel. commercial ou assimilé,15,0,205,2022
1655000,78300,POISSY,78,Local industriel. commercial ou assimilé,76,0,205,2022
1655000,78300,POISSY,78,Appartement,30,1,205,2022
1655000,78300,POISSY,78,Local industriel. commercial ou assimilé,21,0,205,2022
1655000,78300,POISSY,78,Local industriel. commercial ou assimilé,35,0,205,2022
275000,78730,SAINT-ARNOULT-EN-YVELINES,78,Dépendance,0,0,1415,2022
275000,78730,SAINT-ARNOULT-EN-YVELINES,78,Maison,65,3,1415,2022
386000,78200,MANTES-LA-JOLIE,78,Maison,71,3,357,2022
580000,78180,MONTIGNY LE BRETONNEUX,78,Maison,105,5,189,2022
403000,78300,POISSY,78,Maison,53,4,209,2022
330500,78280,GUYANCOURT,78,Dépendance,0,0,97,2022
330500,78280,GUYANCOURT,78,Maison,70,3,97,2022
350000,78125,EMANCE,78,Maison,110,6,140,2022
350000,78125,EMANCE,78,Dépendance,0,0,140,2022
350000,78125,EMANCE,78,Dépendance,0,0,180,2022
350000,78125,EMANCE,78,Maison,110,6,180,2022
260000,78800,HOUILLES,78,Dépendance,0,0,194,2022
260000,78800,HOUILLES,78,Maison,50,3,194,2022
564000,78180,MONTIGNY LE BRETONNEUX,78,Maison,122,5,341,2022
304300,78600,MAISONS-LAFFITTE,78,Maison,64,3,145,2022
685000,78100,SAINT-GERMAIN-EN-LAYE,78,Local industriel. commercial ou assimilé,100,0,58,2022
723500,78960,VOISINS-LE-BRETONNEUX,78,Maison,165,5,394,2022
624000,78190,TRAPPES,78,Dépendance,0,0,401,2022
624000,78190,TRAPPES,78,Appartement,33,2,401,2022
624000,78190,TRAPPES,78,Appartement,24,2,401,2022
624000,78190,TRAPPES,78,Appartement,35,2,401,2022
430000,78610,PERRAY-EN-YVELINES (LE),78,Maison,105,5,397,2022
226000,78200,MANTES-LA-JOLIE,78,Maison,59,4,170,2022
390000,78930,AUFFREVILLE-BRASSEUIL,78,Maison,93,5,500,2022
390000,78930,AUFFREVILLE-BRASSEUIL,78,Dépendance,0,0,500,2022
390000,78930,AUFFREVILLE-BRASSEUIL,78,Dépendance,0,0,2360,2022
390000,78930,AUFFREVILLE-BRASSEUIL,78,Maison,93,5,2360,2022
300000,78270,BONNIERES-SUR-SEINE,78,Maison,90,4,449,2022
1194000,78360,MONTESSON,78,Maison,223,5,1259,2022
1194000,78360,MONTESSON,78,Dépendance,0,0,1259,2022
570200,78670,VILLENNES-SUR-SEINE,78,Maison,64,3,243,2022
435000,78380,BOUGIVAL,78,Maison,72,3,340,2022
595000,78770,VILLIERS-LE-MAHIEU,78,Dépendance,0,0,500,2022
595000,78770,VILLIERS-LE-MAHIEU,78,Maison,165,5,500,2022
250000,78710,ROSNY-SUR-SEINE,78,Dépendance,0,0,200,2022
250000,78710,ROSNY-SUR-SEINE,78,Maison,127,4,200,2022
250000,78710,ROSNY-SUR-SEINE,78,Dépendance,0,0,500,2022
250000,78710,ROSNY-SUR-SEINE,78,Maison,127,4,500,2022
310000,78270,LOMMOYE,78,Dépendance,0,0,660,2022
310000,78270,LOMMOYE,78,Maison,95,5,660,2022
310000,78270,LOMMOYE,78,Dépendance,0,0,500,2022
310000,78270,LOMMOYE,78,Maison,95,5,500,2022
1488350,78150,LE CHESNAY-ROCQUENCOURT,78,Maison,145,4,268,2022
170400,78760,JOUARS-PONTCHARTRAIN,78,Maison,116,5,619,2022
950000,78600,MAISONS-LAFFITTE,78,Maison,165,5,330,2022
950000,78600,MAISONS-LAFFITTE,78,Dépendance,0,0,330,2022
385760,78770,AUTEUIL-LE-ROI,78,Maison,97,4,296,2022
962280,78420,CARRIERES SUR SEINE,78,Maison,121,4,876,2022
529000,78800,HOUILLES,78,Maison,72,4,315,2022
160000,78955,CARRIERES SOUS POISSY,78,Dépendance,0,0,363,2022
160000,78955,CARRIERES SOUS POISSY,78,Maison,112,5,363,2022
287000,78125,RAIZEUX,78,Maison,92,5,524,2022
287000,78125,RAIZEUX,78,Maison,92,5,500,2022
376219,78190,TRAPPES,78,Maison,73,4,221,2022
215000,78440,GARGENVILLE,78,Maison,84,5,424,2022
488650,78125,SAINT-HILARION,78,Dépendance,0,0,1167,2022
488650,78125,SAINT-HILARION,78,Maison,152,6,425,2022
488650,78125,SAINT-HILARION,78,Dépendance,0,0,425,2022
488650,78125,SAINT-HILARION,78,Maison,152,6,1167,2022
278500,78440,GARGENVILLE,78,Maison,118,5,611,2022
365000,78500,SARTROUVILLE,78,Maison,79,5,272,2022
451000,78470,SAINT-REMY-LES-CHEVREUSE,78,Maison,98,4,376,2022
451000,78470,SAINT-REMY-LES-CHEVREUSE,78,Dépendance,0,0,376,2022
699200,78810,FEUCHEROLLES,78,Maison,171,5,500,2022
699200,78810,FEUCHEROLLES,78,Maison,171,5,1000,2022
2550000,78150,LE CHESNAY-ROCQUENCOURT,78,Maison,270,11,614,2022
2550000,78150,LE CHESNAY-ROCQUENCOURT,78,Dépendance,0,0,614,2022
243000,78440,GARGENVILLE,78,Maison,71,4,125,2022
621000,78960,VOISINS-LE-BRETONNEUX,78,Maison,105,5,660,2022
1205000,78420,CARRIERES SUR SEINE,78,Maison,68,3,808,2022
400000,78390,BOIS D ARCY,78,Maison,102,5,1078,2022
400000,78390,BOIS D ARCY,78,Dépendance,0,0,1078,2022
696000,78500,SARTROUVILLE,78,Dépendance,0,0,618,2022
696000,78500,SARTROUVILLE,78,Maison,130,5,618,2022
310000,78270,LIMETZ-VILLEZ,78,Maison,137,5,278,2022
165000,78790,SEPTEUIL,78,Maison,59,3,35,2022
640600,78490,MESNULS (LES),78,Maison,127,6,1230,2022
372500,78610,PERRAY-EN-YVELINES (LE),78,Maison,109,5,366,2022
790000,78580,MAULE,78,Maison,280,7,500,2022
790000,78580,MAULE,78,Maison,280,7,1995,2022
390000,78550,RICHEBOURG,78,Maison,140,5,220,2022
390000,78550,RICHEBOURG,78,Maison,140,5,500,2022
420000,78800,HOUILLES,78,Dépendance,0,0,405,2022
420000,78800,HOUILLES,78,Maison,70,3,405,2022
1511680,78380,BOUGIVAL,78,Maison,213,5,400,2022
1511680,78380,BOUGIVAL,78,Maison,213,5,600,2022
254000,78410,FLINS-SUR-SEINE,78,Maison,55,6,148,2022
325000,78121,CRESPIERES,78,Dépendance,0,0,225,2022
325000,78121,CRESPIERES,78,Maison,149,6,225,2022
429100,78650,BEYNES,78,Maison,140,7,432,2022
547180,78280,GUYANCOURT,78,Maison,117,6,359,2022
546575,78640,SAINT-GERMAIN-DE-LA-GRANGE,78,Dépendance,0,0,348,2022
546575,78640,SAINT-GERMAIN-DE-LA-GRANGE,78,Maison,111,5,348,2022
677200,78490,MONTFORT-L AMAURY,78,Maison,186,6,500,2022
677200,78490,MONTFORT-L AMAURY,78,Maison,186,6,798,2022
406650,78510,TRIEL SUR SEINE,78,Maison,79,4,402,2022
246139,78920,ECQUEVILLY,78,Maison,74,4,403,2022
1305000,78220,VIROFLAY,78,Maison,156,7,317,2022
242000,78270,LIMETZ-VILLEZ,78,Maison,78,5,308,2022
385910,78930,VERT,78,Maison,126,6,500,2022
385910,78930,VERT,78,Maison,126,6,2250,2022
385910,78930,VERT,78,Dépendance,0,0,2250,2022
385910,78930,VERT,78,Dépendance,0,0,500,2022
431428,78700,CONFLANS SAINTE HONORINE,78,Maison,67,4,288,2022
367000,78320,MESNIL-SAINT-DENIS (LE),78,Maison,86,4,314,2022
477295,78790,SEPTEUIL,78,Dépendance,0,0,500,2022
477295,78790,SEPTEUIL,78,Dépendance,0,0,2670,2022
477295,78790,SEPTEUIL,78,Maison,130,4,500,2022
477295,78790,SEPTEUIL,78,Maison,130,4,2670,2022
280000,78570,CHANTELOUP-LES-VIGNES,78,Maison,70,4,98,2022
260000,78660,ALLAINVILLE AUX BOIS,78,Maison,88,5,655,2022
558500,78800,HOUILLES,78,Maison,109,3,281,2022
558500,78800,HOUILLES,78,Dépendance,0,0,281,2022
87000,78270,BENNECOURT,78,Maison,45,2,560,2022
231600,78410,FLINS-SUR-SEINE,78,Maison,62,3,408,2022
1413550,78380,BOUGIVAL,78,Maison,147,5,823,2022
1413550,78380,BOUGIVAL,78,Maison,147,5,144,2022
1043000,78100,SAINT-GERMAIN-EN-LAYE,78,Maison,76,4,263,2022
938825,78220,VIROFLAY,78,Maison,80,4,486,2022
430000,78360,MONTESSON,78,Maison,27,2,47,2022
321000,78410,AUBERGENVILLE,78,Dépendance,0,0,470,2022
321000,78410,AUBERGENVILLE,78,Maison,86,4,470,2022
382230,78550,HOUDAN,78,Maison,107,4,201,2022
382230,78550,HOUDAN,78,Maison,107,4,500,2022
299900,78410,AUBERGENVILLE,78,Maison,73,4,468,2022
685000,78700,CONFLANS SAINTE HONORINE,78,Maison,160,5,1063,2022
685000,78700,CONFLANS SAINTE HONORINE,78,Maison,160,5,500,2022
266000,78980,BREVAL,78,Maison,63,5,782,2022
266000,78980,BREVAL,78,Dépendance,0,0,782,2022
250000,78410,AUBERGENVILLE,78,Local industriel. commercial ou assimilé,111,0,429,2022
352700,78910,BEHOUST,78,Maison,85,4,780,2022
352700,78910,BEHOUST,78,Dépendance,0,0,500,2022
352700,78910,BEHOUST,78,Maison,85,4,500,2022
352700,78910,BEHOUST,78,Dépendance,0,0,780,2022
1691650,78000,VERSAILLES,78,Maison,108,5,226,2022
427250,78490,MAREIL-LE-GUYON,78,Maison,106,4,600,2022
427250,78490,MAREIL-LE-GUYON,78,Maison,106,4,472,2022
547370,78570,CHANTELOUP-LES-VIGNES,78,Maison,200,7,932,2022
547370,78570,CHANTELOUP-LES-VIGNES,78,Maison,200,7,500,2022
547370,78570,CHANTELOUP-LES-VIGNES,78,Dépendance,0,0,932,2022
547370,78570,CHANTELOUP-LES-VIGNES,78,Dépendance,0,0,500,2022
330000,78570,CHANTELOUP-LES-VIGNES,78,Maison,136,4,508,2022
370000,78330,FONTENAY LE FLEURY,78,Maison,73,4,330,2022
370000,78330,FONTENAY LE FLEURY,78,Dépendance,0,0,330,2022
760441,78580,MAULE,78,Dépendance,0,0,686,2022
760441,78580,MAULE,78,Local industriel. commercial ou assimilé,48,0,686,2022
760441,78580,MAULE,78,Maison,150,6,686,2022
238100,78630,MORAINVILLIERS,78,Maison,90,3,387,2022
37800,78126,AULNAY-SUR-MAULDRE,78,Dépendance,0,0,512,2022
37800,78126,AULNAY-SUR-MAULDRE,78,Maison,173,11,512,2022
403500,78800,HOUILLES,78,Maison,87,3,415,2022
1650000,78300,POISSY,78,Appartement,297,11,3783,2022
1650000,78300,POISSY,78,Dépendance,0,0,409,2022
1650000,78300,POISSY,78,Dépendance,0,0,3783,2022
1650000,78300,POISSY,78,Appartement,297,11,409,2022
1650000,78300,POISSY,78,Appartement,160,4,3783,2022
1650000,78300,POISSY,78,Appartement,160,4,409,2022
290000,78990,ELANCOURT,78,Maison,95,4,92,2022
123500,78790,SEPTEUIL,78,Maison,64,4,104,2022
265000,78580,BAZEMONT,78,Local industriel. commercial ou assimilé,216,0,253,2022
330000,78300,POISSY,78,Maison,55,3,110,2022
330000,78300,POISSY,78,Local industriel. commercial ou assimilé,100,0,110,2022
487000,78790,ARNOUVILLE-LES-MANTES,78,Maison,168,7,1423,2022
487000,78790,ARNOUVILLE-LES-MANTES,78,Local industriel. commercial ou assimilé,120,0,500,2022
487000,78790,ARNOUVILLE-LES-MANTES,78,Maison,168,7,500,2022
487000,78790,ARNOUVILLE-LES-MANTES,78,Local industriel. commercial ou assimilé,120,0,1423,2022
255000,78460,CHOISEL,78,Dépendance,0,0,500,2022
255000,78460,CHOISEL,78,Dépendance,0,0,1469,2022
255000,78460,CHOISEL,78,Maison,205,7,500,2022
255000,78460,CHOISEL,78,Maison,205,7,1469,2022
625000,78570,ANDRESY,78,Maison,150,5,500,2022
625000,78570,ANDRESY,78,Maison,150,5,553,2022
238030,78711,MANTES-LA-VILLE,78,Maison,99,5,270,2022
288900,78800,HOUILLES,78,Dépendance,0,0,158,2022
288900,78800,HOUILLES,78,Maison,68,3,158,2022
714000,78700,CONFLANS SAINTE HONORINE,78,Local industriel. commercial ou assimilé,24,0,831,2022
714000,78700,CONFLANS SAINTE HONORINE,78,Local industriel. commercial ou assimilé,155,0,831,2022
714000,78700,CONFLANS SAINTE HONORINE,78,Local industriel. commercial ou assimilé,234,0,831,2022
714000,78700,CONFLANS SAINTE HONORINE,78,Appartement,38,1,831,2022
400000,78700,CONFLANS SAINTE HONORINE,78,Maison,87,4,666,2022
295000,78260,ACHERES,78,Maison,117,5,682,2022
510300,78340,CLAYES-SOUS-BOIS (LES),78,Maison,80,3,429,2022
651750,78240,CHAMBOURCY,78,Maison,153,6,233,2022
539000,78140,VELIZY VILLACOUBLAY,78,Maison,96,6,217,2022
1250000,78810,DAVRON,78,Maison,217,7,1799,2022
516500,78310,MAUREPAS,78,Maison,126,4,514,2022
525000,78700,CONFLANS SAINTE HONORINE,78,Dépendance,0,0,124,2022
525000,78700,CONFLANS SAINTE HONORINE,78,Maison,126,7,124,2022
530000,78390,BOIS D ARCY,78,Maison,125,6,544,2022
510000,78200,MANTES-LA-JOLIE,78,Maison,169,6,196,2022
510000,78200,MANTES-LA-JOLIE,78,Dépendance,0,0,196,2022
186000,78930,VERT,78,Dépendance,0,0,226,2022
186000,78930,VERT,78,Maison,83,4,226,2022
186000,78930,VERT,78,Local industriel. commercial ou assimilé,226,0,226,2022
310000,78710,ROSNY-SUR-SEINE,78,Maison,113,5,390,2022
310000,78710,ROSNY-SUR-SEINE,78,Maison,113,5,500,2022
714870,78240,CHAMBOURCY,78,Maison,126,6,270,2022
155000,78820,JUZIERS,78,Maison,50,4,80,2022
456000,78580,MAULE,78,Dépendance,0,0,408,2022
456000,78580,MAULE,78,Maison,105,4,408,2022
160000,78970,MEZIERES-SUR-SEINE,78,Maison,63,3,92,2022
515000,78500,SARTROUVILLE,78,Maison,65,3,330,2022
750000,78200,BUCHELAY,78,Local industriel. commercial ou assimilé,2518,0,3663,2022
1450000,78110,VESINET (LE),78,Dépendance,0,0,336,2022
1450000,78110,VESINET (LE),78,Maison,90,3,336,2022
480000,78540,VERNOUILLET,78,Maison,82,4,196,2022
481700,78910,ORGERUS,78,Maison,167,7,400,2022
481700,78910,ORGERUS,78,Maison,167,7,700,2022
968000,78500,SARTROUVILLE,78,Dépendance,0,0,692,2022
968000,78500,SARTROUVILLE,78,Maison,168,6,692,2022
68000,78270,GOMMECOURT,78,Maison,50,3,131,2022
68000,78270,GOMMECOURT,78,Dépendance,0,0,131,2022
450000,78740,VAUX-SUR-SEINE,78,Maison,104,3,272,2022
450000,78740,VAUX-SUR-SEINE,78,Local industriel. commercial ou assimilé,100,0,272,2022
217000,78920,ECQUEVILLY,78,Maison,72,4,166,2022
434000,78800,HOUILLES,78,Maison,74,4,119,2022
485000,78120,SONCHAMP,78,Dépendance,0,0,942,2022
485000,78120,SONCHAMP,78,Maison,250,7,942,2022
485000,78120,SONCHAMP,78,Maison,250,7,500,2022
485000,78120,SONCHAMP,78,Dépendance,0,0,500,2022
1158000,78290,CROISSY SUR SEINE,78,Maison,103,5,479,2022
119375,78500,SARTROUVILLE,78,Maison,136,6,548,2022
92500,78670,MEDAN,78,Dépendance,0,0,142,2022
283100,78190,TRAPPES,78,Maison,61,3,306,2022
160000,78820,JUZIERS,78,Maison,35,2,415,2022
630000,78130,CHAPET,78,Maison,170,5,535,2022
630000,78130,CHAPET,78,Maison,170,5,500,2022
254000,78270,LIMETZ-VILLEZ,78,Dépendance,0,0,509,2022
254000,78270,LIMETZ-VILLEZ,78,Maison,110,4,509,2022
485000,78610,PERRAY-EN-YVELINES (LE),78,Maison,123,4,500,2022
485000,78610,PERRAY-EN-YVELINES (LE),78,Maison,123,4,658,2022
280000,78980,SAINT-ILLIERS-LA-VILLE,78,Maison,70,3,520,2022
280000,78980,SAINT-ILLIERS-LA-VILLE,78,Dépendance,0,0,520,2022
536000,78630,MORAINVILLIERS,78,Maison,85,4,593,2022
480000,78770,ANDELU,78,Maison,108,5,507,2022
480000,78770,ANDELU,78,Maison,108,5,500,2022
400000,78470,SAINT-REMY-LES-CHEVREUSE,78,Local industriel. commercial ou assimilé,190,0,120,2022
283000,78130,MUREAUX (LES),78,Maison,90,4,563,2022
353550,78310,MAUREPAS,78,Maison,107,5,292,2022
259000,78120,RAMBOUILLET,78,Dépendance,0,0,183,2022
259000,78120,RAMBOUILLET,78,Maison,43,3,183,2022
230000,78125,POIGNY-LA-FORET,78,Local industriel. commercial ou assimilé,253,0,390,2022
77000,78550,HOUDAN,78,Dépendance,0,0,21,2022
77000,78550,HOUDAN,78,Local industriel. commercial ou assimilé,317,0,280,2022
660000,78120,RAMBOUILLET,78,Maison,92,3,500,2022
660000,78120,RAMBOUILLET,78,Maison,92,3,629,2022
203000,78660,ABLIS,78,Maison,105,4,516,2022
203000,78660,ABLIS,78,Dépendance,0,0,516,2022
399000,78490,GROSROUVRE,78,Maison,118,5,600,2022
399000,78490,GROSROUVRE,78,Maison,118,5,543,2022
640519,78800,HOUILLES,78,Maison,110,4,293,2022
275000,78550,RICHEBOURG,78,Dépendance,0,0,1031,2022
579000,78610,BREVIAIRES (LES),78,Maison,80,4,500,2022
579000,78610,BREVIAIRES (LES),78,Dépendance,0,0,500,2022
579000,78610,BREVIAIRES (LES),78,Dépendance,0,0,540,2022
579000,78610,BREVIAIRES (LES),78,Maison,80,4,540,2022
310000,78800,HOUILLES,78,Dépendance,0,0,281,2022
310000,78800,HOUILLES,78,Maison,30,2,281,2022
905000,78250,MEULAN-EN-YVELINES,78,Appartement,34,2,108,2022
905000,78250,MEULAN-EN-YVELINES,78,Appartement,31,2,108,2022
905000,78250,MEULAN-EN-YVELINES,78,Appartement,32,2,108,2022
905000,78250,MEULAN-EN-YVELINES,78,Dépendance,0,0,108,2022
905000,78250,MEULAN-EN-YVELINES,78,Appartement,30,2,108,2022
905000,78250,MEULAN-EN-YVELINES,78,Appartement,38,2,108,2022
905000,78250,MEULAN-EN-YVELINES,78,Appartement,36,2,108,2022
905000,78250,MEULAN-EN-YVELINES,78,Appartement,39,2,108,2022
309500,78410,BOUAFLE,78,Dépendance,0,0,833,2022
309500,78410,BOUAFLE,78,Maison,73,4,833,2022
400000,78910,ORGERUS,78,Dépendance,0,0,710,2022
400000,78910,ORGERUS,78,Dépendance,0,0,500,2022
400000,78910,ORGERUS,78,Maison,110,5,500,2022
400000,78910,ORGERUS,78,Maison,110,5,710,2022
380000,78260,ACHERES,78,Maison,92,5,171,2022
420000,78800,HOUILLES,78,Maison,64,3,336,2022
323050,78450,VILLEPREUX,78,Maison,49,3,98,2022
1,78200,MANTES-LA-JOLIE,78,Local industriel. commercial ou assimilé,2672,0,5951,2022
270000,78970,MEZIERES-SUR-SEINE,78,Maison,85,3,846,2022
1192302,78930,VERT,78,Maison,150,4,525,2022
1192302,78930,VERT,78,Dépendance,0,0,525,2022
1192302,78930,VERT,78,Dépendance,0,0,160,2022
1192302,78930,VERT,78,Maison,60,3,160,2022
607000,78240,CHAMBOURCY,78,Maison,114,5,317,2022
258000,78510,TRIEL SUR SEINE,78,Maison,70,4,418,2022
1309700,78240,CHAMBOURCY,78,Maison,210,7,1132,2022
1309700,78240,CHAMBOURCY,78,Maison,210,7,500,2022
356000,78570,CHANTELOUP-LES-VIGNES,78,Maison,92,5,806,2022
425150,78280,GUYANCOURT,78,Maison,88,5,219,2022
449000,78280,GUYANCOURT,78,Maison,102,4,171,2022
120000,78000,VERSAILLES,78,Maison,132,7,215,2022
545000,78540,VERNOUILLET,78,Maison,194,7,750,2022
397525,78540,VERNOUILLET,78,Maison,103,5,203,2022
380000,78550,MAULETTE,78,Appartement,55,2,247,2022
380000,78550,MAULETTE,78,Appartement,102,3,500,2022
380000,78550,MAULETTE,78,Appartement,102,3,247,2022
380000,78550,MAULETTE,78,Appartement,55,2,500,2022
280000,78200,MAGNANVILLE,78,Maison,97,5,374,2022
318000,78200,BUCHELAY,78,Maison,112,6,535,2022
252800,78710,ROSNY-SUR-SEINE,78,Maison,102,5,438,2022
371300,78580,MAULE,78,Maison,167,6,661,2022
240000,78440,GUITRANCOURT,78,Appartement,75,2,952,2022
240000,78440,GUITRANCOURT,78,Local industriel. commercial ou assimilé,295,0,2745,2022
240000,78440,GUITRANCOURT,78,Appartement,75,2,2745,2022
240000,78440,GUITRANCOURT,78,Local industriel. commercial ou assimilé,295,0,952,2022
480000,78420,CARRIERES SUR SEINE,78,Maison,62,3,285,2022
259000,78520,LIMAY,78,Maison,95,5,366,2022
381700,78250,GAILLON SUR MONTCIENT,78,Maison,89,4,1271,2022
515500,78490,MERE,78,Maison,124,5,500,2022
324000,78660,ABLIS,78,Maison,103,6,648,2022
229000,78640,NEAUPHLE-LE-CHATEAU,78,Maison,75,3,79,2022
455000,78570,ANDRESY,78,Maison,77,4,574,2022
240000,78330,FONTENAY LE FLEURY,78,Maison,120,5,345,2022
240000,78330,FONTENAY LE FLEURY,78,Dépendance,0,0,345,2022
480000,78117,CHATEAUFORT,78,Maison,30,2,465,2022
850000,78100,SAINT-GERMAIN-EN-LAYE,78,Local industriel. commercial ou assimilé,114,0,60,2022
539000,78570,ANDRESY,78,Maison,110,4,688,2022
1,78580,MAULE,78,Appartement,68,3,15473,2022
1,78580,MAULE,78,Appartement,64,3,15473,2022
1,78580,MAULE,78,Appartement,14,1,15473,2022
1,78580,MAULE,78,Dépendance,0,0,15473,2022
1,78580,MAULE,78,Appartement,105,5,15473,2022
1,78580,MAULE,78,Appartement,112,6,15473,2022
437500,78180,MONTIGNY LE BRETONNEUX,78,Maison,99,4,163,2022
437500,78180,MONTIGNY LE BRETONNEUX,78,Dépendance,0,0,163,2022
225000,78580,MAULE,78,Maison,75,3,68,2022
225000,78580,MAULE,78,Dépendance,0,0,68,2022
350000,78390,BOIS D ARCY,78,Maison,81,4,341,2022
830000,78460,CHEVREUSE,78,Local industriel. commercial ou assimilé,0,0,925,2022
830000,78460,CHEVREUSE,78,Dépendance,0,0,925,2022
830000,78460,CHEVREUSE,78,Maison,286,10,925,2022
1543515,78170,CELLE-SAINT-CLOUD (LA),78,Maison,186,6,214,2022
1543515,78170,CELLE-SAINT-CLOUD (LA),78,Dépendance,0,0,214,2022
544925,78500,SARTROUVILLE,78,Maison,71,4,340,2022
318000,78250,MEZY-SUR-SEINE,78,Maison,89,4,762,2022
318000,78250,MEZY-SUR-SEINE,78,Maison,39,2,762,2022
405000,78310,MAUREPAS,78,Maison,98,4,299,2022
172000,78440,ISSOU,78,Maison,60,3,170,2022
1420000,78110,VESINET (LE),78,Maison,100,5,515,2022
711750,78140,VELIZY VILLACOUBLAY,78,Maison,91,3,307,2022
480000,78800,HOUILLES,78,Maison,106,5,270,2022
683248,78280,GUYANCOURT,78,Maison,117,5,163,2022
683248,78280,GUYANCOURT,78,Maison,117,5,600,2022
653000,78960,VOISINS-LE-BRETONNEUX,78,Maison,143,6,559,2022
252280,78200,MAGNANVILLE,78,Maison,84,4,433,2022
393250,78113,BOURDONNE,78,Maison,130,4,370,2022
516440,78550,MAULETTE,78,Maison,137,4,500,2022
470000,78370,PLAISIR,78,Maison,100,5,804,2022
250000,78540,VERNOUILLET,78,Maison,107,5,705,2022
250000,78540,VERNOUILLET,78,Local industriel. commercial ou assimilé,15,0,705,2022
440000,78830,BONNELLES,78,Maison,139,4,806,2022
600000,78800,HOUILLES,78,Maison,82,4,564,2022
569325,78490,GALLUIS,78,Dépendance,0,0,562,2022
569325,78490,GALLUIS,78,Maison,131,5,1000,2022
569325,78490,GALLUIS,78,Dépendance,0,0,1000,2022
569325,78490,GALLUIS,78,Maison,131,5,562,2022
550000,78800,HOUILLES,78,Dépendance,0,0,389,2022
550000,78800,HOUILLES,78,Maison,85,5,389,2022
160350,78510,TRIEL SUR SEINE,78,Maison,103,5,402,2022
540000,78370,PLAISIR,78,Maison,102,4,901,2022
546780,78180,MONTIGNY LE BRETONNEUX,78,Dépendance,0,0,263,2022
546780,78180,MONTIGNY LE BRETONNEUX,78,Maison,99,4,263,2022
595000,78360,MONTESSON,78,Maison,100,5,278,2022
700000,78360,MONTESSON,78,Maison,176,5,456,2022
700000,78360,MONTESSON,78,Maison,60,4,456,2022
328000,78510,TRIEL SUR SEINE,78,Maison,88,4,119,2022
625000,78570,ANDRESY,78,Maison,80,4,168,2022
1000000,78220,VIROFLAY,78,Maison,132,7,486,2022
1284000,78600,MAISONS-LAFFITTE,78,Maison,160,7,485,2022
210000,78200,MANTES-LA-JOLIE,78,Maison,60,4,429,2022
120000,78740,EVECQUEMONT,78,Dépendance,0,0,335,2022
120000,78740,EVECQUEMONT,78,Maison,51,1,335,2022
344700,78990,ELANCOURT,78,Maison,106,5,212,2022
608780,78760,JOUARS-PONTCHARTRAIN,78,Maison,171,6,691,2022
608780,78760,JOUARS-PONTCHARTRAIN,78,Maison,171,6,500,2022
390062,78580,MAULE,78,Dépendance,0,0,262,2022
390062,78580,MAULE,78,Maison,99,4,262,2022
372510,78950,GAMBAIS,78,Maison,110,6,500,2022
741925,78350,LOGES-EN-JOSAS (LES),78,Maison,163,8,361,2022
573000,78390,BOIS D ARCY,78,Maison,115,5,352,2022
1820000,78100,SAINT-GERMAIN-EN-LAYE,78,Maison,162,7,730,2022
1820000,78100,SAINT-GERMAIN-EN-LAYE,78,Dépendance,0,0,730,2022
442000,78700,CONFLANS SAINTE HONORINE,78,Dépendance,0,0,310,2022
442000,78700,CONFLANS SAINTE HONORINE,78,Maison,100,4,310,2022
729100,78170,CELLE-SAINT-CLOUD (LA),78,Maison,114,5,613,2022
638430,78490,MAREIL-LE-GUYON,78,Maison,129,5,500,2022
454000,78390,BOIS D ARCY,78,Maison,99,5,217,2022
1750000,78150,LE CHESNAY-ROCQUENCOURT,78,Appartement,90,3,255,2022
1750000,78150,LE CHESNAY-ROCQUENCOURT,78,Dépendance,0,0,255,2022
1650000,78310,COIGNIERES,78,Local industriel. commercial ou assimilé,1726,0,2846,2022
2069050,78000,VERSAILLES,78,Maison,265,9,525,2022
1472190,78380,BOUGIVAL,78,Maison,260,9,700,2022
1126000,78170,CELLE-SAINT-CLOUD (LA),78,Maison,148,6,495,2022
475000,78960,VOISINS-LE-BRETONNEUX,78,Maison,118,6,182,2022
110000,78770,AUTEUIL-LE-ROI,78,Dépendance,0,0,103,2022
284900,78950,GAMBAIS,78,Maison,92,4,242,2022
265000,78700,CONFLANS SAINTE HONORINE,78,Maison,78,4,278,2022
520000,78360,MONTESSON,78,Maison,80,4,298,2022
520000,78360,MONTESSON,78,Dépendance,0,0,298,2022
440510,78113,CONDE-SUR-VESGRE,78,Maison,210,8,500,2022
440510,78113,CONDE-SUR-VESGRE,78,Dépendance,0,0,691,2022
440510,78113,CONDE-SUR-VESGRE,78,Dépendance,0,0,500,2022
440510,78113,CONDE-SUR-VESGRE,78,Maison,210,8,691,2022
285000,78700,CONFLANS SAINTE HONORINE,78,Maison,56,3,279,2022
285000,78700,CONFLANS SAINTE HONORINE,78,Maison,36,2,279,2022
455000,78490,TREMBLAY-SUR-MAULDRE (LE),78,Local industriel. commercial ou assimilé,120,0,724,2022
279000,78730,LONGVILLIERS,78,Maison,53,3,20,2022
279000,78730,LONGVILLIERS,78,Dépendance,0,0,1085,2022
279000,78730,LONGVILLIERS,78,Maison,53,3,1085,2022
279000,78730,LONGVILLIERS,78,Dépendance,0,0,20,2022
1455000,78490,GROSROUVRE,78,Maison,102,2,500,2022
1455000,78490,GROSROUVRE,78,Maison,102,2,3110,2022
589090,78490,BOISSY-SANS-AVOIR,78,Maison,214,7,534,2022
589090,78490,BOISSY-SANS-AVOIR,78,Maison,214,7,500,2022
479000,78955,CARRIERES SOUS POISSY,78,Maison,121,6,236,2022
460000,78700,CONFLANS SAINTE HONORINE,78,Dépendance,0,0,200,2022
460000,78700,CONFLANS SAINTE HONORINE,78,Maison,69,4,200,2022
520000,78360,MONTESSON,78,Dépendance,0,0,498,2022
520000,78360,MONTESSON,78,Maison,90,4,498,2022
2570000,78400,CHATOU,78,Maison,375,7,747,2022
240000,78910,ORGERUS,78,Maison,125,4,245,2022
250000,78260,ACHERES,78,Maison,66,4,163,2022
609430,78125,POIGNY-LA-FORET,78,Dépendance,0,0,500,2022
609430,78125,POIGNY-LA-FORET,78,Dépendance,0,0,1500,2022
609430,78125,POIGNY-LA-FORET,78,Maison,220,7,500,2022
609430,78125,POIGNY-LA-FORET,78,Local industriel. commercial ou assimilé,0,0,500,2022
609430,78125,POIGNY-LA-FORET,78,Local industriel. commercial ou assimilé,0,0,1500,2022
609430,78125,POIGNY-LA-FORET,78,Maison,220,7,1500,2022
311000,78980,LONGNES,78,Maison,91,5,486,2022
780000,78480,VERNEUIL SUR SEINE,78,Maison,112,4,1207,2022
780000,78480,VERNEUIL SUR SEINE,78,Maison,112,4,500,2022
1700000,78430,LOUVECIENNES,78,Appartement,110,5,500,2022
1700000,78430,LOUVECIENNES,78,Dépendance,0,0,500,2022
1700000,78430,LOUVECIENNES,78,Dépendance,0,0,2390,2022
1700000,78430,LOUVECIENNES,78,Appartement,183,4,500,2022
1700000,78430,LOUVECIENNES,78,Appartement,110,5,2390,2022
1700000,78430,LOUVECIENNES,78,Appartement,183,4,2390,2022
755000,78170,CELLE-SAINT-CLOUD (LA),78,Dépendance,0,0,662,2022
755000,78170,CELLE-SAINT-CLOUD (LA),78,Maison,90,5,662,2022
255000,78700,CONFLANS SAINTE HONORINE,78,Maison,58,2,313,2022
321000,78120,RAMBOUILLET,78,Dépendance,0,0,315,2022
321000,78120,RAMBOUILLET,78,Maison,99,4,315,2022
111360,78100,SAINT-GERMAIN-EN-LAYE,78,Maison,140,5,599,2022
1252525,78100,SAINT-GERMAIN-EN-LAYE,78,Dépendance,0,0,352,2022
1252525,78100,SAINT-GERMAIN-EN-LAYE,78,Maison,76,2,352,2022
360000,78340,CLAYES-SOUS-BOIS (LES),78,Maison,60,3,338,2022
656150,78560,PORT-MARLY (LE),78,Maison,134,6,322,2022
578663,78370,PLAISIR,78,Maison,100,5,804,2022
413000,78370,PLAISIR,78,Maison,115,4,312,2022
1778000,78430,LOUVECIENNES,78,Maison,160,5,2800,2022
1778000,78430,LOUVECIENNES,78,Maison,160,5,500,2022
492000,78340,CLAYES-SOUS-BOIS (LES),78,Maison,98,4,363,2022
492000,78340,CLAYES-SOUS-BOIS (LES),78,Local industriel. commercial ou assimilé,27,0,363,2022
285000,78450,VILLEPREUX,78,Maison,90,5,108,2022
390000,78700,CONFLANS SAINTE HONORINE,78,Maison,106,4,587,2022
390000,78700,CONFLANS SAINTE HONORINE,78,Maison,30,2,587,2022
390000,78700,CONFLANS SAINTE HONORINE,78,Dépendance,0,0,587,2022
170200,78540,VERNOUILLET,78,Maison,68,3,502,2022
502043,78700,CONFLANS SAINTE HONORINE,78,Maison,96,4,295,2022
503500,78450,VILLEPREUX,78,Maison,121,6,292,2022
380000,78120,RAMBOUILLET,78,Maison,92,4,199,2022
380000,78120,RAMBOUILLET,78,Dépendance,0,0,19,2022
367000,78320,MESNIL-SAINT-DENIS (LE),78,Maison,100,4,260,2022
380000,78120,RAMBOUILLET,78,Local industriel. commercial ou assimilé,118,0,83,2022
522000,78410,FLINS-SUR-SEINE,78,Dépendance,0,0,398,2022
522000,78410,FLINS-SUR-SEINE,78,Appartement,42,2,398,2022
400000,78410,FLINS-SUR-SEINE,78,Appartement,50,2,429,2022
400000,78410,FLINS-SUR-SEINE,78,Dépendance,0,0,429,2022
400000,78410,FLINS-SUR-SEINE,78,Appartement,58,3,429,2022
400000,78410,FLINS-SUR-SEINE,78,Appartement,72,4,429,2022
498665,78370,PLAISIR,78,Maison,121,5,357,2022
750000,78350,JOUY EN JOSAS,78,Maison,59,3,86,2022
308000,78440,GARGENVILLE,78,Maison,94,4,386,2022
370000,78410,AUBERGENVILLE,78,Maison,150,6,422,2022
370000,78410,AUBERGENVILLE,78,Dépendance,0,0,422,2022
252000,78710,ROSNY-SUR-SEINE,78,Maison,117,5,500,2022
252000,78710,ROSNY-SUR-SEINE,78,Maison,117,5,371,2022
239000,78980,BREVAL,78,Dépendance,0,0,500,2022
239000,78980,BREVAL,78,Maison,81,4,2157,2022
239000,78980,BREVAL,78,Dépendance,0,0,2157,2022
239000,78980,BREVAL,78,Maison,81,4,500,2022
258000,78270,BENNECOURT,78,Maison,142,6,165,2022
258000,78270,BENNECOURT,78,Dépendance,0,0,165,2022
123000,78270,BONNIERES-SUR-SEINE,78,Maison,38,2,109,2022
336000,78250,HARDRICOURT,78,Maison,85,4,508,2022
536200,78310,MAUREPAS,78,Maison,163,6,553,2022
230000,78440,GARGENVILLE,78,Maison,84,5,262,2022
105000,78980,BREVAL,78,Maison,100,3,135,2022
499000,78490,GROSROUVRE,78,Maison,153,4,835,2022
383500,78980,LONGNES,78,Maison,141,5,500,2022
383500,78980,LONGNES,78,Maison,141,5,797,2022
313779,78910,BOISSETS,78,Maison,98,6,762,2022
313779,78910,BOISSETS,78,Maison,98,6,500,2022
362100,78990,ELANCOURT,78,Maison,97,4,192,2022
362100,78990,ELANCOURT,78,Dépendance,0,0,192,2022
337800,78260,ACHERES,78,Dépendance,0,0,467,2022
337800,78260,ACHERES,78,Maison,76,3,467,2022
567400,78490,MESNULS (LES),78,Maison,87,4,222,2022
567400,78490,MESNULS (LES),78,Dépendance,0,0,222,2022
388900,78690,SAINT-REMY-L HONORE,78,Maison,100,4,375,2022
310000,78130,MUREAUX (LES),78,Maison,88,5,539,2022
945000,78400,CHATOU,78,Maison,95,5,434,2022
945000,78400,CHATOU,78,Dépendance,0,0,434,2022
1104500,78290,CROISSY SUR SEINE,78,Maison,147,6,448,2022
1104500,78290,CROISSY SUR SEINE,78,Dépendance,0,0,448,2022
570000,78220,VIROFLAY,78,Maison,140,6,70,2022
705000,78300,POISSY,78,Dépendance,0,0,131,2022
705000,78300,POISSY,78,Maison,140,5,131,2022
156000,78711,MANTES-LA-VILLE,78,Dépendance,0,0,438,2022
156000,78711,MANTES-LA-VILLE,78,Maison,62,3,438,2022
583000,78300,POISSY,78,Maison,85,3,401,2022
485000,78980,BREVAL,78,Maison,124,5,1268,2022
485000,78980,BREVAL,78,Maison,124,5,500,2022
1260000,78110,VESINET (LE),78,Maison,214,9,127,2022
1260000,78110,VESINET (LE),78,Maison,214,9,1160,2022
1260000,78110,VESINET (LE),78,Dépendance,0,0,1160,2022
1260000,78110,VESINET (LE),78,Dépendance,0,0,127,2022
936700,78240,CHAMBOURCY,78,Maison,189,8,381,2022
504000,78330,FONTENAY LE FLEURY,78,Dépendance,0,0,408,2022
504000,78330,FONTENAY LE FLEURY,78,Maison,169,7,408,2022
338600,78580,MAULE,78,Maison,79,4,413,2022
338600,78580,MAULE,78,Dépendance,0,0,413,2022
134874,78700,CONFLANS SAINTE HONORINE,78,Maison,160,5,119,2022
913800,78240,CHAMBOURCY,78,Maison,186,7,500,2022
913800,78240,CHAMBOURCY,78,Maison,186,7,1854,2022
260000,78340,CLAYES-SOUS-BOIS (LES),78,Maison,22,1,460,2022
643000,78610,SAINT-LEGER-EN-YVELINES,78,Dépendance,0,0,285,2022
643000,78610,SAINT-LEGER-EN-YVELINES,78,Maison,180,5,285,2022
274000,78660,ABLIS,78,Maison,115,6,501,2022
274000,78660,ABLIS,78,Dépendance,0,0,501,2022
376000,78700,CONFLANS SAINTE HONORINE,78,Maison,65,4,430,2022
211384,78124,MAREIL-SUR-MAULDRE,78,Maison,61,2,90,2022
320000,78910,ORGERUS,78,Maison,73,3,500,2022
356000,78700,CONFLANS SAINTE HONORINE,78,Maison,77,4,493,2022
394000,78270,MERICOURT,78,Dépendance,0,0,200,2022
394000,78270,MERICOURT,78,Dépendance,0,0,1848,2022
394000,78270,MERICOURT,78,Maison,95,3,500,2022
394000,78270,MERICOURT,78,Dépendance,0,0,500,2022
394000,78270,MERICOURT,78,Maison,95,3,200,2022
394000,78270,MERICOURT,78,Maison,95,3,1848,2022
234900,78710,ROSNY-SUR-SEINE,78,Dépendance,0,0,605,2022
234900,78710,ROSNY-SUR-SEINE,78,Maison,84,5,605,2022
597000,78540,VERNOUILLET,78,Maison,142,7,497,2022
960000,78600,MESNIL-LE-ROI (LE),78,Maison,141,5,442,2022
268000,78650,BEYNES,78,Dépendance,0,0,405,2022
268000,78650,BEYNES,78,Maison,85,5,405,2022
515000,78420,CARRIERES SUR SEINE,78,Dépendance,0,0,256,2022
515000,78420,CARRIERES SUR SEINE,78,Appartement,55,3,256,2022
416667,78120,RAMBOUILLET,78,Maison,102,5,868,2022
416667,78120,RAMBOUILLET,78,Maison,102,5,500,2022
416667,78120,RAMBOUILLET,78,Dépendance,0,0,868,2022
416667,78120,RAMBOUILLET,78,Dépendance,0,0,500,2022
859540,78360,MONTESSON,78,Dépendance,0,0,569,2022
859540,78360,MONTESSON,78,Maison,130,6,569,2022
375000,78310,MAUREPAS,78,Maison,115,5,378,2022
375000,78310,MAUREPAS,78,Dépendance,0,0,47,2022
444000,78120,RAMBOUILLET,78,Maison,55,4,400,2022
341000,78990,ELANCOURT,78,Maison,93,5,244,2022
625000,78800,HOUILLES,78,Maison,166,5,407,2022
2400000,78190,TRAPPES,78,Local industriel. commercial ou assimilé,3850,0,7630,2022
636500,78540,VERNOUILLET,78,Maison,143,5,830,2022
259000,78700,CONFLANS SAINTE HONORINE,78,Maison,74,4,702,2022
104000,78790,ROSAY,78,Dépendance,0,0,364,2022
262000,78250,TESSANCOURT-SUR-AUBETTE,78,Maison,116,5,229,2022
86141,78790,ARNOUVILLE-LES-MANTES,78,Maison,69,3,428,2022
466050,78500,SARTROUVILLE,78,Dépendance,0,0,405,2022
466050,78500,SARTROUVILLE,78,Maison,83,3,405,2022
432240,78260,ACHERES,78,Maison,86,5,304,2022
353365,78340,CLAYES-SOUS-BOIS (LES),78,Maison,64,3,280,2022
148000,78270,BONNIERES-SUR-SEINE,78,Maison,45,3,228,2022
185000,78711,MANTES-LA-VILLE,78,Maison,65,4,232,2022
799840,78460,CHOISEL,78,Maison,170,5,857,2022
799840,78460,CHOISEL,78,Dépendance,0,0,857,2022
799840,78460,CHOISEL,78,Dépendance,0,0,2000,2022
799840,78460,CHOISEL,78,Maison,170,5,2000,2022
215000,78410,FLINS-SUR-SEINE,78,Maison,65,4,301,2022
188000,78580,MAULE,78,Maison,47,3,25,2022
320000,78990,ELANCOURT,78,Maison,95,4,92,2022
435000,78580,MAULE,78,Maison,102,3,566,2022
435000,78580,MAULE,78,Maison,102,3,500,2022
230000,78580,MAULE,78,Maison,76,4,577,2022
450000,78990,ELANCOURT,78,Maison,113,5,440,2022
450000,78990,ELANCOURT,78,Dépendance,0,0,440,2022
295000,78970,MEZIERES-SUR-SEINE,78,Maison,83,4,400,2022
2280000,78160,MARLY-LE-ROI,78,Local industriel. commercial ou assimilé,0,0,630,2022
2280000,78160,MARLY-LE-ROI,78,Local industriel. commercial ou assimilé,0,0,1200,2022
504860,78510,TRIEL SUR SEINE,78,Maison,145,6,589,2022
288500,78520,LIMAY,78,Dépendance,0,0,912,2022
288500,78520,LIMAY,78,Maison,88,5,912,2022
230000,78520,LIMAY,78,Dépendance,0,0,238,2022
230000,78520,LIMAY,78,Maison,61,3,238,2022
321400,78120,RAMBOUILLET,78,Maison,87,4,164,2022
380000,78660,PRUNAY-EN-YVELINES,78,Dépendance,0,0,1145,2022
380000,78660,PRUNAY-EN-YVELINES,78,Maison,66,3,1145,2022
192500,78130,MUREAUX (LES),78,Maison,55,2,223,2022
300000,78100,SAINT-GERMAIN-EN-LAYE,78,Local industriel. commercial ou assimilé,100,0,121,2022
300000,78100,SAINT-GERMAIN-EN-LAYE,78,Appartement,36,2,121,2022
300000,78100,SAINT-GERMAIN-EN-LAYE,78,Dépendance,0,0,121,2022
300000,78100,SAINT-GERMAIN-EN-LAYE,78,Appartement,72,6,121,2022
240000,78790,ROSAY,78,Maison,90,5,425,2022
240000,78790,ROSAY,78,Dépendance,0,0,425,2022
1160000,78420,CARRIERES SUR SEINE,78,Maison,192,7,514,2022
139600,78440,ISSOU,78,Dépendance,0,0,605,2022
139600,78440,ISSOU,78,Maison,62,4,605,2022
746300,78370,PLAISIR,78,Dépendance,0,0,1003,2022
746300,78370,PLAISIR,78,Maison,225,6,1003,2022
135000,78440,ISSOU,78,Dépendance,0,0,605,2022
135000,78440,ISSOU,78,Maison,62,4,605,2022
262000,78660,ALLAINVILLE AUX BOIS,78,Maison,93,4,816,2022
215000,78270,BONNIERES-SUR-SEINE,78,Maison,86,5,160,2022
215000,78270,BONNIERES-SUR-SEINE,78,Dépendance,0,0,160,2022
334000,78440,GARGENVILLE,78,Maison,97,4,374,2022
334000,78440,GARGENVILLE,78,Maison,97,4,500,2022
258000,78270,GOMMECOURT,78,Dépendance,0,0,296,2022
258000,78270,GOMMECOURT,78,Maison,74,2,296,2022
336000,78990,ELANCOURT,78,Dépendance,0,0,234,2022
336000,78990,ELANCOURT,78,Maison,118,5,234,2022
385016,78440,LAINVILLE-EN-VEXIN,78,Maison,130,5,552,2022
385016,78440,LAINVILLE-EN-VEXIN,78,Dépendance,0,0,552,2022
285600,78130,MUREAUX (LES),78,Maison,57,2,216,2022
315000,78125,RAIZEUX,78,Maison,83,4,302,2022
215000,78930,GUERVILLE,78,Dépendance,0,0,374,2022
215000,78930,GUERVILLE,78,Maison,86,3,374,2022
215000,78930,GUERVILLE,78,Local industriel. commercial ou assimilé,50,0,374,2022
720000,78350,JOUY EN JOSAS,78,Maison,90,5,2891,2022
720000,78350,JOUY EN JOSAS,78,Dépendance,0,0,500,2022
720000,78350,JOUY EN JOSAS,78,Dépendance,0,0,2891,2022
720000,78350,JOUY EN JOSAS,78,Maison,90,5,500,2022
658000,78180,MONTIGNY LE BRETONNEUX,78,Maison,130,5,286,2022
275000,78710,ROSNY-SUR-SEINE,78,Maison,83,4,619,2022
392000,78570,ANDRESY,78,Maison,81,4,66,2022
475340,78660,ABLIS,78,Maison,190,6,848,2022
241500,78410,AUBERGENVILLE,78,Local industriel. commercial ou assimilé,87,0,966,2022
610950,78440,FONTENAY-SAINT-PERE,78,Maison,199,6,2513,2022
610950,78440,FONTENAY-SAINT-PERE,78,Maison,199,6,500,2022
260000,78711,MANTES-LA-VILLE,78,Maison,110,4,700,2022
260000,78711,MANTES-LA-VILLE,78,Dépendance,0,0,614,2022
260000,78711,MANTES-LA-VILLE,78,Local industriel. commercial ou assimilé,39,0,614,2022
260000,78711,MANTES-LA-VILLE,78,Maison,110,4,614,2022
260000,78711,MANTES-LA-VILLE,78,Local industriel. commercial ou assimilé,16,0,614,2022
260000,78711,MANTES-LA-VILLE,78,Dépendance,0,0,700,2022
260000,78711,MANTES-LA-VILLE,78,Local industriel. commercial ou assimilé,39,0,700,2022
260000,78711,MANTES-LA-VILLE,78,Local industriel. commercial ou assimilé,16,0,700,2022
595000,78114,MAGNY-LES-HAMEAUX,78,Maison,174,6,702,2022
920600,78630,MORAINVILLIERS,78,Maison,196,8,610,2022
920600,78630,MORAINVILLIERS,78,Maison,196,8,500,2022
158606,78124,MAREIL-SUR-MAULDRE,78,Dépendance,0,0,571,2022
158606,78124,MAREIL-SUR-MAULDRE,78,Maison,77,4,571,2022
158606,78124,MAREIL-SUR-MAULDRE,78,Dépendance,0,0,500,2022
158606,78124,MAREIL-SUR-MAULDRE,78,Maison,77,4,500,2022
555000,78350,JOUY EN JOSAS,78,Maison,44,3,323,2022
555000,78350,JOUY EN JOSAS,78,Dépendance,0,0,323,2022
282000,78450,VILLEPREUX,78,Maison,80,5,116,2022
492000,78210,SAINT-CYR-L ECOLE,78,Maison,100,5,122,2022
240000,78440,FONTENAY-SAINT-PERE,78,Local industriel. commercial ou assimilé,200,0,520,2022
232000,78340,CLAYES-SOUS-BOIS (LES),78,Maison,62,4,219,2022
359000,78800,HOUILLES,78,Maison,70,3,221,2022
341000,78440,BRUEIL-EN-VEXIN,78,Maison,108,5,261,2022
365000,78500,SARTROUVILLE,78,Maison,75,3,315,2022
290000,78680,EPONE,78,Dépendance,0,0,540,2022
290000,78680,EPONE,78,Maison,63,3,540,2022
358252,78370,PLAISIR,78,Maison,112,5,113,2022
358252,78370,PLAISIR,78,Dépendance,0,0,113,2022
270000,78450,VILLEPREUX,78,Maison,66,4,61,2022
710000,78220,VIROFLAY,78,Maison,102,5,101,2022
436530,78640,NEAUPHLE-LE-CHATEAU,78,Maison,102,3,224,2022
450000,78390,BOIS D ARCY,78,Maison,110,5,304,2022
957000,78100,SAINT-GERMAIN-EN-LAYE,78,Maison,110,5,282,2022
435000,78650,BEYNES,78,Maison,129,6,701,2022
412000,78690,ESSARTS-LE-ROI (LES),78,Maison,121,6,500,2022
930000,78760,JOUARS-PONTCHARTRAIN,78,Maison,251,5,500,2022
930000,78760,JOUARS-PONTCHARTRAIN,78,Maison,251,5,7889,2022
498000,78300,POISSY,78,Maison,85,4,382,2022
498000,78300,POISSY,78,Dépendance,0,0,382,2022
510000,78780,MAURECOURT,78,Local industriel. commercial ou assimilé,105,0,637,2022
510000,78780,MAURECOURT,78,Maison,161,4,456,2022
510000,78780,MAURECOURT,78,Maison,161,4,637,2022
510000,78780,MAURECOURT,78,Dépendance,0,0,456,2022
510000,78780,MAURECOURT,78,Local industriel. commercial ou assimilé,105,0,456,2022
510000,78780,MAURECOURT,78,Dépendance,0,0,637,2022
640000,78300,POISSY,78,Maison,92,5,644,2022
471000,78580,JUMEAUVILLE,78,Maison,155,7,667,2022
471000,78580,JUMEAUVILLE,78,Maison,155,7,500,2022
516700,78310,MAUREPAS,78,Maison,122,5,665,2022
222000,78440,GARGENVILLE,78,Maison,45,3,486,2022
1343270,78110,VESINET (LE),78,Maison,29,1,489,2022
1343270,78110,VESINET (LE),78,Maison,213,6,489,2022
470000,78490,TREMBLAY-SUR-MAULDRE (LE),78,Maison,88,5,594,2022
470000,78490,TREMBLAY-SUR-MAULDRE (LE),78,Maison,88,5,500,2022
1450000,78110,VESINET (LE),78,Maison,160,6,870,2022
313600,78910,ORVILLIERS,78,Maison,84,4,552,2022
313600,78910,ORVILLIERS,78,Maison,84,4,500,2022
383000,78570,ANDRESY,78,Maison,86,4,121,2022
1560260,78100,SAINT-GERMAIN-EN-LAYE,78,Maison,170,7,148,2022
210000,78270,CHAUFOUR LES BONNIERES,78,Maison,127,5,1400,2022
830217,78600,MAISONS-LAFFITTE,78,Maison,99,5,153,2022
348000,78711,MANTES-LA-VILLE,78,Dépendance,0,0,188,2022
348000,78711,MANTES-LA-VILLE,78,Maison,134,4,188,2022
935000,78110,VESINET (LE),78,Maison,150,7,577,2022
250000,78720,SENLISSE,78,Dépendance,0,0,234,2022
250000,78720,SENLISSE,78,Maison,33,2,234,2022
1164000,78290,CROISSY SUR SEINE,78,Maison,158,9,291,2022
1164000,78290,CROISSY SUR SEINE,78,Maison,158,9,550,2022
48501,78100,SAINT-GERMAIN-EN-LAYE,78,Maison,183,6,429,2022
48501,78100,SAINT-GERMAIN-EN-LAYE,78,Maison,173,5,429,2022
332800,78370,PLAISIR,78,Dépendance,0,0,534,2022
332800,78370,PLAISIR,78,Maison,64,4,534,2022
312270,78650,BEYNES,78,Maison,78,4,194,2022
750000,78800,HOUILLES,78,Maison,120,4,365,2022
500000,78800,HOUILLES,78,Maison,89,3,383,2022
353500,78955,CARRIERES SOUS POISSY,78,Maison,110,5,382,2022
294000,78820,JUZIERS,78,Maison,81,4,607,2022
622000,78540,VERNOUILLET,78,Maison,150,6,444,2022
545500,78800,HOUILLES,78,Maison,110,5,301,2022
545500,78800,HOUILLES,78,Dépendance,0,0,301,2022
418633,78500,SARTROUVILLE,78,Maison,72,3,155,2022
430300,78860,SAINT-NOM-LA-BRETECHE,78,Maison,93,4,85,2022
356000,78510,TRIEL SUR SEINE,78,Maison,83,4,164,2022
356000,78510,TRIEL SUR SEINE,78,Dépendance,0,0,164,2022
372500,78955,CARRIERES SOUS POISSY,78,Maison,75,4,387,2022
571500,78600,MESNIL-LE-ROI (LE),78,Maison,80,3,197,2022
490300,78117,CHATEAUFORT,78,Maison,96,5,423,2022
200000,78125,ORPHIN,78,Dépendance,0,0,890,2022
200000,78125,ORPHIN,78,Maison,90,4,890,2022
367000,78300,POISSY,78,Maison,80,3,333,2022
367000,78300,POISSY,78,Local industriel. commercial ou assimilé,40,0,333,2022
365450,78500,SARTROUVILLE,78,Maison,69,4,101,2022
720000,78800,HOUILLES,78,Dépendance,0,0,546,2022
720000,78800,HOUILLES,78,Maison,120,4,546,2022
321082,78910,ORVILLIERS,78,Dépendance,0,0,591,2022
321082,78910,ORVILLIERS,78,Maison,123,6,591,2022
420000,78760,JOUARS-PONTCHARTRAIN,78,Dépendance,0,0,500,2022
420000,78760,JOUARS-PONTCHARTRAIN,78,Maison,99,5,500,2022
100000,78510,TRIEL SUR SEINE,78,Dépendance,0,0,203,2022
467665,78320,LEVIS-SAINT-NOM,78,Maison,123,4,535,2022
467665,78320,LEVIS-SAINT-NOM,78,Maison,123,4,1400,2022
379000,78180,MONTIGNY LE BRETONNEUX,78,Maison,123,6,137,2022
611900,78200,MANTES-LA-JOLIE,78,Local industriel. commercial ou assimilé,188,0,137,2022
611900,78200,MANTES-LA-JOLIE,78,Maison,130,5,137,2022
352120,78440,BRUEIL-EN-VEXIN,78,Dépendance,0,0,675,2022
352120,78440,BRUEIL-EN-VEXIN,78,Maison,140,5,675,2022
352120,78440,BRUEIL-EN-VEXIN,78,Maison,140,5,770,2022
352120,78440,BRUEIL-EN-VEXIN,78,Dépendance,0,0,770,2022
276000,78711,MANTES-LA-VILLE,78,Maison,87,3,569,2022
820000,78420,CARRIERES SUR SEINE,78,Maison,160,5,305,2022
820000,78420,CARRIERES SUR SEINE,78,Dépendance,0,0,305,2022
1179654,78380,BOUGIVAL,78,Maison,236,7,531,2022
1179654,78380,BOUGIVAL,78,Maison,236,7,600,2022
384000,78113,CONDE-SUR-VESGRE,78,Maison,122,5,2180,2022
384000,78113,CONDE-SUR-VESGRE,78,Maison,122,5,500,2022
332000,78580,MAULE,78,Maison,76,3,974,2022
332000,78580,MAULE,78,Dépendance,0,0,974,2022
160000,78450,VILLEPREUX,78,Maison,121,6,429,2022
430550,78700,CONFLANS SAINTE HONORINE,78,Maison,94,2,358,2022
340000,78610,PERRAY-EN-YVELINES (LE),78,Dépendance,0,0,581,2022
340000,78610,PERRAY-EN-YVELINES (LE),78,Maison,89,5,581,2022
337000,78380,BOUGIVAL,78,Maison,60,3,28,2022
400000,78410,AUBERGENVILLE,78,Maison,100,3,552,2022
490000,78200,BUCHELAY,78,Maison,140,3,600,2022
490000,78200,BUCHELAY,78,Dépendance,0,0,600,2022
490000,78200,BUCHELAY,78,Dépendance,0,0,587,2022
490000,78200,BUCHELAY,78,Maison,140,3,587,2022
268500,78440,GARGENVILLE,78,Maison,52,4,857,2022
320635,78910,BOISSETS,78,Dépendance,0,0,503,2022
320635,78910,BOISSETS,78,Maison,53,2,503,2022
271500,78711,MANTES-LA-VILLE,78,Maison,91,6,444,2022
316300,78310,MAUREPAS,78,Maison,104,5,136,2022
316300,78310,MAUREPAS,78,Dépendance,0,0,136,2022
562000,78840,MOISSON,78,Maison,200,7,1851,2022
562000,78840,MOISSON,78,Dépendance,0,0,700,2022
562000,78840,MOISSON,78,Maison,200,7,700,2022
562000,78840,MOISSON,78,Dépendance,0,0,1851,2022
398000,78680,EPONE,78,Maison,154,4,718,2022
398000,78680,EPONE,78,Maison,154,4,500,2022
975000,78400,CHATOU,78,Maison,82,3,390,2022
975000,78400,CHATOU,78,Maison,97,5,390,2022
975000,78400,CHATOU,78,Dépendance,0,0,390,2022
681000,78360,MONTESSON,78,Maison,109,6,400,2022
1200000,78150,LE CHESNAY-ROCQUENCOURT,78,Maison,126,6,554,2022
1820000,78150,LE CHESNAY-ROCQUENCOURT,78,Maison,200,7,819,2022
549000,78480,VERNEUIL SUR SEINE,78,Maison,134,6,421,2022
1230000,78400,CHATOU,78,Maison,75,3,766,2022
1230000,78400,CHATOU,78,Dépendance,0,0,766,2022
1145700,78000,VERSAILLES,78,Maison,110,5,132,2022
1546400,78000,VERSAILLES,78,Maison,155,6,417,2022
1546400,78000,VERSAILLES,78,Dépendance,0,0,417,2022
5000,78670,VILLENNES-SUR-SEINE,78,Dépendance,0,0,64,2022
394000,78570,CHANTELOUP-LES-VIGNES,78,Maison,92,4,609,2022
345000,78500,SARTROUVILLE,78,Local industriel. commercial ou assimilé,69,0,77,2022
345000,78500,SARTROUVILLE,78,Maison,39,2,77,2022
1870000,78600,MAISONS-LAFFITTE,78,Maison,165,7,812,2022
1870000,78600,MAISONS-LAFFITTE,78,Dépendance,0,0,812,2022
475100,78800,HOUILLES,78,Dépendance,0,0,154,2022
475100,78800,HOUILLES,78,Maison,53,3,154,2022
810000,78600,MAISONS-LAFFITTE,78,Dépendance,0,0,207,2022
810000,78600,MAISONS-LAFFITTE,78,Maison,50,2,207,2022
295000,78310,COIGNIERES,78,Maison,74,4,109,2022
647500,78120,RAMBOUILLET,78,Maison,143,7,466,2022
373250,78360,MONTESSON,78,Maison,89,4,144,2022
205250,78540,VERNOUILLET,78,Maison,42,2,46,2022
450000,78200,MANTES-LA-JOLIE,78,Maison,153,8,867,2022
460000,78640,VILLIERS-SAINT-FREDERIC,78,Maison,65,3,786,2022
706300,78480,VERNEUIL SUR SEINE,78,Maison,158,7,989,2022
524100,78610,AUFFARGIS,78,Dépendance,0,0,577,2022
524100,78610,AUFFARGIS,78,Maison,147,5,577,2022
350000,78540,VERNOUILLET,78,Maison,94,5,205,2022
460000,78390,BOIS D ARCY,78,Maison,72,4,244,2022
260000,78800,HOUILLES,78,Maison,50,2,235,2022
395000,78610,PERRAY-EN-YVELINES (LE),78,Maison,99,4,760,2022
326000,78990,ELANCOURT,78,Maison,60,3,124,2022
825000,78800,HOUILLES,78,Maison,147,4,371,2022
311450,78790,SEPTEUIL,78,Maison,140,5,341,2022
319000,78450,VILLEPREUX,78,Maison,90,5,116,2022
603000,78800,HOUILLES,78,Maison,70,3,345,2022
193350,78711,MANTES-LA-VILLE,78,Maison,101,5,138,2022
545000,78114,MAGNY-LES-HAMEAUX,78,Maison,132,5,399,2022
331500,78340,CLAYES-SOUS-BOIS (LES),78,Maison,63,4,302,2022
331500,78340,CLAYES-SOUS-BOIS (LES),78,Dépendance,0,0,302,2022
355000,78500,SARTROUVILLE,78,Dépendance,0,0,58,2022
355000,78500,SARTROUVILLE,78,Maison,88,4,58,2022
415000,78570,ANDRESY,78,Maison,82,4,104,2022
415000,78570,ANDRESY,78,Local industriel. commercial ou assimilé,67,0,104,2022
911000,78450,CHAVENAY,78,Maison,236,8,200,2022
911000,78450,CHAVENAY,78,Maison,236,8,1021,2022
517500,78800,HOUILLES,78,Maison,110,5,213,2022
262000,78200,PERDREAUVILLE,78,Maison,50,2,413,2022
262000,78200,PERDREAUVILLE,78,Dépendance,0,0,413,2022
604530,78340,CLAYES-SOUS-BOIS (LES),78,Maison,140,6,593,2022
350000,78610,SAINT-LEGER-EN-YVELINES,78,Dépendance,0,0,500,2022
350000,78610,SAINT-LEGER-EN-YVELINES,78,Maison,99,4,3400,2022
350000,78610,SAINT-LEGER-EN-YVELINES,78,Dépendance,0,0,3400,2022
350000,78610,SAINT-LEGER-EN-YVELINES,78,Maison,99,4,500,2022
440000,78850,THIVERVAL-GRIGNON,78,Maison,100,5,215,2022
300000,78480,VERNEUIL SUR SEINE,78,Dépendance,0,0,308,2022
300000,78480,VERNEUIL SUR SEINE,78,Maison,153,5,308,2022
1336425,78112,SAINT-GERMAIN-EN-LAYE,78,Maison,180,7,300,2022
1336425,78112,SAINT-GERMAIN-EN-LAYE,78,Maison,180,7,475,2022
757143,78600,MAISONS-LAFFITTE,78,Dépendance,0,0,650,2022
757143,78600,MAISONS-LAFFITTE,78,Maison,75,4,650,2022
600500,78360,MONTESSON,78,Maison,147,5,339,2022
312000,78610,PERRAY-EN-YVELINES (LE),78,Maison,67,4,453,2022
2907500,78000,VERSAILLES,78,Maison,240,9,696,2022
828000,78240,AIGREMONT,78,Maison,171,7,500,2022
828000,78240,AIGREMONT,78,Maison,171,7,263,2022
450000,78800,HOUILLES,78,Maison,80,4,298,2022
422000,78910,ORGERUS,78,Maison,107,5,978,2022
422000,78910,ORGERUS,78,Dépendance,0,0,978,2022
491850,78890,GARANCIERES,78,Maison,111,5,500,2022
491850,78890,GARANCIERES,78,Maison,111,5,1869,2022
666000,78700,CONFLANS SAINTE HONORINE,78,Maison,137,6,678,2022
363000,78910,ORGERUS,78,Maison,122,8,496,2022
349000,78450,VILLEPREUX,78,Maison,70,4,316,2022
349000,78450,VILLEPREUX,78,Dépendance,0,0,316,2022
290000,78510,TRIEL SUR SEINE,78,Maison,68,4,352,2022
556415,78540,VERNOUILLET,78,Maison,206,6,164,2022
556415,78540,VERNOUILLET,78,Dépendance,0,0,164,2022
580000,78110,VESINET (LE),78,Maison,82,3,340,2022
581300,78440,FONTENAY-SAINT-PERE,78,Maison,222,7,500,2022
581300,78440,FONTENAY-SAINT-PERE,78,Dépendance,0,0,500,2022
581300,78440,FONTENAY-SAINT-PERE,78,Dépendance,0,0,321,2022
581300,78440,FONTENAY-SAINT-PERE,78,Maison,222,7,321,2022
274100,78730,SAINT-ARNOULT-EN-YVELINES,78,Maison,136,5,738,2022
300000,78890,GARANCIERES,78,Maison,69,2,70,2022
300000,78890,GARANCIERES,78,Dépendance,0,0,70,2022
2109600,78100,SAINT-GERMAIN-EN-LAYE,78,Dépendance,0,0,1279,2022
2109600,78100,SAINT-GERMAIN-EN-LAYE,78,Maison,160,5,500,2022
2109600,78100,SAINT-GERMAIN-EN-LAYE,78,Dépendance,0,0,500,2022
2109600,78100,SAINT-GERMAIN-EN-LAYE,78,Maison,160,5,1279,2022
520000,78470,SAINT-REMY-LES-CHEVREUSE,78,Maison,124,4,242,2022
500000,78500,SARTROUVILLE,78,Maison,87,5,37,2022
226000,78711,MANTES-LA-VILLE,78,Maison,70,3,630,2022
300000,78610,AUFFARGIS,78,Appartement,93,5,1008,2022
300000,78610,AUFFARGIS,78,Dépendance,0,0,1008,2022
300000,78610,AUFFARGIS,78,Appartement,36,2,1008,2022
300000,78610,AUFFARGIS,78,Appartement,35,2,1008,2022
300000,78610,AUFFARGIS,78,Appartement,32,2,1008,2022
500000,78500,SARTROUVILLE,78,Dépendance,0,0,326,2022
500000,78500,SARTROUVILLE,78,Maison,82,4,326,2022
1206675,78000,VERSAILLES,78,Maison,100,4,194,2022
340000,78820,JUZIERS,78,Maison,99,4,582,2022
340000,78820,JUZIERS,78,Dépendance,0,0,582,2022
447000,78790,SEPTEUIL,78,Maison,147,6,500,2022
447000,78790,SEPTEUIL,78,Maison,147,6,421,2022
529350,78390,BOIS D ARCY,78,Maison,116,5,619,2022
200000,78340,CLAYES-SOUS-BOIS (LES),78,Maison,61,3,61,2022
213200,78840,FRENEUSE,78,Maison,82,5,770,2022
395000,78125,GAZERAN,78,Maison,116,3,810,2022
434200,78730,SAINT-ARNOULT-EN-YVELINES,78,Maison,127,5,830,2022
480000,78720,CELLE-LES-BORDES (LA),78,Maison,200,4,65,2022
1162050,78350,JOUY EN JOSAS,78,Maison,36,1,500,2022
1162050,78350,JOUY EN JOSAS,78,Maison,230,6,7585,2022
1162050,78350,JOUY EN JOSAS,78,Maison,36,1,7585,2022
1162050,78350,JOUY EN JOSAS,78,Local industriel. commercial ou assimilé,50,0,7585,2022
1162050,78350,JOUY EN JOSAS,78,Maison,230,6,500,2022
1162050,78350,JOUY EN JOSAS,78,Local industriel. commercial ou assimilé,50,0,500,2022
1162050,78350,JOUY EN JOSAS,78,Maison,52,2,452,2022
1162050,78350,JOUY EN JOSAS,78,Maison,52,2,500,2022
292300,78690,ESSARTS-LE-ROI (LES),78,Maison,71,5,588,2022
3380000,78190,TRAPPES,78,Local industriel. commercial ou assimilé,1832,0,8629,2022
3380000,78190,TRAPPES,78,Local industriel. commercial ou assimilé,3075,0,8629,2022
3380000,78190,TRAPPES,78,Local industriel. commercial ou assimilé,315,0,8629,2022
3380000,78190,TRAPPES,78,Local industriel. commercial ou assimilé,2844,0,6093,2022
3380000,78190,TRAPPES,78,Local industriel. commercial ou assimilé,1280,0,6093,2022
100000,78680,EPONE,78,Local industriel. commercial ou assimilé,170,0,238,2022
1250000,78120,RAMBOUILLET,78,Maison,230,6,500,2022
1250000,78120,RAMBOUILLET,78,Dépendance,0,0,2623,2022
1250000,78120,RAMBOUILLET,78,Dépendance,0,0,500,2022
1250000,78120,RAMBOUILLET,78,Maison,230,6,2623,2022
245000,78520,GUERNES,78,Maison,58,4,753,2022
245000,78520,GUERNES,78,Dépendance,0,0,753,2022
1183350,78720,SENLISSE,78,Dépendance,0,0,2196,2022
1183350,78720,SENLISSE,78,Maison,326,7,500,2022
1183350,78720,SENLISSE,78,Dépendance,0,0,500,2022
1183350,78720,SENLISSE,78,Maison,326,7,2196,2022
187500,78610,PERRAY-EN-YVELINES (LE),78,Maison,35,2,114,2022
600000,78760,JOUARS-PONTCHARTRAIN,78,Appartement,50,3,232,2022
600000,78760,JOUARS-PONTCHARTRAIN,78,Local industriel. commercial ou assimilé,158,0,85,2022
600000,78760,JOUARS-PONTCHARTRAIN,78,Dépendance,0,0,121,2022
600000,78760,JOUARS-PONTCHARTRAIN,78,Appartement,58,2,121,2022
600000,78760,JOUARS-PONTCHARTRAIN,78,Appartement,88,6,121,2022
372500,78600,MESNIL-LE-ROI (LE),78,Maison,50,3,46,2022
407100,78620,ETANG-LA-VILLE (L ),78,Maison,66,3,240,2022
1179000,78500,SARTROUVILLE,78,Dépendance,0,0,752,2022
1179000,78500,SARTROUVILLE,78,Maison,280,8,752,2022
479000,78480,VERNEUIL SUR SEINE,78,Maison,104,5,352,2022
585000,78480,VERNEUIL SUR SEINE,78,Maison,212,6,1530,2022
13620000,78000,VERSAILLES,78,Local industriel. commercial ou assimilé,6972,0,2247,2022
322000,78950,GAMBAIS,78,Maison,91,5,814,2022
1450000,78430,LOUVECIENNES,78,Dépendance,0,0,1020,2022
1450000,78430,LOUVECIENNES,78,Dépendance,0,0,500,2022
1450000,78430,LOUVECIENNES,78,Appartement,30,2,500,2022
1450000,78430,LOUVECIENNES,78,Appartement,60,2,500,2022
1450000,78430,LOUVECIENNES,78,Local industriel. commercial ou assimilé,210,0,500,2022
1450000,78430,LOUVECIENNES,78,Appartement,30,2,1020,2022
1450000,78430,LOUVECIENNES,78,Appartement,60,2,1020,2022
1450000,78430,LOUVECIENNES,78,Local industriel. commercial ou assimilé,210,0,1020,2022
436000,78113,CONDE-SUR-VESGRE,78,Maison,113,6,736,2022
650000,78340,CLAYES-SOUS-BOIS (LES),78,Maison,66,4,210,2022
650000,78340,CLAYES-SOUS-BOIS (LES),78,Dépendance,0,0,210,2022
384000,78570,CHANTELOUP-LES-VIGNES,78,Maison,100,5,627,2022
333900,78500,SARTROUVILLE,78,Maison,61,2,287,2022
577000,78580,ALLUETS-LE-ROI (LES),78,Maison,107,3,1118,2022
577000,78580,ALLUETS-LE-ROI (LES),78,Local industriel. commercial ou assimilé,51,0,1118,2022
384300,78370,PLAISIR,78,Maison,101,3,530,2022
384300,78370,PLAISIR,78,Dépendance,0,0,530,2022
549403,78860,SAINT-NOM-LA-BRETECHE,78,Maison,113,4,168,2022
465000,78950,GAMBAIS,78,Maison,120,5,465,2022
465000,78950,GAMBAIS,78,Maison,120,5,500,2022
420000,78490,MAREIL-LE-GUYON,78,Maison,164,4,329,2022
427000,78440,BRUEIL-EN-VEXIN,78,Maison,187,6,500,2022
427000,78440,BRUEIL-EN-VEXIN,78,Dépendance,0,0,500,2022
427000,78440,BRUEIL-EN-VEXIN,78,Dépendance,0,0,577,2022
427000,78440,BRUEIL-EN-VEXIN,78,Maison,187,6,577,2022
315000,78510,TRIEL SUR SEINE,78,Maison,84,4,234,2022
282000,78630,ORGEVAL,78,Maison,115,5,141,2022
282000,78630,ORGEVAL,78,Dépendance,0,0,141,2022
282000,78630,ORGEVAL,78,Dépendance,0,0,25,2022
628086,78510,TRIEL SUR SEINE,78,Maison,140,5,80,2022
628086,78510,TRIEL SUR SEINE,78,Dépendance,0,0,80,2022
475000,78780,MAURECOURT,78,Maison,130,6,348,2022
285000,78190,TRAPPES,78,Maison,40,2,420,2022
285000,78190,TRAPPES,78,Dépendance,0,0,420,2022
153000,78125,VIEILLE-EGLISE-EN-YVELINES,78,Maison,84,3,72,2022
2400000,78780,ANDRESY,78,Local industriel. commercial ou assimilé,400,0,455,2022
2400000,78780,ANDRESY,78,Appartement,144,4,5545,2022
2400000,78780,ANDRESY,78,Local industriel. commercial ou assimilé,192,0,5545,2022
2400000,78780,ANDRESY,78,Appartement,180,6,5545,2022
2400000,78780,ANDRESY,78,Maison,170,5,5545,2022
2400000,78780,ANDRESY,78,Maison,143,5,5545,2022
2400000,78780,ANDRESY,78,Maison,42,2,5545,2022
2400000,78780,ANDRESY,78,Local industriel. commercial ou assimilé,357,0,792,2022
2400000,78780,ANDRESY,78,Dépendance,0,0,1000,2022
2400000,78780,ANDRESY,78,Dépendance,0,0,3498,2022
397000,78540,VERNOUILLET,78,Maison,110,5,365,2022
620000,78140,VELIZY VILLACOUBLAY,78,Maison,63,4,357,2022
1209000,78290,CROISSY SUR SEINE,78,Maison,179,8,568,2022
1463400,78150,LE CHESNAY-ROCQUENCOURT,78,Maison,182,9,375,2022
405000,78960,VOISINS-LE-BRETONNEUX,78,Dépendance,0,0,137,2022
405000,78960,VOISINS-LE-BRETONNEUX,78,Maison,94,4,137,2022
1177200,78490,GROSROUVRE,78,Maison,310,8,4500,2022
1177200,78490,GROSROUVRE,78,Maison,310,8,500,2022
1560000,78430,LOUVECIENNES,78,Maison,160,4,500,2022
1560000,78430,LOUVECIENNES,78,Maison,160,4,1434,2022
630000,78740,VAUX-SUR-SEINE,78,Maison,84,3,1000,2022
630000,78740,VAUX-SUR-SEINE,78,Maison,84,3,794,2022
630000,78740,VAUX-SUR-SEINE,78,Maison,16,1,1000,2022
630000,78740,VAUX-SUR-SEINE,78,Maison,27,1,794,2022
630000,78740,VAUX-SUR-SEINE,78,Dépendance,0,0,1000,2022
630000,78740,VAUX-SUR-SEINE,78,Maison,27,1,1000,2022
630000,78740,VAUX-SUR-SEINE,78,Dépendance,0,0,794,2022
630000,78740,VAUX-SUR-SEINE,78,Maison,16,1,794,2022
630000,78740,VAUX-SUR-SEINE,78,Dépendance,0,0,269,2022
259000,78130,CHAPET,78,Maison,63,3,524,2022
826000,78620,ETANG-LA-VILLE (L ),78,Maison,115,4,656,2022
382400,78320,MESNIL-SAINT-DENIS (LE),78,Dépendance,0,0,131,2022
382400,78320,MESNIL-SAINT-DENIS (LE),78,Maison,100,5,131,2022
595000,78470,SAINT-REMY-LES-CHEVREUSE,78,Maison,77,4,435,2022
595000,78470,SAINT-REMY-LES-CHEVREUSE,78,Maison,77,4,600,2022
259250,78440,GARGENVILLE,78,Maison,78,4,189,2022
259250,78440,GARGENVILLE,78,Dépendance,0,0,189,2022
480000,78360,MONTESSON,78,Maison,65,1,110,2022
1002700,78350,JOUY EN JOSAS,78,Maison,147,7,347,2022
1002700,78350,JOUY EN JOSAS,78,Dépendance,0,0,347,2022
165000,78550,HOUDAN,78,Maison,70,4,250,2022
349100,78980,BREVAL,78,Maison,89,4,420,2022
349100,78980,BREVAL,78,Maison,89,4,500,2022
230000,78310,MAUREPAS,78,Dépendance,0,0,606,2022
230000,78310,MAUREPAS,78,Dépendance,0,0,322,2022
230000,78310,MAUREPAS,78,Appartement,68,1,322,2022
230000,78310,MAUREPAS,78,Appartement,97,4,322,2022
230000,78310,MAUREPAS,78,Appartement,34,2,322,2022
230000,78310,MAUREPAS,78,Appartement,68,1,606,2022
230000,78310,MAUREPAS,78,Appartement,97,4,606,2022
230000,78310,MAUREPAS,78,Appartement,34,2,606,2022
698133,78100,SAINT-GERMAIN-EN-LAYE,78,Maison,79,4,262,2022
698133,78100,SAINT-GERMAIN-EN-LAYE,78,Dépendance,0,0,262,2022
480000,78290,CROISSY SUR SEINE,78,Maison,65,2,298,2022
480000,78290,CROISSY SUR SEINE,78,Dépendance,0,0,298,2022
440000,78711,MANTES-LA-VILLE,78,Appartement,34,2,516,2022
440000,78711,MANTES-LA-VILLE,78,Appartement,36,1,516,2022
440000,78711,MANTES-LA-VILLE,78,Appartement,40,2,516,2022
440000,78711,MANTES-LA-VILLE,78,Appartement,32,1,516,2022
440000,78711,MANTES-LA-VILLE,78,Appartement,37,1,516,2022
440000,78711,MANTES-LA-VILLE,78,Appartement,30,1,516,2022
373300,78360,MONTESSON,78,Appartement,42,2,79,2022
373300,78360,MONTESSON,78,Appartement,45,2,79,2022
1245900,78640,NEAUPHLE-LE-VIEUX,78,Maison,453,10,500,2022
1245900,78640,NEAUPHLE-LE-VIEUX,78,Maison,453,10,1427,2022
352900,78260,ACHERES,78,Maison,80,6,171,2022
964285,78400,CHATOU,78,Maison,137,6,280,2022
734484,78580,MAULE,78,Dépendance,0,0,500,2022
734484,78580,MAULE,78,Dépendance,0,0,2012,2022
734484,78580,MAULE,78,Maison,170,6,500,2022
734484,78580,MAULE,78,Maison,170,6,2012,2022
702000,78600,MESNIL-LE-ROI (LE),78,Maison,132,6,354,2022
280000,78800,HOUILLES,78,Dépendance,0,0,184,2022
280000,78800,HOUILLES,78,Maison,56,3,184,2022
575000,78490,BAZOCHES-SUR-GUYONNE,78,Maison,153,6,183,2022
575000,78490,BAZOCHES-SUR-GUYONNE,78,Maison,153,6,500,2022
385000,78130,MUREAUX (LES),78,Dépendance,0,0,730,2022
385000,78130,MUREAUX (LES),78,Maison,120,5,730,2022
441750,78500,SARTROUVILLE,78,Maison,101,6,466,2022
562500,78800,HOUILLES,78,Maison,95,4,480,2022
850000,78500,SARTROUVILLE,78,Dépendance,0,0,377,2022
850000,78500,SARTROUVILLE,78,Appartement,40,2,377,2022
850000,78500,SARTROUVILLE,78,Appartement,27,1,377,2022
850000,78500,SARTROUVILLE,78,Appartement,18,1,377,2022
850000,78500,SARTROUVILLE,78,Appartement,60,3,377,2022
562500,78420,CARRIERES SUR SEINE,78,Maison,113,6,146,2022
1450000,78000,VERSAILLES,78,Maison,180,6,455,2022
515000,78180,MONTIGNY LE BRETONNEUX,78,Maison,91,4,268,2022
267500,78600,MAISONS-LAFFITTE,78,Maison,42,2,51,2022
363500,78940,QUEUE-LES-YVELINES (LA),78,Dépendance,0,0,315,2022
363500,78940,QUEUE-LES-YVELINES (LA),78,Maison,145,7,315,2022
719450,78580,MAULE,78,Maison,150,5,892,2022
460000,78630,ORGEVAL,78,Maison,70,3,689,2022
650000,78620,ETANG-LA-VILLE (L ),78,Maison,95,4,490,2022
642000,78630,MORAINVILLIERS,78,Maison,164,6,195,2022
642000,78630,MORAINVILLIERS,78,Maison,164,6,500,2022
443000,78580,HERBEVILLE,78,Maison,102,3,490,2022
368390,78113,ADAINVILLE,78,Maison,80,3,578,2022
368390,78113,ADAINVILLE,78,Maison,80,3,500,2022
284000,78310,MAUREPAS,78,Maison,80,4,220,2022
976625,78530,BUC,78,Maison,151,7,330,2022
976625,78530,BUC,78,Maison,151,7,765,2022
452100,78510,TRIEL SUR SEINE,78,Maison,125,6,325,2022
389000,78460,CHEVREUSE,78,Maison,60,2,318,2022
610000,78960,VOISINS-LE-BRETONNEUX,78,Maison,135,6,530,2022
200000,78750,MAREIL-MARLY,78,Dépendance,0,0,322,2022
200000,78750,MAREIL-MARLY,78,Maison,54,4,322,2022
386000,78510,TRIEL SUR SEINE,78,Maison,92,5,163,2022
2175000,78110,VESINET (LE),78,Dépendance,0,0,408,2022
2175000,78110,VESINET (LE),78,Dépendance,0,0,700,2022
2175000,78110,VESINET (LE),78,Maison,240,7,700,2022
2175000,78110,VESINET (LE),78,Maison,240,7,408,2022
408000,78260,ACHERES,78,Maison,102,3,285,2022
788000,78230,PECQ (LE),78,Maison,100,6,242,2022
290500,78120,RAMBOUILLET,78,Maison,73,4,615,2022
454400,78340,CLAYES-SOUS-BOIS (LES),78,Maison,87,3,433,2022
265000,78690,ESSARTS-LE-ROI (LES),78,Maison,50,2,790,2022
3003260,78110,VESINET (LE),78,Dépendance,0,0,1001,2022
3003260,78110,VESINET (LE),78,Maison,254,8,1001,2022
210852,78711,MANTES-LA-VILLE,78,Maison,70,4,590,2022
329900,78450,VILLEPREUX,78,Maison,75,5,197,2022
544000,78990,ELANCOURT,78,Maison,146,7,805,2022
544000,78990,ELANCOURT,78,Dépendance,0,0,805,2022
543690,78390,BOIS D ARCY,78,Maison,114,5,377,2022
880000,78000,VERSAILLES,78,Maison,91,5,157,2022
467000,78210,SAINT-CYR-L ECOLE,78,Maison,74,4,248,2022
238000,78200,MANTES-LA-JOLIE,78,Maison,75,5,63,2022
457000,78490,GALLUIS,78,Maison,110,6,393,2022
457000,78490,GALLUIS,78,Dépendance,0,0,393,2022
561000,78540,VERNOUILLET,78,Maison,117,5,530,2022
287200,78200,MAGNANVILLE,78,Maison,87,4,222,2022
461000,78500,SARTROUVILLE,78,Maison,100,4,269,2022
415000,78410,AUBERGENVILLE,78,Maison,59,3,504,2022
512000,78450,VILLEPREUX,78,Maison,101,5,419,2022
1955300,78170,CELLE-SAINT-CLOUD (LA),78,Maison,280,6,1096,2022
322830,78700,CONFLANS SAINTE HONORINE,78,Maison,88,4,363,2022
320000,78130,MUREAUX (LES),78,Local industriel. commercial ou assimilé,250,0,639,2022
502000,78240,CHAMBOURCY,78,Maison,130,4,215,2022
502000,78240,CHAMBOURCY,78,Dépendance,0,0,215,2022
370000,78370,PLAISIR,78,Maison,91,5,254,2022
657300,78500,SARTROUVILLE,78,Maison,124,4,315,2022
657300,78500,SARTROUVILLE,78,Dépendance,0,0,315,2022
330000,78980,BREVAL,78,Maison,88,4,468,2022
322900,78190,TRAPPES,78,Maison,117,6,245,2022
322900,78190,TRAPPES,78,Dépendance,0,0,13,2022
45600000,78190,TRAPPES,78,Local industriel. commercial ou assimilé,28779,0,30000,2022
45600000,78190,TRAPPES,78,Local industriel. commercial ou assimilé,28779,0,27262,2022
45600000,78190,TRAPPES,78,Local industriel. commercial ou assimilé,8600,0,3582,2022
45600000,78190,TRAPPES,78,Local industriel. commercial ou assimilé,9426,0,56760,2022
45600000,78190,TRAPPES,78,Local industriel. commercial ou assimilé,5942,0,56760,2022
558600,78300,POISSY,78,Dépendance,0,0,103,2022
558600,78300,POISSY,78,Maison,56,4,103,2022
621800,78630,ORGEVAL,78,Dépendance,0,0,557,2022
621800,78630,ORGEVAL,78,Maison,95,4,557,2022
505000,78210,SAINT-CYR-L ECOLE,78,Dépendance,0,0,304,2022
505000,78210,SAINT-CYR-L ECOLE,78,Maison,115,5,304,2022
230000,78711,MANTES-LA-VILLE,78,Maison,108,6,173,2022
245000,78600,MAISONS-LAFFITTE,78,Dépendance,0,0,215,2022
245000,78600,MAISONS-LAFFITTE,78,Maison,120,5,215,2022
245000,78600,MAISONS-LAFFITTE,78,Maison,35,3,215,2022
390000,78730,LONGVILLIERS,78,Dépendance,0,0,500,2022
390000,78730,LONGVILLIERS,78,Maison,87,5,500,2022
390000,78730,LONGVILLIERS,78,Dépendance,0,0,635,2022
390000,78730,LONGVILLIERS,78,Maison,87,5,635,2022
705000,78500,SARTROUVILLE,78,Maison,88,4,230,2022
225000,78440,DROCOURT,78,Maison,98,2,119,2022
7279920,78100,SAINT-GERMAIN-EN-LAYE,78,Local industriel. commercial ou assimilé,5984,0,2686,2022
29850000,78430,LOUVECIENNES,78,Local industriel. commercial ou assimilé,6169,0,8043,2022
29850000,78430,LOUVECIENNES,78,Local industriel. commercial ou assimilé,5694,0,8043,2022
29850000,78430,LOUVECIENNES,78,Local industriel. commercial ou assimilé,1172,0,8043,2022
29850000,78430,LOUVECIENNES,78,Local industriel. commercial ou assimilé,3083,0,8043,2022
890000,78600,MESNIL-LE-ROI (LE),78,Dépendance,0,0,307,2022
890000,78600,MESNIL-LE-ROI (LE),78,Maison,90,3,307,2022
459550,78340,CLAYES-SOUS-BOIS (LES),78,Maison,107,5,311,2022
500000,78450,VILLEPREUX,78,Maison,106,5,381,2022
500000,78450,VILLEPREUX,78,Dépendance,0,0,381,2022
320300,78711,MANTES-LA-VILLE,78,Dépendance,0,0,233,2022
320300,78711,MANTES-LA-VILLE,78,Maison,120,4,233,2022
410000,78250,MEULAN-EN-YVELINES,78,Maison,152,4,95,2022
678000,78800,HOUILLES,78,Maison,93,4,259,2022
678000,78800,HOUILLES,78,Dépendance,0,0,259,2022
955050,78960,VOISINS-LE-BRETONNEUX,78,Maison,190,7,814,2022
630000,78121,CRESPIERES,78,Maison,136,8,500,2022
400000,78250,HARDRICOURT,78,Maison,78,4,440,2022
430000,78500,SARTROUVILLE,78,Maison,71,3,313,2022
70000,78250,MEZY-SUR-SEINE,78,Dépendance,0,0,281,2022
444880,78280,GUYANCOURT,78,Maison,110,5,592,2022
255000,78130,MUREAUX (LES),78,Maison,96,5,582,2022
255000,78130,MUREAUX (LES),78,Dépendance,0,0,582,2022
80113,78640,NEAUPHLE-LE-CHATEAU,78,Dépendance,0,0,15,2022
80113,78640,NEAUPHLE-LE-CHATEAU,78,Dépendance,0,0,13,2022
1062500,78150,LE CHESNAY-ROCQUENCOURT,78,Local industriel. commercial ou assimilé,15,0,187,2022
1062500,78150,LE CHESNAY-ROCQUENCOURT,78,Maison,96,4,187,2022
1062500,78150,LE CHESNAY-ROCQUENCOURT,78,Dépendance,0,0,187,2022
202000,78610,PERRAY-EN-YVELINES (LE),78,Maison,85,3,168,2022
559890,78690,ESSARTS-LE-ROI (LES),78,Maison,126,5,500,2022
559890,78690,ESSARTS-LE-ROI (LES),78,Maison,126,5,1506,2022
750030,78490,GALLUIS,78,Maison,318,7,595,2022
750030,78490,GALLUIS,78,Dépendance,0,0,2500,2022
750030,78490,GALLUIS,78,Maison,318,7,2500,2022
750030,78490,GALLUIS,78,Dépendance,0,0,595,2022
311200,78500,SARTROUVILLE,78,Maison,72,3,164,2022
311200,78500,SARTROUVILLE,78,Dépendance,0,0,164,2022
419000,78250,MEULAN-EN-YVELINES,78,Maison,130,7,699,2022
2188400,78400,CHATOU,78,Dépendance,0,0,158,2022
2188400,78400,CHATOU,78,Appartement,352,8,158,2022
2188400,78400,CHATOU,78,Appartement,75,3,158,2022
325000,78550,RICHEBOURG,78,Dépendance,0,0,500,2022
325000,78550,RICHEBOURG,78,Maison,123,6,60,2022
325000,78550,RICHEBOURG,78,Dépendance,0,0,60,2022
325000,78550,RICHEBOURG,78,Maison,123,6,500,2022
388600,78120,RAMBOUILLET,78,Dépendance,0,0,408,2022
388600,78120,RAMBOUILLET,78,Maison,92,4,408,2022
481700,78440,FONTENAY-SAINT-PERE,78,Maison,139,5,543,2022
481700,78440,FONTENAY-SAINT-PERE,78,Maison,139,5,124,2022
481700,78440,FONTENAY-SAINT-PERE,78,Dépendance,0,0,124,2022
481700,78440,FONTENAY-SAINT-PERE,78,Dépendance,0,0,543,2022
510000,78630,ORGEVAL,78,Maison,120,3,257,2022
700000,78580,MAULE,78,Local industriel. commercial ou assimilé,2740,0,5081,2022
700000,78580,MAULE,78,Local industriel. commercial ou assimilé,2740,0,4000,2022
427000,78280,GUYANCOURT,78,Dépendance,0,0,176,2022
427000,78280,GUYANCOURT,78,Maison,122,5,176,2022
230000,78440,GARGENVILLE,78,Maison,64,4,532,2022
390000,78790,SAINT-MARTIN-DES-CHAMPS,78,Dépendance,0,0,500,2022
390000,78790,SAINT-MARTIN-DES-CHAMPS,78,Maison,143,5,485,2022
390000,78790,SAINT-MARTIN-DES-CHAMPS,78,Dépendance,0,0,485,2022
390000,78790,SAINT-MARTIN-DES-CHAMPS,78,Maison,143,5,500,2022
335000,78340,CLAYES-SOUS-BOIS (LES),78,Maison,67,4,418,2022
271000,78910,ORVILLIERS,78,Maison,70,5,440,2022
271000,78410,AUBERGENVILLE,78,Maison,74,4,351,2022
440000,78640,VILLIERS-SAINT-FREDERIC,78,Maison,127,6,607,2022
485000,78130,MUREAUX (LES),78,Maison,157,8,588,2022
742200,78540,VERNOUILLET,78,Maison,143,6,5175,2022
240000,78130,MUREAUX (LES),78,Maison,91,4,495,2022
252000,78340,CLAYES-SOUS-BOIS (LES),78,Maison,116,5,236,2022
150000,78410,BOUAFLE,78,Maison,36,2,197,2022
1300000,78500,SARTROUVILLE,78,Maison,84,4,461,2022
1300000,78500,SARTROUVILLE,78,Dépendance,0,0,461,2022
1090400,78220,VIROFLAY,78,Dépendance,0,0,296,2022
1090400,78220,VIROFLAY,78,Maison,160,7,296,2022
860000,78800,HOUILLES,78,Dépendance,0,0,440,2022
860000,78800,HOUILLES,78,Maison,160,5,440,2022
240000,78130,MUREAUX (LES),78,Maison,82,4,188,2022
298000,78510,TRIEL SUR SEINE,78,Maison,83,5,733,2022
298000,78510,TRIEL SUR SEINE,78,Dépendance,0,0,733,2022
848450,78400,CHATOU,78,Maison,26,1,416,2022
848450,78400,CHATOU,78,Maison,120,8,416,2022
227000,78130,MUREAUX (LES),78,Maison,70,4,310,2022
733000,78140,VELIZY VILLACOUBLAY,78,Maison,87,3,434,2022
322000,78680,EPONE,78,Maison,113,5,429,2022
595000,78740,VAUX-SUR-SEINE,78,Maison,198,7,1063,2022
491400,78800,HOUILLES,78,Dépendance,0,0,347,2022
491400,78800,HOUILLES,78,Maison,56,2,347,2022
1420900,78380,BOUGIVAL,78,Maison,175,5,446,2022
1420900,78380,BOUGIVAL,78,Maison,175,5,595,2022
1420900,78380,BOUGIVAL,78,Dépendance,0,0,595,2022
1420900,78380,BOUGIVAL,78,Dépendance,0,0,446,2022
423600,78510,TRIEL SUR SEINE,78,Local industriel. commercial ou assimilé,35,0,506,2022
423600,78510,TRIEL SUR SEINE,78,Maison,131,5,506,2022
491000,78300,POISSY,78,Maison,90,4,463,2022
760000,78420,CARRIERES SUR SEINE,78,Maison,99,4,504,2022
340000,78910,PRUNAY-LE-TEMPLE,78,Maison,143,5,547,2022
340000,78910,PRUNAY-LE-TEMPLE,78,Dépendance,0,0,547,2022
1836900,78110,VESINET (LE),78,Maison,222,8,88,2022
1836900,78110,VESINET (LE),78,Maison,222,8,1043,2022
1836900,78110,VESINET (LE),78,Dépendance,0,0,1043,2022
1836900,78110,VESINET (LE),78,Dépendance,0,0,88,2022
279300,78790,ROSAY,78,Maison,133,6,315,2022
279300,78790,ROSAY,78,Dépendance,0,0,315,2022
1324200,78000,VERSAILLES,78,Dépendance,0,0,437,2022
1324200,78000,VERSAILLES,78,Maison,154,7,437,2022
760000,78600,MESNIL-LE-ROI (LE),78,Maison,140,6,379,2022
560000,78600,MESNIL-LE-ROI (LE),78,Maison,90,3,285,2022
560000,78600,MESNIL-LE-ROI (LE),78,Dépendance,0,0,285,2022
369000,78200,MAGNANVILLE,78,Maison,122,6,369,2022
472000,78510,TRIEL SUR SEINE,78,Maison,80,3,176,2022
690132,78460,CHEVREUSE,78,Maison,187,7,743,2022
765000,78470,SAINT-REMY-LES-CHEVREUSE,78,Maison,163,7,500,2022
765000,78470,SAINT-REMY-LES-CHEVREUSE,78,Dépendance,0,0,901,2022
765000,78470,SAINT-REMY-LES-CHEVREUSE,78,Maison,163,7,901,2022
765000,78470,SAINT-REMY-LES-CHEVREUSE,78,Dépendance,0,0,500,2022
751300,78300,POISSY,78,Maison,178,10,251,2022
400000,78300,POISSY,78,Appartement,18,1,417,2022
400000,78300,POISSY,78,Dépendance,0,0,417,2022
400000,78300,POISSY,78,Appartement,40,2,417,2022
476700,78180,MONTIGNY LE BRETONNEUX,78,Maison,125,7,150,2022
476700,78180,MONTIGNY LE BRETONNEUX,78,Dépendance,0,0,150,2022
1065000,78150,LE CHESNAY-ROCQUENCOURT,78,Maison,130,7,249,2022
384500,78790,ARNOUVILLE-LES-MANTES,78,Maison,120,7,449,2022
384500,78790,ARNOUVILLE-LES-MANTES,78,Maison,120,7,500,2022
163000,78910,PRUNAY-LE-TEMPLE,78,Maison,61,2,205,2022
163000,78910,PRUNAY-LE-TEMPLE,78,Dépendance,0,0,205,2022
369800,78910,TACOIGNIERES,78,Maison,143,6,784,2022
369800,78910,TACOIGNIERES,78,Dépendance,0,0,784,2022
369800,78910,TACOIGNIERES,78,Maison,143,6,500,2022
369800,78910,TACOIGNIERES,78,Dépendance,0,0,500,2022
245000,78910,CIVRY-LA-FORET,78,Dépendance,0,0,1113,2022
245000,78910,CIVRY-LA-FORET,78,Maison,101,4,1113,2022
245000,78910,CIVRY-LA-FORET,78,Dépendance,0,0,500,2022
245000,78910,CIVRY-LA-FORET,78,Maison,101,4,500,2022
575000,78160,MARLY-LE-ROI,78,Maison,64,3,418,2022
152272,78300,POISSY,78,Dépendance,0,0,159,2022
400000,78310,MAUREPAS,78,Maison,116,5,328,2022
596700,78690,SAINT-REMY-L HONORE,78,Maison,150,6,500,2022
596700,78690,SAINT-REMY-L HONORE,78,Maison,150,6,2256,2022
352120,78730,SAINT-ARNOULT-EN-YVELINES,78,Maison,103,6,959,2022
90000,78980,LONGNES,78,Maison,123,4,229,2022
90000,78980,LONGNES,78,Dépendance,0,0,229,2022
609500,78470,SAINT-REMY-LES-CHEVREUSE,78,Maison,145,7,600,2022
235000,78440,FONTENAY-SAINT-PERE,78,Dépendance,0,0,350,2022
235000,78440,FONTENAY-SAINT-PERE,78,Maison,208,6,350,2022
160000,78270,BLARU,78,Maison,104,5,129,2022
575000,78125,EMANCE,78,Dépendance,0,0,665,2022
575000,78125,EMANCE,78,Maison,250,8,665,2022
290500,78790,SEPTEUIL,78,Maison,118,3,197,2022
643710,78360,MONTESSON,78,Maison,111,5,326,2022
353500,78450,VILLEPREUX,78,Maison,105,6,112,2022
330000,78610,PERRAY-EN-YVELINES (LE),78,Maison,83,5,488,2022
416200,78180,MONTIGNY LE BRETONNEUX,78,Maison,87,5,152,2022
322700,78730,SAINT-ARNOULT-EN-YVELINES,78,Maison,87,4,873,2022
285000,78830,BULLION,78,Maison,94,4,40,2022
285000,78830,BULLION,78,Maison,94,4,513,2022
302010,78490,GALLUIS,78,Maison,80,4,478,2022
346500,78410,AUBERGENVILLE,78,Maison,89,4,484,2022
346500,78410,AUBERGENVILLE,78,Dépendance,0,0,484,2022
1155000,78750,MAREIL-MARLY,78,Maison,230,5,420,2022
1383600,78110,VESINET (LE),78,Maison,160,7,523,2022
1383600,78110,VESINET (LE),78,Dépendance,0,0,523,2022
807600,78400,CHATOU,78,Maison,70,4,200,2022
393000,78640,NEAUPHLE-LE-VIEUX,78,Maison,147,6,179,2022
452550,78180,MONTIGNY LE BRETONNEUX,78,Maison,98,5,124,2022
452550,78180,MONTIGNY LE BRETONNEUX,78,Dépendance,0,0,17,2022
452550,78180,MONTIGNY LE BRETONNEUX,78,Dépendance,0,0,14,2022
922500,78112,SAINT-GERMAIN-EN-LAYE,78,Maison,93,4,462,2022
316770,78370,PLAISIR,78,Dépendance,0,0,20,2022
316770,78370,PLAISIR,78,Maison,101,5,88,2022
1636,78550,HOUDAN,78,Dépendance,0,0,995,2022
1636,78550,HOUDAN,78,Dépendance,0,0,5,2022
418700,78580,JUMEAUVILLE,78,Maison,138,4,3325,2022
418700,78580,JUMEAUVILLE,78,Maison,138,4,500,2022
1013000,78360,MONTESSON,78,Maison,140,6,400,2022
255000,78550,HOUDAN,78,Maison,116,3,47,2022
553480,78500,SARTROUVILLE,78,Maison,116,5,240,2022
477000,78650,BEYNES,78,Maison,135,5,422,2022
625000,78390,BOIS D ARCY,78,Maison,101,5,494,2022
360000,78280,GUYANCOURT,78,Maison,85,4,117,2022
360000,78280,GUYANCOURT,78,Dépendance,0,0,117,2022
322118,78650,BEYNES,78,Maison,75,4,510,2022
322118,78650,BEYNES,78,Dépendance,0,0,510,2022
472100,78910,ORGERUS,78,Maison,25,2,983,2022
472100,78910,ORGERUS,78,Maison,112,6,983,2022
67500,78710,ROSNY-SUR-SEINE,78,Maison,58,2,497,2022
67500,78710,ROSNY-SUR-SEINE,78,Maison,58,2,500,2022
812000,78800,HOUILLES,78,Maison,115,4,421,2022
812000,78800,HOUILLES,78,Dépendance,0,0,421,2022
812000,78800,HOUILLES,78,Local industriel. commercial ou assimilé,10,0,421,2022
430000,78125,VIEILLE-EGLISE-EN-YVELINES,78,Maison,101,5,1172,2022
430000,78125,VIEILLE-EGLISE-EN-YVELINES,78,Dépendance,0,0,500,2022
430000,78125,VIEILLE-EGLISE-EN-YVELINES,78,Dépendance,0,0,1172,2022
430000,78125,VIEILLE-EGLISE-EN-YVELINES,78,Maison,101,5,500,2022
257750,78440,GARGENVILLE,78,Maison,71,4,333,2022
447000,78990,ELANCOURT,78,Maison,113,5,396,2022
603000,78120,RAMBOUILLET,78,Maison,110,5,565,2022
663000,78420,CARRIERES SUR SEINE,78,Maison,109,5,462,2022
225000,78440,PORCHEVILLE,78,Maison,68,4,260,2022
850000,78500,SARTROUVILLE,78,Maison,151,7,317,2022
368000,78990,ELANCOURT,78,Dépendance,0,0,410,2022
368000,78990,ELANCOURT,78,Maison,84,4,317,2022
534900,78690,ESSARTS-LE-ROI (LES),78,Maison,75,4,500,2022
534900,78690,ESSARTS-LE-ROI (LES),78,Maison,75,4,677,2022
534900,78690,ESSARTS-LE-ROI (LES),78,Dépendance,0,0,500,2022
534900,78690,ESSARTS-LE-ROI (LES),78,Dépendance,0,0,677,2022
615000,78600,MESNIL-LE-ROI (LE),78,Dépendance,0,0,420,2022
615000,78600,MESNIL-LE-ROI (LE),78,Maison,50,3,420,2022
715300,78500,SARTROUVILLE,78,Dépendance,0,0,280,2022
715300,78500,SARTROUVILLE,78,Maison,99,4,280,2022
620000,78810,FEUCHEROLLES,78,Maison,124,5,2600,2022
620000,78810,FEUCHEROLLES,78,Maison,124,5,355,2022
550000,78700,CONFLANS SAINTE HONORINE,78,Dépendance,0,0,500,2022
550000,78700,CONFLANS SAINTE HONORINE,78,Maison,86,4,500,2022
550000,78700,CONFLANS SAINTE HONORINE,78,Dépendance,0,0,557,2022
550000,78700,CONFLANS SAINTE HONORINE,78,Maison,86,4,557,2022
271429,78440,GUITRANCOURT,78,Dépendance,0,0,909,2022
271429,78440,GUITRANCOURT,78,Maison,167,7,1280,2022
271429,78440,GUITRANCOURT,78,Dépendance,0,0,1280,2022
271429,78440,GUITRANCOURT,78,Maison,167,7,2201,2022
271429,78440,GUITRANCOURT,78,Dépendance,0,0,2201,2022
271429,78440,GUITRANCOURT,78,Maison,167,7,909,2022
273000,78130,MUREAUX (LES),78,Maison,139,4,401,2022
273000,78130,MUREAUX (LES),78,Dépendance,0,0,401,2022
569900,78125,POIGNY-LA-FORET,78,Maison,210,7,1389,2022
559700,78120,SONCHAMP,78,Dépendance,0,0,1985,2022
559700,78120,SONCHAMP,78,Maison,130,7,1985,2022
559700,78120,SONCHAMP,78,Dépendance,0,0,500,2022
559700,78120,SONCHAMP,78,Maison,130,7,500,2022
728000,78670,MEDAN,78,Maison,134,4,500,2022
728000,78670,MEDAN,78,Maison,134,4,2440,2022
30000,78490,GALLUIS,78,Dépendance,0,0,2300,2022
30000,78490,GALLUIS,78,Maison,129,5,580,2022
30000,78490,GALLUIS,78,Dépendance,0,0,580,2022
30000,78490,GALLUIS,78,Maison,129,5,2300,2022
1150300,78120,CLAIREFONTAINE-EN-YVELINES,78,Maison,206,8,115,2022
1150300,78120,CLAIREFONTAINE-EN-YVELINES,78,Maison,45,2,115,2022
1150300,78120,CLAIREFONTAINE-EN-YVELINES,78,Dépendance,0,0,115,2022
362000,78370,PLAISIR,78,Maison,103,6,102,2022
362000,78370,PLAISIR,78,Dépendance,0,0,102,2022
512500,78400,CHATOU,78,Maison,66,3,132,2022
643000,78200,MANTES-LA-JOLIE,78,Dépendance,0,0,374,2022
643000,78200,MANTES-LA-JOLIE,78,Maison,70,2,374,2022
264850,78250,MEZY-SUR-SEINE,78,Maison,80,3,77,2022
317200,78990,ELANCOURT,78,Maison,92,4,141,2022
382000,78640,NEAUPHLE-LE-CHATEAU,78,Maison,95,2,93,2022
440000,78580,MAULE,78,Maison,69,3,663,2022
360000,78120,RAMBOUILLET,78,Dépendance,0,0,197,2022
360000,78120,RAMBOUILLET,78,Maison,91,4,197,2022
811850,78112,SAINT-GERMAIN-EN-LAYE,78,Maison,161,7,54,2022
474150,78260,ACHERES,78,Maison,99,5,197,2022
600500,78540,VERNOUILLET,78,Dépendance,0,0,587,2022
600500,78540,VERNOUILLET,78,Maison,117,5,587,2022
136500,78130,MUREAUX (LES),78,Dépendance,0,0,594,2022
389840,78690,ESSARTS-LE-ROI (LES),78,Maison,88,4,734,2022
800000,78800,HOUILLES,78,Dépendance,0,0,726,2022
800000,78800,HOUILLES,78,Maison,36,2,726,2022
800000,78800,HOUILLES,78,Maison,89,4,726,2022
273200,78820,JUZIERS,78,Maison,73,4,600,2022
678150,78180,MONTIGNY LE BRETONNEUX,78,Maison,120,4,356,2022
425041,78990,ELANCOURT,78,Maison,154,7,228,2022
294000,78910,TACOIGNIERES,78,Maison,85,5,1000,2022
580000,78600,MAISONS-LAFFITTE,78,Dépendance,0,0,297,2022
580000,78600,MAISONS-LAFFITTE,78,Maison,76,4,297,2022
319000,78190,TRAPPES,78,Maison,89,5,375,2022
319000,78190,TRAPPES,78,Dépendance,0,0,15,2022
319000,78190,TRAPPES,78,Dépendance,0,0,13,2022
250000,78540,VERNOUILLET,78,Maison,114,5,357,2022
250000,78540,VERNOUILLET,78,Dépendance,0,0,357,2022
420000,78920,ECQUEVILLY,78,Maison,104,5,355,2022
344000,78610,PERRAY-EN-YVELINES (LE),78,Maison,102,6,217,2022
286000,78610,PERRAY-EN-YVELINES (LE),78,Maison,60,3,439,2022
450000,78610,PERRAY-EN-YVELINES (LE),78,Maison,144,5,561,2022
210000,78440,PORCHEVILLE,78,Maison,57,3,432,2022
273000,78820,JUZIERS,78,Maison,136,5,133,2022
317000,78920,ECQUEVILLY,78,Maison,89,5,203,2022
345000,78410,BOUAFLE,78,Maison,113,7,2552,2022
345000,78410,BOUAFLE,78,Maison,113,7,500,2022
633000,78590,NOISY LE ROI,78,Maison,139,6,171,2022
360100,78113,GRANDCHAMP,78,Maison,116,4,992,2022
360100,78113,GRANDCHAMP,78,Dépendance,0,0,992,2022
900000,78150,LE CHESNAY-ROCQUENCOURT,78,Maison,92,4,315,2022
307500,78890,GARANCIERES,78,Maison,56,3,200,2022
455000,78760,JOUARS-PONTCHARTRAIN,78,Maison,87,4,500,2022
455000,78760,JOUARS-PONTCHARTRAIN,78,Maison,87,4,714,2022
564000,78510,TRIEL SUR SEINE,78,Maison,180,5,453,2022
964150,78430,LOUVECIENNES,78,Maison,190,5,948,2022
319700,78111,DAMMARTIN EN SERVE,78,Maison,94,4,500,2022
319700,78111,DAMMARTIN EN SERVE,78,Maison,94,4,275,2022
419000,78570,CHANTELOUP-LES-VIGNES,78,Maison,134,6,412,2022
417000,78830,BULLION,78,Maison,189,7,1200,2022
417000,78830,BULLION,78,Maison,189,7,494,2022
770000,78470,SAINT-REMY-LES-CHEVREUSE,78,Maison,85,3,1067,2022
770000,78470,SAINT-REMY-LES-CHEVREUSE,78,Maison,85,3,500,2022
300000,78190,TRAPPES,78,Maison,87,5,258,2022
300000,78190,TRAPPES,78,Dépendance,0,0,258,2022
635300,78780,MAURECOURT,78,Dépendance,0,0,1069,2022
635300,78780,MAURECOURT,78,Maison,137,5,1069,2022
704035,78420,CARRIERES SUR SEINE,78,Maison,91,4,349,2022
270000,78820,JUZIERS,78,Maison,69,3,443,2022
523809,78300,POISSY,78,Maison,106,5,565,2022
544050,78570,ANDRESY,78,Maison,149,7,539,2022
400000,78180,MONTIGNY LE BRETONNEUX,78,Maison,89,4,163,2022
400000,78180,MONTIGNY LE BRETONNEUX,78,Dépendance,0,0,10,2022
441200,78650,BEYNES,78,Maison,124,7,434,2022
671000,78360,MONTESSON,78,Maison,155,5,520,2022
671000,78360,MONTESSON,78,Dépendance,0,0,520,2022
759295,78180,MONTIGNY LE BRETONNEUX,78,Maison,160,6,365,2022
425000,78390,BOIS D ARCY,78,Maison,63,4,599,2022
425000,78390,BOIS D ARCY,78,Dépendance,0,0,599,2022
574350,78570,ANDRESY,78,Maison,154,4,655,2022
574350,78570,ANDRESY,78,Dépendance,0,0,655,2022
1041450,78160,MARLY-LE-ROI,78,Maison,138,7,423,2022
365000,78390,BOIS D ARCY,78,Maison,140,5,204,2022
244000,78711,MANTES-LA-VILLE,78,Maison,101,5,156,2022
462700,78370,PLAISIR,78,Maison,104,6,347,2022
413810,78670,VILLENNES-SUR-SEINE,78,Maison,82,4,264,2022
315000,78270,CHAUFOUR LES BONNIERES,78,Maison,130,6,1003,2022
729090,78460,CHEVREUSE,78,Maison,187,7,670,2022
532950,78460,CHEVREUSE,78,Maison,116,5,822,2022
220000,78990,ELANCOURT,78,Maison,90,4,930,2022
320000,78520,FOLLAINVILLE-DENNEMONT,78,Maison,92,4,532,2022
320000,78520,FOLLAINVILLE-DENNEMONT,78,Maison,92,4,500,2022
563000,78180,MONTIGNY LE BRETONNEUX,78,Maison,81,4,296,2022
563000,78180,MONTIGNY LE BRETONNEUX,78,Dépendance,0,0,296,2022
448000,78830,BULLION,78,Maison,113,5,432,2022
448000,78830,BULLION,78,Maison,113,5,500,2022
127000,78710,ROSNY-SUR-SEINE,78,Maison,100,5,77,2022
127000,78710,ROSNY-SUR-SEINE,78,Dépendance,0,0,77,2022
460820,78720,SAINT-FORGET,78,Maison,116,4,140,2022
386300,78270,LIMETZ-VILLEZ,78,Dépendance,0,0,964,2022
386300,78270,LIMETZ-VILLEZ,78,Maison,130,6,123,2022
386300,78270,LIMETZ-VILLEZ,78,Dépendance,0,0,123,2022
386300,78270,LIMETZ-VILLEZ,78,Maison,130,6,964,2022
260000,78190,TRAPPES,78,Maison,95,3,283,2022
250000,78800,HOUILLES,78,Dépendance,0,0,308,2022
250000,78800,HOUILLES,78,Maison,57,3,308,2022
235000,78820,JUZIERS,78,Dépendance,0,0,71,2022
235000,78820,JUZIERS,78,Maison,77,4,71,2022
216500,78790,TILLY,78,Maison,41,3,200,2022
216500,78790,TILLY,78,Dépendance,0,0,200,2022
283000,78520,LIMAY,78,Maison,61,3,462,2022
268815,78126,AULNAY-SUR-MAULDRE,78,Maison,146,6,606,2022
268815,78126,AULNAY-SUR-MAULDRE,78,Maison,146,6,500,2022
619000,78600,MAISONS-LAFFITTE,78,Maison,56,3,118,2022
145000,78910,ORGERUS,78,Maison,95,3,766,2022
352000,78770,AUTOUILLET,78,Maison,35,2,234,2022
610000,78540,VERNOUILLET,78,Maison,194,6,1045,2022
563000,78550,HOUDAN,78,Maison,54,4,458,2022
563000,78550,HOUDAN,78,Maison,140,7,458,2022
298000,78280,GUYANCOURT,78,Maison,69,4,212,2022
298000,78280,GUYANCOURT,78,Dépendance,0,0,15,2022
105875,78520,LIMAY,78,Maison,82,4,268,2022
653040,78114,MAGNY-LES-HAMEAUX,78,Maison,162,5,881,2022
752702,78420,CARRIERES SUR SEINE,78,Maison,154,4,379,2022
330000,78490,BOISSY-SANS-AVOIR,78,Maison,90,4,405,2022
292000,78520,LIMAY,78,Maison,162,6,761,2022
292000,78520,LIMAY,78,Maison,162,6,500,2022
285000,78580,BAZEMONT,78,Maison,74,4,1432,2022
285000,78580,BAZEMONT,78,Dépendance,0,0,1432,2022
285000,78580,BAZEMONT,78,Maison,74,4,500,2022
285000,78580,BAZEMONT,78,Dépendance,0,0,500,2022
588000,78960,VOISINS-LE-BRETONNEUX,78,Maison,105,6,289,2022
865385,78170,CELLE-SAINT-CLOUD (LA),78,Maison,110,3,491,2022
265000,78710,ROSNY-SUR-SEINE,78,Maison,91,4,615,2022
690000,78170,CELLE-SAINT-CLOUD (LA),78,Maison,53,5,235,2022
347000,78980,BREVAL,78,Maison,112,5,500,2022
347000,78980,BREVAL,78,Maison,112,5,229,2022
755000,78590,NOISY LE ROI,78,Maison,148,7,426,2022
598740,78640,SAINT-GERMAIN-DE-LA-GRANGE,78,Maison,95,4,512,2022
598740,78640,SAINT-GERMAIN-DE-LA-GRANGE,78,Maison,95,4,500,2022
312000,78560,PORT-MARLY (LE),78,Appartement,43,2,158,2022
312000,78560,PORT-MARLY (LE),78,Appartement,45,3,158,2022
312000,78560,PORT-MARLY (LE),78,Dépendance,0,0,158,2022
1800000,78450,VILLEPREUX,78,Local industriel. commercial ou assimilé,188,0,3500,2022
1800000,78450,VILLEPREUX,78,Local industriel. commercial ou assimilé,1045,0,3500,2022
1800000,78450,VILLEPREUX,78,Local industriel. commercial ou assimilé,350,0,3500,2022
1800000,78450,VILLEPREUX,78,Local industriel. commercial ou assimilé,257,0,3500,2022
290000,78980,SAINT-ILLIERS-LE-BOIS,78,Maison,108,4,690,2022
760000,78360,MONTESSON,78,Maison,116,6,459,2022
485000,78500,SARTROUVILLE,78,Maison,120,4,203,2022
290000,78730,SAINT-ARNOULT-EN-YVELINES,78,Maison,89,5,327,2022
532000,78280,GUYANCOURT,78,Maison,116,5,979,2022
401000,78700,CONFLANS SAINTE HONORINE,78,Maison,74,4,585,2022
800000,78960,VOISINS-LE-BRETONNEUX,78,Maison,176,8,756,2022
2826900,78100,SAINT-GERMAIN-EN-LAYE,78,Maison,228,9,928,2022
2826900,78100,SAINT-GERMAIN-EN-LAYE,78,Local industriel. commercial ou assimilé,80,0,928,2022
720000,78000,VERSAILLES,78,Maison,65,4,432,2022
2168000,78600,MAISONS-LAFFITTE,78,Dépendance,0,0,625,2022
2168000,78600,MAISONS-LAFFITTE,78,Dépendance,0,0,600,2022
2168000,78600,MAISONS-LAFFITTE,78,Maison,41,3,600,2022
2168000,78600,MAISONS-LAFFITTE,78,Maison,283,9,625,2022
2168000,78600,MAISONS-LAFFITTE,78,Maison,283,9,600,2022
2168000,78600,MAISONS-LAFFITTE,78,Maison,41,3,625,2022
425351,78260,ACHERES,78,Maison,80,4,219,2022
1274360,78124,MONTAINVILLE,78,Maison,157,4,1000,2022
1274360,78124,MONTAINVILLE,78,Maison,119,4,1000,2022
1274360,78124,MONTAINVILLE,78,Maison,157,4,2388,2022
1274360,78124,MONTAINVILLE,78,Maison,119,4,600,2022
1274360,78124,MONTAINVILLE,78,Maison,157,4,600,2022
1274360,78124,MONTAINVILLE,78,Maison,119,4,2388,2022
180000,78770,AUTEUIL-LE-ROI,78,Dépendance,0,0,120,2022
180000,78770,AUTEUIL-LE-ROI,78,Maison,50,2,120,2022
435000,78340,CLAYES-SOUS-BOIS (LES),78,Dépendance,0,0,405,2022
435000,78340,CLAYES-SOUS-BOIS (LES),78,Maison,83,5,405,2022
825200,78870,BAILLY,78,Maison,173,6,589,2022
457950,78490,MERE,78,Maison,53,4,981,2022
1699600,78290,CROISSY SUR SEINE,78,Maison,157,5,93,2022
474000,78320,MESNIL-SAINT-DENIS (LE),78,Maison,155,6,427,2022
539205,78720,CERNAY-LA-VILLE,78,Local industriel. commercial ou assimilé,0,0,541,2022
539205,78720,CERNAY-LA-VILLE,78,Dépendance,0,0,550,2022
539205,78720,CERNAY-LA-VILLE,78,Dépendance,0,0,450,2022
539205,78720,CERNAY-LA-VILLE,78,Maison,120,6,550,2022
539205,78720,CERNAY-LA-VILLE,78,Maison,120,6,450,2022
503500,78800,HOUILLES,78,Maison,25,1,457,2022
503500,78800,HOUILLES,78,Maison,145,5,457,2022
523600,78490,MERE,78,Maison,143,6,550,2022
523600,78490,MERE,78,Dépendance,0,0,550,2022
261200,78550,MAULETTE,78,Maison,78,4,2274,2022
261200,78550,MAULETTE,78,Maison,78,4,500,2022
502500,78800,HOUILLES,78,Maison,45,4,168,2022
350000,78120,RAMBOUILLET,78,Maison,71,4,530,2022
321200,78710,ROSNY-SUR-SEINE,78,Maison,141,5,908,2022
735600,78230,PECQ (LE),78,Dépendance,0,0,443,2022
735600,78230,PECQ (LE),78,Maison,50,3,443,2022
330000,78500,SARTROUVILLE,78,Maison,50,3,184,2022
299000,78955,CARRIERES SOUS POISSY,78,Maison,84,4,81,2022
569600,78570,ANDRESY,78,Local industriel. commercial ou assimilé,11,0,91,2022
569600,78570,ANDRESY,78,Maison,110,4,91,2022
449725,78990,ELANCOURT,78,Maison,104,5,523,2022
195000,78130,MUREAUX (LES),78,Local industriel. commercial ou assimilé,10,0,311,2022
195000,78130,MUREAUX (LES),78,Maison,72,4,311,2022
195000,78130,MUREAUX (LES),78,Dépendance,0,0,311,2022
705000,78360,MONTESSON,78,Maison,130,6,132,2022
483500,78300,POISSY,78,Maison,126,6,302,2022
267450,78711,MANTES-LA-VILLE,78,Maison,108,6,146,2022
358000,78370,PLAISIR,78,Maison,128,5,180,2022
350200,78260,ACHERES,78,Maison,93,5,254,2022
323000,78930,GUERVILLE,78,Maison,83,5,435,2022
323000,78930,GUERVILLE,78,Maison,83,5,500,2022
662000,78610,AUFFARGIS,78,Maison,214,6,608,2022
662000,78610,AUFFARGIS,78,Dépendance,0,0,500,2022
662000,78610,AUFFARGIS,78,Maison,214,6,500,2022
662000,78610,AUFFARGIS,78,Dépendance,0,0,608,2022
408500,78450,VILLEPREUX,78,Maison,110,4,130,2022
179000,78840,FRENEUSE,78,Maison,68,4,416,2022
465000,78950,GAMBAIS,78,Appartement,80,6,1000,2022
465000,78950,GAMBAIS,78,Local industriel. commercial ou assimilé,577,0,4204,2022
465000,78950,GAMBAIS,78,Appartement,80,6,4204,2022
465000,78950,GAMBAIS,78,Local industriel. commercial ou assimilé,577,0,1000,2022
695000,78420,CARRIERES SUR SEINE,78,Maison,75,2,553,2022
1603500,78490,GAMBAISEUIL,78,Maison,393,8,500,2022
1603500,78490,GAMBAISEUIL,78,Local industriel. commercial ou assimilé,192,0,500,2022
1603500,78490,GAMBAISEUIL,78,Maison,393,8,9898,2022
1603500,78490,GAMBAISEUIL,78,Local industriel. commercial ou assimilé,192,0,9898,2022
245000,78310,MAUREPAS,78,Maison,81,4,75,2022
660000,78500,SARTROUVILLE,78,Maison,92,4,200,2022
285000,78510,TRIEL SUR SEINE,78,Dépendance,0,0,163,2022
285000,78510,TRIEL SUR SEINE,78,Maison,90,4,163,2022
385000,78120,RAMBOUILLET,78,Dépendance,0,0,19,2022
385000,78120,RAMBOUILLET,78,Maison,130,6,234,2022
385000,78120,RAMBOUILLET,78,Dépendance,0,0,234,2022
792000,78290,CROISSY SUR SEINE,78,Local industriel. commercial ou assimilé,9,0,219,2022
792000,78290,CROISSY SUR SEINE,78,Maison,84,4,219,2022
504150,78700,CONFLANS SAINTE HONORINE,78,Maison,153,6,391,2022
143739,78130,CHAPET,78,Maison,130,5,500,2022
143739,78130,CHAPET,78,Maison,130,5,538,2022
684270,78580,ALLUETS-LE-ROI (LES),78,Maison,165,6,500,2022
684270,78580,ALLUETS-LE-ROI (LES),78,Maison,165,6,655,2022
352000,78180,MONTIGNY LE BRETONNEUX,78,Maison,112,5,82,2022
14511600,78280,GUYANCOURT,78,Local industriel. commercial ou assimilé,10114,0,26747,2022
455238,78760,JOUARS-PONTCHARTRAIN,78,Maison,122,5,382,2022
395000,78310,COIGNIERES,78,Maison,114,5,320,2022
311100,78610,PERRAY-EN-YVELINES (LE),78,Maison,78,4,127,2022
900000,78530,BUC,78,Maison,176,8,579,2022
900000,78530,BUC,78,Maison,176,8,360,2022
411500,78126,AULNAY-SUR-MAULDRE,78,Maison,130,6,465,2022
495453,78800,HOUILLES,78,Maison,83,3,193,2022
1245000,78290,CROISSY SUR SEINE,78,Maison,204,5,274,2022
484000,78124,MAREIL-SUR-MAULDRE,78,Maison,118,5,632,2022
295000,78920,ECQUEVILLY,78,Maison,85,5,192,2022
474000,78790,ARNOUVILLE-LES-MANTES,78,Maison,157,6,500,2022
474000,78790,ARNOUVILLE-LES-MANTES,78,Maison,157,6,289,2022
730800,78610,PERRAY-EN-YVELINES (LE),78,Local industriel. commercial ou assimilé,50,0,741,2022
730800,78610,PERRAY-EN-YVELINES (LE),78,Maison,160,7,741,2022
384760,78440,PORCHEVILLE,78,Maison,117,7,966,2022
175500,78410,BOUAFLE,78,Maison,45,3,88,2022
303600,78640,NEAUPHLE-LE-CHATEAU,78,Maison,73,3,92,2022
303600,78640,NEAUPHLE-LE-CHATEAU,78,Dépendance,0,0,92,2022
346000,78890,GARANCIERES,78,Maison,92,5,283,2022
510840,78370,PLAISIR,78,Maison,115,5,412,2022
457300,78700,CONFLANS SAINTE HONORINE,78,Maison,79,4,590,2022
145000,78190,TRAPPES,78,Local industriel. commercial ou assimilé,197,0,262,2022
345000,78790,ARNOUVILLE-LES-MANTES,78,Dépendance,0,0,160,2022
345000,78790,ARNOUVILLE-LES-MANTES,78,Appartement,47,3,160,2022
345000,78790,ARNOUVILLE-LES-MANTES,78,Appartement,69,4,160,2022
345000,78790,ARNOUVILLE-LES-MANTES,78,Appartement,30,2,160,2022
825000,78570,CHANTELOUP-LES-VIGNES,78,Local industriel. commercial ou assimilé,400,0,1918,2022
596000,78100,SAINT-GERMAIN-EN-LAYE,78,Maison,95,4,377,2022
925000,78430,LOUVECIENNES,78,Dépendance,0,0,413,2022
925000,78430,LOUVECIENNES,78,Maison,126,7,413,2022
648000,78220,VIROFLAY,78,Maison,62,3,180,2022
702300,78700,CONFLANS SAINTE HONORINE,78,Maison,152,5,500,2022
702300,78700,CONFLANS SAINTE HONORINE,78,Maison,152,5,530,2022
390000,78280,GUYANCOURT,78,Maison,87,4,155,2022
590000,78410,BOUAFLE,78,Dépendance,0,0,500,2022
590000,78410,BOUAFLE,78,Dépendance,0,0,929,2022
590000,78410,BOUAFLE,78,Maison,280,6,929,2022
590000,78410,BOUAFLE,78,Maison,280,6,500,2022
542260,78540,VERNOUILLET,78,Maison,194,7,760,2022
1561497,78420,CARRIERES SUR SEINE,78,Local industriel. commercial ou assimilé,1609,0,13,2022
1561497,78420,CARRIERES SUR SEINE,78,Local industriel. commercial ou assimilé,658,0,13,2022
1561497,78420,CARRIERES SUR SEINE,78,Local industriel. commercial ou assimilé,1441,0,9635,2022
1561497,78420,CARRIERES SUR SEINE,78,Local industriel. commercial ou assimilé,3026,0,9635,2022
1561497,78420,CARRIERES SUR SEINE,78,Local industriel. commercial ou assimilé,947,0,9635,2022
1561497,78420,CARRIERES SUR SEINE,78,Local industriel. commercial ou assimilé,265,0,9635,2022
1561497,78420,CARRIERES SUR SEINE,78,Local industriel. commercial ou assimilé,531,0,9635,2022
1561497,78420,CARRIERES SUR SEINE,78,Local industriel. commercial ou assimilé,195,0,9635,2022
442200,78550,BAZAINVILLE,78,Maison,130,5,571,2022
442200,78550,BAZAINVILLE,78,Maison,130,5,500,2022
622000,78140,VELIZY VILLACOUBLAY,78,Maison,91,5,296,2022
680210,78740,VAUX-SUR-SEINE,78,Maison,162,6,500,2022
210000,78500,SARTROUVILLE,78,Maison,90,4,133,2022
190000,78980,LONGNES,78,Maison,78,3,110,2022
350000,78490,GALLUIS,78,Maison,102,6,307,2022
427717,78710,ROSNY-SUR-SEINE,78,Local industriel. commercial ou assimilé,3180,0,6000,2022
301550,78680,EPONE,78,Maison,94,4,500,2022
950000,78670,VILLENNES-SUR-SEINE,78,Maison,85,4,119,2022
950000,78670,VILLENNES-SUR-SEINE,78,Maison,85,4,2360,2022
450200,78650,BEYNES,78,Maison,140,6,548,2022
256000,78980,SAINT-ILLIERS-LA-VILLE,78,Dépendance,0,0,918,2022
256000,78980,SAINT-ILLIERS-LA-VILLE,78,Maison,140,3,918,2022
150000,78200,MANTES-LA-JOLIE,78,Maison,53,4,187,2022
150000,78200,MANTES-LA-JOLIE,78,Dépendance,0,0,187,2022
360000,78610,BREVIAIRES (LES),78,Maison,87,4,426,2022
440000,78700,CONFLANS SAINTE HONORINE,78,Maison,108,4,210,2022
260000,78570,ANDRESY,78,Maison,55,3,77,2022
500000,78510,TRIEL SUR SEINE,78,Dépendance,0,0,36,2022
500000,78510,TRIEL SUR SEINE,78,Maison,136,4,36,2022
580000,78800,HOUILLES,78,Maison,75,4,238,2022
550000,78690,ESSARTS-LE-ROI (LES),78,Maison,175,7,700,2022
670500,78280,GUYANCOURT,78,Maison,150,5,557,2022
670500,78280,GUYANCOURT,78,Dépendance,0,0,557,2022
1165000,78850,THIVERVAL-GRIGNON,78,Maison,206,6,500,2022
1165000,78850,THIVERVAL-GRIGNON,78,Maison,206,6,1343,2022
251250,78711,MANTES-LA-VILLE,78,Dépendance,0,0,302,2022
251250,78711,MANTES-LA-VILLE,78,Maison,72,4,302,2022
3000000,78600,MAISONS-LAFFITTE,78,Maison,247,10,1009,2022
3000000,78600,MAISONS-LAFFITTE,78,Maison,247,10,500,2022
460000,78130,CHAPET,78,Maison,95,4,835,2022
460000,78130,CHAPET,78,Maison,95,4,500,2022
713500,78600,MAISONS-LAFFITTE,78,Maison,66,4,104,2022
385000,78580,MAULE,78,Maison,164,5,775,2022
385000,78580,MAULE,78,Maison,164,5,1079,2022
228000,78370,PLAISIR,78,Dépendance,0,0,205,2022
228000,78370,PLAISIR,78,Maison,120,6,205,2022
380000,78700,CONFLANS SAINTE HONORINE,78,Local industriel. commercial ou assimilé,120,0,167,2022
454999,78480,VERNEUIL SUR SEINE,78,Maison,99,5,908,2022
607115,78500,SARTROUVILLE,78,Dépendance,0,0,452,2022
607115,78500,SARTROUVILLE,78,Maison,141,6,452,2022
316860,78125,RAIZEUX,78,Maison,80,3,80,2022
316860,78125,RAIZEUX,78,Dépendance,0,0,80,2022
316860,78125,RAIZEUX,78,Maison,80,3,2220,2022
316860,78125,RAIZEUX,78,Dépendance,0,0,2220,2022
287000,78190,TRAPPES,78,Maison,72,4,268,2022
287000,78190,TRAPPES,78,Dépendance,0,0,268,2022
1045100,78600,MAISONS-LAFFITTE,78,Maison,120,7,463,2022
654420,78490,MERE,78,Maison,211,7,400,2022
654420,78490,MERE,78,Maison,211,7,600,2022
886500,78360,MONTESSON,78,Maison,283,6,275,2022
577839,78990,ELANCOURT,78,Maison,113,5,440,2022
577839,78990,ELANCOURT,78,Dépendance,0,0,440,2022
362600,78410,AUBERGENVILLE,78,Maison,102,4,462,2022
315000,78500,SARTROUVILLE,78,Maison,71,3,371,2022
4000000,78430,LOUVECIENNES,78,Maison,650,12,16775,2022
4000000,78430,LOUVECIENNES,78,Maison,650,12,1000,2022
620000,78360,MONTESSON,78,Maison,60,3,135,2022
620000,78360,MONTESSON,78,Dépendance,0,0,135,2022
235000,78520,LIMAY,78,Maison,83,5,404,2022
417200,78120,RAMBOUILLET,78,Maison,89,5,220,2022
417200,78120,RAMBOUILLET,78,Dépendance,0,0,14,2022
495000,78260,ACHERES,78,Maison,138,6,287,2022
370000,78500,SARTROUVILLE,78,Dépendance,0,0,194,2022
370000,78500,SARTROUVILLE,78,Maison,80,5,194,2022
475000,78800,HOUILLES,78,Maison,70,5,281,2022
627600,78500,SARTROUVILLE,78,Maison,72,4,313,2022
645800,78630,ORGEVAL,78,Maison,142,5,388,2022
900000,78510,TRIEL SUR SEINE,78,Maison,38,2,100,2022
900000,78510,TRIEL SUR SEINE,78,Maison,38,2,295,2022
540720,78450,VILLEPREUX,78,Maison,116,5,487,2022
540720,78450,VILLEPREUX,78,Dépendance,0,0,487,2022
900000,78350,JOUY EN JOSAS,78,Maison,40,2,275,2022
210000,78840,MOISSON,78,Maison,93,3,581,2022
516450,78690,ESSARTS-LE-ROI (LES),78,Maison,138,5,993,2022
655000,78640,NEAUPHLE-LE-CHATEAU,78,Appartement,50,2,1237,2022
655000,78640,NEAUPHLE-LE-CHATEAU,78,Local industriel. commercial ou assimilé,60,0,1237,2022
655000,78640,NEAUPHLE-LE-CHATEAU,78,Appartement,54,2,1237,2022
330000,78520,LIMAY,78,Dépendance,0,0,333,2022
330000,78520,LIMAY,78,Appartement,60,3,333,2022
330000,78520,LIMAY,78,Appartement,95,6,333,2022
330000,78520,LIMAY,78,Dépendance,0,0,1212,2022
330000,78520,LIMAY,78,Appartement,60,3,1212,2022
330000,78520,LIMAY,78,Appartement,95,6,1212,2022
515000,78630,ORGEVAL,78,Maison,95,4,318,2022
244500,78130,MUREAUX (LES),78,Maison,64,4,492,2022
952200,78360,MONTESSON,78,Maison,91,4,509,2022
675000,78460,CHOISEL,78,Maison,125,3,1324,2022
675000,78460,CHOISEL,78,Maison,70,3,1324,2022
675000,78460,CHOISEL,78,Dépendance,0,0,1324,2022
428350,78370,PLAISIR,78,Maison,97,4,304,2022
675000,78960,VOISINS-LE-BRETONNEUX,78,Maison,120,5,433,2022
675000,78960,VOISINS-LE-BRETONNEUX,78,Dépendance,0,0,433,2022
2118590,78110,VESINET (LE),78,Dépendance,0,0,236,2022
2118590,78110,VESINET (LE),78,Maison,37,2,236,2022
2118590,78110,VESINET (LE),78,Maison,230,7,807,2022
2118590,78110,VESINET (LE),78,Maison,37,2,807,2022
2118590,78110,VESINET (LE),78,Dépendance,0,0,807,2022
2118590,78110,VESINET (LE),78,Maison,230,7,236,2022
399000,78500,SARTROUVILLE,78,Dépendance,0,0,219,2022
399000,78500,SARTROUVILLE,78,Maison,70,4,219,2022
332500,78500,SARTROUVILLE,78,Maison,50,2,166,2022
1030000,78000,VERSAILLES,78,Maison,72,6,706,2022
1030000,78000,VERSAILLES,78,Dépendance,0,0,706,2022
1075800,78720,SAINT-FORGET,78,Maison,245,7,3240,2022
1075800,78720,SAINT-FORGET,78,Maison,88,3,3240,2022
1075800,78720,SAINT-FORGET,78,Dépendance,0,0,3240,2022
310000,78270,LIMETZ-VILLEZ,78,Maison,136,5,500,2022
310000,78270,LIMETZ-VILLEZ,78,Maison,136,5,541,2022
478700,78280,GUYANCOURT,78,Maison,114,5,291,2022
657500,78540,VERNOUILLET,78,Maison,107,5,810,2022
312000,78470,SAINT-REMY-LES-CHEVREUSE,78,Maison,60,4,482,2022
312000,78470,SAINT-REMY-LES-CHEVREUSE,78,Dépendance,0,0,482,2022
525000,78370,PLAISIR,78,Maison,124,5,1539,2022
640000,78630,ORGEVAL,78,Maison,90,4,619,2022
759000,78740,VAUX-SUR-SEINE,78,Maison,182,5,500,2022
759000,78740,VAUX-SUR-SEINE,78,Dépendance,0,0,500,2022
356600,78700,CONFLANS SAINTE HONORINE,78,Maison,81,5,263,2022
652380,78125,BOISSIERE-ECOLE (LA),78,Maison,280,5,1105,2022
652380,78125,BOISSIERE-ECOLE (LA),78,Dépendance,0,0,1105,2022
508540,78410,AUBERGENVILLE,78,Maison,183,8,500,2022
508540,78410,AUBERGENVILLE,78,Maison,183,8,1500,2022
307000,78730,SAINT-ARNOULT-EN-YVELINES,78,Maison,141,8,470,2022
505000,78500,SARTROUVILLE,78,Maison,118,5,368,2022
505000,78500,SARTROUVILLE,78,Dépendance,0,0,368,2022
2007100,78170,CELLE-SAINT-CLOUD (LA),78,Maison,300,7,100,2022
2007100,78170,CELLE-SAINT-CLOUD (LA),78,Maison,300,7,987,2022
151725,78200,MANTES-LA-JOLIE,78,Maison,16,1,180,2022
151725,78200,MANTES-LA-JOLIE,78,Maison,160,7,180,2022
294000,78840,FRENEUSE,78,Dépendance,0,0,1113,2022
294000,78840,FRENEUSE,78,Maison,80,5,1113,2022
562400,78180,MONTIGNY LE BRETONNEUX,78,Maison,108,5,309,2022
298000,78520,LIMAY,78,Maison,130,5,863,2022
270000,78970,MEZIERES-SUR-SEINE,78,Dépendance,0,0,285,2022
270000,78970,MEZIERES-SUR-SEINE,78,Maison,101,5,285,2022
540000,78440,GARGENVILLE,78,Local industriel. commercial ou assimilé,125,0,309,2022
540000,78440,GARGENVILLE,78,Local industriel. commercial ou assimilé,170,0,500,2022
540000,78440,GARGENVILLE,78,Local industriel. commercial ou assimilé,125,0,500,2022
540000,78440,GARGENVILLE,78,Appartement,80,3,500,2022
540000,78440,GARGENVILLE,78,Appartement,80,3,309,2022
540000,78440,GARGENVILLE,78,Local industriel. commercial ou assimilé,170,0,309,2022
420000,78320,MESNIL-SAINT-DENIS (LE),78,Maison,105,4,436,2022
110000,78200,MANTES-LA-JOLIE,78,Maison,47,2,491,2022
110000,78200,MANTES-LA-JOLIE,78,Dépendance,0,0,491,2022
449000,78550,HOUDAN,78,Maison,76,4,525,2022
739250,78870,BAILLY,78,Maison,70,3,143,2022
820000,78160,MARLY-LE-ROI,78,Maison,29,2,743,2022
820000,78160,MARLY-LE-ROI,78,Maison,120,5,743,2022
3380000,78190,TRAPPES,78,Local industriel. commercial ou assimilé,1832,0,8629,2022
3380000,78190,TRAPPES,78,Local industriel. commercial ou assimilé,3075,0,8629,2022
3380000,78190,TRAPPES,78,Local industriel. commercial ou assimilé,315,0,8629,2022
3380000,78190,TRAPPES,78,Local industriel. commercial ou assimilé,2844,0,6093,2022
3380000,78190,TRAPPES,78,Local industriel. commercial ou assimilé,1280,0,6093,2022
440000,78520,LIMAY,78,Appartement,16,1,116,2022
440000,78520,LIMAY,78,Appartement,37,2,116,2022
440000,78520,LIMAY,78,Appartement,49,3,116,2022
399000,78114,MAGNY-LES-HAMEAUX,78,Maison,75,4,216,2022
399000,78114,MAGNY-LES-HAMEAUX,78,Local industriel. commercial ou assimilé,0,0,25,2022
520000,78280,GUYANCOURT,78,Maison,118,6,362,2022
703942,78210,SAINT-CYR-L ECOLE,78,Maison,149,5,446,2022
703942,78210,SAINT-CYR-L ECOLE,78,Dépendance,0,0,446,2022
347300,78300,POISSY,78,Maison,56,3,135,2022
390000,78980,SAINT-ILLIERS-LE-BOIS,78,Maison,136,6,722,2022
390000,78980,SAINT-ILLIERS-LE-BOIS,78,Maison,136,6,500,2022
397500,78570,CHANTELOUP-LES-VIGNES,78,Maison,72,2,500,2022
560000,78200,MANTES-LA-JOLIE,78,Dépendance,0,0,369,2022
560000,78200,MANTES-LA-JOLIE,78,Local industriel. commercial ou assimilé,0,0,369,2022
560000,78200,MANTES-LA-JOLIE,78,Maison,130,6,369,2022
1185000,78100,SAINT-GERMAIN-EN-LAYE,78,Maison,160,4,699,2022
433000,78300,POISSY,78,Maison,44,5,79,2022
384000,78990,ELANCOURT,78,Maison,118,5,251,2022
350000,78970,MEZIERES-SUR-SEINE,78,Maison,123,4,693,2022
350000,78970,MEZIERES-SUR-SEINE,78,Dépendance,0,0,693,2022
310000,78130,MUREAUX (LES),78,Maison,112,4,760,2022
375000,78910,BOISSETS,78,Dépendance,0,0,539,2022
375000,78910,BOISSETS,78,Dépendance,0,0,500,2022
375000,78910,BOISSETS,78,Maison,155,8,500,2022
375000,78910,BOISSETS,78,Maison,155,8,539,2022
490000,78670,MEDAN,78,Maison,92,3,996,2022
401000,78930,GOUSSONVILLE,78,Maison,92,4,500,2022
401000,78930,GOUSSONVILLE,78,Maison,92,4,641,2022
602000,78180,MONTIGNY LE BRETONNEUX,78,Maison,144,5,379,2022
485000,78320,MESNIL-SAINT-DENIS (LE),78,Maison,120,5,773,2022
485000,78320,MESNIL-SAINT-DENIS (LE),78,Dépendance,0,0,773,2022
261000,78480,VERNEUIL SUR SEINE,78,Maison,78,4,161,2022
1165580,78170,CELLE-SAINT-CLOUD (LA),78,Maison,90,4,500,2022
360000,78450,VILLEPREUX,78,Maison,95,5,309,2022
393600,78860,SAINT-NOM-LA-BRETECHE,78,Maison,63,3,123,2022
593000,78180,MONTIGNY LE BRETONNEUX,78,Maison,114,6,242,2022
1653420,78240,CHAMBOURCY,78,Maison,238,7,531,2022
1653420,78240,CHAMBOURCY,78,Dépendance,0,0,531,2022
240000,78450,VILLEPREUX,78,Maison,72,4,144,2022
445800,78390,BOIS D ARCY,78,Maison,99,5,360,2022
406000,78120,RAMBOUILLET,78,Maison,103,4,300,2022
906000,78630,ORGEVAL,78,Maison,165,5,502,2022
467000,78510,TRIEL SUR SEINE,78,Maison,83,4,345,2022
307500,78920,ECQUEVILLY,78,Maison,110,4,372,2022
307500,78920,ECQUEVILLY,78,Dépendance,0,0,372,2022
342700,78580,BAZEMONT,78,Maison,71,4,870,2022
177550,78920,ECQUEVILLY,78,Maison,60,3,33,2022
627400,78210,SAINT-CYR-L ECOLE,78,Maison,86,3,500,2022
627400,78210,SAINT-CYR-L ECOLE,78,Maison,33,1,500,2022
627400,78210,SAINT-CYR-L ECOLE,78,Dépendance,0,0,500,2022
333000,78210,SAINT-CYR-L ECOLE,78,Dépendance,0,0,418,2022
333000,78210,SAINT-CYR-L ECOLE,78,Maison,65,3,418,2022
460000,78960,VOISINS-LE-BRETONNEUX,78,Dépendance,0,0,12,2022
460000,78960,VOISINS-LE-BRETONNEUX,78,Maison,81,4,161,2022
262000,78120,RAMBOUILLET,78,Maison,71,5,423,2022
432000,78120,RAMBOUILLET,78,Maison,98,6,215,2022
560000,78120,RAMBOUILLET,78,Maison,72,3,500,2022
378000,78390,BOIS D ARCY,78,Maison,87,4,614,2022
417000,78510,TRIEL SUR SEINE,78,Maison,94,5,261,2022
260000,78510,TRIEL SUR SEINE,78,Maison,65,3,474,2022
198000,78670,VILLENNES-SUR-SEINE,78,Maison,40,3,82,2022
456100,78280,GUYANCOURT,78,Dépendance,0,0,210,2022
456100,78280,GUYANCOURT,78,Maison,111,5,210,2022
1691000,78950,GAMBAIS,78,Maison,275,7,650,2022
1691000,78950,GAMBAIS,78,Dépendance,0,0,500,2022
1691000,78950,GAMBAIS,78,Maison,275,7,500,2022
1691000,78950,GAMBAIS,78,Dépendance,0,0,650,2022
1691000,78950,GAMBAIS,78,Dépendance,0,0,5504,2022
1691000,78950,GAMBAIS,78,Maison,275,7,5504,2022
305978,78920,ECQUEVILLY,78,Dépendance,0,0,658,2022
305978,78920,ECQUEVILLY,78,Maison,82,3,658,2022
561600,78700,CONFLANS SAINTE HONORINE,78,Maison,82,4,603,2022
314000,78700,CONFLANS SAINTE HONORINE,78,Maison,90,4,299,2022
314000,78700,CONFLANS SAINTE HONORINE,78,Dépendance,0,0,299,2022
454500,78480,VERNEUIL SUR SEINE,78,Maison,84,4,376,2022
278000,78300,POISSY,78,Maison,86,4,200,2022
370000,78111,DAMMARTIN EN SERVE,78,Dépendance,0,0,485,2022
370000,78111,DAMMARTIN EN SERVE,78,Maison,95,4,485,2022
448200,78370,PLAISIR,78,Maison,96,2,390,2022
985095,78140,VELIZY VILLACOUBLAY,78,Maison,128,6,315,2022
985095,78140,VELIZY VILLACOUBLAY,78,Dépendance,0,0,315,2022
255000,78310,MAUREPAS,78,Maison,81,4,95,2022
545600,78370,PLAISIR,78,Maison,147,9,346,2022
228572,78125,HERMERAY,78,Dépendance,0,0,84,2022
228572,78125,HERMERAY,78,Maison,63,3,843,2022
388800,78370,PLAISIR,78,Maison,112,5,191,2022
1130000,78630,ORGEVAL,78,Dépendance,0,0,386,2022
1130000,78630,ORGEVAL,78,Maison,140,4,500,2022
1130000,78630,ORGEVAL,78,Dépendance,0,0,500,2022
1130000,78630,ORGEVAL,78,Maison,140,4,386,2022
500000,78500,SARTROUVILLE,78,Maison,162,6,429,2022
394500,78120,RAMBOUILLET,78,Maison,108,5,531,2022
1095745,78150,LE CHESNAY-ROCQUENCOURT,78,Maison,125,5,166,2022
576000,78280,GUYANCOURT,78,Maison,84,4,12,2022
576000,78280,GUYANCOURT,78,Maison,84,4,500,2022
389000,78680,EPONE,78,Maison,128,5,406,2022
155500,78270,MOUSSEAUX-SUR-SEINE,78,Maison,24,1,205,2022
883550,78490,MERE,78,Maison,120,3,610,2022
883550,78490,MERE,78,Local industriel. commercial ou assimilé,40,0,610,2022
600000,78640,NEAUPHLE-LE-CHATEAU,78,Maison,220,7,408,2022
600000,78640,NEAUPHLE-LE-CHATEAU,78,Dépendance,0,0,408,2022
1204000,78111,DAMMARTIN EN SERVE,78,Maison,220,6,500,2022
1204000,78111,DAMMARTIN EN SERVE,78,Dépendance,0,0,500,2022
1204000,78111,DAMMARTIN EN SERVE,78,Maison,220,6,3000,2022
1204000,78111,DAMMARTIN EN SERVE,78,Dépendance,0,0,3000,2022
1204000,78111,DAMMARTIN EN SERVE,78,Dépendance,0,0,1705,2022
1204000,78111,DAMMARTIN EN SERVE,78,Maison,220,6,1705,2022
400000,78310,COIGNIERES,78,Local industriel. commercial ou assimilé,340,0,489,2022
1075430,78750,MAREIL-MARLY,78,Dépendance,0,0,235,2022
1075430,78750,MAREIL-MARLY,78,Maison,112,3,235,2022
345000,78650,BEYNES,78,Maison,100,4,197,2022
409700,78120,RAMBOUILLET,78,Maison,116,5,498,2022
177000,78113,CONDE-SUR-VESGRE,78,Maison,43,3,277,2022
331400,78990,ELANCOURT,78,Dépendance,0,0,510,2022
331400,78990,ELANCOURT,78,Maison,99,5,132,2022
303000,78490,MONTFORT-L AMAURY,78,Maison,68,3,170,2022
303000,78490,MONTFORT-L AMAURY,78,Maison,76,3,170,2022
285000,78120,RAMBOUILLET,78,Maison,68,4,140,2022
509900,78700,CONFLANS SAINTE HONORINE,78,Dépendance,0,0,473,2022
509900,78700,CONFLANS SAINTE HONORINE,78,Maison,85,3,473,2022
445500,78570,CHANTELOUP-LES-VIGNES,78,Maison,135,5,200,2022
445500,78570,CHANTELOUP-LES-VIGNES,78,Maison,135,5,886,2022
818000,78600,MESNIL-LE-ROI (LE),78,Maison,153,5,386,2022
410000,78690,ESSARTS-LE-ROI (LES),78,Maison,104,5,259,2022
800900,78590,NOISY LE ROI,78,Maison,163,5,563,2022
405400,78700,CONFLANS SAINTE HONORINE,78,Maison,115,4,593,2022
710000,78220,VIROFLAY,78,Dépendance,0,0,383,2022
710000,78220,VIROFLAY,78,Maison,134,5,383,2022
392000,78180,MONTIGNY LE BRETONNEUX,78,Maison,80,4,230,2022
182000,78660,ABLIS,78,Maison,80,4,385,2022
451650,78114,MAGNY-LES-HAMEAUX,78,Maison,108,6,255,2022
451650,78114,MAGNY-LES-HAMEAUX,78,Local industriel. commercial ou assimilé,14,0,255,2022
290000,78280,GUYANCOURT,78,Maison,69,4,120,2022
290000,78280,GUYANCOURT,78,Dépendance,0,0,15,2022
625000,78250,MEULAN-EN-YVELINES,78,Maison,116,4,500,2022
625000,78250,MEULAN-EN-YVELINES,78,Dépendance,0,0,500,2022
625000,78250,MEULAN-EN-YVELINES,78,Appartement,83,3,500,2022
495000,78610,PERRAY-EN-YVELINES (LE),78,Maison,85,4,1719,2022
495000,78610,PERRAY-EN-YVELINES (LE),78,Maison,85,4,500,2022
1224950,78160,MARLY-LE-ROI,78,Maison,165,7,478,2022
2112000,78000,VERSAILLES,78,Maison,218,7,136,2022
1138000,78750,MAREIL-MARLY,78,Maison,170,7,617,2022
28200000,78700,CONFLANS SAINTE HONORINE,78,Local industriel. commercial ou assimilé,6506,0,3000,2022
28200000,78700,CONFLANS SAINTE HONORINE,78,Local industriel. commercial ou assimilé,6506,0,2911,2022
866100,78670,VILLENNES-SUR-SEINE,78,Maison,180,7,664,2022
866100,78670,VILLENNES-SUR-SEINE,78,Maison,180,7,600,2022
124000,78570,ANDRESY,78,Dépendance,0,0,435,2022
124000,78570,ANDRESY,78,Maison,140,5,435,2022
1076000,78110,VESINET (LE),78,Maison,87,3,706,2022
900000,78370,PLAISIR,78,Local industriel. commercial ou assimilé,635,0,2000,2022
900000,78370,PLAISIR,78,Local industriel. commercial ou assimilé,10,0,320,2022
900000,78370,PLAISIR,78,Local industriel. commercial ou assimilé,635,0,320,2022
900000,78370,PLAISIR,78,Local industriel. commercial ou assimilé,10,0,2000,2022
439000,78260,ACHERES,78,Maison,88,5,368,2022
680000,78360,MONTESSON,78,Local industriel. commercial ou assimilé,20,0,175,2022
680000,78360,MONTESSON,78,Maison,151,6,175,2022
131000,78840,FRENEUSE,78,Maison,73,4,544,2022
382000,78955,CARRIERES SOUS POISSY,78,Maison,98,4,196,2022
382000,78955,CARRIERES SOUS POISSY,78,Dépendance,0,0,196,2022
610000,78114,MAGNY-LES-HAMEAUX,78,Dépendance,0,0,359,2022
610000,78114,MAGNY-LES-HAMEAUX,78,Maison,142,4,500,2022
610000,78114,MAGNY-LES-HAMEAUX,78,Dépendance,0,0,500,2022
610000,78114,MAGNY-LES-HAMEAUX,78,Maison,142,4,359,2022
328400,78120,SONCHAMP,78,Maison,84,6,500,2022
328400,78120,SONCHAMP,78,Maison,84,6,580,2022
508000,78800,HOUILLES,78,Maison,70,4,512,2022
558250,78540,VERNOUILLET,78,Maison,107,5,745,2022
305000,78440,GARGENVILLE,78,Maison,81,4,549,2022
353000,78800,HOUILLES,78,Maison,76,5,54,2022
284300,78570,CHANTELOUP-LES-VIGNES,78,Maison,86,4,226,2022
1078900,78750,MAREIL-MARLY,78,Maison,175,7,648,2022
330000,78680,EPONE,78,Maison,70,3,400,2022
880000,78380,BOUGIVAL,78,Maison,75,4,276,2022
265000,78200,MAGNANVILLE,78,Maison,137,5,553,2022
587831,78480,VERNEUIL SUR SEINE,78,Maison,160,6,327,2022
1238937,78380,BOUGIVAL,78,Maison,152,8,489,2022
74800,78270,BENNECOURT,78,Dépendance,0,0,604,2022
74800,78270,BENNECOURT,78,Maison,103,4,604,2022
360000,78730,SAINT-ARNOULT-EN-YVELINES,78,Maison,150,6,486,2022
560000,78910,ORGERUS,78,Maison,165,7,75,2022
560000,78910,ORGERUS,78,Dépendance,0,0,75,2022
340000,78690,ESSARTS-LE-ROI (LES),78,Dépendance,0,0,401,2022
340000,78690,ESSARTS-LE-ROI (LES),78,Maison,90,5,401,2022
235000,78190,TRAPPES,78,Maison,102,5,133,2022
235000,78190,TRAPPES,78,Dépendance,0,0,133,2022
697450,78750,MAREIL-MARLY,78,Maison,111,4,687,2022
454220,78280,GUYANCOURT,78,Maison,100,5,223,2022
454220,78280,GUYANCOURT,78,Dépendance,0,0,223,2022
273000,78711,MANTES-LA-VILLE,78,Maison,94,4,356,2022
591000,78450,VILLEPREUX,78,Maison,180,9,482,2022
700000,78960,VOISINS-LE-BRETONNEUX,78,Maison,122,5,880,2022
620000,78210,SAINT-CYR-L ECOLE,78,Maison,95,5,296,2022
346500,78130,MUREAUX (LES),78,Maison,124,5,500,2022
309000,78410,AUBERGENVILLE,78,Maison,97,4,400,2022
401500,78990,ELANCOURT,78,Maison,116,4,210,2022
1251386,78670,VILLENNES-SUR-SEINE,78,Maison,280,8,1067,2022
595171,78890,GARANCIERES,78,Maison,130,6,394,2022
782600,78730,LONGVILLIERS,78,Maison,193,6,800,2022
782600,78730,LONGVILLIERS,78,Dépendance,0,0,800,2022
539000,78700,CONFLANS SAINTE HONORINE,78,Maison,105,6,682,2022
132000,78270,LIMETZ-VILLEZ,78,Maison,118,4,236,2022
314400,78910,OSMOY,78,Maison,118,4,1040,2022
249900,78200,MANTES-LA-JOLIE,78,Maison,70,4,542,2022
460000,78270,NOTRE-DAME-DE-LA-MER,78,Maison,206,5,948,2022
460000,78270,NOTRE-DAME-DE-LA-MER,78,Dépendance,0,0,948,2022
460000,78270,NOTRE-DAME-DE-LA-MER,78,Maison,206,5,500,2022
460000,78270,NOTRE-DAME-DE-LA-MER,78,Local industriel. commercial ou assimilé,30,0,948,2022
460000,78270,NOTRE-DAME-DE-LA-MER,78,Dépendance,0,0,500,2022
460000,78270,NOTRE-DAME-DE-LA-MER,78,Local industriel. commercial ou assimilé,30,0,500,2022
390000,78570,CHANTELOUP-LES-VIGNES,78,Maison,135,6,420,2022
333000,78740,EVECQUEMONT,78,Maison,72,4,383,2022
230000,78200,MAGNANVILLE,78,Maison,88,4,382,2022
258900,78980,SAINT-ILLIERS-LA-VILLE,78,Maison,135,4,67,2022
283000,78970,MEZIERES-SUR-SEINE,78,Maison,83,3,124,2022
110106,78840,MOISSON,78,Maison,120,4,684,2022
110106,78840,MOISSON,78,Dépendance,0,0,684,2022
315000,78700,CONFLANS SAINTE HONORINE,78,Maison,93,5,93,2022
398000,78910,TACOIGNIERES,78,Maison,141,8,1046,2022
345210,78990,ELANCOURT,78,Maison,123,6,147,2022
444500,78690,ESSARTS-LE-ROI (LES),78,Maison,116,5,600,2022
444500,78690,ESSARTS-LE-ROI (LES),78,Maison,116,5,500,2022
1037700,78100,SAINT-GERMAIN-EN-LAYE,78,Maison,175,6,900,2022
759000,78700,CONFLANS SAINTE HONORINE,78,Maison,168,7,446,2022
350000,78700,CONFLANS SAINTE HONORINE,78,Dépendance,0,0,552,2022
350000,78700,CONFLANS SAINTE HONORINE,78,Maison,68,4,552,2022
798000,78860,SAINT-NOM-LA-BRETECHE,78,Maison,165,6,470,2022
929400,78670,MEDAN,78,Local industriel. commercial ou assimilé,32,0,986,2022
929400,78670,MEDAN,78,Maison,134,5,986,2022
902800,78600,MAISONS-LAFFITTE,78,Maison,169,6,505,2022
902800,78600,MAISONS-LAFFITTE,78,Maison,169,6,102,2022
460000,78700,CONFLANS SAINTE HONORINE,78,Dépendance,0,0,443,2022
460000,78700,CONFLANS SAINTE HONORINE,78,Maison,110,5,443,2022
443110,78550,RICHEBOURG,78,Maison,144,8,500,2022
443110,78550,RICHEBOURG,78,Maison,144,8,1000,2022
345150,78310,MAUREPAS,78,Maison,110,5,125,2022
385200,78125,GAZERAN,78,Maison,236,7,407,2022
448000,78230,PECQ (LE),78,Maison,40,3,142,2022
180000,78930,VERT,78,Maison,145,6,169,2022
369000,78200,MAGNANVILLE,78,Maison,101,6,510,2022
650650,78480,VERNEUIL SUR SEINE,78,Maison,132,5,525,2022
789900,78240,AIGREMONT,78,Dépendance,0,0,311,2022
789900,78240,AIGREMONT,78,Dépendance,0,0,500,2022
789900,78240,AIGREMONT,78,Maison,128,5,311,2022
789900,78240,AIGREMONT,78,Maison,128,5,500,2022
275000,78200,MANTES-LA-JOLIE,78,Maison,73,4,338,2022
458700,78700,CONFLANS SAINTE HONORINE,78,Maison,130,4,428,2022
458700,78700,CONFLANS SAINTE HONORINE,78,Dépendance,0,0,428,2022
404800,78540,VERNOUILLET,78,Dépendance,0,0,600,2022
404800,78540,VERNOUILLET,78,Maison,107,5,600,2022
564000,78890,GARANCIERES,78,Maison,84,4,240,2022
564000,78890,GARANCIERES,78,Dépendance,0,0,240,2022
654000,78590,NOISY LE ROI,78,Maison,132,5,437,2022
423500,78580,MAULE,78,Dépendance,0,0,678,2022
423500,78580,MAULE,78,Maison,115,5,678,2022
463380,78950,GAMBAIS,78,Maison,139,5,500,2022
463380,78950,GAMBAIS,78,Maison,139,5,716,2022
812390,78950,GAMBAIS,78,Dépendance,0,0,3370,2022
812390,78950,GAMBAIS,78,Maison,220,6,3370,2022
812390,78950,GAMBAIS,78,Dépendance,0,0,500,2022
812390,78950,GAMBAIS,78,Maison,220,6,500,2022
20000,78310,MAUREPAS,78,Dépendance,0,0,23,2022
554928,78700,CONFLANS SAINTE HONORINE,78,Maison,78,5,445,2022
525000,78510,TRIEL SUR SEINE,78,Maison,178,5,781,2022
438150,78950,GAMBAIS,78,Dépendance,0,0,723,2022
438150,78950,GAMBAIS,78,Maison,140,6,723,2022
305000,78250,OINVILLE-SUR-MONTCIENT,78,Maison,107,4,500,2022
305000,78250,OINVILLE-SUR-MONTCIENT,78,Maison,107,4,400,2022
1293300,78860,SAINT-NOM-LA-BRETECHE,78,Dépendance,0,0,966,2022
1293300,78860,SAINT-NOM-LA-BRETECHE,78,Maison,143,7,966,2022
573075,78960,VOISINS-LE-BRETONNEUX,78,Maison,96,5,193,2022
692500,78600,MAISONS-LAFFITTE,78,Maison,134,5,257,2022
299010,78820,JUZIERS,78,Maison,83,5,420,2022
434500,78440,GARGENVILLE,78,Dépendance,0,0,667,2022
434500,78440,GARGENVILLE,78,Maison,115,4,667,2022
434500,78440,GARGENVILLE,78,Maison,115,4,500,2022
434500,78440,GARGENVILLE,78,Dépendance,0,0,500,2022
810917,78810,FEUCHEROLLES,78,Maison,175,6,500,2022
810917,78810,FEUCHEROLLES,78,Dépendance,0,0,500,2022
810917,78810,FEUCHEROLLES,78,Maison,175,6,201,2022
810917,78810,FEUCHEROLLES,78,Dépendance,0,0,201,2022
654000,78610,SAINT-LEGER-EN-YVELINES,78,Maison,200,5,849,2022
654000,78610,SAINT-LEGER-EN-YVELINES,78,Dépendance,0,0,849,2022
382000,78310,MAUREPAS,78,Dépendance,0,0,24,2022
382000,78310,MAUREPAS,78,Maison,120,5,269,2022
281000,78450,VILLEPREUX,78,Maison,90,5,120,2022
280000,78270,MOUSSEAUX-SUR-SEINE,78,Maison,108,4,609,2022
936900,78860,SAINT-NOM-LA-BRETECHE,78,Maison,187,8,785,2022
632700,78890,GARANCIERES,78,Maison,205,9,689,2022
270000,78200,MAGNANVILLE,78,Maison,92,5,285,2022
290000,78711,MANTES-LA-VILLE,78,Maison,95,5,342,2022
384700,78410,BOUAFLE,78,Maison,85,4,500,2022
384700,78410,BOUAFLE,78,Maison,85,4,1195,2022
1696000,78490,MONTFORT-L AMAURY,78,Dépendance,0,0,1467,2022
1696000,78490,MONTFORT-L AMAURY,78,Maison,250,4,1467,2022
1696000,78490,MONTFORT-L AMAURY,78,Maison,250,4,500,2022
1696000,78490,MONTFORT-L AMAURY,78,Dépendance,0,0,500,2022
282000,78200,MAGNANVILLE,78,Dépendance,0,0,248,2022
282000,78200,MAGNANVILLE,78,Maison,125,6,248,2022
150000,78460,CHEVREUSE,78,Maison,24,3,189,2022
925150,78450,CHAVENAY,78,Maison,166,5,1200,2022
925150,78450,CHAVENAY,78,Maison,166,5,667,2022
250000,78711,MANTES-LA-VILLE,78,Maison,101,5,136,2022
566670,78125,HERMERAY,78,Maison,164,5,500,2022
566670,78125,HERMERAY,78,Dépendance,0,0,500,2022
409000,78460,CHEVREUSE,78,Maison,86,5,296,2022
409000,78460,CHEVREUSE,78,Local industriel. commercial ou assimilé,0,0,187,2022
314000,78310,MAUREPAS,78,Dépendance,0,0,21,2022
314000,78310,MAUREPAS,78,Maison,85,4,200,2022
310000,78800,HOUILLES,78,Maison,53,4,189,2022
890000,78500,SARTROUVILLE,78,Dépendance,0,0,233,2022
890000,78500,SARTROUVILLE,78,Maison,96,4,233,2022
890000,78500,SARTROUVILLE,78,Local industriel. commercial ou assimilé,90,0,233,2022
495000,78160,MARLY-LE-ROI,78,Maison,88,4,3500,2022
495000,78160,MARLY-LE-ROI,78,Maison,75,4,3500,2022
725500,78540,VERNOUILLET,78,Maison,194,7,835,2022
520900,78390,BOIS D ARCY,78,Dépendance,0,0,450,2022
520900,78390,BOIS D ARCY,78,Maison,137,6,450,2022
964500,78400,CHATOU,78,Dépendance,0,0,217,2022
964500,78400,CHATOU,78,Maison,140,5,217,2022
289000,78730,SAINT-ARNOULT-EN-YVELINES,78,Maison,80,5,664,2022
498800,78700,CONFLANS SAINTE HONORINE,78,Maison,105,5,672,2022
434500,78990,ELANCOURT,78,Maison,170,5,367,2022
621400,78700,CONFLANS SAINTE HONORINE,78,Maison,154,7,662,2022
375000,78550,HOUDAN,78,Maison,140,5,144,2022
545000,78114,MAGNY-LES-HAMEAUX,78,Maison,140,5,511,2022
439500,78120,RAMBOUILLET,78,Maison,119,6,382,2022
439500,78120,RAMBOUILLET,78,Dépendance,0,0,382,2022
450000,78550,HOUDAN,78,Maison,147,5,152,2022
344500,78890,GARANCIERES,78,Maison,105,4,478,2022
380000,78700,CONFLANS SAINTE HONORINE,78,Maison,80,3,520,2022
518800,78700,CONFLANS SAINTE HONORINE,78,Maison,140,5,472,2022
520000,78210,SAINT-CYR-L ECOLE,78,Dépendance,0,0,729,2022
520000,78210,SAINT-CYR-L ECOLE,78,Maison,80,4,729,2022
980000,78130,CHAPET,78,Maison,72,4,500,2022
980000,78130,CHAPET,78,Maison,72,4,463,2022
601900,78120,RAMBOUILLET,78,Maison,154,6,275,2022
324900,78990,ELANCOURT,78,Dépendance,0,0,186,2022
324900,78990,ELANCOURT,78,Maison,95,4,186,2022
350000,78500,SARTROUVILLE,78,Maison,55,3,302,2022
655950,78120,RAMBOUILLET,78,Maison,145,5,310,2022
550000,78100,SAINT-GERMAIN-EN-LAYE,78,Maison,57,3,209,2022
629000,78470,SAINT-REMY-LES-CHEVREUSE,78,Maison,106,4,503,2022
629000,78470,SAINT-REMY-LES-CHEVREUSE,78,Maison,106,4,500,2022
1900000,78500,SARTROUVILLE,78,Appartement,38,1,221,2022
1900000,78500,SARTROUVILLE,78,Local industriel. commercial ou assimilé,91,0,221,2022
1900000,78500,SARTROUVILLE,78,Local industriel. commercial ou assimilé,94,0,221,2022
1900000,78500,SARTROUVILLE,78,Local industriel. commercial ou assimilé,72,0,221,2022
1900000,78500,SARTROUVILLE,78,Appartement,48,1,221,2022
1900000,78500,SARTROUVILLE,78,Appartement,35,1,221,2022
1900000,78500,SARTROUVILLE,78,Appartement,34,1,221,2022
1900000,78500,SARTROUVILLE,78,Local industriel. commercial ou assimilé,16,0,221,2022
1900000,78500,SARTROUVILLE,78,Local industriel. commercial ou assimilé,86,0,221,2022
1900000,78500,SARTROUVILLE,78,Appartement,49,1,221,2022
645000,78125,EMANCE,78,Maison,189,7,1308,2022
645000,78125,EMANCE,78,Maison,189,7,500,2022
645000,78125,EMANCE,78,Dépendance,0,0,1308,2022
645000,78125,EMANCE,78,Dépendance,0,0,500,2022
318200,78440,ISSOU,78,Maison,116,5,399,2022
495000,78700,CONFLANS SAINTE HONORINE,78,Maison,63,4,283,2022
495000,78700,CONFLANS SAINTE HONORINE,78,Maison,24,1,283,2022
495000,78700,CONFLANS SAINTE HONORINE,78,Dépendance,0,0,283,2022
829000,78390,BOIS D ARCY,78,Maison,181,7,488,2022
829000,78390,BOIS D ARCY,78,Maison,181,7,500,2022
413050,78270,CHAUFOUR LES BONNIERES,78,Maison,157,6,500,2022
413050,78270,CHAUFOUR LES BONNIERES,78,Maison,157,6,582,2022
2740000,78860,SAINT-NOM-LA-BRETECHE,78,Maison,675,9,1505,2022
2740000,78860,SAINT-NOM-LA-BRETECHE,78,Dépendance,0,0,1505,2022
548000,78700,CONFLANS SAINTE HONORINE,78,Maison,103,4,423,2022
422000,78120,RAMBOUILLET,78,Maison,101,5,332,2022
550000,78190,TRAPPES,78,Local industriel. commercial ou assimilé,100,0,606,2022
585000,78480,VERNEUIL SUR SEINE,78,Maison,156,6,350,2022
432500,78770,THOIRY,78,Maison,100,6,452,2022
375000,78500,SARTROUVILLE,78,Maison,50,3,156,2022
250000,78711,MANTES-LA-VILLE,78,Dépendance,0,0,414,2022
250000,78711,MANTES-LA-VILLE,78,Maison,102,6,414,2022
339600,78910,ORGERUS,78,Maison,85,4,740,2022
130000,78980,BREVAL,78,Dépendance,0,0,796,2022
130000,78980,BREVAL,78,Maison,93,5,796,2022
222500,78700,CONFLANS SAINTE HONORINE,78,Maison,125,5,260,2022
600490,78113,CONDE-SUR-VESGRE,78,Maison,218,5,500,2022
600490,78113,CONDE-SUR-VESGRE,78,Maison,218,5,556,2022
600490,78113,CONDE-SUR-VESGRE,78,Dépendance,0,0,500,2022
600490,78113,CONDE-SUR-VESGRE,78,Dépendance,0,0,556,2022
947937,78000,VERSAILLES,78,Maison,110,4,187,2022
396000,78640,VILLIERS-SAINT-FREDERIC,78,Dépendance,0,0,400,2022
396000,78640,VILLIERS-SAINT-FREDERIC,78,Maison,153,6,400,2022
120000,78711,MANTES-LA-VILLE,78,Maison,85,5,412,2022
412400,78125,MITTAINVILLE,78,Maison,93,6,774,2022
735000,78100,SAINT-GERMAIN-EN-LAYE,78,Maison,78,3,555,2022
374750,78125,ORCEMONT,78,Maison,120,5,769,2022
397000,78970,MEZIERES-SUR-SEINE,78,Maison,145,8,300,2022
397000,78970,MEZIERES-SUR-SEINE,78,Maison,145,8,500,2022
75000,78270,LIMETZ-VILLEZ,78,Maison,30,1,365,2022
75000,78270,LIMETZ-VILLEZ,78,Dépendance,0,0,365,2022
406000,78500,SARTROUVILLE,78,Maison,65,3,286,2022
406000,78500,SARTROUVILLE,78,Maison,69,3,286,2022
1341850,78110,VESINET (LE),78,Maison,135,4,355,2022
429000,78490,MERE,78,Maison,100,4,187,2022
380000,78800,HOUILLES,78,Maison,55,3,399,2022
752800,78620,ETANG-LA-VILLE (L ),78,Maison,166,5,673,2022
550000,78770,AUTOUILLET,78,Maison,143,7,465,2022
550000,78770,AUTOUILLET,78,Local industriel. commercial ou assimilé,18,0,465,2022
310000,78370,PLAISIR,78,Maison,73,4,89,2022
2200000,78220,VIROFLAY,78,Local industriel. commercial ou assimilé,298,0,365,2022
268000,78520,LIMAY,78,Maison,93,4,183,2022
509250,78300,POISSY,78,Maison,98,5,194,2022
570000,78800,HOUILLES,78,Maison,106,4,370,2022
360600,78790,SEPTEUIL,78,Maison,136,4,500,2022
299500,78370,PLAISIR,78,Dépendance,0,0,122,2022
299500,78370,PLAISIR,78,Maison,101,5,122,2022
454500,78640,NEAUPHLE-LE-CHATEAU,78,Maison,74,3,467,2022
360000,78500,SARTROUVILLE,78,Maison,108,5,246,2022
360000,78500,SARTROUVILLE,78,Dépendance,0,0,246,2022
736000,78300,POISSY,78,Maison,126,5,402,2022
850000,78711,MANTES-LA-VILLE,78,Maison,153,6,1179,2022
850000,78711,MANTES-LA-VILLE,78,Maison,153,6,500,2022
890000,78140,VELIZY VILLACOUBLAY,78,Maison,65,3,234,2022
720600,78960,VOISINS-LE-BRETONNEUX,78,Maison,131,5,481,2022
587700,78960,VOISINS-LE-BRETONNEUX,78,Maison,126,7,681,2022
555000,78390,BOIS D ARCY,78,Dépendance,0,0,571,2022
555000,78390,BOIS D ARCY,78,Maison,149,6,571,2022
559000,78550,BAZAINVILLE,78,Maison,129,5,588,2022
559000,78550,BAZAINVILLE,78,Maison,129,5,802,2022
559000,78550,BAZAINVILLE,78,Dépendance,0,0,588,2022
559000,78550,BAZAINVILLE,78,Dépendance,0,0,802,2022
397000,78180,MONTIGNY LE BRETONNEUX,78,Maison,89,4,147,2022
185000,78270,VILLENEUVE-EN-CHEVRIE (LA),78,Maison,88,5,785,2022
310200,78910,ORVILLIERS,78,Maison,100,3,598,2022
604000,78470,SAINT-REMY-LES-CHEVREUSE,78,Maison,112,4,591,2022
345950,78550,HOUDAN,78,Maison,108,6,500,2022
345950,78550,HOUDAN,78,Maison,108,6,150,2022
776160,78630,MORAINVILLIERS,78,Maison,109,3,471,2022
275000,78610,PERRAY-EN-YVELINES (LE),78,Maison,62,3,500,2022
275000,78610,PERRAY-EN-YVELINES (LE),78,Maison,62,3,1261,2022
820000,78220,VIROFLAY,78,Maison,89,4,306,2022
1443000,78420,CARRIERES SUR SEINE,78,Maison,200,5,993,2022
1443000,78420,CARRIERES SUR SEINE,78,Dépendance,0,0,993,2022
1159200,78420,CARRIERES SUR SEINE,78,Maison,110,4,751,2022
285000,78730,SAINTE-MESME,78,Dépendance,0,0,262,2022
285000,78730,SAINTE-MESME,78,Maison,127,4,262,2022
385000,78250,TESSANCOURT-SUR-AUBETTE,78,Maison,117,5,77,2022
404720,78700,CONFLANS SAINTE HONORINE,78,Maison,86,4,173,2022
513000,78800,HOUILLES,78,Maison,59,3,316,2022
272800,78510,TRIEL SUR SEINE,78,Maison,71,3,167,2022
305000,78700,CONFLANS SAINTE HONORINE,78,Maison,66,4,477,2022
411650,78690,ESSARTS-LE-ROI (LES),78,Maison,114,6,298,2022
546500,78490,MERE,78,Maison,122,7,100,2022
546500,78490,MERE,78,Maison,122,7,840,2022
1008000,78121,CRESPIERES,78,Maison,230,7,500,2022
1008000,78121,CRESPIERES,78,Maison,85,2,903,2022
1008000,78121,CRESPIERES,78,Maison,230,7,903,2022
1008000,78121,CRESPIERES,78,Maison,85,2,500,2022
343706,78940,QUEUE-LES-YVELINES (LA),78,Maison,86,5,260,2022
859000,78490,GROSROUVRE,78,Maison,189,6,604,2022
859000,78490,GROSROUVRE,78,Maison,189,6,500,2022
905000,78180,MONTIGNY LE BRETONNEUX,78,Maison,111,5,804,2022
985000,78600,MAISONS-LAFFITTE,78,Dépendance,0,0,1067,2022
985000,78600,MAISONS-LAFFITTE,78,Maison,107,4,1067,2022
165050,78640,NEAUPHLE-LE-VIEUX,78,Maison,32,2,42,2022
530000,78630,MORAINVILLIERS,78,Maison,113,4,505,2022
410000,78670,VILLENNES-SUR-SEINE,78,Maison,84,2,121,2022
410000,78670,VILLENNES-SUR-SEINE,78,Dépendance,0,0,25,2022
410000,78670,VILLENNES-SUR-SEINE,78,Maison,14,1,25,2022
592150,78340,CLAYES-SOUS-BOIS (LES),78,Maison,154,5,428,2022
592150,78340,CLAYES-SOUS-BOIS (LES),78,Maison,40,2,428,2022
400050,78500,SARTROUVILLE,78,Maison,77,3,197,2022
640381,78160,MARLY-LE-ROI,78,Local industriel. commercial ou assimilé,30,0,220,2022
640381,78160,MARLY-LE-ROI,78,Local industriel. commercial ou assimilé,45,0,220,2022
640381,78160,MARLY-LE-ROI,78,Appartement,30,1,220,2022
215000,78130,MUREAUX (LES),78,Maison,80,4,275,2022
501500,78340,CLAYES-SOUS-BOIS (LES),78,Dépendance,0,0,456,2022
501500,78340,CLAYES-SOUS-BOIS (LES),78,Maison,147,6,456,2022
375000,78520,LIMAY,78,Maison,150,5,747,2022
480000,78140,VELIZY VILLACOUBLAY,78,Maison,84,4,246,2022
546150,78500,SARTROUVILLE,78,Maison,107,6,503,2022
390000,78630,ORGEVAL,78,Dépendance,0,0,300,2022
390000,78630,ORGEVAL,78,Maison,36,2,300,2022
426000,78650,SAULX-MARCHAIS,78,Dépendance,0,0,365,2022
426000,78650,SAULX-MARCHAIS,78,Maison,156,4,365,2022
165000,78955,CARRIERES SOUS POISSY,78,Maison,59,3,412,2022
582000,78540,VERNOUILLET,78,Maison,143,6,755,2022
1379900,78160,MARLY-LE-ROI,78,Maison,249,9,661,2022
1379900,78160,MARLY-LE-ROI,78,Dépendance,0,0,661,2022
1379900,78160,MARLY-LE-ROI,78,Dépendance,0,0,280,2022
1379900,78160,MARLY-LE-ROI,78,Maison,249,9,280,2022
400000,78800,HOUILLES,78,Maison,90,4,256,2022
823000,78960,VOISINS-LE-BRETONNEUX,78,Maison,176,8,656,2022
349192,78650,BEYNES,78,Maison,72,4,420,2022
219000,78270,LIMETZ-VILLEZ,78,Dépendance,0,0,738,2022
219000,78270,LIMETZ-VILLEZ,78,Maison,81,3,738,2022
294500,78820,JUZIERS,78,Maison,120,5,335,2022
294500,78820,JUZIERS,78,Dépendance,0,0,335,2022
585000,78800,HOUILLES,78,Maison,103,5,282,2022
585000,78800,HOUILLES,78,Dépendance,0,0,282,2022
640500,78420,CARRIERES SUR SEINE,78,Maison,77,3,377,2022
390000,78500,SARTROUVILLE,78,Maison,163,7,268,2022
846900,78420,CARRIERES SUR SEINE,78,Maison,128,3,580,2022
846900,78420,CARRIERES SUR SEINE,78,Dépendance,0,0,580,2022
170000,78440,FONTENAY-SAINT-PERE,78,Maison,71,4,357,2022
440050,78550,HOUDAN,78,Maison,180,5,571,2022
345000,78114,MAGNY-LES-HAMEAUX,78,Maison,96,5,235,2022
345000,78114,MAGNY-LES-HAMEAUX,78,Local industriel. commercial ou assimilé,0,0,25,2022
526000,78480,VERNEUIL SUR SEINE,78,Maison,129,6,329,2022
320500,78320,VERRIERE (LA),78,Maison,143,6,374,2022
320500,78320,VERRIERE (LA),78,Dépendance,0,0,374,2022
95000,78200,MANTES-LA-JOLIE,78,Maison,50,2,194,2022
750000,78160,MARLY-LE-ROI,78,Maison,58,3,439,2022
700579,78490,GALLUIS,78,Maison,40,2,738,2022
700579,78490,GALLUIS,78,Dépendance,0,0,738,2022
700579,78490,GALLUIS,78,Maison,70,4,738,2022
700579,78490,GALLUIS,78,Maison,45,2,738,2022
590000,78540,VERNOUILLET,78,Maison,159,6,535,2022
190627,78000,VERSAILLES,78,Local industriel. commercial ou assimilé,0,0,10466,2022
2500000,78160,MARLY-LE-ROI,78,Maison,140,6,703,2022
2500000,78160,MARLY-LE-ROI,78,Maison,140,6,295,2022
404473,78580,MAULE,78,Dépendance,0,0,229,2022
404473,78580,MAULE,78,Maison,146,5,229,2022
480000,78800,HOUILLES,78,Maison,84,3,334,2022
480000,78800,HOUILLES,78,Dépendance,0,0,334,2022
665000,78930,GOUSSONVILLE,78,Maison,197,5,3506,2022
665000,78930,GOUSSONVILLE,78,Dépendance,0,0,500,2022
665000,78930,GOUSSONVILLE,78,Maison,197,5,500,2022
665000,78930,GOUSSONVILLE,78,Dépendance,0,0,3506,2022
334500,78300,POISSY,78,Local industriel. commercial ou assimilé,21,0,80,2022
334500,78300,POISSY,78,Local industriel. commercial ou assimilé,108,0,80,2022
480000,78510,TRIEL SUR SEINE,78,Maison,91,4,503,2022
480000,78510,TRIEL SUR SEINE,78,Dépendance,0,0,503,2022
485300,78770,ANDELU,78,Maison,166,6,500,2022
485300,78770,ANDELU,78,Maison,166,6,1422,2022
1002810,78630,ORGEVAL,78,Dépendance,0,0,500,2022
1002810,78630,ORGEVAL,78,Dépendance,0,0,732,2022
1002810,78630,ORGEVAL,78,Maison,216,7,500,2022
1002810,78630,ORGEVAL,78,Maison,216,7,732,2022
848625,78490,GROSROUVRE,78,Maison,230,6,1765,2022
848625,78490,GROSROUVRE,78,Dépendance,0,0,1765,2022
626750,78630,ORGEVAL,78,Maison,117,6,358,2022
432000,78260,ACHERES,78,Maison,154,5,210,2022
399000,78700,CONFLANS SAINTE HONORINE,78,Maison,92,4,346,2022
395600,78690,ESSARTS-LE-ROI (LES),78,Maison,89,4,405,2022
728000,78500,SARTROUVILLE,78,Maison,100,5,454,2022
267000,78130,MUREAUX (LES),78,Maison,76,2,487,2022
333000,78820,JUZIERS,78,Maison,126,5,633,2022
288000,78310,COIGNIERES,78,Maison,71,3,113,2022
115000,78510,TRIEL SUR SEINE,78,Local industriel. commercial ou assimilé,24,0,74,2022
115000,78510,TRIEL SUR SEINE,78,Maison,73,4,74,2022
761400,78690,SAINT-REMY-L HONORE,78,Maison,200,6,500,2022
761400,78690,SAINT-REMY-L HONORE,78,Maison,200,6,893,2022
546620,78950,GAMBAIS,78,Maison,145,4,1596,2022
546620,78950,GAMBAIS,78,Maison,145,4,500,2022
250000,78250,MEULAN-EN-YVELINES,78,Maison,81,4,80,2022
250000,78250,MEULAN-EN-YVELINES,78,Maison,50,2,80,2022
1794500,78230,PECQ (LE),78,Dépendance,0,0,185,2022
1794500,78230,PECQ (LE),78,Maison,250,7,185,2022
1794500,78230,PECQ (LE),78,Dépendance,0,0,597,2022
1794500,78230,PECQ (LE),78,Maison,250,7,597,2022
1794500,78230,PECQ (LE),78,Dépendance,0,0,108,2022
642000,78120,RAMBOUILLET,78,Maison,150,5,676,2022
630000,78570,ANDRESY,78,Maison,125,7,607,2022
630000,78570,ANDRESY,78,Maison,125,7,500,2022
630000,78570,ANDRESY,78,Dépendance,0,0,500,2022
630000,78570,ANDRESY,78,Dépendance,0,0,607,2022
400000,78720,DAMPIERRE-EN-YVELINES,78,Maison,98,4,640,2022
273000,78520,LIMAY,78,Maison,55,3,405,2022
273000,78520,LIMAY,78,Maison,55,3,444,2022
464045,78720,CELLE-LES-BORDES (LA),78,Dépendance,0,0,194,2022
464045,78720,CELLE-LES-BORDES (LA),78,Maison,124,5,194,2022
4700,78270,LIMETZ-VILLEZ,78,Maison,25,2,490,2022
455115,78125,ORCEMONT,78,Dépendance,0,0,1033,2022
455115,78125,ORCEMONT,78,Maison,170,6,1033,2022
455115,78125,ORCEMONT,78,Maison,170,6,500,2022
455115,78125,ORCEMONT,78,Dépendance,0,0,500,2022
633000,78480,VERNEUIL SUR SEINE,78,Maison,167,7,464,2022
227000,78700,CONFLANS SAINTE HONORINE,78,Maison,55,3,185,2022
495000,78800,HOUILLES,78,Maison,78,3,509,2022
495000,78800,HOUILLES,78,Dépendance,0,0,509,2022
208000,78710,ROSNY-SUR-SEINE,78,Dépendance,0,0,336,2022
208000,78710,ROSNY-SUR-SEINE,78,Maison,90,5,336,2022
300000,78120,RAMBOUILLET,78,Appartement,30,1,428,2022
300000,78120,RAMBOUILLET,78,Appartement,30,2,428,2022
300000,78120,RAMBOUILLET,78,Dépendance,0,0,428,2022
364600,78390,BOIS D ARCY,78,Maison,69,3,313,2022
702500,78360,MONTESSON,78,Maison,145,5,561,2022
335000,78930,GUERVILLE,78,Maison,93,3,1007,2022
335000,78930,GUERVILLE,78,Maison,93,3,500,2022
335000,78930,GUERVILLE,78,Maison,93,3,1270,2022
687000,78410,BOUAFLE,78,Maison,188,6,804,2022
780000,78400,CHATOU,78,Maison,90,4,403,2022
464000,78570,ANDRESY,78,Maison,111,5,217,2022
800000,78370,PLAISIR,78,Dépendance,0,0,357,2022
800000,78370,PLAISIR,78,Maison,60,3,357,2022
700000,78300,POISSY,78,Maison,160,7,435,2022
764900,78600,MAISONS-LAFFITTE,78,Maison,87,5,118,2022
383110,78510,TRIEL SUR SEINE,78,Dépendance,0,0,332,2022
383110,78510,TRIEL SUR SEINE,78,Appartement,35,2,332,2022
383110,78510,TRIEL SUR SEINE,78,Appartement,87,4,332,2022
372000,78510,TRIEL SUR SEINE,78,Maison,81,4,162,2022
300000,78910,PRUNAY-LE-TEMPLE,78,Dépendance,0,0,557,2022
300000,78910,PRUNAY-LE-TEMPLE,78,Maison,85,4,557,2022
300000,78910,PRUNAY-LE-TEMPLE,78,Maison,85,4,500,2022
300000,78910,PRUNAY-LE-TEMPLE,78,Dépendance,0,0,500,2022
237000,78740,EVECQUEMONT,78,Local industriel. commercial ou assimilé,107,0,1000,2022
237000,78740,EVECQUEMONT,78,Maison,115,5,1000,2022
237000,78740,EVECQUEMONT,78,Maison,115,5,6551,2022
237000,78740,EVECQUEMONT,78,Local industriel. commercial ou assimilé,107,0,6551,2022
795000,78400,CHATOU,78,Dépendance,0,0,300,2022
795000,78400,CHATOU,78,Maison,90,5,300,2022
374000,78700,CONFLANS SAINTE HONORINE,78,Dépendance,0,0,493,2022
374000,78700,CONFLANS SAINTE HONORINE,78,Maison,79,4,493,2022
304400,78660,ABLIS,78,Maison,85,4,501,2022
992250,78400,CHATOU,78,Maison,108,5,315,2022
509300,78320,VERRIERE (LA),78,Local industriel. commercial ou assimilé,29,0,239,2022
509300,78320,VERRIERE (LA),78,Maison,117,5,239,2022
690765,78250,MEZY-SUR-SEINE,78,Maison,180,7,913,2022
271150,78410,AUBERGENVILLE,78,Maison,82,5,82,2022
385000,78800,HOUILLES,78,Dépendance,0,0,207,2022
385000,78800,HOUILLES,78,Maison,104,4,207,2022
565500,78470,SAINT-REMY-LES-CHEVREUSE,78,Dépendance,0,0,1025,2022
565500,78470,SAINT-REMY-LES-CHEVREUSE,78,Maison,92,4,1025,2022
364000,78480,VERNEUIL SUR SEINE,78,Maison,89,4,216,2022
883000,78800,HOUILLES,78,Maison,112,5,378,2022
883000,78800,HOUILLES,78,Dépendance,0,0,378,2022
1192657,78220,VIROFLAY,78,Maison,100,4,622,2022
263200,78450,VILLEPREUX,78,Maison,65,4,211,2022
734900,78230,PECQ (LE),78,Maison,137,4,693,2022
253000,78720,CERNAY-LA-VILLE,78,Maison,126,6,281,2022
385000,78250,MEZY-SUR-SEINE,78,Dépendance,0,0,51,2022
385000,78250,MEZY-SUR-SEINE,78,Maison,86,5,51,2022
1312500,78310,COIGNIERES,78,Appartement,68,3,3000,2022
1312500,78310,COIGNIERES,78,Local industriel. commercial ou assimilé,944,0,3000,2022
230000,78240,AIGREMONT,78,Maison,69,3,84,2022
1139371,78430,LOUVECIENNES,78,Maison,132,5,508,2022
1139371,78430,LOUVECIENNES,78,Dépendance,0,0,508,2022
1395000,78670,MEDAN,78,Maison,300,5,2600,2022
1395000,78670,MEDAN,78,Dépendance,0,0,2600,2022
1395000,78670,MEDAN,78,Maison,300,5,400,2022
1395000,78670,MEDAN,78,Dépendance,0,0,400,2022
1395000,78670,MEDAN,78,Dépendance,0,0,450,2022
1395000,78670,MEDAN,78,Maison,300,5,450,2022
1285000,78870,BAILLY,78,Dépendance,0,0,717,2022
1285000,78870,BAILLY,78,Maison,182,7,717,2022
625000,78400,CHATOU,78,Maison,65,3,584,2022
219000,78270,BONNIERES-SUR-SEINE,78,Maison,98,3,394,2022
334000,78310,MAUREPAS,78,Dépendance,0,0,133,2022
334000,78310,MAUREPAS,78,Maison,33,2,133,2022
290000,78520,LIMAY,78,Maison,97,4,414,2022
410000,78700,CONFLANS SAINTE HONORINE,78,Maison,110,6,500,2022
457500,78350,JOUY EN JOSAS,78,Dépendance,0,0,297,2022
457500,78350,JOUY EN JOSAS,78,Maison,95,3,297,2022
457500,78350,JOUY EN JOSAS,78,Dépendance,0,0,240,2022
491000,78700,CONFLANS SAINTE HONORINE,78,Maison,112,5,280,2022
441500,78580,MAULE,78,Maison,94,5,940,2022
441500,78580,MAULE,78,Dépendance,0,0,940,2022
526599,78960,VOISINS-LE-BRETONNEUX,78,Maison,125,5,742,2022
2314750,78000,VERSAILLES,78,Maison,300,8,340,2022
2314750,78000,VERSAILLES,78,Dépendance,0,0,340,2022
537600,78600,MAISONS-LAFFITTE,78,Maison,60,2,98,2022
198000,78270,LIMETZ-VILLEZ,78,Maison,40,3,634,2022
310000,78520,GUERNES,78,Dépendance,0,0,199,2022
310000,78520,GUERNES,78,Maison,133,6,498,2022
452000,78480,VERNEUIL SUR SEINE,78,Maison,95,4,654,2022
276000,78310,MAUREPAS,78,Maison,85,4,115,2022
853780,78360,MONTESSON,78,Maison,144,5,2,2022
285100,78200,MANTES-LA-JOLIE,78,Dépendance,0,0,508,2022
285100,78200,MANTES-LA-JOLIE,78,Maison,100,5,508,2022
428480,78180,MONTIGNY LE BRETONNEUX,78,Maison,113,6,137,2022
315000,78700,CONFLANS SAINTE HONORINE,78,Maison,65,4,415,2022
755000,78460,CHEVREUSE,78,Maison,165,6,600,2022
755000,78460,CHEVREUSE,78,Dépendance,0,0,600,2022
755000,78460,CHEVREUSE,78,Maison,165,6,441,2022
755000,78460,CHEVREUSE,78,Dépendance,0,0,441,2022
346500,78740,VAUX-SUR-SEINE,78,Dépendance,0,0,396,2022
346500,78740,VAUX-SUR-SEINE,78,Maison,129,5,396,2022
1700000,78550,RICHEBOURG,78,Dépendance,0,0,500,2022
1700000,78550,RICHEBOURG,78,Maison,305,12,3140,2022
1700000,78550,RICHEBOURG,78,Maison,200,5,500,2022
1700000,78550,RICHEBOURG,78,Maison,30,2,500,2022
1700000,78550,RICHEBOURG,78,Maison,100,5,500,2022
1700000,78550,RICHEBOURG,78,Local industriel. commercial ou assimilé,30,0,500,2022
1700000,78550,RICHEBOURG,78,Maison,305,12,500,2022
1700000,78550,RICHEBOURG,78,Dépendance,0,0,3140,2022
1700000,78550,RICHEBOURG,78,Maison,200,5,3140,2022
1700000,78550,RICHEBOURG,78,Maison,30,2,3140,2022
1700000,78550,RICHEBOURG,78,Maison,100,5,3140,2022
1700000,78550,RICHEBOURG,78,Local industriel. commercial ou assimilé,30,0,3140,2022
325390,78440,GARGENVILLE,78,Dépendance,0,0,500,2022
325390,78440,GARGENVILLE,78,Maison,90,5,500,2022
325390,78440,GARGENVILLE,78,Dépendance,0,0,407,2022
325390,78440,GARGENVILLE,78,Maison,90,5,407,2022
320000,78113,CONDE-SUR-VESGRE,78,Maison,101,5,1500,2022
320000,78113,CONDE-SUR-VESGRE,78,Maison,101,5,500,2022
280000,78650,BEYNES,78,Maison,97,4,480,2022
885500,78960,VOISINS-LE-BRETONNEUX,78,Maison,221,8,766,2022
360000,78610,PERRAY-EN-YVELINES (LE),78,Maison,124,7,497,2022
207275,78130,MUREAUX (LES),78,Maison,94,5,80,2022
207275,78130,MUREAUX (LES),78,Dépendance,0,0,80,2022
436800,78700,CONFLANS SAINTE HONORINE,78,Maison,86,4,854,2022
499870,78510,TRIEL SUR SEINE,78,Maison,159,6,1003,2022
499870,78510,TRIEL SUR SEINE,78,Maison,159,6,500,2022
306800,78520,FOLLAINVILLE-DENNEMONT,78,Maison,111,4,404,2022
558000,78640,SAINT-GERMAIN-DE-LA-GRANGE,78,Maison,155,5,838,2022
216000,78840,FRENEUSE,78,Maison,83,4,567,2022
329000,78700,CONFLANS SAINTE HONORINE,78,Maison,76,5,105,2022
350000,78580,MAULE,78,Maison,160,4,362,2022
239800,78710,ROSNY-SUR-SEINE,78,Maison,81,4,350,2022
251000,78980,NEAUPHLETTE,78,Maison,79,5,457,2022
391970,78570,CHANTELOUP-LES-VIGNES,78,Maison,61,2,532,2022
846500,78930,VERT,78,Dépendance,0,0,300,2022
846500,78930,VERT,78,Maison,192,8,300,2022
1315000,78600,MAISONS-LAFFITTE,78,Dépendance,0,0,715,2022
1315000,78600,MAISONS-LAFFITTE,78,Maison,158,7,715,2022
572900,78340,CLAYES-SOUS-BOIS (LES),78,Maison,178,7,619,2022
902000,78670,VILLENNES-SUR-SEINE,78,Maison,148,5,647,2022
902000,78670,VILLENNES-SUR-SEINE,78,Maison,148,5,600,2022
344350,78200,BUCHELAY,78,Maison,116,6,410,2022
385150,78960,VOISINS-LE-BRETONNEUX,78,Maison,85,4,98,2022
385150,78960,VOISINS-LE-BRETONNEUX,78,Dépendance,0,0,98,2022
320200,78510,TRIEL SUR SEINE,78,Maison,84,4,143,2022
86000,78113,HAUTEVILLE (LA),78,Maison,120,7,355,2022
86000,78113,HAUTEVILLE (LA),78,Maison,120,7,500,2022
397360,78550,RICHEBOURG,78,Maison,115,4,500,2022
403250,78955,CARRIERES SOUS POISSY,78,Maison,94,5,271,2022
450000,78470,SAINT-REMY-LES-CHEVREUSE,78,Maison,28,2,1055,2022
450000,78470,SAINT-REMY-LES-CHEVREUSE,78,Maison,28,2,28,2022
402976,78610,PERRAY-EN-YVELINES (LE),78,Maison,129,5,623,2022
627450,78670,VILLENNES-SUR-SEINE,78,Maison,115,5,636,2022
627450,78670,VILLENNES-SUR-SEINE,78,Maison,115,5,2,2022
815450,78600,MAISONS-LAFFITTE,78,Maison,91,5,253,2022
815450,78600,MAISONS-LAFFITTE,78,Dépendance,0,0,253,2022
489807,78113,CONDE-SUR-VESGRE,78,Maison,159,5,500,2022
489807,78113,CONDE-SUR-VESGRE,78,Maison,159,5,1945,2022
489807,78113,CONDE-SUR-VESGRE,78,Dépendance,0,0,1945,2022
489807,78113,CONDE-SUR-VESGRE,78,Dépendance,0,0,500,2022
442000,78340,CLAYES-SOUS-BOIS (LES),78,Maison,114,5,229,2022
342380,78910,BOISSETS,78,Maison,80,4,501,2022
342380,78910,BOISSETS,78,Maison,80,4,500,2022
416700,78280,GUYANCOURT,78,Maison,96,4,181,2022
416700,78280,GUYANCOURT,78,Dépendance,0,0,181,2022
228500,78130,MUREAUX (LES),78,Maison,108,5,392,2022
380000,78340,CLAYES-SOUS-BOIS (LES),78,Maison,74,3,410,2022
558540,78800,HOUILLES,78,Maison,126,4,345,2022
1550000,78000,VERSAILLES,78,Maison,162,4,310,2022
1550000,78000,VERSAILLES,78,Dépendance,0,0,310,2022
395300,78570,ANDRESY,78,Maison,100,6,242,2022
981000,78160,MARLY-LE-ROI,78,Local industriel. commercial ou assimilé,678,0,991,2022
839560,78490,GALLUIS,78,Dépendance,0,0,1161,2022
839560,78490,GALLUIS,78,Maison,176,8,500,2022
839560,78490,GALLUIS,78,Dépendance,0,0,500,2022
839560,78490,GALLUIS,78,Maison,176,8,1161,2022
531750,78690,ESSARTS-LE-ROI (LES),78,Maison,139,6,500,2022
531750,78690,ESSARTS-LE-ROI (LES),78,Maison,139,6,1067,2022
375950,78370,PLAISIR,78,Maison,113,3,67,2022
289500,78520,FOLLAINVILLE-DENNEMONT,78,Dépendance,0,0,228,2022
289500,78520,FOLLAINVILLE-DENNEMONT,78,Maison,80,4,228,2022
275000,78711,MANTES-LA-VILLE,78,Maison,108,5,341,2022
275000,78711,MANTES-LA-VILLE,78,Maison,108,5,340,2022
360000,78580,MAULE,78,Maison,69,4,440,2022
470000,78470,SAINT-REMY-LES-CHEVREUSE,78,Maison,102,6,718,2022
1107580,78150,LE CHESNAY-ROCQUENCOURT,78,Maison,168,8,418,2022
1107580,78150,LE CHESNAY-ROCQUENCOURT,78,Dépendance,0,0,418,2022
967000,78300,POISSY,78,Maison,112,4,70,2022
967000,78300,POISSY,78,Maison,112,4,754,2022
310000,78570,CHANTELOUP-LES-VIGNES,78,Maison,122,5,299,2022
320000,78130,MUREAUX (LES),78,Maison,108,6,300,2022
281800,78200,MAGNANVILLE,78,Maison,112,5,512,2022
315402,78370,PLAISIR,78,Maison,127,6,146,2022
610000,78300,POISSY,78,Maison,86,5,302,2022
610000,78300,POISSY,78,Dépendance,0,0,302,2022
610000,78300,POISSY,78,Local industriel. commercial ou assimilé,9,0,302,2022
340000,78300,POISSY,78,Maison,65,4,355,2022
970000,78990,ELANCOURT,78,Local industriel. commercial ou assimilé,1153,0,2311,2022
497404,78510,TRIEL SUR SEINE,78,Maison,94,5,261,2022
395000,78120,RAMBOUILLET,78,Maison,92,4,400,2022
395000,78120,RAMBOUILLET,78,Dépendance,0,0,400,2022
825000,78110,VESINET (LE),78,Maison,105,5,312,2022
517700,78124,MAREIL-SUR-MAULDRE,78,Maison,175,8,692,2022
1582200,78130,MUREAUX (LES),78,Local industriel. commercial ou assimilé,4595,0,6174,2022
375200,78640,NEAUPHLE-LE-CHATEAU,78,Maison,85,4,111,2022
438370,78440,GARGENVILLE,78,Maison,68,2,500,2022
440000,78890,GARANCIERES,78,Maison,152,5,500,2022
440000,78890,GARANCIERES,78,Maison,152,5,556,2022
590000,78710,ROSNY-SUR-SEINE,78,Dépendance,0,0,500,2022
590000,78710,ROSNY-SUR-SEINE,78,Maison,118,4,561,2022
590000,78710,ROSNY-SUR-SEINE,78,Local industriel. commercial ou assimilé,97,0,561,2022
590000,78710,ROSNY-SUR-SEINE,78,Dépendance,0,0,561,2022
590000,78710,ROSNY-SUR-SEINE,78,Maison,118,4,500,2022
590000,78710,ROSNY-SUR-SEINE,78,Local industriel. commercial ou assimilé,97,0,500,2022
215000,78820,JUZIERS,78,Maison,59,4,831,2022
1265200,78150,LE CHESNAY-ROCQUENCOURT,78,Maison,134,5,359,2022
1317200,78940,MILLEMONT,78,Dépendance,0,0,2358,2022
1317200,78940,MILLEMONT,78,Maison,270,6,2358,2022
1317200,78940,MILLEMONT,78,Dépendance,0,0,500,2022
1317200,78940,MILLEMONT,78,Maison,270,6,500,2022
184000,78680,EPONE,78,Maison,95,4,40,2022
490000,78790,COURGENT,78,Maison,149,5,3031,2022
490000,78790,COURGENT,78,Maison,149,5,800,2022
365000,78640,VILLIERS-SAINT-FREDERIC,78,Maison,72,4,364,2022
377000,78300,POISSY,78,Maison,82,5,431,2022
136500,78320,VERRIERE (LA),78,Maison,82,4,196,2022
136500,78320,VERRIERE (LA),78,Dépendance,0,0,196,2022
113250,78126,AULNAY-SUR-MAULDRE,78,Maison,60,2,660,2022
367000,78820,JUZIERS,78,Dépendance,0,0,2500,2022
367000,78820,JUZIERS,78,Maison,140,5,2500,2022
367000,78820,JUZIERS,78,Local industriel. commercial ou assimilé,150,0,2500,2022
367000,78820,JUZIERS,78,Local industriel. commercial ou assimilé,30,0,2500,2022
373800,78540,VERNOUILLET,78,Maison,72,4,273,2022
299000,78820,JUZIERS,78,Maison,99,5,821,2022
439500,78300,POISSY,78,Maison,113,4,203,2022
395000,78440,PORCHEVILLE,78,Maison,101,3,1000,2022
559350,78890,GARANCIERES,78,Maison,194,7,480,2022
559350,78890,GARANCIERES,78,Dépendance,0,0,480,2022
559350,78890,GARANCIERES,78,Maison,194,7,3200,2022
559350,78890,GARANCIERES,78,Dépendance,0,0,3200,2022
559350,78890,GARANCIERES,78,Maison,194,7,2500,2022
559350,78890,GARANCIERES,78,Dépendance,0,0,2500,2022
195000,78680,EPONE,78,Dépendance,0,0,1000,2022
195000,78680,EPONE,78,Maison,53,3,1000,2022
340000,78200,MAGNANVILLE,78,Maison,125,5,771,2022
1249433,78100,SAINT-GERMAIN-EN-LAYE,78,Appartement,70,4,86,2022
1249433,78100,SAINT-GERMAIN-EN-LAYE,78,Local industriel. commercial ou assimilé,164,0,86,2022
1249433,78100,SAINT-GERMAIN-EN-LAYE,78,Dépendance,0,0,86,2022
515000,78930,VILLETTE,78,Maison,120,4,318,2022
515000,78930,VILLETTE,78,Maison,72,2,318,2022
515000,78930,VILLETTE,78,Dépendance,0,0,318,2022
456000,78260,ACHERES,78,Maison,101,6,589,2022
80000,78930,GOUSSONVILLE,78,Dépendance,0,0,295,2022
449000,78500,SARTROUVILLE,78,Maison,73,4,277,2022
880000,78150,LE CHESNAY-ROCQUENCOURT,78,Local industriel. commercial ou assimilé,9,0,203,2022
880000,78150,LE CHESNAY-ROCQUENCOURT,78,Maison,115,4,203,2022
878200,78510,TRIEL SUR SEINE,78,Maison,205,6,2522,2022
315000,78440,ISSOU,78,Maison,89,5,437,2022
1147300,78100,SAINT-GERMAIN-EN-LAYE,78,Maison,159,5,540,2022
1147300,78100,SAINT-GERMAIN-EN-LAYE,78,Maison,159,5,500,2022
383000,78910,ORGERUS,78,Maison,114,5,718,2022
383000,78910,ORGERUS,78,Maison,114,5,262,2022
383000,78910,ORGERUS,78,Dépendance,0,0,718,2022
383000,78910,ORGERUS,78,Dépendance,0,0,262,2022
2734795,78711,MANTES-LA-VILLE,78,Local industriel. commercial ou assimilé,11000,0,2187,2022
419500,78800,HOUILLES,78,Maison,65,3,348,2022
419500,78800,HOUILLES,78,Dépendance,0,0,348,2022
787000,78690,ESSARTS-LE-ROI (LES),78,Dépendance,0,0,4087,2022
787000,78690,ESSARTS-LE-ROI (LES),78,Maison,297,5,4087,2022
725334,78540,VERNOUILLET,78,Maison,194,7,780,2022
480000,78500,SARTROUVILLE,78,Maison,83,4,458,2022
350000,78500,SARTROUVILLE,78,Dépendance,0,0,170,2022
350000,78500,SARTROUVILLE,78,Maison,45,3,170,2022
655000,78500,SARTROUVILLE,78,Maison,120,5,321,2022
480000,78780,MAURECOURT,78,Local industriel. commercial ou assimilé,135,0,337,2022
480000,78780,MAURECOURT,78,Appartement,45,3,337,2022
480000,78780,MAURECOURT,78,Appartement,50,3,337,2022
525000,78420,CARRIERES SUR SEINE,78,Maison,54,3,365,2022
380000,78330,FONTENAY LE FLEURY,78,Maison,104,5,337,2022
380000,78330,FONTENAY LE FLEURY,78,Dépendance,0,0,337,2022
963300,78400,CHATOU,78,Maison,125,5,445,2022
963300,78400,CHATOU,78,Dépendance,0,0,445,2022
493300,78770,VILLIERS-LE-MAHIEU,78,Maison,164,6,628,2022
522000,78630,MORAINVILLIERS,78,Maison,109,4,488,2022
432000,78320,MESNIL-SAINT-DENIS (LE),78,Maison,121,5,318,2022
691000,78800,HOUILLES,78,Maison,108,4,274,2022
300000,78270,BENNECOURT,78,Maison,78,4,600,2022
300000,78270,BENNECOURT,78,Dépendance,0,0,600,2022
284900,78660,ABLIS,78,Maison,118,6,214,2022
520000,78500,SARTROUVILLE,78,Maison,87,4,743,2022
500000,78640,VILLIERS-SAINT-FREDERIC,78,Maison,127,5,562,2022
500000,78640,VILLIERS-SAINT-FREDERIC,78,Dépendance,0,0,562,2022
170000,78970,MEZIERES-SUR-SEINE,78,Maison,34,2,39,2022
950000,78380,BOUGIVAL,78,Maison,121,4,750,2022
55000,78570,CHANTELOUP-LES-VIGNES,78,Maison,45,2,1201,2022
55000,78570,CHANTELOUP-LES-VIGNES,78,Dépendance,0,0,1201,2022
190000,78710,ROSNY-SUR-SEINE,78,Maison,80,4,490,2022
190000,78710,ROSNY-SUR-SEINE,78,Dépendance,0,0,490,2022
328250,78660,ABLIS,78,Maison,108,5,644,2022
243000,78270,VILLENEUVE-EN-CHEVRIE (LA),78,Maison,99,5,439,2022
167500,78980,LONGNES,78,Local industriel. commercial ou assimilé,4200,0,783,2022
167500,78980,LONGNES,78,Appartement,92,3,783,2022
167500,78980,LONGNES,78,Maison,55,3,783,2022
167500,78980,LONGNES,78,Appartement,29,2,783,2022
167500,78980,LONGNES,78,Dépendance,0,0,783,2022
370000,78955,CARRIERES SOUS POISSY,78,Maison,46,2,37,2022
370000,78955,CARRIERES SOUS POISSY,78,Maison,117,4,249,2022
320200,78660,ABLIS,78,Maison,133,8,657,2022
780000,78160,MARLY-LE-ROI,78,Maison,80,3,484,2022
780000,78160,MARLY-LE-ROI,78,Appartement,35,1,484,2022
497000,78470,SAINT-REMY-LES-CHEVREUSE,78,Appartement,19,2,648,2022
497000,78470,SAINT-REMY-LES-CHEVREUSE,78,Appartement,83,3,648,2022
497000,78470,SAINT-REMY-LES-CHEVREUSE,78,Dépendance,0,0,648,2022
497000,78470,SAINT-REMY-LES-CHEVREUSE,78,Appartement,60,2,648,2022
555000,78470,SAINT-REMY-LES-CHEVREUSE,78,Maison,115,5,479,2022
555000,78470,SAINT-REMY-LES-CHEVREUSE,78,Dépendance,0,0,479,2022
1450000,78100,SAINT-GERMAIN-EN-LAYE,78,Maison,136,6,568,2022
1450000,78100,SAINT-GERMAIN-EN-LAYE,78,Maison,136,6,663,2022
490000,78150,LE CHESNAY-ROCQUENCOURT,78,Dépendance,0,0,251,2022
490000,78150,LE CHESNAY-ROCQUENCOURT,78,Maison,90,4,251,2022
342850,78990,ELANCOURT,78,Maison,73,4,524,2022
710000,78670,VILLENNES-SUR-SEINE,78,Maison,119,4,500,2022
710000,78670,VILLENNES-SUR-SEINE,78,Dépendance,0,0,500,2022
710000,78670,VILLENNES-SUR-SEINE,78,Dépendance,0,0,556,2022
710000,78670,VILLENNES-SUR-SEINE,78,Maison,119,4,556,2022
825630,78350,JOUY EN JOSAS,78,Maison,96,6,300,2022
717500,78670,MEDAN,78,Maison,150,5,330,2022
100000,78520,LIMAY,78,Maison,73,3,418,2022
514500,78370,PLAISIR,78,Maison,181,6,98,2022
475000,78180,MONTIGNY LE BRETONNEUX,78,Maison,99,4,240,2022
871150,78600,MESNIL-LE-ROI (LE),78,Maison,116,4,450,2022
234900,78980,BREVAL,78,Maison,107,4,427,2022
767900,78180,MONTIGNY LE BRETONNEUX,78,Maison,164,6,362,2022
278000,78200,BUCHELAY,78,Maison,75,4,242,2022
100000,78200,MANTES-LA-JOLIE,78,Dépendance,0,0,90,2022
100000,78200,MANTES-LA-JOLIE,78,Maison,65,4,90,2022
490000,78140,VELIZY VILLACOUBLAY,78,Maison,57,3,187,2022
490000,78140,VELIZY VILLACOUBLAY,78,Dépendance,0,0,187,2022
470000,78955,CARRIERES SOUS POISSY,78,Maison,139,6,337,2022
300000,78520,FOLLAINVILLE-DENNEMONT,78,Maison,95,4,500,2022
300000,78520,FOLLAINVILLE-DENNEMONT,78,Dépendance,0,0,500,2022
1100000,78400,CHATOU,78,Maison,135,5,600,2022
696745,78700,CONFLANS SAINTE HONORINE,78,Maison,130,7,505,2022
463900,78570,ANDRESY,78,Maison,180,3,281,2022
501400,78114,MAGNY-LES-HAMEAUX,78,Maison,148,5,833,2022
358365,78990,ELANCOURT,78,Maison,94,4,158,2022
380000,78130,CHAPET,78,Dépendance,0,0,417,2022
380000,78130,CHAPET,78,Maison,89,5,417,2022
432000,78700,CONFLANS SAINTE HONORINE,78,Maison,106,2,295,2022
165000,78990,ELANCOURT,78,Maison,108,5,199,2022
317700,78140,VELIZY VILLACOUBLAY,78,Maison,75,3,82,2022
317700,78140,VELIZY VILLACOUBLAY,78,Dépendance,0,0,82,2022
395000,78920,ECQUEVILLY,78,Maison,90,4,242,2022
570280,78360,MONTESSON,78,Maison,100,5,172,2022
2300000,78000,VERSAILLES,78,Maison,213,10,488,2022
2300000,78000,VERSAILLES,78,Maison,213,10,161,2022
318845,78990,ELANCOURT,78,Maison,87,4,141,2022
255000,78270,LOMMOYE,78,Maison,73,4,590,2022
2630235,78110,VESINET (LE),78,Maison,24,0,1739,2022
2630235,78110,VESINET (LE),78,Maison,200,7,188,2022
2630235,78110,VESINET (LE),78,Dépendance,0,0,1739,2022
2630235,78110,VESINET (LE),78,Dépendance,0,0,188,2022
2630235,78110,VESINET (LE),78,Maison,200,7,1739,2022
2630235,78110,VESINET (LE),78,Maison,24,0,188,2022
750000,78380,BOUGIVAL,78,Maison,93,4,560,2022
394700,78980,BREVAL,78,Maison,169,7,836,2022
394700,78980,BREVAL,78,Maison,169,7,500,2022
424500,78500,SARTROUVILLE,78,Maison,68,4,100,2022
348000,78250,OINVILLE-SUR-MONTCIENT,78,Maison,114,4,662,2022
288000,78310,MAUREPAS,78,Maison,88,4,126,2022
288000,78310,MAUREPAS,78,Dépendance,0,0,126,2022
426400,78910,FLEXANVILLE,78,Maison,143,6,500,2022
426400,78910,FLEXANVILLE,78,Maison,143,6,410,2022
1796822,78310,COIGNIERES,78,Local industriel. commercial ou assimilé,4007,0,6296,2022
310300,78990,ELANCOURT,78,Maison,94,4,137,2022
465805,78460,CHEVREUSE,78,Dépendance,0,0,263,2022
465805,78460,CHEVREUSE,78,Maison,80,4,263,2022
215000,78270,MOUSSEAUX-SUR-SEINE,78,Dépendance,0,0,1000,2022
215000,78270,MOUSSEAUX-SUR-SEINE,78,Dépendance,0,0,500,2022
215000,78270,MOUSSEAUX-SUR-SEINE,78,Maison,45,2,1000,2022
215000,78270,MOUSSEAUX-SUR-SEINE,78,Maison,45,2,500,2022
1245000,78150,LE CHESNAY-ROCQUENCOURT,78,Maison,137,6,400,2022
280000,78370,PLAISIR,78,Maison,57,4,508,2022
522290,78490,MONTFORT-L AMAURY,78,Dépendance,0,0,308,2022
522290,78490,MONTFORT-L AMAURY,78,Maison,60,4,308,2022
257000,78660,ABLIS,78,Dépendance,0,0,936,2022
257000,78660,ABLIS,78,Maison,91,7,936,2022
650000,78200,MANTES-LA-JOLIE,78,Local industriel. commercial ou assimilé,60,0,198,2022
650000,78200,MANTES-LA-JOLIE,78,Appartement,82,3,198,2022
650000,78200,MANTES-LA-JOLIE,78,Local industriel. commercial ou assimilé,130,0,198,2022
650000,78200,MANTES-LA-JOLIE,78,Dépendance,0,0,198,2022
601400,78640,VILLIERS-SAINT-FREDERIC,78,Maison,147,6,925,2022
2160000,78000,VERSAILLES,78,Maison,190,6,1090,2022
329200,78450,VILLEPREUX,78,Maison,72,4,125,2022
320000,78440,PORCHEVILLE,78,Maison,109,5,501,2022
431500,78210,SAINT-CYR-L ECOLE,78,Maison,74,4,193,2022
683300,78300,POISSY,78,Maison,92,5,492,2022
382830,78370,PLAISIR,78,Maison,101,5,155,2022
382830,78370,PLAISIR,78,Dépendance,0,0,155,2022
245000,78440,ISSOU,78,Maison,83,4,401,2022
280000,78570,ANDRESY,78,Dépendance,0,0,423,2022
170000,78200,BUCHELAY,78,Maison,65,4,264,2022
416500,78450,VILLEPREUX,78,Maison,75,4,328,2022
516150,78120,RAMBOUILLET,78,Dépendance,0,0,18,2022
516150,78120,RAMBOUILLET,78,Maison,233,11,294,2022
402100,78370,PLAISIR,78,Maison,79,4,380,2022
1314500,78670,VILLENNES-SUR-SEINE,78,Maison,205,7,667,2022
1314500,78670,VILLENNES-SUR-SEINE,78,Maison,205,7,500,2022
565000,78460,CHEVREUSE,78,Maison,120,5,544,2022
565000,78460,CHEVREUSE,78,Maison,9,1,544,2022
280000,78680,EPONE,78,Maison,50,2,482,2022
745000,78460,CHEVREUSE,78,Maison,168,6,997,2022
745000,78460,CHEVREUSE,78,Maison,168,6,500,2022
745000,78460,CHEVREUSE,78,Dépendance,0,0,997,2022
745000,78460,CHEVREUSE,78,Dépendance,0,0,500,2022
405775,78550,HOUDAN,78,Maison,105,5,164,2022
405775,78550,HOUDAN,78,Dépendance,0,0,164,2022
1589455,78000,VERSAILLES,78,Maison,240,7,784,2022
670000,78360,MONTESSON,78,Maison,111,5,413,2022
670000,78360,MONTESSON,78,Dépendance,0,0,413,2022
7603200,78120,RAMBOUILLET,78,Local industriel. commercial ou assimilé,2242,0,8611,2022
630000,78990,ELANCOURT,78,Maison,158,5,1003,2022
539000,78740,VAUX-SUR-SEINE,78,Maison,118,5,500,2022
1187260,78750,MAREIL-MARLY,78,Dépendance,0,0,951,2022
1187260,78750,MAREIL-MARLY,78,Maison,178,7,951,2022
812000,78480,VERNEUIL SUR SEINE,78,Maison,168,7,314,2022
812000,78480,VERNEUIL SUR SEINE,78,Maison,168,7,500,2022
320500,78730,SAINT-ARNOULT-EN-YVELINES,78,Maison,132,7,510,2022
320500,78730,SAINT-ARNOULT-EN-YVELINES,78,Maison,132,7,500,2022
400000,78610,SAINT-LEGER-EN-YVELINES,78,Local industriel. commercial ou assimilé,150,0,390,2022
882500,78230,PECQ (LE),78,Maison,150,5,170,2022
589875,78530,BUC,78,Dépendance,0,0,16,2022
589875,78530,BUC,78,Maison,95,5,208,2022
589875,78530,BUC,78,Dépendance,0,0,208,2022
371811,78990,ELANCOURT,78,Maison,114,4,225,2022
371811,78990,ELANCOURT,78,Dépendance,0,0,225,2022
515000,78740,VAUX-SUR-SEINE,78,Maison,153,5,500,2022
515000,78740,VAUX-SUR-SEINE,78,Maison,153,5,1141,2022
611270,78660,ABLIS,78,Maison,215,7,230,2022
611270,78660,ABLIS,78,Maison,215,7,30270,2022
505000,78540,VERNOUILLET,78,Maison,120,6,381,2022
515940,78180,MONTIGNY LE BRETONNEUX,78,Maison,100,5,130,2022
515940,78180,MONTIGNY LE BRETONNEUX,78,Dépendance,0,0,19,2022
322000,78550,HOUDAN,78,Maison,96,4,360,2022
353000,78660,ABLIS,78,Maison,98,5,744,2022
353000,78660,ABLIS,78,Dépendance,0,0,744,2022
375000,78510,TRIEL SUR SEINE,78,Dépendance,0,0,1169,2022
375000,78510,TRIEL SUR SEINE,78,Maison,105,4,1169,2022
375000,78510,TRIEL SUR SEINE,78,Maison,20,1,1169,2022
1170000,78100,SAINT-GERMAIN-EN-LAYE,78,Maison,211,7,1000,2022
1300000,78100,SAINT-GERMAIN-EN-LAYE,78,Appartement,57,3,210,2022
1300000,78100,SAINT-GERMAIN-EN-LAYE,78,Dépendance,0,0,210,2022
612000,78700,CONFLANS SAINTE HONORINE,78,Maison,116,6,348,2022
305000,78740,VAUX-SUR-SEINE,78,Maison,105,6,410,2022
990000,78800,HOUILLES,78,Maison,88,7,326,2022
990000,78800,HOUILLES,78,Local industriel. commercial ou assimilé,22,0,326,2022
384000,78540,VERNOUILLET,78,Maison,102,5,271,2022
310000,78510,TRIEL SUR SEINE,78,Maison,84,4,204,2022
368000,78480,VERNEUIL SUR SEINE,78,Maison,82,5,527,2022
368000,78480,VERNEUIL SUR SEINE,78,Dépendance,0,0,527,2022
731750,78580,JUMEAUVILLE,78,Dépendance,0,0,419,2022
731750,78580,JUMEAUVILLE,78,Maison,195,5,419,2022
304900,78130,CHAPET,78,Maison,72,4,122,2022
446000,78570,CHANTELOUP-LES-VIGNES,78,Maison,135,5,597,2022
450000,78720,CERNAY-LA-VILLE,78,Maison,139,6,503,2022
450000,78720,CERNAY-LA-VILLE,78,Maison,139,6,500,2022
644050,78870,BAILLY,78,Maison,109,5,512,2022
336550,78760,JOUARS-PONTCHARTRAIN,78,Maison,71,3,151,2022
531000,78180,MONTIGNY LE BRETONNEUX,78,Maison,97,4,209,2022
628500,78640,SAINT-GERMAIN-DE-LA-GRANGE,78,Maison,72,4,142,2022
548000,78660,PRUNAY-EN-YVELINES,78,Maison,110,2,2694,2022
548000,78660,PRUNAY-EN-YVELINES,78,Dépendance,0,0,500,2022
548000,78660,PRUNAY-EN-YVELINES,78,Maison,110,2,500,2022
548000,78660,PRUNAY-EN-YVELINES,78,Dépendance,0,0,2694,2022
275000,78920,ECQUEVILLY,78,Local industriel. commercial ou assimilé,238,0,2000,2022
1067756,78800,HOUILLES,78,Maison,145,6,453,2022
363000,78500,SARTROUVILLE,78,Maison,79,4,175,2022
342500,78650,BEYNES,78,Maison,82,3,429,2022
358000,78930,GOUSSONVILLE,78,Maison,86,5,751,2022
180500,78790,SEPTEUIL,78,Maison,57,3,37,2022
415500,78500,SARTROUVILLE,78,Maison,60,3,111,2022
408000,78700,CONFLANS SAINTE HONORINE,78,Dépendance,0,0,785,2022
408000,78700,CONFLANS SAINTE HONORINE,78,Maison,100,4,785,2022
741000,78630,MORAINVILLIERS,78,Maison,195,4,700,2022
379600,78850,THIVERVAL-GRIGNON,78,Maison,81,4,178,2022
414000,78540,VERNOUILLET,78,Maison,75,4,100,2022
482000,78410,BOUAFLE,78,Maison,165,5,500,2022
482000,78410,BOUAFLE,78,Maison,165,5,549,2022
475000,78610,SAINT-LEGER-EN-YVELINES,78,Maison,100,5,306,2022
717500,78800,HOUILLES,78,Maison,155,6,228,2022
100000,78500,SARTROUVILLE,78,Maison,37,1,295,2022
290000,78800,HOUILLES,78,Maison,36,2,166,2022
290000,78800,HOUILLES,78,Dépendance,0,0,166,2022
335000,78580,MAULE,78,Maison,72,3,320,2022
148000,78270,BENNECOURT,78,Maison,78,3,48,2022
414000,78500,SARTROUVILLE,78,Maison,70,2,514,2022
536411,78500,SARTROUVILLE,78,Dépendance,0,0,600,2022
536411,78500,SARTROUVILLE,78,Maison,131,5,600,2022
503000,78120,RAMBOUILLET,78,Maison,116,5,453,2022
503000,78120,RAMBOUILLET,78,Dépendance,0,0,453,2022
823400,78870,BAILLY,78,Dépendance,0,0,266,2022
823400,78870,BAILLY,78,Maison,146,6,266,2022
910000,78500,SARTROUVILLE,78,Maison,100,7,678,2022
338500,78730,SAINT-ARNOULT-EN-YVELINES,78,Maison,101,5,522,2022
286245,78190,TRAPPES,78,Dépendance,0,0,133,2022
286245,78190,TRAPPES,78,Maison,102,5,133,2022
495000,78570,ANDRESY,78,Maison,92,4,400,2022
550000,78000,VERSAILLES,78,Local industriel. commercial ou assimilé,75,0,41,2022
550000,78000,VERSAILLES,78,Local industriel. commercial ou assimilé,60,0,41,2022
992550,78590,NOISY LE ROI,78,Dépendance,0,0,666,2022
992550,78590,NOISY LE ROI,78,Maison,189,6,666,2022
325000,78730,SAINT-ARNOULT-EN-YVELINES,78,Maison,166,8,631,2022
313322,78125,SAINT-HILARION,78,Maison,96,5,369,2022
297800,78580,JUMEAUVILLE,78,Maison,79,4,214,2022
302400,78120,RAMBOUILLET,78,Dépendance,0,0,139,2022
302400,78120,RAMBOUILLET,78,Maison,64,3,139,2022
713930,78360,MONTESSON,78,Maison,97,4,98,2022
362000,78740,VAUX-SUR-SEINE,78,Dépendance,0,0,424,2022
362000,78740,VAUX-SUR-SEINE,78,Appartement,40,2,424,2022
362000,78740,VAUX-SUR-SEINE,78,Appartement,60,3,424,2022
362000,78740,VAUX-SUR-SEINE,78,Appartement,56,3,424,2022
429800,78260,ACHERES,78,Maison,108,5,258,2022
495100,78890,GARANCIERES,78,Dépendance,0,0,351,2022
495100,78890,GARANCIERES,78,Maison,130,5,351,2022
205000,78840,MOISSON,78,Maison,61,2,77,2022
445000,78890,GARANCIERES,78,Maison,122,6,260,2022
455000,78260,ACHERES,78,Maison,102,6,570,2022
250000,78510,TRIEL SUR SEINE,78,Appartement,38,2,149,2022
250000,78510,TRIEL SUR SEINE,78,Appartement,34,2,149,2022
250000,78510,TRIEL SUR SEINE,78,Appartement,20,1,149,2022
1750000,78300,POISSY,78,Appartement,37,2,660,2022
1750000,78300,POISSY,78,Dépendance,0,0,660,2022
1750000,78300,POISSY,78,Appartement,41,1,660,2022
1750000,78300,POISSY,78,Local industriel. commercial ou assimilé,46,0,660,2022
1750000,78300,POISSY,78,Appartement,23,1,660,2022
1750000,78300,POISSY,78,Appartement,60,3,660,2022
1750000,78300,POISSY,78,Appartement,24,1,660,2022
1750000,78300,POISSY,78,Appartement,36,2,660,2022
1750000,78300,POISSY,78,Appartement,57,2,660,2022
1750000,78300,POISSY,78,Appartement,51,3,660,2022
1750000,78300,POISSY,78,Appartement,38,2,660,2022
1750000,78300,POISSY,78,Local industriel. commercial ou assimilé,97,0,660,2022
1750000,78300,POISSY,78,Local industriel. commercial ou assimilé,31,0,660,2022
1750000,78300,POISSY,78,Local industriel. commercial ou assimilé,15,0,660,2022
1750000,78300,POISSY,78,Appartement,44,2,660,2022
928670,78420,CARRIERES SUR SEINE,78,Maison,149,6,680,2022
470962,78260,ACHERES,78,Maison,148,6,237,2022
545000,78360,MONTESSON,78,Maison,83,5,268,2022
657000,78960,VOISINS-LE-BRETONNEUX,78,Maison,109,5,283,2022
675000,78870,BAILLY,78,Maison,120,5,448,2022
576000,78160,MARLY-LE-ROI,78,Maison,80,4,335,2022
576000,78160,MARLY-LE-ROI,78,Dépendance,0,0,335,2022
310000,78955,CARRIERES SOUS POISSY,78,Maison,79,4,215,2022
399900,78260,ACHERES,78,Maison,78,4,188,2022
340000,78980,TERTRE-SAINT-DENIS (LE),78,Maison,133,4,500,2022
340000,78980,TERTRE-SAINT-DENIS (LE),78,Maison,133,4,1001,2022
532000,78120,RAMBOUILLET,78,Maison,93,4,820,2022
1350000,78670,VILLENNES-SUR-SEINE,78,Maison,199,6,500,2022
1350000,78670,VILLENNES-SUR-SEINE,78,Maison,199,6,1000,2022
1350000,78670,VILLENNES-SUR-SEINE,78,Dépendance,0,0,500,2022
1350000,78670,VILLENNES-SUR-SEINE,78,Dépendance,0,0,1000,2022
243000,78250,HARDRICOURT,78,Maison,28,3,683,2022
858635,78140,VELIZY VILLACOUBLAY,78,Maison,126,5,250,2022
550000,78790,SEPTEUIL,78,Maison,192,6,350,2022
263800,78490,BOISSY-SANS-AVOIR,78,Maison,99,3,99,2022
765660,78540,VERNOUILLET,78,Dépendance,0,0,915,2022
765660,78540,VERNOUILLET,78,Maison,194,7,915,2022
1055300,78220,VIROFLAY,78,Maison,125,7,298,2022
542538,78800,HOUILLES,78,Maison,80,4,358,2022
246139,78920,ECQUEVILLY,78,Maison,68,4,247,2022
793000,78800,HOUILLES,78,Maison,138,7,406,2022
165000,78730,LONGVILLIERS,78,Maison,74,3,500,2022
335000,78190,TRAPPES,78,Maison,27,1,302,2022
335000,78190,TRAPPES,78,Maison,138,5,302,2022
315000,78130,MUREAUX (LES),78,Maison,91,4,18,2022
315000,78130,MUREAUX (LES),78,Maison,91,4,673,2022
634000,78200,MANTES-LA-JOLIE,78,Dépendance,0,0,672,2022
634000,78200,MANTES-LA-JOLIE,78,Maison,150,7,672,2022
1,78840,FRENEUSE,78,Maison,40,2,101,2022
295000,78250,MEZY-SUR-SEINE,78,Maison,115,6,250,2022
510000,78180,MONTIGNY LE BRETONNEUX,78,Maison,89,4,313,2022
293000,78980,BREVAL,78,Maison,102,5,500,2022
293000,78980,BREVAL,78,Maison,102,5,671,2022
468750,78700,CONFLANS SAINTE HONORINE,78,Maison,108,5,276,2022
1351200,78117,CHATEAUFORT,78,Maison,360,14,500,2022
1351200,78117,CHATEAUFORT,78,Maison,360,14,2591,2022
1367200,78620,ETANG-LA-VILLE (L ),78,Maison,238,7,777,2022
1367200,78620,ETANG-LA-VILLE (L ),78,Maison,238,7,616,2022
342900,78200,FLACOURT,78,Maison,113,6,606,2022
342900,78200,FLACOURT,78,Dépendance,0,0,606,2022
342900,78200,FLACOURT,78,Maison,113,6,500,2022
342900,78200,FLACOURT,78,Dépendance,0,0,500,2022
425000,78200,PERDREAUVILLE,78,Maison,126,5,321,2022
333300,78310,MAUREPAS,78,Maison,89,4,132,2022
333300,78310,MAUREPAS,78,Dépendance,0,0,132,2022
442258,78570,ANDRESY,78,Maison,145,6,288,2022
672000,78160,MARLY-LE-ROI,78,Maison,112,6,132,2022
265000,78440,GARGENVILLE,78,Maison,69,4,351,2022
695500,78800,HOUILLES,78,Maison,118,5,199,2022
403600,78320,MESNIL-SAINT-DENIS (LE),78,Dépendance,0,0,707,2022
403600,78320,MESNIL-SAINT-DENIS (LE),78,Maison,144,6,707,2022
305000,78680,EPONE,78,Maison,75,4,613,2022
218000,78510,TRIEL SUR SEINE,78,Dépendance,0,0,217,2022
218000,78510,TRIEL SUR SEINE,78,Maison,197,8,217,2022
270000,78440,GARGENVILLE,78,Maison,77,4,500,2022
270000,78440,GARGENVILLE,78,Maison,77,4,338,2022
485000,78800,HOUILLES,78,Dépendance,0,0,501,2022
485000,78800,HOUILLES,78,Maison,62,2,501,2022
82500,78660,BOINVILLE-LE-GAILLARD,78,Maison,123,7,763,2022
403042,78500,SARTROUVILLE,78,Local industriel. commercial ou assimilé,935,0,254,2022
424500,78440,JAMBVILLE,78,Maison,107,4,500,2022
424500,78440,JAMBVILLE,78,Maison,107,4,517,2022
424500,78440,JAMBVILLE,78,Dépendance,0,0,517,2022
424500,78440,JAMBVILLE,78,Dépendance,0,0,500,2022
218750,78520,LIMAY,78,Maison,75,3,156,2022
635000,78700,CONFLANS SAINTE HONORINE,78,Maison,136,6,369,2022
503500,78760,JOUARS-PONTCHARTRAIN,78,Dépendance,0,0,185,2022
503500,78760,JOUARS-PONTCHARTRAIN,78,Maison,159,6,185,2022
256000,78680,EPONE,78,Dépendance,0,0,332,2022
256000,78680,EPONE,78,Maison,50,3,332,2022
336000,78440,GARGENVILLE,78,Maison,99,5,581,2022
470000,78640,SAINT-GERMAIN-DE-LA-GRANGE,78,Maison,128,4,995,2022
470000,78640,SAINT-GERMAIN-DE-LA-GRANGE,78,Maison,36,2,500,2022
470000,78640,SAINT-GERMAIN-DE-LA-GRANGE,78,Dépendance,0,0,500,2022
470000,78640,SAINT-GERMAIN-DE-LA-GRANGE,78,Maison,128,4,500,2022
470000,78640,SAINT-GERMAIN-DE-LA-GRANGE,78,Maison,36,2,995,2022
470000,78640,SAINT-GERMAIN-DE-LA-GRANGE,78,Dépendance,0,0,995,2022
382000,78770,AUTOUILLET,78,Maison,103,5,627,2022
382000,78770,AUTOUILLET,78,Dépendance,0,0,627,2022
444000,78210,SAINT-CYR-L ECOLE,78,Maison,83,4,112,2022
336507,78310,COIGNIERES,78,Maison,99,5,233,2022
570800,78500,SARTROUVILLE,78,Maison,97,4,244,2022
570800,78500,SARTROUVILLE,78,Dépendance,0,0,244,2022
1500000,78800,HOUILLES,78,Local industriel. commercial ou assimilé,393,0,265,2022
705025,78180,MONTIGNY LE BRETONNEUX,78,Maison,167,7,356,2022
235000,78200,MANTES-LA-JOLIE,78,Maison,57,3,118,2022
387700,78330,FONTENAY LE FLEURY,78,Maison,63,4,372,2022
284000,78711,MANTES-LA-VILLE,78,Maison,80,4,253,2022
284000,78711,MANTES-LA-VILLE,78,Dépendance,0,0,253,2022
425000,78200,MANTES-LA-JOLIE,78,Maison,115,5,329,2022
321000,78711,MANTES-LA-VILLE,78,Dépendance,0,0,409,2022
321000,78711,MANTES-LA-VILLE,78,Maison,61,4,409,2022
425000,78200,BUCHELAY,78,Maison,130,5,557,2022
250000,78440,GARGENVILLE,78,Maison,135,5,130,2022
250000,78440,GARGENVILLE,78,Dépendance,0,0,130,2022
266000,78200,MAGNANVILLE,78,Maison,88,4,437,2022
510000,78200,MENERVILLE,78,Maison,169,5,500,2022
510000,78200,MENERVILLE,78,Maison,169,5,1681,2022
1,78310,COIGNIERES,78,Local industriel. commercial ou assimilé,750,0,2940,2022
1080000,78220,VIROFLAY,78,Maison,180,8,400,2022
850000,78680,EPONE,78,Dépendance,0,0,520,2022
850000,78680,EPONE,78,Maison,152,5,520,2022
615000,78800,HOUILLES,78,Maison,126,4,376,2022
530000,78480,VERNEUIL SUR SEINE,78,Maison,84,4,610,2022
954263,78750,MAREIL-MARLY,78,Maison,146,6,500,2022
954263,78750,MAREIL-MARLY,78,Maison,146,6,263,2022
786850,78460,CHEVREUSE,78,Dépendance,0,0,805,2022
786850,78460,CHEVREUSE,78,Maison,145,6,805,2022
358400,78410,AUBERGENVILLE,78,Maison,93,4,183,2022
325000,78790,SEPTEUIL,78,Maison,91,4,500,2022
325000,78790,SEPTEUIL,78,Maison,91,4,1149,2022
650000,78500,SARTROUVILLE,78,Dépendance,0,0,410,2022
650000,78500,SARTROUVILLE,78,Maison,108,4,555,2022
650000,78500,SARTROUVILLE,78,Dépendance,0,0,555,2022
620000,78120,RAMBOUILLET,78,Maison,147,6,403,2022
1200500,78290,CROISSY SUR SEINE,78,Maison,153,8,492,2022
529000,78130,MUREAUX (LES),78,Maison,300,9,519,2022
825000,78500,SARTROUVILLE,78,Maison,190,5,448,2022
850650,78860,SAINT-NOM-LA-BRETECHE,78,Maison,170,7,723,2022
980000,78170,CELLE-SAINT-CLOUD (LA),78,Local industriel. commercial ou assimilé,247,0,126,2022
315000,78450,VILLEPREUX,78,Maison,90,5,132,2022
745269,78430,LOUVECIENNES,78,Dépendance,0,0,701,2022
745269,78430,LOUVECIENNES,78,Maison,25,2,701,2022
745269,78430,LOUVECIENNES,78,Maison,114,6,701,2022
445500,78510,TRIEL SUR SEINE,78,Dépendance,0,0,213,2022
445500,78510,TRIEL SUR SEINE,78,Maison,143,4,213,2022
665500,78760,JOUARS-PONTCHARTRAIN,78,Maison,186,7,1002,2022
665500,78760,JOUARS-PONTCHARTRAIN,78,Maison,186,7,500,2022
419000,78540,VERNOUILLET,78,Maison,88,6,333,2022
438000,78990,ELANCOURT,78,Maison,119,6,459,2022
315000,78550,HOUDAN,78,Dépendance,0,0,148,2022
490000,78340,CLAYES-SOUS-BOIS (LES),78,Maison,117,5,427,2022
582050,78700,CONFLANS SAINTE HONORINE,78,Dépendance,0,0,500,2022
582050,78700,CONFLANS SAINTE HONORINE,78,Maison,158,5,341,2022
582050,78700,CONFLANS SAINTE HONORINE,78,Dépendance,0,0,341,2022
582050,78700,CONFLANS SAINTE HONORINE,78,Maison,158,5,500,2022
289860,78990,ELANCOURT,78,Maison,65,4,508,2022
491000,78770,THOIRY,78,Maison,107,5,2500,2022
491000,78770,THOIRY,78,Maison,107,5,565,2022
560000,78910,ORGERUS,78,Maison,135,6,100,2022
560000,78910,ORGERUS,78,Dépendance,0,0,100,2022
560000,78910,ORGERUS,78,Dépendance,0,0,162,2022
1169200,78630,ORGEVAL,78,Maison,169,5,948,2022
281000,78730,SAINT-ARNOULT-EN-YVELINES,78,Maison,110,6,747,2022
615000,78500,SARTROUVILLE,78,Maison,134,4,340,2022
417000,78580,MAULE,78,Maison,69,3,574,2022
672473,78360,MONTESSON,78,Maison,110,5,200,2022
700000,78630,ORGEVAL,78,Dépendance,0,0,500,2022
700000,78630,ORGEVAL,78,Maison,103,5,899,2022
700000,78630,ORGEVAL,78,Dépendance,0,0,899,2022
700000,78630,ORGEVAL,78,Maison,103,5,500,2022
570740,78500,SARTROUVILLE,78,Maison,55,3,325,2022
449700,78730,SAINT-ARNOULT-EN-YVELINES,78,Maison,146,7,1059,2022
428500,78800,HOUILLES,78,Maison,75,3,125,2022
451863,78420,CARRIERES SUR SEINE,78,Maison,48,3,237,2022
449000,78800,HOUILLES,78,Maison,70,3,115,2022
225000,78200,MAGNANVILLE,78,Maison,77,4,333,2022
345740,78990,ELANCOURT,78,Dépendance,0,0,44,2022
345740,78990,ELANCOURT,78,Maison,86,4,168,2022
290000,78270,BENNECOURT,78,Dépendance,0,0,500,2022
290000,78270,BENNECOURT,78,Maison,65,3,350,2022
290000,78270,BENNECOURT,78,Dépendance,0,0,350,2022
290000,78270,BENNECOURT,78,Maison,65,3,500,2022
195000,78711,MANTES-LA-VILLE,78,Maison,60,3,174,2022
420650,78500,SARTROUVILLE,78,Maison,112,5,481,2022
316500,78410,AUBERGENVILLE,78,Maison,80,4,141,2022
455000,78720,SENLISSE,78,Maison,116,4,211,2022
455000,78720,SENLISSE,78,Maison,116,4,264,2022
580000,78500,SARTROUVILLE,78,Maison,70,3,915,2022
501500,78400,CHATOU,78,Maison,79,5,107,2022
215000,78650,BEYNES,78,Maison,80,5,60,2022
238000,78711,MANTES-LA-VILLE,78,Maison,91,4,144,2022
170000,78711,MANTES-LA-VILLE,78,Maison,72,4,452,2022
146310,78910,TACOIGNIERES,78,Maison,67,2,205,2022
146310,78910,TACOIGNIERES,78,Dépendance,0,0,205,2022
146310,78910,TACOIGNIERES,78,Maison,27,1,126,2022
865000,78450,CHAVENAY,78,Maison,223,8,850,2022
865000,78450,CHAVENAY,78,Maison,223,8,200,2022
865000,78450,CHAVENAY,78,Dépendance,0,0,3065,2022
865000,78450,CHAVENAY,78,Dépendance,0,0,600,2022
865000,78450,CHAVENAY,78,Dépendance,0,0,4172,2022
239700,78520,LIMAY,78,Maison,50,2,204,2022
858350,78400,CHATOU,78,Maison,80,4,459,2022
485000,78700,CONFLANS SAINTE HONORINE,78,Maison,74,2,516,2022
210000,78390,BOIS D ARCY,78,Maison,75,4,81,2022
253000,78570,CHANTELOUP-LES-VIGNES,78,Maison,86,4,201,2022
195000,78650,BEYNES,78,Maison,44,3,307,2022
195000,78650,BEYNES,78,Maison,58,3,307,2022
578000,78310,MAUREPAS,78,Maison,189,6,777,2022
565000,78740,VAUX-SUR-SEINE,78,Maison,177,5,592,2022
565000,78740,VAUX-SUR-SEINE,78,Maison,177,5,500,2022
290000,78300,POISSY,78,Maison,55,3,181,2022
290000,78300,POISSY,78,Dépendance,0,0,181,2022
452650,78320,MESNIL-SAINT-DENIS (LE),78,Maison,132,6,669,2022
254500,78860,SAINT-NOM-LA-BRETECHE,78,Maison,56,2,33,2022
390200,78410,AUBERGENVILLE,78,Maison,81,4,278,2022
190000,78130,MUREAUX (LES),78,Maison,77,4,74,2022
438100,78710,ROSNY-SUR-SEINE,78,Maison,240,7,1402,2022
438100,78710,ROSNY-SUR-SEINE,78,Maison,240,7,500,2022
438100,78710,ROSNY-SUR-SEINE,78,Dépendance,0,0,500,2022
438100,78710,ROSNY-SUR-SEINE,78,Dépendance,0,0,1402,2022
930150,78620,ETANG-LA-VILLE (L ),78,Maison,140,5,749,2022
930150,78620,ETANG-LA-VILLE (L ),78,Maison,140,5,500,2022
495000,78114,MAGNY-LES-HAMEAUX,78,Maison,125,6,530,2022
942880,78750,MAREIL-MARLY,78,Maison,165,6,580,2022
337000,78800,HOUILLES,78,Dépendance,0,0,87,2022
337000,78800,HOUILLES,78,Appartement,35,2,87,2022
337000,78800,HOUILLES,78,Maison,87,4,87,2022
491000,78200,MANTES-LA-JOLIE,78,Dépendance,0,0,351,2022
491000,78200,MANTES-LA-JOLIE,78,Maison,171,6,351,2022
360000,78410,BOUAFLE,78,Dépendance,0,0,500,2022
360000,78410,BOUAFLE,78,Maison,86,3,500,2022
360000,78410,BOUAFLE,78,Maison,86,3,1065,2022
360000,78410,BOUAFLE,78,Dépendance,0,0,1065,2022
450000,78200,FLACOURT,78,Dépendance,0,0,6838,2022
450000,78200,FLACOURT,78,Maison,190,6,6838,2022
190000,78200,MANTES-LA-JOLIE,78,Dépendance,0,0,97,2022
190000,78200,MANTES-LA-JOLIE,78,Dépendance,0,0,47,2022
346235,78990,ELANCOURT,78,Maison,97,4,296,2022
377500,78740,VAUX-SUR-SEINE,78,Maison,152,7,484,2022
200000,78370,PLAISIR,78,Maison,158,6,144,2022
200000,78370,PLAISIR,78,Maison,158,6,850,2022
385000,78220,VIROFLAY,78,Dépendance,0,0,548,2022
331600,78310,MAUREPAS,78,Dépendance,0,0,138,2022
331600,78310,MAUREPAS,78,Maison,105,5,138,2022
432100,78120,RAMBOUILLET,78,Maison,118,5,232,2022
530700,78760,JOUARS-PONTCHARTRAIN,78,Maison,139,5,790,2022
301100,78130,MUREAUX (LES),78,Maison,48,3,426,2022
392320,78720,DAMPIERRE-EN-YVELINES,78,Maison,129,6,571,2022
277700,78980,BREVAL,78,Maison,88,5,500,2022
277700,78980,BREVAL,78,Dépendance,0,0,500,2022
277700,78980,BREVAL,78,Dépendance,0,0,501,2022
277700,78980,BREVAL,78,Maison,88,5,501,2022
279900,78711,MANTES-LA-VILLE,78,Maison,91,4,224,2022
1250000,78110,VESINET (LE),78,Maison,114,3,519,2022
85000,78130,MUREAUX (LES),78,Dépendance,0,0,72,2022
85000,78130,MUREAUX (LES),78,Appartement,35,2,72,2022
319300,78270,LIMETZ-VILLEZ,78,Dépendance,0,0,328,2022
319300,78270,LIMETZ-VILLEZ,78,Maison,117,4,328,2022
295000,78520,FOLLAINVILLE-DENNEMONT,78,Maison,103,5,571,2022
295000,78520,FOLLAINVILLE-DENNEMONT,78,Maison,103,5,500,2022
212000,78520,LIMAY,78,Maison,67,4,285,2022
212000,78520,LIMAY,78,Maison,67,4,402,2022
340000,78820,JUZIERS,78,Maison,140,4,638,2022
685000,78720,CELLE-LES-BORDES (LA),78,Dépendance,0,0,972,2022
685000,78720,CELLE-LES-BORDES (LA),78,Maison,169,6,972,2022
685000,78720,CELLE-LES-BORDES (LA),78,Local industriel. commercial ou assimilé,15,0,972,2022
277500,78360,MONTESSON,78,Appartement,40,1,204,2022
1105000,78110,VESINET (LE),78,Dépendance,0,0,138,2022
1105000,78110,VESINET (LE),78,Maison,155,7,138,2022
1105000,78110,VESINET (LE),78,Dépendance,0,0,945,2022
1105000,78110,VESINET (LE),78,Maison,155,7,945,2022
265400,78520,LIMAY,78,Maison,74,4,390,2022
650000,78390,BOIS D ARCY,78,Maison,145,5,363,2022
490000,78120,RAMBOUILLET,78,Maison,116,5,535,2022
470000,78360,MONTESSON,78,Maison,76,3,74,2022
220000,78640,NEAUPHLE-LE-CHATEAU,78,Dépendance,0,0,374,2022
220000,78640,NEAUPHLE-LE-CHATEAU,78,Maison,48,3,374,2022
13000000,78280,GUYANCOURT,78,Maison,96,4,229,2022
13000000,78280,GUYANCOURT,78,Maison,125,6,223,2022
13000000,78280,GUYANCOURT,78,Maison,125,6,241,2022
13000000,78280,GUYANCOURT,78,Maison,96,4,220,2022
13000000,78280,GUYANCOURT,78,Maison,96,4,265,2022
13000000,78280,GUYANCOURT,78,Maison,100,5,249,2022
13000000,78280,GUYANCOURT,78,Maison,100,5,225,2022
13000000,78280,GUYANCOURT,78,Maison,100,5,365,2022
13000000,78280,GUYANCOURT,78,Maison,100,5,496,2022
13000000,78280,GUYANCOURT,78,Maison,100,5,900,2022
13000000,78280,GUYANCOURT,78,Maison,100,5,361,2022
13000000,78280,GUYANCOURT,78,Maison,100,5,335,2022
13000000,78280,GUYANCOURT,78,Maison,100,5,238,2022
13000000,78280,GUYANCOURT,78,Maison,100,5,256,2022
13000000,78280,GUYANCOURT,78,Maison,100,5,274,2022
13000000,78280,GUYANCOURT,78,Maison,100,5,517,2022
13000000,78280,GUYANCOURT,78,Maison,100,5,265,2022
13000000,78280,GUYANCOURT,78,Maison,100,5,286,2022
13000000,78280,GUYANCOURT,78,Maison,123,5,294,2022
13000000,78280,GUYANCOURT,78,Maison,96,4,286,2022
13000000,78280,GUYANCOURT,78,Maison,96,4,269,2022
13000000,78280,GUYANCOURT,78,Maison,96,4,251,2022
13000000,78280,GUYANCOURT,78,Maison,96,4,235,2022
13000000,78280,GUYANCOURT,78,Maison,96,4,732,2022
13000000,78280,GUYANCOURT,78,Maison,96,4,224,2022
13000000,78280,GUYANCOURT,78,Maison,96,4,182,2022
13000000,78280,GUYANCOURT,78,Maison,96,4,185,2022
13000000,78280,GUYANCOURT,78,Maison,96,4,188,2022
13000000,78280,GUYANCOURT,78,Maison,96,4,227,2022
13000000,78280,GUYANCOURT,78,Maison,80,4,840,2022
13000000,78280,GUYANCOURT,78,Maison,63,3,840,2022
13000000,78280,GUYANCOURT,78,Maison,96,5,840,2022
250000,78910,ORVILLIERS,78,Maison,72,1,500,2022
250000,78910,ORVILLIERS,78,Maison,72,1,357,2022
250000,78910,ORVILLIERS,78,Dépendance,0,0,500,2022
250000,78910,ORVILLIERS,78,Dépendance,0,0,357,2022
540900,78300,POISSY,78,Maison,91,5,397,2022
313900,78510,TRIEL SUR SEINE,78,Dépendance,0,0,286,2022
313900,78510,TRIEL SUR SEINE,78,Maison,34,2,286,2022
520300,78720,DAMPIERRE-EN-YVELINES,78,Maison,92,5,1000,2022
520300,78720,DAMPIERRE-EN-YVELINES,78,Maison,92,5,493,2022
930000,78530,BUC,78,Maison,160,4,500,2022
930000,78530,BUC,78,Dépendance,0,0,1011,2022
930000,78530,BUC,78,Maison,160,4,1011,2022
930000,78530,BUC,78,Dépendance,0,0,500,2022
692000,78360,MONTESSON,78,Maison,137,6,229,2022
1094500,78670,MEDAN,78,Maison,255,5,604,2022
1094500,78670,MEDAN,78,Maison,255,5,1000,2022
1100000,78760,JOUARS-PONTCHARTRAIN,78,Local industriel. commercial ou assimilé,2457,0,3685,2022
491000,78300,POISSY,78,Maison,95,5,477,2022
445000,78360,MONTESSON,78,Maison,43,3,260,2022
445000,78360,MONTESSON,78,Maison,120,7,260,2022
473336,78490,GALLUIS,78,Maison,110,4,326,2022
480000,78890,GARANCIERES,78,Maison,241,5,500,2022
480000,78890,GARANCIERES,78,Maison,241,5,3454,2022
505170,78640,NEAUPHLE-LE-VIEUX,78,Maison,72,5,391,2022
844500,78000,VERSAILLES,78,Maison,102,5,99,2022
702500,78670,VILLENNES-SUR-SEINE,78,Maison,145,8,642,2022
405000,78260,ACHERES,78,Dépendance,0,0,547,2022
405000,78260,ACHERES,78,Maison,120,5,547,2022
274000,78113,BOURDONNE,78,Maison,64,4,1000,2022
274000,78113,BOURDONNE,78,Maison,64,4,1017,2022
493149,78920,ECQUEVILLY,78,Maison,96,4,752,2022
450000,78570,CHANTELOUP-LES-VIGNES,78,Maison,105,5,813,2022
450000,78570,CHANTELOUP-LES-VIGNES,78,Dépendance,0,0,813,2022
440000,78180,MONTIGNY LE BRETONNEUX,78,Maison,83,5,471,2022
660000,78840,FRENEUSE,78,Local industriel. commercial ou assimilé,747,0,2717,2022
1412077,78000,VERSAILLES,78,Local industriel. commercial ou assimilé,283,0,689,2022
1412077,78000,VERSAILLES,78,Local industriel. commercial ou assimilé,208,0,689,2022
1412077,78000,VERSAILLES,78,Local industriel. commercial ou assimilé,172,0,689,2022
1412077,78000,VERSAILLES,78,Local industriel. commercial ou assimilé,210,0,689,2022
706050,78800,HOUILLES,78,Maison,131,6,280,2022
850000,78630,ORGEVAL,78,Maison,30,1,2061,2022
850000,78630,ORGEVAL,78,Maison,30,1,500,2022
520000,78500,SARTROUVILLE,78,Maison,63,3,323,2022
160000,78640,VILLIERS-SAINT-FREDERIC,78,Maison,45,1,112,2022
1056000,78400,CHATOU,78,Maison,125,5,436,2022
570000,78540,VERNOUILLET,78,Maison,120,6,353,2022
666700,78790,SEPTEUIL,78,Maison,217,6,5453,2022
666700,78790,SEPTEUIL,78,Maison,217,6,500,2022
666700,78790,SEPTEUIL,78,Dépendance,0,0,49,2022
666700,78790,SEPTEUIL,78,Dépendance,0,0,2556,2022
380000,78280,GUYANCOURT,78,Maison,105,5,467,2022
360000,78420,CARRIERES SUR SEINE,78,Maison,59,3,184,2022
250000,78790,SEPTEUIL,78,Maison,60,2,908,2022
549000,78490,MESNULS (LES),78,Maison,173,5,500,2022
549000,78490,MESNULS (LES),78,Maison,173,5,2504,2022
400000,78500,SARTROUVILLE,78,Maison,95,5,205,2022
561000,78800,HOUILLES,78,Maison,77,4,353,2022
280000,78910,TACOIGNIERES,78,Maison,140,3,410,2022
599700,78370,PLAISIR,78,Maison,185,6,749,2022
460000,78910,TACOIGNIERES,78,Maison,104,4,630,2022
460000,78910,TACOIGNIERES,78,Maison,104,4,2000,2022
325000,78780,MAURECOURT,78,Maison,75,3,451,2022
1725000,78110,VESINET (LE),78,Maison,236,7,465,2022
1725000,78110,VESINET (LE),78,Maison,236,7,535,2022
471300,78700,CONFLANS SAINTE HONORINE,78,Maison,93,4,300,2022
317000,78360,MONTESSON,78,Dépendance,0,0,178,2022
317000,78360,MONTESSON,78,Appartement,24,2,178,2022
260000,78550,HOUDAN,78,Dépendance,0,0,95,2022
260000,78550,HOUDAN,78,Maison,60,3,95,2022
561800,78280,GUYANCOURT,78,Maison,106,5,331,2022
105000,78820,JUZIERS,78,Maison,52,4,46,2022
105000,78820,JUZIERS,78,Dépendance,0,0,46,2022
330000,78500,SARTROUVILLE,78,Dépendance,0,0,456,2022
330000,78500,SARTROUVILLE,78,Maison,74,3,456,2022
1107000,78240,AIGREMONT,78,Maison,140,5,500,2022
1107000,78240,AIGREMONT,78,Maison,140,5,1576,2022
208500,78740,VAUX-SUR-SEINE,78,Maison,60,2,446,2022
442000,78970,MEZIERES-SUR-SEINE,78,Maison,109,5,200,2022
442000,78970,MEZIERES-SUR-SEINE,78,Maison,109,5,500,2022
250000,78250,MEULAN-EN-YVELINES,78,Maison,110,6,422,2022
304000,78670,MEDAN,78,Maison,102,6,80,2022
304000,78670,MEDAN,78,Maison,102,6,530,2022
661000,78500,SARTROUVILLE,78,Maison,126,5,478,2022
516540,78700,CONFLANS SAINTE HONORINE,78,Dépendance,0,0,403,2022
516540,78700,CONFLANS SAINTE HONORINE,78,Maison,136,4,403,2022
237000,78711,MANTES-LA-VILLE,78,Maison,94,4,182,2022
390408,78120,RAMBOUILLET,78,Dépendance,0,0,665,2022
390408,78120,RAMBOUILLET,78,Maison,74,3,665,2022
1164500,78170,CELLE-SAINT-CLOUD (LA),78,Maison,237,7,835,2022
1164500,78170,CELLE-SAINT-CLOUD (LA),78,Maison,237,7,202,2022
260000,78711,MANTES-LA-VILLE,78,Maison,94,4,163,2022
747753,78800,HOUILLES,78,Maison,73,4,354,2022
550800,78470,SAINT-REMY-LES-CHEVREUSE,78,Maison,143,6,667,2022
470000,78800,HOUILLES,78,Dépendance,0,0,263,2022
470000,78800,HOUILLES,78,Maison,84,5,263,2022
3200000,78000,VERSAILLES,78,Local industriel. commercial ou assimilé,210,0,689,2022
3200000,78000,VERSAILLES,78,Local industriel. commercial ou assimilé,283,0,689,2022
3200000,78000,VERSAILLES,78,Local industriel. commercial ou assimilé,208,0,689,2022
3200000,78000,VERSAILLES,78,Local industriel. commercial ou assimilé,172,0,689,2022
610000,78150,LE CHESNAY-ROCQUENCOURT,78,Maison,115,5,221,2022
1138900,78220,VIROFLAY,78,Maison,110,5,355,2022
157500,78270,BONNIERES-SUR-SEINE,78,Maison,120,4,105,2022
157500,78270,BONNIERES-SUR-SEINE,78,Dépendance,0,0,105,2022
351000,78800,HOUILLES,78,Maison,37,2,240,2022
597650,78200,BUCHELAY,78,Dépendance,0,0,318,2022
597650,78200,BUCHELAY,78,Maison,120,6,318,2022
1825000,78000,VERSAILLES,78,Local industriel. commercial ou assimilé,712,0,944,2022
775000,78800,HOUILLES,78,Maison,113,4,319,2022
270000,78520,LIMAY,78,Maison,81,5,427,2022
350000,78440,GARGENVILLE,78,Maison,85,5,646,2022
347920,78440,ISSOU,78,Maison,85,4,500,2022
319000,78710,ROSNY-SUR-SEINE,78,Maison,112,5,376,2022
372000,78520,LIMAY,78,Maison,140,5,354,2022
324000,78990,ELANCOURT,78,Maison,94,4,155,2022
469000,78440,JAMBVILLE,78,Dépendance,0,0,375,2022
469000,78440,JAMBVILLE,78,Maison,158,7,375,2022
340000,78570,ANDRESY,78,Maison,94,5,400,2022
805000,78960,VOISINS-LE-BRETONNEUX,78,Maison,215,8,565,2022
315000,78510,TRIEL SUR SEINE,78,Maison,69,5,76,2022
338396,78570,ANDRESY,78,Local industriel. commercial ou assimilé,65,0,6102,2022
270770,78660,BOINVILLE-LE-GAILLARD,78,Maison,83,4,340,2022
412750,78320,MESNIL-SAINT-DENIS (LE),78,Maison,114,5,274,2022
183000,78440,FONTENAY-SAINT-PERE,78,Maison,124,5,182,2022
232000,78790,ARNOUVILLE-LES-MANTES,78,Maison,85,4,72,2022
435900,78210,SAINT-CYR-L ECOLE,78,Maison,75,3,306,2022
435900,78210,SAINT-CYR-L ECOLE,78,Maison,10,1,306,2022
230000,78711,MANTES-LA-VILLE,78,Maison,94,4,164,2022
268000,78200,MAGNANVILLE,78,Maison,93,5,630,2022
1290000,78100,SAINT-GERMAIN-EN-LAYE,78,Maison,245,6,99,2022
318000,78730,SAINT-ARNOULT-EN-YVELINES,78,Maison,108,5,551,2022
618000,78630,ORGEVAL,78,Maison,100,5,567,2022
237000,78660,ABLIS,78,Dépendance,0,0,334,2022
237000,78660,ABLIS,78,Maison,78,4,334,2022
594000,78450,VILLEPREUX,78,Maison,125,5,320,2022
594000,78450,VILLEPREUX,78,Dépendance,0,0,320,2022
386000,78930,GUERVILLE,78,Maison,150,6,755,2022
565300,78730,SAINT-ARNOULT-EN-YVELINES,78,Maison,166,6,500,2022
376000,78920,ECQUEVILLY,78,Maison,121,5,415,2022
343000,78730,SAINT-ARNOULT-EN-YVELINES,78,Maison,92,4,717,2022
695000,78460,CHEVREUSE,78,Maison,149,5,835,2022
695000,78460,CHEVREUSE,78,Maison,149,5,500,2022
413900,78650,BEYNES,78,Maison,100,5,435,2022
595000,78450,VILLEPREUX,78,Maison,135,6,687,2022
232787,78700,CONFLANS SAINTE HONORINE,78,Maison,78,4,512,2022
466800,78340,CLAYES-SOUS-BOIS (LES),78,Maison,105,5,291,2022
441580,78260,ACHERES,78,Dépendance,0,0,233,2022
441580,78260,ACHERES,78,Maison,113,5,233,2022
388000,78340,CLAYES-SOUS-BOIS (LES),78,Maison,120,5,217,2022
380000,78330,FONTENAY LE FLEURY,78,Maison,80,5,280,2022
353450,78510,TRIEL SUR SEINE,78,Maison,65,3,500,2022
353450,78510,TRIEL SUR SEINE,78,Maison,65,3,173,2022
740400,78380,BOUGIVAL,78,Maison,88,4,204,2022
450000,78510,TRIEL SUR SEINE,78,Maison,169,7,1280,2022
450000,78510,TRIEL SUR SEINE,78,Maison,169,7,104,2022
596000,78490,BAZOCHES-SUR-GUYONNE,78,Maison,215,5,500,2022
596000,78490,BAZOCHES-SUR-GUYONNE,78,Dépendance,0,0,500,2022
596000,78490,BAZOCHES-SUR-GUYONNE,78,Dépendance,0,0,1179,2022
596000,78490,BAZOCHES-SUR-GUYONNE,78,Maison,215,5,1179,2022
516000,78490,MONTFORT-L AMAURY,78,Maison,150,7,511,2022
516000,78490,MONTFORT-L AMAURY,78,Local industriel. commercial ou assimilé,0,0,2338,2022
520000,78430,LOUVECIENNES,78,Dépendance,0,0,431,2022
520000,78430,LOUVECIENNES,78,Maison,109,4,431,2022
960000,78110,VESINET (LE),78,Maison,110,4,312,2022
342500,78800,HOUILLES,78,Maison,68,3,151,2022
342500,78800,HOUILLES,78,Dépendance,0,0,151,2022
399000,78650,BEYNES,78,Maison,136,6,691,2022
399000,78650,BEYNES,78,Dépendance,0,0,691,2022
283000,78113,CONDE-SUR-VESGRE,78,Maison,77,4,1544,2022
283000,78113,CONDE-SUR-VESGRE,78,Dépendance,0,0,500,2022
283000,78113,CONDE-SUR-VESGRE,78,Maison,77,4,500,2022
283000,78113,CONDE-SUR-VESGRE,78,Dépendance,0,0,1544,2022
310000,78113,CONDE-SUR-VESGRE,78,Maison,92,4,900,2022
150000,78440,DROCOURT,78,Dépendance,0,0,280,2022
150000,78440,DROCOURT,78,Maison,92,4,280,2022
4300000,78290,CROISSY SUR SEINE,78,Appartement,70,3,260,2022
4300000,78290,CROISSY SUR SEINE,78,Appartement,135,2,260,2022
4300000,78290,CROISSY SUR SEINE,78,Dépendance,0,0,260,2022
449000,78730,SAINTE-MESME,78,Dépendance,0,0,123,2022
449000,78730,SAINTE-MESME,78,Maison,90,4,123,2022
337000,78680,EPONE,78,Maison,114,5,356,2022
992500,78860,SAINT-NOM-LA-BRETECHE,78,Dépendance,0,0,1105,2022
992500,78860,SAINT-NOM-LA-BRETECHE,78,Maison,148,5,1105,2022
345250,78550,GRESSEY,78,Maison,90,4,500,2022
345250,78550,GRESSEY,78,Dépendance,0,0,500,2022
345250,78550,GRESSEY,78,Maison,90,4,330,2022
345250,78550,GRESSEY,78,Dépendance,0,0,330,2022
231700,78520,LIMAY,78,Maison,75,4,287,2022
862850,78590,NOISY LE ROI,78,Maison,250,7,639,2022
300000,78280,GUYANCOURT,78,Maison,72,5,317,2022
300000,78280,GUYANCOURT,78,Dépendance,0,0,88,2022
495000,78370,PLAISIR,78,Maison,146,6,695,2022
403500,78280,GUYANCOURT,78,Dépendance,0,0,186,2022
403500,78280,GUYANCOURT,78,Maison,120,4,186,2022
219000,78680,EPONE,78,Maison,70,4,95,2022
1113550,78630,ORGEVAL,78,Maison,300,9,954,2022
320000,78690,SAINT-REMY-L HONORE,78,Dépendance,0,0,500,2022
320000,78690,SAINT-REMY-L HONORE,78,Maison,50,2,2091,2022
320000,78690,SAINT-REMY-L HONORE,78,Maison,50,2,500,2022
320000,78690,SAINT-REMY-L HONORE,78,Dépendance,0,0,2091,2022
512000,78490,BOISSY-SANS-AVOIR,78,Local industriel. commercial ou assimilé,65,0,339,2022
512000,78490,BOISSY-SANS-AVOIR,78,Maison,160,8,339,2022
375500,78130,MUREAUX (LES),78,Maison,134,7,674,2022
275000,78820,JUZIERS,78,Maison,69,3,443,2022
277000,78520,LIMAY,78,Maison,92,5,426,2022
600000,78960,VOISINS-LE-BRETONNEUX,78,Maison,131,5,526,2022
220000,78770,MARCQ,78,Maison,68,4,952,2022
220000,78770,MARCQ,78,Maison,68,4,48,2022
195000,78270,BONNIERES-SUR-SEINE,78,Maison,85,6,257,2022
195000,78270,BONNIERES-SUR-SEINE,78,Dépendance,0,0,257,2022
225000,78270,NOTRE-DAME-DE-LA-MER,78,Dépendance,0,0,50,2022
225000,78270,NOTRE-DAME-DE-LA-MER,78,Dépendance,0,0,812,2022
225000,78270,NOTRE-DAME-DE-LA-MER,78,Maison,169,7,812,2022
175000,78711,MANTES-LA-VILLE,78,Maison,96,5,72,2022
300000,78200,FLACOURT,78,Maison,130,4,110,2022
300000,78200,FLACOURT,78,Dépendance,0,0,110,2022
272000,78930,BREUIL-BOIS-ROBERT,78,Maison,65,3,337,2022
272000,78930,BREUIL-BOIS-ROBERT,78,Maison,65,3,463,2022
270500,78640,NEAUPHLE-LE-CHATEAU,78,Dépendance,0,0,131,2022
270500,78640,NEAUPHLE-LE-CHATEAU,78,Maison,83,4,131,2022
203000,78124,MAREIL-SUR-MAULDRE,78,Dépendance,0,0,213,2022
507000,78180,MONTIGNY LE BRETONNEUX,78,Maison,116,6,391,2022
573800,78124,MAREIL-SUR-MAULDRE,78,Maison,113,3,870,2022
445000,78300,POISSY,78,Maison,70,4,311,2022
445000,78300,POISSY,78,Dépendance,0,0,311,2022
696592,78810,FEUCHEROLLES,78,Maison,115,5,234,2022
290000,78440,GARGENVILLE,78,Maison,121,7,545,2022
339000,78250,MEZY-SUR-SEINE,78,Maison,78,4,132,2022
365450,78120,RAMBOUILLET,78,Maison,99,5,247,2022
617700,78580,HERBEVILLE,78,Dépendance,0,0,495,2022
617700,78580,HERBEVILLE,78,Maison,132,6,495,2022
537800,78540,VERNOUILLET,78,Maison,133,6,427,2022
190400,78410,BOUAFLE,78,Maison,38,2,784,2022
410000,78480,VERNEUIL SUR SEINE,78,Dépendance,0,0,480,2022
410000,78480,VERNEUIL SUR SEINE,78,Maison,127,6,480,2022
455000,78380,BOUGIVAL,78,Maison,69,4,283,2022
435000,78480,VERNEUIL SUR SEINE,78,Maison,110,4,548,2022
371000,78120,RAMBOUILLET,78,Maison,65,3,503,2022
380000,78200,FLACOURT,78,Maison,182,4,517,2022
364240,78120,RAMBOUILLET,78,Maison,92,4,199,2022
364240,78120,RAMBOUILLET,78,Dépendance,0,0,19,2022
364240,78120,RAMBOUILLET,78,Dépendance,0,0,18,2022
830100,78290,CROISSY SUR SEINE,78,Dépendance,0,0,159,2022
830100,78290,CROISSY SUR SEINE,78,Maison,81,4,159,2022
805000,78290,CROISSY SUR SEINE,78,Maison,137,6,319,2022
130000,78480,VERNEUIL SUR SEINE,78,Maison,10,1,260,2022
540000,78540,VERNOUILLET,78,Dépendance,0,0,284,2022
540000,78540,VERNOUILLET,78,Maison,106,7,284,2022
377300,78510,TRIEL SUR SEINE,78,Maison,100,4,733,2022
370000,78370,PLAISIR,78,Maison,79,4,256,2022
516100,78320,MESNIL-SAINT-DENIS (LE),78,Maison,144,7,659,2022
416000,78480,VERNEUIL SUR SEINE,78,Maison,84,4,394,2022
1500000,78600,MAISONS-LAFFITTE,78,Maison,73,3,847,2022
1500000,78600,MAISONS-LAFFITTE,78,Maison,73,3,558,2022
780000,78770,AUTOUILLET,78,Maison,85,4,265,2022
780000,78770,AUTOUILLET,78,Maison,90,3,140,2022
780000,78770,AUTOUILLET,78,Dépendance,0,0,140,2022
337700,78830,BULLION,78,Maison,95,5,709,2022
250000,78510,TRIEL SUR SEINE,78,Dépendance,0,0,68,2022
250000,78510,TRIEL SUR SEINE,78,Appartement,25,1,68,2022
250000,78510,TRIEL SUR SEINE,78,Appartement,35,2,68,2022
319830,78120,RAMBOUILLET,78,Maison,78,5,253,2022
865000,78800,HOUILLES,78,Maison,84,4,412,2022
865000,78800,HOUILLES,78,Dépendance,0,0,412,2022
568484,78470,SAINT-REMY-LES-CHEVREUSE,78,Maison,113,5,500,2022
350000,78730,SAINT-ARNOULT-EN-YVELINES,78,Maison,128,6,659,2022
595000,78960,VOISINS-LE-BRETONNEUX,78,Maison,122,6,327,2022
312470,78120,SONCHAMP,78,Maison,106,6,750,2022
312470,78120,SONCHAMP,78,Maison,106,6,500,2022
420850,78650,SAULX-MARCHAIS,78,Maison,100,4,181,2022
1040000,78400,CHATOU,78,Maison,117,6,267,2022
529770,78770,MARCQ,78,Maison,162,6,687,2022
529770,78770,MARCQ,78,Maison,162,6,500,2022
420000,78120,RAMBOUILLET,78,Maison,20,2,732,2022
420000,78120,RAMBOUILLET,78,Maison,95,5,732,2022
723610,78800,HOUILLES,78,Maison,70,4,318,2022
723610,78800,HOUILLES,78,Dépendance,0,0,318,2022
308000,78310,MAUREPAS,78,Maison,109,5,118,2022
280000,78640,VILLIERS-SAINT-FREDERIC,78,Maison,115,5,14,2022
699000,78800,HOUILLES,78,Dépendance,0,0,369,2022
699000,78800,HOUILLES,78,Maison,181,5,369,2022
1389200,78170,CELLE-SAINT-CLOUD (LA),78,Maison,90,5,500,2022
1389200,78170,CELLE-SAINT-CLOUD (LA),78,Maison,90,5,502,2022
447000,78180,MONTIGNY LE BRETONNEUX,78,Dépendance,0,0,132,2022
447000,78180,MONTIGNY LE BRETONNEUX,78,Maison,109,5,132,2022
573500,78280,GUYANCOURT,78,Appartement,34,2,441,2022
573500,78280,GUYANCOURT,78,Maison,100,5,441,2022
573500,78280,GUYANCOURT,78,Dépendance,0,0,441,2022
534000,78480,VERNEUIL SUR SEINE,78,Dépendance,0,0,548,2022
534000,78480,VERNEUIL SUR SEINE,78,Maison,55,3,548,2022
310000,78550,HOUDAN,78,Dépendance,0,0,621,2022
310000,78550,HOUDAN,78,Maison,110,5,621,2022
1120000,78000,VERSAILLES,78,Dépendance,0,0,456,2022
1120000,78000,VERSAILLES,78,Maison,126,6,456,2022
415700,78920,ECQUEVILLY,78,Maison,91,4,451,2022
560000,78800,HOUILLES,78,Maison,72,3,183,2022
417000,78180,MONTIGNY LE BRETONNEUX,78,Maison,86,4,194,2022
518000,78280,GUYANCOURT,78,Maison,106,4,246,2022
417000,78250,MEULAN-EN-YVELINES,78,Maison,128,4,737,2022
338200,78770,MARCQ,78,Maison,59,3,406,2022
65000,78125,HERMERAY,78,Maison,123,4,500,2022
65000,78125,HERMERAY,78,Maison,123,4,613,2022
1005950,78870,BAILLY,78,Maison,126,6,169,2022
1005950,78870,BAILLY,78,Dépendance,0,0,169,2022
342849,78930,BOINVILLE-EN-MANTOIS,78,Maison,105,6,725,2022
1092450,78600,MAISONS-LAFFITTE,78,Maison,127,6,662,2022
315000,78270,BLARU,78,Maison,130,5,939,2022
479000,78310,MAUREPAS,78,Maison,139,6,268,2022
396000,78420,CARRIERES SUR SEINE,78,Maison,41,2,204,2022
1307320,78100,SAINT-GERMAIN-EN-LAYE,78,Appartement,46,2,918,2022
1307320,78100,SAINT-GERMAIN-EN-LAYE,78,Appartement,61,3,918,2022
1307320,78100,SAINT-GERMAIN-EN-LAYE,78,Dépendance,0,0,918,2022
1307320,78100,SAINT-GERMAIN-EN-LAYE,78,Appartement,75,4,918,2022
700000,78500,SARTROUVILLE,78,Appartement,32,2,129,2022
700000,78500,SARTROUVILLE,78,Appartement,15,1,129,2022
700000,78500,SARTROUVILLE,78,Local industriel. commercial ou assimilé,50,0,129,2022
700000,78500,SARTROUVILLE,78,Appartement,24,2,129,2022
700000,78500,SARTROUVILLE,78,Appartement,20,2,129,2022
700000,78500,SARTROUVILLE,78,Appartement,17,1,129,2022
700000,78500,SARTROUVILLE,78,Dépendance,0,0,129,2022
270000,78520,LIMAY,78,Maison,72,4,309,2022
292000,78111,DAMMARTIN EN SERVE,78,Maison,123,4,644,2022
230000,78200,MANTES-LA-JOLIE,78,Maison,85,5,597,2022
556000,78460,CHEVREUSE,78,Maison,123,5,527,2022
590000,78114,MAGNY-LES-HAMEAUX,78,Maison,134,6,280,2022
369000,78700,CONFLANS SAINTE HONORINE,78,Dépendance,0,0,246,2022
369000,78700,CONFLANS SAINTE HONORINE,78,Maison,50,3,246,2022
346500,78680,EPONE,78,Maison,91,4,371,2022
462000,78680,EPONE,78,Maison,116,5,850,2022
888900,78450,CHAVENAY,78,Dépendance,0,0,542,2022
888900,78450,CHAVENAY,78,Maison,208,7,542,2022
600000,78970,MEZIERES-SUR-SEINE,78,Maison,158,6,700,2022
329100,78760,JOUARS-PONTCHARTRAIN,78,Maison,69,4,517,2022
244500,78520,LIMAY,78,Maison,69,3,387,2022
439000,78500,SARTROUVILLE,78,Maison,56,3,409,2022
444000,78780,MAURECOURT,78,Maison,91,5,450,2022
226000,78130,MUREAUX (LES),78,Dépendance,0,0,184,2022
226000,78130,MUREAUX (LES),78,Maison,50,3,184,2022
105000,78130,MUREAUX (LES),78,Dépendance,0,0,139,2022
255000,78711,MANTES-LA-VILLE,78,Maison,95,5,159,2022
225000,78130,MUREAUX (LES),78,Maison,70,3,434,2022
175000,78130,MUREAUX (LES),78,Dépendance,0,0,139,2022
175000,78130,MUREAUX (LES),78,Appartement,26,2,139,2022
175000,78130,MUREAUX (LES),78,Appartement,60,3,139,2022
1535000,78150,LE CHESNAY-ROCQUENCOURT,78,Maison,159,6,434,2022
110000,78810,DAVRON,78,Maison,38,2,405,2022
204000,78200,MANTES-LA-JOLIE,78,Dépendance,0,0,231,2022
204000,78200,MANTES-LA-JOLIE,78,Maison,56,4,231,2022
318542,78700,CONFLANS SAINTE HONORINE,78,Maison,38,3,223,2022
276000,78200,MAGNANVILLE,78,Maison,125,6,254,2022
507000,78780,MAURECOURT,78,Maison,99,5,453,2022
285000,78200,MANTES-LA-JOLIE,78,Maison,97,5,367,2022
400000,78790,SEPTEUIL,78,Maison,104,4,500,2022
400000,78790,SEPTEUIL,78,Maison,104,4,1130,2022
421590,78260,ACHERES,78,Maison,100,4,222,2022
225000,78840,FRENEUSE,78,Maison,88,4,410,2022
160000,78440,LAINVILLE-EN-VEXIN,78,Maison,122,5,540,2022
160000,78440,LAINVILLE-EN-VEXIN,78,Maison,122,5,500,2022
290000,78520,LIMAY,78,Maison,77,4,478,2022
110000,78840,MOISSON,78,Maison,195,5,931,2022
110000,78840,MOISSON,78,Maison,195,5,500,2022
246310,78270,LIMETZ-VILLEZ,78,Maison,80,2,115,2022
246310,78270,LIMETZ-VILLEZ,78,Dépendance,0,0,115,2022
246310,78270,LIMETZ-VILLEZ,78,Maison,95,4,115,2022
706000,78460,CHOISEL,78,Maison,131,5,571,2022
706000,78460,CHOISEL,78,Maison,131,5,4600,2022
426000,78920,ECQUEVILLY,78,Maison,131,7,312,2022
390000,78800,HOUILLES,78,Maison,42,3,286,2022
235000,78440,ISSOU,78,Maison,58,3,495,2022
140000,78200,MANTES-LA-JOLIE,78,Dépendance,0,0,213,2022
140000,78200,MANTES-LA-JOLIE,78,Maison,92,5,213,2022
717000,78630,ORGEVAL,78,Maison,152,8,672,2022
717000,78630,ORGEVAL,78,Maison,152,8,500,2022
410000,78570,CHANTELOUP-LES-VIGNES,78,Maison,92,4,421,2022
567000,78125,RAIZEUX,78,Dépendance,0,0,500,2022
567000,78125,RAIZEUX,78,Dépendance,0,0,1058,2022
567000,78125,RAIZEUX,78,Maison,162,6,500,2022
567000,78125,RAIZEUX,78,Maison,162,6,1058,2022
450000,78570,CHANTELOUP-LES-VIGNES,78,Maison,96,5,15,2022
229000,78410,BOUAFLE,78,Maison,76,3,204,2022
229000,78410,BOUAFLE,78,Dépendance,0,0,204,2022
1850000,78350,JOUY EN JOSAS,78,Appartement,44,2,160,2022
1850000,78350,JOUY EN JOSAS,78,Appartement,57,2,160,2022
1850000,78350,JOUY EN JOSAS,78,Appartement,71,3,160,2022
1850000,78350,JOUY EN JOSAS,78,Appartement,44,2,205,2022
1850000,78350,JOUY EN JOSAS,78,Appartement,64,3,205,2022
1850000,78350,JOUY EN JOSAS,78,Appartement,71,3,205,2022
1850000,78350,JOUY EN JOSAS,78,Local industriel. commercial ou assimilé,132,0,205,2022
1850000,78350,JOUY EN JOSAS,78,Appartement,72,3,205,2022
392716,78500,SARTROUVILLE,78,Maison,60,3,132,2022
390000,78920,ECQUEVILLY,78,Maison,75,5,899,2022
367700,78990,ELANCOURT,78,Dépendance,0,0,219,2022
367700,78990,ELANCOURT,78,Maison,118,5,219,2022
828000,78810,FEUCHEROLLES,78,Maison,148,7,1015,2022
828000,78810,FEUCHEROLLES,78,Maison,148,7,500,2022
828000,78810,FEUCHEROLLES,78,Dépendance,0,0,500,2022
828000,78810,FEUCHEROLLES,78,Dépendance,0,0,1015,2022
520320,78780,MAURECOURT,78,Maison,121,5,450,2022
343000,78320,VERRIERE (LA),78,Dépendance,0,0,446,2022
343000,78320,VERRIERE (LA),78,Maison,116,6,446,2022
308000,78990,ELANCOURT,78,Maison,62,4,56,2022
618000,78310,MAUREPAS,78,Maison,115,4,623,2022
425000,78610,PERRAY-EN-YVELINES (LE),78,Maison,116,5,460,2022
351000,78250,OINVILLE-SUR-MONTCIENT,78,Maison,108,6,592,2022
867030,78360,MONTESSON,78,Maison,200,5,438,2022
1022000,78750,MAREIL-MARLY,78,Maison,141,4,9,2022
491408,78700,CONFLANS SAINTE HONORINE,78,Maison,107,5,293,2022
1371000,78600,MAISONS-LAFFITTE,78,Maison,204,7,1132,2022
1371000,78600,MAISONS-LAFFITTE,78,Dépendance,0,0,1132,2022
721100,78113,ADAINVILLE,78,Dépendance,0,0,4074,2022
721100,78113,ADAINVILLE,78,Dépendance,0,0,1000,2022
721100,78113,ADAINVILLE,78,Maison,240,5,4074,2022
721100,78113,ADAINVILLE,78,Maison,240,5,1000,2022
451600,78800,HOUILLES,78,Maison,74,3,349,2022
451600,78800,HOUILLES,78,Dépendance,0,0,349,2022
367000,78310,MAUREPAS,78,Maison,102,5,255,2022
525000,78400,CHATOU,78,Maison,110,5,428,2022
313860,78500,SARTROUVILLE,78,Appartement,39,2,306,2022
313860,78500,SARTROUVILLE,78,Dépendance,0,0,306,2022
622470,78400,CHATOU,78,Maison,97,4,97,2022
1351500,78290,CROISSY SUR SEINE,78,Dépendance,0,0,420,2022
1351500,78290,CROISSY SUR SEINE,78,Maison,150,6,420,2022
1139100,78400,CHATOU,78,Dépendance,0,0,426,2022
1139100,78400,CHATOU,78,Maison,180,6,426,2022
1139100,78400,CHATOU,78,Dépendance,0,0,373,2022
1139100,78400,CHATOU,78,Maison,180,6,373,2022
1192000,78110,VESINET (LE),78,Dépendance,0,0,445,2022
1192000,78110,VESINET (LE),78,Maison,89,5,445,2022
450000,78990,ELANCOURT,78,Maison,146,7,706,2022
1335000,78400,CHATOU,78,Maison,174,7,682,2022
1335000,78400,CHATOU,78,Dépendance,0,0,682,2022
1335000,78400,CHATOU,78,Maison,174,7,81,2022
1335000,78400,CHATOU,78,Dépendance,0,0,81,2022
1075000,78800,HOUILLES,78,Maison,181,12,207,2022
460000,78700,CONFLANS SAINTE HONORINE,78,Maison,122,5,527,2022
460000,78700,CONFLANS SAINTE HONORINE,78,Dépendance,0,0,527,2022
245000,78610,BREVIAIRES (LES),78,Dépendance,0,0,500,2022
245000,78610,BREVIAIRES (LES),78,Maison,66,4,500,2022
245000,78610,BREVIAIRES (LES),78,Dépendance,0,0,573,2022
245000,78610,BREVIAIRES (LES),78,Maison,66,4,573,2022
348870,78550,MAULETTE,78,Maison,151,6,557,2022
399900,78250,MEULAN-EN-YVELINES,78,Maison,131,6,92,2022
235000,78490,BOISSY-SANS-AVOIR,78,Maison,65,4,240,2022
235000,78490,BOISSY-SANS-AVOIR,78,Dépendance,0,0,240,2022
374000,78940,QUEUE-LES-YVELINES (LA),78,Maison,90,5,250,2022
75000,78200,MANTES-LA-JOLIE,78,Local industriel. commercial ou assimilé,132,0,98,2022
1450000,78000,VERSAILLES,78,Maison,192,9,445,2022
428000,78680,EPONE,78,Maison,117,7,501,2022
330000,78740,VAUX-SUR-SEINE,78,Maison,163,6,105,2022
675000,78810,FEUCHEROLLES,78,Maison,240,6,830,2022
303000,78260,ACHERES,78,Maison,91,5,197,2022
1853945,78100,SAINT-GERMAIN-EN-LAYE,78,Maison,148,5,217,2022
1853945,78100,SAINT-GERMAIN-EN-LAYE,78,Local industriel. commercial ou assimilé,165,0,217,2022
216000,78711,MANTES-LA-VILLE,78,Maison,94,4,155,2022
342000,78440,GARGENVILLE,78,Maison,88,4,602,2022
421000,78550,HOUDAN,78,Maison,112,7,625,2022
123000,78520,FOLLAINVILLE-DENNEMONT,78,Maison,23,2,25,2022
495000,78200,PERDREAUVILLE,78,Dépendance,0,0,960,2022
495000,78200,PERDREAUVILLE,78,Maison,166,6,960,2022
495000,78200,PERDREAUVILLE,78,Dépendance,0,0,1559,2022
495000,78200,PERDREAUVILLE,78,Maison,166,6,1559,2022
165000,78270,CHAUFOUR LES BONNIERES,78,Local industriel. commercial ou assimilé,25,0,162,2022
165000,78270,CHAUFOUR LES BONNIERES,78,Maison,60,3,162,2022
155000,78820,JUZIERS,78,Maison,87,3,624,2022
225000,78710,ROSNY-SUR-SEINE,78,Maison,72,4,417,2022
215000,78440,GARGENVILLE,78,Maison,65,4,364,2022
310000,78700,CONFLANS SAINTE HONORINE,78,Maison,72,3,35,2022
360000,78710,ROSNY-SUR-SEINE,78,Maison,144,5,523,2022
354250,78510,TRIEL SUR SEINE,78,Maison,77,4,516,2022
411000,78920,ECQUEVILLY,78,Maison,100,5,430,2022
283019,78710,ROSNY-SUR-SEINE,78,Maison,108,5,510,2022
400900,78700,CONFLANS SAINTE HONORINE,78,Maison,120,5,588,2022
250000,78440,GARGENVILLE,78,Maison,72,4,313,2022
250000,78440,GARGENVILLE,78,Dépendance,0,0,313,2022
571000,78640,NEAUPHLE-LE-VIEUX,78,Maison,113,5,500,2022
571000,78640,NEAUPHLE-LE-VIEUX,78,Maison,113,5,502,2022
448200,78120,RAMBOUILLET,78,Dépendance,0,0,62,2022
448200,78120,RAMBOUILLET,78,Maison,116,5,479,2022
355000,78550,HOUDAN,78,Maison,100,5,600,2022
246000,78125,BOISSIERE-ECOLE (LA),78,Maison,89,4,936,2022
270000,78200,MANTES-LA-JOLIE,78,Maison,97,4,361,2022
270000,78200,MANTES-LA-JOLIE,78,Dépendance,0,0,361,2022
460000,78200,MANTES-LA-JOLIE,78,Dépendance,0,0,68,2022
460000,78200,MANTES-LA-JOLIE,78,Appartement,35,3,68,2022
460000,78200,MANTES-LA-JOLIE,78,Appartement,45,2,68,2022
460000,78200,MANTES-LA-JOLIE,78,Appartement,50,2,68,2022
1200000,78600,MAISONS-LAFFITTE,78,Maison,144,6,824,2022
1008000,78400,CHATOU,78,Maison,159,6,418,2022
220000,78120,RAMBOUILLET,78,Maison,102,5,302,2022
220000,78120,RAMBOUILLET,78,Dépendance,0,0,302,2022
1631150,78110,VESINET (LE),78,Maison,132,6,700,2022
899100,78500,SARTROUVILLE,78,Maison,127,5,486,2022
185675,78980,BREVAL,78,Maison,100,3,427,2022
420000,78114,MAGNY-LES-HAMEAUX,78,Maison,105,4,323,2022
240000,78660,SAINT-MARTIN-DE-BRETHENCOURT,78,Local industriel. commercial ou assimilé,340,0,3140,2022
240000,78660,SAINT-MARTIN-DE-BRETHENCOURT,78,Local industriel. commercial ou assimilé,14893,0,3140,2022
1309850,78110,VESINET (LE),78,Dépendance,0,0,174,2022
1309850,78110,VESINET (LE),78,Maison,210,7,824,2022
1309850,78110,VESINET (LE),78,Dépendance,0,0,824,2022
1309850,78110,VESINET (LE),78,Maison,210,7,174,2022
982500,78400,CHATOU,78,Maison,150,9,513,2022
982500,78400,CHATOU,78,Maison,10,1,513,2022
400000,78490,MONTFORT-L AMAURY,78,Maison,92,3,500,2022
400000,78490,MONTFORT-L AMAURY,78,Maison,92,3,415,2022
420000,78230,PECQ (LE),78,Maison,55,3,50,2022
301000,78340,CLAYES-SOUS-BOIS (LES),78,Maison,51,3,400,2022
1020000,78290,CROISSY SUR SEINE,78,Maison,136,6,547,2022
355550,78120,RAMBOUILLET,78,Maison,83,4,191,2022
673200,78540,VERNOUILLET,78,Maison,178,7,574,2022
916000,78650,SAULX-MARCHAIS,78,Dépendance,0,0,186,2022
916000,78650,SAULX-MARCHAIS,78,Dépendance,0,0,4400,2022
916000,78650,SAULX-MARCHAIS,78,Maison,300,8,186,2022
916000,78650,SAULX-MARCHAIS,78,Maison,300,8,4400,2022
429122,78270,NOTRE-DAME-DE-LA-MER,78,Maison,132,6,667,2022
429122,78270,NOTRE-DAME-DE-LA-MER,78,Dépendance,0,0,667,2022
572000,78600,MESNIL-LE-ROI (LE),78,Dépendance,0,0,241,2022
572000,78600,MESNIL-LE-ROI (LE),78,Maison,60,3,241,2022
811000,78490,GROSROUVRE,78,Dépendance,0,0,1136,2022
811000,78490,GROSROUVRE,78,Maison,200,4,1136,2022
811000,78490,GROSROUVRE,78,Maison,200,4,500,2022
811000,78490,GROSROUVRE,78,Dépendance,0,0,500,2022
740000,78980,BREVAL,78,Maison,78,3,34310,2022
740000,78980,BREVAL,78,Maison,78,3,3200,2022
600000,78500,SARTROUVILLE,78,Dépendance,0,0,303,2022
600000,78500,SARTROUVILLE,78,Maison,86,4,303,2022
372500,78500,SARTROUVILLE,78,Maison,85,4,245,2022
372500,78500,SARTROUVILLE,78,Dépendance,0,0,245,2022
1400000,78100,SAINT-GERMAIN-EN-LAYE,78,Maison,140,6,332,2022
1400000,78100,SAINT-GERMAIN-EN-LAYE,78,Maison,145,5,401,2022
717750,78960,VOISINS-LE-BRETONNEUX,78,Maison,162,6,750,2022
462000,78114,MAGNY-LES-HAMEAUX,78,Local industriel. commercial ou assimilé,0,0,25,2022
462000,78114,MAGNY-LES-HAMEAUX,78,Maison,110,5,229,2022
495250,78960,VOISINS-LE-BRETONNEUX,78,Maison,96,5,191,2022
723333,78600,MAISONS-LAFFITTE,78,Dépendance,0,0,101,2022
723333,78600,MAISONS-LAFFITTE,78,Maison,76,4,101,2022
335000,78930,GUERVILLE,78,Maison,141,5,973,2022
548870,78620,ETANG-LA-VILLE (L ),78,Maison,89,5,498,2022
582500,78500,SARTROUVILLE,78,Maison,103,6,446,2022
1404200,78250,MEULAN-EN-YVELINES,78,Local industriel. commercial ou assimilé,60,0,285,2022
1404200,78250,MEULAN-EN-YVELINES,78,Local industriel. commercial ou assimilé,162,0,285,2022
723350,78910,CIVRY-LA-FORET,78,Maison,480,10,1302,2022
723350,78910,CIVRY-LA-FORET,78,Dépendance,0,0,1302,2022
723350,78910,CIVRY-LA-FORET,78,Dépendance,0,0,1000,2022
723350,78910,CIVRY-LA-FORET,78,Maison,480,10,1000,2022
307690,78660,ABLIS,78,Maison,121,6,246,2022
361700,78670,VILLENNES-SUR-SEINE,78,Maison,60,2,294,2022
336600,78440,GARGENVILLE,78,Maison,80,3,492,2022
422000,78830,BONNELLES,78,Maison,80,5,736,2022
577000,78500,SARTROUVILLE,78,Maison,93,4,194,2022
370000,78440,GARGENVILLE,78,Maison,102,5,549,2022
520500,78500,SARTROUVILLE,78,Maison,124,5,419,2022
520500,78500,SARTROUVILLE,78,Dépendance,0,0,419,2022
750000,78120,RAMBOUILLET,78,Maison,145,5,511,2022
451320,78610,AUFFARGIS,78,Maison,74,3,868,2022
580000,78610,SAINT-LEGER-EN-YVELINES,78,Maison,151,6,500,2022
580000,78610,SAINT-LEGER-EN-YVELINES,78,Maison,151,6,891,2022
270000,78200,MAGNANVILLE,78,Maison,100,4,391,2022
341000,78890,GARANCIERES,78,Maison,100,4,128,2022
317000,78760,JOUARS-PONTCHARTRAIN,78,Maison,81,3,178,2022
260000,78500,SARTROUVILLE,78,Maison,49,3,255,2022
600000,78760,JOUARS-PONTCHARTRAIN,78,Local industriel. commercial ou assimilé,490,0,1370,2022
6285000,78960,VOISINS-LE-BRETONNEUX,78,Local industriel. commercial ou assimilé,2709,0,2000,2022
6285000,78960,VOISINS-LE-BRETONNEUX,78,Local industriel. commercial ou assimilé,2709,0,2697,2022
382000,78610,AUFFARGIS,78,Maison,81,5,769,2022
485000,78500,SARTROUVILLE,78,Maison,98,4,482,2022
350000,78560,PORT-MARLY (LE),78,Dépendance,0,0,342,2022
350000,78560,PORT-MARLY (LE),78,Maison,99,3,447,2022
350000,78560,PORT-MARLY (LE),78,Dépendance,0,0,447,2022
350000,78560,PORT-MARLY (LE),78,Maison,99,3,342,2022
330095,78610,AUFFARGIS,78,Maison,103,5,557,2022
308000,78510,TRIEL SUR SEINE,78,Maison,84,4,114,2022
100000,78580,MAULE,78,Maison,49,1,26320,2022
720000,78100,SAINT-GERMAIN-EN-LAYE,78,Maison,97,4,504,2022
425000,78300,POISSY,78,Appartement,84,5,302,2022
425000,78300,POISSY,78,Appartement,48,2,302,2022
510000,78660,PRUNAY-EN-YVELINES,78,Dépendance,0,0,845,2022
510000,78660,PRUNAY-EN-YVELINES,78,Maison,155,6,845,2022
350000,78890,GARANCIERES,78,Maison,120,7,570,2022
320587,78610,PERRAY-EN-YVELINES (LE),78,Maison,83,5,306,2022
345000,78955,CARRIERES SOUS POISSY,78,Maison,101,5,179,2022
560000,78210,SAINT-CYR-L ECOLE,78,Maison,62,4,394,2022
240000,78610,SAINT-LEGER-EN-YVELINES,78,Dépendance,0,0,300,2022
240000,78610,SAINT-LEGER-EN-YVELINES,78,Appartement,70,4,300,2022
240000,78610,SAINT-LEGER-EN-YVELINES,78,Appartement,60,3,300,2022
240000,78610,SAINT-LEGER-EN-YVELINES,78,Appartement,46,1,300,2022
405000,78640,NEAUPHLE-LE-CHATEAU,78,Maison,113,6,168,2022
731205,78250,MEZY-SUR-SEINE,78,Maison,260,9,515,2022
452700,78830,BULLION,78,Maison,133,6,506,2022
452700,78830,BULLION,78,Dépendance,0,0,2500,2022
452700,78830,BULLION,78,Maison,133,6,2500,2022
452700,78830,BULLION,78,Dépendance,0,0,506,2022
95000,78760,JOUARS-PONTCHARTRAIN,78,Dépendance,0,0,52,2022
265000,78200,SOINDRES,78,Dépendance,0,0,507,2022
265000,78200,SOINDRES,78,Maison,104,5,507,2022
505000,78640,VILLIERS-SAINT-FREDERIC,78,Maison,151,6,450,2022
842650,78400,CHATOU,78,Maison,170,5,600,2022
970000,78600,MAISONS-LAFFITTE,78,Dépendance,0,0,231,2022
970000,78600,MAISONS-LAFFITTE,78,Maison,120,6,231,2022
330000,78260,ACHERES,78,Maison,80,3,357,2022
470000,78390,BOIS D ARCY,78,Maison,110,5,283,2022
1167820,78160,MARLY-LE-ROI,78,Local industriel. commercial ou assimilé,0,0,31,2022
1167820,78160,MARLY-LE-ROI,78,Maison,115,6,396,2022
1167820,78160,MARLY-LE-ROI,78,Local industriel. commercial ou assimilé,24,0,396,2022
338000,78280,GUYANCOURT,78,Maison,76,3,111,2022
338000,78280,GUYANCOURT,78,Dépendance,0,0,111,2022
219000,78111,DAMMARTIN EN SERVE,78,Maison,58,4,103,2022
219000,78111,DAMMARTIN EN SERVE,78,Dépendance,0,0,23,2022
746600,78350,LOGES-EN-JOSAS (LES),78,Maison,203,6,472,2022
438290,78370,PLAISIR,78,Maison,130,4,556,2022
238000,78910,OSMOY,78,Maison,162,7,1720,2022
238000,78910,OSMOY,78,Maison,162,7,700,2022
1288900,78800,HOUILLES,78,Maison,200,7,602,2022
650000,78760,JOUARS-PONTCHARTRAIN,78,Local industriel. commercial ou assimilé,320,0,1000,2022
331329,78910,ORGERUS,78,Maison,90,5,412,2022
375000,78610,AUFFARGIS,78,Maison,81,5,712,2022
210000,78910,BEHOUST,78,Maison,57,3,625,2022
210000,78910,BEHOUST,78,Dépendance,0,0,625,2022
492400,78490,BOISSY-SANS-AVOIR,78,Maison,105,5,437,2022
323000,78930,VILLETTE,78,Maison,114,5,760,2022
323000,78930,VILLETTE,78,Maison,114,5,260,2022
323000,78930,VILLETTE,78,Maison,114,5,240,2022
310500,78550,DANNEMARIE,78,Dépendance,0,0,500,2022
310500,78550,DANNEMARIE,78,Maison,100,4,750,2022
310500,78550,DANNEMARIE,78,Dépendance,0,0,750,2022
310500,78550,DANNEMARIE,78,Maison,100,4,500,2022
336000,78955,CARRIERES SOUS POISSY,78,Maison,66,3,141,2022
336000,78955,CARRIERES SOUS POISSY,78,Dépendance,0,0,141,2022
434820,78440,GARGENVILLE,78,Dépendance,0,0,534,2022
434820,78440,GARGENVILLE,78,Maison,125,6,534,2022
715000,78500,SARTROUVILLE,78,Dépendance,0,0,381,2022
715000,78500,SARTROUVILLE,78,Appartement,65,3,381,2022
715000,78500,SARTROUVILLE,78,Appartement,96,4,381,2022
490291,78280,GUYANCOURT,78,Maison,111,5,260,2022
490291,78280,GUYANCOURT,78,Maison,111,5,500,2022
2550000,78370,PLAISIR,78,Maison,90,5,260,2022
2550000,78370,PLAISIR,78,Maison,90,5,5518,2022
1281870,78420,CARRIERES SUR SEINE,78,Maison,150,5,289,2022
740720,78600,MESNIL-LE-ROI (LE),78,Maison,95,3,106,2022
395400,78120,RAMBOUILLET,78,Maison,109,5,301,2022
1026500,78420,CARRIERES SUR SEINE,78,Dépendance,0,0,310,2022
1026500,78420,CARRIERES SUR SEINE,78,Maison,123,5,310,2022
852500,78590,NOISY LE ROI,78,Maison,139,4,691,2022
412000,78500,SARTROUVILLE,78,Maison,55,2,92,2022
950000,78112,SAINT-GERMAIN-EN-LAYE,78,Maison,147,5,110,2022
636700,78240,CHAMBOURCY,78,Maison,98,5,700,2022
463700,78340,CLAYES-SOUS-BOIS (LES),78,Maison,90,5,300,2022
690000,78370,PLAISIR,78,Local industriel. commercial ou assimilé,42,0,1372,2022
690000,78370,PLAISIR,78,Maison,128,6,1372,2022
690000,78370,PLAISIR,78,Dépendance,0,0,1372,2022
285966,78650,BEYNES,78,Dépendance,0,0,110,2022
285966,78650,BEYNES,78,Maison,110,4,110,2022
220000,78440,PORCHEVILLE,78,Maison,68,4,510,2022
816230,78170,CELLE-SAINT-CLOUD (LA),78,Dépendance,0,0,351,2022
816230,78170,CELLE-SAINT-CLOUD (LA),78,Maison,114,4,351,2022
680000,78800,HOUILLES,78,Maison,125,7,679,2022
680000,78800,HOUILLES,78,Dépendance,0,0,679,2022
530000,78630,MORAINVILLIERS,78,Maison,100,5,328,2022
780000,78640,SAINT-GERMAIN-DE-LA-GRANGE,78,Maison,240,7,568,2022
780000,78640,SAINT-GERMAIN-DE-LA-GRANGE,78,Maison,240,7,500,2022
325900,78760,JOUARS-PONTCHARTRAIN,78,Maison,93,4,153,2022
303000,78580,MAULE,78,Maison,62,2,969,2022
610500,78500,SARTROUVILLE,78,Maison,100,4,362,2022
578500,78570,ANDRESY,78,Maison,104,5,441,2022
399500,78920,ECQUEVILLY,78,Maison,76,3,470,2022
170000,78200,MANTES-LA-JOLIE,78,Maison,52,3,127,2022
825000,78700,CONFLANS SAINTE HONORINE,78,Maison,110,6,361,2022
258000,78710,ROSNY-SUR-SEINE,78,Maison,60,2,77,2022
258000,78710,ROSNY-SUR-SEINE,78,Maison,60,2,824,2022
825000,78700,CONFLANS SAINTE HONORINE,78,Maison,100,5,286,2022
250000,78980,LONGNES,78,Maison,105,5,620,2022
745000,78530,BUC,78,Maison,104,6,669,2022
745000,78530,BUC,78,Maison,104,6,190,2022
803132,78800,HOUILLES,78,Maison,150,4,45,2022
232000,78200,MANTES-LA-JOLIE,78,Maison,93,5,142,2022
642850,78630,MORAINVILLIERS,78,Maison,177,6,182,2022
642850,78630,MORAINVILLIERS,78,Maison,177,6,500,2022
220000,78200,MANTES-LA-JOLIE,78,Maison,68,4,190,2022
220000,78200,MANTES-LA-JOLIE,78,Maison,68,4,616,2022
2500000,78110,VESINET (LE),78,Appartement,168,3,1420,2022
2500000,78110,VESINET (LE),78,Appartement,38,2,202,2022
2500000,78110,VESINET (LE),78,Appartement,44,2,202,2022
2500000,78110,VESINET (LE),78,Appartement,168,3,202,2022
2500000,78110,VESINET (LE),78,Dépendance,0,0,1420,2022
2500000,78110,VESINET (LE),78,Appartement,38,2,1420,2022
2500000,78110,VESINET (LE),78,Appartement,44,2,1420,2022
2500000,78110,VESINET (LE),78,Dépendance,0,0,202,2022
692500,78340,CLAYES-SOUS-BOIS (LES),78,Maison,160,6,707,2022
692500,78340,CLAYES-SOUS-BOIS (LES),78,Dépendance,0,0,707,2022
904700,78670,VILLENNES-SUR-SEINE,78,Maison,166,5,600,2022
904700,78670,VILLENNES-SUR-SEINE,78,Maison,166,5,535,2022
487000,78640,VILLIERS-SAINT-FREDERIC,78,Maison,119,5,721,2022
345000,78370,PLAISIR,78,Maison,70,5,453,2022
433000,78410,NEZEL,78,Maison,120,5,680,2022
113220,78500,SARTROUVILLE,78,Maison,68,3,123,2022
490000,78800,HOUILLES,78,Dépendance,0,0,732,2022
490000,78800,HOUILLES,78,Maison,76,3,732,2022
595000,78670,VILLENNES-SUR-SEINE,78,Maison,78,4,726,2022
173500,78370,PLAISIR,78,Maison,74,3,72,2022
638335,78360,MONTESSON,78,Maison,85,4,312,2022
638335,78360,MONTESSON,78,Dépendance,0,0,312,2022
431720,78340,CLAYES-SOUS-BOIS (LES),78,Maison,92,4,149,2022
337540,78730,SAINT-ARNOULT-EN-YVELINES,78,Local industriel. commercial ou assimilé,2595,0,1561,2022
337540,78730,SAINT-ARNOULT-EN-YVELINES,78,Local industriel. commercial ou assimilé,2595,0,1000,2022
563900,78640,VILLIERS-SAINT-FREDERIC,78,Maison,152,5,737,2022
360000,78610,PERRAY-EN-YVELINES (LE),78,Maison,116,6,495,2022
330000,78410,FALAISE (LA),78,Maison,103,6,675,2022
330000,78410,FALAISE (LA),78,Dépendance,0,0,675,2022
306000,78711,MANTES-LA-VILLE,78,Maison,101,5,482,2022
831000,78490,MERE,78,Maison,225,7,583,2022
831000,78490,MERE,78,Dépendance,0,0,527,2022
530000,78200,MANTES-LA-JOLIE,78,Maison,116,4,395,2022
530000,78200,MANTES-LA-JOLIE,78,Dépendance,0,0,6,2022
225000,78200,BUCHELAY,78,Maison,83,4,370,2022
1620000,78150,LE CHESNAY-ROCQUENCOURT,78,Maison,165,7,347,2022
407000,78410,FLINS-SUR-SEINE,78,Maison,131,6,571,2022
2054000,78110,VESINET (LE),78,Local industriel. commercial ou assimilé,246,0,396,2022
2054000,78110,VESINET (LE),78,Maison,56,3,396,2022
380000,78840,MOISSON,78,Maison,220,5,50,2022
380000,78840,MOISSON,78,Dépendance,0,0,4601,2022
380000,78840,MOISSON,78,Maison,220,5,4601,2022
380000,78840,MOISSON,78,Dépendance,0,0,50,2022
540000,78700,CONFLANS SAINTE HONORINE,78,Dépendance,0,0,864,2022
540000,78700,CONFLANS SAINTE HONORINE,78,Maison,86,4,864,2022
543500,78640,VILLIERS-SAINT-FREDERIC,78,Maison,156,6,1251,2022
543500,78640,VILLIERS-SAINT-FREDERIC,78,Maison,156,6,500,2022
370000,78930,GOUSSONVILLE,78,Maison,99,6,739,2022
355480,78710,ROSNY-SUR-SEINE,78,Maison,147,5,510,2022
355480,78710,ROSNY-SUR-SEINE,78,Dépendance,0,0,510,2022
768000,78240,AIGREMONT,78,Dépendance,0,0,232,2022
768000,78240,AIGREMONT,78,Maison,210,7,232,2022
407000,78970,MEZIERES-SUR-SEINE,78,Maison,115,5,745,2022
458000,78117,CHATEAUFORT,78,Maison,141,5,416,2022
1920000,78580,BAZEMONT,78,Maison,100,6,23485,2022
1920000,78580,BAZEMONT,78,Maison,100,6,1000,2022
1920000,78580,BAZEMONT,78,Maison,253,8,1000,2022
1920000,78580,BAZEMONT,78,Maison,253,8,23485,2022
300000,78290,CROISSY SUR SEINE,78,Maison,120,8,72,2022
165000,78610,AUFFARGIS,78,Maison,39,2,110,2022
944900,78700,CONFLANS SAINTE HONORINE,78,Maison,131,6,437,2022
944900,78700,CONFLANS SAINTE HONORINE,78,Local industriel. commercial ou assimilé,52,0,437,2022
846900,78800,HOUILLES,78,Maison,96,5,962,2022
846900,78800,HOUILLES,78,Dépendance,0,0,962,2022
270000,78250,MEULAN-EN-YVELINES,78,Dépendance,0,0,84,2022
270000,78250,MEULAN-EN-YVELINES,78,Appartement,43,2,84,2022
270000,78250,MEULAN-EN-YVELINES,78,Appartement,45,2,84,2022
270000,78250,MEULAN-EN-YVELINES,78,Appartement,46,2,84,2022
270000,78250,MEULAN-EN-YVELINES,78,Appartement,10,1,84,2022
275000,78930,VILLETTE,78,Maison,81,3,88,2022
278000,78410,FLINS-SUR-SEINE,78,Maison,126,4,180,2022
275000,78410,AUBERGENVILLE,78,Maison,89,5,372,2022
994050,78600,MAISONS-LAFFITTE,78,Maison,120,4,303,2022
260000,78440,GARGENVILLE,78,Maison,80,5,401,2022
616000,78630,ORGEVAL,78,Maison,122,5,563,2022
460900,78700,CONFLANS SAINTE HONORINE,78,Dépendance,0,0,595,2022
460900,78700,CONFLANS SAINTE HONORINE,78,Maison,93,4,595,2022
250000,78600,MAISONS-LAFFITTE,78,Dépendance,0,0,524,2022
250000,78600,MAISONS-LAFFITTE,78,Appartement,40,2,524,2022
250000,78600,MAISONS-LAFFITTE,78,Appartement,61,3,524,2022
415000,78250,MEULAN-EN-YVELINES,78,Maison,128,4,736,2022
560000,78470,SAINT-REMY-LES-CHEVREUSE,78,Maison,130,5,957,2022
1240000,78800,HOUILLES,78,Maison,200,7,617,2022
165000,78930,VERT,78,Maison,75,4,120,2022
165000,78930,VERT,78,Dépendance,0,0,120,2022
2650000,78600,MAISONS-LAFFITTE,78,Dépendance,0,0,582,2022
2650000,78600,MAISONS-LAFFITTE,78,Maison,220,8,582,2022
2650000,78600,MAISONS-LAFFITTE,78,Dépendance,0,0,328,2022
2650000,78600,MAISONS-LAFFITTE,78,Maison,220,8,328,2022
1539800,78600,MAISONS-LAFFITTE,78,Maison,230,8,688,2022
1539800,78600,MAISONS-LAFFITTE,78,Dépendance,0,0,688,2022
1488600,78110,VESINET (LE),78,Maison,82,2,747,2022
1017000,78450,CHAVENAY,78,Dépendance,0,0,693,2022
1017000,78450,CHAVENAY,78,Maison,164,7,693,2022
1207000,78290,CROISSY SUR SEINE,78,Maison,108,4,118,2022
375000,78340,CLAYES-SOUS-BOIS (LES),78,Dépendance,0,0,774,2022
375000,78340,CLAYES-SOUS-BOIS (LES),78,Maison,219,8,774,2022
375000,78340,CLAYES-SOUS-BOIS (LES),78,Maison,219,8,500,2022
375000,78340,CLAYES-SOUS-BOIS (LES),78,Dépendance,0,0,500,2022
2485000,78140,VELIZY VILLACOUBLAY,78,Local industriel. commercial ou assimilé,882,0,2992,2022
2485000,78140,VELIZY VILLACOUBLAY,78,Local industriel. commercial ou assimilé,1254,0,2992,2022
375500,78510,TRIEL SUR SEINE,78,Maison,63,3,148,2022
1100000,78100,SAINT-GERMAIN-EN-LAYE,78,Dépendance,0,0,581,2022
1100000,78100,SAINT-GERMAIN-EN-LAYE,78,Local industriel. commercial ou assimilé,12,0,581,2022
1100000,78100,SAINT-GERMAIN-EN-LAYE,78,Appartement,35,2,581,2022
1100000,78100,SAINT-GERMAIN-EN-LAYE,78,Appartement,50,2,581,2022
148000,78550,BAZAINVILLE,78,Local industriel. commercial ou assimilé,145,0,234,2022
322220,78113,CONDE-SUR-VESGRE,78,Maison,91,4,306,2022
340000,78120,RAMBOUILLET,78,Dépendance,0,0,378,2022
340000,78120,RAMBOUILLET,78,Maison,91,4,378,2022
1350000,78230,PECQ (LE),78,Appartement,90,1,269,2022
1350000,78230,PECQ (LE),78,Maison,136,5,269,2022
1350000,78230,PECQ (LE),78,Appartement,90,1,737,2022
1350000,78230,PECQ (LE),78,Maison,136,5,737,2022
700000,78125,ORCEMONT,78,Maison,248,8,500,2022
700000,78125,ORCEMONT,78,Maison,248,8,2500,2022
353000,78120,RAMBOUILLET,78,Maison,68,4,401,2022
1388550,78100,SAINT-GERMAIN-EN-LAYE,78,Maison,150,6,607,2022
1490000,78430,LOUVECIENNES,78,Maison,150,5,648,2022
1490000,78430,LOUVECIENNES,78,Maison,150,5,500,2022
350000,78250,MEULAN-EN-YVELINES,78,Maison,105,5,530,2022
197000,78660,ALLAINVILLE AUX BOIS,78,Dépendance,0,0,832,2022
197000,78660,ALLAINVILLE AUX BOIS,78,Maison,76,4,832,2022
412000,78114,MAGNY-LES-HAMEAUX,78,Maison,96,5,203,2022
412000,78114,MAGNY-LES-HAMEAUX,78,Local industriel. commercial ou assimilé,0,0,25,2022
626600,78500,SARTROUVILLE,78,Maison,153,7,400,2022
712000,78960,VOISINS-LE-BRETONNEUX,78,Maison,153,5,404,2022
240000,78980,SAINT-ILLIERS-LE-BOIS,78,Dépendance,0,0,105,2022
240000,78980,SAINT-ILLIERS-LE-BOIS,78,Maison,80,6,105,2022
137000,78840,MOISSON,78,Maison,48,4,255,2022
350050,78990,ELANCOURT,78,Maison,91,4,174,2022
305000,78980,NEAUPHLETTE,78,Maison,111,5,500,2022
815100,78560,PORT-MARLY (LE),78,Maison,139,6,520,2022
306600,78200,JOUY-MAUVOISIN,78,Maison,101,4,371,2022
306600,78200,JOUY-MAUVOISIN,78,Maison,101,4,500,2022
267800,78270,BONNIERES-SUR-SEINE,78,Maison,64,3,524,2022
267800,78270,BONNIERES-SUR-SEINE,78,Dépendance,0,0,524,2022
267800,78270,BONNIERES-SUR-SEINE,78,Maison,64,3,500,2022
267800,78270,BONNIERES-SUR-SEINE,78,Dépendance,0,0,500,2022
438000,78114,MAGNY-LES-HAMEAUX,78,Maison,100,5,255,2022
480000,78720,CERNAY-LA-VILLE,78,Local industriel. commercial ou assimilé,0,0,541,2022
480000,78720,CERNAY-LA-VILLE,78,Maison,152,5,500,2022
324950,78700,CONFLANS SAINTE HONORINE,78,Maison,72,4,528,2022
603000,78310,MAUREPAS,78,Maison,138,5,605,2022
603000,78310,MAUREPAS,78,Maison,138,5,700,2022
2000000,78630,MORAINVILLIERS,78,Dépendance,0,0,856,2022
2000000,78630,MORAINVILLIERS,78,Maison,88,5,856,2022
510000,78500,SARTROUVILLE,78,Maison,76,3,521,2022
683500,78470,SAINT-REMY-LES-CHEVREUSE,78,Dépendance,0,0,904,2022
683500,78470,SAINT-REMY-LES-CHEVREUSE,78,Maison,150,8,904,2022
340000,78200,MANTES-LA-JOLIE,78,Maison,96,4,380,2022
340000,78200,MANTES-LA-JOLIE,78,Maison,96,4,500,2022
819000,78480,VERNEUIL SUR SEINE,78,Maison,158,6,583,2022
952400,78230,PECQ (LE),78,Dépendance,0,0,151,2022
952400,78230,PECQ (LE),78,Appartement,59,2,1079,2022
952400,78230,PECQ (LE),78,Dépendance,0,0,1079,2022
952400,78230,PECQ (LE),78,Appartement,142,6,1079,2022
952400,78230,PECQ (LE),78,Appartement,142,6,151,2022
952400,78230,PECQ (LE),78,Appartement,59,2,151,2022
209900,78980,LONGNES,78,Dépendance,0,0,185,2022
209900,78980,LONGNES,78,Maison,50,5,185,2022
601150,78500,SARTROUVILLE,78,Maison,70,3,511,2022
560000,78500,SARTROUVILLE,78,Maison,95,5,813,2022
560000,78500,SARTROUVILLE,78,Dépendance,0,0,813,2022
659620,78210,SAINT-CYR-L ECOLE,78,Dépendance,0,0,290,2022
659620,78210,SAINT-CYR-L ECOLE,78,Maison,96,4,290,2022
180000,78520,LIMAY,78,Appartement,30,1,56,2022
180000,78520,LIMAY,78,Appartement,60,2,56,2022
600000,78500,SARTROUVILLE,78,Maison,100,4,268,2022
1270000,78600,MAISONS-LAFFITTE,78,Maison,100,5,377,2022
38700000,78140,VELIZY VILLACOUBLAY,78,Local industriel. commercial ou assimilé,2200,0,3644,2022
430000,78810,FEUCHEROLLES,78,Maison,72,4,471,2022
430000,78810,FEUCHEROLLES,78,Dépendance,0,0,471,2022
675300,78690,SAINT-REMY-L HONORE,78,Maison,174,7,1000,2022
675300,78690,SAINT-REMY-L HONORE,78,Maison,174,7,8534,2022
304210,78320,LEVIS-SAINT-NOM,78,Maison,56,2,900,2022
304210,78320,LEVIS-SAINT-NOM,78,Maison,56,2,55,2022
300000,78310,MAUREPAS,78,Dépendance,0,0,237,2022
300000,78310,MAUREPAS,78,Maison,85,5,237,2022
540300,78310,MAUREPAS,78,Maison,139,6,393,2022
685000,78210,SAINT-CYR-L ECOLE,78,Maison,71,4,375,2022
1105250,78240,CHAMBOURCY,78,Maison,204,7,1142,2022
214000,78111,DAMMARTIN EN SERVE,78,Maison,83,4,898,2022
930701,78720,DAMPIERRE-EN-YVELINES,78,Dépendance,0,0,865,2022
930701,78720,DAMPIERRE-EN-YVELINES,78,Maison,250,6,2500,2022
930701,78720,DAMPIERRE-EN-YVELINES,78,Maison,250,6,865,2022
930701,78720,DAMPIERRE-EN-YVELINES,78,Dépendance,0,0,2500,2022
323000,78730,SAINT-ARNOULT-EN-YVELINES,78,Maison,92,5,474,2022
332370,78410,FLINS-SUR-SEINE,78,Maison,86,2,495,2022
369000,78700,CONFLANS SAINTE HONORINE,78,Maison,70,4,538,2022
465200,78440,JAMBVILLE,78,Dépendance,0,0,685,2022
465200,78440,JAMBVILLE,78,Maison,171,6,685,2022
1250000,78000,VERSAILLES,78,Maison,160,6,188,2022
1250000,78000,VERSAILLES,78,Dépendance,0,0,188,2022
1730000,78760,JOUARS-PONTCHARTRAIN,78,Local industriel. commercial ou assimilé,460,0,3635,2022
646000,78140,VELIZY VILLACOUBLAY,78,Maison,52,4,197,2022
290000,78490,GALLUIS,78,Maison,77,4,830,2022
567670,78470,SAINT-REMY-LES-CHEVREUSE,78,Maison,106,6,366,2022
190000,78510,TRIEL SUR SEINE,78,Appartement,46,2,35,2022
190000,78510,TRIEL SUR SEINE,78,Local industriel. commercial ou assimilé,40,0,35,2022
190000,78510,TRIEL SUR SEINE,78,Local industriel. commercial ou assimilé,50,0,35,2022
530000,78760,JOUARS-PONTCHARTRAIN,78,Maison,101,5,850,2022
551000,78730,SAINT-ARNOULT-EN-YVELINES,78,Dépendance,0,0,590,2022
551000,78730,SAINT-ARNOULT-EN-YVELINES,78,Maison,140,6,590,2022
380600,78680,EPONE,78,Maison,55,3,724,2022
380600,78680,EPONE,78,Maison,55,3,500,2022
728005,78460,CHEVREUSE,78,Maison,183,7,512,2022
426880,78910,ORVILLIERS,78,Maison,126,5,1023,2022
426880,78910,ORVILLIERS,78,Maison,126,5,500,2022
1440230,78290,CROISSY SUR SEINE,78,Maison,188,6,801,2022
2566000,78000,VERSAILLES,78,Maison,228,9,1265,2022
2566000,78000,VERSAILLES,78,Dépendance,0,0,1265,2022
1206300,78670,VILLENNES-SUR-SEINE,78,Maison,149,6,1373,2022
954280,78400,CHATOU,78,Maison,89,1,393,2022
954280,78400,CHATOU,78,Dépendance,0,0,393,2022
550500,78480,VERNEUIL SUR SEINE,78,Maison,56,3,422,2022
686200,78310,MAUREPAS,78,Maison,138,5,810,2022
277000,78840,FRENEUSE,78,Maison,113,6,589,2022
252780,78270,BONNIERES-SUR-SEINE,78,Maison,92,4,495,2022
825000,78500,SARTROUVILLE,78,Maison,140,5,368,2022
825000,78500,SARTROUVILLE,78,Dépendance,0,0,368,2022
458000,78510,TRIEL SUR SEINE,78,Dépendance,0,0,751,2022
458000,78510,TRIEL SUR SEINE,78,Maison,127,4,751,2022
346000,78300,POISSY,78,Maison,64,4,393,2022
540000,78500,SARTROUVILLE,78,Maison,70,4,217,2022
200000,78440,FONTENAY-SAINT-PERE,78,Maison,115,5,267,2022
200000,78440,FONTENAY-SAINT-PERE,78,Dépendance,0,0,267,2022
1128250,78110,VESINET (LE),78,Dépendance,0,0,476,2022
1128250,78110,VESINET (LE),78,Maison,130,6,476,2022
416000,78510,TRIEL SUR SEINE,78,Maison,99,4,479,2022
1534000,78150,LE CHESNAY-ROCQUENCOURT,78,Maison,117,5,310,2022
310650,78711,MANTES-LA-VILLE,78,Maison,93,4,437,2022
310650,78711,MANTES-LA-VILLE,78,Maison,93,4,493,2022
220000,78200,PERDREAUVILLE,78,Maison,58,3,1449,2022
364400,78650,BEYNES,78,Dépendance,0,0,418,2022
364400,78650,BEYNES,78,Maison,94,6,418,2022
982550,78490,GALLUIS,78,Maison,141,4,102,2022
982550,78490,GALLUIS,78,Maison,141,4,972,2022
433000,78114,MAGNY-LES-HAMEAUX,78,Dépendance,0,0,155,2022
433000,78114,MAGNY-LES-HAMEAUX,78,Maison,128,5,155,2022
433000,78114,MAGNY-LES-HAMEAUX,78,Dépendance,0,0,17,2022
288083,78711,MANTES-LA-VILLE,78,Maison,94,4,164,2022
244700,78980,NEAUPHLETTE,78,Maison,98,5,224,2022
305000,78980,NEAUPHLETTE,78,Maison,130,5,549,2022
305000,78980,NEAUPHLETTE,78,Maison,130,5,500,2022
408000,78260,ACHERES,78,Maison,98,5,552,2022
485000,78460,CHEVREUSE,78,Maison,97,4,430,2022
4500000,78140,VELIZY VILLACOUBLAY,78,Local industriel. commercial ou assimilé,1732,0,2562,2022
8000000,78610,BREVIAIRES (LES),78,Local industriel. commercial ou assimilé,400,0,32400,2022
8000000,78610,BREVIAIRES (LES),78,Dépendance,0,0,10810,2022
8000000,78610,BREVIAIRES (LES),78,Maison,130,10,10810,2022
8000000,78610,BREVIAIRES (LES),78,Maison,80,3,10810,2022
8000000,78610,BREVIAIRES (LES),78,Local industriel. commercial ou assimilé,95,0,10810,2022
8000000,78610,BREVIAIRES (LES),78,Maison,120,5,10810,2022
8000000,78610,BREVIAIRES (LES),78,Local industriel. commercial ou assimilé,400,0,10810,2022
8000000,78610,BREVIAIRES (LES),78,Maison,250,7,10810,2022
8000000,78610,BREVIAIRES (LES),78,Local industriel. commercial ou assimilé,460,0,10810,2022
8000000,78610,BREVIAIRES (LES),78,Maison,364,9,10810,2022
8000000,78610,BREVIAIRES (LES),78,Dépendance,0,0,2040,2022
8000000,78610,BREVIAIRES (LES),78,Maison,364,9,32400,2022
8000000,78610,BREVIAIRES (LES),78,Maison,54,3,32400,2022
8000000,78610,BREVIAIRES (LES),78,Local industriel. commercial ou assimilé,1726,0,32400,2022
8000000,78610,BREVIAIRES (LES),78,Local industriel. commercial ou assimilé,460,0,32400,2022
8000000,78610,BREVIAIRES (LES),78,Maison,250,7,32400,2022
8000000,78610,BREVIAIRES (LES),78,Maison,130,10,2040,2022
8000000,78610,BREVIAIRES (LES),78,Maison,120,5,32400,2022
8000000,78610,BREVIAIRES (LES),78,Local industriel. commercial ou assimilé,95,0,32400,2022
8000000,78610,BREVIAIRES (LES),78,Maison,80,3,32400,2022
8000000,78610,BREVIAIRES (LES),78,Maison,54,3,2040,2022
8000000,78610,BREVIAIRES (LES),78,Local industriel. commercial ou assimilé,1726,0,2040,2022
8000000,78610,BREVIAIRES (LES),78,Local industriel. commercial ou assimilé,460,0,2040,2022
8000000,78610,BREVIAIRES (LES),78,Maison,250,7,2040,2022
8000000,78610,BREVIAIRES (LES),78,Local industriel. commercial ou assimilé,400,0,2040,2022
8000000,78610,BREVIAIRES (LES),78,Maison,120,5,2040,2022
8000000,78610,BREVIAIRES (LES),78,Local industriel. commercial ou assimilé,95,0,2040,2022
8000000,78610,BREVIAIRES (LES),78,Local industriel. commercial ou assimilé,1726,0,10810,2022
8000000,78610,BREVIAIRES (LES),78,Maison,54,3,10810,2022
8000000,78610,BREVIAIRES (LES),78,Maison,80,3,2040,2022
8000000,78610,BREVIAIRES (LES),78,Local industriel. commercial ou assimilé,400,0,248300,2022
8000000,78610,BREVIAIRES (LES),78,Maison,364,9,2040,2022
8000000,78610,BREVIAIRES (LES),78,Dépendance,0,0,11100,2022
8000000,78610,BREVIAIRES (LES),78,Maison,130,10,11100,2022
8000000,78610,BREVIAIRES (LES),78,Maison,80,3,11100,2022
8000000,78610,BREVIAIRES (LES),78,Local industriel. commercial ou assimilé,95,0,11100,2022
8000000,78610,BREVIAIRES (LES),78,Maison,120,5,11100,2022
8000000,78610,BREVIAIRES (LES),78,Local industriel. commercial ou assimilé,400,0,11100,2022
8000000,78610,BREVIAIRES (LES),78,Maison,250,7,11100,2022
8000000,78610,BREVIAIRES (LES),78,Local industriel. commercial ou assimilé,460,0,11100,2022
8000000,78610,BREVIAIRES (LES),78,Local industriel. commercial ou assimilé,1726,0,11100,2022
8000000,78610,BREVIAIRES (LES),78,Maison,54,3,11100,2022
8000000,78610,BREVIAIRES (LES),78,Maison,364,9,11100,2022
8000000,78610,BREVIAIRES (LES),78,Dépendance,0,0,10220,2022
8000000,78610,BREVIAIRES (LES),78,Maison,130,10,10220,2022
8000000,78610,BREVIAIRES (LES),78,Maison,80,3,10220,2022
8000000,78610,BREVIAIRES (LES),78,Local industriel. commercial ou assimilé,95,0,10220,2022
8000000,78610,BREVIAIRES (LES),78,Maison,120,5,10220,2022
8000000,78610,BREVIAIRES (LES),78,Local industriel. commercial ou assimilé,400,0,10220,2022
8000000,78610,BREVIAIRES (LES),78,Maison,250,7,10220,2022
8000000,78610,BREVIAIRES (LES),78,Local industriel. commercial ou assimilé,460,0,10220,2022
8000000,78610,BREVIAIRES (LES),78,Local industriel. commercial ou assimilé,1726,0,10220,2022
8000000,78610,BREVIAIRES (LES),78,Maison,54,3,10220,2022
8000000,78610,BREVIAIRES (LES),78,Maison,364,9,10220,2022
8000000,78610,BREVIAIRES (LES),78,Dépendance,0,0,248300,2022
8000000,78610,BREVIAIRES (LES),78,Maison,130,10,248300,2022
8000000,78610,BREVIAIRES (LES),78,Maison,80,3,248300,2022
8000000,78610,BREVIAIRES (LES),78,Local industriel. commercial ou assimilé,95,0,248300,2022
8000000,78610,BREVIAIRES (LES),78,Maison,120,5,248300,2022
8000000,78610,BREVIAIRES (LES),78,Local industriel. commercial ou assimilé,400,0,67600,2022
8000000,78610,BREVIAIRES (LES),78,Local industriel. commercial ou assimilé,460,0,67600,2022
8000000,78610,BREVIAIRES (LES),78,Local industriel. commercial ou assimilé,1726,0,67600,2022
8000000,78610,BREVIAIRES (LES),78,Maison,54,3,67600,2022
8000000,78610,BREVIAIRES (LES),78,Maison,364,9,67600,2022
8000000,78610,BREVIAIRES (LES),78,Dépendance,0,0,32400,2022
8000000,78610,BREVIAIRES (LES),78,Maison,130,10,32400,2022
8000000,78610,BREVIAIRES (LES),78,Local industriel. commercial ou assimilé,1726,0,636200,2022
8000000,78610,BREVIAIRES (LES),78,Local industriel. commercial ou assimilé,460,0,636200,2022
8000000,78610,BREVIAIRES (LES),78,Maison,250,7,636200,2022
8000000,78610,BREVIAIRES (LES),78,Maison,364,9,636200,2022
8000000,78610,BREVIAIRES (LES),78,Local industriel. commercial ou assimilé,400,0,636200,2022
8000000,78610,BREVIAIRES (LES),78,Maison,120,5,636200,2022
8000000,78610,BREVIAIRES (LES),78,Maison,250,7,67600,2022
8000000,78610,BREVIAIRES (LES),78,Dépendance,0,0,67600,2022
8000000,78610,BREVIAIRES (LES),78,Maison,130,10,67600,2022
8000000,78610,BREVIAIRES (LES),78,Maison,80,3,67600,2022
8000000,78610,BREVIAIRES (LES),78,Local industriel. commercial ou assimilé,95,0,67600,2022
8000000,78610,BREVIAIRES (LES),78,Maison,120,5,67600,2022
8000000,78610,BREVIAIRES (LES),78,Maison,54,3,636200,2022
8000000,78610,BREVIAIRES (LES),78,Local industriel. commercial ou assimilé,95,0,636200,2022
8000000,78610,BREVIAIRES (LES),78,Maison,250,7,248300,2022
8000000,78610,BREVIAIRES (LES),78,Local industriel. commercial ou assimilé,460,0,248300,2022
8000000,78610,BREVIAIRES (LES),78,Local industriel. commercial ou assimilé,1726,0,248300,2022
8000000,78610,BREVIAIRES (LES),78,Maison,54,3,248300,2022
8000000,78610,BREVIAIRES (LES),78,Maison,364,9,248300,2022
8000000,78610,BREVIAIRES (LES),78,Dépendance,0,0,636200,2022
8000000,78610,BREVIAIRES (LES),78,Maison,130,10,636200,2022
8000000,78610,BREVIAIRES (LES),78,Maison,80,3,636200,2022
327850,78650,BEYNES,78,Maison,160,7,520,2022
327850,78650,BEYNES,78,Maison,86,5,234,2022
379630,78770,AUTOUILLET,78,Maison,88,4,916,2022
379630,78770,AUTOUILLET,78,Dépendance,0,0,59,2022
379630,78770,AUTOUILLET,78,Dépendance,0,0,916,2022
379630,78770,AUTOUILLET,78,Maison,88,4,59,2022
317535,78640,VILLIERS-SAINT-FREDERIC,78,Maison,85,5,53,2022
567500,78120,SONCHAMP,78,Maison,212,4,500,2022
567500,78120,SONCHAMP,78,Maison,212,4,190,2022
230000,78460,CHEVREUSE,78,Dépendance,0,0,847,2022
230000,78460,CHEVREUSE,78,Maison,121,4,847,2022
550000,78470,SAINT-REMY-LES-CHEVREUSE,78,Dépendance,0,0,767,2022
550000,78470,SAINT-REMY-LES-CHEVREUSE,78,Maison,130,7,767,2022
286000,78310,MAUREPAS,78,Maison,80,4,169,2022
700000,78300,POISSY,78,Appartement,68,4,376,2022
700000,78300,POISSY,78,Local industriel. commercial ou assimilé,244,0,376,2022
827000,78120,RAMBOUILLET,78,Maison,175,6,891,2022
827000,78120,RAMBOUILLET,78,Dépendance,0,0,891,2022
1015000,78112,SAINT-GERMAIN-EN-LAYE,78,Maison,130,5,719,2022
612200,78700,CONFLANS SAINTE HONORINE,78,Maison,112,6,740,2022
612200,78700,CONFLANS SAINTE HONORINE,78,Dépendance,0,0,740,2022
350000,78270,LOMMOYE,78,Maison,150,4,1115,2022
420650,78113,GRANDCHAMP,78,Maison,167,7,1725,2022
420650,78113,GRANDCHAMP,78,Maison,167,7,500,2022
1202000,78310,COIGNIERES,78,Maison,120,3,500,2022
1202000,78310,COIGNIERES,78,Maison,46,2,500,2022
1202000,78310,COIGNIERES,78,Maison,46,2,200,2022
1202000,78310,COIGNIERES,78,Maison,120,3,200,2022
1815500,78000,VERSAILLES,78,Maison,120,4,305,2022
1206496,78230,PECQ (LE),78,Maison,124,5,509,2022
1206496,78230,PECQ (LE),78,Dépendance,0,0,509,2022
294000,78310,MAUREPAS,78,Maison,77,4,89,2022
406000,78830,BONNELLES,78,Maison,103,3,608,2022
399000,78610,AUFFARGIS,78,Maison,99,4,769,2022
852444,78460,CHEVREUSE,78,Maison,160,5,963,2022
487000,78700,CONFLANS SAINTE HONORINE,78,Maison,106,6,175,2022
390000,78820,JUZIERS,78,Maison,180,7,500,2022
390000,78820,JUZIERS,78,Maison,180,7,550,2022
455000,78700,CONFLANS SAINTE HONORINE,78,Maison,127,5,468,2022
12000,78711,MANTES-LA-VILLE,78,Dépendance,0,0,32,2022
460000,78200,MANTES-LA-JOLIE,78,Dépendance,0,0,366,2022
460000,78200,MANTES-LA-JOLIE,78,Maison,95,5,366,2022
210000,78320,MESNIL-SAINT-DENIS (LE),78,Maison,88,4,368,2022
720000,78960,VOISINS-LE-BRETONNEUX,78,Maison,147,5,386,2022
301350,78125,ORCEMONT,78,Maison,91,4,769,2022
521740,78360,MONTESSON,78,Maison,106,5,178,2022
480000,78540,VERNOUILLET,78,Maison,108,4,398,2022
280000,78310,MAUREPAS,78,Maison,81,4,129,2022
300000,78490,GALLUIS,78,Dépendance,0,0,247,2022
300000,78490,GALLUIS,78,Maison,79,3,247,2022
300000,78490,GALLUIS,78,Dépendance,0,0,288,2022
298700,78970,MEZIERES-SUR-SEINE,78,Dépendance,0,0,203,2022
298700,78970,MEZIERES-SUR-SEINE,78,Maison,100,4,203,2022
381000,78680,EPONE,78,Maison,81,5,419,2022
444874,78180,MONTIGNY LE BRETONNEUX,78,Maison,99,5,314,2022
1441750,78290,CROISSY SUR SEINE,78,Maison,165,6,872,2022
485000,78630,MORAINVILLIERS,78,Maison,118,3,615,2022
620000,78760,JOUARS-PONTCHARTRAIN,78,Maison,130,6,500,2022
620000,78760,JOUARS-PONTCHARTRAIN,78,Maison,130,6,2248,2022
620000,78760,JOUARS-PONTCHARTRAIN,78,Maison,130,6,821,2022
365000,78700,CONFLANS SAINTE HONORINE,78,Maison,74,3,252,2022
580000,78630,ORGEVAL,78,Maison,117,4,533,2022
544000,78510,TRIEL SUR SEINE,78,Dépendance,0,0,1000,2022
544000,78510,TRIEL SUR SEINE,78,Maison,168,6,1000,2022
544000,78510,TRIEL SUR SEINE,78,Maison,168,6,308,2022
544000,78510,TRIEL SUR SEINE,78,Dépendance,0,0,308,2022
1700000,78100,SAINT-GERMAIN-EN-LAYE,78,Maison,207,10,456,2022
828800,78400,CHATOU,78,Maison,140,7,404,2022
350000,78550,BAZAINVILLE,78,Dépendance,0,0,1380,2022
350000,78550,BAZAINVILLE,78,Maison,105,5,1380,2022
1090000,78480,VERNEUIL SUR SEINE,78,Dépendance,0,0,874,2022
1090000,78480,VERNEUIL SUR SEINE,78,Appartement,189,7,874,2022
1090000,78480,VERNEUIL SUR SEINE,78,Appartement,47,3,874,2022
415000,78700,CONFLANS SAINTE HONORINE,78,Dépendance,0,0,395,2022
415000,78700,CONFLANS SAINTE HONORINE,78,Maison,65,4,395,2022
572000,78320,MESNIL-SAINT-DENIS (LE),78,Maison,140,6,548,2022
404000,78280,GUYANCOURT,78,Dépendance,0,0,124,2022
404000,78280,GUYANCOURT,78,Maison,100,5,124,2022
390000,78260,ACHERES,78,Maison,89,5,215,2022
407100,78700,CONFLANS SAINTE HONORINE,78,Maison,123,4,272,2022
745041,78500,SARTROUVILLE,78,Dépendance,0,0,237,2022
745041,78500,SARTROUVILLE,78,Maison,65,5,237,2022
513000,78320,MESNIL-SAINT-DENIS (LE),78,Maison,144,7,683,2022
447000,78340,CLAYES-SOUS-BOIS (LES),78,Dépendance,0,0,399,2022
447000,78340,CLAYES-SOUS-BOIS (LES),78,Maison,136,6,399,2022
390000,78730,SAINTE-MESME,78,Maison,146,5,2300,2022
390000,78730,SAINTE-MESME,78,Maison,146,5,582,2022
955000,78960,VOISINS-LE-BRETONNEUX,78,Maison,178,8,800,2022
1338200,78290,CROISSY SUR SEINE,78,Maison,160,7,938,2022
428000,78700,CONFLANS SAINTE HONORINE,78,Maison,96,4,314,2022
864975,78310,MAUREPAS,78,Maison,318,7,1102,2022
864975,78310,MAUREPAS,78,Dépendance,0,0,1102,2022
385000,78190,TRAPPES,78,Dépendance,0,0,538,2022
385000,78190,TRAPPES,78,Maison,105,6,538,2022
385000,78190,TRAPPES,78,Local industriel. commercial ou assimilé,220,0,538,2022
264000,78310,MAUREPAS,78,Dépendance,0,0,130,2022
264000,78310,MAUREPAS,78,Maison,88,4,130,2022
574000,78320,MESNIL-SAINT-DENIS (LE),78,Maison,140,6,453,2022
761500,78320,MESNIL-SAINT-DENIS (LE),78,Maison,180,9,802,2022
761500,78320,MESNIL-SAINT-DENIS (LE),78,Maison,180,9,500,2022
320000,78700,CONFLANS SAINTE HONORINE,78,Maison,82,5,200,2022
400000,78510,TRIEL SUR SEINE,78,Dépendance,0,0,619,2022
400000,78510,TRIEL SUR SEINE,78,Maison,75,3,500,2022
400000,78510,TRIEL SUR SEINE,78,Dépendance,0,0,500,2022
400000,78510,TRIEL SUR SEINE,78,Maison,75,3,619,2022
684050,78960,VOISINS-LE-BRETONNEUX,78,Maison,160,7,297,2022
268000,78200,BUCHELAY,78,Maison,99,5,504,2022
268000,78200,BUCHELAY,78,Dépendance,0,0,504,2022
473000,78370,PLAISIR,78,Maison,50,3,634,2022
473000,78370,PLAISIR,78,Maison,238,8,634,2022
473000,78370,PLAISIR,78,Maison,78,3,634,2022
473000,78370,PLAISIR,78,Dépendance,0,0,634,2022
569900,78700,CONFLANS SAINTE HONORINE,78,Dépendance,0,0,365,2022
569900,78700,CONFLANS SAINTE HONORINE,78,Maison,110,5,365,2022
491400,78700,CONFLANS SAINTE HONORINE,78,Maison,125,5,473,2022
491400,78700,CONFLANS SAINTE HONORINE,78,Dépendance,0,0,473,2022
504600,78340,CLAYES-SOUS-BOIS (LES),78,Maison,155,6,405,2022
890000,78590,NOISY LE ROI,78,Maison,142,6,637,2022
355000,78126,AULNAY-SUR-MAULDRE,78,Dépendance,0,0,402,2022
355000,78126,AULNAY-SUR-MAULDRE,78,Maison,70,4,402,2022
1460000,78110,VESINET (LE),78,Maison,189,6,160,2022
1460000,78110,VESINET (LE),78,Maison,189,6,1340,2022
405000,78320,MESNIL-SAINT-DENIS (LE),78,Maison,100,4,316,2022
546000,78340,CLAYES-SOUS-BOIS (LES),78,Maison,196,7,338,2022
546000,78340,CLAYES-SOUS-BOIS (LES),78,Dépendance,0,0,338,2022
505000,78890,GARANCIERES,78,Maison,120,4,500,2022
695000,78000,VERSAILLES,78,Maison,90,4,190,2022
695000,78000,VERSAILLES,78,Dépendance,0,0,190,2022
637350,78117,CHATEAUFORT,78,Maison,119,6,536,2022
295000,78330,FONTENAY LE FLEURY,78,Maison,40,3,121,2022
690000,78450,VILLEPREUX,78,Maison,150,5,540,2022
413600,78910,FLEXANVILLE,78,Maison,163,6,362,2022
413600,78910,FLEXANVILLE,78,Dépendance,0,0,362,2022
1080000,78720,SENLISSE,78,Dépendance,0,0,2563,2022
1080000,78720,SENLISSE,78,Maison,283,6,2563,2022
1080000,78720,SENLISSE,78,Dépendance,0,0,500,2022
1080000,78720,SENLISSE,78,Maison,283,6,500,2022
545000,78370,PLAISIR,78,Maison,128,7,560,2022
390300,78450,VILLEPREUX,78,Maison,95,5,398,2022
511310,78340,CLAYES-SOUS-BOIS (LES),78,Dépendance,0,0,422,2022
511310,78340,CLAYES-SOUS-BOIS (LES),78,Maison,110,5,422,2022
405200,78370,PLAISIR,78,Maison,84,5,228,2022
213000,78711,MANTES-LA-VILLE,78,Maison,49,4,148,2022
290000,78260,ACHERES,78,Maison,66,4,135,2022
610000,78760,JOUARS-PONTCHARTRAIN,78,Maison,199,6,912,2022
357800,78700,CONFLANS SAINTE HONORINE,78,Maison,73,4,257,2022
370700,78270,LIMETZ-VILLEZ,78,Dépendance,0,0,1000,2022
370700,78270,LIMETZ-VILLEZ,78,Maison,113,3,903,2022
370700,78270,LIMETZ-VILLEZ,78,Dépendance,0,0,903,2022
370700,78270,LIMETZ-VILLEZ,78,Maison,113,3,1000,2022
850000,78000,VERSAILLES,78,Maison,67,4,77,2022
850000,78000,VERSAILLES,78,Dépendance,0,0,77,2022
850000,78000,VERSAILLES,78,Maison,67,4,703,2022
850000,78000,VERSAILLES,78,Dépendance,0,0,703,2022
528250,78670,MEDAN,78,Maison,110,6,51,2022
443000,78200,FAVRIEUX,78,Maison,37,1,759,2022
443000,78200,FAVRIEUX,78,Maison,84,4,759,2022
443000,78200,FAVRIEUX,78,Maison,37,1,500,2022
443000,78200,FAVRIEUX,78,Maison,84,4,500,2022
35000,78460,CHEVREUSE,78,Dépendance,0,0,200,2022
35000,78460,CHEVREUSE,78,Dépendance,0,0,861,2022
282000,78520,LIMAY,78,Maison,104,5,31,2022
664150,78540,VERNOUILLET,78,Maison,103,4,500,2022
664150,78540,VERNOUILLET,78,Maison,103,4,533,2022
448550,78955,CARRIERES SOUS POISSY,78,Maison,139,6,366,2022
188000,78800,HOUILLES,78,Maison,40,3,135,2022
505000,78800,HOUILLES,78,Maison,95,4,257,2022
505000,78800,HOUILLES,78,Dépendance,0,0,257,2022
395735,78990,ELANCOURT,78,Maison,114,4,287,2022
503050,78450,VILLEPREUX,78,Maison,103,6,249,2022
299800,78640,NEAUPHLE-LE-CHATEAU,78,Maison,72,3,61,2022
299800,78640,NEAUPHLE-LE-CHATEAU,78,Local industriel. commercial ou assimilé,8,0,61,2022
484550,78510,TRIEL SUR SEINE,78,Maison,131,5,409,2022
375000,78330,FONTENAY LE FLEURY,78,Maison,68,5,360,2022
375000,78330,FONTENAY LE FLEURY,78,Dépendance,0,0,360,2022
256100,78450,VILLEPREUX,78,Maison,76,4,139,2022
2081945,78110,VESINET (LE),78,Dépendance,0,0,58,2022
2081945,78110,VESINET (LE),78,Maison,153,6,58,2022
2081945,78110,VESINET (LE),78,Dépendance,0,0,808,2022
2081945,78110,VESINET (LE),78,Maison,153,6,808,2022
313483,78450,VILLEPREUX,78,Maison,90,5,165,2022
700000,78750,MAREIL-MARLY,78,Maison,55,2,121,2022
700000,78750,MAREIL-MARLY,78,Maison,55,2,500,2022
308000,78450,VILLEPREUX,78,Maison,75,5,236,2022
640000,78860,SAINT-NOM-LA-BRETECHE,78,Maison,65,5,157,2022
419513,78450,VILLEPREUX,78,Maison,87,4,192,2022
540320,78450,VILLEPREUX,78,Maison,129,5,307,2022
2185000,78100,SAINT-GERMAIN-EN-LAYE,78,Maison,175,6,510,2022
2185000,78100,SAINT-GERMAIN-EN-LAYE,78,Maison,175,6,300,2022
735000,78230,PECQ (LE),78,Dépendance,0,0,423,2022
735000,78230,PECQ (LE),78,Maison,100,6,423,2022
521000,78720,CERNAY-LA-VILLE,78,Maison,139,6,585,2022
215240,78740,VAUX-SUR-SEINE,78,Maison,70,3,107,2022
107000,78711,MANTES-LA-VILLE,78,Maison,90,4,656,2022
910000,78100,SAINT-GERMAIN-EN-LAYE,78,Dépendance,0,0,427,2022
910000,78100,SAINT-GERMAIN-EN-LAYE,78,Maison,99,4,427,2022
476000,78320,MESNIL-SAINT-DENIS (LE),78,Maison,181,7,602,2022
705000,78000,VERSAILLES,78,Maison,80,3,443,2022
705000,78000,VERSAILLES,78,Dépendance,0,0,443,2022
1309430,78730,SAINTE-MESME,78,Maison,559,9,3555,2022
494900,78320,MESNIL-SAINT-DENIS (LE),78,Maison,140,6,518,2022
636000,78300,POISSY,78,Maison,152,5,715,2022
452000,78120,RAMBOUILLET,78,Maison,132,4,250,2022
180000,78120,SONCHAMP,78,Maison,59,4,669,2022
180000,78120,SONCHAMP,78,Dépendance,0,0,669,2022
180000,78120,SONCHAMP,78,Dépendance,0,0,500,2022
180000,78120,SONCHAMP,78,Maison,59,4,500,2022
2140000,78000,VERSAILLES,78,Maison,263,7,500,2022
1680800,78150,LE CHESNAY-ROCQUENCOURT,78,Maison,139,5,360,2022
258654,78380,BOUGIVAL,78,Maison,40,2,203,2022
258654,78380,BOUGIVAL,78,Dépendance,0,0,203,2022
314800,78610,PERRAY-EN-YVELINES (LE),78,Maison,95,5,412,2022
741170,78810,FEUCHEROLLES,78,Maison,169,7,418,2022
741170,78810,FEUCHEROLLES,78,Dépendance,0,0,418,2022
1837300,78000,VERSAILLES,78,Maison,240,8,403,2022
1837300,78000,VERSAILLES,78,Maison,240,8,300,2022
396571,78125,ORCEMONT,78,Dépendance,0,0,500,2022
396571,78125,ORCEMONT,78,Dépendance,0,0,572,2022
396571,78125,ORCEMONT,78,Maison,128,6,572,2022
396571,78125,ORCEMONT,78,Maison,128,6,500,2022
342860,78210,SAINT-CYR-L ECOLE,78,Maison,65,4,315,2022
376000,78260,ACHERES,78,Maison,63,4,412,2022
790000,78430,LOUVECIENNES,78,Maison,50,2,580,2022
790000,78430,LOUVECIENNES,78,Dépendance,0,0,500,2022
790000,78430,LOUVECIENNES,78,Maison,50,2,500,2022
790000,78430,LOUVECIENNES,78,Dépendance,0,0,580,2022
598500,78580,MAULE,78,Dépendance,0,0,401,2022
598500,78580,MAULE,78,Maison,133,5,401,2022
365000,78450,VILLEPREUX,78,Maison,80,5,189,2022
260000,78450,VILLEPREUX,78,Dépendance,0,0,430,2022
260000,78450,VILLEPREUX,78,Maison,42,2,430,2022
1018000,78240,AIGREMONT,78,Maison,154,5,700,2022
1018000,78240,AIGREMONT,78,Maison,154,5,500,2022
245000,78121,CRESPIERES,78,Maison,105,3,231,2022
260200,78660,ABLIS,78,Maison,95,5,256,2022
260200,78660,ABLIS,78,Dépendance,0,0,256,2022
373000,78124,MONTAINVILLE,78,Maison,132,5,299,2022
373000,78124,MONTAINVILLE,78,Dépendance,0,0,299,2022
240000,78711,MANTES-LA-VILLE,78,Maison,65,4,283,2022
240000,78711,MANTES-LA-VILLE,78,Dépendance,0,0,283,2022
701054,78121,CRESPIERES,78,Maison,150,6,600,2022
701054,78121,CRESPIERES,78,Local industriel. commercial ou assimilé,0,0,600,2022
701054,78121,CRESPIERES,78,Maison,150,6,10417,2022
701054,78121,CRESPIERES,78,Local industriel. commercial ou assimilé,0,0,10417,2022
701054,78121,CRESPIERES,78,Maison,150,6,350,2022
701054,78121,CRESPIERES,78,Local industriel. commercial ou assimilé,0,0,350,2022
312500,78700,CONFLANS SAINTE HONORINE,78,Maison,30,2,248,2022
405000,78330,FONTENAY LE FLEURY,78,Maison,101,3,316,2022
370000,78370,PLAISIR,78,Maison,90,5,192,2022
631450,78120,CLAIREFONTAINE-EN-YVELINES,78,Maison,129,4,300,2022
631450,78120,CLAIREFONTAINE-EN-YVELINES,78,Dépendance,0,0,300,2022
631450,78120,CLAIREFONTAINE-EN-YVELINES,78,Maison,129,4,225,2022
631450,78120,CLAIREFONTAINE-EN-YVELINES,78,Dépendance,0,0,225,2022
438000,78250,TESSANCOURT-SUR-AUBETTE,78,Maison,131,5,714,2022
460000,78200,MANTES-LA-JOLIE,78,Dépendance,0,0,220,2022
460000,78200,MANTES-LA-JOLIE,78,Maison,96,5,220,2022
694150,78460,CHEVREUSE,78,Maison,150,7,918,2022
326400,78550,HOUDAN,78,Maison,104,4,500,2022
326400,78550,HOUDAN,78,Maison,104,4,462,2022
1172450,78380,BOUGIVAL,78,Dépendance,0,0,674,2022
1172450,78380,BOUGIVAL,78,Appartement,45,3,674,2022
1172450,78380,BOUGIVAL,78,Appartement,52,3,674,2022
1172450,78380,BOUGIVAL,78,Appartement,56,3,674,2022
1172450,78380,BOUGIVAL,78,Appartement,32,2,674,2022
1172450,78380,BOUGIVAL,78,Appartement,54,3,674,2022
1172450,78380,BOUGIVAL,78,Appartement,26,1,674,2022
1172450,78380,BOUGIVAL,78,Appartement,28,1,674,2022
1172450,78380,BOUGIVAL,78,Appartement,34,2,674,2022
2398950,78600,MAISONS-LAFFITTE,78,Dépendance,0,0,738,2022
2398950,78600,MAISONS-LAFFITTE,78,Dépendance,0,0,500,2022
2398950,78600,MAISONS-LAFFITTE,78,Maison,282,8,500,2022
2398950,78600,MAISONS-LAFFITTE,78,Maison,29,2,500,2022
2398950,78600,MAISONS-LAFFITTE,78,Maison,282,8,738,2022
2398950,78600,MAISONS-LAFFITTE,78,Maison,29,2,738,2022
410000,78570,CHANTELOUP-LES-VIGNES,78,Maison,158,7,500,2022
440000,78570,CHANTELOUP-LES-VIGNES,78,Maison,92,4,315,2022
497000,78770,ANDELU,78,Maison,160,6,992,2022
497000,78770,ANDELU,78,Maison,160,6,500,2022
372000,78730,PONTHEVRARD,78,Maison,130,5,500,2022
372000,78730,PONTHEVRARD,78,Maison,130,5,551,2022
277800,78660,ABLIS,78,Maison,100,5,234,2022
620350,78460,CHOISEL,78,Dépendance,0,0,478,2022
620350,78460,CHOISEL,78,Maison,115,4,500,2022
620350,78460,CHOISEL,78,Dépendance,0,0,500,2022
620350,78460,CHOISEL,78,Maison,115,4,478,2022
345700,78470,SAINT-REMY-LES-CHEVREUSE,78,Maison,57,3,390,2022
345700,78470,SAINT-REMY-LES-CHEVREUSE,78,Dépendance,0,0,390,2022
603750,78870,BAILLY,78,Maison,83,4,224,2022
457000,78960,VOISINS-LE-BRETONNEUX,78,Dépendance,0,0,241,2022
457000,78960,VOISINS-LE-BRETONNEUX,78,Maison,106,5,241,2022
560476,78180,MONTIGNY LE BRETONNEUX,78,Maison,98,5,383,2022
273400,78440,ISSOU,78,Dépendance,0,0,425,2022
273400,78440,ISSOU,78,Maison,126,5,425,2022
315300,78370,PLAISIR,78,Maison,80,4,128,2022
680000,78960,VOISINS-LE-BRETONNEUX,78,Maison,168,6,419,2022
348620,78410,AUBERGENVILLE,78,Maison,102,4,440,2022
1342600,78380,BOUGIVAL,78,Maison,211,6,964,2022
1850000,78100,SAINT-GERMAIN-EN-LAYE,78,Maison,80,3,627,2022
1850000,78100,SAINT-GERMAIN-EN-LAYE,78,Dépendance,0,0,627,2022
960000,78620,ETANG-LA-VILLE (L ),78,Dépendance,0,0,500,2022
960000,78620,ETANG-LA-VILLE (L ),78,Maison,210,7,506,2022
960000,78620,ETANG-LA-VILLE (L ),78,Dépendance,0,0,506,2022
960000,78620,ETANG-LA-VILLE (L ),78,Maison,210,7,500,2022
401000,78410,AUBERGENVILLE,78,Maison,18,1,616,2022
401000,78410,AUBERGENVILLE,78,Maison,75,4,616,2022
404285,78410,FLINS-SUR-SEINE,78,Maison,101,5,544,2022
915000,78730,ROCHEFORT-EN-YVELINES,78,Dépendance,0,0,622,2022
915000,78730,ROCHEFORT-EN-YVELINES,78,Maison,150,7,622,2022
915000,78730,ROCHEFORT-EN-YVELINES,78,Local industriel. commercial ou assimilé,50,0,622,2022
6966561,78210,SAINT-CYR-L ECOLE,78,Local industriel. commercial ou assimilé,59,0,4849,2022
396600,78120,RAMBOUILLET,78,Dépendance,0,0,438,2022
396600,78120,RAMBOUILLET,78,Maison,90,6,438,2022
687820,78500,SARTROUVILLE,78,Maison,140,5,430,2022
296350,78310,MAUREPAS,78,Maison,86,5,75,2022
895160,78450,CHAVENAY,78,Maison,223,7,200,2022
895160,78450,CHAVENAY,78,Maison,223,7,1297,2022
895160,78450,CHAVENAY,78,Dépendance,0,0,600,2022
895160,78450,CHAVENAY,78,Dépendance,0,0,3065,2022
895160,78450,CHAVENAY,78,Dépendance,0,0,4172,2022
700000,78640,VILLIERS-SAINT-FREDERIC,78,Local industriel. commercial ou assimilé,2271,0,5857,2022
700000,78640,VILLIERS-SAINT-FREDERIC,78,Local industriel. commercial ou assimilé,2486,0,5857,2022
700000,78640,VILLIERS-SAINT-FREDERIC,78,Local industriel. commercial ou assimilé,556,0,5857,2022
421950,78770,AUTEUIL-LE-ROI,78,Maison,97,5,500,2022
270000,78125,SAINT-HILARION,78,Maison,96,5,900,2022
270000,78125,SAINT-HILARION,78,Maison,96,5,500,2022
1035000,78290,CROISSY SUR SEINE,78,Maison,161,6,444,2022
336000,78820,JUZIERS,78,Maison,109,5,252,2022
565000,78800,HOUILLES,78,Maison,94,4,340,2022
385000,78610,PERRAY-EN-YVELINES (LE),78,Maison,101,5,507,2022
290000,78100,SAINT-GERMAIN-EN-LAYE,78,Maison,50,2,147,2022
190000,78660,BOINVILLE-LE-GAILLARD,78,Maison,70,4,500,2022
190000,78660,BOINVILLE-LE-GAILLARD,78,Maison,70,4,407,2022
497800,78160,MARLY-LE-ROI,78,Maison,124,7,591,2022
409000,78830,BULLION,78,Maison,64,3,684,2022
409000,78830,BULLION,78,Maison,64,3,500,2022
548150,78114,MAGNY-LES-HAMEAUX,78,Maison,125,5,436,2022
454900,78930,VILLETTE,78,Maison,138,5,500,2022
454900,78930,VILLETTE,78,Maison,138,5,1000,2022
267100,78660,ABLIS,78,Maison,102,5,219,2022
415000,78830,BONNELLES,78,Maison,112,5,465,2022
325000,78990,ELANCOURT,78,Maison,99,5,249,2022
325000,78990,ELANCOURT,78,Dépendance,0,0,510,2022
350000,78910,ORGERUS,78,Maison,83,5,400,2022
350000,78910,ORGERUS,78,Maison,83,5,600,2022
345500,78340,CLAYES-SOUS-BOIS (LES),78,Maison,100,5,291,2022
1158000,78720,SAINT-FORGET,78,Maison,130,3,1160,2022
1158000,78720,SAINT-FORGET,78,Local industriel. commercial ou assimilé,70,0,1160,2022
1158000,78720,SAINT-FORGET,78,Local industriel. commercial ou assimilé,70,0,163,2022
1158000,78720,SAINT-FORGET,78,Maison,130,3,163,2022
569150,78320,MESNIL-SAINT-DENIS (LE),78,Maison,144,7,581,2022
728000,78630,ORGEVAL,78,Maison,156,6,597,2022
278000,78270,LIMETZ-VILLEZ,78,Dépendance,0,0,358,2022
278000,78270,LIMETZ-VILLEZ,78,Appartement,27,2,358,2022
278000,78270,LIMETZ-VILLEZ,78,Appartement,28,2,358,2022
278000,78270,LIMETZ-VILLEZ,78,Appartement,70,3,358,2022
278000,78270,LIMETZ-VILLEZ,78,Appartement,50,3,358,2022
780000,78870,BAILLY,78,Maison,166,7,478,2022
376000,78970,MEZIERES-SUR-SEINE,78,Maison,103,5,585,2022
911600,78150,LE CHESNAY-ROCQUENCOURT,78,Maison,89,4,161,2022
388972,78990,ELANCOURT,78,Maison,104,5,210,2022
367670,78740,VAUX-SUR-SEINE,78,Maison,170,6,131,2022
65000,78270,BONNIERES-SUR-SEINE,78,Local industriel. commercial ou assimilé,39,0,28,2022
218000,78710,ROSNY-SUR-SEINE,78,Dépendance,0,0,333,2022
218000,78710,ROSNY-SUR-SEINE,78,Maison,60,2,333,2022
490000,78640,NEAUPHLE-LE-CHATEAU,78,Maison,65,3,470,2022
312000,78520,LIMAY,78,Dépendance,0,0,410,2022
312000,78520,LIMAY,78,Dépendance,0,0,534,2022
312000,78520,LIMAY,78,Maison,120,6,534,2022
312000,78520,LIMAY,78,Maison,120,6,410,2022
1089400,78290,CROISSY SUR SEINE,78,Maison,171,7,493,2022
347000,78830,BONNELLES,78,Maison,115,5,544,2022
513700,78310,MAUREPAS,78,Maison,132,5,375,2022
525000,78510,TRIEL SUR SEINE,78,Maison,140,6,500,2022
525000,78510,TRIEL SUR SEINE,78,Maison,140,6,462,2022
850000,78370,PLAISIR,78,Maison,153,7,500,2022
850000,78370,PLAISIR,78,Maison,153,7,1463,2022
548000,78580,MAULE,78,Maison,160,5,600,2022
800000,78370,PLAISIR,78,Maison,194,7,500,2022
800000,78370,PLAISIR,78,Dépendance,0,0,1413,2022
800000,78370,PLAISIR,78,Maison,194,7,1413,2022
800000,78370,PLAISIR,78,Dépendance,0,0,500,2022
455550,78310,MAUREPAS,78,Maison,181,5,396,2022
589000,78360,MONTESSON,78,Maison,100,5,239,2022
270560,78180,MONTIGNY LE BRETONNEUX,78,Maison,125,6,502,2022
563170,78760,JOUARS-PONTCHARTRAIN,78,Maison,157,4,500,2022
563170,78760,JOUARS-PONTCHARTRAIN,78,Maison,153,5,716,2022
563170,78760,JOUARS-PONTCHARTRAIN,78,Maison,157,4,716,2022
563170,78760,JOUARS-PONTCHARTRAIN,78,Maison,153,5,500,2022
652000,78800,HOUILLES,78,Maison,123,5,294,2022
652000,78800,HOUILLES,78,Dépendance,0,0,294,2022
660000,78140,VELIZY VILLACOUBLAY,78,Maison,99,5,239,2022
766735,78350,JOUY EN JOSAS,78,Maison,90,4,350,2022
370000,78840,MOISSON,78,Dépendance,0,0,2046,2022
370000,78840,MOISSON,78,Dépendance,0,0,500,2022
370000,78840,MOISSON,78,Appartement,115,4,2046,2022
370000,78840,MOISSON,78,Appartement,123,4,500,2022
370000,78840,MOISSON,78,Appartement,115,4,500,2022
370000,78840,MOISSON,78,Appartement,123,4,2046,2022
429000,78111,DAMMARTIN EN SERVE,78,Maison,56,4,237,2022
785000,78350,LOGES-EN-JOSAS (LES),78,Maison,108,4,228,2022
785000,78350,LOGES-EN-JOSAS (LES),78,Dépendance,0,0,13,2022
944800,78600,MESNIL-LE-ROI (LE),78,Dépendance,0,0,365,2022
944800,78600,MESNIL-LE-ROI (LE),78,Maison,126,4,365,2022
545400,78180,MONTIGNY LE BRETONNEUX,78,Maison,76,4,608,2022
470850,78124,MAREIL-SUR-MAULDRE,78,Maison,134,5,430,2022
745000,78450,VILLEPREUX,78,Maison,145,3,718,2022
800520,78750,MAREIL-MARLY,78,Maison,100,5,500,2022
800520,78750,MAREIL-MARLY,78,Maison,100,5,495,2022
390000,78270,BLARU,78,Dépendance,0,0,500,2022
390000,78270,BLARU,78,Maison,140,6,550,2022
390000,78270,BLARU,78,Dépendance,0,0,550,2022
390000,78270,BLARU,78,Maison,140,6,500,2022
488000,78470,SAINT-REMY-LES-CHEVREUSE,78,Dépendance,0,0,523,2022
488000,78470,SAINT-REMY-LES-CHEVREUSE,78,Maison,105,5,523,2022
209880,78930,AUFFREVILLE-BRASSEUIL,78,Maison,47,3,235,2022
209880,78930,AUFFREVILLE-BRASSEUIL,78,Maison,47,3,500,2022
239000,78711,MANTES-LA-VILLE,78,Maison,93,5,198,2022
400000,78260,ACHERES,78,Maison,95,4,400,2022
282000,78660,ABLIS,78,Maison,91,4,399,2022
325750,78450,VILLEPREUX,78,Maison,80,5,125,2022
800000,78360,MONTESSON,78,Dépendance,0,0,251,2022
800000,78360,MONTESSON,78,Maison,65,3,251,2022
420500,78200,FONTENAY-MAUVOISIN,78,Maison,172,8,500,2022
420500,78200,FONTENAY-MAUVOISIN,78,Maison,172,8,394,2022
370000,78500,SARTROUVILLE,78,Maison,57,3,168,2022
386000,78730,SAINT-ARNOULT-EN-YVELINES,78,Maison,87,5,988,2022
408100,78120,RAMBOUILLET,78,Dépendance,0,0,345,2022
408100,78120,RAMBOUILLET,78,Maison,92,4,345,2022
413000,78711,MANTES-LA-VILLE,78,Maison,72,3,500,2022
413000,78711,MANTES-LA-VILLE,78,Maison,72,3,245,2022
295000,78440,GARGENVILLE,78,Maison,60,4,315,2022
275000,78800,HOUILLES,78,Maison,51,3,164,2022
557290,78180,MONTIGNY LE BRETONNEUX,78,Dépendance,0,0,264,2022
557290,78180,MONTIGNY LE BRETONNEUX,78,Maison,146,8,264,2022
390000,78180,MONTIGNY LE BRETONNEUX,78,Maison,104,6,94,2022
354000,78580,MAULE,78,Maison,79,5,817,2022
392000,78450,VILLEPREUX,78,Maison,75,5,229,2022
274000,78970,MEZIERES-SUR-SEINE,78,Maison,122,6,413,2022
1125480,78620,ETANG-LA-VILLE (L ),78,Maison,125,4,600,2022
1125480,78620,ETANG-LA-VILLE (L ),78,Maison,80,3,500,2022
1125480,78620,ETANG-LA-VILLE (L ),78,Maison,125,4,500,2022
1125480,78620,ETANG-LA-VILLE (L ),78,Maison,80,3,600,2022
403000,78730,SAINT-ARNOULT-EN-YVELINES,78,Maison,107,7,685,2022
644046,78420,CARRIERES SUR SEINE,78,Maison,100,5,569,2022
705000,78800,HOUILLES,78,Maison,92,4,283,2022
705000,78800,HOUILLES,78,Appartement,55,3,283,2022
705000,78800,HOUILLES,78,Dépendance,0,0,283,2022
731680,78360,MONTESSON,78,Maison,94,3,268,2022
621000,78480,VERNEUIL SUR SEINE,78,Maison,129,5,404,2022
300000,78910,ORGERUS,78,Maison,140,6,566,2022
261500,78800,HOUILLES,78,Maison,55,3,141,2022
261500,78800,HOUILLES,78,Dépendance,0,0,141,2022
380000,78410,BOUAFLE,78,Maison,146,5,655,2022
527000,78500,SARTROUVILLE,78,Maison,69,4,177,2022
430000,78450,VILLEPREUX,78,Maison,116,5,356,2022
280000,78840,FRENEUSE,78,Maison,97,5,122,2022
640000,78450,VILLEPREUX,78,Maison,132,7,462,2022
402646,78580,MAULE,78,Maison,71,4,400,2022
367078,78125,POIGNY-LA-FORET,78,Dépendance,0,0,189,2022
367078,78125,POIGNY-LA-FORET,78,Maison,86,4,189,2022
439440,78500,SARTROUVILLE,78,Dépendance,0,0,153,2022
439440,78500,SARTROUVILLE,78,Maison,62,3,153,2022
620200,78800,HOUILLES,78,Maison,125,4,238,2022
461610,78340,CLAYES-SOUS-BOIS (LES),78,Maison,107,5,207,2022
300000,78270,ROLLEBOISE,78,Dépendance,0,0,65,2022
300000,78270,ROLLEBOISE,78,Maison,142,4,70,2022
225000,78270,BENNECOURT,78,Dépendance,0,0,278,2022
225000,78270,BENNECOURT,78,Maison,140,5,278,2022
180000,78200,MANTES-LA-JOLIE,78,Maison,50,3,103,2022
211000,78270,LIMETZ-VILLEZ,78,Maison,75,3,265,2022
145000,78711,MANTES-LA-VILLE,78,Maison,147,4,492,2022
215000,78270,BENNECOURT,78,Maison,79,4,609,2022
215000,78270,BENNECOURT,78,Maison,79,4,500,2022
495500,78390,BOIS D ARCY,78,Maison,96,4,369,2022
1845000,78100,SAINT-GERMAIN-EN-LAYE,78,Dépendance,0,0,563,2022
1845000,78100,SAINT-GERMAIN-EN-LAYE,78,Maison,139,6,563,2022
1845000,78100,SAINT-GERMAIN-EN-LAYE,78,Dépendance,0,0,1352,2022
650000,78620,ETANG-LA-VILLE (L ),78,Maison,102,5,443,2022
650000,78620,ETANG-LA-VILLE (L ),78,Local industriel. commercial ou assimilé,0,0,18,2022
1055000,78430,LOUVECIENNES,78,Maison,151,6,500,2022
1055000,78430,LOUVECIENNES,78,Maison,151,6,502,2022
229000,78410,NEZEL,78,Maison,72,3,120,2022
399500,78970,MEZIERES-SUR-SEINE,78,Maison,120,5,500,2022
399500,78970,MEZIERES-SUR-SEINE,78,Maison,120,5,623,2022
414600,78310,MAUREPAS,78,Dépendance,0,0,302,2022
414600,78310,MAUREPAS,78,Maison,150,6,302,2022
246000,78440,GARGENVILLE,78,Maison,133,5,733,2022
320820,78310,MAUREPAS,78,Dépendance,0,0,129,2022
320820,78310,MAUREPAS,78,Maison,104,5,129,2022
346275,78370,PLAISIR,78,Maison,80,4,166,2022
737000,78114,MAGNY-LES-HAMEAUX,78,Maison,148,5,841,2022
426000,78960,VOISINS-LE-BRETONNEUX,78,Maison,102,5,182,2022
495000,78180,MONTIGNY LE BRETONNEUX,78,Maison,115,7,235,2022
397000,78180,MONTIGNY LE BRETONNEUX,78,Dépendance,0,0,308,2022
397000,78180,MONTIGNY LE BRETONNEUX,78,Maison,81,5,308,2022
535000,78870,BAILLY,78,Maison,135,5,243,2022
299500,78990,ELANCOURT,78,Maison,94,4,158,2022
375000,78990,ELANCOURT,78,Maison,127,6,251,2022
342925,78660,ABLIS,78,Maison,196,8,324,2022
289215,78660,ABLIS,78,Dépendance,0,0,333,2022
289215,78660,ABLIS,78,Maison,120,5,333,2022
297300,78310,MAUREPAS,78,Maison,81,4,64,2022
294500,78310,MAUREPAS,78,Maison,77,4,86,2022
315000,78990,ELANCOURT,78,Maison,94,4,120,2022
350010,78550,GRESSEY,78,Maison,97,5,1031,2022
321000,78820,JUZIERS,78,Maison,123,5,947,2022
259000,78200,MAGNANVILLE,78,Maison,92,5,344,2022
672000,78480,VERNEUIL SUR SEINE,78,Maison,179,8,1093,2022
823810,78230,PECQ (LE),78,Maison,95,4,502,2022
425000,78940,QUEUE-LES-YVELINES (LA),78,Maison,130,7,592,2022
610000,78480,VERNEUIL SUR SEINE,78,Maison,138,6,625,2022
315300,78770,AUTEUIL-LE-ROI,78,Maison,91,3,178,2022
315300,78770,AUTEUIL-LE-ROI,78,Dépendance,0,0,178,2022
430000,78570,CHANTELOUP-LES-VIGNES,78,Maison,76,5,557,2022
340000,78570,ANDRESY,78,Maison,72,3,328,2022
730000,78000,VERSAILLES,78,Maison,84,4,390,2022
1070000,78400,CHATOU,78,Dépendance,0,0,740,2022
1070000,78400,CHATOU,78,Maison,64,3,740,2022
268550,78840,FRENEUSE,78,Maison,95,3,500,2022
268550,78840,FRENEUSE,78,Maison,95,3,250,2022
331600,78310,MAUREPAS,78,Maison,102,5,143,2022
2765900,78000,VERSAILLES,78,Dépendance,0,0,579,2022
2765900,78000,VERSAILLES,78,Maison,328,10,579,2022
496000,78580,ALLUETS-LE-ROI (LES),78,Maison,26,2,400,2022
496000,78580,ALLUETS-LE-ROI (LES),78,Maison,139,8,400,2022
240000,78410,AUBERGENVILLE,78,Dépendance,0,0,155,2022
413320,78700,CONFLANS SAINTE HONORINE,78,Maison,94,4,166,2022
365000,78390,BOIS D ARCY,78,Maison,98,6,118,2022
650500,78580,MAULE,78,Dépendance,0,0,957,2022
650500,78580,MAULE,78,Maison,170,5,957,2022
565000,78510,TRIEL SUR SEINE,78,Maison,142,6,319,2022
565000,78510,TRIEL SUR SEINE,78,Dépendance,0,0,319,2022
401350,78440,GARGENVILLE,78,Maison,80,6,2052,2022
401350,78440,GARGENVILLE,78,Maison,80,6,90,2022
401350,78440,GARGENVILLE,78,Dépendance,0,0,90,2022
401350,78440,GARGENVILLE,78,Dépendance,0,0,2052,2022
308000,78200,MAGNANVILLE,78,Maison,95,5,319,2022
438710,78370,PLAISIR,78,Maison,110,6,170,2022
215000,78440,PORCHEVILLE,78,Maison,99,6,576,2022
286000,78190,TRAPPES,78,Maison,76,2,360,2022
323000,78200,PERDREAUVILLE,78,Maison,97,4,446,2022
638734,78570,ANDRESY,78,Maison,185,5,97,2022
541193,78490,MONTFORT-L AMAURY,78,Maison,138,5,1115,2022
541193,78490,MONTFORT-L AMAURY,78,Maison,138,5,120,2022
389000,78370,PLAISIR,78,Maison,99,5,109,2022
322620,78450,VILLEPREUX,78,Maison,90,5,101,2022
2257300,78290,CROISSY SUR SEINE,78,Maison,176,8,815,2022
550000,78370,PLAISIR,78,Maison,170,7,500,2022
463550,78550,HOUDAN,78,Maison,112,4,401,2022
940000,78680,EPONE,78,Local industriel. commercial ou assimilé,2100,0,2624,2022
375800,78580,MAULE,78,Maison,104,5,724,2022
519550,78340,CLAYES-SOUS-BOIS (LES),78,Maison,100,5,429,2022
580000,78560,PORT-MARLY (LE),78,Maison,126,5,421,2022
435000,78440,FONTENAY-SAINT-PERE,78,Maison,150,7,500,2022
435000,78440,FONTENAY-SAINT-PERE,78,Maison,150,7,688,2022
245000,78200,MAGNANVILLE,78,Maison,88,5,258,2022
567500,78430,LOUVECIENNES,78,Maison,124,6,718,2022
395000,78420,CARRIERES SUR SEINE,78,Dépendance,0,0,168,2022
395000,78420,CARRIERES SUR SEINE,78,Maison,55,3,168,2022
1585000,78910,OSMOY,78,Maison,116,3,348,2022
440000,78760,JOUARS-PONTCHARTRAIN,78,Maison,120,6,318,2022
853230,78140,VELIZY VILLACOUBLAY,78,Maison,131,5,367,2022
20000,78120,RAMBOUILLET,78,Dépendance,0,0,23,2022
1446542,78600,MAISONS-LAFFITTE,78,Maison,206,7,291,2022
530000,78630,ORGEVAL,78,Maison,88,4,19,2022
299000,78270,BENNECOURT,78,Maison,78,2,402,2022
299000,78270,BENNECOURT,78,Maison,78,2,500,2022
690000,78460,CHEVREUSE,78,Maison,144,6,871,2022
690000,78460,CHEVREUSE,78,Dépendance,0,0,871,2022
929000,78400,CHATOU,78,Maison,198,7,444,2022
420000,78500,SARTROUVILLE,78,Maison,75,4,294,2022
700000,78570,ANDRESY,78,Maison,220,6,617,2022
514736,78260,ACHERES,78,Maison,94,3,500,2022
1487500,78110,VESINET (LE),78,Maison,240,5,754,2022
1487500,78110,VESINET (LE),78,Maison,240,5,63,2022
526200,78540,VERNOUILLET,78,Maison,100,3,441,2022
526200,78540,VERNOUILLET,78,Dépendance,0,0,441,2022
392097,78610,PERRAY-EN-YVELINES (LE),78,Dépendance,0,0,299,2022
392097,78610,PERRAY-EN-YVELINES (LE),78,Maison,89,4,299,2022
621931,78230,PECQ (LE),78,Maison,43,2,144,2022
380000,78570,CHANTELOUP-LES-VIGNES,78,Maison,120,6,380,2022
380000,78570,CHANTELOUP-LES-VIGNES,78,Dépendance,0,0,16,2022
416700,78770,VILLIERS-LE-MAHIEU,78,Maison,104,5,432,2022
410000,78500,SARTROUVILLE,78,Maison,89,4,206,2022
210000,78130,MUREAUX (LES),78,Local industriel. commercial ou assimilé,364,0,410,2022
359000,78410,NEZEL,78,Maison,115,5,606,2022
685000,78420,CARRIERES SUR SEINE,78,Maison,126,4,669,2022
335000,78250,HARDRICOURT,78,Maison,84,4,459,2022
1984000,78150,LE CHESNAY-ROCQUENCOURT,78,Maison,136,7,523,2022
345000,78260,ACHERES,78,Maison,59,3,296,2022
410000,78700,CONFLANS SAINTE HONORINE,78,Maison,87,4,350,2022
410000,78700,CONFLANS SAINTE HONORINE,78,Dépendance,0,0,350,2022
453700,78500,SARTROUVILLE,78,Maison,105,5,411,2022
921900,78860,SAINT-NOM-LA-BRETECHE,78,Maison,239,8,968,2022
921900,78860,SAINT-NOM-LA-BRETECHE,78,Dépendance,0,0,968,2022
921900,78860,SAINT-NOM-LA-BRETECHE,78,Maison,153,6,968,2022
365000,78610,PERRAY-EN-YVELINES (LE),78,Maison,89,4,280,2022
365000,78610,PERRAY-EN-YVELINES (LE),78,Dépendance,0,0,280,2022
267000,78130,MUREAUX (LES),78,Maison,128,4,335,2022
275500,78700,CONFLANS SAINTE HONORINE,78,Maison,63,2,363,2022
260000,78120,RAMBOUILLET,78,Local industriel. commercial ou assimilé,300,0,259,2022
1292400,78170,CELLE-SAINT-CLOUD (LA),78,Maison,136,4,571,2022
280000,78770,VILLIERS-LE-MAHIEU,78,Maison,96,3,63,2022
428300,78990,ELANCOURT,78,Maison,118,5,210,2022
389200,78460,CHEVREUSE,78,Dépendance,0,0,500,2022
389200,78460,CHEVREUSE,78,Dépendance,0,0,1006,2022
389200,78460,CHEVREUSE,78,Maison,94,3,500,2022
389200,78460,CHEVREUSE,78,Maison,94,3,1006,2022
218000,78270,BENNECOURT,78,Maison,73,4,19,2022
390000,78270,LIMETZ-VILLEZ,78,Maison,119,4,989,2022
390000,78270,LIMETZ-VILLEZ,78,Maison,119,4,567,2022
701100,78480,VERNEUIL SUR SEINE,78,Maison,173,6,537,2022
261000,78270,LIMETZ-VILLEZ,78,Dépendance,0,0,1005,2022
261000,78270,LIMETZ-VILLEZ,78,Maison,110,5,500,2022
261000,78270,LIMETZ-VILLEZ,78,Dépendance,0,0,500,2022
261000,78270,LIMETZ-VILLEZ,78,Maison,110,5,1005,2022
345000,78710,ROSNY-SUR-SEINE,78,Maison,171,6,841,2022
288000,78410,AUBERGENVILLE,78,Maison,75,4,182,2022
462000,78960,VOISINS-LE-BRETONNEUX,78,Maison,91,4,167,2022
355000,78570,CHANTELOUP-LES-VIGNES,78,Maison,75,4,254,2022
882252,78112,SAINT-GERMAIN-EN-LAYE,78,Maison,118,5,572,2022
882252,78112,SAINT-GERMAIN-EN-LAYE,78,Dépendance,0,0,572,2022
1,78420,CARRIERES SUR SEINE,78,Dépendance,0,0,596,2022
1,78420,CARRIERES SUR SEINE,78,Maison,112,4,596,2022
435000,78500,SARTROUVILLE,78,Maison,110,5,176,2022
238000,78710,ROSNY-SUR-SEINE,78,Maison,85,5,500,2022
386800,78920,ECQUEVILLY,78,Maison,124,5,388,2022
304000,78570,CHANTELOUP-LES-VIGNES,78,Maison,85,3,661,2022
572000,78350,JOUY EN JOSAS,78,Maison,63,4,313,2022
572000,78350,JOUY EN JOSAS,78,Dépendance,0,0,313,2022
533790,78580,MAULE,78,Maison,78,4,500,2022
240000,78440,ISSOU,78,Maison,130,7,450,2022
644000,78540,VERNOUILLET,78,Maison,112,6,432,2022
644000,78540,VERNOUILLET,78,Maison,112,6,500,2022
372000,78450,VILLEPREUX,78,Maison,81,5,214,2022
388000,78570,ANDRESY,78,Maison,82,4,98,2022
490000,78450,VILLEPREUX,78,Maison,112,6,260,2022
243000,78540,VERNOUILLET,78,Maison,39,2,60,2022
276500,78130,MUREAUX (LES),78,Dépendance,0,0,409,2022
276500,78130,MUREAUX (LES),78,Maison,60,3,409,2022
337000,78580,MAULE,78,Maison,70,4,400,2022
880000,78810,DAVRON,78,Maison,180,6,250,2022
880000,78810,DAVRON,78,Dépendance,0,0,32,2022
322550,78920,ECQUEVILLY,78,Dépendance,0,0,149,2022
322550,78920,ECQUEVILLY,78,Maison,100,4,149,2022
150000,78980,BREVAL,78,Maison,51,3,805,2022
150000,78980,BREVAL,78,Dépendance,0,0,805,2022
173000,78270,MOUSSEAUX-SUR-SEINE,78,Maison,74,3,230,2022
520700,78450,VILLEPREUX,78,Maison,118,6,437,2022
478000,78420,CARRIERES SUR SEINE,78,Maison,89,4,220,2022
645000,78960,VOISINS-LE-BRETONNEUX,78,Maison,125,5,750,2022
1227100,78000,VERSAILLES,78,Maison,153,7,576,2022
513000,78280,GUYANCOURT,78,Maison,112,5,287,2022
513000,78280,GUYANCOURT,78,Dépendance,0,0,287,2022
874175,78750,MAREIL-MARLY,78,Maison,91,5,350,2022
529000,78800,HOUILLES,78,Maison,105,4,301,2022
1200000,78290,CROISSY SUR SEINE,78,Maison,65,3,488,2022
240000,78270,LOMMOYE,78,Maison,90,4,715,2022
240000,78270,LOMMOYE,78,Dépendance,0,0,715,2022
240000,78270,LOMMOYE,78,Dépendance,0,0,495,2022
240000,78270,LOMMOYE,78,Maison,90,4,495,2022
435100,78890,GARANCIERES,78,Maison,123,5,580,2022
311640,78320,VERRIERE (LA),78,Maison,96,5,291,2022
496700,78490,GALLUIS,78,Maison,110,6,500,2022
496700,78490,GALLUIS,78,Maison,110,6,343,2022
260000,78840,FRENEUSE,78,Maison,113,4,475,2022
260000,78840,FRENEUSE,78,Maison,113,4,500,2022
330800,78520,FOLLAINVILLE-DENNEMONT,78,Maison,128,4,500,2022
330800,78520,FOLLAINVILLE-DENNEMONT,78,Maison,128,4,131,2022
309750,78125,SAINT-HILARION,78,Maison,77,4,164,2022
350000,78340,CLAYES-SOUS-BOIS (LES),78,Maison,79,4,209,2022
190000,78300,POISSY,78,Maison,70,4,127,2022
385000,78790,SEPTEUIL,78,Maison,113,5,1402,2022
385000,78790,SEPTEUIL,78,Maison,113,5,500,2022
228000,78440,GARGENVILLE,78,Maison,85,5,271,2022
244000,78711,MANTES-LA-VILLE,78,Maison,110,4,143,2022
407000,78480,VERNEUIL SUR SEINE,78,Maison,92,5,342,2022
638000,78680,EPONE,78,Maison,216,7,140,2022
505300,78130,CHAPET,78,Maison,122,4,258,2022
505300,78130,CHAPET,78,Dépendance,0,0,500,2022
505300,78130,CHAPET,78,Dépendance,0,0,258,2022
505300,78130,CHAPET,78,Maison,122,4,500,2022
650000,78790,SAINT-MARTIN-DES-CHAMPS,78,Maison,180,5,3000,2022
650000,78790,SAINT-MARTIN-DES-CHAMPS,78,Maison,180,5,487,2022
205470,78370,PLAISIR,78,Maison,90,4,130,2022
344000,78800,HOUILLES,78,Maison,60,3,327,2022
511650,78320,MESNIL-SAINT-DENIS (LE),78,Maison,119,5,500,2022
511650,78320,MESNIL-SAINT-DENIS (LE),78,Maison,119,5,202,2022
560000,78300,POISSY,78,Maison,83,3,310,2022
560000,78300,POISSY,78,Dépendance,0,0,310,2022
1417750,78000,VERSAILLES,78,Maison,207,6,594,2022
1417750,78000,VERSAILLES,78,Dépendance,0,0,594,2022
478500,78760,JOUARS-PONTCHARTRAIN,78,Maison,127,4,123,2022
478000,78440,SAILLY,78,Maison,147,7,1000,2022
478000,78440,SAILLY,78,Maison,147,7,2257,2022
533000,78230,PECQ (LE),78,Maison,48,2,189,2022
533000,78230,PECQ (LE),78,Dépendance,0,0,189,2022
175000,78540,VERNOUILLET,78,Dépendance,0,0,311,2022
175000,78540,VERNOUILLET,78,Maison,30,2,311,2022
1562160,78000,VERSAILLES,78,Maison,186,6,193,2022
256000,78500,SARTROUVILLE,78,Maison,83,5,217,2022
419661,78310,MAUREPAS,78,Maison,66,4,616,2022
419661,78310,MAUREPAS,78,Maison,66,4,287,2022
646200,78530,BUC,78,Dépendance,0,0,14,2022
646200,78530,BUC,78,Dépendance,0,0,16,2022
646200,78530,BUC,78,Maison,100,5,183,2022
405000,78970,MEZIERES-SUR-SEINE,78,Dépendance,0,0,500,2022
405000,78970,MEZIERES-SUR-SEINE,78,Dépendance,0,0,362,2022
405000,78970,MEZIERES-SUR-SEINE,78,Maison,108,5,362,2022
405000,78970,MEZIERES-SUR-SEINE,78,Maison,108,5,500,2022
360000,78680,EPONE,78,Maison,110,4,359,2022
267000,78930,GUERVILLE,78,Maison,118,10,403,2022
345000,78980,TERTRE-SAINT-DENIS (LE),78,Maison,140,8,700,2022
345000,78980,TERTRE-SAINT-DENIS (LE),78,Maison,140,8,800,2022
477320,78700,CONFLANS SAINTE HONORINE,78,Maison,130,4,417,2022
477320,78700,CONFLANS SAINTE HONORINE,78,Dépendance,0,0,417,2022
427070,78490,BOISSY-SANS-AVOIR,78,Local industriel. commercial ou assimilé,25,0,314,2022
427070,78490,BOISSY-SANS-AVOIR,78,Dépendance,0,0,314,2022
427070,78490,BOISSY-SANS-AVOIR,78,Maison,115,5,314,2022
312270,78410,AUBERGENVILLE,78,Maison,85,5,219,2022
435000,78410,AUBERGENVILLE,78,Maison,80,4,503,2022
671500,78300,POISSY,78,Maison,118,6,512,2022
338500,78410,AUBERGENVILLE,78,Maison,80,4,405,2022
564500,78260,ACHERES,78,Maison,139,6,262,2022
918000,78280,GUYANCOURT,78,Dépendance,0,0,600,2022
918000,78280,GUYANCOURT,78,Dépendance,0,0,670,2022
918000,78280,GUYANCOURT,78,Maison,156,7,670,2022
918000,78280,GUYANCOURT,78,Maison,156,7,600,2022
734500,78114,MAGNY-LES-HAMEAUX,78,Maison,140,9,645,2022
734500,78114,MAGNY-LES-HAMEAUX,78,Local industriel. commercial ou assimilé,27,0,645,2022
299000,78550,HOUDAN,78,Maison,88,4,156,2022
765000,78110,VESINET (LE),78,Maison,67,3,472,2022
298110,78710,ROSNY-SUR-SEINE,78,Maison,120,5,700,2022
298110,78710,ROSNY-SUR-SEINE,78,Maison,120,5,2026,2022
298110,78710,ROSNY-SUR-SEINE,78,Maison,120,5,400,2022
230000,78520,LIMAY,78,Maison,65,4,408,2022
355825,78113,HAUTEVILLE (LA),78,Maison,56,2,1082,2022
355825,78113,HAUTEVILLE (LA),78,Maison,56,2,500,2022
668530,78121,CRESPIERES,78,Maison,172,5,500,2022
668530,78121,CRESPIERES,78,Maison,172,5,599,2022
430000,78700,CONFLANS SAINTE HONORINE,78,Dépendance,0,0,651,2022
430000,78700,CONFLANS SAINTE HONORINE,78,Maison,111,5,651,2022
349652,78950,GAMBAIS,78,Maison,90,4,203,2022
580000,78580,BAZEMONT,78,Maison,137,5,877,2022
1101000,78300,POISSY,78,Maison,180,6,1027,2022
1101000,78300,POISSY,78,Maison,180,6,107,2022
317000,78520,LIMAY,78,Maison,110,5,101,2022
645000,78600,MESNIL-LE-ROI (LE),78,Maison,94,4,258,2022
510000,78180,MONTIGNY LE BRETONNEUX,78,Maison,93,5,159,2022
460000,78500,SARTROUVILLE,78,Maison,100,4,206,2022
682500,78800,HOUILLES,78,Dépendance,0,0,410,2022
682500,78800,HOUILLES,78,Maison,113,4,410,2022
215000,78270,BLARU,78,Maison,45,1,1624,2022
215000,78270,BLARU,78,Dépendance,0,0,1624,2022
215000,78270,BLARU,78,Dépendance,0,0,1006,2022
215000,78270,BLARU,78,Maison,45,1,2583,2022
215000,78270,BLARU,78,Dépendance,0,0,2583,2022
215000,78270,BLARU,78,Maison,45,1,1006,2022
801100,78230,PECQ (LE),78,Maison,170,6,525,2022
416820,78700,CONFLANS SAINTE HONORINE,78,Maison,95,4,334,2022
1500000,78630,MORAINVILLIERS,78,Dépendance,0,0,2500,2022
1500000,78630,MORAINVILLIERS,78,Maison,400,10,2500,2022
1500000,78630,MORAINVILLIERS,78,Maison,45,3,2500,2022
1500000,78630,MORAINVILLIERS,78,Dépendance,0,0,590,2022
1500000,78630,MORAINVILLIERS,78,Maison,400,10,590,2022
1500000,78630,MORAINVILLIERS,78,Maison,45,3,590,2022
488743,78420,CARRIERES SUR SEINE,78,Dépendance,0,0,137,2022
488743,78420,CARRIERES SUR SEINE,78,Maison,73,3,137,2022
460000,78700,CONFLANS SAINTE HONORINE,78,Maison,105,5,273,2022
421910,78500,SARTROUVILLE,78,Maison,65,3,234,2022
420000,78580,MAULE,78,Maison,84,4,500,2022
420000,78580,MAULE,78,Maison,84,4,531,2022
1588600,78000,VERSAILLES,78,Maison,247,6,339,2022
770300,78112,SAINT-GERMAIN-EN-LAYE,78,Maison,70,4,93,2022
770300,78112,SAINT-GERMAIN-EN-LAYE,78,Maison,70,4,580,2022
8000,78740,VAUX-SUR-SEINE,78,Dépendance,0,0,1386,2022
626100,78800,HOUILLES,78,Maison,73,4,235,2022
329000,78955,CARRIERES SOUS POISSY,78,Maison,78,4,118,2022
449000,78300,POISSY,78,Maison,93,5,101,2022
449000,78300,POISSY,78,Dépendance,0,0,101,2022
245000,78200,MAGNANVILLE,78,Maison,89,4,245,2022
515400,78770,THOIRY,78,Maison,154,6,375,2022
385000,78950,GAMBAIS,78,Maison,120,6,345,2022
386220,78720,CERNAY-LA-VILLE,78,Maison,132,5,809,2022
400000,78200,MAGNANVILLE,78,Maison,70,4,934,2022
409500,78950,GAMBAIS,78,Maison,119,4,500,2022
409500,78950,GAMBAIS,78,Maison,119,4,540,2022
385000,78790,MULCENT,78,Maison,167,6,500,2022
281650,78710,ROSNY-SUR-SEINE,78,Maison,96,5,470,2022
195000,78250,MEZY-SUR-SEINE,78,Maison,40,2,167,2022
417500,78490,MESNULS (LES),78,Maison,133,5,420,2022
1363300,78400,CHATOU,78,Maison,185,5,361,2022
1363300,78400,CHATOU,78,Maison,185,5,548,2022
175000,78440,PORCHEVILLE,78,Local industriel. commercial ou assimilé,65,0,82,2022
355240,78650,BEYNES,78,Dépendance,0,0,563,2022
355240,78650,BEYNES,78,Maison,131,6,563,2022
637200,78111,DAMMARTIN EN SERVE,78,Dépendance,0,0,690,2022
637200,78111,DAMMARTIN EN SERVE,78,Maison,310,9,690,2022
550000,78220,VIROFLAY,78,Maison,47,2,205,2022
3119500,78100,SAINT-GERMAIN-EN-LAYE,78,Dépendance,0,0,748,2022
3119500,78100,SAINT-GERMAIN-EN-LAYE,78,Maison,312,8,748,2022
192460,78370,PLAISIR,78,Maison,91,4,155,2022
420000,78180,MONTIGNY LE BRETONNEUX,78,Maison,118,5,147,2022
1355000,78490,MONTFORT-L AMAURY,78,Maison,250,6,240,2022
378000,78120,RAMBOUILLET,78,Maison,91,5,634,2022
426097,78120,RAMBOUILLET,78,Dépendance,0,0,225,2022
426097,78120,RAMBOUILLET,78,Maison,83,4,225,2022
330000,78200,MANTES-LA-JOLIE,78,Local industriel. commercial ou assimilé,83,0,56,2022
330000,78200,MANTES-LA-JOLIE,78,Local industriel. commercial ou assimilé,158,0,56,2022
1460000,78700,CONFLANS SAINTE HONORINE,78,Local industriel. commercial ou assimilé,1174,0,1534,2022
1460000,78700,CONFLANS SAINTE HONORINE,78,Local industriel. commercial ou assimilé,445,0,1534,2022
216000,78410,NEZEL,78,Maison,75,3,76,2022
216000,78410,NEZEL,78,Dépendance,0,0,15,2022
315000,78510,TRIEL SUR SEINE,78,Maison,96,5,124,2022
350000,78510,TRIEL SUR SEINE,78,Maison,90,4,927,2022
490000,78550,DANNEMARIE,78,Maison,225,7,500,2022
490000,78550,DANNEMARIE,78,Maison,225,7,2243,2022
225000,78270,MERICOURT,78,Maison,80,3,190,2022
700000,78150,LE CHESNAY-ROCQUENCOURT,78,Local industriel. commercial ou assimilé,529,0,503,2022
450000,78370,PLAISIR,78,Maison,102,4,600,2022
450000,78370,PLAISIR,78,Maison,102,4,1005,2022
459000,78130,MUREAUX (LES),78,Maison,119,6,393,2022
361320,78700,CONFLANS SAINTE HONORINE,78,Maison,76,3,764,2022
361320,78700,CONFLANS SAINTE HONORINE,78,Dépendance,0,0,764,2022
608400,78570,ANDRESY,78,Maison,141,6,785,2022
390000,78125,EMANCE,78,Dépendance,0,0,500,2022
390000,78125,EMANCE,78,Maison,91,4,500,2022
390000,78125,EMANCE,78,Maison,91,4,898,2022
390000,78125,EMANCE,78,Dépendance,0,0,898,2022
288000,78820,JUZIERS,78,Maison,70,4,778,2022
519900,78790,ARNOUVILLE-LES-MANTES,78,Maison,168,5,450,2022
519900,78790,ARNOUVILLE-LES-MANTES,78,Dépendance,0,0,450,2022
519900,78790,ARNOUVILLE-LES-MANTES,78,Maison,168,5,500,2022
519900,78790,ARNOUVILLE-LES-MANTES,78,Dépendance,0,0,500,2022
623056,78280,GUYANCOURT,78,Maison,96,5,441,2022
515100,78630,MORAINVILLIERS,78,Maison,135,5,500,2022
515100,78630,MORAINVILLIERS,78,Maison,135,5,177,2022
347000,78510,TRIEL SUR SEINE,78,Maison,97,5,205,2022
416150,78250,GAILLON SUR MONTCIENT,78,Maison,133,6,639,2022
416150,78250,GAILLON SUR MONTCIENT,78,Dépendance,0,0,639,2022
440000,78570,ANDRESY,78,Maison,112,6,384,2022
365000,78130,MUREAUX (LES),78,Maison,128,4,227,2022
555270,78180,MONTIGNY LE BRETONNEUX,78,Maison,102,4,367,2022
525000,78590,NOISY LE ROI,78,Local industriel. commercial ou assimilé,145,0,105,2022
695300,78540,VERNOUILLET,78,Dépendance,0,0,628,2022
695300,78540,VERNOUILLET,78,Maison,229,4,628,2022
565000,78180,MONTIGNY LE BRETONNEUX,78,Maison,108,6,286,2022
362500,78570,ANDRESY,78,Maison,81,4,165,2022
522000,78470,SAINT-REMY-LES-CHEVREUSE,78,Appartement,94,4,413,2022
522000,78470,SAINT-REMY-LES-CHEVREUSE,78,Dépendance,0,0,413,2022
522000,78470,SAINT-REMY-LES-CHEVREUSE,78,Appartement,82,3,413,2022
420000,78510,TRIEL SUR SEINE,78,Local industriel. commercial ou assimilé,113,0,500,2022
420000,78510,TRIEL SUR SEINE,78,Local industriel. commercial ou assimilé,113,0,373,2022
550000,78140,VELIZY VILLACOUBLAY,78,Maison,64,4,162,2022
883810,78630,ORGEVAL,78,Maison,168,6,659,2022
820100,78420,CARRIERES SUR SEINE,78,Maison,100,5,502,2022
277000,78920,ECQUEVILLY,78,Appartement,40,2,67,2022
277000,78920,ECQUEVILLY,78,Appartement,36,1,67,2022
277000,78920,ECQUEVILLY,78,Local industriel. commercial ou assimilé,12,0,67,2022
277000,78920,ECQUEVILLY,78,Local industriel. commercial ou assimilé,40,0,67,2022
277000,78920,ECQUEVILLY,78,Dépendance,0,0,67,2022
865000,78230,PECQ (LE),78,Maison,103,5,295,2022
787000,78170,CELLE-SAINT-CLOUD (LA),78,Maison,134,5,202,2022
1523750,78170,CELLE-SAINT-CLOUD (LA),78,Maison,250,7,591,2022
468070,78990,ELANCOURT,78,Maison,136,5,413,2022
450000,78330,FONTENAY LE FLEURY,78,Maison,71,4,500,2022
430000,78480,VERNEUIL SUR SEINE,78,Maison,87,5,617,2022
437600,78700,CONFLANS SAINTE HONORINE,78,Maison,99,4,345,2022
843650,78670,VILLENNES-SUR-SEINE,78,Maison,75,4,574,2022
35000,78711,MANTES-LA-VILLE,78,Maison,70,3,178,2022
441100,78980,BREVAL,78,Dépendance,0,0,525,2022
441100,78980,BREVAL,78,Maison,218,9,525,2022
879500,78220,VIROFLAY,78,Maison,130,6,180,2022
330000,78970,MEZIERES-SUR-SEINE,78,Maison,99,4,500,2022
898000,78470,SAINT-REMY-LES-CHEVREUSE,78,Maison,223,7,973,2022
795000,78000,VERSAILLES,78,Dépendance,0,0,170,2022
795000,78000,VERSAILLES,78,Maison,84,4,170,2022
333000,78730,SAINT-ARNOULT-EN-YVELINES,78,Maison,122,6,918,2022
462700,78690,ESSARTS-LE-ROI (LES),78,Maison,140,5,523,2022
385000,78410,BOUAFLE,78,Maison,100,4,546,2022
311775,78990,ELANCOURT,78,Maison,72,3,687,2022
1402550,78220,VIROFLAY,78,Maison,173,6,466,2022
395238,78410,AUBERGENVILLE,78,Maison,123,6,455,2022
395238,78410,AUBERGENVILLE,78,Maison,123,6,500,2022
1134500,78600,MAISONS-LAFFITTE,78,Maison,108,5,141,2022
705800,78230,PECQ (LE),78,Maison,115,5,442,2022
600380,78120,RAMBOUILLET,78,Maison,91,4,998,2022
600380,78120,RAMBOUILLET,78,Dépendance,0,0,998,2022
1058660,78630,ORGEVAL,78,Dépendance,0,0,839,2022
1058660,78630,ORGEVAL,78,Maison,232,7,500,2022
1058660,78630,ORGEVAL,78,Maison,232,7,839,2022
1058660,78630,ORGEVAL,78,Dépendance,0,0,500,2022
639000,78340,CLAYES-SOUS-BOIS (LES),78,Maison,176,5,889,2022
639000,78340,CLAYES-SOUS-BOIS (LES),78,Dépendance,0,0,889,2022
357788,78111,DAMMARTIN EN SERVE,78,Maison,98,4,254,2022
495000,78700,CONFLANS SAINTE HONORINE,78,Dépendance,0,0,370,2022
495000,78700,CONFLANS SAINTE HONORINE,78,Maison,70,3,370,2022
270000,78840,FRENEUSE,78,Dépendance,0,0,691,2022
270000,78840,FRENEUSE,78,Maison,75,4,691,2022
270000,78840,FRENEUSE,78,Maison,75,4,500,2022
270000,78840,FRENEUSE,78,Dépendance,0,0,500,2022
829400,78810,DAVRON,78,Dépendance,0,0,235,2022
829400,78810,DAVRON,78,Maison,72,4,533,2022
829400,78810,DAVRON,78,Maison,150,6,533,2022
464000,78510,TRIEL SUR SEINE,78,Maison,142,4,661,2022
365440,78113,BOURDONNE,78,Local industriel. commercial ou assimilé,0,0,662,2022
365440,78113,BOURDONNE,78,Maison,104,5,662,2022
364000,78820,JUZIERS,78,Maison,117,4,500,2022
364000,78820,JUZIERS,78,Maison,117,4,503,2022
568238,78390,BOIS D ARCY,78,Maison,130,6,407,2022
392000,78120,RAMBOUILLET,78,Maison,113,4,86,2022
1690800,78110,VESINET (LE),78,Maison,221,7,324,2022
550000,78180,MONTIGNY LE BRETONNEUX,78,Maison,120,6,341,2022
365000,78330,FONTENAY LE FLEURY,78,Dépendance,0,0,384,2022
365000,78330,FONTENAY LE FLEURY,78,Maison,84,3,384,2022
612710,78117,TOUSSUS-LE-NOBLE,78,Maison,130,6,493,2022
473000,78260,ACHERES,78,Maison,104,5,214,2022
346900,78370,PLAISIR,78,Maison,91,5,157,2022
462550,78124,MAREIL-SUR-MAULDRE,78,Maison,133,7,396,2022
355000,78970,MEZIERES-SUR-SEINE,78,Dépendance,0,0,629,2022
355000,78970,MEZIERES-SUR-SEINE,78,Maison,134,5,629,2022
1525000,78620,ETANG-LA-VILLE (L ),78,Maison,90,4,374,2022
1525000,78620,ETANG-LA-VILLE (L ),78,Maison,131,5,851,2022
500000,78600,MAISONS-LAFFITTE,78,Maison,49,3,124,2022
410000,78700,CONFLANS SAINTE HONORINE,78,Maison,72,4,704,2022
388700,78810,FEUCHEROLLES,78,Maison,70,3,136,2022
895000,78120,RAMBOUILLET,78,Maison,74,4,506,2022
895000,78120,RAMBOUILLET,78,Local industriel. commercial ou assimilé,81,0,506,2022
527000,78630,MORAINVILLIERS,78,Maison,136,5,472,2022
371000,78370,PLAISIR,78,Maison,115,5,122,2022
335000,78730,SAINT-ARNOULT-EN-YVELINES,78,Appartement,44,3,320,2022
335000,78730,SAINT-ARNOULT-EN-YVELINES,78,Dépendance,0,0,320,2022
335000,78730,SAINT-ARNOULT-EN-YVELINES,78,Appartement,78,3,320,2022
335000,78730,SAINT-ARNOULT-EN-YVELINES,78,Appartement,74,4,320,2022
310000,78710,ROSNY-SUR-SEINE,78,Maison,120,5,472,2022
310000,78710,ROSNY-SUR-SEINE,78,Maison,120,5,500,2022
528000,78960,VOISINS-LE-BRETONNEUX,78,Maison,113,5,264,2022
107000,78520,GUERNES,78,Maison,123,7,425,2022
107000,78520,GUERNES,78,Dépendance,0,0,425,2022
400000,78530,BUC,78,Local industriel. commercial ou assimilé,260,0,540,2022
444200,78700,CONFLANS SAINTE HONORINE,78,Dépendance,0,0,577,2022
444200,78700,CONFLANS SAINTE HONORINE,78,Maison,117,4,577,2022
583650,78940,QUEUE-LES-YVELINES (LA),78,Maison,145,5,1461,2022
583650,78940,QUEUE-LES-YVELINES (LA),78,Maison,145,5,500,2022
583650,78940,QUEUE-LES-YVELINES (LA),78,Dépendance,0,0,500,2022
583650,78940,QUEUE-LES-YVELINES (LA),78,Dépendance,0,0,1461,2022
1077600,78860,SAINT-NOM-LA-BRETECHE,78,Maison,170,7,926,2022
1610000,78400,CHATOU,78,Maison,97,5,526,2022
250331,78440,ISSOU,78,Maison,101,6,434,2022
637000,78800,HOUILLES,78,Maison,94,5,349,2022
637000,78800,HOUILLES,78,Dépendance,0,0,349,2022
310000,78200,BUCHELAY,78,Dépendance,0,0,518,2022
310000,78200,BUCHELAY,78,Maison,107,6,518,2022
426650,78210,SAINT-CYR-L ECOLE,78,Maison,90,5,409,2022
230000,78520,GUERNES,78,Dépendance,0,0,325,2022
230000,78520,GUERNES,78,Maison,69,4,325,2022
325000,78840,FRENEUSE,78,Maison,95,5,500,2022
325000,78840,FRENEUSE,78,Maison,95,5,451,2022
369200,78760,JOUARS-PONTCHARTRAIN,78,Maison,93,4,127,2022
167500,78520,FOLLAINVILLE-DENNEMONT,78,Maison,54,3,172,2022
954700,78112,SAINT-GERMAIN-EN-LAYE,78,Maison,135,5,471,2022
247000,78660,BOINVILLE-LE-GAILLARD,78,Maison,41,2,231,2022
268480,78180,MONTIGNY LE BRETONNEUX,78,Maison,80,4,157,2022
360500,78710,ROSNY-SUR-SEINE,78,Maison,124,5,500,2022
360500,78710,ROSNY-SUR-SEINE,78,Maison,124,5,726,2022
489200,78210,SAINT-CYR-L ECOLE,78,Maison,96,4,615,2022
425000,78310,COIGNIERES,78,Dépendance,0,0,639,2022
425000,78310,COIGNIERES,78,Maison,120,6,639,2022
493000,78450,VILLEPREUX,78,Maison,137,5,507,2022
535350,78630,ORGEVAL,78,Maison,163,7,401,2022
330000,78520,LIMAY,78,Maison,108,4,1002,2022
298385,78470,SAINT-REMY-LES-CHEVREUSE,78,Dépendance,0,0,964,2022
298385,78470,SAINT-REMY-LES-CHEVREUSE,78,Maison,150,6,964,2022
272900,78200,MAGNANVILLE,78,Maison,125,6,279,2022
720000,78117,CHATEAUFORT,78,Dépendance,0,0,253,2022
720000,78117,CHATEAUFORT,78,Maison,165,5,253,2022
720000,78117,CHATEAUFORT,78,Local industriel. commercial ou assimilé,45,0,253,2022
540000,78510,TRIEL SUR SEINE,78,Maison,140,5,376,2022
527000,78730,LONGVILLIERS,78,Maison,140,6,792,2022
527000,78730,LONGVILLIERS,78,Dépendance,0,0,792,2022
527000,78730,LONGVILLIERS,78,Dépendance,0,0,500,2022
527000,78730,LONGVILLIERS,78,Maison,140,6,500,2022
194570,78370,PLAISIR,78,Maison,100,5,170,2022
390000,78700,CONFLANS SAINTE HONORINE,78,Maison,131,4,242,2022
1550000,78230,PECQ (LE),78,Maison,190,7,500,2022
1550000,78230,PECQ (LE),78,Maison,190,7,999,2022
350000,78130,CHAPET,78,Maison,78,4,585,2022
350000,78130,CHAPET,78,Dépendance,0,0,585,2022
965000,78400,CHATOU,78,Maison,108,5,927,2022
406200,78280,GUYANCOURT,78,Maison,91,5,156,2022
449000,78125,SAINT-HILARION,78,Maison,110,4,738,2022
449000,78125,SAINT-HILARION,78,Dépendance,0,0,738,2022
505900,78120,RAMBOUILLET,78,Maison,134,6,378,2022
160000,78600,MESNIL-LE-ROI (LE),78,Maison,65,3,139,2022
160000,78600,MESNIL-LE-ROI (LE),78,Dépendance,0,0,139,2022
360000,78520,LIMAY,78,Maison,111,6,695,2022
360000,78520,LIMAY,78,Dépendance,0,0,695,2022
360000,78520,LIMAY,78,Maison,111,6,200,2022
360000,78520,LIMAY,78,Dépendance,0,0,200,2022
250000,78520,FOLLAINVILLE-DENNEMONT,78,Maison,67,3,1294,2022
250000,78520,FOLLAINVILLE-DENNEMONT,78,Dépendance,0,0,1294,2022
250000,78520,FOLLAINVILLE-DENNEMONT,78,Dépendance,0,0,500,2022
250000,78520,FOLLAINVILLE-DENNEMONT,78,Maison,67,3,500,2022
350000,78710,ROSNY-SUR-SEINE,78,Maison,120,4,688,2022
350000,78710,ROSNY-SUR-SEINE,78,Dépendance,0,0,688,2022
503922,78800,HOUILLES,78,Maison,68,4,431,2022
503922,78800,HOUILLES,78,Dépendance,0,0,431,2022
530000,78114,MAGNY-LES-HAMEAUX,78,Maison,190,6,438,2022
329500,78410,NEZEL,78,Maison,125,4,333,2022
350000,78124,MONTAINVILLE,78,Maison,108,5,2462,2022
733900,78160,MARLY-LE-ROI,78,Dépendance,0,0,621,2022
733900,78160,MARLY-LE-ROI,78,Maison,144,7,621,2022
1970000,78110,VESINET (LE),78,Maison,164,6,1757,2022
1970000,78110,VESINET (LE),78,Maison,164,6,123,2022
680000,78350,JOUY EN JOSAS,78,Maison,80,4,870,2022
680000,78350,JOUY EN JOSAS,78,Maison,80,4,130,2022
260000,78480,VERNEUIL SUR SEINE,78,Local industriel. commercial ou assimilé,70,0,70,2022
260000,78480,VERNEUIL SUR SEINE,78,Appartement,56,2,70,2022
390550,78650,BEYNES,78,Maison,88,5,500,2022
600300,78280,GUYANCOURT,78,Maison,115,5,500,2022
600300,78280,GUYANCOURT,78,Maison,115,5,368,2022
1029400,78420,CARRIERES SUR SEINE,78,Maison,158,6,438,2022
601310,78760,JOUARS-PONTCHARTRAIN,78,Maison,138,5,500,2022
283650,78340,CLAYES-SOUS-BOIS (LES),78,Maison,52,3,428,2022
283650,78340,CLAYES-SOUS-BOIS (LES),78,Dépendance,0,0,428,2022
635000,78960,VOISINS-LE-BRETONNEUX,78,Maison,105,4,466,2022
385400,78370,PLAISIR,78,Maison,94,6,259,2022
300000,78680,EPONE,78,Maison,116,6,324,2022
295000,78960,VOISINS-LE-BRETONNEUX,78,Maison,72,3,214,2022
295000,78960,VOISINS-LE-BRETONNEUX,78,Dépendance,0,0,214,2022
723000,78500,SARTROUVILLE,78,Maison,102,6,295,2022
547620,78000,VERSAILLES,78,Maison,83,4,96,2022
205000,78270,CHAUFOUR LES BONNIERES,78,Maison,100,4,1331,2022
205000,78270,CHAUFOUR LES BONNIERES,78,Dépendance,0,0,1331,2022
241000,78270,BENNECOURT,78,Maison,90,4,479,2022
241000,78270,BENNECOURT,78,Dépendance,0,0,479,2022
400000,78710,ROSNY-SUR-SEINE,78,Maison,90,3,200,2022
400000,78710,ROSNY-SUR-SEINE,78,Dépendance,0,0,500,2022
400000,78710,ROSNY-SUR-SEINE,78,Maison,90,3,500,2022
400000,78710,ROSNY-SUR-SEINE,78,Dépendance,0,0,200,2022
874650,78240,CHAMBOURCY,78,Maison,140,8,452,2022
100000,78790,SEPTEUIL,78,Dépendance,0,0,76,2022
100000,78790,SEPTEUIL,78,Appartement,20,1,76,2022
239500,78710,ROSNY-SUR-SEINE,78,Maison,78,5,655,2022
516450,78180,MONTIGNY LE BRETONNEUX,78,Maison,104,5,183,2022
516450,78180,MONTIGNY LE BRETONNEUX,78,Dépendance,0,0,13,2022
314000,78260,ACHERES,78,Maison,125,6,357,2022
636650,78700,CONFLANS SAINTE HONORINE,78,Dépendance,0,0,500,2022
636650,78700,CONFLANS SAINTE HONORINE,78,Maison,97,5,500,2022
636650,78700,CONFLANS SAINTE HONORINE,78,Maison,97,5,490,2022
636650,78700,CONFLANS SAINTE HONORINE,78,Dépendance,0,0,490,2022
544000,78350,LOGES-EN-JOSAS (LES),78,Maison,93,4,229,2022
1260000,78000,VERSAILLES,78,Maison,105,5,63,2022
866000,78860,SAINT-NOM-LA-BRETECHE,78,Maison,170,7,714,2022
414000,78520,LIMAY,78,Maison,145,6,595,2022
244700,78711,MANTES-LA-VILLE,78,Maison,72,4,453,2022
645000,78700,CONFLANS SAINTE HONORINE,78,Maison,90,3,642,2022
645000,78700,CONFLANS SAINTE HONORINE,78,Dépendance,0,0,642,2022
193325,78730,SAINT-ARNOULT-EN-YVELINES,78,Dépendance,0,0,629,2022
193325,78730,SAINT-ARNOULT-EN-YVELINES,78,Maison,66,2,629,2022
445000,78410,FLINS-SUR-SEINE,78,Appartement,43,2,93,2022
445000,78410,FLINS-SUR-SEINE,78,Maison,154,6,844,2022
477100,78800,HOUILLES,78,Dépendance,0,0,458,2022
477100,78800,HOUILLES,78,Maison,55,3,458,2022
599000,78500,SARTROUVILLE,78,Dépendance,0,0,490,2022
599000,78500,SARTROUVILLE,78,Maison,110,5,490,2022
188600,78440,BRUEIL-EN-VEXIN,78,Dépendance,0,0,383,2022
387000,78300,POISSY,78,Maison,128,7,319,2022
606430,78800,HOUILLES,78,Maison,148,5,158,2022
606430,78800,HOUILLES,78,Local industriel. commercial ou assimilé,30,0,158,2022
315780,78310,MAUREPAS,78,Maison,85,4,199,2022
315780,78310,MAUREPAS,78,Dépendance,0,0,22,2022
300000,78200,MANTES-LA-JOLIE,78,Dépendance,0,0,374,2022
300000,78200,MANTES-LA-JOLIE,78,Maison,90,5,374,2022
264000,78570,ANDRESY,78,Maison,48,3,73,2022
702200,78470,SAINT-REMY-LES-CHEVREUSE,78,Maison,152,6,500,2022
702200,78470,SAINT-REMY-LES-CHEVREUSE,78,Maison,152,6,1301,2022
1410000,78750,MAREIL-MARLY,78,Maison,238,7,500,2022
1410000,78750,MAREIL-MARLY,78,Maison,238,7,579,2022
385000,78690,ESSARTS-LE-ROI (LES),78,Maison,68,4,771,2022
385000,78690,ESSARTS-LE-ROI (LES),78,Dépendance,0,0,771,2022
1168700,78800,HOUILLES,78,Maison,152,7,570,2022
722850,78117,TOUSSUS-LE-NOBLE,78,Maison,171,6,254,2022
722850,78117,TOUSSUS-LE-NOBLE,78,Maison,171,6,500,2022
467110,78500,SARTROUVILLE,78,Maison,88,5,223,2022
1146500,78150,LE CHESNAY-ROCQUENCOURT,78,Maison,75,4,161,2022
335000,78720,SENLISSE,78,Maison,64,4,475,2022
528640,78690,ESSARTS-LE-ROI (LES),78,Dépendance,0,0,874,2022
528640,78690,ESSARTS-LE-ROI (LES),78,Maison,136,6,874,2022
460000,78690,ESSARTS-LE-ROI (LES),78,Maison,124,5,560,2022
460000,78690,ESSARTS-LE-ROI (LES),78,Maison,124,5,500,2022
235000,78120,RAMBOUILLET,78,Dépendance,0,0,8,2022
450000,78690,ESSARTS-LE-ROI (LES),78,Maison,140,4,420,2022
312000,78410,NEZEL,78,Maison,96,5,811,2022
296950,78440,PORCHEVILLE,78,Maison,98,4,431,2022
540000,78690,LEVIS-SAINT-NOM,78,Maison,211,7,798,2022
540000,78690,LEVIS-SAINT-NOM,78,Maison,211,7,500,2022
462980,78260,ACHERES,78,Maison,108,5,375,2022
564400,78250,MEZY-SUR-SEINE,78,Maison,178,6,694,2022
564400,78250,MEZY-SUR-SEINE,78,Maison,178,6,500,2022
412789,78370,PLAISIR,78,Maison,99,5,221,2022
454250,78370,PLAISIR,78,Maison,136,6,375,2022
620000,78680,EPONE,78,Local industriel. commercial ou assimilé,68,0,1130,2022
620000,78680,EPONE,78,Dépendance,0,0,1130,2022
620000,78680,EPONE,78,Appartement,66,4,1130,2022
620000,78680,EPONE,78,Appartement,64,4,1130,2022
650000,78140,VELIZY VILLACOUBLAY,78,Maison,86,5,270,2022
315000,78450,VILLEPREUX,78,Maison,110,5,114,2022
130000,78740,VAUX-SUR-SEINE,78,Maison,87,3,235,2022
472500,78114,MAGNY-LES-HAMEAUX,78,Maison,109,6,281,2022
1097000,78380,BOUGIVAL,78,Maison,155,8,527,2022
1533100,78150,LE CHESNAY-ROCQUENCOURT,78,Dépendance,0,0,459,2022
1533100,78150,LE CHESNAY-ROCQUENCOURT,78,Maison,190,8,459,2022
384000,78720,CERNAY-LA-VILLE,78,Maison,204,7,500,2022
384000,78720,CERNAY-LA-VILLE,78,Maison,204,7,898,2022
507100,78490,MAREIL-LE-GUYON,78,Maison,119,5,504,2022
295500,78125,EMANCE,78,Dépendance,0,0,500,2022
295500,78125,EMANCE,78,Maison,138,5,500,2022
295500,78125,EMANCE,78,Maison,138,5,1822,2022
295500,78125,EMANCE,78,Dépendance,0,0,1822,2022
205000,78270,BENNECOURT,78,Dépendance,0,0,244,2022
205000,78270,BENNECOURT,78,Maison,98,4,244,2022
376150,78990,ELANCOURT,78,Maison,112,5,206,2022
305000,78200,MANTES-LA-JOLIE,78,Maison,113,5,409,2022
323000,78690,ESSARTS-LE-ROI (LES),78,Maison,117,5,300,2022
383780,78370,PLAISIR,78,Maison,105,5,136,2022
1003550,78450,CHAVENAY,78,Maison,223,7,200,2022
1003550,78450,CHAVENAY,78,Maison,223,7,1089,2022
345000,78410,AUBERGENVILLE,78,Local industriel. commercial ou assimilé,400,0,1676,2022
345000,78410,AUBERGENVILLE,78,Local industriel. commercial ou assimilé,337,0,1676,2022
345000,78410,AUBERGENVILLE,78,Local industriel. commercial ou assimilé,28,0,1676,2022
345000,78410,AUBERGENVILLE,78,Local industriel. commercial ou assimilé,230,0,1676,2022
345000,78410,AUBERGENVILLE,78,Local industriel. commercial ou assimilé,340,0,1676,2022
148500,78640,NEAUPHLE-LE-VIEUX,78,Maison,153,7,687,2022
148500,78640,NEAUPHLE-LE-VIEUX,78,Maison,153,7,500,2022
384000,78440,DROCOURT,78,Maison,97,6,500,2022
384000,78440,DROCOURT,78,Maison,97,6,1029,2022
283000,78730,SAINT-ARNOULT-EN-YVELINES,78,Maison,74,4,787,2022
330000,78510,TRIEL SUR SEINE,78,Maison,163,6,118,2022
760000,78000,VERSAILLES,78,Dépendance,0,0,424,2022
760000,78000,VERSAILLES,78,Maison,79,4,424,2022
482000,78121,CRESPIERES,78,Maison,124,7,436,2022
403050,78990,ELANCOURT,78,Maison,104,5,401,2022
276000,78711,MANTES-LA-VILLE,78,Maison,108,7,186,2022
526300,78480,VERNEUIL SUR SEINE,78,Maison,135,6,218,2022
765000,78460,CHEVREUSE,78,Dépendance,0,0,878,2022
765000,78460,CHEVREUSE,78,Maison,183,7,878,2022
317000,78450,VILLEPREUX,78,Maison,66,4,42,2022
252000,78711,MANTES-LA-VILLE,78,Maison,108,6,135,2022
841070,78470,SAINT-REMY-LES-CHEVREUSE,78,Maison,161,7,777,2022
902500,78620,ETANG-LA-VILLE (L ),78,Maison,122,3,561,2022
902500,78620,ETANG-LA-VILLE (L ),78,Maison,117,3,500,2022
902500,78620,ETANG-LA-VILLE (L ),78,Maison,122,3,500,2022
902500,78620,ETANG-LA-VILLE (L ),78,Maison,117,3,561,2022
330900,78310,MAUREPAS,78,Maison,85,4,119,2022
301900,78450,VILLEPREUX,78,Maison,66,4,42,2022
449000,78200,PERDREAUVILLE,78,Dépendance,0,0,1303,2022
449000,78200,PERDREAUVILLE,78,Dépendance,0,0,500,2022
449000,78200,PERDREAUVILLE,78,Maison,129,4,500,2022
449000,78200,PERDREAUVILLE,78,Maison,129,4,1303,2022
330000,78800,HOUILLES,78,Maison,41,2,119,2022
325000,78270,NOTRE-DAME-DE-LA-MER,78,Maison,120,6,500,2022
325000,78270,NOTRE-DAME-DE-LA-MER,78,Maison,120,6,734,2022
525000,78790,COURGENT,78,Maison,130,6,500,2022
525000,78790,COURGENT,78,Maison,130,6,1578,2022
421500,78450,VILLEPREUX,78,Dépendance,0,0,20,2022
421500,78450,VILLEPREUX,78,Maison,81,5,299,2022
482200,78340,CLAYES-SOUS-BOIS (LES),78,Maison,117,5,226,2022
559500,78700,CONFLANS SAINTE HONORINE,78,Maison,104,5,496,2022
1860000,78150,LE CHESNAY-ROCQUENCOURT,78,Dépendance,0,0,506,2022
1860000,78150,LE CHESNAY-ROCQUENCOURT,78,Maison,187,9,506,2022
439000,78370,PLAISIR,78,Maison,119,5,281,2022
309000,78440,ISSOU,78,Maison,80,4,378,2022
320000,78710,ROSNY-SUR-SEINE,78,Maison,124,5,356,2022
320000,78710,ROSNY-SUR-SEINE,78,Dépendance,0,0,356,2022
320000,78710,ROSNY-SUR-SEINE,78,Dépendance,0,0,500,2022
320000,78710,ROSNY-SUR-SEINE,78,Maison,124,5,500,2022
334180,78580,JUMEAUVILLE,78,Maison,108,6,740,2022
230000,78270,LOMMOYE,78,Dépendance,0,0,710,2022
230000,78270,LOMMOYE,78,Maison,83,4,710,2022
230000,78270,LOMMOYE,78,Maison,83,4,1029,2022
230000,78270,LOMMOYE,78,Dépendance,0,0,1029,2022
525950,78780,MAURECOURT,78,Maison,128,6,484,2022
732930,78780,MAURECOURT,78,Maison,158,5,840,2022
415000,78700,CONFLANS SAINTE HONORINE,78,Maison,121,5,358,2022
515000,78500,SARTROUVILLE,78,Maison,103,4,379,2022
360250,78420,CARRIERES SUR SEINE,78,Maison,76,3,512,2022
461165,78320,LEVIS-SAINT-NOM,78,Dépendance,0,0,1763,2022
461165,78320,LEVIS-SAINT-NOM,78,Maison,107,3,1763,2022
461165,78320,LEVIS-SAINT-NOM,78,Dépendance,0,0,500,2022
461165,78320,LEVIS-SAINT-NOM,78,Maison,107,3,500,2022
619000,78230,PECQ (LE),78,Maison,79,4,391,2022
619000,78230,PECQ (LE),78,Maison,42,3,391,2022
337500,78690,ESSARTS-LE-ROI (LES),78,Maison,102,5,295,2022
380000,78120,RAMBOUILLET,78,Maison,114,5,216,2022
825300,78390,BOIS D ARCY,78,Maison,170,7,587,2022
374500,78955,CARRIERES SOUS POISSY,78,Maison,89,5,291,2022
589000,78500,SARTROUVILLE,78,Maison,142,6,503,2022
785000,78100,SAINT-GERMAIN-EN-LAYE,78,Maison,93,4,615,2022
439000,78280,GUYANCOURT,78,Dépendance,0,0,154,2022
439000,78280,GUYANCOURT,78,Maison,88,3,154,2022
1165000,78290,CROISSY SUR SEINE,78,Maison,178,4,822,2022
1371000,78112,SAINT-GERMAIN-EN-LAYE,78,Maison,147,5,569,2022
1371000,78112,SAINT-GERMAIN-EN-LAYE,78,Maison,147,5,500,2022
878000,78400,CHATOU,78,Dépendance,0,0,319,2022
878000,78400,CHATOU,78,Maison,110,3,319,2022
869290,78390,BOIS D ARCY,78,Maison,193,7,439,2022
869290,78390,BOIS D ARCY,78,Dépendance,0,0,500,2022
869290,78390,BOIS D ARCY,78,Maison,193,7,500,2022
869290,78390,BOIS D ARCY,78,Dépendance,0,0,439,2022
493850,78120,RAMBOUILLET,78,Maison,149,7,400,2022
470000,78980,BREVAL,78,Dépendance,0,0,500,2022
470000,78980,BREVAL,78,Maison,120,6,505,2022
470000,78980,BREVAL,78,Dépendance,0,0,505,2022
470000,78980,BREVAL,78,Maison,120,6,500,2022
197560,78370,PLAISIR,78,Maison,103,5,128,2022
319000,78450,VILLEPREUX,78,Maison,81,4,127,2022
140600,78640,NEAUPHLE-LE-VIEUX,78,Maison,84,4,143,2022
554000,78780,MAURECOURT,78,Maison,141,6,511,2022
554000,78780,MAURECOURT,78,Dépendance,0,0,511,2022
530170,78280,GUYANCOURT,78,Maison,111,6,673,2022
493500,78180,MONTIGNY LE BRETONNEUX,78,Maison,109,6,165,2022
715460,78700,CONFLANS SAINTE HONORINE,78,Maison,210,7,994,2022
782440,78760,JOUARS-PONTCHARTRAIN,78,Dépendance,0,0,500,2022
782440,78760,JOUARS-PONTCHARTRAIN,78,Maison,203,6,2127,2022
782440,78760,JOUARS-PONTCHARTRAIN,78,Dépendance,0,0,2127,2022
782440,78760,JOUARS-PONTCHARTRAIN,78,Maison,203,6,500,2022
369750,78450,VILLEPREUX,78,Maison,90,5,304,2022
1301000,78170,CELLE-SAINT-CLOUD (LA),78,Maison,218,9,597,2022
808000,78960,VOISINS-LE-BRETONNEUX,78,Maison,151,7,796,2022
1484350,78600,MAISONS-LAFFITTE,78,Maison,190,8,294,2022
1484350,78600,MAISONS-LAFFITTE,78,Local industriel. commercial ou assimilé,15,0,294,2022
1484350,78600,MAISONS-LAFFITTE,78,Appartement,35,1,294,2022
250000,78120,SONCHAMP,78,Maison,86,3,436,2022
930000,78400,CHATOU,78,Maison,102,3,483,2022
346000,78850,THIVERVAL-GRIGNON,78,Maison,121,5,219,2022
460000,78500,SARTROUVILLE,78,Maison,87,4,178,2022
435477,78660,PRUNAY-EN-YVELINES,78,Maison,121,5,500,2022
435477,78660,PRUNAY-EN-YVELINES,78,Dépendance,0,0,500,2022
435477,78660,PRUNAY-EN-YVELINES,78,Maison,121,5,725,2022
435477,78660,PRUNAY-EN-YVELINES,78,Dépendance,0,0,725,2022
474000,78540,VERNOUILLET,78,Maison,104,5,243,2022
711400,78170,CELLE-SAINT-CLOUD (LA),78,Maison,112,3,263,2022
866500,78860,SAINT-NOM-LA-BRETECHE,78,Maison,189,7,1058,2022
855000,78125,HERMERAY,78,Dépendance,0,0,1245,2022
855000,78125,HERMERAY,78,Maison,120,5,1245,2022
855000,78125,HERMERAY,78,Maison,154,5,1245,2022
366000,78500,SARTROUVILLE,78,Maison,67,3,288,2022
476350,78960,VOISINS-LE-BRETONNEUX,78,Maison,112,4,543,2022
370500,78990,ELANCOURT,78,Maison,107,5,265,2022
1120000,78800,HOUILLES,78,Maison,240,8,700,2022
1120000,78800,HOUILLES,78,Local industriel. commercial ou assimilé,0,0,700,2022
485000,78320,MESNIL-SAINT-DENIS (LE),78,Maison,105,6,792,2022
485000,78320,MESNIL-SAINT-DENIS (LE),78,Dépendance,0,0,792,2022
179000,78270,MERICOURT,78,Dépendance,0,0,785,2022
179000,78270,MERICOURT,78,Maison,87,4,785,2022
150000,78125,HERMERAY,78,Dépendance,0,0,1524,2022
302344,78450,VILLEPREUX,78,Maison,76,4,131,2022
475000,78390,BOIS D ARCY,78,Maison,99,4,407,2022
655000,78450,VILLEPREUX,78,Dépendance,0,0,361,2022
655000,78450,VILLEPREUX,78,Maison,123,5,361,2022
480000,78390,BOIS D ARCY,78,Maison,87,4,445,2022
655700,78490,MONTFORT-L AMAURY,78,Maison,105,3,527,2022
655700,78490,MONTFORT-L AMAURY,78,Dépendance,0,0,527,2022
456360,78950,GAMBAIS,78,Maison,150,4,742,2022
456360,78950,GAMBAIS,78,Local industriel. commercial ou assimilé,50,0,500,2022
456360,78950,GAMBAIS,78,Maison,150,4,500,2022
456360,78950,GAMBAIS,78,Local industriel. commercial ou assimilé,50,0,742,2022
475700,78820,JUZIERS,78,Maison,140,5,531,2022
475700,78820,JUZIERS,78,Maison,140,5,500,2022
425000,78120,RAMBOUILLET,78,Local industriel. commercial ou assimilé,44,0,310,2022
425000,78120,RAMBOUILLET,78,Maison,44,3,310,2022
398000,78250,OINVILLE-SUR-MONTCIENT,78,Dépendance,0,0,647,2022
398000,78250,OINVILLE-SUR-MONTCIENT,78,Maison,99,5,647,2022
398000,78250,OINVILLE-SUR-MONTCIENT,78,Dépendance,0,0,704,2022
398000,78250,OINVILLE-SUR-MONTCIENT,78,Maison,99,5,704,2022
472000,78125,GAZERAN,78,Maison,113,5,735,2022
255000,78130,MUREAUX (LES),78,Maison,57,3,420,2022
262700,78520,LIMAY,78,Maison,118,6,279,2022
360000,78740,EVECQUEMONT,78,Dépendance,0,0,245,2022
360000,78740,EVECQUEMONT,78,Maison,90,3,491,2022
348000,78130,MUREAUX (LES),78,Maison,89,2,430,2022
625000,78140,VELIZY VILLACOUBLAY,78,Maison,46,3,169,2022
332000,78970,MEZIERES-SUR-SEINE,78,Maison,109,5,457,2022
313000,78510,TRIEL SUR SEINE,78,Maison,84,4,207,2022
327000,78710,ROSNY-SUR-SEINE,78,Dépendance,0,0,759,2022
327000,78710,ROSNY-SUR-SEINE,78,Maison,187,7,759,2022
724200,78700,CONFLANS SAINTE HONORINE,78,Maison,108,6,544,2022
687300,78700,CONFLANS SAINTE HONORINE,78,Maison,170,6,502,2022
209750,78910,ORVILLIERS,78,Maison,100,3,317,2022
414680,78440,PORCHEVILLE,78,Dépendance,0,0,500,2022
414680,78440,PORCHEVILLE,78,Maison,142,6,500,2022
414680,78440,PORCHEVILLE,78,Dépendance,0,0,557,2022
414680,78440,PORCHEVILLE,78,Maison,142,6,557,2022
744000,78140,VELIZY VILLACOUBLAY,78,Maison,75,5,151,2022
418065,78940,MILLEMONT,78,Maison,106,3,323,2022
418065,78940,MILLEMONT,78,Dépendance,0,0,323,2022
340000,78730,PONTHEVRARD,78,Maison,80,5,932,2022
1072195,78170,CELLE-SAINT-CLOUD (LA),78,Maison,109,5,349,2022
415350,78260,ACHERES,78,Maison,143,5,212,2022
260000,78200,MAGNANVILLE,78,Maison,89,6,356,2022
250000,78550,HOUDAN,78,Dépendance,0,0,15,2022
250000,78550,HOUDAN,78,Dépendance,0,0,12,2022
250000,78550,HOUDAN,78,Dépendance,0,0,126,2022
250000,78550,HOUDAN,78,Maison,106,3,126,2022
350000,78125,ORCEMONT,78,Appartement,75,3,637,2022
350000,78125,ORCEMONT,78,Maison,77,4,637,2022
225000,78130,MUREAUX (LES),78,Maison,91,4,286,2022
1009400,78670,MEDAN,78,Maison,101,4,1060,2022
1009400,78670,MEDAN,78,Maison,101,4,140,2022
355000,78930,GUERVILLE,78,Maison,120,6,143,2022
355000,78930,GUERVILLE,78,Maison,120,6,500,2022
409500,78700,CONFLANS SAINTE HONORINE,78,Maison,90,5,246,2022
413700,78120,RAMBOUILLET,78,Maison,120,6,288,2022
381000,78540,VERNOUILLET,78,Maison,90,5,762,2022
215000,78200,MANTES-LA-JOLIE,78,Maison,100,5,350,2022
190000,78630,ORGEVAL,78,Maison,52,3,566,2022
756700,78400,CHATOU,78,Maison,90,4,107,2022
1091600,78490,MONTFORT-L AMAURY,78,Maison,178,6,585,2022
648900,78360,MONTESSON,78,Maison,100,4,400,2022
81500,78520,LIMAY,78,Maison,30,2,152,2022
290000,78260,ACHERES,78,Maison,78,3,121,2022
376735,78310,MAUREPAS,78,Maison,117,4,202,2022
376735,78310,MAUREPAS,78,Dépendance,0,0,202,2022
400000,78730,SAINT-ARNOULT-EN-YVELINES,78,Dépendance,0,0,1430,2022
400000,78730,SAINT-ARNOULT-EN-YVELINES,78,Dépendance,0,0,726,2022
400000,78730,SAINT-ARNOULT-EN-YVELINES,78,Maison,88,4,1430,2022
400000,78730,SAINT-ARNOULT-EN-YVELINES,78,Maison,88,4,726,2022
392300,78260,ACHERES,78,Maison,107,5,238,2022
507150,78790,SEPTEUIL,78,Maison,25,1,247,2022
507150,78790,SEPTEUIL,78,Dépendance,0,0,1632,2022
507150,78790,SEPTEUIL,78,Maison,100,2,1632,2022
507150,78790,SEPTEUIL,78,Maison,100,2,108,2022
507150,78790,SEPTEUIL,78,Dépendance,0,0,108,2022
619250,78580,ALLUETS-LE-ROI (LES),78,Dépendance,0,0,260,2022
619250,78580,ALLUETS-LE-ROI (LES),78,Maison,150,4,260,2022
130000,78570,ANDRESY,78,Local industriel. commercial ou assimilé,61,0,61,2022
782160,78810,FEUCHEROLLES,78,Maison,210,9,500,2022
782160,78810,FEUCHEROLLES,78,Dépendance,0,0,529,2022
782160,78810,FEUCHEROLLES,78,Maison,210,9,529,2022
782160,78810,FEUCHEROLLES,78,Dépendance,0,0,500,2022
322000,78740,EVECQUEMONT,78,Maison,126,5,130,2022
448000,78110,VESINET (LE),78,Maison,50,4,242,2022
81799,78990,ELANCOURT,78,Maison,90,5,202,2022
642000,78580,BAZEMONT,78,Maison,197,5,1015,2022
642000,78580,BAZEMONT,78,Maison,197,5,500,2022
684000,78630,MORAINVILLIERS,78,Maison,250,7,500,2022
684000,78630,MORAINVILLIERS,78,Maison,250,7,706,2022
333300,78980,NEAUPHLETTE,78,Maison,135,4,500,2022
333300,78980,NEAUPHLETTE,78,Maison,135,4,514,2022
454950,78480,VERNEUIL SUR SEINE,78,Maison,113,6,550,2022
425000,78500,SARTROUVILLE,78,Maison,75,3,282,2022
445200,78650,BEYNES,78,Maison,140,6,432,2022
778369,78800,HOUILLES,78,Maison,108,5,160,2022
325000,78490,MERE,78,Maison,77,4,700,2022
325000,78490,MERE,78,Maison,77,4,123,2022
325000,78490,MERE,78,Dépendance,0,0,700,2022
325000,78490,MERE,78,Dépendance,0,0,123,2022
469300,78420,CARRIERES SUR SEINE,78,Maison,82,4,95,2022
108003,78550,DANNEMARIE,78,Maison,124,7,500,2022
108003,78550,DANNEMARIE,78,Dépendance,0,0,500,2022
108003,78550,DANNEMARIE,78,Maison,124,7,2003,2022
108003,78550,DANNEMARIE,78,Dépendance,0,0,2003,2022
108003,78550,DANNEMARIE,78,Local industriel. commercial ou assimilé,0,0,1516,2022
495000,78500,SARTROUVILLE,78,Maison,130,5,345,2022
819800,78600,MAISONS-LAFFITTE,78,Maison,92,4,242,2022
819800,78600,MAISONS-LAFFITTE,78,Dépendance,0,0,242,2022
1036400,78110,VESINET (LE),78,Maison,90,5,406,2022
1036400,78110,VESINET (LE),78,Dépendance,0,0,406,2022
578000,78800,HOUILLES,78,Maison,116,4,309,2022
315250,78400,CHATOU,78,Dépendance,0,0,284,2022
315250,78400,CHATOU,78,Maison,64,4,284,2022
1849300,78150,LE CHESNAY-ROCQUENCOURT,78,Dépendance,0,0,300,2022
1849300,78150,LE CHESNAY-ROCQUENCOURT,78,Maison,120,5,300,2022
245000,78200,MAGNANVILLE,78,Maison,93,5,375,2022
435000,78410,AUBERGENVILLE,78,Maison,117,6,346,2022
256400,78580,BAZEMONT,78,Dépendance,0,0,120,2022
256400,78580,BAZEMONT,78,Maison,60,3,120,2022
180000,78790,ARNOUVILLE-LES-MANTES,78,Local industriel. commercial ou assimilé,598,0,3002,2022
1385800,78160,MARLY-LE-ROI,78,Maison,190,6,1104,2022
1385800,78160,MARLY-LE-ROI,78,Dépendance,0,0,1104,2022
579000,78440,PORCHEVILLE,78,Local industriel. commercial ou assimilé,290,0,1387,2022
579000,78440,PORCHEVILLE,78,Maison,76,4,37,2022
2803940,78110,VESINET (LE),78,Maison,308,13,1763,2022
2803940,78110,VESINET (LE),78,Maison,15,1,1763,2022
2803940,78110,VESINET (LE),78,Maison,308,13,182,2022
2803940,78110,VESINET (LE),78,Maison,15,1,182,2022
4832784,78955,CARRIERES SOUS POISSY,78,Local industriel. commercial ou assimilé,0,0,1706,2022
870000,78620,ETANG-LA-VILLE (L ),78,Maison,128,4,720,2022
500000,78520,LIMAY,78,Maison,63,4,244,2022
500000,78520,LIMAY,78,Local industriel. commercial ou assimilé,102,0,244,2022
240000,78200,FLACOURT,78,Dépendance,0,0,274,2022
240000,78200,FLACOURT,78,Dépendance,0,0,500,2022
240000,78200,FLACOURT,78,Maison,77,4,274,2022
240000,78200,FLACOURT,78,Maison,77,4,500,2022
293000,78710,ROSNY-SUR-SEINE,78,Maison,90,5,500,2022
293000,78710,ROSNY-SUR-SEINE,78,Maison,90,5,853,2022
504000,78370,PLAISIR,78,Maison,135,6,962,2022
350000,78390,BOIS D ARCY,78,Dépendance,0,0,418,2022
350000,78390,BOIS D ARCY,78,Maison,80,5,418,2022
250000,78660,SAINT-MARTIN-DE-BRETHENCOURT,78,Maison,86,4,444,2022
250000,78660,SAINT-MARTIN-DE-BRETHENCOURT,78,Maison,86,4,700,2022
409000,78120,SONCHAMP,78,Maison,140,5,566,2022
768000,78720,SENLISSE,78,Maison,115,4,738,2022
522990,78500,SARTROUVILLE,78,Maison,62,3,174,2022
1400000,78420,CARRIERES SUR SEINE,78,Dépendance,0,0,812,2022
1400000,78420,CARRIERES SUR SEINE,78,Maison,208,9,812,2022
225950,78660,SAINT-MARTIN-DE-BRETHENCOURT,78,Dépendance,0,0,407,2022
225950,78660,SAINT-MARTIN-DE-BRETHENCOURT,78,Maison,64,5,407,2022
480000,78690,ESSARTS-LE-ROI (LES),78,Maison,141,5,627,2022
480000,78690,ESSARTS-LE-ROI (LES),78,Dépendance,0,0,627,2022
520000,78120,RAMBOUILLET,78,Maison,16,1,500,2022
520000,78120,RAMBOUILLET,78,Maison,56,3,501,2022
520000,78120,RAMBOUILLET,78,Maison,56,3,500,2022
520000,78120,RAMBOUILLET,78,Maison,16,1,501,2022
900000,78460,CHEVREUSE,78,Dépendance,0,0,596,2022
900000,78460,CHEVREUSE,78,Appartement,30,2,596,2022
900000,78460,CHEVREUSE,78,Appartement,40,1,596,2022
900000,78460,CHEVREUSE,78,Appartement,34,2,596,2022
900000,78460,CHEVREUSE,78,Appartement,28,1,596,2022
900000,78460,CHEVREUSE,78,Appartement,27,1,596,2022
900000,78460,CHEVREUSE,78,Appartement,43,1,596,2022
650000,78830,BULLION,78,Maison,173,5,912,2022
650000,78830,BULLION,78,Maison,173,5,500,2022
580000,78420,CARRIERES SUR SEINE,78,Maison,48,3,500,2022
340000,78950,GAMBAIS,78,Maison,79,4,683,2022
440000,78180,MONTIGNY LE BRETONNEUX,78,Maison,100,4,50,2022
230000,78570,CHANTELOUP-LES-VIGNES,78,Dépendance,0,0,264,2022
230000,78570,CHANTELOUP-LES-VIGNES,78,Maison,85,4,264,2022
1900000,78170,CELLE-SAINT-CLOUD (LA),78,Dépendance,0,0,124,2022
1900000,78170,CELLE-SAINT-CLOUD (LA),78,Maison,200,9,124,2022
331000,78940,QUEUE-LES-YVELINES (LA),78,Maison,87,5,300,2022
331000,78940,QUEUE-LES-YVELINES (LA),78,Maison,87,5,510,2022
361000,78500,SARTROUVILLE,78,Maison,70,4,85,2022
651700,78210,SAINT-CYR-L ECOLE,78,Maison,145,6,283,2022
334000,78650,BEYNES,78,Maison,85,5,437,2022
334000,78650,BEYNES,78,Dépendance,0,0,437,2022
559860,78640,SAINT-GERMAIN-DE-LA-GRANGE,78,Maison,167,5,681,2022
348000,78940,QUEUE-LES-YVELINES (LA),78,Maison,100,4,300,2022
348000,78940,QUEUE-LES-YVELINES (LA),78,Dépendance,0,0,300,2022
140000,78520,LIMAY,78,Maison,52,3,1360,2022
140000,78520,LIMAY,78,Local industriel. commercial ou assimilé,148,0,1360,2022
219000,78710,ROSNY-SUR-SEINE,78,Dépendance,0,0,479,2022
219000,78710,ROSNY-SUR-SEINE,78,Maison,96,5,479,2022
458900,78260,ACHERES,78,Maison,126,5,369,2022
336200,78410,FALAISE (LA),78,Maison,125,5,482,2022
336200,78410,FALAISE (LA),78,Dépendance,0,0,482,2022
434375,78140,VELIZY VILLACOUBLAY,78,Maison,64,3,227,2022
465600,78920,ECQUEVILLY,78,Maison,73,3,428,2022
954125,78600,MAISONS-LAFFITTE,78,Maison,103,5,161,2022
112000,78520,GUERNES,78,Maison,32,2,22,2022
260000,78200,BUCHELAY,78,Maison,64,3,520,2022
580000,78410,BOUAFLE,78,Maison,106,5,435,2022
580000,78410,BOUAFLE,78,Dépendance,0,0,435,2022
200000,78270,BONNIERES-SUR-SEINE,78,Maison,42,3,160,2022
200000,78270,BONNIERES-SUR-SEINE,78,Dépendance,0,0,160,2022
200000,78270,BONNIERES-SUR-SEINE,78,Dépendance,0,0,18,2022
680000,78960,VOISINS-LE-BRETONNEUX,78,Maison,124,6,437,2022
522000,78960,VOISINS-LE-BRETONNEUX,78,Maison,108,4,183,2022
292500,78580,MAULE,78,Maison,70,3,64,2022
396000,78580,MAULE,78,Maison,155,6,191,2022
673000,78180,MONTIGNY LE BRETONNEUX,78,Maison,126,5,606,2022
737390,78490,MERE,78,Maison,160,5,543,2022
279000,78610,PERRAY-EN-YVELINES (LE),78,Maison,68,3,250,2022
741000,78360,MONTESSON,78,Maison,68,4,291,2022
1194400,78600,MAISONS-LAFFITTE,78,Maison,112,5,581,2022
1194400,78600,MAISONS-LAFFITTE,78,Dépendance,0,0,581,2022
1356500,78000,VERSAILLES,78,Maison,140,7,264,2022
1558000,78150,LE CHESNAY-ROCQUENCOURT,78,Maison,144,8,249,2022
323000,78200,MAGNANVILLE,78,Maison,109,4,524,2022
345000,78700,CONFLANS SAINTE HONORINE,78,Maison,84,4,360,2022
655000,78114,MAGNY-LES-HAMEAUX,78,Maison,140,5,953,2022
655000,78114,MAGNY-LES-HAMEAUX,78,Dépendance,0,0,953,2022
575000,78125,HERMERAY,78,Maison,175,4,4119,2022
575000,78125,HERMERAY,78,Maison,175,4,500,2022
1234300,78160,MARLY-LE-ROI,78,Maison,215,7,905,2022
900000,78120,RAMBOUILLET,78,Dépendance,0,0,500,2022
900000,78120,RAMBOUILLET,78,Maison,219,7,1015,2022
900000,78120,RAMBOUILLET,78,Dépendance,0,0,1015,2022
900000,78120,RAMBOUILLET,78,Maison,219,7,500,2022
275000,78510,TRIEL SUR SEINE,78,Maison,90,3,44,2022
773000,78950,GAMBAIS,78,Dépendance,0,0,1500,2022
773000,78950,GAMBAIS,78,Maison,200,6,500,2022
773000,78950,GAMBAIS,78,Dépendance,0,0,500,2022
773000,78950,GAMBAIS,78,Maison,200,6,1500,2022
289735,78630,ORGEVAL,78,Maison,70,4,80,2022
270000,78740,VAUX-SUR-SEINE,78,Dépendance,0,0,274,2022
270000,78740,VAUX-SUR-SEINE,78,Maison,42,3,274,2022
182000,78270,MOUSSEAUX-SUR-SEINE,78,Maison,75,3,322,2022
900640,78600,MESNIL-LE-ROI (LE),78,Dépendance,0,0,79,2022
900640,78600,MESNIL-LE-ROI (LE),78,Maison,204,8,230,2022
215000,78980,SAINT-ILLIERS-LE-BOIS,78,Maison,120,3,219,2022
220000,78790,SEPTEUIL,78,Dépendance,0,0,559,2022
220000,78790,SEPTEUIL,78,Maison,108,5,500,2022
220000,78790,SEPTEUIL,78,Dépendance,0,0,500,2022
220000,78790,SEPTEUIL,78,Maison,108,5,559,2022
2484000,78600,MAISONS-LAFFITTE,78,Dépendance,0,0,945,2022
2484000,78600,MAISONS-LAFFITTE,78,Maison,203,6,945,2022
1160180,78380,BOUGIVAL,78,Dépendance,0,0,775,2022
1160180,78380,BOUGIVAL,78,Maison,170,5,775,2022
1550000,78600,MAISONS-LAFFITTE,78,Maison,140,6,1083,2022
1550000,78600,MAISONS-LAFFITTE,78,Dépendance,0,0,1083,2022
491000,78340,CLAYES-SOUS-BOIS (LES),78,Maison,179,5,440,2022
491000,78340,CLAYES-SOUS-BOIS (LES),78,Dépendance,0,0,440,2022
584920,78114,MAGNY-LES-HAMEAUX,78,Maison,159,6,659,2022
455000,78450,VILLEPREUX,78,Maison,92,4,389,2022
200000,78360,MONTESSON,78,Maison,18,1,146,2022
200000,78360,MONTESSON,78,Maison,66,4,146,2022
505000,78955,CARRIERES SOUS POISSY,78,Maison,140,3,325,2022
329000,78370,PLAISIR,78,Maison,110,5,86,2022
465000,78200,MANTES-LA-JOLIE,78,Maison,100,5,771,2022
465000,78200,MANTES-LA-JOLIE,78,Dépendance,0,0,17,2022
464100,78126,AULNAY-SUR-MAULDRE,78,Maison,73,2,509,2022
730000,78580,MAULE,78,Maison,180,7,798,2022
737000,78120,RAMBOUILLET,78,Maison,170,5,602,2022
844100,78670,VILLENNES-SUR-SEINE,78,Maison,93,5,225,2022
415000,78650,BEYNES,78,Maison,155,6,280,2022
130000,78740,VAUX-SUR-SEINE,78,Maison,80,4,200,2022
578750,78630,MORAINVILLIERS,78,Maison,142,6,238,2022
409500,78125,SAINT-HILARION,78,Maison,96,4,331,2022
776000,78590,RENNEMOULIN,78,Maison,195,7,908,2022
259000,78410,AUBERGENVILLE,78,Maison,60,3,107,2022
452200,78700,CONFLANS SAINTE HONORINE,78,Maison,66,3,368,2022
305360,78330,FONTENAY LE FLEURY,78,Maison,60,3,370,2022
323320,78320,VERRIERE (LA),78,Maison,96,5,281,2022
360000,78390,BOIS D ARCY,78,Maison,81,4,437,2022
612950,78510,TRIEL SUR SEINE,78,Maison,164,5,500,2022
612950,78510,TRIEL SUR SEINE,78,Maison,164,5,438,2022
1188700,78860,SAINT-NOM-LA-BRETECHE,78,Maison,242,5,500,2022
1188700,78860,SAINT-NOM-LA-BRETECHE,78,Maison,242,5,317,2022
308000,78120,RAMBOUILLET,78,Dépendance,0,0,160,2022
308000,78120,RAMBOUILLET,78,Maison,78,4,160,2022
180000,78520,SAINT-MARTIN-LA-GARENNE,78,Maison,60,2,285,2022
396500,78320,MESNIL-SAINT-DENIS (LE),78,Maison,114,5,301,2022
315000,78260,ACHERES,78,Maison,66,4,123,2022
45000,78980,BREVAL,78,Maison,60,3,605,2022
893392,78140,VELIZY VILLACOUBLAY,78,Maison,139,6,279,2022
900000,78380,BOUGIVAL,78,Maison,40,1,254,2022
735000,78125,RAIZEUX,78,Maison,135,5,800,2022
735000,78125,RAIZEUX,78,Dépendance,0,0,800,2022
211600,78125,HERMERAY,78,Maison,94,3,523,2022
211600,78125,HERMERAY,78,Dépendance,0,0,523,2022
155000,78270,BONNIERES-SUR-SEINE,78,Local industriel. commercial ou assimilé,80,0,176,2022
155000,78270,BONNIERES-SUR-SEINE,78,Maison,90,3,176,2022
460000,78800,HOUILLES,78,Maison,87,6,541,2022
293000,78700,CONFLANS SAINTE HONORINE,78,Maison,65,4,404,2022
854500,78670,VILLENNES-SUR-SEINE,78,Maison,129,6,270,2022
854500,78670,VILLENNES-SUR-SEINE,78,Dépendance,0,0,270,2022
350000,78700,CONFLANS SAINTE HONORINE,78,Maison,47,3,205,2022
350000,78700,CONFLANS SAINTE HONORINE,78,Dépendance,0,0,205,2022
253000,78711,MANTES-LA-VILLE,78,Maison,101,5,128,2022
400807,78650,BEYNES,78,Maison,96,4,470,2022
335500,78700,CONFLANS SAINTE HONORINE,78,Maison,64,4,399,2022
553950,78113,CONDE-SUR-VESGRE,78,Maison,145,6,500,2022
553950,78113,CONDE-SUR-VESGRE,78,Maison,145,6,2718,2022
340000,78820,JUZIERS,78,Maison,100,5,602,2022
300000,78520,LIMAY,78,Dépendance,0,0,576,2022
300000,78520,LIMAY,78,Maison,126,7,576,2022
542900,78320,MESNIL-SAINT-DENIS (LE),78,Maison,89,3,720,2022
1488350,78620,ETANG-LA-VILLE (L ),78,Maison,234,10,500,2022
1488350,78620,ETANG-LA-VILLE (L ),78,Maison,234,10,1035,2022
57500,78270,GOMMECOURT,78,Dépendance,0,0,61,2022
57500,78270,GOMMECOURT,78,Maison,75,4,61,2022
467200000,78700,CONFLANS SAINTE HONORINE,78,Maison,122,7,408,2022
548000,78500,SARTROUVILLE,78,Maison,135,5,34,2022
491160,78910,TACOIGNIERES,78,Maison,175,6,500,2022
491160,78910,TACOIGNIERES,78,Maison,175,6,400,2022
443000,78114,MAGNY-LES-HAMEAUX,78,Dépendance,0,0,394,2022
443000,78114,MAGNY-LES-HAMEAUX,78,Maison,105,4,394,2022
415000,78700,CONFLANS SAINTE HONORINE,78,Maison,116,5,234,2022
753420,78450,CHAVENAY,78,Maison,130,4,163,2022
880000,78960,VOISINS-LE-BRETONNEUX,78,Maison,176,8,751,2022
600000,78114,MAGNY-LES-HAMEAUX,78,Maison,128,6,356,2022
600000,78114,MAGNY-LES-HAMEAUX,78,Maison,128,6,500,2022
352000,78200,FLACOURT,78,Dépendance,0,0,512,2022
352000,78200,FLACOURT,78,Maison,119,6,512,2022
352000,78200,FLACOURT,78,Maison,119,6,500,2022
352000,78200,FLACOURT,78,Dépendance,0,0,500,2022
275000,78711,MANTES-LA-VILLE,78,Dépendance,0,0,500,2022
275000,78711,MANTES-LA-VILLE,78,Maison,145,5,500,2022
847700,78590,NOISY LE ROI,78,Maison,102,4,486,2022
350000,78270,CRAVENT,78,Dépendance,0,0,417,2022
350000,78270,CRAVENT,78,Maison,175,6,417,2022
250000,78540,VERNOUILLET,78,Maison,96,4,60,2022
491500,78700,CONFLANS SAINTE HONORINE,78,Dépendance,0,0,315,2022
491500,78700,CONFLANS SAINTE HONORINE,78,Maison,113,5,315,2022
255000,78680,EPONE,78,Maison,74,3,300,2022
255000,78680,EPONE,78,Dépendance,0,0,300,2022
166000,78910,ORGERUS,78,Maison,95,4,600,2022
166000,78910,ORGERUS,78,Maison,95,4,382,2022
257000,78680,EPONE,78,Maison,80,4,512,2022
399000,78370,PLAISIR,78,Maison,101,6,178,2022
465000,78790,TILLY,78,Maison,182,5,618,2022
465000,78790,TILLY,78,Dépendance,0,0,500,2022
465000,78790,TILLY,78,Dépendance,0,0,618,2022
465000,78790,TILLY,78,Maison,182,5,500,2022
247000,78520,LIMAY,78,Maison,91,4,440,2022
800000,78440,GARGENVILLE,78,Local industriel. commercial ou assimilé,3255,0,3405,2022
565000,78700,CONFLANS SAINTE HONORINE,78,Maison,94,5,554,2022
335000,78700,CONFLANS SAINTE HONORINE,78,Dépendance,0,0,281,2022
335000,78700,CONFLANS SAINTE HONORINE,78,Maison,70,4,281,2022
2724638,78000,VERSAILLES,78,Maison,334,10,1665,2022
2724638,78000,VERSAILLES,78,Maison,334,10,228,2022
322000,78113,CONDE-SUR-VESGRE,78,Maison,91,4,242,2022
362000,78270,BENNECOURT,78,Maison,153,2,446,2022
362000,78270,BENNECOURT,78,Maison,153,2,585,2022
379000,78700,CONFLANS SAINTE HONORINE,78,Maison,73,3,429,2022
715900,78610,PERRAY-EN-YVELINES (LE),78,Dépendance,0,0,811,2022
715900,78610,PERRAY-EN-YVELINES (LE),78,Maison,180,6,811,2022
695900,78690,ESSARTS-LE-ROI (LES),78,Maison,190,7,1195,2022
299950,78125,HERMERAY,78,Maison,88,5,460,2022
515300,78955,CARRIERES SOUS POISSY,78,Maison,135,5,549,2022
504500,78390,BOIS D ARCY,78,Maison,128,5,508,2022
504500,78390,BOIS D ARCY,78,Maison,128,5,500,2022
321298,78660,ABLIS,78,Maison,142,6,589,2022
365500,78770,AUTOUILLET,78,Maison,180,5,436,2022
398000,78670,VILLENNES-SUR-SEINE,78,Maison,84,4,226,2022
530000,78490,BOISSY-SANS-AVOIR,78,Maison,58,3,677,2022
530000,78490,BOISSY-SANS-AVOIR,78,Dépendance,0,0,677,2022
530000,78490,BOISSY-SANS-AVOIR,78,Maison,58,3,501,2022
530000,78490,BOISSY-SANS-AVOIR,78,Dépendance,0,0,501,2022
170000,78550,GRESSEY,78,Maison,84,5,1248,2022
170000,78550,GRESSEY,78,Maison,84,5,454,2022
609500,78530,BUC,78,Dépendance,0,0,14,2022
609500,78530,BUC,78,Maison,95,5,179,2022
1025000,78630,ORGEVAL,78,Maison,157,5,495,2022
455000,78350,JOUY EN JOSAS,78,Maison,63,4,367,2022
455000,78350,JOUY EN JOSAS,78,Dépendance,0,0,367,2022
133000,78840,MOISSON,78,Maison,119,5,179,2022
133000,78840,MOISSON,78,Dépendance,0,0,179,2022
2230000,78000,VERSAILLES,78,Maison,300,12,970,2022
397000,78800,HOUILLES,78,Maison,59,4,249,2022
200000,78690,ESSARTS-LE-ROI (LES),78,Dépendance,0,0,745,2022
200000,78690,ESSARTS-LE-ROI (LES),78,Maison,31,2,745,2022
310800,78190,TRAPPES,78,Maison,74,3,355,2022
852000,78500,SARTROUVILLE,78,Dépendance,0,0,338,2022
852000,78500,SARTROUVILLE,78,Maison,84,4,338,2022
852000,78500,SARTROUVILLE,78,Dépendance,0,0,323,2022
852000,78500,SARTROUVILLE,78,Appartement,73,4,323,2022
852000,78500,SARTROUVILLE,78,Appartement,80,4,323,2022
852000,78500,SARTROUVILLE,78,Appartement,51,2,323,2022
852000,78500,SARTROUVILLE,78,Appartement,78,4,323,2022
635000,78700,CONFLANS SAINTE HONORINE,78,Dépendance,0,0,816,2022
635000,78700,CONFLANS SAINTE HONORINE,78,Maison,119,5,816,2022
339000,78955,CARRIERES SOUS POISSY,78,Maison,80,4,344,2022
227000,78550,RICHEBOURG,78,Maison,72,3,721,2022
500000,78400,CHATOU,78,Maison,66,4,111,2022
375000,78280,GUYANCOURT,78,Local industriel. commercial ou assimilé,36,0,134,2022
375000,78280,GUYANCOURT,78,Local industriel. commercial ou assimilé,65,0,134,2022
250000,78970,MEZIERES-SUR-SEINE,78,Maison,63,2,671,2022
250000,78970,MEZIERES-SUR-SEINE,78,Maison,55,3,671,2022
899350,78290,CROISSY SUR SEINE,78,Maison,100,5,428,2022
22000,78350,LOGES-EN-JOSAS (LES),78,Dépendance,0,0,179,2022
22000,78350,LOGES-EN-JOSAS (LES),78,Maison,53,3,179,2022
210000,78440,JAMBVILLE,78,Maison,54,3,156,2022
210000,78440,JAMBVILLE,78,Dépendance,0,0,156,2022
700000,78810,FEUCHEROLLES,78,Maison,103,4,970,2022
170000,78790,SEPTEUIL,78,Dépendance,0,0,22,2022
170000,78790,SEPTEUIL,78,Maison,34,1,152,2022
170000,78790,SEPTEUIL,78,Dépendance,0,0,152,2022
338095,78640,VILLIERS-SAINT-FREDERIC,78,Maison,80,4,325,2022
340660,78310,COIGNIERES,78,Maison,106,5,295,2022
1229000,78400,CHATOU,78,Maison,124,5,334,2022
318000,78970,MEZIERES-SUR-SEINE,78,Maison,98,4,602,2022
230000,78130,CHAPET,78,Maison,50,3,295,2022
333000,78130,CHAPET,78,Maison,91,4,605,2022
728000,78580,MAULE,78,Dépendance,0,0,538,2022
728000,78580,MAULE,78,Maison,120,5,500,2022
728000,78580,MAULE,78,Dépendance,0,0,500,2022
728000,78580,MAULE,78,Maison,120,5,538,2022
240000,78770,AUTEUIL-LE-ROI,78,Maison,50,2,192,2022
240000,78770,AUTEUIL-LE-ROI,78,Local industriel. commercial ou assimilé,50,0,192,2022
378000,78510,TRIEL SUR SEINE,78,Maison,143,5,443,2022
285000,78450,VILLEPREUX,78,Maison,96,5,333,2022
269450,78580,MAULE,78,Dépendance,0,0,131,2022
269450,78580,MAULE,78,Maison,80,4,131,2022
280000,78260,ACHERES,78,Maison,80,4,362,2022
709660,78330,FONTENAY LE FLEURY,78,Dépendance,0,0,261,2022
709660,78330,FONTENAY LE FLEURY,78,Maison,149,5,261,2022
270000,78200,BUCHELAY,78,Maison,104,5,507,2022
560000,78140,VELIZY VILLACOUBLAY,78,Local industriel. commercial ou assimilé,0,0,297,2022
560000,78140,VELIZY VILLACOUBLAY,78,Maison,70,3,297,2022
440000,78790,SEPTEUIL,78,Dépendance,0,0,722,2022
440000,78790,SEPTEUIL,78,Dépendance,0,0,5000,2022
440000,78790,SEPTEUIL,78,Maison,155,6,5000,2022
440000,78790,SEPTEUIL,78,Maison,155,6,722,2022
326700,78740,VAUX-SUR-SEINE,78,Maison,112,4,645,2022
185000,78200,MANTES-LA-JOLIE,78,Dépendance,0,0,176,2022
185000,78200,MANTES-LA-JOLIE,78,Maison,61,3,176,2022
14000,78130,MUREAUX (LES),78,Dépendance,0,0,14,2022
833700,78630,ORGEVAL,78,Maison,280,8,402,2022
380000,78120,RAMBOUILLET,78,Maison,89,5,238,2022
390200,78770,MARCQ,78,Dépendance,0,0,621,2022
390200,78770,MARCQ,78,Maison,128,5,500,2022
390200,78770,MARCQ,78,Dépendance,0,0,500,2022
390200,78770,MARCQ,78,Maison,128,5,621,2022
295000,78440,PORCHEVILLE,78,Maison,93,4,357,2022
429000,78260,ACHERES,78,Maison,92,4,274,2022
1235020,78230,PECQ (LE),78,Maison,207,10,436,2022
356450,78980,SAINT-ILLIERS-LE-BOIS,78,Dépendance,0,0,500,2022
356450,78980,SAINT-ILLIERS-LE-BOIS,78,Maison,165,5,1300,2022
356450,78980,SAINT-ILLIERS-LE-BOIS,78,Dépendance,0,0,1300,2022
356450,78980,SAINT-ILLIERS-LE-BOIS,78,Maison,165,5,500,2022
230000,78790,ROSAY,78,Appartement,30,2,2623,2022
230000,78790,ROSAY,78,Local industriel. commercial ou assimilé,400,0,2623,2022
230000,78790,ROSAY,78,Local industriel. commercial ou assimilé,260,0,2623,2022
288000,78710,ROSNY-SUR-SEINE,78,Dépendance,0,0,535,2022
288000,78710,ROSNY-SUR-SEINE,78,Maison,103,5,535,2022
225000,78130,MUREAUX (LES),78,Maison,85,4,135,2022
225000,78130,MUREAUX (LES),78,Dépendance,0,0,18,2022
260000,78580,JUMEAUVILLE,78,Maison,89,5,706,2022
580000,78500,SARTROUVILLE,78,Maison,159,4,462,2022
1448000,78290,CROISSY SUR SEINE,78,Maison,17,0,498,2022
1448000,78290,CROISSY SUR SEINE,78,Maison,190,8,498,2022
637000,78120,RAMBOUILLET,78,Maison,62,2,413,2022
637000,78120,RAMBOUILLET,78,Maison,111,6,413,2022
637000,78120,RAMBOUILLET,78,Dépendance,0,0,413,2022
422500,78700,CONFLANS SAINTE HONORINE,78,Maison,105,4,185,2022
1690000,78110,VESINET (LE),78,Maison,95,6,121,2022
1690000,78110,VESINET (LE),78,Dépendance,0,0,622,2022
1690000,78110,VESINET (LE),78,Dépendance,0,0,121,2022
1690000,78110,VESINET (LE),78,Maison,95,6,622,2022
360000,78250,MEZY-SUR-SEINE,78,Local industriel. commercial ou assimilé,1023,0,4223,2022
2120000,78100,SAINT-GERMAIN-EN-LAYE,78,Maison,193,5,537,2022
505000,78780,MAURECOURT,78,Maison,124,5,500,2022
1024985,78750,MAREIL-MARLY,78,Maison,23,1,248,2022
1024985,78750,MAREIL-MARLY,78,Maison,147,4,248,2022
179850,78420,CARRIERES SUR SEINE,78,Maison,32,2,75,2022
500000,78130,CHAPET,78,Dépendance,0,0,500,2022
500000,78130,CHAPET,78,Maison,154,6,452,2022
500000,78130,CHAPET,78,Dépendance,0,0,452,2022
500000,78130,CHAPET,78,Maison,154,6,500,2022
446200,78960,VOISINS-LE-BRETONNEUX,78,Maison,216,8,238,2022
457800,78111,DAMMARTIN EN SERVE,78,Maison,78,3,2280,2022
457800,78111,DAMMARTIN EN SERVE,78,Maison,78,3,3048,2022
457800,78111,DAMMARTIN EN SERVE,78,Maison,78,3,500,2022
457800,78111,DAMMARTIN EN SERVE,78,Maison,78,3,880,2022
523400,78580,MAULE,78,Maison,126,6,807,2022
523400,78580,MAULE,78,Maison,126,6,500,2022
1202962,78400,CHATOU,78,Maison,140,4,185,2022
555000,78110,VESINET (LE),78,Maison,40,2,368,2022
313000,78510,TRIEL SUR SEINE,78,Maison,75,3,203,2022
313000,78510,TRIEL SUR SEINE,78,Dépendance,0,0,203,2022
661000,78210,SAINT-CYR-L ECOLE,78,Maison,135,6,247,2022
290000,78440,PORCHEVILLE,78,Maison,91,2,635,2022
180000,78270,BONNIERES-SUR-SEINE,78,Dépendance,0,0,279,2022
180000,78270,BONNIERES-SUR-SEINE,78,Maison,34,2,279,2022
845000,78150,LE CHESNAY-ROCQUENCOURT,78,Maison,80,4,400,2022
410250,78700,CONFLANS SAINTE HONORINE,78,Maison,130,4,303,2022
340000,78120,RAMBOUILLET,78,Maison,55,3,630,2022
340000,78120,RAMBOUILLET,78,Dépendance,0,0,630,2022
1127962,78490,GROSROUVRE,78,Dépendance,0,0,7900,2022
1127962,78490,GROSROUVRE,78,Maison,242,6,520,2022
1127962,78490,GROSROUVRE,78,Maison,242,6,7900,2022
1127962,78490,GROSROUVRE,78,Dépendance,0,0,520,2022
371100,78790,HARGEVILLE,78,Maison,135,5,500,2022
371100,78790,HARGEVILLE,78,Maison,135,5,398,2022
339400,78120,SONCHAMP,78,Maison,104,3,500,2022
339400,78120,SONCHAMP,78,Maison,104,3,328,2022
1178780,78170,CELLE-SAINT-CLOUD (LA),78,Maison,84,4,590,2022
1178780,78170,CELLE-SAINT-CLOUD (LA),78,Maison,84,4,864,2022
1178780,78170,CELLE-SAINT-CLOUD (LA),78,Dépendance,0,0,590,2022
1178780,78170,CELLE-SAINT-CLOUD (LA),78,Dépendance,0,0,864,2022
352000,78250,OINVILLE-SUR-MONTCIENT,78,Maison,102,4,862,2022
1231500,78600,MAISONS-LAFFITTE,78,Dépendance,0,0,354,2022
1231500,78600,MAISONS-LAFFITTE,78,Maison,112,5,354,2022
423680,78500,SARTROUVILLE,78,Maison,61,3,502,2022
498500,78480,VERNEUIL SUR SEINE,78,Maison,96,5,363,2022
327000,78800,HOUILLES,78,Maison,72,3,193,2022
327000,78800,HOUILLES,78,Dépendance,0,0,193,2022
636000,78500,SARTROUVILLE,78,Maison,150,5,242,2022
400000,78110,VESINET (LE),78,Maison,100,3,219,2022
250250,78370,PLAISIR,78,Maison,103,4,436,2022
352200,78250,TESSANCOURT-SUR-AUBETTE,78,Maison,95,3,500,2022
352200,78250,TESSANCOURT-SUR-AUBETTE,78,Maison,95,3,276,2022
306230,78690,ESSARTS-LE-ROI (LES),78,Maison,75,4,200,2022
460000,78490,TREMBLAY-SUR-MAULDRE (LE),78,Maison,126,4,979,2022
445665,78690,ESSARTS-LE-ROI (LES),78,Maison,120,6,333,2022
457000,78650,SAULX-MARCHAIS,78,Dépendance,0,0,660,2022
457000,78650,SAULX-MARCHAIS,78,Maison,155,7,660,2022
150000,78610,PERRAY-EN-YVELINES (LE),78,Maison,66,5,596,2022
350000,78711,MANTES-LA-VILLE,78,Maison,136,6,390,2022
488000,78320,MESNIL-SAINT-DENIS (LE),78,Maison,132,5,506,2022
826000,78180,MONTIGNY LE BRETONNEUX,78,Maison,162,6,367,2022
650667,78910,ORGERUS,78,Maison,198,7,1000,2022
650667,78910,ORGERUS,78,Dépendance,0,0,171,2022
650667,78910,ORGERUS,78,Maison,198,7,171,2022
650667,78910,ORGERUS,78,Dépendance,0,0,1000,2022
747750,78210,SAINT-CYR-L ECOLE,78,Maison,118,4,400,2022
950000,78000,VERSAILLES,78,Maison,124,9,225,2022
950000,78000,VERSAILLES,78,Local industriel. commercial ou assimilé,16,0,225,2022
950000,78000,VERSAILLES,78,Local industriel. commercial ou assimilé,24,0,225,2022
950000,78000,VERSAILLES,78,Local industriel. commercial ou assimilé,230,0,225,2022
950000,78000,VERSAILLES,78,Dépendance,0,0,225,2022
1800000,78420,CARRIERES SUR SEINE,78,Maison,268,10,1966,2022
1800000,78420,CARRIERES SUR SEINE,78,Maison,268,10,500,2022
360450,78680,EPONE,78,Maison,109,4,345,2022
193000,78270,LIMETZ-VILLEZ,78,Maison,67,3,112,2022
758450,78960,VOISINS-LE-BRETONNEUX,78,Maison,178,7,566,2022
600000,78600,MAISONS-LAFFITTE,78,Maison,130,6,388,2022
227000,78270,LIMETZ-VILLEZ,78,Maison,69,3,503,2022
297825,78520,FOLLAINVILLE-DENNEMONT,78,Maison,95,4,369,2022
297825,78520,FOLLAINVILLE-DENNEMONT,78,Dépendance,0,0,369,2022
400000,78120,CLAIREFONTAINE-EN-YVELINES,78,Dépendance,0,0,843,2022
400000,78120,CLAIREFONTAINE-EN-YVELINES,78,Maison,102,5,843,2022
232000,78820,JUZIERS,78,Maison,79,5,131,2022
341000,78310,MAUREPAS,78,Maison,77,5,143,2022
890000,78360,MONTESSON,78,Maison,138,6,490,2022
890000,78360,MONTESSON,78,Dépendance,0,0,490,2022
690500,78300,POISSY,78,Maison,95,4,233,2022
424000,78500,SARTROUVILLE,78,Maison,60,4,287,2022
410000,78800,HOUILLES,78,Maison,62,3,135,2022
671400,78117,CHATEAUFORT,78,Maison,132,6,933,2022
270000,78680,EPONE,78,Maison,92,4,630,2022
641000,78140,VELIZY VILLACOUBLAY,78,Maison,84,4,246,2022
513000,78480,VERNEUIL SUR SEINE,78,Maison,118,6,528,2022
430000,78300,POISSY,78,Maison,123,5,204,2022
430000,78300,POISSY,78,Local industriel. commercial ou assimilé,22,0,204,2022
430000,78300,POISSY,78,Local industriel. commercial ou assimilé,14,0,204,2022
162000,78130,MUREAUX (LES),78,Maison,50,3,103,2022
551600,78640,VILLIERS-SAINT-FREDERIC,78,Maison,101,5,500,2022
551600,78640,VILLIERS-SAINT-FREDERIC,78,Maison,101,5,687,2022
556350,78121,CRESPIERES,78,Maison,115,4,511,2022
490000,78140,VELIZY VILLACOUBLAY,78,Maison,75,4,343,2022
410000,78130,MUREAUX (LES),78,Maison,138,4,428,2022
565000,78540,VERNOUILLET,78,Maison,174,7,871,2022
565000,78540,VERNOUILLET,78,Dépendance,0,0,871,2022
397558,78120,RAMBOUILLET,78,Maison,122,5,287,2022
335000,78680,EPONE,78,Maison,85,5,392,2022
220000,78130,MUREAUX (LES),78,Dépendance,0,0,618,2022
220000,78130,MUREAUX (LES),78,Maison,60,3,618,2022
15000,78970,MEZIERES-SUR-SEINE,78,Dépendance,0,0,72,2022
700000,78230,PECQ (LE),78,Dépendance,0,0,298,2022
700000,78230,PECQ (LE),78,Maison,68,4,298,2022
295000,78130,CHAPET,78,Dépendance,0,0,281,2022
11000,78680,EPONE,78,Dépendance,0,0,25,2022
426000,78340,CLAYES-SOUS-BOIS (LES),78,Maison,112,6,318,2022
299000,78710,ROSNY-SUR-SEINE,78,Maison,69,4,785,2022
550000,78125,MITTAINVILLE,78,Dépendance,0,0,500,2022
550000,78125,MITTAINVILLE,78,Maison,196,8,500,2022
550000,78125,MITTAINVILLE,78,Maison,196,8,1093,2022
550000,78125,MITTAINVILLE,78,Dépendance,0,0,1093,2022
400000,78660,ABLIS,78,Dépendance,0,0,480,2022
400000,78660,ABLIS,78,Maison,120,6,480,2022
1103870,78000,VERSAILLES,78,Maison,118,6,206,2022
237000,78300,POISSY,78,Dépendance,0,0,200,2022
237000,78300,POISSY,78,Maison,43,3,200,2022
502500,78200,PERDREAUVILLE,78,Maison,165,6,1267,2022
502500,78200,PERDREAUVILLE,78,Dépendance,0,0,1267,2022
502500,78200,PERDREAUVILLE,78,Dépendance,0,0,500,2022
502500,78200,PERDREAUVILLE,78,Maison,165,6,500,2022
500000,78990,ELANCOURT,78,Maison,134,6,500,2022
336100,78410,AUBERGENVILLE,78,Maison,103,6,500,2022
437500,78780,MAURECOURT,78,Maison,124,6,396,2022
185000,78400,CHATOU,78,Maison,39,2,136,2022
485000,78970,MEZIERES-SUR-SEINE,78,Maison,116,5,234,2022
485000,78970,MEZIERES-SUR-SEINE,78,Maison,61,1,234,2022
270000,78125,HERMERAY,78,Maison,100,4,1020,2022
270000,78125,HERMERAY,78,Dépendance,0,0,1020,2022
290000,78970,MEZIERES-SUR-SEINE,78,Maison,74,4,417,2022
323000,78120,RAMBOUILLET,78,Maison,91,4,205,2022
323000,78120,RAMBOUILLET,78,Dépendance,0,0,205,2022
397900,78570,ANDRESY,78,Dépendance,0,0,482,2022
397900,78570,ANDRESY,78,Maison,87,5,482,2022
500000,78240,CHAMBOURCY,78,Maison,120,5,80,2022
355000,78125,ORPHIN,78,Maison,91,5,800,2022
355000,78125,ORPHIN,78,Maison,91,5,450,2022
175000,78520,FOLLAINVILLE-DENNEMONT,78,Maison,48,3,153,2022
551900,78610,AUFFARGIS,78,Maison,110,6,500,2022
551900,78610,AUFFARGIS,78,Maison,110,6,1171,2022
180000,78570,ANDRESY,78,Maison,63,3,33,2022
240000,78930,GUERVILLE,78,Maison,55,3,500,2022
240000,78930,GUERVILLE,78,Maison,55,3,578,2022
1670255,78290,CROISSY SUR SEINE,78,Maison,189,7,383,2022
1670255,78290,CROISSY SUR SEINE,78,Maison,189,7,1000,2022
376300,78910,ORGERUS,78,Maison,108,4,900,2022
2220000,78100,SAINT-GERMAIN-EN-LAYE,78,Dépendance,0,0,768,2022
2220000,78100,SAINT-GERMAIN-EN-LAYE,78,Maison,187,9,768,2022
323000,78310,MAUREPAS,78,Maison,85,4,270,2022
308702,78730,SAINT-ARNOULT-EN-YVELINES,78,Maison,91,6,634,2022
276200,78980,NEAUPHLETTE,78,Maison,59,2,500,2022
276200,78980,NEAUPHLETTE,78,Maison,59,2,1246,2022
572000,78980,SAINT-ILLIERS-LE-BOIS,78,Maison,174,5,160,2022
274800,78130,MUREAUX (LES),78,Maison,71,3,440,2022
59999556,78200,BUCHELAY,78,Local industriel. commercial ou assimilé,0,0,6540,2022
59999556,78200,BUCHELAY,78,Local industriel. commercial ou assimilé,1851,0,17236,2022
59999556,78200,BUCHELAY,78,Local industriel. commercial ou assimilé,1103,0,17236,2022
59999556,78200,BUCHELAY,78,Local industriel. commercial ou assimilé,998,0,17236,2022
59999556,78200,BUCHELAY,78,Local industriel. commercial ou assimilé,1257,0,17236,2022
59999556,78200,BUCHELAY,78,Local industriel. commercial ou assimilé,1569,0,17236,2022
59999556,78200,BUCHELAY,78,Local industriel. commercial ou assimilé,2178,0,17236,2022
59999556,78200,BUCHELAY,78,Local industriel. commercial ou assimilé,360,0,17236,2022
59999556,78200,BUCHELAY,78,Local industriel. commercial ou assimilé,121,0,17236,2022
59999556,78200,BUCHELAY,78,Local industriel. commercial ou assimilé,62,0,17236,2022
59999556,78200,BUCHELAY,78,Local industriel. commercial ou assimilé,59,0,17236,2022
59999556,78200,BUCHELAY,78,Local industriel. commercial ou assimilé,400,0,17236,2022
59999556,78200,BUCHELAY,78,Local industriel. commercial ou assimilé,598,0,17236,2022
59999556,78200,BUCHELAY,78,Local industriel. commercial ou assimilé,455,0,17236,2022
59999556,78200,BUCHELAY,78,Local industriel. commercial ou assimilé,797,0,17236,2022
59999556,78200,BUCHELAY,78,Local industriel. commercial ou assimilé,2002,0,17236,2022
59999556,78200,BUCHELAY,78,Local industriel. commercial ou assimilé,422,0,17236,2022
59999556,78200,BUCHELAY,78,Local industriel. commercial ou assimilé,416,0,17236,2022
59999556,78200,BUCHELAY,78,Local industriel. commercial ou assimilé,166,0,17236,2022
59999556,78200,BUCHELAY,78,Local industriel. commercial ou assimilé,281,0,17236,2022
59999556,78200,BUCHELAY,78,Local industriel. commercial ou assimilé,157,0,17236,2022
59999556,78200,BUCHELAY,78,Local industriel. commercial ou assimilé,210,0,17236,2022
59999556,78200,BUCHELAY,78,Local industriel. commercial ou assimilé,1560,0,17236,2022
59999556,78200,BUCHELAY,78,Local industriel. commercial ou assimilé,401,0,17236,2022
59999556,78200,BUCHELAY,78,Local industriel. commercial ou assimilé,288,0,17236,2022
59999556,78200,BUCHELAY,78,Local industriel. commercial ou assimilé,8962,0,17236,2022
59999556,78200,BUCHELAY,78,Local industriel. commercial ou assimilé,0,0,17236,2022
59999556,78200,BUCHELAY,78,Local industriel. commercial ou assimilé,225,0,17236,2022
59999556,78200,BUCHELAY,78,Local industriel. commercial ou assimilé,1004,0,17236,2022
59999556,78200,BUCHELAY,78,Local industriel. commercial ou assimilé,452,0,17236,2022
59999556,78200,BUCHELAY,78,Local industriel. commercial ou assimilé,213,0,17236,2022
59999556,78200,BUCHELAY,78,Local industriel. commercial ou assimilé,321,0,17236,2022
59999556,78200,BUCHELAY,78,Local industriel. commercial ou assimilé,382,0,17236,2022
59999556,78200,BUCHELAY,78,Local industriel. commercial ou assimilé,718,0,17236,2022
59999556,78200,BUCHELAY,78,Local industriel. commercial ou assimilé,87,0,17236,2022
59999556,78200,BUCHELAY,78,Local industriel. commercial ou assimilé,204,0,17236,2022
59999556,78200,BUCHELAY,78,Local industriel. commercial ou assimilé,1352,0,17236,2022
59999556,78200,BUCHELAY,78,Local industriel. commercial ou assimilé,769,0,17236,2022
59999556,78200,BUCHELAY,78,Local industriel. commercial ou assimilé,2200,0,23282,2022
59999556,78200,BUCHELAY,78,Local industriel. commercial ou assimilé,2105,0,23282,2022
59999556,78200,BUCHELAY,78,Local industriel. commercial ou assimilé,802,0,23282,2022
59999556,78200,BUCHELAY,78,Local industriel. commercial ou assimilé,2757,0,23282,2022
59999556,78200,BUCHELAY,78,Local industriel. commercial ou assimilé,5096,0,23282,2022
59999556,78200,BUCHELAY,78,Local industriel. commercial ou assimilé,0,0,13066,2022
59999556,78200,BUCHELAY,78,Local industriel. commercial ou assimilé,0,0,13378,2022
650000,78490,MESNULS (LES),78,Maison,50,3,500,2022
650000,78490,MESNULS (LES),78,Maison,87,5,2790,2022
650000,78490,MESNULS (LES),78,Maison,50,3,2790,2022
650000,78490,MESNULS (LES),78,Maison,87,5,500,2022
375500,78650,BEYNES,78,Maison,80,5,582,2022
570000,78640,NEAUPHLE-LE-CHATEAU,78,Maison,133,5,500,2022
570000,78640,NEAUPHLE-LE-CHATEAU,78,Maison,133,5,625,2022
407500,78640,SAINT-GERMAIN-DE-LA-GRANGE,78,Maison,66,2,283,2022
506500,78800,HOUILLES,78,Maison,107,5,190,2022
304500,78680,EPONE,78,Dépendance,0,0,127,2022
304500,78680,EPONE,78,Maison,71,4,127,2022
304500,78680,EPONE,78,Dépendance,0,0,500,2022
304500,78680,EPONE,78,Maison,71,4,500,2022
590450,78490,MONTFORT-L AMAURY,78,Maison,131,4,835,2022
893750,78860,SAINT-NOM-LA-BRETECHE,78,Maison,200,7,750,2022
449900,78510,TRIEL SUR SEINE,78,Maison,108,5,785,2022
17500,78840,FRENEUSE,78,Dépendance,0,0,286,2022
17500,78840,FRENEUSE,78,Maison,76,3,286,2022
664491,78690,ESSARTS-LE-ROI (LES),78,Maison,148,5,780,2022
660000,78500,SARTROUVILLE,78,Maison,145,5,476,2022
341105,78800,HOUILLES,78,Maison,70,5,142,2022
290000,78125,HERMERAY,78,Maison,95,3,714,2022
370000,78740,VAUX-SUR-SEINE,78,Maison,100,5,703,2022
685000,78960,VOISINS-LE-BRETONNEUX,78,Maison,176,8,660,2022
1512750,78360,MONTESSON,78,Dépendance,0,0,420,2022
1512750,78360,MONTESSON,78,Maison,218,5,420,2022
428000,78800,HOUILLES,78,Maison,121,7,413,2022
631000,78390,BOIS D ARCY,78,Maison,114,5,375,2022
415000,78270,BONNIERES-SUR-SEINE,78,Maison,60,2,7000,2022
415000,78270,BONNIERES-SUR-SEINE,78,Maison,60,2,6910,2022
415000,78270,BONNIERES-SUR-SEINE,78,Local industriel. commercial ou assimilé,2220,0,7000,2022
415000,78270,BONNIERES-SUR-SEINE,78,Local industriel. commercial ou assimilé,70,0,7000,2022
415000,78270,BONNIERES-SUR-SEINE,78,Local industriel. commercial ou assimilé,20,0,7000,2022
415000,78270,BONNIERES-SUR-SEINE,78,Local industriel. commercial ou assimilé,20,0,6910,2022
415000,78270,BONNIERES-SUR-SEINE,78,Local industriel. commercial ou assimilé,70,0,6910,2022
415000,78270,BONNIERES-SUR-SEINE,78,Local industriel. commercial ou assimilé,2220,0,6910,2022
318840,78610,SAINT-LEGER-EN-YVELINES,78,Maison,112,4,456,2022
375255,78990,ELANCOURT,78,Maison,116,4,300,2022
900000,78711,MANTES-LA-VILLE,78,Local industriel. commercial ou assimilé,2000,0,1997,2022
900000,78711,MANTES-LA-VILLE,78,Local industriel. commercial ou assimilé,2300,0,1878,2022
900000,78711,MANTES-LA-VILLE,78,Appartement,75,3,1878,2022
1855000,78350,LOGES-EN-JOSAS (LES),78,Dépendance,0,0,304,2022
1855000,78350,LOGES-EN-JOSAS (LES),78,Maison,288,6,2589,2022
1855000,78350,LOGES-EN-JOSAS (LES),78,Dépendance,0,0,2589,2022
1855000,78350,LOGES-EN-JOSAS (LES),78,Maison,288,6,304,2022
174000,78125,VIEILLE-EGLISE-EN-YVELINES,78,Maison,84,3,72,2022
585800,78610,AUFFARGIS,78,Maison,155,5,1086,2022
585800,78610,AUFFARGIS,78,Maison,155,5,500,2022
264000,78711,MANTES-LA-VILLE,78,Maison,93,5,165,2022
264000,78711,MANTES-LA-VILLE,78,Dépendance,0,0,165,2022
305000,78340,CLAYES-SOUS-BOIS (LES),78,Maison,122,6,116,2022
649000,78112,SAINT-GERMAIN-EN-LAYE,78,Maison,92,5,45,2022
685000,78230,PECQ (LE),78,Dépendance,0,0,477,2022
685000,78230,PECQ (LE),78,Maison,87,4,477,2022
499000,78650,BEYNES,78,Maison,132,7,826,2022
499000,78650,BEYNES,78,Dépendance,0,0,500,2022
499000,78650,BEYNES,78,Maison,132,7,500,2022
499000,78650,BEYNES,78,Dépendance,0,0,826,2022
374000,78980,BREVAL,78,Maison,106,5,773,2022
480000,78410,AUBERGENVILLE,78,Appartement,20,1,426,2022
480000,78410,AUBERGENVILLE,78,Dépendance,0,0,426,2022
480000,78410,AUBERGENVILLE,78,Appartement,65,3,426,2022
480000,78410,AUBERGENVILLE,78,Appartement,26,2,426,2022
480000,78410,AUBERGENVILLE,78,Appartement,35,2,426,2022
480000,78410,AUBERGENVILLE,78,Appartement,60,3,426,2022
338000,78660,ABLIS,78,Maison,144,6,655,2022
261000,78270,BENNECOURT,78,Maison,85,4,500,2022
261000,78270,BENNECOURT,78,Maison,85,4,555,2022
205000,78640,VILLIERS-SAINT-FREDERIC,78,Maison,88,3,38,2022
837000,78600,MAISONS-LAFFITTE,78,Appartement,71,3,1979,2022
837000,78600,MAISONS-LAFFITTE,78,Local industriel. commercial ou assimilé,216,0,1979,2022
272000,78200,MAGNANVILLE,78,Maison,88,4,459,2022
272000,78200,MAGNANVILLE,78,Dépendance,0,0,459,2022
294000,78950,GAMBAIS,78,Maison,53,2,611,2022
1040000,78400,CHATOU,78,Maison,114,5,433,2022
380480,78500,SARTROUVILLE,78,Dépendance,0,0,380,2022
380480,78500,SARTROUVILLE,78,Maison,63,3,380,2022
350000,78830,BONNELLES,78,Maison,108,5,615,2022
252000,78270,BONNIERES-SUR-SEINE,78,Maison,89,5,176,2022
905770,78950,GAMBAIS,78,Dépendance,0,0,2022,2022
905770,78950,GAMBAIS,78,Maison,179,7,2022,2022
905770,78950,GAMBAIS,78,Dépendance,0,0,500,2022
905770,78950,GAMBAIS,78,Maison,179,7,500,2022
794071,78360,MONTESSON,78,Maison,165,6,308,2022
565000,78760,JOUARS-PONTCHARTRAIN,78,Maison,150,6,2793,2022
565000,78760,JOUARS-PONTCHARTRAIN,78,Maison,150,6,500,2022
2107100,78100,SAINT-GERMAIN-EN-LAYE,78,Dépendance,0,0,378,2022
2107100,78100,SAINT-GERMAIN-EN-LAYE,78,Maison,173,8,378,2022
473770,78340,CLAYES-SOUS-BOIS (LES),78,Maison,95,4,403,2022
395500,78450,VILLEPREUX,78,Maison,80,4,96,2022
395500,78450,VILLEPREUX,78,Dépendance,0,0,13,2022
218000,78270,MOUSSEAUX-SUR-SEINE,78,Maison,74,4,500,2022
218000,78270,MOUSSEAUX-SUR-SEINE,78,Maison,74,4,390,2022
502500,78490,VICQ,78,Maison,128,4,500,2022
502500,78490,VICQ,78,Maison,128,4,1050,2022
260000,78760,JOUARS-PONTCHARTRAIN,78,Maison,60,3,320,2022
312000,78410,BOUAFLE,78,Maison,49,2,600,2022
312000,78410,BOUAFLE,78,Maison,78,5,600,2022
115000,78270,LOMMOYE,78,Maison,78,4,476,2022
285750,78760,JOUARS-PONTCHARTRAIN,78,Maison,99,4,100,2022
505000,78500,SARTROUVILLE,78,Maison,90,4,272,2022
160250,78460,CHEVREUSE,78,Maison,42,2,44,2022
645000,78800,HOUILLES,78,Maison,120,5,165,2022
645000,78800,HOUILLES,78,Dépendance,0,0,165,2022
845000,78220,VIROFLAY,78,Maison,98,5,150,2022
281000,78490,GALLUIS,78,Maison,68,3,80,2022
250000,78200,MENERVILLE,78,Maison,105,5,581,2022
250000,78200,MENERVILLE,78,Dépendance,0,0,581,2022
368500,78700,CONFLANS SAINTE HONORINE,78,Maison,46,3,410,2022
368500,78700,CONFLANS SAINTE HONORINE,78,Dépendance,0,0,410,2022
207500,78711,MANTES-LA-VILLE,78,Maison,65,4,146,2022
413300,78820,JUZIERS,78,Maison,129,3,963,2022
238000,78125,EMANCE,78,Maison,90,4,409,2022
238000,78125,EMANCE,78,Dépendance,0,0,409,2022
280000,78200,MAGNANVILLE,78,Dépendance,0,0,307,2022
280000,78200,MAGNANVILLE,78,Maison,93,5,307,2022
470000,78360,MONTESSON,78,Maison,65,3,271,2022
394000,78800,HOUILLES,78,Maison,74,4,235,2022
555000,78500,SARTROUVILLE,78,Maison,71,5,400,2022
360000,78270,BONNIERES-SUR-SEINE,78,Maison,125,4,500,2022
360000,78270,BONNIERES-SUR-SEINE,78,Maison,125,4,590,2022
437760,78360,MONTESSON,78,Maison,69,3,138,2022
270000,78410,AUBERGENVILLE,78,Maison,83,6,593,2022
650900,78340,CLAYES-SOUS-BOIS (LES),78,Maison,226,7,718,2022
650900,78340,CLAYES-SOUS-BOIS (LES),78,Dépendance,0,0,718,2022
650900,78340,CLAYES-SOUS-BOIS (LES),78,Dépendance,0,0,500,2022
650900,78340,CLAYES-SOUS-BOIS (LES),78,Maison,226,7,500,2022
511613,78630,ORGEVAL,78,Maison,58,3,648,2022
511613,78630,ORGEVAL,78,Dépendance,0,0,648,2022
511613,78630,ORGEVAL,78,Dépendance,0,0,500,2022
511613,78630,ORGEVAL,78,Maison,58,3,500,2022
385000,78730,PONTHEVRARD,78,Maison,145,8,560,2022
385000,78730,PONTHEVRARD,78,Maison,145,8,500,2022
375000,78500,SARTROUVILLE,78,Maison,42,3,270,2022
375000,78500,SARTROUVILLE,78,Dépendance,0,0,270,2022
550000,78200,MANTES-LA-JOLIE,78,Dépendance,0,0,720,2022
550000,78200,MANTES-LA-JOLIE,78,Maison,199,7,720,2022
250000,78711,MANTES-LA-VILLE,78,Maison,79,4,345,2022
250000,78711,MANTES-LA-VILLE,78,Dépendance,0,0,345,2022
318000,78711,MANTES-LA-VILLE,78,Maison,125,5,528,2022
322000,78980,BREVAL,78,Maison,106,6,500,2022
322000,78980,BREVAL,78,Maison,106,6,541,2022
333400,78800,HOUILLES,78,Maison,65,3,92,2022
233000,78250,HARDRICOURT,78,Dépendance,0,0,80,2022
233000,78250,HARDRICOURT,78,Maison,90,4,80,2022
318000,78270,BONNIERES-SUR-SEINE,78,Appartement,30,2,500,2022
318000,78270,BONNIERES-SUR-SEINE,78,Appartement,30,2,322,2022
359000,78280,GUYANCOURT,78,Maison,135,5,112,2022
359000,78280,GUYANCOURT,78,Dépendance,0,0,15,2022
300000,78360,MONTESSON,78,Maison,44,3,383,2022
300000,78360,MONTESSON,78,Maison,140,8,383,2022
50000,78720,DAMPIERRE-EN-YVELINES,78,Maison,90,5,575,2022
363100,78700,CONFLANS SAINTE HONORINE,78,Maison,72,3,530,2022
350000,78120,RAMBOUILLET,78,Maison,78,4,132,2022
1180000,78450,CHAVENAY,78,Maison,200,7,371,2022
195000,78200,MANTES-LA-JOLIE,78,Maison,82,4,190,2022
195000,78200,MANTES-LA-JOLIE,78,Dépendance,0,0,190,2022
388000,78200,SOINDRES,78,Maison,129,6,339,2022
388000,78200,SOINDRES,78,Maison,129,6,500,2022
350000,78660,PRUNAY-EN-YVELINES,78,Maison,123,8,507,2022
575000,78960,VOISINS-LE-BRETONNEUX,78,Maison,144,8,432,2022
575000,78960,VOISINS-LE-BRETONNEUX,78,Dépendance,0,0,432,2022
430000,78200,MANTES-LA-JOLIE,78,Maison,140,6,260,2022
1180000,78670,VILLENNES-SUR-SEINE,78,Dépendance,0,0,1034,2022
1180000,78670,VILLENNES-SUR-SEINE,78,Dépendance,0,0,500,2022
1180000,78670,VILLENNES-SUR-SEINE,78,Maison,175,7,500,2022
1180000,78670,VILLENNES-SUR-SEINE,78,Maison,175,7,1034,2022
165000,78520,GUERNES,78,Maison,70,3,85,2022
165000,78520,GUERNES,78,Dépendance,0,0,85,2022
600000,78630,ORGEVAL,78,Dépendance,0,0,440,2022
600000,78630,ORGEVAL,78,Maison,55,3,440,2022
530000,78500,SARTROUVILLE,78,Maison,75,4,254,2022
1200000,78600,MAISONS-LAFFITTE,78,Maison,99,5,459,2022
1200000,78600,MAISONS-LAFFITTE,78,Dépendance,0,0,459,2022
332000,78580,MAULE,78,Maison,90,5,680,2022
350000,78114,MAGNY-LES-HAMEAUX,78,Maison,75,4,209,2022
350000,78114,MAGNY-LES-HAMEAUX,78,Local industriel. commercial ou assimilé,0,0,25,2022
208000,78710,ROSNY-SUR-SEINE,78,Maison,43,3,610,2022
715000,78580,MAULE,78,Maison,170,5,1285,2022
715000,78580,MAULE,78,Maison,170,5,500,2022
320500,78990,ELANCOURT,78,Maison,92,4,182,2022
1281000,78670,VILLENNES-SUR-SEINE,78,Maison,218,5,144,2022
405000,78510,TRIEL SUR SEINE,78,Maison,195,6,566,2022
600000,78124,MAREIL-SUR-MAULDRE,78,Local industriel. commercial ou assimilé,100,0,8005,2022
600000,78124,MAREIL-SUR-MAULDRE,78,Local industriel. commercial ou assimilé,257,0,8005,2022
600000,78124,MAREIL-SUR-MAULDRE,78,Local industriel. commercial ou assimilé,120,0,8005,2022
600000,78124,MAREIL-SUR-MAULDRE,78,Local industriel. commercial ou assimilé,600,0,8005,2022
600000,78124,MAREIL-SUR-MAULDRE,78,Local industriel. commercial ou assimilé,65,0,8005,2022
600000,78124,MAREIL-SUR-MAULDRE,78,Appartement,60,3,8005,2022
600000,78124,MAREIL-SUR-MAULDRE,78,Appartement,110,4,8005,2022
600000,78124,MAREIL-SUR-MAULDRE,78,Appartement,40,2,8005,2022
340000,78580,JUMEAUVILLE,78,Maison,110,5,532,2022
565100,78580,MAULE,78,Dépendance,0,0,764,2022
565100,78580,MAULE,78,Maison,130,5,764,2022
507500,78450,CHAVENAY,78,Maison,86,3,203,2022
560000,78700,CONFLANS SAINTE HONORINE,78,Maison,95,5,674,2022
253000,78520,FOLLAINVILLE-DENNEMONT,78,Maison,74,5,171,2022
412500,78500,SARTROUVILLE,78,Maison,73,3,304,2022
225810,78200,MAGNANVILLE,78,Maison,92,5,226,2022
413000,78500,SARTROUVILLE,78,Maison,99,5,213,2022
413000,78500,SARTROUVILLE,78,Dépendance,0,0,213,2022
535000,78780,MAURECOURT,78,Maison,118,5,754,2022
671644,78500,SARTROUVILLE,78,Maison,90,4,302,2022
671644,78500,SARTROUVILLE,78,Dépendance,0,0,302,2022
147000,78440,PORCHEVILLE,78,Maison,123,8,431,2022
361904,78580,MAULE,78,Maison,87,4,500,2022
361904,78580,MAULE,78,Maison,87,4,1748,2022
450000,78320,LEVIS-SAINT-NOM,78,Dépendance,0,0,830,2022
450000,78320,LEVIS-SAINT-NOM,78,Maison,88,4,830,2022
477550,78260,ACHERES,78,Maison,129,5,247,2022
2358300,78100,SAINT-GERMAIN-EN-LAYE,78,Maison,220,8,509,2022
468600,78400,CHATOU,78,Dépendance,0,0,681,2022
468600,78400,CHATOU,78,Maison,109,3,681,2022
585000,78480,VERNEUIL SUR SEINE,78,Maison,107,4,913,2022
370000,78390,BOIS D ARCY,78,Maison,70,5,284,2022
257000,78250,MEULAN-EN-YVELINES,78,Appartement,79,3,76,2022
505100,78640,SAINT-GERMAIN-DE-LA-GRANGE,78,Maison,179,7,606,2022
392480,78910,FLEXANVILLE,78,Dépendance,0,0,1154,2022
392480,78910,FLEXANVILLE,78,Maison,90,2,1154,2022
392480,78910,FLEXANVILLE,78,Maison,90,2,500,2022
392480,78910,FLEXANVILLE,78,Dépendance,0,0,500,2022
371440,78210,SAINT-CYR-L ECOLE,78,Maison,79,4,179,2022
588000,78370,PLAISIR,78,Maison,140,6,385,2022
341840,78711,MANTES-LA-VILLE,78,Maison,124,5,234,2022
341840,78711,MANTES-LA-VILLE,78,Dépendance,0,0,234,2022
260000,78150,LE CHESNAY-ROCQUENCOURT,78,Maison,56,3,72,2022
1400000,78420,CARRIERES SUR SEINE,78,Maison,93,5,1019,2022
1400000,78420,CARRIERES SUR SEINE,78,Dépendance,0,0,573,2022
1400000,78420,CARRIERES SUR SEINE,78,Maison,93,5,573,2022
1400000,78420,CARRIERES SUR SEINE,78,Dépendance,0,0,1019,2022
280000,78550,HOUDAN,78,Maison,93,5,621,2022
294900,78711,MANTES-LA-VILLE,78,Maison,141,7,160,2022
253000,78710,ROSNY-SUR-SEINE,78,Local industriel. commercial ou assimilé,0,0,3161,2022
253000,78710,ROSNY-SUR-SEINE,78,Maison,90,6,1010,2022
396000,78510,TRIEL SUR SEINE,78,Dépendance,0,0,462,2022
396000,78510,TRIEL SUR SEINE,78,Maison,85,4,462,2022
165000,78200,MANTES-LA-JOLIE,78,Maison,78,3,78,2022
788850,78400,CHATOU,78,Maison,99,4,477,2022
788850,78400,CHATOU,78,Maison,99,4,500,2022
455000,78120,RAMBOUILLET,78,Dépendance,0,0,334,2022
455000,78120,RAMBOUILLET,78,Maison,104,5,334,2022
236675,78550,HOUDAN,78,Maison,100,2,68,2022
447000,78700,CONFLANS SAINTE HONORINE,78,Maison,152,4,445,2022
220000,78250,MEULAN-EN-YVELINES,78,Local industriel. commercial ou assimilé,64,0,59,2022
314700,78410,AUBERGENVILLE,78,Maison,89,5,376,2022
1214000,78110,VESINET (LE),78,Maison,160,6,609,2022
1214000,78110,VESINET (LE),78,Dépendance,0,0,609,2022
600000,78140,VELIZY VILLACOUBLAY,78,Maison,71,5,487,2022
600850,78950,GAMBAIS,78,Maison,170,6,1500,2022
600850,78950,GAMBAIS,78,Maison,170,6,500,2022
320000,78120,RAMBOUILLET,78,Maison,92,4,329,2022
25541314,78100,SAINT-GERMAIN-EN-LAYE,78,Appartement,73,4,91,2022
25541314,78100,SAINT-GERMAIN-EN-LAYE,78,Appartement,54,2,82,2022
25541314,78100,SAINT-GERMAIN-EN-LAYE,78,Appartement,36,2,82,2022
25541314,78100,SAINT-GERMAIN-EN-LAYE,78,Appartement,47,2,82,2022
25541314,78100,SAINT-GERMAIN-EN-LAYE,78,Appartement,43,1,82,2022
25541314,78100,SAINT-GERMAIN-EN-LAYE,78,Appartement,62,2,82,2022
25541314,78100,SAINT-GERMAIN-EN-LAYE,78,Appartement,128,4,84,2022
25541314,78100,SAINT-GERMAIN-EN-LAYE,78,Appartement,65,3,84,2022
25541314,78100,SAINT-GERMAIN-EN-LAYE,78,Appartement,120,4,84,2022
25541314,78100,SAINT-GERMAIN-EN-LAYE,78,Appartement,40,1,50,2022
25541314,78100,SAINT-GERMAIN-EN-LAYE,78,Appartement,41,2,50,2022
25541314,78100,SAINT-GERMAIN-EN-LAYE,78,Appartement,43,2,50,2022
25541314,78100,SAINT-GERMAIN-EN-LAYE,78,Appartement,35,1,50,2022
25541314,78100,SAINT-GERMAIN-EN-LAYE,78,Appartement,43,2,219,2022
25541314,78100,SAINT-GERMAIN-EN-LAYE,78,Appartement,49,2,219,2022
25541314,78100,SAINT-GERMAIN-EN-LAYE,78,Appartement,51,2,219,2022
25541314,78100,SAINT-GERMAIN-EN-LAYE,78,Appartement,41,2,219,2022
25541314,78100,SAINT-GERMAIN-EN-LAYE,78,Appartement,62,3,219,2022
25541314,78100,SAINT-GERMAIN-EN-LAYE,78,Local industriel. commercial ou assimilé,472,0,704,2022
25541314,78100,SAINT-GERMAIN-EN-LAYE,78,Appartement,46,3,126,2022
25541314,78100,SAINT-GERMAIN-EN-LAYE,78,Appartement,50,2,126,2022
25541314,78100,SAINT-GERMAIN-EN-LAYE,78,Appartement,52,2,126,2022
25541314,78100,SAINT-GERMAIN-EN-LAYE,78,Maison,170,8,83,2022
25541314,78100,SAINT-GERMAIN-EN-LAYE,78,Appartement,34,1,117,2022
25541314,78100,SAINT-GERMAIN-EN-LAYE,78,Appartement,51,2,117,2022
25541314,78100,SAINT-GERMAIN-EN-LAYE,78,Appartement,87,4,117,2022
25541314,78100,SAINT-GERMAIN-EN-LAYE,78,Appartement,80,3,117,2022
25541314,78100,SAINT-GERMAIN-EN-LAYE,78,Maison,165,5,56,2022
25541314,78100,SAINT-GERMAIN-EN-LAYE,78,Maison,169,7,142,2022
25541314,78100,SAINT-GERMAIN-EN-LAYE,78,Maison,169,5,310,2022
257281,78125,ORPHIN,78,Maison,93,3,482,2022
257281,78125,ORPHIN,78,Maison,93,3,700,2022
317000,78130,MUREAUX (LES),78,Maison,95,4,325,2022
285000,78920,ECQUEVILLY,78,Maison,83,4,188,2022
614475,78640,VILLIERS-SAINT-FREDERIC,78,Maison,178,6,879,2022
614475,78640,VILLIERS-SAINT-FREDERIC,78,Dépendance,0,0,879,2022
250000,78100,SAINT-GERMAIN-EN-LAYE,78,Appartement,30,2,248,2022
250000,78100,SAINT-GERMAIN-EN-LAYE,78,Appartement,23,1,248,2022
250000,78100,SAINT-GERMAIN-EN-LAYE,78,Dépendance,0,0,248,2022
346500,78711,MANTES-LA-VILLE,78,Maison,110,5,500,2022
346500,78711,MANTES-LA-VILLE,78,Maison,110,5,1053,2022
378000,78830,BONNELLES,78,Maison,93,5,504,2022
318000,78450,VILLEPREUX,78,Maison,90,4,132,2022
791730,78120,RAMBOUILLET,78,Maison,190,7,466,2022
322000,78660,ABLIS,78,Maison,116,4,273,2022
369340,78450,VILLEPREUX,78,Dépendance,0,0,144,2022
369340,78450,VILLEPREUX,78,Maison,87,4,144,2022
220000,78190,TRAPPES,78,Maison,40,2,399,2022
400000,78120,RAMBOUILLET,78,Dépendance,0,0,290,2022
400000,78120,RAMBOUILLET,78,Maison,92,4,290,2022
520100,78580,BAZEMONT,78,Maison,90,5,233,2022
884490,78170,CELLE-SAINT-CLOUD (LA),78,Maison,110,3,421,2022
884490,78170,CELLE-SAINT-CLOUD (LA),78,Local industriel. commercial ou assimilé,33,0,421,2022
339000,78510,TRIEL SUR SEINE,78,Maison,98,4,120,2022
630000,78420,CARRIERES SUR SEINE,78,Maison,70,3,316,2022
425250,78370,PLAISIR,78,Maison,82,4,292,2022
749850,78100,SAINT-GERMAIN-EN-LAYE,78,Local industriel. commercial ou assimilé,100,0,58,2022
330000,78760,JOUARS-PONTCHARTRAIN,78,Maison,69,4,473,2022
395250,78450,VILLEPREUX,78,Maison,87,4,189,2022
798000,78490,MONTFORT-L AMAURY,78,Dépendance,0,0,620,2022
798000,78490,MONTFORT-L AMAURY,78,Maison,124,6,136,2022
798000,78490,MONTFORT-L AMAURY,78,Dépendance,0,0,136,2022
798000,78490,MONTFORT-L AMAURY,78,Maison,124,6,620,2022
289800,78310,MAUREPAS,78,Maison,112,5,121,2022
26500,78120,RAMBOUILLET,78,Dépendance,0,0,44,2022
500000,78610,PERRAY-EN-YVELINES (LE),78,Maison,121,4,616,2022
275000,78340,CLAYES-SOUS-BOIS (LES),78,Dépendance,0,0,15,2022
275000,78340,CLAYES-SOUS-BOIS (LES),78,Maison,79,5,273,2022
374700,78320,MESNIL-SAINT-DENIS (LE),78,Maison,100,4,131,2022
374700,78320,MESNIL-SAINT-DENIS (LE),78,Dépendance,0,0,131,2022
7600,78270,BONNIERES-SUR-SEINE,78,Dépendance,0,0,2228,2022
106000,78270,GOMMECOURT,78,Maison,63,3,63,2022
544000,78320,MESNIL-SAINT-DENIS (LE),78,Maison,109,6,455,2022
300000,78920,ECQUEVILLY,78,Maison,72,4,238,2022
850000,78670,VILLENNES-SUR-SEINE,78,Maison,180,6,500,2022
850000,78670,VILLENNES-SUR-SEINE,78,Maison,180,6,238,2022
100000,78410,AUBERGENVILLE,78,Dépendance,0,0,373,2022
100000,78410,AUBERGENVILLE,78,Maison,102,4,373,2022
313000,78990,ELANCOURT,78,Maison,50,3,479,2022
490476,78750,MAREIL-MARLY,78,Maison,77,3,364,2022
770000,78590,NOISY LE ROI,78,Maison,144,4,438,2022
770000,78590,NOISY LE ROI,78,Dépendance,0,0,438,2022
1058390,78280,GUYANCOURT,78,Maison,169,7,600,2022
1058390,78280,GUYANCOURT,78,Dépendance,0,0,600,2022
1058390,78280,GUYANCOURT,78,Maison,169,7,543,2022
1058390,78280,GUYANCOURT,78,Dépendance,0,0,543,2022
174450,78730,SAINT-ARNOULT-EN-YVELINES,78,Maison,60,3,36,2022
819010,78170,CELLE-SAINT-CLOUD (LA),78,Maison,117,5,412,2022
337600,78990,ELANCOURT,78,Maison,86,4,82,2022
337600,78990,ELANCOURT,78,Dépendance,0,0,19,2022
633610,78770,MARCQ,78,Dépendance,0,0,500,2022
633610,78770,MARCQ,78,Maison,155,5,847,2022
633610,78770,MARCQ,78,Dépendance,0,0,847,2022
633610,78770,MARCQ,78,Maison,155,5,500,2022
344000,78450,VILLEPREUX,78,Maison,102,5,126,2022
354000,78990,ELANCOURT,78,Maison,97,4,192,2022
320000,78200,JOUY-MAUVOISIN,78,Maison,98,6,702,2022
317000,78990,ELANCOURT,78,Maison,94,5,192,2022
801398,78120,RAMBOUILLET,78,Maison,179,5,505,2022
580000,78450,VILLEPREUX,78,Local industriel. commercial ou assimilé,81,0,272,2022
283000,78260,ACHERES,78,Maison,45,4,339,2022
283000,78260,ACHERES,78,Dépendance,0,0,339,2022
715000,78140,VELIZY VILLACOUBLAY,78,Maison,87,3,310,2022
60000,78980,SAINT-ILLIERS-LE-BOIS,78,Dépendance,0,0,102,2022
400100,78260,ACHERES,78,Maison,127,5,291,2022
245000,78520,GUERNES,78,Maison,42,4,793,2022
330200,78600,MESNIL-LE-ROI (LE),78,Dépendance,0,0,246,2022
330200,78600,MESNIL-LE-ROI (LE),78,Maison,36,3,246,2022
1120000,78150,LE CHESNAY-ROCQUENCOURT,78,Maison,125,4,404,2022
342000,78570,CHANTELOUP-LES-VIGNES,78,Maison,102,5,307,2022
1348150,78110,VESINET (LE),78,Maison,96,5,642,2022
1348150,78110,VESINET (LE),78,Maison,96,5,78,2022
1348150,78110,VESINET (LE),78,Dépendance,0,0,78,2022
1348150,78110,VESINET (LE),78,Dépendance,0,0,642,2022
400000,78440,GARGENVILLE,78,Maison,141,5,500,2022
337800,78450,VILLEPREUX,78,Maison,66,4,158,2022
315000,78570,CHANTELOUP-LES-VIGNES,78,Maison,73,3,165,2022
315000,78570,CHANTELOUP-LES-VIGNES,78,Dépendance,0,0,165,2022
315000,78570,CHANTELOUP-LES-VIGNES,78,Maison,30,1,165,2022
350000,78000,VERSAILLES,78,Maison,45,2,121,2022
80000,78520,LIMAY,78,Maison,44,2,46,2022
617000,78210,SAINT-CYR-L ECOLE,78,Maison,133,6,379,2022
4175000,78110,VESINET (LE),78,Dépendance,0,0,600,2022
4175000,78110,VESINET (LE),78,Maison,46,3,600,2022
4175000,78110,VESINET (LE),78,Maison,46,3,3674,2022
4175000,78110,VESINET (LE),78,Dépendance,0,0,3674,2022
4175000,78110,VESINET (LE),78,Maison,324,8,3674,2022
4175000,78110,VESINET (LE),78,Maison,324,8,600,2022
767950,78810,FEUCHEROLLES,78,Maison,158,5,720,2022
767950,78810,FEUCHEROLLES,78,Maison,158,5,500,2022
410000,78120,RAMBOUILLET,78,Dépendance,0,0,306,2022
410000,78120,RAMBOUILLET,78,Maison,66,3,306,2022
158730,78890,GARANCIERES,78,Maison,40,1,152,2022
158730,78890,GARANCIERES,78,Dépendance,0,0,152,2022
399000,78570,ANDRESY,78,Maison,109,6,267,2022
399000,78570,ANDRESY,78,Dépendance,0,0,267,2022
485000,78200,MANTES-LA-JOLIE,78,Dépendance,0,0,420,2022
485000,78200,MANTES-LA-JOLIE,78,Appartement,55,3,420,2022
485000,78200,MANTES-LA-JOLIE,78,Local industriel. commercial ou assimilé,80,0,420,2022
485000,78200,MANTES-LA-JOLIE,78,Local industriel. commercial ou assimilé,40,0,420,2022
485000,78200,MANTES-LA-JOLIE,78,Local industriel. commercial ou assimilé,50,0,420,2022
40000,78270,BLARU,78,Maison,40,1,41,2022
40000,78270,BLARU,78,Dépendance,0,0,41,2022
549300,78640,VILLIERS-SAINT-FREDERIC,78,Maison,138,5,877,2022
785000,78310,MAUREPAS,78,Dépendance,0,0,2000,2022
785000,78310,MAUREPAS,78,Dépendance,0,0,634,2022
785000,78310,MAUREPAS,78,Maison,178,9,634,2022
785000,78310,MAUREPAS,78,Maison,178,9,2000,2022
427185,78310,COIGNIERES,78,Maison,114,5,342,2022
446000,78200,MAGNANVILLE,78,Maison,208,6,1160,2022
446000,78200,MAGNANVILLE,78,Dépendance,0,0,500,2022
446000,78200,MAGNANVILLE,78,Maison,208,6,500,2022
446000,78200,MAGNANVILLE,78,Dépendance,0,0,1160,2022
295000,78200,MAGNANVILLE,78,Maison,103,6,395,2022
343500,78980,BREVAL,78,Dépendance,0,0,500,2022
343500,78980,BREVAL,78,Maison,81,5,634,2022
343500,78980,BREVAL,78,Dépendance,0,0,634,2022
343500,78980,BREVAL,78,Maison,81,5,500,2022
271000,78200,MANTES-LA-JOLIE,78,Maison,78,3,172,2022
170000,78630,MORAINVILLIERS,78,Maison,42,2,150,2022
272075,78711,MANTES-LA-VILLE,78,Maison,84,4,574,2022
410000,78440,GUITRANCOURT,78,Dépendance,0,0,306,2022
410000,78440,GUITRANCOURT,78,Maison,167,6,306,2022
500000,78710,ROSNY-SUR-SEINE,78,Local industriel. commercial ou assimilé,1482,0,2874,2022
810000,78590,NOISY LE ROI,78,Maison,147,5,758,2022
255100,78200,MAGNANVILLE,78,Maison,92,5,540,2022
410000,78500,SARTROUVILLE,78,Maison,98,4,116,2022
180000,78550,HOUDAN,78,Maison,65,4,27,2022
135000,78440,GARGENVILLE,78,Maison,38,3,109,2022
285000,78440,GARGENVILLE,78,Maison,100,5,497,2022
698070,78380,BOUGIVAL,78,Maison,100,4,188,2022
370000,78310,COIGNIERES,78,Dépendance,0,0,581,2022
370000,78310,COIGNIERES,78,Maison,75,4,581,2022
563000,78955,CARRIERES SOUS POISSY,78,Maison,153,6,381,2022
521500,78370,PLAISIR,78,Maison,120,5,399,2022
920000,78000,VERSAILLES,78,Maison,71,4,217,2022
920000,78000,VERSAILLES,78,Dépendance,0,0,217,2022
1428000,78150,LE CHESNAY-ROCQUENCOURT,78,Maison,91,5,774,2022
588950,78160,MARLY-LE-ROI,78,Maison,95,4,630,2022
340000,78440,ISSOU,78,Dépendance,0,0,450,2022
340000,78440,ISSOU,78,Maison,150,6,450,2022
361500,78980,BREVAL,78,Maison,130,5,11537,2022
361500,78980,BREVAL,78,Maison,130,5,700,2022
230000,78660,BOINVILLE-LE-GAILLARD,78,Maison,93,4,452,2022
316500,78711,MANTES-LA-VILLE,78,Maison,117,6,500,2022
316500,78711,MANTES-LA-VILLE,78,Maison,117,6,1189,2022
705000,78860,SAINT-NOM-LA-BRETECHE,78,Maison,116,5,503,2022
455500,78510,TRIEL SUR SEINE,78,Maison,143,5,777,2022
455500,78510,TRIEL SUR SEINE,78,Dépendance,0,0,777,2022
374950,78125,EMANCE,78,Maison,116,4,366,2022
374950,78125,EMANCE,78,Maison,116,4,500,2022
408000,78260,ACHERES,78,Maison,108,5,303,2022
558900,78580,HERBEVILLE,78,Maison,99,4,88,2022
1016910,78620,ETANG-LA-VILLE (L ),78,Dépendance,0,0,500,2022
1016910,78620,ETANG-LA-VILLE (L ),78,Maison,160,4,510,2022
1016910,78620,ETANG-LA-VILLE (L ),78,Maison,160,4,500,2022
1016910,78620,ETANG-LA-VILLE (L ),78,Dépendance,0,0,510,2022
351500,78490,MESNULS (LES),78,Maison,72,3,653,2022
351500,78490,MESNULS (LES),78,Dépendance,0,0,653,2022
450000,78170,CELLE-SAINT-CLOUD (LA),78,Maison,125,7,792,2022
450000,78170,CELLE-SAINT-CLOUD (LA),78,Maison,125,7,206,2022
450000,78170,CELLE-SAINT-CLOUD (LA),78,Dépendance,0,0,792,2022
450000,78170,CELLE-SAINT-CLOUD (LA),78,Dépendance,0,0,206,2022
249000,78700,CONFLANS SAINTE HONORINE,78,Maison,61,3,606,2022
249000,78700,CONFLANS SAINTE HONORINE,78,Dépendance,0,0,606,2022
1532690,78100,SAINT-GERMAIN-EN-LAYE,78,Maison,150,6,175,2022
390000,78400,CHATOU,78,Maison,72,4,152,2022
371000,78550,HOUDAN,78,Dépendance,0,0,120,2022
371000,78550,HOUDAN,78,Maison,78,4,120,2022
371000,78550,HOUDAN,78,Dépendance,0,0,14,2022
357000,78440,GARGENVILLE,78,Maison,168,5,500,2022
357000,78440,GARGENVILLE,78,Maison,168,5,827,2022
891900,78560,PORT-MARLY (LE),78,Maison,152,6,353,2022
891900,78560,PORT-MARLY (LE),78,Maison,152,6,407,2022
891900,78560,PORT-MARLY (LE),78,Maison,152,6,244,2022
375000,78240,AIGREMONT,78,Maison,57,4,414,2022
439400,78340,CLAYES-SOUS-BOIS (LES),78,Maison,107,5,270,2022
430000,78640,VILLIERS-SAINT-FREDERIC,78,Dépendance,0,0,350,2022
430000,78640,VILLIERS-SAINT-FREDERIC,78,Appartement,40,2,350,2022
430000,78640,VILLIERS-SAINT-FREDERIC,78,Appartement,128,4,350,2022
830000,78600,MAISONS-LAFFITTE,78,Maison,30,1,1316,2022
830000,78600,MAISONS-LAFFITTE,78,Dépendance,0,0,1316,2022
830000,78600,MAISONS-LAFFITTE,78,Maison,117,6,1316,2022
190000,78520,LIMAY,78,Dépendance,0,0,383,2022
190000,78520,LIMAY,78,Maison,78,5,383,2022
225000,78500,SARTROUVILLE,78,Maison,40,2,133,2022
280000,78340,CLAYES-SOUS-BOIS (LES),78,Maison,64,3,413,2022
280000,78340,CLAYES-SOUS-BOIS (LES),78,Dépendance,0,0,413,2022
280000,78340,CLAYES-SOUS-BOIS (LES),78,Maison,29,2,413,2022
280000,78920,ECQUEVILLY,78,Maison,94,1,140,2022
1838350,78380,BOUGIVAL,78,Dépendance,0,0,1096,2022
1838350,78380,BOUGIVAL,78,Maison,250,7,1096,2022
300000,78450,VILLEPREUX,78,Maison,76,4,200,2022
444130,78990,ELANCOURT,78,Maison,149,6,732,2022
367435,78490,MONTFORT-L AMAURY,78,Maison,86,4,43,2022
343934,78990,ELANCOURT,78,Maison,97,4,219,2022
250300,78800,HOUILLES,78,Maison,56,3,97,2022
1075000,78290,CROISSY SUR SEINE,78,Dépendance,0,0,488,2022
1075000,78290,CROISSY SUR SEINE,78,Maison,144,5,488,2022
1075000,78290,CROISSY SUR SEINE,78,Maison,144,5,128,2022
1075000,78290,CROISSY SUR SEINE,78,Dépendance,0,0,128,2022
315000,78280,GUYANCOURT,78,Maison,78,4,112,2022
315000,78280,GUYANCOURT,78,Dépendance,0,0,15,2022
255000,78460,CHEVREUSE,78,Dépendance,0,0,470,2022
142000,78730,SAINT-ARNOULT-EN-YVELINES,78,Maison,88,4,905,2022
543000,78690,ESSARTS-LE-ROI (LES),78,Maison,160,6,500,2022
543000,78690,ESSARTS-LE-ROI (LES),78,Maison,160,6,834,2022
495000,78500,SARTROUVILLE,78,Maison,95,5,251,2022
400000,78180,MONTIGNY LE BRETONNEUX,78,Maison,99,4,123,2022
1366950,78750,MAREIL-MARLY,78,Maison,199,6,693,2022
1366950,78750,MAREIL-MARLY,78,Maison,199,6,500,2022
483000,78960,VOISINS-LE-BRETONNEUX,78,Dépendance,0,0,12,2022
483000,78960,VOISINS-LE-BRETONNEUX,78,Maison,81,4,193,2022
730000,78180,MONTIGNY LE BRETONNEUX,78,Maison,155,6,269,2022
486600,78320,MESNIL-SAINT-DENIS (LE),78,Maison,132,6,738,2022
319700,78660,ABLIS,78,Dépendance,0,0,495,2022
319700,78660,ABLIS,78,Maison,145,7,495,2022
231000,78711,MANTES-LA-VILLE,78,Maison,94,4,154,2022
220000,78520,LIMAY,78,Maison,75,4,258,2022
229000,78200,MAGNANVILLE,78,Maison,78,4,267,2022
229000,78200,MAGNANVILLE,78,Dépendance,0,0,267,2022
762350,78360,MONTESSON,78,Maison,127,6,92,2022
348000,78250,HARDRICOURT,78,Maison,100,5,593,2022
235000,78440,GARGENVILLE,78,Maison,88,5,264,2022
195000,78520,LIMAY,78,Dépendance,0,0,231,2022
195000,78520,LIMAY,78,Maison,76,3,231,2022
1204972,78600,MESNIL-LE-ROI (LE),78,Maison,182,5,144,2022
480000,78600,MAISONS-LAFFITTE,78,Maison,65,3,252,2022
443201,78410,AUBERGENVILLE,78,Dépendance,0,0,596,2022
443201,78410,AUBERGENVILLE,78,Maison,105,6,596,2022
337840,78520,LIMAY,78,Maison,126,7,576,2022
337840,78520,LIMAY,78,Dépendance,0,0,576,2022
300000,78710,ROSNY-SUR-SEINE,78,Maison,100,5,1004,2022
300000,78710,ROSNY-SUR-SEINE,78,Dépendance,0,0,1004,2022
300000,78710,ROSNY-SUR-SEINE,78,Maison,100,5,500,2022
300000,78710,ROSNY-SUR-SEINE,78,Dépendance,0,0,500,2022
1040000,78100,SAINT-GERMAIN-EN-LAYE,78,Dépendance,0,0,742,2022
1040000,78100,SAINT-GERMAIN-EN-LAYE,78,Maison,181,7,742,2022
615000,78960,VOISINS-LE-BRETONNEUX,78,Maison,149,6,289,2022
556950,78700,CONFLANS SAINTE HONORINE,78,Dépendance,0,0,523,2022
556950,78700,CONFLANS SAINTE HONORINE,78,Maison,134,6,523,2022
1440000,78600,MAISONS-LAFFITTE,78,Maison,215,6,570,2022
325000,78700,CONFLANS SAINTE HONORINE,78,Dépendance,0,0,432,2022
325000,78700,CONFLANS SAINTE HONORINE,78,Appartement,18,1,432,2022
325000,78700,CONFLANS SAINTE HONORINE,78,Appartement,11,1,432,2022
325000,78700,CONFLANS SAINTE HONORINE,78,Appartement,46,2,432,2022
448000,78480,VERNEUIL SUR SEINE,78,Maison,127,6,281,2022
850000,78800,HOUILLES,78,Local industriel. commercial ou assimilé,191,0,564,2022
850000,78800,HOUILLES,78,Maison,44,3,564,2022
932000,78400,CHATOU,78,Maison,120,4,146,2022
344400,78770,ANDELU,78,Maison,94,4,398,2022
187160,78820,JUZIERS,78,Dépendance,0,0,419,2022
187160,78820,JUZIERS,78,Maison,24,2,419,2022
385000,78310,MAUREPAS,78,Maison,117,4,221,2022
385000,78310,MAUREPAS,78,Dépendance,0,0,221,2022
180000,78940,QUEUE-LES-YVELINES (LA),78,Maison,50,1,76,2022
301000,78570,CHANTELOUP-LES-VIGNES,78,Maison,53,3,665,2022
3200000,78110,VESINET (LE),78,Dépendance,0,0,2784,2022
3200000,78110,VESINET (LE),78,Maison,172,8,2784,2022
3200000,78110,VESINET (LE),78,Maison,172,8,126,2022
3200000,78110,VESINET (LE),78,Dépendance,0,0,126,2022
415000,78570,ANDRESY,78,Maison,124,5,342,2022
256000,78200,MAGNANVILLE,78,Maison,92,5,191,2022
1330000,78150,LE CHESNAY-ROCQUENCOURT,78,Maison,108,6,450,2022
320000,78120,SONCHAMP,78,Dépendance,0,0,897,2022
320000,78120,SONCHAMP,78,Maison,123,7,897,2022
405450,78550,BAZAINVILLE,78,Dépendance,0,0,500,2022
405450,78550,BAZAINVILLE,78,Maison,96,3,500,2022
405450,78550,BAZAINVILLE,78,Dépendance,0,0,895,2022
405450,78550,BAZAINVILLE,78,Maison,96,3,895,2022
306500,78190,TRAPPES,78,Dépendance,0,0,136,2022
306500,78190,TRAPPES,78,Maison,116,4,136,2022
550000,78200,FLACOURT,78,Local industriel. commercial ou assimilé,3906,0,420,2022
550000,78200,FLACOURT,78,Maison,228,7,2000,2022
550000,78200,FLACOURT,78,Local industriel. commercial ou assimilé,3906,0,2000,2022
550000,78200,FLACOURT,78,Maison,228,7,420,2022
470900,78790,HARGEVILLE,78,Dépendance,0,0,500,2022
470900,78790,HARGEVILLE,78,Maison,175,5,500,2022
470900,78790,HARGEVILLE,78,Dépendance,0,0,582,2022
470900,78790,HARGEVILLE,78,Maison,175,5,582,2022
700000,78600,MESNIL-LE-ROI (LE),78,Maison,88,3,305,2022
372000,78650,BEYNES,78,Maison,74,4,407,2022
295000,78790,FLINS-NEUVE-EGLISE,78,Maison,100,4,500,2022
295000,78790,FLINS-NEUVE-EGLISE,78,Maison,100,4,251,2022
275000,78930,AUFFREVILLE-BRASSEUIL,78,Maison,95,5,665,2022
315000,78930,GUERVILLE,78,Maison,95,4,572,2022
344750,78690,SAINT-REMY-L HONORE,78,Maison,90,4,361,2022
426500,78520,FOLLAINVILLE-DENNEMONT,78,Maison,99,4,380,2022
426500,78520,FOLLAINVILLE-DENNEMONT,78,Dépendance,0,0,380,2022
426500,78520,FOLLAINVILLE-DENNEMONT,78,Maison,99,4,500,2022
426500,78520,FOLLAINVILLE-DENNEMONT,78,Dépendance,0,0,500,2022
215000,78200,MANTES-LA-JOLIE,78,Maison,70,3,101,2022
305000,78370,PLAISIR,78,Local industriel. commercial ou assimilé,80,0,200,2022
380000,78730,LONGVILLIERS,78,Maison,200,8,668,2022
380000,78730,LONGVILLIERS,78,Dépendance,0,0,668,2022
1585000,78600,MAISONS-LAFFITTE,78,Maison,161,7,1352,2022
420793,78620,ETANG-LA-VILLE (L ),78,Maison,90,3,241,2022
899100,78220,VIROFLAY,78,Maison,77,4,435,2022
899100,78220,VIROFLAY,78,Dépendance,0,0,435,2022
210000,78190,TRAPPES,78,Maison,51,3,282,2022
505000,78800,HOUILLES,78,Maison,89,4,180,2022
310000,78930,GUERVILLE,78,Maison,85,5,303,2022
501450,78260,ACHERES,78,Maison,71,4,246,2022
549000,78740,VAUX-SUR-SEINE,78,Dépendance,0,0,500,2022
549000,78740,VAUX-SUR-SEINE,78,Maison,189,6,680,2022
549000,78740,VAUX-SUR-SEINE,78,Dépendance,0,0,680,2022
549000,78740,VAUX-SUR-SEINE,78,Maison,189,6,500,2022
233000,78700,CONFLANS SAINTE HONORINE,78,Maison,38,2,513,2022
6000000,78000,VERSAILLES,78,Local industriel. commercial ou assimilé,115,0,152,2022
6000000,78000,VERSAILLES,78,Local industriel. commercial ou assimilé,92,0,152,2022
6000000,78000,VERSAILLES,78,Appartement,35,1,152,2022
6000000,78000,VERSAILLES,78,Local industriel. commercial ou assimilé,88,0,152,2022
6000000,78000,VERSAILLES,78,Local industriel. commercial ou assimilé,58,0,607,2022
6000000,78000,VERSAILLES,78,Local industriel. commercial ou assimilé,20,0,607,2022
6000000,78000,VERSAILLES,78,Local industriel. commercial ou assimilé,72,0,607,2022
6000000,78000,VERSAILLES,78,Appartement,19,1,607,2022
6000000,78000,VERSAILLES,78,Local industriel. commercial ou assimilé,53,0,607,2022
6000000,78000,VERSAILLES,78,Local industriel. commercial ou assimilé,90,0,607,2022
6000000,78000,VERSAILLES,78,Local industriel. commercial ou assimilé,13,0,607,2022
6000000,78000,VERSAILLES,78,Appartement,27,1,607,2022
6000000,78000,VERSAILLES,78,Appartement,55,2,607,2022
6000000,78000,VERSAILLES,78,Appartement,45,2,607,2022
6000000,78000,VERSAILLES,78,Appartement,34,1,607,2022
6000000,78000,VERSAILLES,78,Local industriel. commercial ou assimilé,23,0,607,2022
6000000,78000,VERSAILLES,78,Appartement,32,1,607,2022
6000000,78000,VERSAILLES,78,Appartement,22,1,607,2022
6000000,78000,VERSAILLES,78,Appartement,39,1,607,2022
6000000,78000,VERSAILLES,78,Appartement,35,1,607,2022
6000000,78000,VERSAILLES,78,Appartement,50,2,607,2022
6000000,78000,VERSAILLES,78,Local industriel. commercial ou assimilé,26,0,607,2022
6000000,78000,VERSAILLES,78,Appartement,75,3,607,2022
1750000,78000,VERSAILLES,78,Maison,180,6,281,2022
1750000,78000,VERSAILLES,78,Dépendance,0,0,281,2022
785147,78530,BUC,78,Maison,93,4,752,2022
785147,78530,BUC,78,Maison,93,4,100,2022
442100,78260,ACHERES,78,Maison,132,5,189,2022
1831500,78150,LE CHESNAY-ROCQUENCOURT,78,Maison,97,7,318,2022
1831500,78150,LE CHESNAY-ROCQUENCOURT,78,Dépendance,0,0,318,2022
250000,78130,MUREAUX (LES),78,Maison,89,3,290,2022
250000,78130,MUREAUX (LES),78,Dépendance,0,0,290,2022
410900,78790,HARGEVILLE,78,Dépendance,0,0,814,2022
410900,78790,HARGEVILLE,78,Maison,136,6,814,2022
370400,78680,EPONE,78,Maison,116,6,357,2022
342000,78130,MUREAUX (LES),78,Maison,130,5,456,2022
345000,78610,PERRAY-EN-YVELINES (LE),78,Maison,81,5,875,2022
950000,78400,CHATOU,78,Maison,72,4,524,2022
420000,78500,SARTROUVILLE,78,Maison,100,4,412,2022
420000,78500,SARTROUVILLE,78,Maison,60,2,412,2022
758950,78860,SAINT-NOM-LA-BRETECHE,78,Maison,75,3,163,2022
485500,78720,SENLISSE,78,Maison,120,4,515,2022
485500,78720,SENLISSE,78,Maison,120,4,500,2022
204000,78670,VILLENNES-SUR-SEINE,78,Maison,161,6,784,2022
380000,78113,HAUTEVILLE (LA),78,Dépendance,0,0,1075,2022
380000,78113,HAUTEVILLE (LA),78,Maison,156,3,1075,2022
553300,78470,SAINT-REMY-LES-CHEVREUSE,78,Maison,134,4,865,2022
569785,78580,MAULE,78,Maison,133,6,500,2022
569785,78580,MAULE,78,Maison,133,6,910,2022
1037000,78670,VILLENNES-SUR-SEINE,78,Maison,176,7,38,2022
477000,78260,ACHERES,78,Maison,119,5,527,2022
470000,78700,CONFLANS SAINTE HONORINE,78,Maison,101,5,379,2022
4419538,78440,GARGENVILLE,78,Appartement,65,3,1086,2022
4419538,78440,GARGENVILLE,78,Appartement,76,4,1086,2022
625000,78114,MAGNY-LES-HAMEAUX,78,Maison,135,5,900,2022
195000,78410,AUBERGENVILLE,78,Dépendance,0,0,267,2022
195000,78410,AUBERGENVILLE,78,Maison,52,3,267,2022
372650,78410,AUBERGENVILLE,78,Maison,82,4,643,2022
2598540,78000,VERSAILLES,78,Maison,200,7,963,2022
2598540,78000,VERSAILLES,78,Maison,200,7,283,2022
439000,78640,VILLIERS-SAINT-FREDERIC,78,Maison,129,3,165,2022
600000,78220,VIROFLAY,78,Maison,80,3,204,2022
306000,78510,TRIEL SUR SEINE,78,Maison,84,4,208,2022
875485,78160,MARLY-LE-ROI,78,Dépendance,0,0,607,2022
875485,78160,MARLY-LE-ROI,78,Maison,113,5,607,2022
266000,78440,GARGENVILLE,78,Maison,52,3,553,2022
181800,78660,ABLIS,78,Maison,69,4,663,2022
181800,78660,ABLIS,78,Maison,69,4,88,2022
1368500,78400,CHATOU,78,Maison,160,5,482,2022
1000,78440,MONTALET-LE-BOIS,78,Dépendance,0,0,770,2022
678100,78240,CHAMBOURCY,78,Maison,115,5,325,2022
3709,78510,TRIEL SUR SEINE,78,Dépendance,0,0,17,2022
300000,78310,MAUREPAS,78,Local industriel. commercial ou assimilé,4448,0,12000,2022
300000,78310,MAUREPAS,78,Local industriel. commercial ou assimilé,1439,0,12000,2022
925000,78370,PLAISIR,78,Maison,126,5,1020,2022
925000,78370,PLAISIR,78,Maison,126,5,112,2022
278950,78790,SEPTEUIL,78,Maison,73,4,524,2022
479350,78470,SAINT-REMY-LES-CHEVREUSE,78,Maison,74,6,379,2022
332800,78440,GARGENVILLE,78,Maison,93,5,458,2022
447000,78330,FONTENAY LE FLEURY,78,Maison,102,6,494,2022
447000,78330,FONTENAY LE FLEURY,78,Local industriel. commercial ou assimilé,0,0,7,2022
918700,78160,MARLY-LE-ROI,78,Maison,102,4,634,2022
1095800,78950,GAMBAIS,78,Dépendance,0,0,2179,2022
1095800,78950,GAMBAIS,78,Dépendance,0,0,3949,2022
1095800,78950,GAMBAIS,78,Maison,394,8,3949,2022
1095800,78950,GAMBAIS,78,Maison,25,1,3949,2022
1095800,78950,GAMBAIS,78,Maison,394,8,650,2022
1095800,78950,GAMBAIS,78,Maison,25,1,650,2022
1095800,78950,GAMBAIS,78,Dépendance,0,0,650,2022
1095800,78950,GAMBAIS,78,Maison,394,8,2179,2022
1095800,78950,GAMBAIS,78,Maison,25,1,2179,2022
581500,78690,ESSARTS-LE-ROI (LES),78,Maison,204,7,500,2022
581500,78690,ESSARTS-LE-ROI (LES),78,Dépendance,0,0,924,2022
581500,78690,ESSARTS-LE-ROI (LES),78,Maison,204,7,924,2022
581500,78690,ESSARTS-LE-ROI (LES),78,Dépendance,0,0,500,2022
392550,78990,ELANCOURT,78,Maison,118,5,212,2022
392550,78990,ELANCOURT,78,Dépendance,0,0,212,2022
437000,78370,PLAISIR,78,Maison,149,6,783,2022
793300,78112,SAINT-GERMAIN-EN-LAYE,78,Maison,129,5,386,2022
15500,78120,RAMBOUILLET,78,Dépendance,0,0,23,2022
438000,78680,EPONE,78,Dépendance,0,0,228,2022
438000,78680,EPONE,78,Appartement,27,2,228,2022
438000,78680,EPONE,78,Appartement,66,3,228,2022
438000,78680,EPONE,78,Appartement,30,2,228,2022
302250,78120,RAMBOUILLET,78,Maison,78,4,117,2022
320000,78660,ABLIS,78,Maison,115,5,340,2022
905000,78000,VERSAILLES,78,Maison,72,4,162,2022
905000,78000,VERSAILLES,78,Maison,30,2,211,2022
361300,78660,ABLIS,78,Maison,136,7,611,2022
545820,78955,CARRIERES SOUS POISSY,78,Maison,167,7,452,2022
450000,78500,SARTROUVILLE,78,Maison,120,6,223,2022
249900,78570,CHANTELOUP-LES-VIGNES,78,Maison,61,2,198,2022
1850500,78950,GAMBAIS,78,Maison,880,14,1000,2022
1850500,78950,GAMBAIS,78,Maison,880,14,11556,2022
388518,78510,TRIEL SUR SEINE,78,Maison,95,6,409,2022
365000,78510,TRIEL SUR SEINE,78,Maison,119,5,652,2022
195000,78125,SAINT-HILARION,78,Local industriel. commercial ou assimilé,507,0,800,2022
195000,78125,SAINT-HILARION,78,Local industriel. commercial ou assimilé,507,0,460,2022
440000,78113,CONDE-SUR-VESGRE,78,Maison,89,4,7576,2022
440000,78113,CONDE-SUR-VESGRE,78,Maison,89,4,500,2022
440000,78113,CONDE-SUR-VESGRE,78,Dépendance,0,0,500,2022
440000,78113,CONDE-SUR-VESGRE,78,Dépendance,0,0,7576,2022
380000,78180,MONTIGNY LE BRETONNEUX,78,Maison,84,4,139,2022
500000,78150,LE CHESNAY-ROCQUENCOURT,78,Dépendance,0,0,280,2022
500000,78150,LE CHESNAY-ROCQUENCOURT,78,Appartement,49,3,280,2022
248000,78440,ISSOU,78,Maison,81,5,185,2022
306662,78690,ESSARTS-LE-ROI (LES),78,Maison,63,4,503,2022
246238,78270,CRAVENT,78,Maison,102,5,500,2022
246238,78270,CRAVENT,78,Maison,102,5,475,2022
480873,78320,LEVIS-SAINT-NOM,78,Maison,145,7,60,2022
388000,78730,ROCHEFORT-EN-YVELINES,78,Maison,183,7,800,2022
458500,78280,GUYANCOURT,78,Maison,101,5,206,2022
970000,78220,VIROFLAY,78,Maison,98,5,366,2022
970000,78220,VIROFLAY,78,Dépendance,0,0,366,2022
1216294,78770,THOIRY,78,Maison,100,5,337,2022
1216294,78770,THOIRY,78,Maison,150,6,307,2022
1216294,78770,THOIRY,78,Dépendance,0,0,307,2022
173510,78570,CHANTELOUP-LES-VIGNES,78,Maison,40,2,28,2022
482000,78125,GAZERAN,78,Maison,120,4,1416,2022
368000,78730,SAINTE-MESME,78,Maison,113,4,572,2022
368000,78730,SAINTE-MESME,78,Dépendance,0,0,572,2022
320000,78850,THIVERVAL-GRIGNON,78,Maison,89,4,329,2022
579500,78580,HERBEVILLE,78,Maison,130,5,489,2022
707025,78460,CHEVREUSE,78,Appartement,27,1,190,2022
707025,78460,CHEVREUSE,78,Appartement,21,1,190,2022
707025,78460,CHEVREUSE,78,Appartement,38,2,190,2022
707025,78460,CHEVREUSE,78,Appartement,23,1,190,2022
1020000,78000,VERSAILLES,78,Maison,86,5,502,2022
1020000,78000,VERSAILLES,78,Maison,86,5,10,2022
345400,78640,VILLIERS-SAINT-FREDERIC,78,Maison,80,4,214,2022
480000,78570,CHANTELOUP-LES-VIGNES,78,Maison,127,4,811,2022
1190000,78220,VIROFLAY,78,Maison,180,5,352,2022
950000,78630,ORGEVAL,78,Dépendance,0,0,440,2022
950000,78630,ORGEVAL,78,Maison,55,3,440,2022
362500,78420,CARRIERES SUR SEINE,78,Maison,40,2,131,2022
200000,78711,MANTES-LA-VILLE,78,Dépendance,0,0,358,2022
200000,78711,MANTES-LA-VILLE,78,Maison,35,3,358,2022
520000,78700,CONFLANS SAINTE HONORINE,78,Local industriel. commercial ou assimilé,416,0,1260,2022
185500,78711,MANTES-LA-VILLE,78,Maison,90,4,322,2022
301250,78200,MAGNANVILLE,78,Dépendance,0,0,755,2022
301250,78200,MAGNANVILLE,78,Maison,123,5,755,2022
4200000,78220,VIROFLAY,78,Local industriel. commercial ou assimilé,334,0,839,2022
4200000,78220,VIROFLAY,78,Local industriel. commercial ou assimilé,161,0,839,2022
4200000,78220,VIROFLAY,78,Local industriel. commercial ou assimilé,1974,0,839,2022
4200000,78220,VIROFLAY,78,Local industriel. commercial ou assimilé,111,0,839,2022
4200000,78220,VIROFLAY,78,Local industriel. commercial ou assimilé,480,0,839,2022
4200000,78220,VIROFLAY,78,Local industriel. commercial ou assimilé,52,0,839,2022
405960,78711,MANTES-LA-VILLE,78,Maison,122,6,556,2022
405960,78711,MANTES-LA-VILLE,78,Maison,122,6,907,2022
345950,78550,MAULETTE,78,Maison,105,6,294,2022
645000,78480,VERNEUIL SUR SEINE,78,Maison,187,7,473,2022
490000,78520,FOLLAINVILLE-DENNEMONT,78,Maison,160,6,831,2022
490000,78520,FOLLAINVILLE-DENNEMONT,78,Maison,160,6,500,2022
490000,78520,FOLLAINVILLE-DENNEMONT,78,Dépendance,0,0,500,2022
490000,78520,FOLLAINVILLE-DENNEMONT,78,Dépendance,0,0,831,2022
388000,78770,ANDELU,78,Dépendance,0,0,1489,2022
388000,78770,ANDELU,78,Maison,102,5,500,2022
388000,78770,ANDELU,78,Dépendance,0,0,500,2022
388000,78770,ANDELU,78,Maison,102,5,1489,2022
531920,78310,MAUREPAS,78,Maison,120,5,132,2022
531920,78310,MAUREPAS,78,Maison,120,5,868,2022
189000,78520,FOLLAINVILLE-DENNEMONT,78,Maison,65,4,75,2022
566000,78520,SAINT-MARTIN-LA-GARENNE,78,Maison,240,6,2137,2022
566000,78520,SAINT-MARTIN-LA-GARENNE,78,Dépendance,0,0,2137,2022
566000,78520,SAINT-MARTIN-LA-GARENNE,78,Maison,240,6,500,2022
566000,78520,SAINT-MARTIN-LA-GARENNE,78,Dépendance,0,0,500,2022
127250,78130,MUREAUX (LES),78,Maison,31,2,94,2022
345000,78114,MAGNY-LES-HAMEAUX,78,Maison,104,4,335,2022
345000,78114,MAGNY-LES-HAMEAUX,78,Dépendance,0,0,335,2022
727700,78810,FEUCHEROLLES,78,Maison,137,6,475,2022
331500,78500,SARTROUVILLE,78,Maison,37,2,200,2022
331500,78500,SARTROUVILLE,78,Dépendance,0,0,200,2022
20000,78310,MAUREPAS,78,Dépendance,0,0,19,2022
484800,78650,BEYNES,78,Maison,124,5,410,2022
175000,78130,MUREAUX (LES),78,Maison,79,4,136,2022
265000,78200,MAGNANVILLE,78,Maison,80,4,201,2022
890000,78860,SAINT-NOM-LA-BRETECHE,78,Maison,142,5,1255,2022
594500,78780,MAURECOURT,78,Maison,107,5,247,2022
310090,78990,ELANCOURT,78,Maison,113,4,116,2022
207500,78960,VOISINS-LE-BRETONNEUX,78,Dépendance,0,0,240,2022
207500,78960,VOISINS-LE-BRETONNEUX,78,Maison,85,4,240,2022
561340,78890,GARANCIERES,78,Maison,138,5,1000,2022
561340,78890,GARANCIERES,78,Maison,138,5,518,2022
561340,78890,GARANCIERES,78,Dépendance,0,0,518,2022
561340,78890,GARANCIERES,78,Dépendance,0,0,1000,2022
738350,78180,MONTIGNY LE BRETONNEUX,78,Maison,126,6,251,2022
237900,78520,SAINT-MARTIN-LA-GARENNE,78,Dépendance,0,0,424,2022
237900,78520,SAINT-MARTIN-LA-GARENNE,78,Maison,70,3,424,2022
665300,78260,ACHERES,78,Maison,185,7,533,2022
1077550,78750,MAREIL-MARLY,78,Maison,155,6,500,2022
1077550,78750,MAREIL-MARLY,78,Maison,155,6,201,2022
404600,78125,RAIZEUX,78,Dépendance,0,0,220,2022
404600,78125,RAIZEUX,78,Dépendance,0,0,2200,2022
404600,78125,RAIZEUX,78,Maison,105,4,2200,2022
404600,78125,RAIZEUX,78,Maison,105,4,220,2022
250000,78520,GUERNES,78,Maison,82,5,500,2022
250000,78520,GUERNES,78,Dépendance,0,0,129,2022
250000,78520,GUERNES,78,Maison,82,5,129,2022
250000,78520,GUERNES,78,Dépendance,0,0,500,2022
690000,78800,HOUILLES,78,Dépendance,0,0,614,2022
690000,78800,HOUILLES,78,Maison,94,3,614,2022
270000,78730,LONGVILLIERS,78,Maison,49,3,896,2022
270000,78730,LONGVILLIERS,78,Dépendance,0,0,896,2022
250000,78711,MANTES-LA-VILLE,78,Maison,101,5,136,2022
387000,78370,PLAISIR,78,Maison,94,5,185,2022
156500,78200,MANTES-LA-JOLIE,78,Maison,52,3,84,2022
440000,78180,MONTIGNY LE BRETONNEUX,78,Local industriel. commercial ou assimilé,266,0,7468,2022
250000,78270,LIMETZ-VILLEZ,78,Dépendance,0,0,649,2022
250000,78270,LIMETZ-VILLEZ,78,Dépendance,0,0,500,2022
250000,78270,LIMETZ-VILLEZ,78,Maison,72,3,649,2022
250000,78270,LIMETZ-VILLEZ,78,Maison,72,3,500,2022
245000,78270,GOMMECOURT,78,Maison,166,6,815,2022
245000,78270,GOMMECOURT,78,Maison,166,6,20,2022
277775,78111,DAMMARTIN EN SERVE,78,Dépendance,0,0,350,2022
277775,78111,DAMMARTIN EN SERVE,78,Dépendance,0,0,500,2022
277775,78111,DAMMARTIN EN SERVE,78,Maison,117,5,500,2022
277775,78111,DAMMARTIN EN SERVE,78,Maison,117,5,350,2022
63829,78200,MANTES-LA-JOLIE,78,Dépendance,0,0,14,2022
148935,78200,MANTES-LA-JOLIE,78,Dépendance,0,0,14,2022
485000,78500,SARTROUVILLE,78,Maison,99,4,141,2022
295000,78440,PORCHEVILLE,78,Maison,100,6,732,2022
295000,78440,PORCHEVILLE,78,Dépendance,0,0,732,2022
720000,78670,VILLENNES-SUR-SEINE,78,Maison,180,6,818,2022
223500,78200,MANTES-LA-JOLIE,78,Appartement,80,3,110,2022
223500,78200,MANTES-LA-JOLIE,78,Dépendance,0,0,110,2022
223500,78200,MANTES-LA-JOLIE,78,Appartement,54,3,110,2022
312381,78113,HAUTEVILLE (LA),78,Maison,110,4,1250,2022
312381,78113,HAUTEVILLE (LA),78,Maison,110,4,75,2022
2171000,78600,MAISONS-LAFFITTE,78,Maison,250,8,1300,2022
435000,78770,THOIRY,78,Maison,110,4,124,2022
435000,78770,THOIRY,78,Maison,110,4,1427,2022
110000,78730,SAINT-ARNOULT-EN-YVELINES,78,Dépendance,0,0,96,2022
110000,78730,SAINT-ARNOULT-EN-YVELINES,78,Maison,30,2,96,2022
280000,78730,SAINT-ARNOULT-EN-YVELINES,78,Maison,89,4,748,2022
289000,78250,HARDRICOURT,78,Maison,67,3,500,2022
289000,78250,HARDRICOURT,78,Maison,67,3,575,2022
334000,78740,VAUX-SUR-SEINE,78,Maison,76,4,500,2022
334000,78740,VAUX-SUR-SEINE,78,Maison,76,4,655,2022
499000,78700,CONFLANS SAINTE HONORINE,78,Dépendance,0,0,381,2022
499000,78700,CONFLANS SAINTE HONORINE,78,Maison,99,6,381,2022
518000,78360,MONTESSON,78,Maison,67,5,688,2022
379000,78800,HOUILLES,78,Maison,52,3,88,2022
585000,78280,GUYANCOURT,78,Maison,111,5,408,2022
185000,78700,CONFLANS SAINTE HONORINE,78,Maison,38,2,92,2022
310000,78340,CLAYES-SOUS-BOIS (LES),78,Dépendance,0,0,425,2022
310000,78340,CLAYES-SOUS-BOIS (LES),78,Maison,60,2,425,2022
350000,78955,CARRIERES SOUS POISSY,78,Maison,120,5,250,2022
404100,78640,SAINT-GERMAIN-DE-LA-GRANGE,78,Local industriel. commercial ou assimilé,454,0,333,2022
35200,78200,MAGNANVILLE,78,Maison,89,4,255,2022
648000,78113,ADAINVILLE,78,Maison,128,7,1731,2022
648000,78113,ADAINVILLE,78,Dépendance,0,0,1731,2022
648000,78113,ADAINVILLE,78,Maison,128,7,500,2022
648000,78113,ADAINVILLE,78,Dépendance,0,0,500,2022
444500,78125,HERMERAY,78,Dépendance,0,0,625,2022
444500,78125,HERMERAY,78,Maison,152,5,625,2022
361400,78610,PERRAY-EN-YVELINES (LE),78,Maison,95,5,469,2022
677000,78280,GUYANCOURT,78,Maison,141,6,500,2022
677000,78280,GUYANCOURT,78,Maison,141,6,43,2022
790000,78800,HOUILLES,78,Maison,98,4,314,2022
425000,78250,HARDRICOURT,78,Dépendance,0,0,265,2022
425000,78250,HARDRICOURT,78,Maison,94,8,265,2022
379000,78780,MAURECOURT,78,Maison,75,4,406,2022
2449450,78240,CHAMBOURCY,78,Dépendance,0,0,3553,2022
2449450,78240,CHAMBOURCY,78,Dépendance,0,0,1292,2022
2449450,78240,CHAMBOURCY,78,Maison,400,9,3553,2022
2449450,78240,CHAMBOURCY,78,Maison,400,9,1292,2022
425000,78114,MAGNY-LES-HAMEAUX,78,Maison,101,5,420,2022
506700,78780,MAURECOURT,78,Maison,125,5,543,2022
506700,78780,MAURECOURT,78,Maison,125,5,500,2022
220000,78700,CONFLANS SAINTE HONORINE,78,Maison,60,3,318,2022
603100,78120,RAMBOUILLET,78,Maison,168,8,574,2022
603100,78120,RAMBOUILLET,78,Dépendance,0,0,574,2022
595000,78150,LE CHESNAY-ROCQUENCOURT,78,Local industriel. commercial ou assimilé,177,0,59,2022
688350,78490,MONTFORT-L AMAURY,78,Maison,85,4,600,2022
688350,78490,MONTFORT-L AMAURY,78,Maison,85,4,400,2022
262425,78200,MANTES-LA-JOLIE,78,Dépendance,0,0,360,2022
262425,78200,MANTES-LA-JOLIE,78,Maison,97,4,360,2022
540000,78125,ORPHIN,78,Dépendance,0,0,780,2022
540000,78125,ORPHIN,78,Maison,240,6,780,2022
444500,78800,HOUILLES,78,Dépendance,0,0,213,2022
444500,78800,HOUILLES,78,Maison,50,4,213,2022
444500,78800,HOUILLES,78,Appartement,22,1,213,2022
136000,78200,MANTES-LA-JOLIE,78,Dépendance,0,0,153,2022
136000,78200,MANTES-LA-JOLIE,78,Maison,47,3,153,2022
575000,78790,SEPTEUIL,78,Maison,56,4,1020,2022
569000,78800,HOUILLES,78,Maison,98,4,155,2022
451456,78320,LEVIS-SAINT-NOM,78,Maison,80,2,460,2022
451456,78320,LEVIS-SAINT-NOM,78,Maison,80,2,1300,2022
220000,78200,MANTES-LA-JOLIE,78,Dépendance,0,0,134,2022
220000,78200,MANTES-LA-JOLIE,78,Maison,88,4,134,2022
440630,78550,BAZAINVILLE,78,Dépendance,0,0,559,2022
440630,78550,BAZAINVILLE,78,Maison,116,5,559,2022
615000,78320,MESNIL-SAINT-DENIS (LE),78,Maison,128,6,838,2022
427175,78690,ESSARTS-LE-ROI (LES),78,Maison,137,5,277,2022
290860,78550,RICHEBOURG,78,Dépendance,0,0,233,2022
290860,78550,RICHEBOURG,78,Maison,82,3,233,2022
1150000,78160,MARLY-LE-ROI,78,Maison,70,3,578,2022
1150000,78160,MARLY-LE-ROI,78,Local industriel. commercial ou assimilé,95,0,578,2022
1150000,78160,MARLY-LE-ROI,78,Maison,70,3,1670,2022
1150000,78160,MARLY-LE-ROI,78,Local industriel. commercial ou assimilé,95,0,1670,2022
430500,78500,SARTROUVILLE,78,Maison,71,4,351,2022
430500,78500,SARTROUVILLE,78,Dépendance,0,0,351,2022
770000,78600,MAISONS-LAFFITTE,78,Maison,90,4,172,2022
675000,78500,SARTROUVILLE,78,Maison,139,5,223,2022
114296,78500,SARTROUVILLE,78,Maison,63,3,127,2022
110000,78420,CARRIERES SUR SEINE,78,Maison,142,7,542,2022
540100,78160,MARLY-LE-ROI,78,Maison,79,4,93,2022
506800,78210,SAINT-CYR-L ECOLE,78,Maison,131,5,464,2022
390000,78370,PLAISIR,78,Maison,84,4,166,2022
520000,78650,BEYNES,78,Maison,114,6,597,2022
130000,78930,VILLETTE,78,Maison,93,4,500,2022
130000,78930,VILLETTE,78,Maison,93,4,700,2022
220000,78130,MUREAUX (LES),78,Maison,80,5,268,2022
220000,78130,MUREAUX (LES),78,Dépendance,0,0,268,2022
809750,78560,PORT-MARLY (LE),78,Maison,137,5,714,2022
307500,78610,AUFFARGIS,78,Appartement,80,4,674,2022
307500,78610,AUFFARGIS,78,Appartement,120,3,674,2022
307500,78610,AUFFARGIS,78,Local industriel. commercial ou assimilé,30,0,674,2022
307500,78610,AUFFARGIS,78,Dépendance,0,0,674,2022
307500,78610,AUFFARGIS,78,Appartement,120,3,500,2022
307500,78610,AUFFARGIS,78,Dépendance,0,0,500,2022
307500,78610,AUFFARGIS,78,Appartement,80,4,500,2022
307500,78610,AUFFARGIS,78,Local industriel. commercial ou assimilé,30,0,500,2022
589000,78390,BOIS D ARCY,78,Maison,124,5,540,2022
480000,78250,MEZY-SUR-SEINE,78,Maison,96,5,562,2022
480000,78250,MEZY-SUR-SEINE,78,Dépendance,0,0,562,2022
480000,78250,MEZY-SUR-SEINE,78,Dépendance,0,0,500,2022
480000,78250,MEZY-SUR-SEINE,78,Maison,96,5,500,2022
432000,78990,ELANCOURT,78,Maison,89,4,282,2022
465300,78640,VILLIERS-SAINT-FREDERIC,78,Maison,74,4,504,2022
2074000,78100,SAINT-GERMAIN-EN-LAYE,78,Dépendance,0,0,851,2022
2074000,78100,SAINT-GERMAIN-EN-LAYE,78,Maison,192,10,851,2022
710000,78580,MAULE,78,Maison,183,5,622,2022
710000,78580,MAULE,78,Maison,183,5,500,2022
2652600,78000,VERSAILLES,78,Maison,230,9,618,2022
2652600,78000,VERSAILLES,78,Dépendance,0,0,618,2022
475000,78510,TRIEL SUR SEINE,78,Maison,125,5,252,2022
146000,78410,AUBERGENVILLE,78,Maison,130,5,482,2022
146000,78410,AUBERGENVILLE,78,Dépendance,0,0,482,2022
800000,78640,VILLIERS-SAINT-FREDERIC,78,Dépendance,0,0,500,2022
800000,78640,VILLIERS-SAINT-FREDERIC,78,Maison,109,7,2449,2022
800000,78640,VILLIERS-SAINT-FREDERIC,78,Dépendance,0,0,2449,2022
800000,78640,VILLIERS-SAINT-FREDERIC,78,Maison,109,7,500,2022
703400,78400,CHATOU,78,Maison,87,4,400,2022
313000,78660,ORSONVILLE,78,Dépendance,0,0,500,2022
313000,78660,ORSONVILLE,78,Dépendance,0,0,568,2022
313000,78660,ORSONVILLE,78,Maison,70,2,568,2022
313000,78660,ORSONVILLE,78,Maison,70,2,500,2022
281000,78730,SAINT-ARNOULT-EN-YVELINES,78,Maison,86,5,846,2022
655000,78610,BREVIAIRES (LES),78,Maison,159,7,415,2022
655000,78610,BREVIAIRES (LES),78,Maison,159,7,1000,2022
736000,78240,CHAMBOURCY,78,Maison,125,7,306,2022
614170,78630,ORGEVAL,78,Maison,133,7,500,2022
614170,78630,ORGEVAL,78,Maison,133,7,660,2022
720000,78560,PORT-MARLY (LE),78,Maison,63,4,389,2022
720000,78560,PORT-MARLY (LE),78,Maison,63,4,944,2022
1708507,78230,PECQ (LE),78,Dépendance,0,0,222,2022
1708507,78230,PECQ (LE),78,Maison,146,7,222,2022
1708507,78230,PECQ (LE),78,Maison,146,7,308,2022
1708507,78230,PECQ (LE),78,Dépendance,0,0,308,2022
343200,78610,PERRAY-EN-YVELINES (LE),78,Maison,95,5,452,2022
760000,78670,VILLENNES-SUR-SEINE,78,Dépendance,0,0,535,2022
760000,78670,VILLENNES-SUR-SEINE,78,Maison,134,7,535,2022
1250000,78600,MAISONS-LAFFITTE,78,Dépendance,0,0,871,2022
1250000,78600,MAISONS-LAFFITTE,78,Maison,107,6,871,2022
821750,78600,MESNIL-LE-ROI (LE),78,Maison,106,4,601,2022
442000,78125,VIEILLE-EGLISE-EN-YVELINES,78,Maison,119,5,295,2022
193000,78720,DAMPIERRE-EN-YVELINES,78,Local industriel. commercial ou assimilé,29,0,45,2022
193000,78720,DAMPIERRE-EN-YVELINES,78,Local industriel. commercial ou assimilé,29,0,655,2022
193000,78720,DAMPIERRE-EN-YVELINES,78,Appartement,45,1,655,2022
193000,78720,DAMPIERRE-EN-YVELINES,78,Appartement,45,1,45,2022
395000,78320,MESNIL-SAINT-DENIS (LE),78,Maison,127,4,9,2022
395000,78320,MESNIL-SAINT-DENIS (LE),78,Dépendance,0,0,9,2022
231300,78250,HARDRICOURT,78,Maison,46,3,293,2022
988000,78600,MAISONS-LAFFITTE,78,Dépendance,0,0,496,2022
988000,78600,MAISONS-LAFFITTE,78,Maison,90,4,496,2022
988000,78600,MAISONS-LAFFITTE,78,Maison,30,1,496,2022
606000,78390,BOIS D ARCY,78,Maison,100,4,461,2022
270000,78440,PORCHEVILLE,78,Maison,95,5,476,2022
622000,78600,MESNIL-LE-ROI (LE),78,Maison,68,3,450,2022
540000,78800,HOUILLES,78,Maison,71,4,481,2022
1201930,78860,SAINT-NOM-LA-BRETECHE,78,Maison,245,6,506,2022
1201930,78860,SAINT-NOM-LA-BRETECHE,78,Dépendance,0,0,500,2022
1201930,78860,SAINT-NOM-LA-BRETECHE,78,Dépendance,0,0,506,2022
1201930,78860,SAINT-NOM-LA-BRETECHE,78,Maison,245,6,500,2022
266000,78440,LAINVILLE-EN-VEXIN,78,Dépendance,0,0,380,2022
266000,78440,LAINVILLE-EN-VEXIN,78,Dépendance,0,0,500,2022
266000,78440,LAINVILLE-EN-VEXIN,78,Maison,80,4,500,2022
266000,78440,LAINVILLE-EN-VEXIN,78,Maison,80,4,380,2022
375000,78360,MONTESSON,78,Maison,123,5,8,2022
373000,78650,BEYNES,78,Maison,81,4,600,2022
373000,78650,BEYNES,78,Maison,81,4,508,2022
320000,78440,GARGENVILLE,78,Maison,94,6,350,2022
679500,78540,VERNOUILLET,78,Maison,143,6,1095,2022
564000,78280,GUYANCOURT,78,Maison,143,6,517,2022
282600,78580,MAULE,78,Dépendance,0,0,603,2022
282600,78580,MAULE,78,Maison,77,3,603,2022
1061800,78220,VIROFLAY,78,Maison,95,5,241,2022
647000,78500,SARTROUVILLE,78,Maison,98,4,259,2022
309000,78200,MANTES-LA-JOLIE,78,Maison,78,4,304,2022
440000,78260,ACHERES,78,Maison,99,5,397,2022
635000,78500,SARTROUVILLE,78,Maison,94,4,453,2022
1705900,78290,CROISSY SUR SEINE,78,Maison,230,7,1000,2022
1705900,78290,CROISSY SUR SEINE,78,Maison,230,7,276,2022
1053550,78240,CHAMBOURCY,78,Maison,204,7,808,2022
445000,78500,SARTROUVILLE,78,Maison,96,5,382,2022
444400,78260,ACHERES,78,Maison,114,4,289,2022
285000,78300,POISSY,78,Maison,49,3,231,2022
281000,78510,TRIEL SUR SEINE,78,Local industriel. commercial ou assimilé,200,0,178,2022
435000,78770,AUTEUIL-LE-ROI,78,Dépendance,0,0,629,2022
435000,78770,AUTEUIL-LE-ROI,78,Maison,85,4,629,2022
504000,78500,SARTROUVILLE,78,Maison,106,5,510,2022
264000,78200,MANTES-LA-JOLIE,78,Dépendance,0,0,124,2022
264000,78200,MANTES-LA-JOLIE,78,Maison,92,5,124,2022
396500,78570,CHANTELOUP-LES-VIGNES,78,Maison,76,4,436,2022
396500,78570,CHANTELOUP-LES-VIGNES,78,Dépendance,0,0,436,2022
909650,78600,MAISONS-LAFFITTE,78,Dépendance,0,0,400,2022
909650,78600,MAISONS-LAFFITTE,78,Maison,127,5,400,2022
300000,78330,FONTENAY LE FLEURY,78,Local industriel. commercial ou assimilé,115,0,919,2022
300000,78330,FONTENAY LE FLEURY,78,Maison,66,3,919,2022
539150,78730,SAINT-ARNOULT-EN-YVELINES,78,Dépendance,0,0,500,2022
539150,78730,SAINT-ARNOULT-EN-YVELINES,78,Maison,161,6,500,2022
539150,78730,SAINT-ARNOULT-EN-YVELINES,78,Dépendance,0,0,1273,2022
539150,78730,SAINT-ARNOULT-EN-YVELINES,78,Maison,161,6,1273,2022
1580912,78400,CHATOU,78,Maison,69,2,498,2022
482500,78540,VERNOUILLET,78,Maison,140,5,451,2022
482500,78540,VERNOUILLET,78,Dépendance,0,0,451,2022
448000,78180,MONTIGNY LE BRETONNEUX,78,Maison,91,5,182,2022
743090,78730,SAINT-ARNOULT-EN-YVELINES,78,Dépendance,0,0,500,2022
743090,78730,SAINT-ARNOULT-EN-YVELINES,78,Maison,93,5,1270,2022
743090,78730,SAINT-ARNOULT-EN-YVELINES,78,Dépendance,0,0,1270,2022
743090,78730,SAINT-ARNOULT-EN-YVELINES,78,Maison,93,5,500,2022
285000,78990,ELANCOURT,78,Dépendance,0,0,430,2022
285000,78990,ELANCOURT,78,Maison,60,3,430,2022
347000,78650,BEYNES,78,Maison,78,3,428,2022
338170,78360,MONTESSON,78,Maison,61,3,92,2022
440000,78660,SAINT-MARTIN-DE-BRETHENCOURT,78,Appartement,70,3,855,2022
440000,78660,SAINT-MARTIN-DE-BRETHENCOURT,78,Dépendance,0,0,855,2022
440000,78660,SAINT-MARTIN-DE-BRETHENCOURT,78,Appartement,104,4,855,2022
440000,78660,SAINT-MARTIN-DE-BRETHENCOURT,78,Appartement,117,4,855,2022
1300000,78430,LOUVECIENNES,78,Maison,150,7,589,2022
1300000,78430,LOUVECIENNES,78,Maison,150,7,500,2022
1132157,78150,LE CHESNAY-ROCQUENCOURT,78,Maison,136,6,282,2022
374590,78970,MEZIERES-SUR-SEINE,78,Maison,120,5,700,2022
389000,78320,VERRIERE (LA),78,Maison,98,5,405,2022
411900,78310,COIGNIERES,78,Dépendance,0,0,375,2022
411900,78310,COIGNIERES,78,Maison,112,6,375,2022
135000,78980,BREVAL,78,Maison,70,3,92,2022
328090,78570,ANDRESY,78,Maison,85,4,670,2022
328090,78570,ANDRESY,78,Dépendance,0,0,670,2022
1135800,78112,SAINT-GERMAIN-EN-LAYE,78,Maison,160,6,998,2022
480000,78700,CONFLANS SAINTE HONORINE,78,Maison,77,3,641,2022
1791000,78125,ORPHIN,78,Dépendance,0,0,260,2022
1791000,78125,ORPHIN,78,Maison,385,14,260,2022
623350,78120,RAMBOUILLET,78,Maison,126,4,600,2022
299600,78700,CONFLANS SAINTE HONORINE,78,Maison,50,3,533,2022
1167500,78000,VERSAILLES,78,Maison,85,5,279,2022
323000,78310,MAUREPAS,78,Maison,102,5,285,2022
290000,78700,CONFLANS SAINTE HONORINE,78,Maison,69,3,277,2022
290000,78700,CONFLANS SAINTE HONORINE,78,Dépendance,0,0,277,2022
298800,78990,ELANCOURT,78,Maison,95,4,157,2022
546000,78490,MERE,78,Maison,153,8,500,2022
546000,78490,MERE,78,Maison,153,8,702,2022
1500000,78800,HOUILLES,78,Local industriel. commercial ou assimilé,605,0,305,2022
1500000,78800,HOUILLES,78,Local industriel. commercial ou assimilé,605,0,576,2022
1500000,78800,HOUILLES,78,Maison,48,3,418,2022
1500000,78800,HOUILLES,78,Dépendance,0,0,628,2022
1500000,78800,HOUILLES,78,Maison,58,3,628,2022
299000,78510,TRIEL SUR SEINE,78,Maison,84,4,211,2022
505400,78580,MAULE,78,Maison,132,6,475,2022
953360,78140,VELIZY VILLACOUBLAY,78,Maison,160,6,322,2022
500000,78460,CHEVREUSE,78,Local industriel. commercial ou assimilé,410,0,455,2022
270000,78200,MANTES-LA-JOLIE,78,Maison,76,4,561,2022
369500,78800,HOUILLES,78,Maison,66,4,127,2022
395967,78610,AUFFARGIS,78,Dépendance,0,0,598,2022
395967,78610,AUFFARGIS,78,Maison,104,4,598,2022
395967,78610,AUFFARGIS,78,Dépendance,0,0,500,2022
395967,78610,AUFFARGIS,78,Maison,104,4,500,2022
450000,78610,AUFFARGIS,78,Maison,166,6,505,2022
471210,78280,GUYANCOURT,78,Dépendance,0,0,176,2022
471210,78280,GUYANCOURT,78,Maison,90,4,176,2022
462400,78340,CLAYES-SOUS-BOIS (LES),78,Maison,123,5,291,2022
661200,78960,VOISINS-LE-BRETONNEUX,78,Maison,135,6,416,2022
690000,78460,CHEVREUSE,78,Dépendance,0,0,5080,2022
690000,78460,CHEVREUSE,78,Dépendance,0,0,500,2022
328000,78820,JUZIERS,78,Maison,104,5,719,2022
138000,78270,MERICOURT,78,Maison,81,3,55,2022
700000,78220,VIROFLAY,78,Maison,47,3,248,2022
200000,78440,GARGENVILLE,78,Local industriel. commercial ou assimilé,190,0,240,2022
200000,78440,GARGENVILLE,78,Maison,35,3,240,2022
300000,78270,CHAUFOUR LES BONNIERES,78,Maison,120,5,605,2022
137000,78370,PLAISIR,78,Local industriel. commercial ou assimilé,26,0,22,2022
467850,78270,CHAUFOUR LES BONNIERES,78,Maison,90,3,519,2022
467850,78270,CHAUFOUR LES BONNIERES,78,Dépendance,0,0,519,2022
763600,78300,POISSY,78,Maison,113,5,409,2022
848550,78350,JOUY EN JOSAS,78,Maison,110,4,94,2022
340000,78680,EPONE,78,Maison,82,4,500,2022
340000,78680,EPONE,78,Maison,82,4,553,2022
125000,78711,MANTES-LA-VILLE,78,Maison,40,1,185,2022
410500,78440,GARGENVILLE,78,Maison,103,5,500,2022
285000,78370,PLAISIR,78,Maison,50,3,416,2022
285000,78370,PLAISIR,78,Dépendance,0,0,416,2022
365000,78390,BOIS D ARCY,78,Maison,89,4,234,2022
340000,78440,GARGENVILLE,78,Dépendance,0,0,539,2022
340000,78440,GARGENVILLE,78,Maison,99,6,539,2022
1051512,78860,SAINT-NOM-LA-BRETECHE,78,Maison,173,6,629,2022
1051512,78860,SAINT-NOM-LA-BRETECHE,78,Maison,173,6,500,2022
180000,78200,SOINDRES,78,Dépendance,0,0,586,2022
180000,78200,SOINDRES,78,Maison,89,3,586,2022
293500,78340,CLAYES-SOUS-BOIS (LES),78,Dépendance,0,0,425,2022
293500,78340,CLAYES-SOUS-BOIS (LES),78,Maison,63,4,425,2022
524600,78300,POISSY,78,Maison,90,4,331,2022
524600,78300,POISSY,78,Dépendance,0,0,331,2022
280900,78711,MANTES-LA-VILLE,78,Maison,94,4,427,2022
933750,78600,MAISONS-LAFFITTE,78,Maison,160,5,132,2022
933750,78600,MAISONS-LAFFITTE,78,Dépendance,0,0,132,2022
1500000,78730,LONGVILLIERS,78,Maison,80,3,985,2022
1500000,78730,LONGVILLIERS,78,Dépendance,0,0,985,2022
1500000,78730,LONGVILLIERS,78,Maison,320,6,985,2022
1500000,78730,LONGVILLIERS,78,Local industriel. commercial ou assimilé,0,0,494,2022
368000,78500,SARTROUVILLE,78,Maison,56,3,272,2022
872500,78610,SAINT-LEGER-EN-YVELINES,78,Maison,260,8,897,2022
872500,78610,SAINT-LEGER-EN-YVELINES,78,Dépendance,0,0,897,2022
340700,78720,CELLE-LES-BORDES (LA),78,Maison,90,3,83,2022
331750,78580,MAULE,78,Maison,101,5,1878,2022
331750,78580,MAULE,78,Maison,101,5,500,2022
531319,78250,HARDRICOURT,78,Dépendance,0,0,265,2022
531319,78250,HARDRICOURT,78,Maison,94,8,265,2022
1034120,78490,GROSROUVRE,78,Dépendance,0,0,3800,2022
1034120,78490,GROSROUVRE,78,Maison,163,7,3800,2022
282000,78550,HOUDAN,78,Dépendance,0,0,29,2022
282000,78550,HOUDAN,78,Maison,69,4,65,2022
118000,78410,AUBERGENVILLE,78,Local industriel. commercial ou assimilé,50,0,50,2022
485000,78480,VERNEUIL SUR SEINE,78,Maison,124,5,543,2022
538345,78720,DAMPIERRE-EN-YVELINES,78,Maison,144,6,1218,2022
538345,78720,DAMPIERRE-EN-YVELINES,78,Maison,144,6,500,2022
560860,78970,MEZIERES-SUR-SEINE,78,Dépendance,0,0,893,2022
560860,78970,MEZIERES-SUR-SEINE,78,Maison,158,5,500,2022
560860,78970,MEZIERES-SUR-SEINE,78,Dépendance,0,0,500,2022
560860,78970,MEZIERES-SUR-SEINE,78,Maison,158,5,893,2022
330000,78500,SARTROUVILLE,78,Local industriel. commercial ou assimilé,4,0,269,2022
330000,78500,SARTROUVILLE,78,Maison,109,5,269,2022
620400,78770,MARCQ,78,Maison,224,5,39,2022
281500,78610,PERRAY-EN-YVELINES (LE),78,Maison,59,3,147,2022
240000,78680,EPONE,78,Maison,55,3,270,2022
345000,78240,CHAMBOURCY,78,Maison,118,5,439,2022
750000,78530,BUC,78,Maison,142,6,330,2022
750000,78530,BUC,78,Maison,142,6,564,2022
898700,78110,VESINET (LE),78,Maison,90,4,215,2022
353200,78130,MUREAUX (LES),78,Dépendance,0,0,495,2022
353200,78130,MUREAUX (LES),78,Maison,120,6,495,2022
379850,78770,VILLIERS-LE-MAHIEU,78,Maison,114,5,478,2022
1550000,78112,SAINT-GERMAIN-EN-LAYE,78,Maison,206,8,140,2022
1550000,78112,SAINT-GERMAIN-EN-LAYE,78,Dépendance,0,0,29,2022
1550000,78112,SAINT-GERMAIN-EN-LAYE,78,Dépendance,0,0,117,2022
1550000,78112,SAINT-GERMAIN-EN-LAYE,78,Dépendance,0,0,40,2022
220000,78730,SAINT-ARNOULT-EN-YVELINES,78,Maison,83,4,641,2022
735325,78530,BUC,78,Maison,97,6,360,2022
756200,78750,MAREIL-MARLY,78,Maison,110,5,469,2022
756200,78750,MAREIL-MARLY,78,Dépendance,0,0,469,2022
1204750,78400,CHATOU,78,Dépendance,0,0,520,2022
1204750,78400,CHATOU,78,Maison,210,7,520,2022
493300,78140,VELIZY VILLACOUBLAY,78,Maison,37,3,132,2022
493300,78140,VELIZY VILLACOUBLAY,78,Dépendance,0,0,132,2022
493300,78140,VELIZY VILLACOUBLAY,78,Maison,12,1,132,2022
776300,78112,SAINT-GERMAIN-EN-LAYE,78,Maison,147,5,652,2022
331800,78190,TRAPPES,78,Maison,74,4,350,2022
561000,78480,VERNEUIL SUR SEINE,78,Maison,143,4,368,2022
362900,78700,CONFLANS SAINTE HONORINE,78,Maison,81,4,206,2022
735000,78310,MAUREPAS,78,Maison,165,5,506,2022
735000,78310,MAUREPAS,78,Maison,165,5,500,2022
194000,78440,GARGENVILLE,78,Maison,40,3,485,2022
961538,78420,CARRIERES SUR SEINE,78,Dépendance,0,0,379,2022
961538,78420,CARRIERES SUR SEINE,78,Maison,67,4,379,2022
961538,78420,CARRIERES SUR SEINE,78,Appartement,29,1,379,2022
961538,78420,CARRIERES SUR SEINE,78,Appartement,23,1,379,2022
961538,78420,CARRIERES SUR SEINE,78,Appartement,61,3,379,2022
961538,78420,CARRIERES SUR SEINE,78,Appartement,62,3,379,2022
1070000,78000,VERSAILLES,78,Dépendance,0,0,400,2022
1070000,78000,VERSAILLES,78,Maison,70,5,400,2022
806000,78112,SAINT-GERMAIN-EN-LAYE,78,Maison,120,5,381,2022
870000,78600,MESNIL-LE-ROI (LE),78,Maison,118,5,400,2022
1080000,78500,SARTROUVILLE,78,Maison,60,3,604,2022
1080000,78500,SARTROUVILLE,78,Maison,125,4,992,2022
1262510,78620,ETANG-LA-VILLE (L ),78,Maison,192,7,500,2022
1262510,78620,ETANG-LA-VILLE (L ),78,Maison,192,7,1095,2022
466000,78700,CONFLANS SAINTE HONORINE,78,Maison,112,4,652,2022
839710,78400,CHATOU,78,Maison,113,4,261,2022
413000,78440,DROCOURT,78,Maison,101,5,175,2022
720100,78600,MAISONS-LAFFITTE,78,Maison,82,4,159,2022
720100,78600,MAISONS-LAFFITTE,78,Dépendance,0,0,159,2022
702331,78400,CHATOU,78,Maison,110,4,152,2022
201000,78650,SAULX-MARCHAIS,78,Maison,95,5,500,2022
201000,78650,SAULX-MARCHAIS,78,Maison,95,5,502,2022
205000,78310,MAUREPAS,78,Maison,90,4,340,2022
205000,78310,MAUREPAS,78,Dépendance,0,0,340,2022
395000,78800,HOUILLES,78,Maison,78,4,221,2022
506000,78400,CHATOU,78,Maison,40,2,239,2022
506000,78400,CHATOU,78,Dépendance,0,0,239,2022
394000,78310,MAUREPAS,78,Maison,95,5,888,2022
241900,78200,BUCHELAY,78,Maison,72,4,198,2022
389000,78570,CHANTELOUP-LES-VIGNES,78,Maison,130,5,397,2022
2000000,78280,GUYANCOURT,78,Local industriel. commercial ou assimilé,1363,0,3052,2022
908000,78610,BREVIAIRES (LES),78,Maison,223,7,2440,2022
908000,78610,BREVIAIRES (LES),78,Maison,223,7,500,2022
362000,78310,MAUREPAS,78,Dépendance,0,0,23,2022
362000,78310,MAUREPAS,78,Maison,84,5,203,2022
283000,78114,MAGNY-LES-HAMEAUX,78,Maison,107,6,208,2022
193000,78450,VILLEPREUX,78,Dépendance,0,0,46,2022
640000,78240,CHAMBOURCY,78,Maison,100,4,280,2022
410000,78790,ARNOUVILLE-LES-MANTES,78,Local industriel. commercial ou assimilé,340,0,2552,2022
410000,78790,ARNOUVILLE-LES-MANTES,78,Local industriel. commercial ou assimilé,750,0,2552,2022
911800,78860,SAINT-NOM-LA-BRETECHE,78,Maison,171,4,535,2022
912000,78670,VILLENNES-SUR-SEINE,78,Maison,187,5,384,2022
912000,78670,VILLENNES-SUR-SEINE,78,Maison,187,5,500,2022
584000,78960,VOISINS-LE-BRETONNEUX,78,Maison,139,6,454,2022
1242000,78100,SAINT-GERMAIN-EN-LAYE,78,Maison,260,6,500,2022
1242000,78100,SAINT-GERMAIN-EN-LAYE,78,Maison,260,6,255,2022
1242000,78100,SAINT-GERMAIN-EN-LAYE,78,Local industriel. commercial ou assimilé,136,0,255,2022
1242000,78100,SAINT-GERMAIN-EN-LAYE,78,Local industriel. commercial ou assimilé,136,0,500,2022
789400,78140,VELIZY VILLACOUBLAY,78,Maison,126,5,673,2022
570000,78680,EPONE,78,Dépendance,0,0,780,2022
570000,78680,EPONE,78,Appartement,36,1,780,2022
570000,78680,EPONE,78,Maison,108,6,780,2022
1900000,78310,COIGNIERES,78,Local industriel. commercial ou assimilé,1345,0,3390,2022
280000,78660,ABLIS,78,Maison,98,5,234,2022
560000,78630,MORAINVILLIERS,78,Maison,142,5,269,2022
675000,78460,CHEVREUSE,78,Maison,180,6,475,2022
366000,78730,ROCHEFORT-EN-YVELINES,78,Maison,122,5,453,2022
861000,78760,JOUARS-PONTCHARTRAIN,78,Maison,165,5,2518,2022
861000,78760,JOUARS-PONTCHARTRAIN,78,Local industriel. commercial ou assimilé,12,0,2518,2022
861000,78760,JOUARS-PONTCHARTRAIN,78,Maison,165,5,500,2022
861000,78760,JOUARS-PONTCHARTRAIN,78,Local industriel. commercial ou assimilé,12,0,500,2022
980000,78600,MAISONS-LAFFITTE,78,Maison,144,5,323,2022
475000,78000,VERSAILLES,78,Maison,120,6,507,2022
318850,78710,ROSNY-SUR-SEINE,78,Maison,117,5,470,2022
1150000,78260,ACHERES,78,Appartement,54,2,2347,2022
1150000,78260,ACHERES,78,Local industriel. commercial ou assimilé,1400,0,2347,2022
650000,78160,MARLY-LE-ROI,78,Maison,74,4,481,2022
360000,78320,LEVIS-SAINT-NOM,78,Maison,76,4,500,2022
360000,78320,LEVIS-SAINT-NOM,78,Maison,76,4,989,2022
300000,78990,ELANCOURT,78,Dépendance,0,0,174,2022
300000,78990,ELANCOURT,78,Maison,83,5,174,2022
300000,78125,MITTAINVILLE,78,Maison,115,4,414,2022
300000,78125,MITTAINVILLE,78,Dépendance,0,0,414,2022
468950,78114,MAGNY-LES-HAMEAUX,78,Maison,88,5,722,2022
370000,78930,GUERVILLE,78,Maison,157,7,259,2022
370000,78930,GUERVILLE,78,Maison,157,7,500,2022
370000,78930,GUERVILLE,78,Local industriel. commercial ou assimilé,30,0,500,2022
370000,78930,GUERVILLE,78,Local industriel. commercial ou assimilé,30,0,259,2022
537600,78230,PECQ (LE),78,Local industriel. commercial ou assimilé,190,0,456,2022
537600,78230,PECQ (LE),78,Maison,58,4,456,2022
318500,78440,ISSOU,78,Maison,80,4,329,2022
878900,78240,AIGREMONT,78,Maison,157,8,601,2022
432400,78930,VILLETTE,78,Maison,148,6,500,2022
432400,78930,VILLETTE,78,Dépendance,0,0,676,2022
432400,78930,VILLETTE,78,Dépendance,0,0,500,2022
432400,78930,VILLETTE,78,Maison,148,6,676,2022
980000,78750,MAREIL-MARLY,78,Maison,148,4,462,2022
490000,78550,RICHEBOURG,78,Dépendance,0,0,1505,2022
490000,78550,RICHEBOURG,78,Maison,83,4,1505,2022
244000,78310,MAUREPAS,78,Maison,85,4,112,2022
828800,78460,CHOISEL,78,Dépendance,0,0,1805,2022
828800,78460,CHOISEL,78,Dépendance,0,0,500,2022
828800,78460,CHOISEL,78,Maison,138,6,1805,2022
828800,78460,CHOISEL,78,Maison,138,6,500,2022
506000,78990,ELANCOURT,78,Maison,121,6,500,2022
506000,78990,ELANCOURT,78,Maison,121,6,200,2022
638800,78640,NEAUPHLE-LE-VIEUX,78,Maison,165,5,500,2022
638800,78640,NEAUPHLE-LE-VIEUX,78,Maison,165,5,898,2022
581140,78690,SAINT-REMY-L HONORE,78,Maison,200,4,500,2022
581140,78690,SAINT-REMY-L HONORE,78,Maison,200,4,1360,2022
950000,78800,HOUILLES,78,Maison,121,6,616,2022
950000,78800,HOUILLES,78,Dépendance,0,0,274,2022
950000,78800,HOUILLES,78,Maison,121,6,274,2022
950000,78800,HOUILLES,78,Dépendance,0,0,616,2022
417000,78800,HOUILLES,78,Maison,80,3,205,2022
450000,78700,CONFLANS SAINTE HONORINE,78,Maison,101,5,309,2022
1392000,78400,CHATOU,78,Dépendance,0,0,500,2022
1392000,78400,CHATOU,78,Maison,167,7,500,2022
215000,78710,ROSNY-SUR-SEINE,78,Maison,100,5,77,2022
215000,78710,ROSNY-SUR-SEINE,78,Dépendance,0,0,77,2022
560000,78450,VILLEPREUX,78,Maison,94,5,440,2022
3220000,78300,POISSY,78,Local industriel. commercial ou assimilé,3360,0,6740,2022
1000000,78600,MAISONS-LAFFITTE,78,Maison,112,4,578,2022
1000000,78600,MAISONS-LAFFITTE,78,Dépendance,0,0,578,2022
411000,78680,EPONE,78,Maison,118,5,403,2022
269000,78890,GARANCIERES,78,Maison,66,4,574,2022
200000,78490,MAREIL-LE-GUYON,78,Maison,54,3,55,2022
200000,78490,MAREIL-LE-GUYON,78,Local industriel. commercial ou assimilé,0,0,495,2022
920000,78470,SAINT-REMY-LES-CHEVREUSE,78,Maison,166,6,457,2022
920000,78470,SAINT-REMY-LES-CHEVREUSE,78,Maison,166,6,500,2022
444000,78680,EPONE,78,Maison,170,6,571,2022
521500,78500,SARTROUVILLE,78,Maison,104,5,278,2022
784750,78500,SARTROUVILLE,78,Maison,116,6,643,2022
654000,78500,SARTROUVILLE,78,Maison,25,1,332,2022
654000,78500,SARTROUVILLE,78,Maison,76,4,332,2022
350000,78460,CHEVREUSE,78,Maison,116,5,679,2022
922500,78620,ETANG-LA-VILLE (L ),78,Maison,207,7,900,2022
290000,78300,POISSY,78,Maison,105,5,431,2022
190000,78710,ROSNY-SUR-SEINE,78,Local industriel. commercial ou assimilé,100,0,218,2022
190000,78710,ROSNY-SUR-SEINE,78,Appartement,102,4,218,2022
528000,78240,AIGREMONT,78,Maison,96,4,250,2022
645000,78800,HOUILLES,78,Maison,165,6,567,2022
397000,78540,VERNOUILLET,78,Maison,64,4,224,2022
386950,78790,MULCENT,78,Dépendance,0,0,856,2022
386950,78790,MULCENT,78,Maison,140,5,856,2022
755736,78220,VIROFLAY,78,Maison,76,4,237,2022
755736,78220,VIROFLAY,78,Dépendance,0,0,237,2022
310000,78610,PERRAY-EN-YVELINES (LE),78,Maison,77,4,628,2022
310000,78610,PERRAY-EN-YVELINES (LE),78,Dépendance,0,0,628,2022
788000,78800,HOUILLES,78,Maison,85,5,255,2022
788000,78800,HOUILLES,78,Maison,85,5,445,2022
419400,78320,LEVIS-SAINT-NOM,78,Maison,104,5,689,2022
370000,78820,JUZIERS,78,Maison,110,2,816,2022
290000,78200,MAGNANVILLE,78,Maison,95,5,281,2022
992650,78380,BOUGIVAL,78,Maison,135,5,932,2022
182000,78250,MEZY-SUR-SEINE,78,Maison,24,1,163,2022
182000,78250,MEZY-SUR-SEINE,78,Dépendance,0,0,163,2022
660000,78120,RAMBOUILLET,78,Maison,145,6,693,2022
435000,78210,SAINT-CYR-L ECOLE,78,Maison,84,5,300,2022
817870,78170,CELLE-SAINT-CLOUD (LA),78,Maison,80,5,511,2022
380000,78840,FRENEUSE,78,Maison,146,5,775,2022
340000,78660,BOINVILLE-LE-GAILLARD,78,Dépendance,0,0,535,2022
340000,78660,BOINVILLE-LE-GAILLARD,78,Maison,156,9,535,2022
350000,78440,LAINVILLE-EN-VEXIN,78,Maison,140,6,370,2022
221270,78250,HARDRICOURT,78,Maison,75,2,225,2022
200000,78710,ROSNY-SUR-SEINE,78,Dépendance,0,0,623,2022
200000,78710,ROSNY-SUR-SEINE,78,Maison,60,3,623,2022
448500,78570,CHANTELOUP-LES-VIGNES,78,Maison,83,5,484,2022
467500,78910,OSMOY,78,Maison,119,5,535,2022
467500,78910,OSMOY,78,Maison,119,5,500,2022
5225515,78500,SARTROUVILLE,78,Local industriel. commercial ou assimilé,1610,0,2615,2022
477000,78126,AULNAY-SUR-MAULDRE,78,Dépendance,0,0,525,2022
477000,78126,AULNAY-SUR-MAULDRE,78,Maison,110,4,525,2022
357000,78125,ORCEMONT,78,Maison,87,4,753,2022
446000,78480,VERNEUIL SUR SEINE,78,Maison,110,5,793,2022
269000,78250,MEZY-SUR-SEINE,78,Maison,24,2,455,2022
229535,78890,GARANCIERES,78,Dépendance,0,0,26,2022
229535,78890,GARANCIERES,78,Maison,58,3,109,2022
610000,78570,ANDRESY,78,Maison,180,5,913,2022
422000,78390,BOIS D ARCY,78,Maison,72,4,348,2022
755000,78270,VILLENEUVE-EN-CHEVRIE (LA),78,Maison,318,10,1485,2022
755000,78270,VILLENEUVE-EN-CHEVRIE (LA),78,Dépendance,0,0,1485,2022
755000,78270,VILLENEUVE-EN-CHEVRIE (LA),78,Dépendance,0,0,3585,2022
1880000,78110,VESINET (LE),78,Maison,34,2,1247,2022
1880000,78110,VESINET (LE),78,Dépendance,0,0,213,2022
1880000,78110,VESINET (LE),78,Maison,34,2,213,2022
1880000,78110,VESINET (LE),78,Maison,28,1,213,2022
1880000,78110,VESINET (LE),78,Maison,240,8,213,2022
1880000,78110,VESINET (LE),78,Dépendance,0,0,1247,2022
1880000,78110,VESINET (LE),78,Maison,240,8,1247,2022
1880000,78110,VESINET (LE),78,Maison,28,1,1247,2022
436473,78770,AUTOUILLET,78,Maison,105,5,500,2022
436473,78770,AUTOUILLET,78,Maison,105,5,906,2022
819432,78590,RENNEMOULIN,78,Maison,198,7,1000,2022
819432,78590,RENNEMOULIN,78,Maison,198,7,2210,2022
801000,78690,SAINT-REMY-L HONORE,78,Maison,19,1,500,2022
801000,78690,SAINT-REMY-L HONORE,78,Maison,200,5,500,2022
801000,78690,SAINT-REMY-L HONORE,78,Maison,19,1,2139,2022
801000,78690,SAINT-REMY-L HONORE,78,Maison,200,5,2139,2022
590000,78120,RAMBOUILLET,78,Dépendance,0,0,502,2022
590000,78120,RAMBOUILLET,78,Maison,107,4,502,2022
200000,78930,GOUSSONVILLE,78,Maison,55,1,249,2022
300000,78990,ELANCOURT,78,Dépendance,0,0,410,2022
300000,78990,ELANCOURT,78,Maison,111,6,141,2022
271000,78250,MEULAN-EN-YVELINES,78,Maison,94,3,647,2022
170000,78840,FRENEUSE,78,Maison,61,3,219,2022
170000,78840,FRENEUSE,78,Maison,56,3,219,2022
934000,78360,MONTESSON,78,Maison,149,6,431,2022
293499,78500,SARTROUVILLE,78,Maison,119,5,245,2022
839400,78800,HOUILLES,78,Maison,135,5,378,2022
531000,78120,RAMBOUILLET,78,Maison,91,4,637,2022
531000,78120,RAMBOUILLET,78,Maison,91,4,500,2022
486200,78630,ORGEVAL,78,Maison,81,4,143,2022
486200,78630,ORGEVAL,78,Dépendance,0,0,143,2022
195000,78550,HOUDAN,78,Maison,30,2,94,2022
388100,78410,FLINS-SUR-SEINE,78,Maison,41,3,159,2022
162000,78840,FRENEUSE,78,Maison,36,1,215,2022
147000,78800,HOUILLES,78,Maison,42,2,1161,2022
250000,78520,LIMAY,78,Maison,29,1,338,2022
250000,78520,LIMAY,78,Dépendance,0,0,338,2022
793000,78750,MAREIL-MARLY,78,Dépendance,0,0,500,2022
793000,78750,MAREIL-MARLY,78,Local industriel. commercial ou assimilé,25,0,500,2022
793000,78750,MAREIL-MARLY,78,Maison,150,7,500,2022
793000,78750,MAREIL-MARLY,78,Dépendance,0,0,729,2022
793000,78750,MAREIL-MARLY,78,Maison,150,7,729,2022
793000,78750,MAREIL-MARLY,78,Local industriel. commercial ou assimilé,25,0,729,2022
859320,78460,CHEVREUSE,78,Maison,147,8,259,2022
859320,78460,CHEVREUSE,78,Dépendance,0,0,259,2022
512500,78420,CARRIERES SUR SEINE,78,Maison,68,3,303,2022
466000,78640,VILLIERS-SAINT-FREDERIC,78,Dépendance,0,0,527,2022
466000,78640,VILLIERS-SAINT-FREDERIC,78,Maison,104,6,527,2022
160000,78740,VAUX-SUR-SEINE,78,Maison,61,4,66,2022
160000,78740,VAUX-SUR-SEINE,78,Maison,36,2,66,2022
528690,78510,TRIEL SUR SEINE,78,Dépendance,0,0,1013,2022
528690,78510,TRIEL SUR SEINE,78,Maison,75,4,1013,2022
330000,78600,MAISONS-LAFFITTE,78,Maison,55,3,43,2022
302000,78440,GARGENVILLE,78,Maison,107,5,502,2022
302000,78440,GARGENVILLE,78,Dépendance,0,0,502,2022
223000,78660,BOINVILLE-LE-GAILLARD,78,Maison,69,3,500,2022
223000,78660,BOINVILLE-LE-GAILLARD,78,Maison,69,3,507,2022
863010,78960,VOISINS-LE-BRETONNEUX,78,Maison,176,8,709,2022
1020960,78620,ETANG-LA-VILLE (L ),78,Maison,213,7,924,2022
402000,78700,CONFLANS SAINTE HONORINE,78,Maison,60,5,410,2022
1022600,78870,BAILLY,78,Maison,120,6,496,2022
760000,78000,VERSAILLES,78,Dépendance,0,0,384,2022
760000,78000,VERSAILLES,78,Appartement,38,2,384,2022
760000,78000,VERSAILLES,78,Appartement,38,1,384,2022
397100,78570,ANDRESY,78,Maison,79,4,308,2022
397100,78570,ANDRESY,78,Dépendance,0,0,308,2022
774200,78420,CARRIERES SUR SEINE,78,Maison,74,5,357,2022
355000,78940,QUEUE-LES-YVELINES (LA),78,Maison,72,4,568,2022
458000,78570,ANDRESY,78,Maison,84,4,372,2022
318000,78610,PERRAY-EN-YVELINES (LE),78,Maison,70,4,1000,2022
368000,78930,GUERVILLE,78,Maison,91,4,500,2022
368000,78930,GUERVILLE,78,Maison,91,4,535,2022
397500,78210,SAINT-CYR-L ECOLE,78,Maison,78,4,312,2022
366140,78250,OINVILLE-SUR-MONTCIENT,78,Maison,57,2,644,2022
366140,78250,OINVILLE-SUR-MONTCIENT,78,Maison,57,2,77,2022
610000,78610,SAINT-LEGER-EN-YVELINES,78,Dépendance,0,0,608,2022
610000,78610,SAINT-LEGER-EN-YVELINES,78,Maison,123,6,608,2022
1400000,78110,VESINET (LE),78,Maison,139,6,588,2022
500000,78120,RAMBOUILLET,78,Maison,142,6,700,2022
500000,78120,RAMBOUILLET,78,Maison,142,6,493,2022
325000,78550,DANNEMARIE,78,Maison,127,6,887,2022
325000,78550,DANNEMARIE,78,Maison,127,6,600,2022
410000,78500,SARTROUVILLE,78,Maison,50,3,283,2022
845450,78500,SARTROUVILLE,78,Dépendance,0,0,460,2022
845450,78500,SARTROUVILLE,78,Maison,149,5,460,2022
443905,78120,SONCHAMP,78,Dépendance,0,0,340,2022
443905,78120,SONCHAMP,78,Maison,126,6,340,2022
270000,78190,TRAPPES,78,Maison,109,5,182,2022
520000,78960,VOISINS-LE-BRETONNEUX,78,Maison,82,4,551,2022
520000,78960,VOISINS-LE-BRETONNEUX,78,Dépendance,0,0,551,2022
615000,78180,MONTIGNY LE BRETONNEUX,78,Maison,124,7,365,2022
880000,78500,SARTROUVILLE,78,Maison,118,5,526,2022
880000,78500,SARTROUVILLE,78,Dépendance,0,0,526,2022
541190,78180,MONTIGNY LE BRETONNEUX,78,Maison,123,6,279,2022
541190,78180,MONTIGNY LE BRETONNEUX,78,Dépendance,0,0,279,2022
540000,78860,SAINT-NOM-LA-BRETECHE,78,Maison,80,3,102,2022
540000,78860,SAINT-NOM-LA-BRETECHE,78,Dépendance,0,0,102,2022
255000,78410,AUBERGENVILLE,78,Maison,51,3,764,2022
255000,78410,AUBERGENVILLE,78,Dépendance,0,0,764,2022
337670,78610,PERRAY-EN-YVELINES (LE),78,Maison,83,5,395,2022
185500,78711,MANTES-LA-VILLE,78,Maison,90,4,328,2022
275000,78650,BEYNES,78,Maison,78,4,235,2022
110000,78270,LIMETZ-VILLEZ,78,Maison,85,5,50,2022
1381178,78420,CARRIERES SUR SEINE,78,Maison,131,7,556,2022
1381178,78420,CARRIERES SUR SEINE,78,Dépendance,0,0,556,2022
1381178,78420,CARRIERES SUR SEINE,78,Maison,131,7,500,2022
1381178,78420,CARRIERES SUR SEINE,78,Dépendance,0,0,500,2022
555000,78630,ORGEVAL,78,Maison,148,6,1069,2022
195000,78270,BENNECOURT,78,Maison,60,2,241,2022
195000,78270,BENNECOURT,78,Dépendance,0,0,241,2022
120000,78440,PORCHEVILLE,78,Maison,32,1,86,2022
696000,78400,CHATOU,78,Maison,88,4,494,2022
787850,78140,VELIZY VILLACOUBLAY,78,Maison,107,5,421,2022
800000,78220,VIROFLAY,78,Maison,112,5,435,2022
766000,78630,ORGEVAL,78,Maison,116,4,500,2022
1115500,78600,MAISONS-LAFFITTE,78,Maison,110,4,390,2022
1080000,78400,CHATOU,78,Maison,212,4,307,2022
1080000,78400,CHATOU,78,Maison,212,4,510,2022
245000,78250,GAILLON SUR MONTCIENT,78,Maison,70,4,64,2022
518000,78300,POISSY,78,Maison,84,5,128,2022
518000,78300,POISSY,78,Dépendance,0,0,258,2022
192000,78125,POIGNY-LA-FORET,78,Dépendance,0,0,500,2022
192000,78125,POIGNY-LA-FORET,78,Dépendance,0,0,701,2022
192000,78125,POIGNY-LA-FORET,78,Maison,157,3,701,2022
192000,78125,POIGNY-LA-FORET,78,Maison,157,3,500,2022
480000,78117,CHATEAUFORT,78,Maison,120,4,284,2022
900000,78400,CHATOU,78,Local industriel. commercial ou assimilé,100,0,122,2022
321000,78711,MANTES-LA-VILLE,78,Maison,74,4,247,2022
321000,78711,MANTES-LA-VILLE,78,Dépendance,0,0,247,2022
280000,78490,GALLUIS,78,Maison,75,3,237,2022
219000,78930,AUFFREVILLE-BRASSEUIL,78,Dépendance,0,0,190,2022
219000,78930,AUFFREVILLE-BRASSEUIL,78,Maison,80,4,190,2022
533500,78480,VERNEUIL SUR SEINE,78,Maison,119,4,966,2022
884500,78600,MESNIL-LE-ROI (LE),78,Dépendance,0,0,483,2022
884500,78600,MESNIL-LE-ROI (LE),78,Maison,106,4,483,2022
1200000,78290,CROISSY SUR SEINE,78,Local industriel. commercial ou assimilé,587,0,1066,2022
331000,78920,ECQUEVILLY,78,Maison,91,4,346,2022
500000,78680,EPONE,78,Local industriel. commercial ou assimilé,10,0,500,2022
500000,78680,EPONE,78,Maison,170,5,500,2022
339000,78510,TRIEL SUR SEINE,78,Maison,96,5,123,2022
318000,78680,EPONE,78,Maison,107,5,354,2022
555910,78370,PLAISIR,78,Maison,117,5,806,2022
666000,78800,HOUILLES,78,Dépendance,0,0,334,2022
666000,78800,HOUILLES,78,Maison,117,5,334,2022
439700,78480,VERNEUIL SUR SEINE,78,Maison,100,4,494,2022
785000,78960,VOISINS-LE-BRETONNEUX,78,Local industriel. commercial ou assimilé,40,0,441,2022
785000,78960,VOISINS-LE-BRETONNEUX,78,Maison,172,5,441,2022
261000,78730,SAINT-ARNOULT-EN-YVELINES,78,Maison,92,4,712,2022
440000,78390,BOIS D ARCY,78,Maison,154,5,530,2022
207000,78730,SAINT-ARNOULT-EN-YVELINES,78,Maison,65,3,560,2022
207000,78730,SAINT-ARNOULT-EN-YVELINES,78,Dépendance,0,0,560,2022
627000,78280,GUYANCOURT,78,Maison,135,5,401,2022
610000,78360,MONTESSON,78,Maison,120,4,377,2022
1090600,78220,VIROFLAY,78,Maison,120,4,402,2022
555180,78480,VERNEUIL SUR SEINE,78,Maison,129,6,406,2022
394250,78480,VERNEUIL SUR SEINE,78,Maison,110,6,344,2022
1038000,78600,MESNIL-LE-ROI (LE),78,Maison,120,6,342,2022
225000,78955,CARRIERES SOUS POISSY,78,Maison,79,4,106,2022
225000,78955,CARRIERES SOUS POISSY,78,Dépendance,0,0,14,2022
337000,78510,TRIEL SUR SEINE,78,Maison,81,4,181,2022
565000,78500,SARTROUVILLE,78,Maison,140,7,272,2022
483000,78800,HOUILLES,78,Maison,60,3,222,2022
530000,78125,POIGNY-LA-FORET,78,Maison,152,5,740,2022
530000,78125,POIGNY-LA-FORET,78,Maison,152,5,1000,2022
165000,78910,ORVILLIERS,78,Maison,42,2,197,2022
530000,78100,SAINT-GERMAIN-EN-LAYE,78,Maison,61,3,259,2022
530000,78100,SAINT-GERMAIN-EN-LAYE,78,Dépendance,0,0,259,2022
278000,78200,MANTES-LA-JOLIE,78,Maison,74,4,400,2022
278000,78200,MANTES-LA-JOLIE,78,Local industriel. commercial ou assimilé,0,0,400,2022
358000,78410,AUBERGENVILLE,78,Maison,66,3,369,2022
462003,78440,DROCOURT,78,Dépendance,0,0,1000,2022
462003,78440,DROCOURT,78,Maison,152,5,1000,2022
462003,78440,DROCOURT,78,Dépendance,0,0,278,2022
462003,78440,DROCOURT,78,Maison,152,5,278,2022
688000,78800,HOUILLES,78,Maison,75,3,178,2022
688000,78800,HOUILLES,78,Dépendance,0,0,178,2022
862300,78590,NOISY LE ROI,78,Maison,138,5,491,2022
478350,78890,GARANCIERES,78,Dépendance,0,0,560,2022
478350,78890,GARANCIERES,78,Maison,157,6,1000,2022
478350,78890,GARANCIERES,78,Maison,157,6,560,2022
478350,78890,GARANCIERES,78,Dépendance,0,0,1000,2022
427200,78260,ACHERES,78,Maison,94,5,339,2022
305000,78450,VILLEPREUX,78,Maison,76,4,126,2022
291200,78120,RAMBOUILLET,78,Maison,60,3,179,2022
291200,78120,RAMBOUILLET,78,Dépendance,0,0,13,2022
926285,78150,LE CHESNAY-ROCQUENCOURT,78,Maison,116,6,349,2022
483100,78450,VILLEPREUX,78,Dépendance,0,0,26,2022
483100,78450,VILLEPREUX,78,Maison,95,6,408,2022
679000,78113,BOURDONNE,78,Maison,128,3,371,2022
679000,78113,BOURDONNE,78,Dépendance,0,0,371,2022
284000,78130,MUREAUX (LES),78,Maison,106,5,764,2022
1050000,78340,CLAYES-SOUS-BOIS (LES),78,Local industriel. commercial ou assimilé,100,0,800,2022
1050000,78340,CLAYES-SOUS-BOIS (LES),78,Maison,374,8,800,2022
330000,78520,LIMAY,78,Maison,85,3,666,2022
430000,78700,CONFLANS SAINTE HONORINE,78,Maison,70,4,454,2022
380000,78370,PLAISIR,78,Maison,93,5,116,2022
200000,78860,SAINT-NOM-LA-BRETECHE,78,Maison,191,7,500,2022
200000,78860,SAINT-NOM-LA-BRETECHE,78,Dépendance,0,0,696,2022
200000,78860,SAINT-NOM-LA-BRETECHE,78,Dépendance,0,0,500,2022
200000,78860,SAINT-NOM-LA-BRETECHE,78,Maison,191,7,696,2022
319000,78310,MAUREPAS,78,Maison,110,6,88,2022
230000,78120,SONCHAMP,78,Dépendance,0,0,388,2022
230000,78120,SONCHAMP,78,Maison,56,3,388,2022
230000,78120,SONCHAMP,78,Maison,20,2,18,2022
352000,78510,TRIEL SUR SEINE,78,Maison,93,4,177,2022
946730,78170,CELLE-SAINT-CLOUD (LA),78,Maison,173,7,742,2022
370320,78410,BOUAFLE,78,Maison,123,8,179,2022
370320,78410,BOUAFLE,78,Appartement,42,2,179,2022
222000,78270,MOUSSEAUX-SUR-SEINE,78,Maison,60,3,261,2022
780000,78500,SARTROUVILLE,78,Maison,136,5,331,2022
430000,78800,HOUILLES,78,Dépendance,0,0,301,2022
430000,78800,HOUILLES,78,Maison,78,5,301,2022
612800,78800,HOUILLES,78,Maison,96,5,173,2022
12383702,78100,SAINT-GERMAIN-EN-LAYE,78,Dépendance,0,0,1485,2022
12383702,78100,SAINT-GERMAIN-EN-LAYE,78,Local industriel. commercial ou assimilé,599,0,1485,2022
12383702,78100,SAINT-GERMAIN-EN-LAYE,78,Appartement,187,5,1485,2022
12383702,78100,SAINT-GERMAIN-EN-LAYE,78,Appartement,247,7,1485,2022
190000,78200,MAGNANVILLE,78,Dépendance,0,0,430,2022
190000,78200,MAGNANVILLE,78,Maison,93,5,430,2022
515000,78800,HOUILLES,78,Maison,96,4,560,2022
515000,78800,HOUILLES,78,Dépendance,0,0,560,2022
456000,78470,SAINT-REMY-LES-CHEVREUSE,78,Maison,85,3,297,2022
315000,78730,SAINT-ARNOULT-EN-YVELINES,78,Appartement,98,4,150,2022
540000,78570,ANDRESY,78,Maison,90,4,902,2022
555438,78500,SARTROUVILLE,78,Maison,90,5,252,2022
555438,78500,SARTROUVILLE,78,Dépendance,0,0,252,2022
196000,78270,LOMMOYE,78,Maison,80,3,500,2022
196000,78270,LOMMOYE,78,Maison,80,3,483,2022
303000,78310,MAUREPAS,78,Maison,98,4,162,2022
22000,78310,MAUREPAS,78,Dépendance,0,0,61,2022
719290,78400,CHATOU,78,Maison,84,5,132,2022
296633,78410,BOUAFLE,78,Dépendance,0,0,197,2022
296633,78410,BOUAFLE,78,Maison,67,5,197,2022
370000,78270,MOUSSEAUX-SUR-SEINE,78,Dépendance,0,0,500,2022
370000,78270,MOUSSEAUX-SUR-SEINE,78,Maison,151,6,500,2022
370000,78270,MOUSSEAUX-SUR-SEINE,78,Dépendance,0,0,470,2022
370000,78270,MOUSSEAUX-SUR-SEINE,78,Maison,151,6,470,2022
255000,78200,MANTES-LA-JOLIE,78,Maison,88,3,305,2022
255000,78200,MANTES-LA-JOLIE,78,Maison,88,3,700,2022
1490000,78110,VESINET (LE),78,Maison,125,6,622,2022
1490000,78110,VESINET (LE),78,Dépendance,0,0,622,2022
1490000,78110,VESINET (LE),78,Maison,125,6,87,2022
1490000,78110,VESINET (LE),78,Dépendance,0,0,87,2022
340000,78320,VERRIERE (LA),78,Maison,63,4,453,2022
451017,78830,BONNELLES,78,Maison,100,4,600,2022
451017,78830,BONNELLES,78,Maison,100,4,450,2022
315700,78520,FOLLAINVILLE-DENNEMONT,78,Maison,100,4,75,2022
651500,78800,HOUILLES,78,Maison,136,4,189,2022
651500,78800,HOUILLES,78,Dépendance,0,0,189,2022
764280,78720,DAMPIERRE-EN-YVELINES,78,Dépendance,0,0,554,2022
764280,78720,DAMPIERRE-EN-YVELINES,78,Maison,208,8,554,2022
537800,78470,SAINT-LAMBERT-DES-BOIS,78,Maison,96,5,461,2022
537800,78470,SAINT-LAMBERT-DES-BOIS,78,Maison,96,5,900,2022
275000,78130,MUREAUX (LES),78,Maison,117,4,712,2022
550000,78124,MAREIL-SUR-MAULDRE,78,Maison,150,6,599,2022
417700,78320,MESNIL-SAINT-DENIS (LE),78,Maison,70,2,505,2022
305000,78670,MEDAN,78,Maison,45,2,385,2022
305000,78670,MEDAN,78,Maison,31,2,385,2022
1480000,78290,CROISSY SUR SEINE,78,Maison,222,11,164,2022
245000,78570,CHANTELOUP-LES-VIGNES,78,Maison,54,3,541,2022
683700,78230,PECQ (LE),78,Maison,120,5,468,2022
879000,78860,SAINT-NOM-LA-BRETECHE,78,Maison,140,7,1006,2022
243000,78980,BREVAL,78,Maison,73,4,500,2022
243000,78980,BREVAL,78,Maison,73,4,704,2022
293500,78790,SEPTEUIL,78,Maison,109,5,98,2022
293500,78790,SEPTEUIL,78,Dépendance,0,0,98,2022
750000,78125,HERMERAY,78,Maison,57,3,964,2022
750000,78125,HERMERAY,78,Dépendance,0,0,964,2022
750000,78125,HERMERAY,78,Maison,190,5,964,2022
112000,78400,CHATOU,78,Maison,35,2,174,2022
112000,78400,CHATOU,78,Dépendance,0,0,174,2022
498661,78440,FONTENAY-SAINT-PERE,78,Maison,206,5,500,2022
498661,78440,FONTENAY-SAINT-PERE,78,Maison,206,5,731,2022
750000,78000,VERSAILLES,78,Local industriel. commercial ou assimilé,132,0,343,2022
625000,78970,MEZIERES-SUR-SEINE,78,Maison,160,6,512,2022
625000,78970,MEZIERES-SUR-SEINE,78,Dépendance,0,0,512,2022
919280,78360,MONTESSON,78,Maison,140,6,221,2022
500000,78690,ESSARTS-LE-ROI (LES),78,Appartement,60,4,758,2022
500000,78690,ESSARTS-LE-ROI (LES),78,Appartement,105,6,758,2022
500000,78690,ESSARTS-LE-ROI (LES),78,Appartement,10,1,758,2022
500000,78690,ESSARTS-LE-ROI (LES),78,Appartement,48,3,758,2022
500000,78690,ESSARTS-LE-ROI (LES),78,Maison,80,4,758,2022
500000,78690,ESSARTS-LE-ROI (LES),78,Dépendance,0,0,758,2022
500000,78690,ESSARTS-LE-ROI (LES),78,Local industriel. commercial ou assimilé,35,0,758,2022
210000,78711,MANTES-LA-VILLE,78,Maison,99,5,251,2022
341200,78990,ELANCOURT,78,Maison,100,4,153,2022
135000,78910,ORGERUS,78,Dépendance,0,0,427,2022
337600,78320,MESNIL-SAINT-DENIS (LE),78,Maison,123,5,325,2022
717224,78390,BOIS D ARCY,78,Dépendance,0,0,559,2022
717224,78390,BOIS D ARCY,78,Maison,146,5,559,2022
333900,78200,MAGNANVILLE,78,Dépendance,0,0,794,2022
333900,78200,MAGNANVILLE,78,Maison,96,5,794,2022
663920,78670,VILLENNES-SUR-SEINE,78,Maison,115,4,152,2022
210000,78270,ROLLEBOISE,78,Maison,60,3,68,2022
1566000,78100,SAINT-GERMAIN-EN-LAYE,78,Maison,166,5,251,2022
857300,78420,CARRIERES SUR SEINE,78,Maison,125,5,504,2022
550900,78280,GUYANCOURT,78,Maison,145,7,258,2022
530000,78260,ACHERES,78,Maison,134,7,500,2022
355000,78990,ELANCOURT,78,Maison,72,3,399,2022
210000,78520,LIMAY,78,Maison,88,5,459,2022
235400,78440,MONTALET-LE-BOIS,78,Local industriel. commercial ou assimilé,456,0,992,2022
187500,78910,ORGERUS,78,Maison,53,3,157,2022
30000,78270,GOMMECOURT,78,Local industriel. commercial ou assimilé,0,0,170,2022
303000,78440,ISSOU,78,Maison,119,5,298,2022
258000,78520,LIMAY,78,Maison,112,5,251,2022
650000,78960,VOISINS-LE-BRETONNEUX,78,Maison,131,5,403,2022
2125350,78000,VERSAILLES,78,Maison,120,7,283,2022
483000,78570,ANDRESY,78,Dépendance,0,0,918,2022
483000,78570,ANDRESY,78,Maison,75,3,918,2022
447000,78550,MAULETTE,78,Maison,125,4,755,2022
447000,78550,MAULETTE,78,Maison,125,4,500,2022
432692,78630,MORAINVILLIERS,78,Dépendance,0,0,500,2022
432692,78630,MORAINVILLIERS,78,Dépendance,0,0,310,2022
432692,78630,MORAINVILLIERS,78,Maison,76,4,310,2022
432692,78630,MORAINVILLIERS,78,Maison,76,4,500,2022
265000,78520,LIMAY,78,Maison,74,5,384,2022
295000,78570,CHANTELOUP-LES-VIGNES,78,Maison,80,4,205,2022
285900,78440,ISSOU,78,Maison,98,5,270,2022
343000,78180,MONTIGNY LE BRETONNEUX,78,Maison,104,4,49,2022
500000,78114,MAGNY-LES-HAMEAUX,78,Maison,163,5,828,2022
489000,78960,VOISINS-LE-BRETONNEUX,78,Maison,116,5,298,2022
1250000,78200,MANTES-LA-JOLIE,78,Local industriel. commercial ou assimilé,105,0,2177,2022
1250000,78200,MANTES-LA-JOLIE,78,Local industriel. commercial ou assimilé,91,0,2177,2022
1250000,78200,MANTES-LA-JOLIE,78,Local industriel. commercial ou assimilé,104,0,2177,2022
1250000,78200,MANTES-LA-JOLIE,78,Local industriel. commercial ou assimilé,89,0,2177,2022
708930,78230,PECQ (LE),78,Maison,96,5,227,2022
727000,78290,CROISSY SUR SEINE,78,Maison,100,4,210,2022
727000,78290,CROISSY SUR SEINE,78,Dépendance,0,0,210,2022
415200,78125,ORPHIN,78,Maison,140,5,112,2022
415200,78125,ORPHIN,78,Maison,140,5,1138,2022
415200,78125,ORPHIN,78,Maison,35,2,1138,2022
415200,78125,ORPHIN,78,Maison,35,2,112,2022
120000,78120,SONCHAMP,78,Maison,68,3,2132,2022
368700,78660,PRUNAY-EN-YVELINES,78,Maison,116,6,884,2022
780000,78200,MANTES-LA-JOLIE,78,Dépendance,0,0,1200,2022
780000,78200,MANTES-LA-JOLIE,78,Maison,200,7,1200,2022
355000,78370,PLAISIR,78,Maison,95,4,165,2022
1270810,78750,MAREIL-MARLY,78,Maison,156,6,707,2022
920000,78170,CELLE-SAINT-CLOUD (LA),78,Maison,140,5,473,2022
554532,78370,PLAISIR,78,Maison,142,5,80,2022
554532,78370,PLAISIR,78,Maison,142,5,857,2022
460790,78850,THIVERVAL-GRIGNON,78,Maison,176,6,905,2022
357261,78130,MUREAUX (LES),78,Maison,104,5,394,2022
327000,78410,AUBERGENVILLE,78,Maison,79,4,315,2022
419000,78410,AUBERGENVILLE,78,Maison,126,4,511,2022
345840,78440,GARGENVILLE,78,Maison,104,6,446,2022
960000,78590,NOISY LE ROI,78,Maison,190,6,800,2022
320500,78113,CONDE-SUR-VESGRE,78,Dépendance,0,0,500,2022
320500,78113,CONDE-SUR-VESGRE,78,Dépendance,0,0,758,2022
320500,78113,CONDE-SUR-VESGRE,78,Maison,91,4,758,2022
320500,78113,CONDE-SUR-VESGRE,78,Maison,91,4,500,2022
905000,78100,SAINT-GERMAIN-EN-LAYE,78,Maison,139,5,396,2022
243250,78190,TRAPPES,78,Maison,88,4,109,2022
300000,78125,HERMERAY,78,Maison,98,4,895,2022
105000,78440,FONTENAY-SAINT-PERE,78,Dépendance,0,0,112,2022
105000,78440,FONTENAY-SAINT-PERE,78,Maison,120,6,112,2022
428000,78410,AUBERGENVILLE,78,Maison,146,5,585,2022
1700000,78100,SAINT-GERMAIN-EN-LAYE,78,Dépendance,0,0,504,2022
1700000,78100,SAINT-GERMAIN-EN-LAYE,78,Maison,241,7,504,2022
800000,78290,CROISSY SUR SEINE,78,Maison,69,4,420,2022
549000,78700,CONFLANS SAINTE HONORINE,78,Maison,88,5,432,2022
381000,78700,CONFLANS SAINTE HONORINE,78,Maison,83,4,658,2022
1380000,78970,MEZIERES-SUR-SEINE,78,Maison,40,3,238,2022
1380000,78970,MEZIERES-SUR-SEINE,78,Dépendance,0,0,238,2022
680000,78430,LOUVECIENNES,78,Maison,132,5,800,2022
590000,78970,MEZIERES-SUR-SEINE,78,Maison,158,5,180,2022
515000,78740,VAUX-SUR-SEINE,78,Maison,150,4,500,2022
515000,78740,VAUX-SUR-SEINE,78,Maison,150,4,276,2022
339000,78520,LIMAY,78,Maison,132,6,336,2022
660400,78800,HOUILLES,78,Maison,112,4,287,2022
470000,78210,SAINT-CYR-L ECOLE,78,Maison,61,3,459,2022
540000,78970,MEZIERES-SUR-SEINE,78,Local industriel. commercial ou assimilé,82,0,489,2022
540000,78970,MEZIERES-SUR-SEINE,78,Maison,183,4,489,2022
319400,78550,BAZAINVILLE,78,Maison,103,5,939,2022
700000,78970,MEZIERES-SUR-SEINE,78,Maison,70,4,366,2022
700000,78970,MEZIERES-SUR-SEINE,78,Local industriel. commercial ou assimilé,39,0,366,2022
700000,78970,MEZIERES-SUR-SEINE,78,Dépendance,0,0,366,2022
545000,78230,PECQ (LE),78,Maison,46,3,384,2022
262800,78270,BONNIERES-SUR-SEINE,78,Maison,87,6,460,2022
280000,78270,MERICOURT,78,Maison,125,5,615,2022
213000,78980,BREVAL,78,Maison,68,2,600,2022
1151600,78170,CELLE-SAINT-CLOUD (LA),78,Maison,185,6,295,2022
1151600,78170,CELLE-SAINT-CLOUD (LA),78,Dépendance,0,0,295,2022
605970,78960,VOISINS-LE-BRETONNEUX,78,Maison,140,6,317,2022
10000,78670,MEDAN,78,Dépendance,0,0,68,2022
10000,78670,MEDAN,78,Dépendance,0,0,72,2022
403000,78740,EVECQUEMONT,78,Maison,80,4,674,2022
405000,78114,MAGNY-LES-HAMEAUX,78,Maison,90,4,222,2022
325540,78250,MEZY-SUR-SEINE,78,Maison,87,5,1122,2022
505055,78580,BAZEMONT,78,Maison,112,6,821,2022
498890,78760,JOUARS-PONTCHARTRAIN,78,Maison,120,4,140,2022
420000,78510,TRIEL SUR SEINE,78,Maison,115,4,615,2022
505000,78600,MAISONS-LAFFITTE,78,Dépendance,0,0,82,2022
505000,78600,MAISONS-LAFFITTE,78,Appartement,46,2,82,2022
505000,78600,MAISONS-LAFFITTE,78,Appartement,40,2,82,2022
505000,78600,MAISONS-LAFFITTE,78,Appartement,28,1,82,2022
168000,78270,MERICOURT,78,Maison,42,2,186,2022
200000,78700,CONFLANS SAINTE HONORINE,78,Maison,70,2,268,2022
200000,78700,CONFLANS SAINTE HONORINE,78,Dépendance,0,0,268,2022
1295480,78600,MESNIL-LE-ROI (LE),78,Maison,112,5,264,2022
850000,78860,SAINT-NOM-LA-BRETECHE,78,Maison,152,6,674,2022
850000,78860,SAINT-NOM-LA-BRETECHE,78,Maison,152,6,600,2022
155000,78840,FRENEUSE,78,Maison,84,4,285,2022
418000,78200,BOINVILLIERS,78,Maison,164,5,500,2022
370000,78500,SARTROUVILLE,78,Maison,90,5,319,2022
500000,78550,MAULETTE,78,Maison,121,5,700,2022
955000,78000,VERSAILLES,78,Maison,105,6,97,2022
432500,78500,SARTROUVILLE,78,Maison,65,4,232,2022
280000,78270,BONNIERES-SUR-SEINE,78,Maison,78,3,480,2022
280000,78270,BONNIERES-SUR-SEINE,78,Dépendance,0,0,480,2022
296000,78520,LIMAY,78,Maison,97,5,539,2022
280000,78550,HOUDAN,78,Maison,92,4,50,2022
650000,78360,MONTESSON,78,Maison,128,5,372,2022
1010000,78630,ORGEVAL,78,Maison,190,6,500,2022
1010000,78630,ORGEVAL,78,Maison,190,6,748,2022
632700,78360,MONTESSON,78,Maison,35,2,118,2022
632700,78360,MONTESSON,78,Dépendance,0,0,118,2022
225000,78470,SAINT-REMY-LES-CHEVREUSE,78,Appartement,30,2,193,2022
225000,78470,SAINT-REMY-LES-CHEVREUSE,78,Dépendance,0,0,193,2022
225000,78470,SAINT-REMY-LES-CHEVREUSE,78,Appartement,9,1,193,2022
358000,78450,VILLEPREUX,78,Maison,95,5,270,2022
244000,78730,LONGVILLIERS,78,Maison,84,4,731,2022
960000,78000,VERSAILLES,78,Maison,74,5,469,2022
278040,78520,LIMAY,78,Maison,99,7,419,2022
2688000,78000,VERSAILLES,78,Dépendance,0,0,262,2022
2688000,78000,VERSAILLES,78,Maison,260,10,696,2022
2688000,78000,VERSAILLES,78,Dépendance,0,0,696,2022
2688000,78000,VERSAILLES,78,Maison,260,10,262,2022
510000,78970,MEZIERES-SUR-SEINE,78,Dépendance,0,0,620,2022
510000,78970,MEZIERES-SUR-SEINE,78,Maison,130,4,620,2022
486500,78125,HERMERAY,78,Maison,150,5,500,2022
486500,78125,HERMERAY,78,Maison,18,1,500,2022
486500,78125,HERMERAY,78,Maison,18,1,549,2022
486500,78125,HERMERAY,78,Maison,150,5,549,2022
325000,78120,SONCHAMP,78,Maison,128,5,67,2022
325000,78120,SONCHAMP,78,Maison,128,5,850,2022
592000,78250,MEZY-SUR-SEINE,78,Maison,211,7,500,2022
592000,78250,MEZY-SUR-SEINE,78,Maison,211,7,709,2022
420000,78114,MAGNY-LES-HAMEAUX,78,Maison,135,4,472,2022
360000,78770,MARCQ,78,Dépendance,0,0,345,2022
360000,78770,MARCQ,78,Maison,73,3,345,2022
123000,78710,ROSNY-SUR-SEINE,78,Maison,69,1,500,2022
123000,78710,ROSNY-SUR-SEINE,78,Maison,69,1,391,2022
185000,78820,JUZIERS,78,Maison,74,4,244,2022
185000,78820,JUZIERS,78,Dépendance,0,0,244,2022
415000,78810,FEUCHEROLLES,78,Local industriel. commercial ou assimilé,300,0,284,2022
415000,78810,FEUCHEROLLES,78,Dépendance,0,0,284,2022
415000,78810,FEUCHEROLLES,78,Maison,95,5,284,2022
430000,78500,SARTROUVILLE,78,Maison,100,4,349,2022
262000,78440,PORCHEVILLE,78,Maison,78,4,412,2022
776700,78160,MARLY-LE-ROI,78,Dépendance,0,0,372,2022
776700,78160,MARLY-LE-ROI,78,Maison,75,4,372,2022
441600,78610,PERRAY-EN-YVELINES (LE),78,Maison,123,6,800,2022
248000,78410,NEZEL,78,Maison,64,4,585,2022
315000,78690,ESSARTS-LE-ROI (LES),78,Maison,63,3,300,2022
589300,78450,VILLEPREUX,78,Dépendance,0,0,443,2022
589300,78450,VILLEPREUX,78,Maison,116,5,443,2022
600000,78690,ESSARTS-LE-ROI (LES),78,Maison,179,7,250,2022
600000,78690,ESSARTS-LE-ROI (LES),78,Maison,179,7,563,2022
562000,78230,PECQ (LE),78,Maison,74,4,346,2022
562000,78230,PECQ (LE),78,Dépendance,0,0,346,2022
429800,78955,CARRIERES SOUS POISSY,78,Appartement,43,3,579,2022
429800,78955,CARRIERES SOUS POISSY,78,Appartement,70,3,579,2022
429800,78955,CARRIERES SOUS POISSY,78,Dépendance,0,0,579,2022
617500,78125,SAINT-HILARION,78,Local industriel. commercial ou assimilé,10,0,1000,2022
617500,78125,SAINT-HILARION,78,Maison,169,4,1000,2022
1032000,78400,CHATOU,78,Maison,122,7,417,2022
1032000,78400,CHATOU,78,Dépendance,0,0,417,2022
850000,78125,HERMERAY,78,Maison,146,4,752,2022
285167,78114,MAGNY-LES-HAMEAUX,78,Maison,90,3,205,2022
702500,78860,SAINT-NOM-LA-BRETECHE,78,Maison,137,5,948,2022
1150000,78000,VERSAILLES,78,Dépendance,0,0,242,2022
1150000,78000,VERSAILLES,78,Maison,86,4,242,2022
356000,78700,CONFLANS SAINTE HONORINE,78,Dépendance,0,0,393,2022
356000,78700,CONFLANS SAINTE HONORINE,78,Maison,72,5,393,2022
545000,78320,MESNIL-SAINT-DENIS (LE),78,Maison,115,5,1300,2022
545000,78320,MESNIL-SAINT-DENIS (LE),78,Dépendance,0,0,442,2022
545000,78320,MESNIL-SAINT-DENIS (LE),78,Dépendance,0,0,1300,2022
545000,78320,MESNIL-SAINT-DENIS (LE),78,Maison,115,5,442,2022
365000,78570,CHANTELOUP-LES-VIGNES,78,Maison,106,4,16,2022
431000,78580,MAULE,78,Maison,101,5,406,2022
650000,78230,PECQ (LE),78,Maison,55,3,149,2022
470000,78360,MONTESSON,78,Maison,55,3,103,2022
220000,78126,AULNAY-SUR-MAULDRE,78,Maison,73,4,1770,2022
220000,78126,AULNAY-SUR-MAULDRE,78,Maison,73,4,500,2022
380000,78980,LONGNES,78,Maison,150,5,1075,2022
380000,78980,LONGNES,78,Dépendance,0,0,1075,2022
286000,78190,TRAPPES,78,Maison,83,5,350,2022
421000,78960,VOISINS-LE-BRETONNEUX,78,Dépendance,0,0,12,2022
421000,78960,VOISINS-LE-BRETONNEUX,78,Maison,81,4,197,2022
480000,78690,ESSARTS-LE-ROI (LES),78,Maison,158,6,650,2022
840000,78280,GUYANCOURT,78,Maison,100,4,707,2022
840000,78280,GUYANCOURT,78,Maison,100,4,600,2022
310000,78700,CONFLANS SAINTE HONORINE,78,Maison,71,3,500,2022
617500,78000,VERSAILLES,78,Maison,90,4,162,2022
500000,78630,ORGEVAL,78,Maison,185,6,500,2022
500000,78630,ORGEVAL,78,Maison,185,6,343,2022
500000,78630,ORGEVAL,78,Dépendance,0,0,500,2022
500000,78630,ORGEVAL,78,Dépendance,0,0,343,2022
363000,78190,TRAPPES,78,Maison,85,5,680,2022
342600,78990,ELANCOURT,78,Maison,80,4,189,2022
331500,78270,BENNECOURT,78,Maison,125,7,357,2022
569500,78960,VOISINS-LE-BRETONNEUX,78,Maison,125,5,660,2022
415000,78120,RAMBOUILLET,78,Maison,116,5,418,2022
311610,78990,ELANCOURT,78,Maison,95,4,111,2022
462000,78440,GARGENVILLE,78,Maison,152,9,1000,2022
462000,78440,GARGENVILLE,78,Dépendance,0,0,1000,2022
462000,78440,GARGENVILLE,78,Maison,152,9,845,2022
462000,78440,GARGENVILLE,78,Dépendance,0,0,845,2022
215000,78360,MONTESSON,78,Appartement,45,2,83,2022
215000,78360,MONTESSON,78,Maison,78,3,83,2022
215000,78360,MONTESSON,78,Dépendance,0,0,83,2022
215000,78360,MONTESSON,78,Maison,90,3,83,2022
329000,78700,CONFLANS SAINTE HONORINE,78,Maison,78,4,1020,2022
510000,78700,CONFLANS SAINTE HONORINE,78,Maison,121,6,310,2022
1847600,78400,CHATOU,78,Dépendance,0,0,111,2022
1847600,78400,CHATOU,78,Maison,150,6,702,2022
1847600,78400,CHATOU,78,Maison,150,6,111,2022
1847600,78400,CHATOU,78,Dépendance,0,0,702,2022
1222910,78112,SAINT-GERMAIN-EN-LAYE,78,Maison,164,5,650,2022
335000,78960,VOISINS-LE-BRETONNEUX,78,Maison,93,5,96,2022
335000,78960,VOISINS-LE-BRETONNEUX,78,Dépendance,0,0,96,2022
370000,78770,MARCQ,78,Maison,141,6,500,2022
370000,78770,MARCQ,78,Maison,141,6,795,2022
455100,78490,MERE,78,Dépendance,0,0,144,2022
455100,78490,MERE,78,Dépendance,0,0,700,2022
455100,78490,MERE,78,Maison,85,4,700,2022
455100,78490,MERE,78,Maison,85,4,144,2022
300000,78610,PERRAY-EN-YVELINES (LE),78,Maison,68,4,675,2022
390000,78970,MEZIERES-SUR-SEINE,78,Maison,85,3,500,2022
390000,78970,MEZIERES-SUR-SEINE,78,Maison,85,3,203,2022
577400,78760,JOUARS-PONTCHARTRAIN,78,Maison,118,5,641,2022
220000,78420,CARRIERES SUR SEINE,78,Maison,41,0,2995,2022
220000,78420,CARRIERES SUR SEINE,78,Maison,361,8,2995,2022
220000,78420,CARRIERES SUR SEINE,78,Dépendance,0,0,2995,2022
370000,78930,AUFFREVILLE-BRASSEUIL,78,Dépendance,0,0,1193,2022
370000,78930,AUFFREVILLE-BRASSEUIL,78,Maison,134,5,2058,2022
370000,78930,AUFFREVILLE-BRASSEUIL,78,Dépendance,0,0,2058,2022
370000,78930,AUFFREVILLE-BRASSEUIL,78,Maison,134,5,1193,2022
940000,78750,MAREIL-MARLY,78,Maison,155,7,450,2022
725000,78500,SARTROUVILLE,78,Dépendance,0,0,302,2022
725000,78500,SARTROUVILLE,78,Maison,120,5,302,2022
370000,78480,VERNEUIL SUR SEINE,78,Maison,56,3,360,2022
680000,78590,NOISY LE ROI,78,Maison,156,5,173,2022
254900,78830,BONNELLES,78,Dépendance,0,0,262,2022
254900,78830,BONNELLES,78,Maison,39,3,262,2022
3600000,78000,VERSAILLES,78,Local industriel. commercial ou assimilé,414,0,396,2022
3600000,78000,VERSAILLES,78,Appartement,24,1,396,2022
754420,78580,MAULE,78,Maison,206,7,941,2022
414500,78125,HERMERAY,78,Maison,132,6,113,2022
351905,78120,RAMBOUILLET,78,Maison,90,5,552,2022
230000,78910,ORGERUS,78,Maison,80,3,615,2022
230000,78910,ORGERUS,78,Dépendance,0,0,615,2022
431600,78360,MONTESSON,78,Maison,130,6,200,2022
887600,78590,NOISY LE ROI,78,Maison,207,7,900,2022
1330000,78810,FEUCHEROLLES,78,Maison,206,6,500,2022
1330000,78810,FEUCHEROLLES,78,Maison,206,6,884,2022
480000,78360,MONTESSON,78,Maison,72,4,279,2022
673620,78711,MANTES-LA-VILLE,78,Maison,109,5,770,2022
705000,78220,VIROFLAY,78,Maison,124,5,320,2022
705000,78220,VIROFLAY,78,Dépendance,0,0,320,2022
881500,78940,QUEUE-LES-YVELINES (LA),78,Dépendance,0,0,705,2022
881500,78940,QUEUE-LES-YVELINES (LA),78,Maison,210,3,705,2022
185450,78680,EPONE,78,Maison,65,3,65,2022
313000,78130,CHAPET,78,Dépendance,0,0,650,2022
313000,78130,CHAPET,78,Maison,100,4,650,2022
886914,78810,FEUCHEROLLES,78,Maison,130,5,796,2022
426000,78950,GAMBAIS,78,Dépendance,0,0,500,2022
426000,78950,GAMBAIS,78,Dépendance,0,0,2000,2022
426000,78950,GAMBAIS,78,Maison,80,4,2000,2022
426000,78950,GAMBAIS,78,Maison,80,4,1468,2022
426000,78950,GAMBAIS,78,Maison,80,4,500,2022
426000,78950,GAMBAIS,78,Dépendance,0,0,1468,2022
570000,78700,CONFLANS SAINTE HONORINE,78,Maison,132,5,308,2022
152500,78740,VAUX-SUR-SEINE,78,Maison,180,5,563,2022
315000,78510,TRIEL SUR SEINE,78,Maison,97,5,107,2022
577000,78420,CARRIERES SUR SEINE,78,Maison,80,5,128,2022
141519,78250,MEZY-SUR-SEINE,78,Maison,122,6,543,2022
141519,78250,MEZY-SUR-SEINE,78,Maison,122,6,500,2022
490000,78310,MAUREPAS,78,Maison,172,7,681,2022
354400,78990,ELANCOURT,78,Maison,96,4,459,2022
399000,78955,CARRIERES SOUS POISSY,78,Maison,138,6,187,2022
386610,78955,CARRIERES SOUS POISSY,78,Maison,92,6,777,2022
386610,78955,CARRIERES SOUS POISSY,78,Dépendance,0,0,777,2022
395000,78480,VERNEUIL SUR SEINE,78,Maison,83,4,576,2022
434400,78920,ECQUEVILLY,78,Maison,89,4,600,2022
235500,78120,RAMBOUILLET,78,Maison,48,2,119,2022
394000,78310,MAUREPAS,78,Maison,115,5,379,2022
488000,78470,SAINT-REMY-LES-CHEVREUSE,78,Maison,109,5,546,2022
488000,78470,SAINT-REMY-LES-CHEVREUSE,78,Dépendance,0,0,546,2022
225000,78410,BOUAFLE,78,Dépendance,0,0,802,2022
225000,78410,BOUAFLE,78,Maison,95,3,802,2022
921400,78340,CLAYES-SOUS-BOIS (LES),78,Dépendance,0,0,676,2022
921400,78340,CLAYES-SOUS-BOIS (LES),78,Maison,209,5,676,2022
940000,78600,MAISONS-LAFFITTE,78,Maison,79,3,539,2022
220000,78840,MOISSON,78,Maison,19,1,480,2022
220000,78840,MOISSON,78,Maison,130,5,480,2022
370000,78280,GUYANCOURT,78,Dépendance,0,0,507,2022
370000,78280,GUYANCOURT,78,Maison,60,4,507,2022
1089650,78112,SAINT-GERMAIN-EN-LAYE,78,Maison,175,6,500,2022
1089650,78112,SAINT-GERMAIN-EN-LAYE,78,Maison,175,6,30,2022
196800,78300,POISSY,78,Dépendance,0,0,382,2022
196800,78300,POISSY,78,Maison,105,6,382,2022
155000,78120,SONCHAMP,78,Maison,46,3,263,2022
155000,78120,SONCHAMP,78,Dépendance,0,0,263,2022
133000,78270,ROLLEBOISE,78,Maison,55,3,105,2022
270000,78370,PLAISIR,78,Dépendance,0,0,187,2022
270000,78370,PLAISIR,78,Maison,101,5,187,2022
664650,78124,MONTAINVILLE,78,Maison,140,4,561,2022
392200,78380,BOUGIVAL,78,Maison,81,4,38,2022
305000,78300,POISSY,78,Maison,86,3,177,2022
305000,78300,POISSY,78,Maison,70,2,177,2022
592300,78300,POISSY,78,Maison,86,4,342,2022
218000,78270,LIMETZ-VILLEZ,78,Maison,91,6,609,2022
218000,78270,LIMETZ-VILLEZ,78,Dépendance,0,0,609,2022
260000,78130,MUREAUX (LES),78,Maison,90,4,207,2022
400000,78400,CHATOU,78,Maison,59,3,232,2022
330000,78260,ACHERES,78,Dépendance,0,0,570,2022
330000,78260,ACHERES,78,Maison,58,4,570,2022
750000,78510,TRIEL SUR SEINE,78,Maison,187,7,1188,2022
400000,78570,ANDRESY,78,Maison,99,2,298,2022
2045916,78570,ANDRESY,78,Local industriel. commercial ou assimilé,340,0,570,2022
2045916,78570,ANDRESY,78,Maison,129,4,2000,2022
2045916,78570,ANDRESY,78,Dépendance,0,0,490,2022
2045916,78570,ANDRESY,78,Dépendance,0,0,2000,2022
2045916,78570,ANDRESY,78,Maison,129,4,490,2022
2045916,78570,ANDRESY,78,Maison,148,6,5000,2022
2045916,78570,ANDRESY,78,Maison,148,6,401,2022
2045916,78570,ANDRESY,78,Maison,43,2,5000,2022
2045916,78570,ANDRESY,78,Maison,43,2,401,2022
210000,78570,CHANTELOUP-LES-VIGNES,78,Local industriel. commercial ou assimilé,161,0,160,2022
377000,78300,POISSY,78,Maison,81,4,58,2022
520000,78300,POISSY,78,Maison,66,3,386,2022
628000,78760,JOUARS-PONTCHARTRAIN,78,Maison,165,5,500,2022
628000,78760,JOUARS-PONTCHARTRAIN,78,Maison,165,5,698,2022
1015000,78600,MAISONS-LAFFITTE,78,Maison,180,5,403,2022
590000,78960,VOISINS-LE-BRETONNEUX,78,Maison,119,4,466,2022
365000,78120,RAMBOUILLET,78,Maison,127,4,241,2022
410000,78125,ORCEMONT,78,Dépendance,0,0,995,2022
410000,78125,ORCEMONT,78,Maison,105,3,995,2022
400700,78770,MARCQ,78,Maison,110,3,230,2022
194160,78280,GUYANCOURT,78,Maison,102,4,378,2022
312790,78450,VILLEPREUX,78,Maison,66,4,92,2022
237000,78940,QUEUE-LES-YVELINES (LA),78,Maison,73,4,60,2022
743000,78600,MAISONS-LAFFITTE,78,Dépendance,0,0,210,2022
743000,78600,MAISONS-LAFFITTE,78,Maison,70,3,210,2022
463000,78340,CLAYES-SOUS-BOIS (LES),78,Dépendance,0,0,422,2022
463000,78340,CLAYES-SOUS-BOIS (LES),78,Maison,80,4,422,2022
447500,78125,HERMERAY,78,Maison,150,6,576,2022
447500,78125,HERMERAY,78,Local industriel. commercial ou assimilé,20,0,600,2022
447500,78125,HERMERAY,78,Maison,150,6,600,2022
447500,78125,HERMERAY,78,Local industriel. commercial ou assimilé,20,0,576,2022
862500,78500,SARTROUVILLE,78,Maison,166,5,419,2022
323000,78610,PERRAY-EN-YVELINES (LE),78,Maison,70,4,463,2022
300000,78130,MUREAUX (LES),78,Appartement,48,3,283,2022
300000,78130,MUREAUX (LES),78,Maison,82,5,283,2022
300000,78130,MUREAUX (LES),78,Dépendance,0,0,283,2022
300000,78130,MUREAUX (LES),78,Appartement,50,3,283,2022
420000,78570,ANDRESY,78,Maison,72,4,511,2022
350000,78550,MAULETTE,78,Local industriel. commercial ou assimilé,682,0,1390,2022
1470000,78400,CHATOU,78,Maison,117,7,472,2022
1470000,78400,CHATOU,78,Dépendance,0,0,472,2022
13200000,78210,SAINT-CYR-L ECOLE,78,Local industriel. commercial ou assimilé,6267,0,4850,2022
525000,78370,PLAISIR,78,Maison,157,6,488,2022
330000,78630,ORGEVAL,78,Maison,27,2,2355,2022
330000,78630,ORGEVAL,78,Maison,86,4,2355,2022
330000,78630,ORGEVAL,78,Dépendance,0,0,2355,2022
3900000,78320,LEVIS-SAINT-NOM,78,Dépendance,0,0,350,2022
3900000,78320,LEVIS-SAINT-NOM,78,Maison,126,6,350,2022
3900000,78320,LEVIS-SAINT-NOM,78,Maison,40,2,14140,2022
3900000,78320,LEVIS-SAINT-NOM,78,Dépendance,0,0,14140,2022
3900000,78320,LEVIS-SAINT-NOM,78,Maison,290,9,14140,2022
3900000,78320,LEVIS-SAINT-NOM,78,Maison,44,2,14140,2022
3900000,78320,LEVIS-SAINT-NOM,78,Dépendance,0,0,1500,2022
3900000,78320,LEVIS-SAINT-NOM,78,Maison,290,9,1500,2022
3900000,78320,LEVIS-SAINT-NOM,78,Maison,40,2,1500,2022
3900000,78320,LEVIS-SAINT-NOM,78,Maison,44,2,1500,2022
327000,78450,VILLEPREUX,78,Maison,89,4,217,2022
239000,78490,MONTFORT-L AMAURY,78,Maison,81,4,50,2022
352000,78440,ISSOU,78,Maison,103,6,441,2022
270000,78630,ORGEVAL,78,Maison,86,4,2355,2022
270000,78630,ORGEVAL,78,Dépendance,0,0,2355,2022
270000,78630,ORGEVAL,78,Maison,27,2,2355,2022
375000,78340,CLAYES-SOUS-BOIS (LES),78,Maison,77,5,471,2022
339000,78990,ELANCOURT,78,Maison,76,4,121,2022
795000,78170,CELLE-SAINT-CLOUD (LA),78,Maison,113,6,539,2022
1244700,78810,FEUCHEROLLES,78,Dépendance,0,0,4740,2022
1244700,78810,FEUCHEROLLES,78,Maison,130,6,200,2022
1244700,78810,FEUCHEROLLES,78,Maison,130,6,4740,2022
1244700,78810,FEUCHEROLLES,78,Dépendance,0,0,200,2022
330000,78130,MUREAUX (LES),78,Maison,95,6,531,2022
400000,78310,COIGNIERES,78,Maison,101,5,392,2022
400000,78310,COIGNIERES,78,Dépendance,0,0,392,2022
775000,78360,MONTESSON,78,Maison,146,7,522,2022
502000,78117,CHATEAUFORT,78,Maison,110,5,222,2022
460000,78440,GARGENVILLE,78,Maison,131,6,500,2022
460000,78440,GARGENVILLE,78,Maison,131,6,275,2022
320000,78440,PORCHEVILLE,78,Maison,102,5,597,2022
261025,78250,MEZY-SUR-SEINE,78,Maison,55,3,1051,2022
261025,78250,MEZY-SUR-SEINE,78,Maison,55,3,60,2022
280000,78440,ISSOU,78,Maison,134,5,465,2022
609000,78960,VOISINS-LE-BRETONNEUX,78,Maison,113,6,324,2022
419000,78480,VERNEUIL SUR SEINE,78,Maison,83,4,231,2022
320000,78310,MAUREPAS,78,Dépendance,0,0,19,2022
320000,78310,MAUREPAS,78,Maison,87,4,200,2022
443950,78960,VOISINS-LE-BRETONNEUX,78,Maison,110,5,150,2022
443950,78960,VOISINS-LE-BRETONNEUX,78,Dépendance,0,0,14,2022
308960,78440,GARGENVILLE,78,Maison,109,5,334,2022
460000,78113,CONDE-SUR-VESGRE,78,Dépendance,0,0,3858,2022
460000,78113,CONDE-SUR-VESGRE,78,Dépendance,0,0,500,2022
460000,78113,CONDE-SUR-VESGRE,78,Maison,102,1,500,2022
460000,78113,CONDE-SUR-VESGRE,78,Maison,102,1,3858,2022
1100000,78920,ECQUEVILLY,78,Local industriel. commercial ou assimilé,784,0,4760,2022
730500,78430,LOUVECIENNES,78,Appartement,40,2,156,2022
730500,78430,LOUVECIENNES,78,Dépendance,0,0,156,2022
730500,78430,LOUVECIENNES,78,Appartement,19,1,156,2022
730500,78430,LOUVECIENNES,78,Appartement,38,2,156,2022
730500,78430,LOUVECIENNES,78,Appartement,85,3,156,2022
220000,78200,MANTES-LA-JOLIE,78,Maison,105,5,326,2022
1,78200,BUCHELAY,78,Local industriel. commercial ou assimilé,572,0,1593,2022
500000,78700,CONFLANS SAINTE HONORINE,78,Dépendance,0,0,464,2022
500000,78700,CONFLANS SAINTE HONORINE,78,Maison,99,5,464,2022
330000,78200,MAGNANVILLE,78,Maison,84,4,540,2022
440000,78700,CONFLANS SAINTE HONORINE,78,Maison,100,5,394,2022
810200,78430,LOUVECIENNES,78,Maison,125,6,421,2022
278000,78440,GUITRANCOURT,78,Maison,90,4,345,2022
278000,78440,GUITRANCOURT,78,Maison,90,4,500,2022
388850,78990,ELANCOURT,78,Dépendance,0,0,192,2022
388850,78990,ELANCOURT,78,Maison,114,4,192,2022
354100,78440,GUITRANCOURT,78,Maison,122,5,390,2022
270000,78200,MAGNANVILLE,78,Maison,92,5,287,2022
238500,78250,OINVILLE-SUR-MONTCIENT,78,Maison,70,2,150,2022
534500,78570,ANDRESY,78,Dépendance,0,0,112,2022
534500,78570,ANDRESY,78,Maison,183,7,112,2022
150000,78510,TRIEL SUR SEINE,78,Maison,58,3,500,2022
150000,78510,TRIEL SUR SEINE,78,Maison,58,3,513,2022
1123000,78000,VERSAILLES,78,Maison,106,5,401,2022
1123000,78000,VERSAILLES,78,Appartement,16,1,401,2022
262280,78570,ANDRESY,78,Maison,72,4,197,2022
770400,78750,MAREIL-MARLY,78,Maison,74,4,367,2022
280500,78570,ANDRESY,78,Dépendance,0,0,83,2022
280500,78570,ANDRESY,78,Maison,45,2,83,2022
170000,78955,CARRIERES SOUS POISSY,78,Maison,88,4,600,2022
1174757,78140,VELIZY VILLACOUBLAY,78,Maison,185,6,434,2022
685000,78180,MONTIGNY LE BRETONNEUX,78,Maison,138,7,532,2022
583050,78910,ORGERUS,78,Maison,164,6,412,2022
302000,78610,PERRAY-EN-YVELINES (LE),78,Maison,87,5,473,2022
890000,78400,CHATOU,78,Maison,148,6,550,2022
189000,78270,LIMETZ-VILLEZ,78,Maison,92,3,203,2022
324000,78930,BREUIL-BOIS-ROBERT,78,Maison,200,5,604,2022
390900,78570,ANDRESY,78,Maison,84,4,617,2022
820000,78630,ORGEVAL,78,Maison,125,5,1001,2022
694200,78570,ANDRESY,78,Maison,161,5,600,2022
313200,78113,CONDE-SUR-VESGRE,78,Maison,103,5,961,2022
300000,78260,ACHERES,78,Maison,86,5,369,2022
914780,78480,VERNEUIL SUR SEINE,78,Maison,194,7,1001,2022
914780,78480,VERNEUIL SUR SEINE,78,Dépendance,0,0,1001,2022
316750,78450,VILLEPREUX,78,Maison,54,3,115,2022
631810,78490,MAREIL-LE-GUYON,78,Maison,150,6,521,2022
631810,78490,MAREIL-LE-GUYON,78,Maison,150,6,500,2022
2252400,78200,MANTES-LA-JOLIE,78,Maison,80,4,341,2022
2252400,78200,MANTES-LA-JOLIE,78,Maison,104,6,268,2022
2252400,78200,MANTES-LA-JOLIE,78,Local industriel. commercial ou assimilé,550,0,623,2022
2252400,78200,MANTES-LA-JOLIE,78,Appartement,100,3,623,2022
2252400,78200,MANTES-LA-JOLIE,78,Appartement,70,3,623,2022
2252400,78200,MANTES-LA-JOLIE,78,Dépendance,0,0,623,2022
2252400,78200,MANTES-LA-JOLIE,78,Maison,65,4,548,2022
2252400,78200,MANTES-LA-JOLIE,78,Local industriel. commercial ou assimilé,40,0,548,2022
2252400,78200,MANTES-LA-JOLIE,78,Dépendance,0,0,548,2022
2252400,78200,MANTES-LA-JOLIE,78,Local industriel. commercial ou assimilé,43,0,548,2022
2252400,78200,MANTES-LA-JOLIE,78,Appartement,20,1,108,2022
2252400,78200,MANTES-LA-JOLIE,78,Dépendance,0,0,108,2022
2252400,78200,MANTES-LA-JOLIE,78,Local industriel. commercial ou assimilé,18,0,108,2022
2252400,78200,MANTES-LA-JOLIE,78,Appartement,75,3,108,2022
2252400,78200,MANTES-LA-JOLIE,78,Appartement,25,1,108,2022
458000,78500,SARTROUVILLE,78,Maison,72,4,162,2022
458000,78500,SARTROUVILLE,78,Local industriel. commercial ou assimilé,26,0,162,2022
475000,78114,MAGNY-LES-HAMEAUX,78,Maison,110,5,401,2022
475000,78114,MAGNY-LES-HAMEAUX,78,Appartement,29,2,401,2022
210000,78130,MUREAUX (LES),78,Maison,78,4,273,2022
499000,78340,CLAYES-SOUS-BOIS (LES),78,Maison,122,5,196,2022
577000,78280,GUYANCOURT,78,Maison,108,6,289,2022
1504804,78350,JOUY EN JOSAS,78,Dépendance,0,0,1172,2022
1504804,78350,JOUY EN JOSAS,78,Maison,182,5,1172,2022
244000,78660,BOINVILLE-LE-GAILLARD,78,Maison,100,4,608,2022
227300,78660,ABLIS,78,Maison,81,5,221,2022
714100,78300,POISSY,78,Maison,109,5,460,2022
714100,78300,POISSY,78,Dépendance,0,0,460,2022
2500000,78580,HERBEVILLE,78,Maison,352,9,2000,2022
2500000,78580,HERBEVILLE,78,Appartement,61,3,12960,2022
2500000,78580,HERBEVILLE,78,Maison,352,9,12960,2022
2500000,78580,HERBEVILLE,78,Dépendance,0,0,2000,2022
2500000,78580,HERBEVILLE,78,Appartement,61,2,2000,2022
2500000,78580,HERBEVILLE,78,Dépendance,0,0,12960,2022
2500000,78580,HERBEVILLE,78,Appartement,57,2,12960,2022
2500000,78580,HERBEVILLE,78,Appartement,61,2,12960,2022
2500000,78580,HERBEVILLE,78,Appartement,57,2,2000,2022
2500000,78580,HERBEVILLE,78,Appartement,61,3,2000,2022
600000,78400,CHATOU,78,Dépendance,0,0,677,2022
600000,78400,CHATOU,78,Maison,85,3,677,2022
571645,78113,HAUTEVILLE (LA),78,Maison,216,5,500,2022
571645,78113,HAUTEVILLE (LA),78,Maison,216,5,800,2022
67000,78720,DAMPIERRE-EN-YVELINES,78,Appartement,65,3,437,2022
67000,78720,DAMPIERRE-EN-YVELINES,78,Appartement,39,3,437,2022
67000,78720,DAMPIERRE-EN-YVELINES,78,Dépendance,0,0,437,2022
940015,78800,HOUILLES,78,Maison,165,7,178,2022
630000,78720,CELLE-LES-BORDES (LA),78,Dépendance,0,0,130,2022
630000,78720,CELLE-LES-BORDES (LA),78,Maison,177,7,1820,2022
630000,78720,CELLE-LES-BORDES (LA),78,Dépendance,0,0,1820,2022
630000,78720,CELLE-LES-BORDES (LA),78,Maison,177,7,130,2022
510000,78117,CHATEAUFORT,78,Maison,128,6,690,2022
337820,78990,ELANCOURT,78,Maison,97,4,540,2022
2400000,78000,VERSAILLES,78,Maison,329,10,758,2022
2400000,78000,VERSAILLES,78,Dépendance,0,0,758,2022
142002,78360,MONTESSON,78,Maison,53,3,140,2022
400000,78910,PRUNAY-LE-TEMPLE,78,Maison,100,4,136,2022
400000,78910,PRUNAY-LE-TEMPLE,78,Dépendance,0,0,136,2022
490000,78470,SAINT-REMY-LES-CHEVREUSE,78,Maison,90,3,548,2022
135000,78580,BAZEMONT,78,Appartement,30,1,915,2022
135000,78580,BAZEMONT,78,Appartement,45,2,915,2022
779300,78590,NOISY LE ROI,78,Maison,187,7,419,2022
295000,78490,MONTFORT-L AMAURY,78,Local industriel. commercial ou assimilé,32,0,50,2022
211500,78820,JUZIERS,78,Maison,65,3,417,2022
515000,78910,OSMOY,78,Maison,100,6,2146,2022
515000,78910,OSMOY,78,Maison,100,6,500,2022
569500,78530,BUC,78,Maison,50,3,341,2022
590700,78490,TREMBLAY-SUR-MAULDRE (LE),78,Maison,169,7,595,2022
590700,78490,TREMBLAY-SUR-MAULDRE (LE),78,Maison,169,7,500,2022
890000,78540,VERNOUILLET,78,Maison,210,5,1502,2022
890000,78540,VERNOUILLET,78,Dépendance,0,0,1502,2022
410000,78350,JOUY EN JOSAS,78,Maison,78,4,342,2022
479000,78200,JOUY-MAUVOISIN,78,Maison,132,5,872,2022
1712900,78113,HAUTEVILLE (LA),78,Dépendance,0,0,500,2022
1712900,78113,HAUTEVILLE (LA),78,Maison,149,3,500,2022
1712900,78113,HAUTEVILLE (LA),78,Dépendance,0,0,860,2022
1712900,78113,HAUTEVILLE (LA),78,Maison,149,3,860,2022
650000,78700,CONFLANS SAINTE HONORINE,78,Dépendance,0,0,405,2022
650000,78700,CONFLANS SAINTE HONORINE,78,Maison,120,6,405,2022
460346,78600,MESNIL-LE-ROI (LE),78,Maison,51,3,165,2022
890880,78600,MAISONS-LAFFITTE,78,Dépendance,0,0,195,2022
890880,78600,MAISONS-LAFFITTE,78,Maison,90,4,195,2022
145000,78500,SARTROUVILLE,78,Local industriel. commercial ou assimilé,38,0,38,2022
1265000,78600,MAISONS-LAFFITTE,78,Dépendance,0,0,384,2022
1265000,78600,MAISONS-LAFFITTE,78,Maison,120,5,384,2022
110000,78840,FRENEUSE,78,Maison,80,3,80,2022
320000,78410,FLINS-SUR-SEINE,78,Maison,86,2,495,2022
321050,78680,EPONE,78,Maison,96,5,45,2022
255000,78930,VILLETTE,78,Dépendance,0,0,500,2022
255000,78930,VILLETTE,78,Maison,85,4,1120,2022
255000,78930,VILLETTE,78,Maison,85,4,500,2022
255000,78930,VILLETTE,78,Dépendance,0,0,1120,2022
315000,78440,ISSOU,78,Maison,86,4,405,2022
418200,78120,RAMBOUILLET,78,Maison,149,6,332,2022
418200,78120,RAMBOUILLET,78,Dépendance,0,0,332,2022
620800,78690,SAINT-REMY-L HONORE,78,Maison,136,5,2000,2022
620800,78690,SAINT-REMY-L HONORE,78,Maison,136,5,500,2022
620800,78690,SAINT-REMY-L HONORE,78,Maison,136,5,8810,2022
625000,78370,PLAISIR,78,Local industriel. commercial ou assimilé,15,0,304,2022
625000,78370,PLAISIR,78,Local industriel. commercial ou assimilé,15,0,500,2022
625000,78370,PLAISIR,78,Maison,105,4,500,2022
625000,78370,PLAISIR,78,Maison,105,4,304,2022
904690,78620,ETANG-LA-VILLE (L ),78,Maison,86,4,249,2022
904690,78620,ETANG-LA-VILLE (L ),78,Maison,86,4,500,2022
1003000,78680,EPONE,78,Local industriel. commercial ou assimilé,38973,0,2453,2022
1003000,78680,EPONE,78,Local industriel. commercial ou assimilé,38973,0,24227,2022
1003000,78680,EPONE,78,Local industriel. commercial ou assimilé,38973,0,7339,2022
600000,78350,LOGES-EN-JOSAS (LES),78,Dépendance,0,0,170,2022
600000,78350,LOGES-EN-JOSAS (LES),78,Maison,120,5,170,2022
1035920,78100,SAINT-GERMAIN-EN-LAYE,78,Local industriel. commercial ou assimilé,0,0,590,2022
1035920,78100,SAINT-GERMAIN-EN-LAYE,78,Maison,120,5,590,2022
1035920,78100,SAINT-GERMAIN-EN-LAYE,78,Dépendance,0,0,590,2022
175000,78580,HERBEVILLE,78,Maison,98,4,89,2022
2064000,78100,SAINT-GERMAIN-EN-LAYE,78,Dépendance,0,0,475,2022
2064000,78100,SAINT-GERMAIN-EN-LAYE,78,Maison,144,7,475,2022
350000,78440,GARGENVILLE,78,Maison,116,5,500,2022
350000,78440,GARGENVILLE,78,Dépendance,0,0,500,2022
350000,78440,GARGENVILLE,78,Maison,116,5,304,2022
350000,78440,GARGENVILLE,78,Dépendance,0,0,304,2022
2841600,78600,MAISONS-LAFFITTE,78,Local industriel. commercial ou assimilé,401,0,1331,2022
2841600,78600,MAISONS-LAFFITTE,78,Dépendance,0,0,1331,2022
2841600,78600,MAISONS-LAFFITTE,78,Maison,204,5,1331,2022
2841600,78600,MAISONS-LAFFITTE,78,Local industriel. commercial ou assimilé,63,0,4938,2022
2841600,78600,MAISONS-LAFFITTE,78,Dépendance,0,0,4938,2022
2841600,78600,MAISONS-LAFFITTE,78,Local industriel. commercial ou assimilé,401,0,4938,2022
2841600,78600,MAISONS-LAFFITTE,78,Maison,204,5,4938,2022
2841600,78600,MAISONS-LAFFITTE,78,Local industriel. commercial ou assimilé,63,0,1331,2022
240000,78270,BENNECOURT,78,Maison,80,4,483,2022
753400,78500,SARTROUVILLE,78,Maison,157,6,385,2022
323000,78270,BENNECOURT,78,Maison,72,3,500,2022
385000,78680,EPONE,78,Maison,147,5,500,2022
385000,78680,EPONE,78,Maison,147,5,1102,2022
458200,78610,PERRAY-EN-YVELINES (LE),78,Maison,146,7,865,2022
458200,78610,PERRAY-EN-YVELINES (LE),78,Dépendance,0,0,865,2022
306300,78660,SAINT-MARTIN-DE-BRETHENCOURT,78,Maison,128,6,859,2022
365000,78200,PERDREAUVILLE,78,Maison,127,6,663,2022
2517310,78100,SAINT-GERMAIN-EN-LAYE,78,Maison,192,8,661,2022
2517310,78100,SAINT-GERMAIN-EN-LAYE,78,Dépendance,0,0,661,2022
295000,78650,BEYNES,78,Maison,63,3,402,2022
207000,78610,PERRAY-EN-YVELINES (LE),78,Dépendance,0,0,12,2022
375000,78500,SARTROUVILLE,78,Maison,74,4,257,2022
480000,78700,CONFLANS SAINTE HONORINE,78,Maison,127,7,560,2022
15498,78360,MONTESSON,78,Maison,53,3,140,2022
1180100,78110,VESINET (LE),78,Maison,86,4,202,2022
287000,78440,LAINVILLE-EN-VEXIN,78,Maison,32,2,263,2022
287000,78440,LAINVILLE-EN-VEXIN,78,Maison,120,5,263,2022
635000,78114,MAGNY-LES-HAMEAUX,78,Maison,138,6,479,2022
460000,78730,PONTHEVRARD,78,Maison,144,7,571,2022
460000,78730,PONTHEVRARD,78,Maison,144,7,600,2022
97265,78270,GOMMECOURT,78,Maison,70,3,402,2022
97265,78270,GOMMECOURT,78,Dépendance,0,0,402,2022
1260000,78750,MAREIL-MARLY,78,Dépendance,0,0,500,2022
1260000,78750,MAREIL-MARLY,78,Dépendance,0,0,747,2022
1260000,78750,MAREIL-MARLY,78,Maison,225,6,747,2022
1260000,78750,MAREIL-MARLY,78,Maison,225,6,500,2022
485000,78280,GUYANCOURT,78,Maison,95,5,458,2022
360100,78790,ARNOUVILLE-LES-MANTES,78,Dépendance,0,0,500,2022
360100,78790,ARNOUVILLE-LES-MANTES,78,Maison,140,5,500,2022
630000,78620,ETANG-LA-VILLE (L ),78,Maison,123,6,425,2022
224585,78270,GOMMECOURT,78,Maison,100,4,299,2022
319100,78500,SARTROUVILLE,78,Maison,48,3,131,2022
290000,78711,MANTES-LA-VILLE,78,Maison,122,6,572,2022
940000,78220,VIROFLAY,78,Maison,130,4,356,2022
940000,78220,VIROFLAY,78,Local industriel. commercial ou assimilé,356,0,356,2022
598000,78114,MAGNY-LES-HAMEAUX,78,Maison,140,6,650,2022
250000,78820,JUZIERS,78,Maison,59,4,610,2022
250500,78610,PERRAY-EN-YVELINES (LE),78,Maison,84,4,105,2022
350000,78550,HOUDAN,78,Local industriel. commercial ou assimilé,90,0,91,2022
61000,78750,MAREIL-MARLY,78,Local industriel. commercial ou assimilé,0,0,99,2022
450000,78500,SARTROUVILLE,78,Maison,72,4,433,2022
467200,78490,TREMBLAY-SUR-MAULDRE (LE),78,Maison,90,4,1158,2022
467200,78490,TREMBLAY-SUR-MAULDRE (LE),78,Maison,90,4,500,2022
402000,78700,CONFLANS SAINTE HONORINE,78,Maison,90,4,235,2022
450000,78960,VOISINS-LE-BRETONNEUX,78,Maison,83,4,230,2022
470000,78120,SONCHAMP,78,Maison,158,7,683,2022
267000,78450,VILLEPREUX,78,Maison,90,5,117,2022
347800,78740,VAUX-SUR-SEINE,78,Maison,72,3,818,2022
656250,78960,VOISINS-LE-BRETONNEUX,78,Maison,105,5,687,2022
731660,78140,VELIZY VILLACOUBLAY,78,Maison,80,4,196,2022
510750,78490,GALLUIS,78,Maison,66,5,564,2022
760150,78990,ELANCOURT,78,Maison,110,7,500,2022
760150,78990,ELANCOURT,78,Maison,40,2,2650,2022
760150,78990,ELANCOURT,78,Dépendance,0,0,2650,2022
760150,78990,ELANCOURT,78,Dépendance,0,0,500,2022
760150,78990,ELANCOURT,78,Maison,110,7,2650,2022
760150,78990,ELANCOURT,78,Maison,40,2,500,2022
405520,78990,ELANCOURT,78,Dépendance,0,0,281,2022
405520,78990,ELANCOURT,78,Maison,118,5,281,2022
103880,78630,ORGEVAL,78,Maison,148,6,468,2022
296500,78120,RAMBOUILLET,78,Appartement,69,1,145,2022
296500,78120,RAMBOUILLET,78,Appartement,27,1,145,2022
1536550,78290,CROISSY SUR SEINE,78,Maison,140,5,1073,2022
392500,78910,TACOIGNIERES,78,Maison,100,5,500,2022
392500,78910,TACOIGNIERES,78,Dépendance,0,0,564,2022
392500,78910,TACOIGNIERES,78,Maison,100,5,564,2022
392500,78910,TACOIGNIERES,78,Dépendance,0,0,500,2022
385000,78740,VAUX-SUR-SEINE,78,Maison,143,6,393,2022
570400,78740,VAUX-SUR-SEINE,78,Maison,37,3,793,2022
210000,78990,ELANCOURT,78,Maison,90,3,734,2022
283100,78680,EPONE,78,Maison,65,3,444,2022
285000,78740,VAUX-SUR-SEINE,78,Maison,153,9,828,2022
285000,78740,VAUX-SUR-SEINE,78,Dépendance,0,0,828,2022
285000,78740,VAUX-SUR-SEINE,78,Maison,153,9,300,2022
285000,78740,VAUX-SUR-SEINE,78,Dépendance,0,0,300,2022
273750,78450,VILLEPREUX,78,Maison,90,5,111,2022
21500,78450,VILLEPREUX,78,Local industriel. commercial ou assimilé,0,0,43,2022
21500,78450,VILLEPREUX,78,Local industriel. commercial ou assimilé,0,0,47,2022
21500,78450,VILLEPREUX,78,Dépendance,0,0,24,2022
409297,78990,ELANCOURT,78,Maison,107,5,101,2022
130000,78410,BOUAFLE,78,Dépendance,0,0,287,2022
130000,78410,BOUAFLE,78,Maison,50,3,287,2022
240000,78450,VILLEPREUX,78,Maison,80,5,159,2022
430000,78760,JOUARS-PONTCHARTRAIN,78,Maison,131,7,271,2022
1060000,78600,MESNIL-LE-ROI (LE),78,Maison,137,6,113,2022
655000,78330,FONTENAY LE FLEURY,78,Maison,218,6,663,2022
460000,78700,CONFLANS SAINTE HONORINE,78,Maison,162,6,526,2022
460000,78700,CONFLANS SAINTE HONORINE,78,Dépendance,0,0,526,2022
1329700,78000,VERSAILLES,78,Dépendance,0,0,565,2022
1329700,78000,VERSAILLES,78,Maison,108,7,565,2022
480000,78490,MESNULS (LES),78,Maison,110,4,500,2022
480000,78490,MESNULS (LES),78,Maison,110,4,2532,2022
480000,78490,MESNULS (LES),78,Maison,110,4,450,2022
658900,78140,VELIZY VILLACOUBLAY,78,Maison,80,4,154,2022
658900,78140,VELIZY VILLACOUBLAY,78,Dépendance,0,0,154,2022
1168600,78810,FEUCHEROLLES,78,Maison,210,7,1000,2022
1168600,78810,FEUCHEROLLES,78,Maison,210,7,500,2022
400000,78700,CONFLANS SAINTE HONORINE,78,Maison,114,5,187,2022
725000,78180,MONTIGNY LE BRETONNEUX,78,Maison,157,7,407,2022
725000,78180,MONTIGNY LE BRETONNEUX,78,Dépendance,0,0,407,2022
210000,78740,VAUX-SUR-SEINE,78,Local industriel. commercial ou assimilé,31,0,652,2022
210000,78740,VAUX-SUR-SEINE,78,Maison,70,3,652,2022
210000,78740,VAUX-SUR-SEINE,78,Maison,70,3,350,2022
210000,78740,VAUX-SUR-SEINE,78,Local industriel. commercial ou assimilé,31,0,350,2022
205000,78120,RAMBOUILLET,78,Maison,84,4,208,2022
800750,78960,VOISINS-LE-BRETONNEUX,78,Maison,105,5,772,2022
178000,78130,MUREAUX (LES),78,Dépendance,0,0,162,2022
178000,78130,MUREAUX (LES),78,Appartement,22,1,162,2022
178000,78130,MUREAUX (LES),78,Appartement,28,2,162,2022
2847500,78400,CHATOU,78,Maison,270,10,392,2022
2847500,78400,CHATOU,78,Maison,270,10,477,2022
364900,78780,MAURECOURT,78,Maison,94,4,402,2022
189000,78570,CHANTELOUP-LES-VIGNES,78,Maison,50,2,106,2022
410000,78770,VILLIERS-LE-MAHIEU,78,Maison,117,5,865,2022
482320,78113,GRANDCHAMP,78,Maison,125,4,5734,2022
482320,78113,GRANDCHAMP,78,Dépendance,0,0,500,2022
482320,78113,GRANDCHAMP,78,Maison,125,4,500,2022
482320,78113,GRANDCHAMP,78,Dépendance,0,0,5734,2022
550100,78510,TRIEL SUR SEINE,78,Maison,98,6,426,2022
417550,78980,SAINT-ILLIERS-LE-BOIS,78,Dépendance,0,0,150,2022
417550,78980,SAINT-ILLIERS-LE-BOIS,78,Maison,104,5,1975,2022
417550,78980,SAINT-ILLIERS-LE-BOIS,78,Dépendance,0,0,1975,2022
417550,78980,SAINT-ILLIERS-LE-BOIS,78,Maison,32,2,150,2022
417550,78980,SAINT-ILLIERS-LE-BOIS,78,Maison,104,5,150,2022
417550,78980,SAINT-ILLIERS-LE-BOIS,78,Maison,32,2,1975,2022
460000,78320,MESNIL-SAINT-DENIS (LE),78,Maison,60,4,624,2022
460000,78320,MESNIL-SAINT-DENIS (LE),78,Maison,60,4,500,2022
243200,78130,MUREAUX (LES),78,Maison,64,3,235,2022
220000,78760,JOUARS-PONTCHARTRAIN,78,Maison,53,2,95,2022
299000,78270,BONNIERES-SUR-SEINE,78,Maison,90,5,740,2022
1620000,78490,GROSROUVRE,78,Dépendance,0,0,900,2022
1620000,78490,GROSROUVRE,78,Maison,197,6,900,2022
1620000,78490,GROSROUVRE,78,Maison,197,6,668,2022
1620000,78490,GROSROUVRE,78,Dépendance,0,0,668,2022
410000,78460,CHEVREUSE,78,Dépendance,0,0,270,2022
410000,78460,CHEVREUSE,78,Maison,97,5,270,2022
429760,78125,EMANCE,78,Dépendance,0,0,1890,2022
429760,78125,EMANCE,78,Maison,120,5,1890,2022
429760,78125,EMANCE,78,Maison,70,3,60,2022
429760,78125,EMANCE,78,Maison,70,3,1890,2022
429760,78125,EMANCE,78,Maison,120,5,60,2022
429760,78125,EMANCE,78,Dépendance,0,0,60,2022
980000,78590,NOISY LE ROI,78,Maison,162,5,715,2022
980000,78590,NOISY LE ROI,78,Dépendance,0,0,715,2022
630000,78120,RAMBOUILLET,78,Maison,140,6,186,2022
540000,78830,BONNELLES,78,Maison,157,5,733,2022
540000,78830,BONNELLES,78,Dépendance,0,0,733,2022
360000,78720,CELLE-LES-BORDES (LA),78,Dépendance,0,0,211,2022
360000,78720,CELLE-LES-BORDES (LA),78,Maison,80,4,211,2022
380000,78960,VOISINS-LE-BRETONNEUX,78,Dépendance,0,0,14,2022
380000,78960,VOISINS-LE-BRETONNEUX,78,Maison,103,5,168,2022
312000,78830,BONNELLES,78,Maison,82,5,536,2022
140000,78710,ROSNY-SUR-SEINE,78,Maison,48,2,309,2022
140000,78710,ROSNY-SUR-SEINE,78,Maison,48,2,500,2022
394000,78740,VAUX-SUR-SEINE,78,Maison,105,4,593,2022
394000,78740,VAUX-SUR-SEINE,78,Dépendance,0,0,593,2022
444726,78380,BOUGIVAL,78,Maison,50,3,111,2022
406000,78440,GARGENVILLE,78,Maison,150,5,754,2022
135000,78550,HOUDAN,78,Appartement,40,2,42,2022
250000,78770,AUTEUIL-LE-ROI,78,Maison,77,4,500,2022
189000,78520,LIMAY,78,Maison,66,3,336,2022
189000,78520,LIMAY,78,Dépendance,0,0,336,2022
464050,78320,MESNIL-SAINT-DENIS (LE),78,Maison,110,6,703,2022
302100,78760,JOUARS-PONTCHARTRAIN,78,Maison,56,2,657,2022
185500,78711,MANTES-LA-VILLE,78,Maison,90,4,310,2022
120400,78730,PONTHEVRARD,78,Maison,114,5,500,2022
120400,78730,PONTHEVRARD,78,Maison,114,5,835,2022
360000,78330,FONTENAY LE FLEURY,78,Dépendance,0,0,358,2022
360000,78330,FONTENAY LE FLEURY,78,Maison,64,3,358,2022
960000,78300,POISSY,78,Maison,124,4,100,2022
960000,78300,POISSY,78,Maison,124,4,511,2022
492500,78470,SAINT-REMY-LES-CHEVREUSE,78,Maison,113,5,709,2022
330000,78490,MESNULS (LES),78,Maison,140,5,417,2022
330000,78490,MESNULS (LES),78,Maison,140,5,500,2022
345000,78700,CONFLANS SAINTE HONORINE,78,Maison,222,7,676,2022
345000,78700,CONFLANS SAINTE HONORINE,78,Dépendance,0,0,676,2022
290000,78500,SARTROUVILLE,78,Local industriel. commercial ou assimilé,120,0,333,2022
451750,78740,VAUX-SUR-SEINE,78,Maison,137,4,221,2022
451750,78740,VAUX-SUR-SEINE,78,Maison,137,4,220,2022
340288,78610,AUFFARGIS,78,Maison,83,5,741,2022
318168,78130,MUREAUX (LES),78,Maison,90,4,207,2022
1250000,78570,ANDRESY,78,Appartement,102,5,685,2022
1250000,78570,ANDRESY,78,Local industriel. commercial ou assimilé,82,0,685,2022
1250000,78570,ANDRESY,78,Local industriel. commercial ou assimilé,51,0,685,2022
1250000,78570,ANDRESY,78,Appartement,101,5,685,2022
1250000,78570,ANDRESY,78,Dépendance,0,0,685,2022
380000,78980,NEAUPHLETTE,78,Dépendance,0,0,822,2022
380000,78980,NEAUPHLETTE,78,Maison,154,3,822,2022
448600,78310,MAUREPAS,78,Maison,128,4,669,2022
448600,78310,MAUREPAS,78,Maison,128,4,500,2022
1136200,78590,NOISY LE ROI,78,Maison,172,5,423,2022
550000,78700,CONFLANS SAINTE HONORINE,78,Local industriel. commercial ou assimilé,339,0,799,2022
550000,78700,CONFLANS SAINTE HONORINE,78,Appartement,74,3,500,2022
550000,78700,CONFLANS SAINTE HONORINE,78,Local industriel. commercial ou assimilé,339,0,500,2022
550000,78700,CONFLANS SAINTE HONORINE,78,Appartement,74,3,799,2022
1064600,78400,CHATOU,78,Dépendance,0,0,388,2022
1064600,78400,CHATOU,78,Maison,132,6,388,2022
1064600,78400,CHATOU,78,Dépendance,0,0,617,2022
1064600,78400,CHATOU,78,Maison,132,6,617,2022
758315,78000,VERSAILLES,78,Maison,90,6,410,2022
758315,78000,VERSAILLES,78,Dépendance,0,0,410,2022
362800,78410,NEZEL,78,Maison,115,6,340,2022
299800,78680,EPONE,78,Maison,97,4,359,2022
392500,78490,TREMBLAY-SUR-MAULDRE (LE),78,Maison,128,6,323,2022
397430,78720,CERNAY-LA-VILLE,78,Maison,98,3,450,2022
875000,78113,ADAINVILLE,78,Maison,47,2,1980,2022
875000,78113,ADAINVILLE,78,Maison,47,2,500,2022
875000,78113,ADAINVILLE,78,Maison,58,3,7877,2022
875000,78113,ADAINVILLE,78,Dépendance,0,0,7877,2022
875000,78113,ADAINVILLE,78,Maison,413,13,7877,2022
875000,78113,ADAINVILLE,78,Dépendance,0,0,500,2022
875000,78113,ADAINVILLE,78,Maison,413,13,500,2022
875000,78113,ADAINVILLE,78,Maison,58,3,500,2022
875000,78113,ADAINVILLE,78,Maison,19,1,45,2022
705220,78760,JOUARS-PONTCHARTRAIN,78,Dépendance,0,0,692,2022
705220,78760,JOUARS-PONTCHARTRAIN,78,Local industriel. commercial ou assimilé,40,0,692,2022
705220,78760,JOUARS-PONTCHARTRAIN,78,Maison,150,4,692,2022
650000,78790,COURGENT,78,Maison,41,3,4239,2022
650000,78790,COURGENT,78,Dépendance,0,0,4239,2022
650000,78790,COURGENT,78,Maison,175,9,4239,2022
650000,78790,COURGENT,78,Maison,39,2,4239,2022
650000,78790,COURGENT,78,Maison,41,3,1000,2022
650000,78790,COURGENT,78,Dépendance,0,0,1000,2022
650000,78790,COURGENT,78,Maison,175,9,1000,2022
650000,78790,COURGENT,78,Maison,39,2,1000,2022
470000,78590,NOISY LE ROI,78,Local industriel. commercial ou assimilé,120,0,164,2022
470000,78590,NOISY LE ROI,78,Maison,60,5,164,2022
420000,78360,MONTESSON,78,Maison,97,4,226,2022
246910,78820,JUZIERS,78,Maison,80,4,515,2022
170000,78510,TRIEL SUR SEINE,78,Dépendance,0,0,249,2022
170000,78510,TRIEL SUR SEINE,78,Maison,64,4,249,2022
480310,78180,MONTIGNY LE BRETONNEUX,78,Maison,113,5,286,2022
250000,78840,MOISSON,78,Maison,81,3,173,2022
250000,78840,MOISSON,78,Dépendance,0,0,173,2022
845000,78000,VERSAILLES,78,Dépendance,0,0,327,2022
845000,78000,VERSAILLES,78,Maison,89,5,327,2022
576330,78310,MAUREPAS,78,Maison,270,11,638,2022
576330,78310,MAUREPAS,78,Maison,270,11,770,2022
1315000,78000,VERSAILLES,78,Maison,132,4,652,2022
1315000,78000,VERSAILLES,78,Dépendance,0,0,652,2022
436500,78370,PLAISIR,78,Maison,124,6,513,2022
381000,78400,CHATOU,78,Maison,62,2,184,2022
205000,78440,GARGENVILLE,78,Maison,40,2,164,2022
930000,78860,SAINT-NOM-LA-BRETECHE,78,Maison,153,8,1055,2022
460000,78510,TRIEL SUR SEINE,78,Maison,83,3,109,2022
965820,78100,SAINT-GERMAIN-EN-LAYE,78,Appartement,17,1,51,2022
965820,78100,SAINT-GERMAIN-EN-LAYE,78,Appartement,23,1,51,2022
965820,78100,SAINT-GERMAIN-EN-LAYE,78,Appartement,25,1,51,2022
965820,78100,SAINT-GERMAIN-EN-LAYE,78,Appartement,26,1,51,2022
815000,78150,LE CHESNAY-ROCQUENCOURT,78,Maison,60,3,401,2022
330000,78500,SARTROUVILLE,78,Maison,120,4,339,2022
525350,78830,BULLION,78,Maison,225,8,152,2022
381025,78660,PRUNAY-EN-YVELINES,78,Maison,177,8,545,2022
381025,78660,PRUNAY-EN-YVELINES,78,Maison,177,8,1000,2022
640000,78950,GAMBAIS,78,Dépendance,0,0,500,2022
640000,78950,GAMBAIS,78,Maison,98,4,500,2022
640000,78950,GAMBAIS,78,Dépendance,0,0,157,2022
640000,78950,GAMBAIS,78,Maison,98,4,157,2022
640000,78950,GAMBAIS,78,Maison,99,4,1658,2022
640000,78950,GAMBAIS,78,Maison,99,4,600,2022
640000,78950,GAMBAIS,78,Dépendance,0,0,600,2022
640000,78950,GAMBAIS,78,Dépendance,0,0,1658,2022
260000,78670,VILLENNES-SUR-SEINE,78,Local industriel. commercial ou assimilé,0,0,18,2022
346500,78310,MAUREPAS,78,Maison,85,4,232,2022
1278370,78750,MAREIL-MARLY,78,Maison,216,6,500,2022
1278370,78750,MAREIL-MARLY,78,Maison,216,6,446,2022
840000,78600,MESNIL-LE-ROI (LE),78,Maison,99,4,365,2022
785000,78125,GAZERAN,78,Local industriel. commercial ou assimilé,676,0,2263,2022
144000,78890,GARANCIERES,78,Dépendance,0,0,236,2022
334050,78650,BEYNES,78,Dépendance,0,0,434,2022
334050,78650,BEYNES,78,Maison,84,4,434,2022
288000,78240,CHAMBOURCY,78,Maison,81,3,295,2022
585000,78480,VERNEUIL SUR SEINE,78,Maison,50,3,370,2022
585000,78480,VERNEUIL SUR SEINE,78,Dépendance,0,0,370,2022
300,78630,MORAINVILLIERS,78,Dépendance,0,0,40,2022
300,78630,MORAINVILLIERS,78,Dépendance,0,0,630,2022
800000,78110,VESINET (LE),78,Maison,69,4,443,2022
445000,78180,MONTIGNY LE BRETONNEUX,78,Maison,92,4,127,2022
761000,78120,RAMBOUILLET,78,Maison,230,7,500,2022
761000,78120,RAMBOUILLET,78,Maison,230,7,691,2022
644000,78480,VERNEUIL SUR SEINE,78,Maison,82,5,492,2022
250000,78660,SAINT-MARTIN-DE-BRETHENCOURT,78,Maison,63,5,277,2022
250000,78660,SAINT-MARTIN-DE-BRETHENCOURT,78,Local industriel. commercial ou assimilé,95,0,277,2022
120000,78510,TRIEL SUR SEINE,78,Maison,50,2,2694,2022
120000,78510,TRIEL SUR SEINE,78,Maison,50,2,500,2022
790000,78120,RAMBOUILLET,78,Local industriel. commercial ou assimilé,220,0,389,2022
790000,78120,RAMBOUILLET,78,Local industriel. commercial ou assimilé,94,0,879,2022
790000,78120,RAMBOUILLET,78,Local industriel. commercial ou assimilé,105,0,879,2022
790000,78120,RAMBOUILLET,78,Local industriel. commercial ou assimilé,570,0,879,2022
1339475,78530,BUC,78,Maison,172,5,771,2022
269000,78111,DAMMARTIN EN SERVE,78,Maison,80,4,303,2022
510000,78500,SARTROUVILLE,78,Dépendance,0,0,272,2022
510000,78500,SARTROUVILLE,78,Maison,71,4,272,2022
559000,78230,PECQ (LE),78,Maison,100,5,448,2022
500000,78300,POISSY,78,Maison,141,5,745,2022
500000,78300,POISSY,78,Dépendance,0,0,745,2022
470000,78490,GALLUIS,78,Maison,97,4,500,2022
470000,78490,GALLUIS,78,Maison,97,4,301,2022
47000,78113,BOURDONNE,78,Maison,58,1,385,2022
237000,78520,LIMAY,78,Maison,87,4,462,2022
860000,78490,TREMBLAY-SUR-MAULDRE (LE),78,Maison,182,6,500,2022
860000,78490,TREMBLAY-SUR-MAULDRE (LE),78,Maison,182,6,668,2022
860000,78490,TREMBLAY-SUR-MAULDRE (LE),78,Dépendance,0,0,668,2022
860000,78490,TREMBLAY-SUR-MAULDRE (LE),78,Dépendance,0,0,500,2022
240500,78520,LIMAY,78,Maison,89,4,1001,2022
297000,78570,ANDRESY,78,Maison,85,4,353,2022
150000,78680,EPONE,78,Maison,40,3,41,2022
300950,78310,MAUREPAS,78,Dépendance,0,0,125,2022
300950,78310,MAUREPAS,78,Maison,89,4,125,2022
200000,78130,MUREAUX (LES),78,Dépendance,0,0,208,2022
200000,78130,MUREAUX (LES),78,Maison,76,3,208,2022
910000,78420,CARRIERES SUR SEINE,78,Maison,140,6,687,2022
290000,78310,COIGNIERES,78,Maison,66,3,127,2022
1640000,78490,MONTFORT-L AMAURY,78,Maison,120,6,500,2022
1640000,78490,MONTFORT-L AMAURY,78,Local industriel. commercial ou assimilé,3,0,1140,2022
1640000,78490,MONTFORT-L AMAURY,78,Maison,120,6,1140,2022
1640000,78490,MONTFORT-L AMAURY,78,Dépendance,0,0,1140,2022
1640000,78490,MONTFORT-L AMAURY,78,Dépendance,0,0,500,2022
1640000,78490,MONTFORT-L AMAURY,78,Local industriel. commercial ou assimilé,3,0,500,2022
550000,78720,CELLE-LES-BORDES (LA),78,Dépendance,0,0,500,2022
550000,78720,CELLE-LES-BORDES (LA),78,Dépendance,0,0,709,2022
550000,78720,CELLE-LES-BORDES (LA),78,Maison,132,5,709,2022
550000,78720,CELLE-LES-BORDES (LA),78,Maison,132,5,500,2022
632000,78300,POISSY,78,Dépendance,0,0,377,2022
632000,78300,POISSY,78,Maison,96,6,377,2022
676950,78112,SAINT-GERMAIN-EN-LAYE,78,Local industriel. commercial ou assimilé,194,0,600,2022
676950,78112,SAINT-GERMAIN-EN-LAYE,78,Local industriel. commercial ou assimilé,194,0,441,2022
350000,78790,SEPTEUIL,78,Maison,146,6,500,2022
350000,78790,SEPTEUIL,78,Maison,146,6,700,2022
290000,78130,CHAPET,78,Maison,60,3,525,2022
290000,78130,CHAPET,78,Dépendance,0,0,800,2022
290000,78130,CHAPET,78,Maison,60,3,800,2022
290000,78130,CHAPET,78,Dépendance,0,0,525,2022
622470,78960,VOISINS-LE-BRETONNEUX,78,Maison,99,5,310,2022
160000,78950,GAMBAIS,78,Maison,70,4,583,2022
334000,78440,FONTENAY-SAINT-PERE,78,Maison,119,5,1000,2022
334000,78440,FONTENAY-SAINT-PERE,78,Maison,119,5,2364,2022
495000,78120,RAMBOUILLET,78,Maison,122,5,323,2022
510000,78510,TRIEL SUR SEINE,78,Maison,144,6,719,2022
534950,78960,VOISINS-LE-BRETONNEUX,78,Maison,90,5,315,2022
1170000,78220,VIROFLAY,78,Dépendance,0,0,499,2022
1170000,78220,VIROFLAY,78,Maison,150,6,499,2022
1207050,78870,BAILLY,78,Maison,290,7,375,2022
1207050,78870,BAILLY,78,Maison,40,2,3000,2022
1207050,78870,BAILLY,78,Dépendance,0,0,375,2022
1207050,78870,BAILLY,78,Maison,40,2,375,2022
1207050,78870,BAILLY,78,Dépendance,0,0,3000,2022
1207050,78870,BAILLY,78,Maison,290,7,3000,2022
2270000,78120,RAMBOUILLET,78,Local industriel. commercial ou assimilé,502,0,4600,2022
2270000,78120,RAMBOUILLET,78,Local industriel. commercial ou assimilé,1010,0,4600,2022
385000,78630,MORAINVILLIERS,78,Maison,90,3,584,2022
712000,78590,NOISY LE ROI,78,Maison,114,5,460,2022
329000,78980,NEAUPHLETTE,78,Maison,168,4,397,2022
880000,78000,VERSAILLES,78,Local industriel. commercial ou assimilé,267,0,472,2022
880000,78000,VERSAILLES,78,Maison,84,3,472,2022
380000,78650,BEYNES,78,Maison,95,5,401,2022
380000,78650,BEYNES,78,Dépendance,0,0,401,2022
333760,78320,MESNIL-SAINT-DENIS (LE),78,Maison,86,4,251,2022
340000,78660,ABLIS,78,Appartement,20,1,89,2022
340000,78660,ABLIS,78,Appartement,50,3,89,2022
340000,78660,ABLIS,78,Appartement,26,1,89,2022
425000,78310,MAUREPAS,78,Maison,122,4,438,2022
342000,78730,LONGVILLIERS,78,Maison,101,5,742,2022
380000,78760,JOUARS-PONTCHARTRAIN,78,Maison,120,4,69,2022
231020,78840,MOISSON,78,Dépendance,0,0,682,2022
231020,78840,MOISSON,78,Maison,55,1,682,2022
231020,78840,MOISSON,78,Maison,55,1,500,2022
231020,78840,MOISSON,78,Dépendance,0,0,500,2022
139000,78270,BONNIERES-SUR-SEINE,78,Maison,6,1,74,2022
355000,78120,RAMBOUILLET,78,Maison,99,6,401,2022
330000,78540,VERNOUILLET,78,Local industriel. commercial ou assimilé,953,0,953,2022
306000,78700,CONFLANS SAINTE HONORINE,78,Maison,65,4,455,2022
434000,78340,CLAYES-SOUS-BOIS (LES),78,Maison,98,4,206,2022
434000,78340,CLAYES-SOUS-BOIS (LES),78,Dépendance,0,0,19,2022
360000,78580,BAZEMONT,78,Dépendance,0,0,500,2022
360000,78580,BAZEMONT,78,Maison,162,5,1227,2022
360000,78580,BAZEMONT,78,Dépendance,0,0,1227,2022
360000,78580,BAZEMONT,78,Maison,162,5,500,2022
494000,78113,ADAINVILLE,78,Maison,130,4,491,2022
494000,78113,ADAINVILLE,78,Dépendance,0,0,491,2022
401000,78650,BEYNES,78,Maison,90,5,485,2022
500000,78600,MAISONS-LAFFITTE,78,Appartement,35,2,111,2022
548000,78300,POISSY,78,Maison,111,6,172,2022
548000,78300,POISSY,78,Dépendance,0,0,172,2022
267500,78700,CONFLANS SAINTE HONORINE,78,Maison,51,3,234,2022
255000,78400,CHATOU,78,Dépendance,0,0,135,2022
255000,78400,CHATOU,78,Maison,45,3,135,2022
650000,78700,CONFLANS SAINTE HONORINE,78,Local industriel. commercial ou assimilé,47,0,154,2022
650000,78700,CONFLANS SAINTE HONORINE,78,Local industriel. commercial ou assimilé,130,0,154,2022
650000,78700,CONFLANS SAINTE HONORINE,78,Local industriel. commercial ou assimilé,67,0,154,2022
430000,78360,MONTESSON,78,Maison,146,5,80,2022
60000,78640,NEAUPHLE-LE-CHATEAU,78,Dépendance,0,0,37,2022
641500,78140,VELIZY VILLACOUBLAY,78,Maison,107,4,315,2022
418000,78310,MAUREPAS,78,Maison,93,5,239,2022
358000,78490,BOISSY-SANS-AVOIR,78,Maison,100,6,582,2022
485950,78150,LE CHESNAY-ROCQUENCOURT,78,Maison,65,3,69,2022
829000,78690,SAINT-REMY-L HONORE,78,Maison,178,7,500,2022
829000,78690,SAINT-REMY-L HONORE,78,Maison,178,7,1900,2022
647500,78730,SAINT-ARNOULT-EN-YVELINES,78,Maison,177,6,648,2022
647500,78730,SAINT-ARNOULT-EN-YVELINES,78,Maison,177,6,500,2022
470000,78480,VERNEUIL SUR SEINE,78,Maison,124,8,578,2022
470000,78480,VERNEUIL SUR SEINE,78,Dépendance,0,0,578,2022
15000000,78180,MONTIGNY LE BRETONNEUX,78,Local industriel. commercial ou assimilé,11668,0,8000,2022
15000000,78180,MONTIGNY LE BRETONNEUX,78,Local industriel. commercial ou assimilé,11668,0,14902,2022
15000000,78180,MONTIGNY LE BRETONNEUX,78,Local industriel. commercial ou assimilé,1780,0,14902,2022
15000000,78180,MONTIGNY LE BRETONNEUX,78,Local industriel. commercial ou assimilé,50,0,14902,2022
15000000,78180,MONTIGNY LE BRETONNEUX,78,Local industriel. commercial ou assimilé,11195,0,14902,2022
15000000,78180,MONTIGNY LE BRETONNEUX,78,Local industriel. commercial ou assimilé,5886,0,14902,2022
15000000,78180,MONTIGNY LE BRETONNEUX,78,Local industriel. commercial ou assimilé,1780,0,8000,2022
15000000,78180,MONTIGNY LE BRETONNEUX,78,Local industriel. commercial ou assimilé,50,0,8000,2022
15000000,78180,MONTIGNY LE BRETONNEUX,78,Local industriel. commercial ou assimilé,11195,0,8000,2022
15000000,78180,MONTIGNY LE BRETONNEUX,78,Local industriel. commercial ou assimilé,5886,0,8000,2022
1381750,78170,CELLE-SAINT-CLOUD (LA),78,Maison,236,10,200,2022
1381750,78170,CELLE-SAINT-CLOUD (LA),78,Maison,236,10,749,2022
218520,78955,CARRIERES SOUS POISSY,78,Dépendance,0,0,74,2022
218520,78955,CARRIERES SOUS POISSY,78,Maison,65,3,74,2022
432200,78570,ANDRESY,78,Maison,116,5,456,2022
545000,78910,ORGERUS,78,Dépendance,0,0,1472,2022
545000,78910,ORGERUS,78,Maison,175,7,500,2022
545000,78910,ORGERUS,78,Maison,175,7,1472,2022
545000,78910,ORGERUS,78,Dépendance,0,0,500,2022
434000,78480,VERNEUIL SUR SEINE,78,Maison,80,6,468,2022
370500,78125,ORCEMONT,78,Maison,95,5,621,2022
279000,78250,HARDRICOURT,78,Maison,113,4,582,2022
85000,78670,VILLENNES-SUR-SEINE,78,Dépendance,0,0,77,2022
175000,78570,CHANTELOUP-LES-VIGNES,78,Dépendance,0,0,154,2022
175000,78570,CHANTELOUP-LES-VIGNES,78,Maison,53,3,154,2022
1120000,78350,JOUY EN JOSAS,78,Maison,159,6,590,2022
1120000,78350,JOUY EN JOSAS,78,Dépendance,0,0,590,2022
1120000,78350,JOUY EN JOSAS,78,Maison,159,6,130,2022
1120000,78350,JOUY EN JOSAS,78,Dépendance,0,0,130,2022
1288150,78290,CROISSY SUR SEINE,78,Maison,140,6,810,2022
824000,78210,SAINT-CYR-L ECOLE,78,Appartement,48,2,596,2022
824000,78210,SAINT-CYR-L ECOLE,78,Appartement,41,2,596,2022
824000,78210,SAINT-CYR-L ECOLE,78,Appartement,68,4,596,2022
824000,78210,SAINT-CYR-L ECOLE,78,Appartement,33,3,596,2022
824000,78210,SAINT-CYR-L ECOLE,78,Dépendance,0,0,596,2022
371000,78670,VILLENNES-SUR-SEINE,78,Local industriel. commercial ou assimilé,120,0,238,2022
418600,78640,VILLIERS-SAINT-FREDERIC,78,Maison,120,5,506,2022
418330,78650,BEYNES,78,Maison,72,4,346,2022
418330,78650,BEYNES,78,Maison,72,4,700,2022
2155000,78000,VERSAILLES,78,Maison,219,8,800,2022
290500,78580,MAULE,78,Maison,96,4,191,2022
182000,78410,AUBERGENVILLE,78,Maison,63,4,475,2022
240000,78250,MEZY-SUR-SEINE,78,Maison,88,5,500,2022
1,78114,MAGNY-LES-HAMEAUX,78,Maison,26,1,1105,2022
1,78114,MAGNY-LES-HAMEAUX,78,Maison,9,1,1105,2022
1,78114,MAGNY-LES-HAMEAUX,78,Maison,35,1,1105,2022
1,78114,MAGNY-LES-HAMEAUX,78,Local industriel. commercial ou assimilé,0,0,1105,2022
500000,78980,BREVAL,78,Dépendance,0,0,614,2022
500000,78980,BREVAL,78,Maison,145,7,614,2022
300000,78440,PORCHEVILLE,78,Local industriel. commercial ou assimilé,236,0,728,2022
300000,78440,PORCHEVILLE,78,Appartement,45,2,728,2022
549850,78500,SARTROUVILLE,78,Maison,100,3,431,2022
303400,78200,BUCHELAY,78,Maison,105,5,359,2022
185000,78660,ABLIS,78,Dépendance,0,0,580,2022
185000,78660,ABLIS,78,Maison,49,2,580,2022
505000,78125,HERMERAY,78,Dépendance,0,0,590,2022
505000,78125,HERMERAY,78,Maison,146,5,208,2022
505000,78125,HERMERAY,78,Maison,146,5,590,2022
505000,78125,HERMERAY,78,Dépendance,0,0,208,2022
1139400,78600,MAISONS-LAFFITTE,78,Maison,125,6,650,2022
630584,78140,VELIZY VILLACOUBLAY,78,Maison,66,4,192,2022
390000,78550,BAZAINVILLE,78,Maison,153,6,721,2022
390000,78550,BAZAINVILLE,78,Maison,153,6,500,2022
410000,78510,TRIEL SUR SEINE,78,Maison,120,5,500,2022
55000,78550,HOUDAN,78,Dépendance,0,0,26,2022
742000,78000,VERSAILLES,78,Maison,110,4,172,2022
450000,78930,VILLETTE,78,Maison,90,3,332,2022
180156,78760,JOUARS-PONTCHARTRAIN,78,Maison,80,4,850,2022
180156,78760,JOUARS-PONTCHARTRAIN,78,Maison,80,4,500,2022
444900,78580,MAULE,78,Dépendance,0,0,500,2022
444900,78580,MAULE,78,Dépendance,0,0,1062,2022
444900,78580,MAULE,78,Maison,80,3,500,2022
444900,78580,MAULE,78,Maison,80,3,1062,2022
580000,78500,SARTROUVILLE,78,Maison,97,4,328,2022
470000,78500,SARTROUVILLE,78,Appartement,26,1,145,2022
470000,78500,SARTROUVILLE,78,Appartement,30,2,145,2022
470000,78500,SARTROUVILLE,78,Dépendance,0,0,145,2022
470000,78500,SARTROUVILLE,78,Appartement,24,1,145,2022
470000,78930,VERT,78,Dépendance,0,0,700,2022
470000,78930,VERT,78,Maison,161,5,970,2022
470000,78930,VERT,78,Dépendance,0,0,970,2022
470000,78930,VERT,78,Maison,161,5,700,2022
250000,78200,MANTES-LA-JOLIE,78,Dépendance,0,0,225,2022
250000,78200,MANTES-LA-JOLIE,78,Maison,65,4,225,2022
271180,78200,MAGNANVILLE,78,Maison,73,3,462,2022
542950,78790,MONTCHAUVET,78,Dépendance,0,0,500,2022
542950,78790,MONTCHAUVET,78,Maison,118,6,500,2022
542950,78790,MONTCHAUVET,78,Maison,118,6,640,2022
542950,78790,MONTCHAUVET,78,Dépendance,0,0,640,2022
325000,78310,MAUREPAS,78,Maison,85,4,199,2022
320000,78160,MARLY-LE-ROI,78,Maison,65,3,65,2022
320000,78160,MARLY-LE-ROI,78,Dépendance,0,0,32,2022
410000,78200,SOINDRES,78,Maison,132,4,180,2022
410000,78200,SOINDRES,78,Maison,132,4,500,2022
840000,78350,LOGES-EN-JOSAS (LES),78,Maison,170,5,453,2022
840000,78350,LOGES-EN-JOSAS (LES),78,Dépendance,0,0,453,2022
841000,78170,CELLE-SAINT-CLOUD (LA),78,Maison,100,4,496,2022
410000,78120,RAMBOUILLET,78,Maison,125,5,286,2022
410000,78120,RAMBOUILLET,78,Dépendance,0,0,286,2022
949630,78400,CHATOU,78,Maison,106,6,450,2022
360000,78320,MESNIL-SAINT-DENIS (LE),78,Maison,75,4,370,2022
483000,78800,HOUILLES,78,Maison,103,5,243,2022
450000,78470,SAINT-REMY-LES-CHEVREUSE,78,Dépendance,0,0,295,2022
450000,78470,SAINT-REMY-LES-CHEVREUSE,78,Maison,130,5,295,2022
718145,78114,MAGNY-LES-HAMEAUX,78,Maison,160,8,625,2022
718145,78114,MAGNY-LES-HAMEAUX,78,Maison,160,8,500,2022
426500,78140,VELIZY VILLACOUBLAY,78,Dépendance,0,0,226,2022
426500,78140,VELIZY VILLACOUBLAY,78,Maison,33,3,226,2022
448000,78700,CONFLANS SAINTE HONORINE,78,Maison,88,5,501,2022
310000,78200,BUCHELAY,78,Maison,95,5,447,2022
310000,78200,BUCHELAY,78,Maison,95,5,500,2022
178900,78680,EPONE,78,Maison,33,2,125,2022
552000,78760,JOUARS-PONTCHARTRAIN,78,Maison,140,7,1026,2022
148500,78740,VAUX-SUR-SEINE,78,Dépendance,0,0,5,2022
300000,78711,MANTES-LA-VILLE,78,Local industriel. commercial ou assimilé,143,0,244,2022
485000,78700,CONFLANS SAINTE HONORINE,78,Maison,135,6,686,2022
426000,78410,FALAISE (LA),78,Maison,134,7,737,2022
961983,78860,SAINT-NOM-LA-BRETECHE,78,Maison,189,8,1035,2022
436000,78790,SEPTEUIL,78,Maison,107,5,500,2022
436000,78790,SEPTEUIL,78,Dépendance,0,0,933,2022
436000,78790,SEPTEUIL,78,Maison,107,5,933,2022
436000,78790,SEPTEUIL,78,Dépendance,0,0,500,2022
753200,78540,VERNOUILLET,78,Maison,194,7,840,2022
1670000,78600,MAISONS-LAFFITTE,78,Maison,200,8,543,2022
360000,78790,HARGEVILLE,78,Maison,83,3,436,2022
360000,78790,HARGEVILLE,78,Maison,55,3,436,2022
507500,78500,SARTROUVILLE,78,Maison,80,5,648,2022
402800,78760,JOUARS-PONTCHARTRAIN,78,Maison,85,4,1023,2022
275000,78970,MEZIERES-SUR-SEINE,78,Maison,110,3,206,2022
40000,78490,MONTFORT-L AMAURY,78,Maison,104,4,65,2022
136500,78740,VAUX-SUR-SEINE,78,Maison,30,1,23,2022
1,78711,MANTES-LA-VILLE,78,Local industriel. commercial ou assimilé,3032,0,1734,2022
1,78711,MANTES-LA-VILLE,78,Local industriel. commercial ou assimilé,2381,0,1734,2022
315600,78320,MESNIL-SAINT-DENIS (LE),78,Maison,64,3,120,2022
315600,78320,MESNIL-SAINT-DENIS (LE),78,Dépendance,0,0,120,2022
315600,78320,MESNIL-SAINT-DENIS (LE),78,Maison,64,3,797,2022
315600,78320,MESNIL-SAINT-DENIS (LE),78,Dépendance,0,0,797,2022
335000,78711,MANTES-LA-VILLE,78,Local industriel. commercial ou assimilé,84,0,240,2022
335000,78711,MANTES-LA-VILLE,78,Appartement,51,3,240,2022
335000,78711,MANTES-LA-VILLE,78,Local industriel. commercial ou assimilé,70,0,240,2022
353280,78990,ELANCOURT,78,Maison,106,5,262,2022
520000,78210,SAINT-CYR-L ECOLE,78,Maison,107,6,379,2022
5267668,78320,MESNIL-SAINT-DENIS (LE),78,Local industriel. commercial ou assimilé,3270,0,1240,2022
1240000,78000,VERSAILLES,78,Maison,120,8,396,2022
275000,78730,PONTHEVRARD,78,Maison,92,5,1100,2022
275000,78730,PONTHEVRARD,78,Dépendance,0,0,1100,2022
275000,78730,PONTHEVRARD,78,Dépendance,0,0,550,2022
275000,78730,PONTHEVRARD,78,Maison,92,5,550,2022
415000,78280,GUYANCOURT,78,Dépendance,0,0,500,2022
415000,78280,GUYANCOURT,78,Maison,80,5,500,2022
405000,78520,SAINT-MARTIN-LA-GARENNE,78,Dépendance,0,0,500,2022
405000,78520,SAINT-MARTIN-LA-GARENNE,78,Maison,123,6,340,2022
405000,78520,SAINT-MARTIN-LA-GARENNE,78,Dépendance,0,0,340,2022
405000,78520,SAINT-MARTIN-LA-GARENNE,78,Dépendance,0,0,1219,2022
405000,78520,SAINT-MARTIN-LA-GARENNE,78,Maison,123,6,1219,2022
405000,78520,SAINT-MARTIN-LA-GARENNE,78,Maison,123,6,500,2022
287470,78310,MAUREPAS,78,Maison,85,4,108,2022
260000,78980,SAINT-ILLIERS-LA-VILLE,78,Dépendance,0,0,1117,2022
260000,78980,SAINT-ILLIERS-LA-VILLE,78,Maison,132,4,1117,2022
200000,78870,BAILLY,78,Dépendance,0,0,510,2022
200000,78870,BAILLY,78,Maison,185,6,510,2022
400000,78114,MAGNY-LES-HAMEAUX,78,Maison,52,4,574,2022
260000,78840,MOISSON,78,Maison,126,5,165,2022
65400,78113,BOURDONNE,78,Dépendance,0,0,269,2022
65400,78113,BOURDONNE,78,Maison,108,3,269,2022
361000,78790,FLINS-NEUVE-EGLISE,78,Maison,122,5,152,2022
361000,78790,FLINS-NEUVE-EGLISE,78,Maison,122,5,1350,2022
490100,78990,ELANCOURT,78,Maison,145,5,854,2022
228000,78520,LIMAY,78,Dépendance,0,0,42,2022
228000,78520,LIMAY,78,Appartement,28,1,42,2022
228000,78520,LIMAY,78,Local industriel. commercial ou assimilé,55,0,42,2022
626000,78570,CHANTELOUP-LES-VIGNES,78,Maison,200,5,940,2022
626000,78570,CHANTELOUP-LES-VIGNES,78,Dépendance,0,0,940,2022
626000,78570,CHANTELOUP-LES-VIGNES,78,Maison,200,5,150,2022
626000,78570,CHANTELOUP-LES-VIGNES,78,Dépendance,0,0,150,2022
720000,78730,SAINT-ARNOULT-EN-YVELINES,78,Maison,216,6,739,2022
720000,78730,SAINT-ARNOULT-EN-YVELINES,78,Maison,216,6,500,2022
418650,78720,CERNAY-LA-VILLE,78,Maison,97,5,366,2022
2053250,78810,FEUCHEROLLES,78,Dépendance,0,0,18245,2022
2053250,78810,FEUCHEROLLES,78,Maison,432,11,800,2022
2053250,78810,FEUCHEROLLES,78,Maison,81,4,800,2022
2053250,78810,FEUCHEROLLES,78,Maison,18,2,800,2022
2053250,78810,FEUCHEROLLES,78,Maison,81,4,18245,2022
2053250,78810,FEUCHEROLLES,78,Maison,18,2,18245,2022
2053250,78810,FEUCHEROLLES,78,Maison,25,2,800,2022
2053250,78810,FEUCHEROLLES,78,Dépendance,0,0,800,2022
2053250,78810,FEUCHEROLLES,78,Maison,432,11,18245,2022
2053250,78810,FEUCHEROLLES,78,Maison,25,2,18245,2022
332000,78250,OINVILLE-SUR-MONTCIENT,78,Maison,83,4,427,2022
311000,78450,VILLEPREUX,78,Maison,66,4,92,2022
203233,78130,MUREAUX (LES),78,Appartement,22,1,162,2022
203233,78130,MUREAUX (LES),78,Dépendance,0,0,162,2022
203233,78130,MUREAUX (LES),78,Appartement,28,2,162,2022
419000,78340,CLAYES-SOUS-BOIS (LES),78,Maison,89,4,370,2022
340000,78410,AUBERGENVILLE,78,Maison,75,4,316,2022
340000,78410,AUBERGENVILLE,78,Dépendance,0,0,316,2022
540800,78720,CERNAY-LA-VILLE,78,Maison,140,7,1100,2022
540800,78720,CERNAY-LA-VILLE,78,Maison,140,7,536,2022
380000,78550,HOUDAN,78,Appartement,55,4,275,2022
380000,78550,HOUDAN,78,Local industriel. commercial ou assimilé,391,0,275,2022
220000,78440,ISSOU,78,Maison,70,5,521,2022
220000,78440,ISSOU,78,Dépendance,0,0,521,2022
720000,78670,VILLENNES-SUR-SEINE,78,Maison,156,6,802,2022
524750,78650,SAULX-MARCHAIS,78,Dépendance,0,0,262,2022
524750,78650,SAULX-MARCHAIS,78,Maison,146,7,262,2022
335000,78610,PERRAY-EN-YVELINES (LE),78,Maison,95,5,451,2022
335000,78610,PERRAY-EN-YVELINES (LE),78,Dépendance,0,0,451,2022
455000,78390,BOIS D ARCY,78,Maison,93,4,650,2022
235000,78711,MANTES-LA-VILLE,78,Maison,99,5,272,2022
269900,78520,LIMAY,78,Maison,97,5,439,2022
106000,78980,LONGNES,78,Maison,84,5,493,2022
235000,78840,FRENEUSE,78,Maison,80,5,786,2022
235000,78840,FRENEUSE,78,Maison,80,5,390,2022
706800,78480,VERNEUIL SUR SEINE,78,Maison,191,7,176,2022
65000,78130,MUREAUX (LES),78,Maison,88,4,455,2022
65000,78130,MUREAUX (LES),78,Maison,88,4,500,2022
398880,78770,VILLIERS-LE-MAHIEU,78,Maison,138,5,261,2022
671000,78400,CHATOU,78,Dépendance,0,0,315,2022
671000,78400,CHATOU,78,Maison,92,4,315,2022
671000,78400,CHATOU,78,Maison,166,6,315,2022
287400,78125,HERMERAY,78,Maison,83,4,169,2022
709000,78360,MONTESSON,78,Maison,108,5,345,2022
210000,78180,MONTIGNY LE BRETONNEUX,78,Maison,79,4,106,2022
210000,78180,MONTIGNY LE BRETONNEUX,78,Dépendance,0,0,20,2022
427000,78390,BOIS D ARCY,78,Maison,75,4,601,2022
1860000,78860,SAINT-NOM-LA-BRETECHE,78,Maison,255,8,854,2022
362085,78260,ACHERES,78,Maison,76,3,221,2022
291300,78320,LEVIS-SAINT-NOM,78,Maison,74,4,597,2022
541000,78730,SAINT-ARNOULT-EN-YVELINES,78,Maison,170,7,850,2022
541000,78730,SAINT-ARNOULT-EN-YVELINES,78,Maison,170,7,200,2022
1285880,78490,GROSROUVRE,78,Maison,282,7,3696,2022
1285880,78490,GROSROUVRE,78,Maison,282,7,500,2022
109500,78970,MEZIERES-SUR-SEINE,78,Maison,100,5,750,2022
1507950,78100,SAINT-GERMAIN-EN-LAYE,78,Maison,139,5,725,2022
1507950,78100,SAINT-GERMAIN-EN-LAYE,78,Dépendance,0,0,725,2022
315000,78440,PORCHEVILLE,78,Maison,97,5,696,2022
315000,78440,PORCHEVILLE,78,Dépendance,0,0,696,2022
723800,78125,SAINT-HILARION,78,Maison,215,8,2712,2022
723800,78125,SAINT-HILARION,78,Dépendance,0,0,500,2022
723800,78125,SAINT-HILARION,78,Maison,215,8,500,2022
723800,78125,SAINT-HILARION,78,Dépendance,0,0,2712,2022
217000,78410,AUBERGENVILLE,78,Maison,70,3,321,2022
500000,78500,SARTROUVILLE,78,Maison,81,4,468,2022
245000,78680,EPONE,78,Maison,89,4,500,2022
245000,78680,EPONE,78,Maison,89,4,341,2022
2182500,78110,VESINET (LE),78,Dépendance,0,0,137,2022
2182500,78110,VESINET (LE),78,Maison,240,7,137,2022
2182500,78110,VESINET (LE),78,Dépendance,0,0,1347,2022
2182500,78110,VESINET (LE),78,Maison,240,7,1347,2022
662261,78430,LOUVECIENNES,78,Maison,73,5,371,2022
836750,78112,SAINT-GERMAIN-EN-LAYE,78,Maison,129,5,305,2022
891000,78170,CELLE-SAINT-CLOUD (LA),78,Maison,102,5,584,2022
328000,78130,MUREAUX (LES),78,Maison,66,4,328,2022
557143,78320,MESNIL-SAINT-DENIS (LE),78,Maison,74,3,48,2022
557143,78320,MESNIL-SAINT-DENIS (LE),78,Dépendance,0,0,48,2022
356495,78990,ELANCOURT,78,Dépendance,0,0,281,2022
356495,78990,ELANCOURT,78,Maison,114,4,281,2022
360000,78310,COIGNIERES,78,Maison,96,5,597,2022
360000,78310,COIGNIERES,78,Dépendance,0,0,597,2022
646000,78770,MARCQ,78,Maison,200,7,500,2022
646000,78770,MARCQ,78,Maison,200,7,992,2022
260000,78120,RAMBOUILLET,78,Maison,51,3,96,2022
2708000,78110,VESINET (LE),78,Maison,325,10,915,2022
2708000,78110,VESINET (LE),78,Dépendance,0,0,915,2022
2708000,78110,VESINET (LE),78,Maison,325,10,395,2022
2708000,78110,VESINET (LE),78,Dépendance,0,0,395,2022
280450,78410,AUBERGENVILLE,78,Maison,74,3,371,2022
1760000,78600,MAISONS-LAFFITTE,78,Dépendance,0,0,988,2022
1760000,78600,MAISONS-LAFFITTE,78,Maison,167,6,988,2022
145000,78510,TRIEL SUR SEINE,78,Maison,100,4,816,2022
971000,78600,MAISONS-LAFFITTE,78,Maison,110,5,437,2022
971000,78600,MAISONS-LAFFITTE,78,Dépendance,0,0,437,2022
285400,78440,GARGENVILLE,78,Maison,47,2,320,2022
900000,78400,CHATOU,78,Maison,60,3,553,2022
646000,78400,CHATOU,78,Maison,120,5,421,2022
1199400,78200,MANTES-LA-JOLIE,78,Local industriel. commercial ou assimilé,1000,0,6990,2022
1199400,78200,MANTES-LA-JOLIE,78,Local industriel. commercial ou assimilé,5941,0,6990,2022
1910000,78600,MAISONS-LAFFITTE,78,Dépendance,0,0,762,2022
1910000,78600,MAISONS-LAFFITTE,78,Maison,241,8,762,2022
30000,78670,MEDAN,78,Maison,15,2,155,2022
30000,78670,MEDAN,78,Dépendance,0,0,54,2022
30000,78670,MEDAN,78,Dépendance,0,0,52,2022
810308,78125,POIGNY-LA-FORET,78,Dépendance,0,0,845,2022
810308,78125,POIGNY-LA-FORET,78,Maison,165,5,845,2022
637500,78700,CONFLANS SAINTE HONORINE,78,Maison,105,4,340,2022
637500,78700,CONFLANS SAINTE HONORINE,78,Maison,105,4,500,2022
1528076,78200,MANTES-LA-JOLIE,78,Local industriel. commercial ou assimilé,12792,0,15642,2022
854136,78680,EPONE,78,Maison,89,4,341,2022
854136,78680,EPONE,78,Maison,89,4,500,2022
854136,78680,EPONE,78,Maison,98,4,467,2022
900000,78530,BUC,78,Local industriel. commercial ou assimilé,435,0,971,2022
900000,78530,BUC,78,Local industriel. commercial ou assimilé,420,0,971,2022
900000,78530,BUC,78,Local industriel. commercial ou assimilé,208,0,971,2022
1402670,78600,MESNIL-LE-ROI (LE),78,Dépendance,0,0,600,2022
1402670,78600,MESNIL-LE-ROI (LE),78,Maison,163,5,600,2022
1402670,78600,MESNIL-LE-ROI (LE),78,Dépendance,0,0,196,2022
1402670,78600,MESNIL-LE-ROI (LE),78,Maison,163,5,196,2022
2976616,78970,MEZIERES-SUR-SEINE,78,Maison,68,4,554,2022
2976616,78970,MEZIERES-SUR-SEINE,78,Dépendance,0,0,554,2022
2976616,78970,MEZIERES-SUR-SEINE,78,Maison,75,3,799,2022
2976616,78970,MEZIERES-SUR-SEINE,78,Dépendance,0,0,733,2022
2976616,78970,MEZIERES-SUR-SEINE,78,Appartement,60,3,733,2022
2976616,78970,MEZIERES-SUR-SEINE,78,Local industriel. commercial ou assimilé,539,0,733,2022
2976616,78970,MEZIERES-SUR-SEINE,78,Appartement,109,4,733,2022
2976616,78970,MEZIERES-SUR-SEINE,78,Appartement,85,2,733,2022
2976616,78970,MEZIERES-SUR-SEINE,78,Appartement,79,3,733,2022
2976616,78970,MEZIERES-SUR-SEINE,78,Appartement,70,2,733,2022
2976616,78970,MEZIERES-SUR-SEINE,78,Appartement,54,2,733,2022
2976616,78970,MEZIERES-SUR-SEINE,78,Appartement,61,2,733,2022
2976616,78970,MEZIERES-SUR-SEINE,78,Appartement,30,1,138,2022
2976616,78970,MEZIERES-SUR-SEINE,78,Appartement,41,2,138,2022
2976616,78970,MEZIERES-SUR-SEINE,78,Maison,113,5,862,2022
2976616,78970,MEZIERES-SUR-SEINE,78,Dépendance,0,0,862,2022
350000,78570,CHANTELOUP-LES-VIGNES,78,Maison,110,5,124,2022
350000,78570,CHANTELOUP-LES-VIGNES,78,Dépendance,0,0,124,2022
305000,78260,ACHERES,78,Maison,56,3,372,2022
965800,78600,MESNIL-LE-ROI (LE),78,Maison,116,4,420,2022
300000,78520,LIMAY,78,Maison,111,6,541,2022
285000,78510,TRIEL SUR SEINE,78,Maison,48,1,32,2022
361500,78260,ACHERES,78,Maison,76,4,130,2022
209000,78440,PORCHEVILLE,78,Maison,75,3,351,2022
209000,78440,PORCHEVILLE,78,Dépendance,0,0,351,2022
295000,78570,CHANTELOUP-LES-VIGNES,78,Maison,100,5,240,2022
295000,78570,CHANTELOUP-LES-VIGNES,78,Dépendance,0,0,240,2022
360000,78570,ANDRESY,78,Maison,88,4,408,2022
360000,78570,ANDRESY,78,Dépendance,0,0,408,2022
580000,78500,SARTROUVILLE,78,Local industriel. commercial ou assimilé,37,0,162,2022
580000,78500,SARTROUVILLE,78,Maison,66,3,162,2022
580000,78500,SARTROUVILLE,78,Maison,28,1,162,2022
585330,78117,CHATEAUFORT,78,Maison,139,5,497,2022
585330,78117,CHATEAUFORT,78,Dépendance,0,0,497,2022
375090,78990,ELANCOURT,78,Maison,110,4,221,2022
1262000,78150,LE CHESNAY-ROCQUENCOURT,78,Maison,149,4,310,2022
710000,78560,PORT-MARLY (LE),78,Maison,90,4,500,2022
710000,78560,PORT-MARLY (LE),78,Maison,90,4,243,2022
1105010,78620,ETANG-LA-VILLE (L ),78,Maison,156,6,906,2022
1105010,78620,ETANG-LA-VILLE (L ),78,Maison,156,6,500,2022
8000,78670,MEDAN,78,Maison,12,1,179,2022
129291,78440,ISSOU,78,Maison,80,3,300,2022
129291,78440,ISSOU,78,Maison,24,1,300,2022
129291,78440,ISSOU,78,Dépendance,0,0,300,2022
393097,78260,ACHERES,78,Maison,87,3,146,2022
393097,78260,ACHERES,78,Dépendance,0,0,146,2022
446832,78740,VAUX-SUR-SEINE,78,Maison,81,4,1144,2022
265000,78910,ORGERUS,78,Maison,85,3,195,2022
80000,78520,GUERNES,78,Maison,36,2,467,2022
374000,78830,BONNELLES,78,Maison,112,5,233,2022
2966100,78600,MAISONS-LAFFITTE,78,Dépendance,0,0,1676,2022
2966100,78600,MAISONS-LAFFITTE,78,Maison,235,10,1676,2022
415000,78700,CONFLANS SAINTE HONORINE,78,Maison,100,4,371,2022
486000,78440,FONTENAY-SAINT-PERE,78,Maison,143,5,1425,2022
486000,78440,FONTENAY-SAINT-PERE,78,Dépendance,0,0,1425,2022
296800,78710,ROSNY-SUR-SEINE,78,Maison,125,5,415,2022
895000,78112,SAINT-GERMAIN-EN-LAYE,78,Maison,120,5,451,2022
633000,78590,NOISY LE ROI,78,Maison,110,6,294,2022
246315,78520,LIMAY,78,Maison,110,6,486,2022
675000,78000,VERSAILLES,78,Maison,70,4,152,2022
881600,78420,CARRIERES SUR SEINE,78,Maison,130,6,500,2022
456426,78830,BONNELLES,78,Maison,134,5,470,2022
420310,78180,MONTIGNY LE BRETONNEUX,78,Maison,89,4,190,2022
180000,78250,OINVILLE-SUR-MONTCIENT,78,Maison,46,2,255,2022
1380000,78110,VESINET (LE),78,Dépendance,0,0,356,2022
1380000,78110,VESINET (LE),78,Local industriel. commercial ou assimilé,77,0,356,2022
1380000,78110,VESINET (LE),78,Local industriel. commercial ou assimilé,314,0,356,2022
1380000,78110,VESINET (LE),78,Appartement,49,2,356,2022
1380000,78110,VESINET (LE),78,Appartement,50,2,356,2022
1380000,78110,VESINET (LE),78,Appartement,60,3,356,2022
1380000,78110,VESINET (LE),78,Appartement,46,2,356,2022
1380000,78110,VESINET (LE),78,Appartement,52,2,356,2022
225000,78640,SAINT-GERMAIN-DE-LA-GRANGE,78,Maison,80,4,643,2022
283000,78930,GUERVILLE,78,Dépendance,0,0,319,2022
283000,78930,GUERVILLE,78,Dépendance,0,0,282,2022
283000,78930,GUERVILLE,78,Maison,80,5,282,2022
283000,78930,GUERVILLE,78,Dépendance,0,0,500,2022
283000,78930,GUERVILLE,78,Maison,80,5,319,2022
283000,78930,GUERVILLE,78,Maison,80,5,500,2022
327900,78980,NEAUPHLETTE,78,Dépendance,0,0,500,2022
327900,78980,NEAUPHLETTE,78,Maison,136,6,500,2022
440780,78310,COIGNIERES,78,Maison,126,8,506,2022
129000,78520,SAINT-MARTIN-LA-GARENNE,78,Maison,57,2,120,2022
1853500,78110,VESINET (LE),78,Maison,190,9,1166,2022
1853500,78110,VESINET (LE),78,Dépendance,0,0,98,2022
1853500,78110,VESINET (LE),78,Maison,190,9,98,2022
1853500,78110,VESINET (LE),78,Dépendance,0,0,1166,2022
295000,78910,ORGERUS,78,Maison,81,5,588,2022
376700,78610,PERRAY-EN-YVELINES (LE),78,Maison,90,5,453,2022
889000,78170,CELLE-SAINT-CLOUD (LA),78,Maison,148,6,600,2022
350000,78120,CLAIREFONTAINE-EN-YVELINES,78,Dépendance,0,0,435,2022
350000,78120,CLAIREFONTAINE-EN-YVELINES,78,Maison,91,5,435,2022
419600,78760,JOUARS-PONTCHARTRAIN,78,Maison,116,5,467,2022
490000,78700,CONFLANS SAINTE HONORINE,78,Local industriel. commercial ou assimilé,343,0,446,2022
1100000,78290,CROISSY SUR SEINE,78,Maison,154,6,323,2022
200000,78500,SARTROUVILLE,78,Maison,75,4,223,2022
418950,78640,VILLIERS-SAINT-FREDERIC,78,Maison,123,5,265,2022
295000,78910,ORGERUS,78,Dépendance,0,0,80,2022
295000,78910,ORGERUS,78,Maison,71,5,80,2022
465700,78570,CHANTELOUP-LES-VIGNES,78,Maison,104,4,640,2022
430000,78180,MONTIGNY LE BRETONNEUX,78,Maison,116,4,425,2022
3816000,78180,MONTIGNY LE BRETONNEUX,78,Local industriel. commercial ou assimilé,10142,0,5494,2022
3816000,78180,MONTIGNY LE BRETONNEUX,78,Local industriel. commercial ou assimilé,10142,0,10000,2022
425000,78120,RAMBOUILLET,78,Appartement,35,1,280,2022
425000,78120,RAMBOUILLET,78,Appartement,28,1,280,2022
623560,78690,ESSARTS-LE-ROI (LES),78,Maison,171,5,777,2022
2683250,78110,VESINET (LE),78,Dépendance,0,0,130,2022
2683250,78110,VESINET (LE),78,Maison,22,1,130,2022
2683250,78110,VESINET (LE),78,Maison,242,8,130,2022
2683250,78110,VESINET (LE),78,Dépendance,0,0,1272,2022
2683250,78110,VESINET (LE),78,Maison,242,8,1272,2022
2683250,78110,VESINET (LE),78,Maison,22,1,1272,2022
285000,78820,JUZIERS,78,Maison,110,4,375,2022
473430,78180,MONTIGNY LE BRETONNEUX,78,Maison,71,4,331,2022
72500,78100,SAINT-GERMAIN-EN-LAYE,78,Maison,80,3,554,2022
930000,78430,LOUVECIENNES,78,Maison,115,6,560,2022
190008,78310,MAUREPAS,78,Maison,94,5,108,2022
518000,78320,LEVIS-SAINT-NOM,78,Maison,141,6,1100,2022
518000,78320,LEVIS-SAINT-NOM,78,Maison,141,6,560,2022
630000,78800,HOUILLES,78,Maison,96,3,385,2022
630000,78800,HOUILLES,78,Dépendance,0,0,385,2022
405000,78180,MONTIGNY LE BRETONNEUX,78,Maison,88,5,154,2022
53333,78310,MAUREPAS,78,Maison,90,5,223,2022
345000,78800,HOUILLES,78,Maison,45,2,203,2022
345000,78800,HOUILLES,78,Maison,64,4,203,2022
215000,78117,CHATEAUFORT,78,Dépendance,0,0,383,2022
100000,78490,BAZOCHES-SUR-GUYONNE,78,Maison,38,2,2800,2022
100000,78490,BAZOCHES-SUR-GUYONNE,78,Maison,38,2,502,2022
100000,78490,BAZOCHES-SUR-GUYONNE,78,Dépendance,0,0,2800,2022
100000,78490,BAZOCHES-SUR-GUYONNE,78,Maison,90,7,502,2022
100000,78490,BAZOCHES-SUR-GUYONNE,78,Maison,90,7,2800,2022
100000,78490,BAZOCHES-SUR-GUYONNE,78,Dépendance,0,0,502,2022
450000,78800,HOUILLES,78,Maison,89,4,279,2022
275300,78550,MAULETTE,78,Appartement,66,3,348,2022
2169400,78290,CROISSY SUR SEINE,78,Maison,260,7,913,2022
2169400,78290,CROISSY SUR SEINE,78,Local industriel. commercial ou assimilé,30,0,913,2022
440000,78270,CHAUFOUR LES BONNIERES,78,Maison,157,8,500,2022
440000,78270,CHAUFOUR LES BONNIERES,78,Maison,157,8,970,2022
525000,78120,CLAIREFONTAINE-EN-YVELINES,78,Maison,134,5,500,2022
525000,78120,CLAIREFONTAINE-EN-YVELINES,78,Maison,134,5,1500,2022
574022,78580,BAZEMONT,78,Local industriel. commercial ou assimilé,350,0,1603,2022
574022,78580,BAZEMONT,78,Local industriel. commercial ou assimilé,350,0,1000,2022
574022,78580,BAZEMONT,78,Maison,80,2,1603,2022
574022,78580,BAZEMONT,78,Maison,80,2,1000,2022
388300,78990,ELANCOURT,78,Maison,118,5,292,2022
700000,78550,HOUDAN,78,Maison,134,6,387,2022
700000,78550,HOUDAN,78,Dépendance,0,0,387,2022
22684576,78300,POISSY,78,Local industriel. commercial ou assimilé,28578,0,51839,2022
365800,78510,TRIEL SUR SEINE,78,Maison,124,5,400,2022
365800,78510,TRIEL SUR SEINE,78,Dépendance,0,0,400,2022
310000,78800,HOUILLES,78,Local industriel. commercial ou assimilé,34,0,69,2022
310000,78800,HOUILLES,78,Local industriel. commercial ou assimilé,42,0,69,2022
1640000,78670,VILLENNES-SUR-SEINE,78,Local industriel. commercial ou assimilé,722,0,1321,2022
628000,78320,MESNIL-SAINT-DENIS (LE),78,Maison,154,6,459,2022
810000,78470,SAINT-REMY-LES-CHEVREUSE,78,Maison,214,6,500,2022
810000,78470,SAINT-REMY-LES-CHEVREUSE,78,Maison,214,6,2780,2022
393750,78420,CARRIERES SUR SEINE,78,Maison,72,4,280,2022
490000,78280,GUYANCOURT,78,Maison,167,8,579,2022
414900,78660,SAINT-MARTIN-DE-BRETHENCOURT,78,Dépendance,0,0,1123,2022
414900,78660,SAINT-MARTIN-DE-BRETHENCOURT,78,Maison,150,5,1123,2022
670000,78800,HOUILLES,78,Maison,74,4,890,2022
220000,78125,EMANCE,78,Maison,84,5,95,2022
220000,78125,EMANCE,78,Maison,84,5,625,2022
500500,78180,MONTIGNY LE BRETONNEUX,78,Dépendance,0,0,401,2022
500500,78180,MONTIGNY LE BRETONNEUX,78,Maison,82,4,401,2022
883780,78810,FEUCHEROLLES,78,Maison,191,7,500,2022
883780,78810,FEUCHEROLLES,78,Maison,191,7,969,2022
200000,78410,AUBERGENVILLE,78,Maison,116,5,658,2022
457000,78390,BOIS D ARCY,78,Maison,100,6,289,2022
960000,78770,MARCQ,78,Maison,264,6,610,2022
960000,78770,MARCQ,78,Dépendance,0,0,610,2022
960000,78770,MARCQ,78,Dépendance,0,0,5400,2022
960000,78770,MARCQ,78,Maison,264,6,5400,2022
579251,78350,JOUY EN JOSAS,78,Dépendance,0,0,330,2022
579251,78350,JOUY EN JOSAS,78,Maison,120,7,330,2022
485000,78390,BOIS D ARCY,78,Maison,120,5,500,2022
470000,78000,VERSAILLES,78,Maison,30,2,211,2022
395200,78410,BOUAFLE,78,Maison,91,4,807,2022
675850,78450,VILLEPREUX,78,Maison,199,7,890,2022
240000,78250,MEULAN-EN-YVELINES,78,Appartement,37,2,68,2022
240000,78250,MEULAN-EN-YVELINES,78,Dépendance,0,0,68,2022
240000,78250,MEULAN-EN-YVELINES,78,Appartement,89,4,68,2022
441500,78390,BOIS D ARCY,78,Maison,84,4,175,2022
441500,78390,BOIS D ARCY,78,Dépendance,0,0,175,2022
645000,78350,JOUY EN JOSAS,78,Maison,107,5,307,2022
273000,78130,MUREAUX (LES),78,Dépendance,0,0,504,2022
273000,78130,MUREAUX (LES),78,Maison,81,3,504,2022
390000,78955,CARRIERES SOUS POISSY,78,Maison,120,4,500,2022
530000,78800,HOUILLES,78,Maison,65,4,154,2022
742857,78320,MESNIL-SAINT-DENIS (LE),78,Dépendance,0,0,878,2022
742857,78320,MESNIL-SAINT-DENIS (LE),78,Maison,127,5,878,2022
350000,78460,CHEVREUSE,78,Maison,72,4,773,2022
811950,78590,NOISY LE ROI,78,Maison,149,6,534,2022
400000,78120,RAMBOUILLET,78,Maison,92,4,363,2022
400000,78120,RAMBOUILLET,78,Dépendance,0,0,363,2022
260000,78920,ECQUEVILLY,78,Maison,67,4,283,2022
930000,78420,CARRIERES SUR SEINE,78,Maison,144,5,408,2022
464000,78124,MAREIL-SUR-MAULDRE,78,Dépendance,0,0,656,2022
464000,78124,MAREIL-SUR-MAULDRE,78,Maison,180,5,656,2022
388040,78480,VERNEUIL SUR SEINE,78,Maison,80,4,201,2022
470000,78690,ESSARTS-LE-ROI (LES),78,Maison,104,4,875,2022
467500,78340,CLAYES-SOUS-BOIS (LES),78,Maison,114,5,342,2022
290000,78200,MANTES-LA-JOLIE,78,Maison,80,2,87,2022
200000,78200,MANTES-LA-JOLIE,78,Dépendance,0,0,119,2022
200000,78200,MANTES-LA-JOLIE,78,Local industriel. commercial ou assimilé,69,0,119,2022
200000,78200,MANTES-LA-JOLIE,78,Appartement,36,3,119,2022
200000,78200,MANTES-LA-JOLIE,78,Appartement,30,1,119,2022
200000,78200,MANTES-LA-JOLIE,78,Appartement,37,2,119,2022
200000,78200,MANTES-LA-JOLIE,78,Appartement,28,1,119,2022
183333,78500,SARTROUVILLE,78,Dépendance,0,0,863,2022
183333,78500,SARTROUVILLE,78,Maison,100,4,863,2022
381000,78800,HOUILLES,78,Maison,60,3,479,2022
546500,78910,TACOIGNIERES,78,Maison,137,6,483,2022
421000,78370,PLAISIR,78,Maison,117,6,474,2022
355000,78860,SAINT-NOM-LA-BRETECHE,78,Maison,55,3,34,2022
1305000,78125,EMANCE,78,Dépendance,0,0,10000,2022
1305000,78125,EMANCE,78,Maison,398,9,1000,2022
1305000,78125,EMANCE,78,Maison,79,3,1000,2022
1305000,78125,EMANCE,78,Dépendance,0,0,1000,2022
1305000,78125,EMANCE,78,Maison,398,9,7240,2022
1305000,78125,EMANCE,78,Maison,79,3,7240,2022
1305000,78125,EMANCE,78,Dépendance,0,0,7240,2022
1305000,78125,EMANCE,78,Maison,398,9,10000,2022
1305000,78125,EMANCE,78,Maison,79,3,10000,2022
382000,78610,PERRAY-EN-YVELINES (LE),78,Maison,87,5,1413,2022
382000,78610,PERRAY-EN-YVELINES (LE),78,Maison,87,5,500,2022
1730769,78380,BOUGIVAL,78,Dépendance,0,0,2186,2022
1730769,78380,BOUGIVAL,78,Maison,257,8,196,2022
1730769,78380,BOUGIVAL,78,Maison,257,8,2186,2022
1730769,78380,BOUGIVAL,78,Dépendance,0,0,196,2022
490100,78490,GALLUIS,78,Maison,133,7,815,2022
315000,78125,POIGNY-LA-FORET,78,Dépendance,0,0,20,2022
315000,78125,POIGNY-LA-FORET,78,Dépendance,0,0,800,2022
315000,78125,POIGNY-LA-FORET,78,Maison,65,3,800,2022
319100,78190,TRAPPES,78,Maison,50,3,350,2022
240000,78730,ROCHEFORT-EN-YVELINES,78,Maison,70,3,283,2022
240000,78730,ROCHEFORT-EN-YVELINES,78,Dépendance,0,0,283,2022
330000,78980,NEAUPHLETTE,78,Maison,140,4,2532,2022
380000,78570,ANDRESY,78,Maison,110,6,126,2022
320500,78260,ACHERES,78,Dépendance,0,0,573,2022
320500,78260,ACHERES,78,Maison,76,3,573,2022
646000,78500,SARTROUVILLE,78,Maison,75,4,548,2022
300000,78130,MUREAUX (LES),78,Maison,75,3,554,2022
205000,78980,BREVAL,78,Maison,65,4,782,2022
340100,78990,ELANCOURT,78,Maison,92,4,85,2022
391000,78320,MESNIL-SAINT-DENIS (LE),78,Maison,120,5,274,2022
293700,78760,JOUARS-PONTCHARTRAIN,78,Dépendance,0,0,368,2022
293700,78760,JOUARS-PONTCHARTRAIN,78,Maison,80,5,368,2022
766050,78510,TRIEL SUR SEINE,78,Maison,230,7,400,2022
766050,78510,TRIEL SUR SEINE,78,Maison,230,7,2078,2022
460870,78280,GUYANCOURT,78,Maison,124,6,222,2022
266800,78640,NEAUPHLE-LE-VIEUX,78,Maison,60,3,522,2022
382000,78650,BEYNES,78,Maison,116,5,426,2022
584500,78280,GUYANCOURT,78,Maison,108,6,251,2022
272000,78660,ABLIS,78,Maison,88,4,266,2022
300000,78480,VERNEUIL SUR SEINE,78,Maison,71,3,331,2022
300000,78480,VERNEUIL SUR SEINE,78,Maison,71,3,436,2022
295500,78111,DAMMARTIN EN SERVE,78,Dépendance,0,0,336,2022
295500,78111,DAMMARTIN EN SERVE,78,Maison,108,3,336,2022
800000,78960,VOISINS-LE-BRETONNEUX,78,Maison,190,7,798,2022
353675,78990,ELANCOURT,78,Dépendance,0,0,225,2022
353675,78990,ELANCOURT,78,Maison,118,5,225,2022
1130000,78220,VIROFLAY,78,Dépendance,0,0,684,2022
1130000,78220,VIROFLAY,78,Maison,120,4,684,2022
603000,78113,CONDE-SUR-VESGRE,78,Maison,165,4,1000,2022
603000,78113,CONDE-SUR-VESGRE,78,Maison,165,4,466,2022
603000,78113,CONDE-SUR-VESGRE,78,Dépendance,0,0,1000,2022
603000,78113,CONDE-SUR-VESGRE,78,Dépendance,0,0,466,2022
2120000,78100,SAINT-GERMAIN-EN-LAYE,78,Appartement,40,2,357,2022
2120000,78100,SAINT-GERMAIN-EN-LAYE,78,Dépendance,0,0,357,2022
2120000,78100,SAINT-GERMAIN-EN-LAYE,78,Appartement,26,2,357,2022
2120000,78100,SAINT-GERMAIN-EN-LAYE,78,Appartement,52,3,357,2022
2120000,78100,SAINT-GERMAIN-EN-LAYE,78,Appartement,60,3,357,2022
2120000,78100,SAINT-GERMAIN-EN-LAYE,78,Local industriel. commercial ou assimilé,22,0,357,2022
2120000,78100,SAINT-GERMAIN-EN-LAYE,78,Appartement,61,2,357,2022
2120000,78100,SAINT-GERMAIN-EN-LAYE,78,Local industriel. commercial ou assimilé,121,0,357,2022
2120000,78100,SAINT-GERMAIN-EN-LAYE,78,Appartement,48,3,357,2022
2120000,78100,SAINT-GERMAIN-EN-LAYE,78,Appartement,65,2,357,2022
322600,78450,VILLEPREUX,78,Maison,72,4,130,2022
150000,78570,CHANTELOUP-LES-VIGNES,78,Local industriel. commercial ou assimilé,70,0,179,2022
150000,78570,CHANTELOUP-LES-VIGNES,78,Local industriel. commercial ou assimilé,11,0,179,2022
415000,78320,MESNIL-SAINT-DENIS (LE),78,Maison,114,5,193,2022
710000,78580,BAZEMONT,78,Maison,94,3,500,2022
710000,78580,BAZEMONT,78,Maison,94,3,5451,2022
280000,78580,MAULE,78,Maison,75,3,607,2022
479900,78700,CONFLANS SAINTE HONORINE,78,Maison,78,4,685,2022
900000,78800,HOUILLES,78,Maison,113,4,560,2022
264300,78270,LOMMOYE,78,Maison,133,6,774,2022
264300,78270,LOMMOYE,78,Maison,133,6,500,2022
178000,78270,BONNIERES-SUR-SEINE,78,Maison,55,3,167,2022
455500,78640,VILLIERS-SAINT-FREDERIC,78,Maison,126,4,660,2022
964700,78170,CELLE-SAINT-CLOUD (LA),78,Maison,145,5,357,2022
886000,78220,VIROFLAY,78,Maison,75,2,230,2022
623600,78820,JUZIERS,78,Dépendance,0,0,1240,2022
623600,78820,JUZIERS,78,Maison,95,4,1240,2022
210000,78580,BAZEMONT,78,Maison,64,2,325,2022
309000,78840,FRENEUSE,78,Maison,104,4,500,2022
309000,78840,FRENEUSE,78,Maison,104,4,1439,2022
299000,78980,BREVAL,78,Maison,90,4,947,2022
299000,78980,BREVAL,78,Dépendance,0,0,947,2022
342000,78270,VILLENEUVE-EN-CHEVRIE (LA),78,Maison,165,6,544,2022
342000,78270,VILLENEUVE-EN-CHEVRIE (LA),78,Dépendance,0,0,544,2022
312000,78270,LIMETZ-VILLEZ,78,Maison,121,5,500,2022
312000,78270,LIMETZ-VILLEZ,78,Maison,121,5,538,2022
349440,78990,ELANCOURT,78,Local industriel. commercial ou assimilé,34,0,476,2022
349440,78990,ELANCOURT,78,Maison,75,3,476,2022
338910,78990,ELANCOURT,78,Maison,94,4,126,2022
460000,78500,SARTROUVILLE,78,Dépendance,0,0,450,2022
460000,78500,SARTROUVILLE,78,Maison,77,5,450,2022
858000,78360,MONTESSON,78,Maison,204,6,422,2022
858000,78360,MONTESSON,78,Dépendance,0,0,422,2022
165330,78280,GUYANCOURT,78,Maison,117,5,163,2022
165330,78280,GUYANCOURT,78,Maison,117,5,600,2022
137500,78730,ROCHEFORT-EN-YVELINES,78,Maison,127,2,70,2022
448000,78120,CLAIREFONTAINE-EN-YVELINES,78,Dépendance,0,0,444,2022
448000,78120,CLAIREFONTAINE-EN-YVELINES,78,Maison,112,6,444,2022
448000,78120,CLAIREFONTAINE-EN-YVELINES,78,Dépendance,0,0,2661,2022
448000,78120,CLAIREFONTAINE-EN-YVELINES,78,Maison,112,6,2661,2022
528000,78430,LOUVECIENNES,78,Appartement,27,1,61,2022
430000,78180,MONTIGNY LE BRETONNEUX,78,Maison,71,4,380,2022
500000,78480,VERNEUIL SUR SEINE,78,Maison,122,5,465,2022
100000,78820,JUZIERS,78,Maison,116,4,500,2022
100000,78820,JUZIERS,78,Maison,116,4,560,2022
330000,78640,NEAUPHLE-LE-CHATEAU,78,Maison,67,3,440,2022
330000,78640,NEAUPHLE-LE-CHATEAU,78,Local industriel. commercial ou assimilé,120,0,440,2022
330000,78640,NEAUPHLE-LE-CHATEAU,78,Dépendance,0,0,440,2022
400000,78470,SAINT-REMY-LES-CHEVREUSE,78,Local industriel. commercial ou assimilé,63,0,361,2022
400000,78470,SAINT-REMY-LES-CHEVREUSE,78,Local industriel. commercial ou assimilé,55,0,361,2022
190550,78910,ORGERUS,78,Maison,78,4,342,2022
294000,78800,HOUILLES,78,Maison,44,3,146,2022
281000,78410,BOUAFLE,78,Maison,71,4,547,2022
625000,78600,MAISONS-LAFFITTE,78,Maison,53,3,293,2022
700000,78630,MORAINVILLIERS,78,Dépendance,0,0,500,2022
700000,78630,MORAINVILLIERS,78,Maison,154,7,379,2022
700000,78630,MORAINVILLIERS,78,Dépendance,0,0,379,2022
700000,78630,MORAINVILLIERS,78,Maison,154,7,500,2022
500000,78490,GROSROUVRE,78,Maison,132,5,60,2022
500000,78490,GROSROUVRE,78,Maison,132,5,1171,2022
267000,78930,VILLETTE,78,Maison,72,3,400,2022
335000,78420,CARRIERES SUR SEINE,78,Dépendance,0,0,137,2022
335000,78420,CARRIERES SUR SEINE,78,Maison,41,2,137,2022
750000,78200,MANTES-LA-JOLIE,78,Appartement,53,3,431,2022
750000,78200,MANTES-LA-JOLIE,78,Dépendance,0,0,431,2022
750000,78200,MANTES-LA-JOLIE,78,Appartement,72,3,431,2022
750000,78200,MANTES-LA-JOLIE,78,Appartement,77,4,431,2022
750000,78200,MANTES-LA-JOLIE,78,Appartement,68,4,431,2022
750000,78200,MANTES-LA-JOLIE,78,Dépendance,0,0,506,2022
750000,78200,MANTES-LA-JOLIE,78,Appartement,72,3,506,2022
750000,78200,MANTES-LA-JOLIE,78,Appartement,77,4,506,2022
750000,78200,MANTES-LA-JOLIE,78,Appartement,53,3,506,2022
750000,78200,MANTES-LA-JOLIE,78,Appartement,68,4,506,2022
450000,78190,TRAPPES,78,Maison,113,5,607,2022
352000,78990,ELANCOURT,78,Maison,72,3,650,2022
600000,78130,MUREAUX (LES),78,Local industriel. commercial ou assimilé,662,0,1000,2022
654305,78460,CHEVREUSE,78,Maison,159,5,1000,2022
654305,78460,CHEVREUSE,78,Maison,159,5,500,2022
430000,78370,PLAISIR,78,Maison,150,8,882,2022
249000,78711,MANTES-LA-VILLE,78,Maison,94,4,160,2022
650000,78800,HOUILLES,78,Maison,156,4,347,2022
980000,78530,BUC,78,Maison,190,8,761,2022
261000,78400,CHATOU,78,Maison,50,3,265,2022
261000,78400,CHATOU,78,Dépendance,0,0,265,2022
261000,78400,CHATOU,78,Maison,54,3,265,2022
231380,78200,BUCHELAY,78,Maison,85,4,401,2022
570000,78800,HOUILLES,78,Dépendance,0,0,331,2022
570000,78800,HOUILLES,78,Maison,101,4,331,2022
220000,78200,FONTENAY-MAUVOISIN,78,Dépendance,0,0,402,2022
220000,78200,FONTENAY-MAUVOISIN,78,Maison,94,4,402,2022
165000,78660,ABLIS,78,Maison,60,3,41,2022
550000,78690,ESSARTS-LE-ROI (LES),78,Maison,90,3,500,2022
550000,78690,ESSARTS-LE-ROI (LES),78,Maison,90,3,1173,2022
550000,78690,ESSARTS-LE-ROI (LES),78,Local industriel. commercial ou assimilé,106,0,1173,2022
550000,78690,ESSARTS-LE-ROI (LES),78,Local industriel. commercial ou assimilé,106,0,500,2022
950000,78390,BOIS D ARCY,78,Local industriel. commercial ou assimilé,580,0,304,2022
950000,78390,BOIS D ARCY,78,Local industriel. commercial ou assimilé,210,0,304,2022
592000,78330,FONTENAY LE FLEURY,78,Dépendance,0,0,317,2022
592000,78330,FONTENAY LE FLEURY,78,Maison,152,3,317,2022
2660000,78000,VERSAILLES,78,Dépendance,0,0,331,2022
2660000,78000,VERSAILLES,78,Dépendance,0,0,765,2022
2660000,78000,VERSAILLES,78,Maison,260,10,331,2022
2660000,78000,VERSAILLES,78,Maison,260,10,765,2022
1467000,78670,VILLENNES-SUR-SEINE,78,Dépendance,0,0,1000,2022
1467000,78670,VILLENNES-SUR-SEINE,78,Maison,387,12,1000,2022
1467000,78670,VILLENNES-SUR-SEINE,78,Dépendance,0,0,8065,2022
1467000,78670,VILLENNES-SUR-SEINE,78,Maison,387,12,8065,2022
316000,78730,ROCHEFORT-EN-YVELINES,78,Maison,60,2,586,2022
552692,78610,SAINT-LEGER-EN-YVELINES,78,Maison,48,2,500,2022
552692,78610,SAINT-LEGER-EN-YVELINES,78,Maison,107,4,500,2022
250000,78980,LONGNES,78,Appartement,80,4,905,2022
250000,78980,LONGNES,78,Local industriel. commercial ou assimilé,286,0,905,2022
289500,78610,PERRAY-EN-YVELINES (LE),78,Maison,59,3,186,2022
460000,78790,TILLY,78,Dépendance,0,0,768,2022
460000,78790,TILLY,78,Maison,267,6,768,2022
435700,78270,LIMETZ-VILLEZ,78,Appartement,68,3,2042,2022
435700,78270,LIMETZ-VILLEZ,78,Maison,138,6,2042,2022
435700,78270,LIMETZ-VILLEZ,78,Dépendance,0,0,2042,2022
435700,78270,LIMETZ-VILLEZ,78,Maison,138,6,500,2022
435700,78270,LIMETZ-VILLEZ,78,Dépendance,0,0,500,2022
435700,78270,LIMETZ-VILLEZ,78,Appartement,68,3,500,2022
1100000,78690,ESSARTS-LE-ROI (LES),78,Maison,87,3,4571,2022
1100000,78690,ESSARTS-LE-ROI (LES),78,Maison,285,8,4571,2022
1100000,78690,ESSARTS-LE-ROI (LES),78,Dépendance,0,0,4571,2022
1100000,78690,ESSARTS-LE-ROI (LES),78,Maison,73,2,4571,2022
530000,78310,COIGNIERES,78,Local industriel. commercial ou assimilé,20,0,1982,2022
530000,78310,COIGNIERES,78,Local industriel. commercial ou assimilé,230,0,1982,2022
530000,78310,COIGNIERES,78,Local industriel. commercial ou assimilé,17,0,1982,2022
530000,78310,COIGNIERES,78,Local industriel. commercial ou assimilé,15,0,1982,2022
530000,78310,COIGNIERES,78,Local industriel. commercial ou assimilé,21,0,1982,2022
530000,78310,COIGNIERES,78,Local industriel. commercial ou assimilé,24,0,1982,2022
530000,78310,COIGNIERES,78,Appartement,20,1,1982,2022
530000,78310,COIGNIERES,78,Local industriel. commercial ou assimilé,100,0,1982,2022
530000,78310,COIGNIERES,78,Local industriel. commercial ou assimilé,40,0,1982,2022
397785,78990,ELANCOURT,78,Maison,118,5,192,2022
250000,78270,BONNIERES-SUR-SEINE,78,Maison,90,4,587,2022
312100,78250,OINVILLE-SUR-MONTCIENT,78,Dépendance,0,0,569,2022
312100,78250,OINVILLE-SUR-MONTCIENT,78,Maison,83,5,569,2022
300000,78125,GAZERAN,78,Maison,84,2,151,2022
300000,78125,GAZERAN,78,Appartement,28,1,151,2022
300000,78125,GAZERAN,78,Local industriel. commercial ou assimilé,130,0,151,2022
185000,78270,MOUSSEAUX-SUR-SEINE,78,Maison,81,4,500,2022
185000,78270,MOUSSEAUX-SUR-SEINE,78,Maison,81,4,464,2022
91574,78500,SARTROUVILLE,78,Maison,124,4,307,2022
410000,78125,HERMERAY,78,Dépendance,0,0,3000,2022
410000,78125,HERMERAY,78,Maison,165,7,535,2022
410000,78125,HERMERAY,78,Dépendance,0,0,535,2022
410000,78125,HERMERAY,78,Maison,165,7,3000,2022
212000,78660,BOINVILLE-LE-GAILLARD,78,Maison,86,4,793,2022
385000,78740,VAUX-SUR-SEINE,78,Maison,90,5,221,2022
385000,78740,VAUX-SUR-SEINE,78,Dépendance,0,0,221,2022
385000,78740,VAUX-SUR-SEINE,78,Local industriel. commercial ou assimilé,50,0,221,2022
670000,78100,SAINT-GERMAIN-EN-LAYE,78,Dépendance,0,0,286,2022
670000,78100,SAINT-GERMAIN-EN-LAYE,78,Maison,108,4,286,2022
2308000,78490,GROSROUVRE,78,Dépendance,0,0,4290,2022
2308000,78490,GROSROUVRE,78,Maison,242,9,4290,2022
2308000,78490,GROSROUVRE,78,Maison,242,9,460,2022
2308000,78490,GROSROUVRE,78,Dépendance,0,0,460,2022
411350,78125,VIEILLE-EGLISE-EN-YVELINES,78,Maison,138,6,700,2022
411350,78125,VIEILLE-EGLISE-EN-YVELINES,78,Dépendance,0,0,387,2022
411350,78125,VIEILLE-EGLISE-EN-YVELINES,78,Maison,138,6,387,2022
411350,78125,VIEILLE-EGLISE-EN-YVELINES,78,Dépendance,0,0,700,2022
410000,78790,ARNOUVILLE-LES-MANTES,78,Dépendance,0,0,500,2022
410000,78790,ARNOUVILLE-LES-MANTES,78,Maison,138,7,500,2022
410000,78790,ARNOUVILLE-LES-MANTES,78,Dépendance,0,0,534,2022
410000,78790,ARNOUVILLE-LES-MANTES,78,Maison,138,7,534,2022
625000,78280,GUYANCOURT,78,Maison,126,7,954,2022
625000,78280,GUYANCOURT,78,Maison,126,7,520,2022
459800,78320,LEVIS-SAINT-NOM,78,Maison,100,4,499,2022
7676800,78490,TREMBLAY-SUR-MAULDRE (LE),78,Local industriel. commercial ou assimilé,529,0,327721,2022
7676800,78490,TREMBLAY-SUR-MAULDRE (LE),78,Maison,130,4,2927,2022
7676800,78490,TREMBLAY-SUR-MAULDRE (LE),78,Local industriel. commercial ou assimilé,5000,0,2927,2022
455500,78700,CONFLANS SAINTE HONORINE,78,Maison,120,4,115,2022
1463300,78220,VIROFLAY,78,Local industriel. commercial ou assimilé,26,0,592,2022
1463300,78220,VIROFLAY,78,Maison,195,9,592,2022
600000,78490,MERE,78,Local industriel. commercial ou assimilé,2455,0,2385,2022
600000,78490,MERE,78,Maison,70,4,2385,2022
1022000,78960,VOISINS-LE-BRETONNEUX,78,Maison,190,6,781,2022
188850,78270,BONNIERES-SUR-SEINE,78,Maison,62,3,234,2022
410000,78320,MESNIL-SAINT-DENIS (LE),78,Maison,132,6,488,2022
385000,78820,JUZIERS,78,Maison,112,4,500,2022
385000,78820,JUZIERS,78,Maison,112,4,257,2022
546000,78180,MONTIGNY LE BRETONNEUX,78,Maison,100,4,302,2022
270000,78680,EPONE,78,Maison,65,4,695,2022
1135810,78950,GAMBAIS,78,Dépendance,0,0,730,2022
1135810,78950,GAMBAIS,78,Maison,180,5,500,2022
1135810,78950,GAMBAIS,78,Maison,180,5,1952,2022
1135810,78950,GAMBAIS,78,Dépendance,0,0,500,2022
1135810,78950,GAMBAIS,78,Dépendance,0,0,1952,2022
260000,78470,SAINT-REMY-LES-CHEVREUSE,78,Maison,65,3,335,2022
585000,78440,LAINVILLE-EN-VEXIN,78,Maison,157,5,1024,2022
670000,78420,CARRIERES SUR SEINE,78,Maison,114,3,450,2022
670000,78420,CARRIERES SUR SEINE,78,Dépendance,0,0,450,2022
315000,78500,SARTROUVILLE,78,Maison,64,4,172,2022
524850,78500,SARTROUVILLE,78,Maison,70,3,270,2022
741420,78500,SARTROUVILLE,78,Maison,99,3,250,2022
465000,78700,CONFLANS SAINTE HONORINE,78,Maison,62,2,238,2022
372000,78500,SARTROUVILLE,78,Maison,15,1,376,2022
372000,78500,SARTROUVILLE,78,Maison,69,3,376,2022
514000,78340,CLAYES-SOUS-BOIS (LES),78,Maison,129,7,426,2022
1121800,78460,CHEVREUSE,78,Maison,263,7,500,2022
1121800,78460,CHEVREUSE,78,Dépendance,0,0,500,2022
690000,78470,SAINT-REMY-LES-CHEVREUSE,78,Maison,168,6,370,2022
690000,78470,SAINT-REMY-LES-CHEVREUSE,78,Dépendance,0,0,370,2022
624150,78320,MESNIL-SAINT-DENIS (LE),78,Maison,172,7,500,2022
245000,78200,MANTES-LA-JOLIE,78,Maison,77,3,671,2022
425000,78730,SAINT-ARNOULT-EN-YVELINES,78,Maison,135,4,500,2022
425000,78730,SAINT-ARNOULT-EN-YVELINES,78,Maison,135,4,955,2022
340000,78700,CONFLANS SAINTE HONORINE,78,Dépendance,0,0,1079,2022
339790,78370,PLAISIR,78,Maison,119,5,150,2022
585500,78800,HOUILLES,78,Maison,98,4,266,2022
585500,78800,HOUILLES,78,Dépendance,0,0,266,2022
305000,78120,RAMBOUILLET,78,Maison,77,4,412,2022
1200000,78440,GARGENVILLE,78,Dépendance,0,0,500,2022
1200000,78440,GARGENVILLE,78,Maison,84,4,831,2022
1200000,78440,GARGENVILLE,78,Dépendance,0,0,831,2022
1200000,78440,GARGENVILLE,78,Maison,84,4,500,2022
245000,78520,LIMAY,78,Maison,113,6,364,2022
475500,78420,CARRIERES SUR SEINE,78,Dépendance,0,0,187,2022
475500,78420,CARRIERES SUR SEINE,78,Maison,63,3,187,2022
389300,78480,VERNEUIL SUR SEINE,78,Maison,55,3,857,2022
389300,78480,VERNEUIL SUR SEINE,78,Maison,55,3,243,2022
620350,78540,VERNOUILLET,78,Maison,194,7,1365,2022
811800,78420,CARRIERES SUR SEINE,78,Maison,109,5,239,2022
1190350,78670,VILLENNES-SUR-SEINE,78,Dépendance,0,0,1263,2022
1190350,78670,VILLENNES-SUR-SEINE,78,Maison,260,8,1263,2022
1190350,78670,VILLENNES-SUR-SEINE,78,Dépendance,0,0,237,2022
1190350,78670,VILLENNES-SUR-SEINE,78,Maison,260,8,237,2022
284700,78440,ISSOU,78,Maison,94,5,332,2022
1240400,78600,MAISONS-LAFFITTE,78,Maison,151,5,532,2022
590000,78800,HOUILLES,78,Maison,60,4,208,2022
590000,78800,HOUILLES,78,Dépendance,0,0,208,2022
290100,78580,MAULE,78,Maison,75,5,623,2022
420000,78780,MAURECOURT,78,Local industriel. commercial ou assimilé,330,0,406,2022
351062,78200,BUCHELAY,78,Maison,105,5,359,2022
425000,78260,ACHERES,78,Maison,94,5,226,2022
330000,78114,MAGNY-LES-HAMEAUX,78,Maison,93,5,236,2022
269450,78120,RAMBOUILLET,78,Maison,76,5,199,2022
561000,78540,VERNOUILLET,78,Dépendance,0,0,1252,2022
561000,78540,VERNOUILLET,78,Local industriel. commercial ou assimilé,499,0,1252,2022
561000,78540,VERNOUILLET,78,Appartement,123,5,1252,2022
325000,78260,ACHERES,78,Maison,99,6,400,2022
500000,78290,CROISSY SUR SEINE,78,Maison,93,5,155,2022
291500,78270,MOUSSEAUX-SUR-SEINE,78,Dépendance,0,0,3560,2022
291500,78270,MOUSSEAUX-SUR-SEINE,78,Dépendance,0,0,500,2022
291500,78270,MOUSSEAUX-SUR-SEINE,78,Maison,75,3,500,2022
291500,78270,MOUSSEAUX-SUR-SEINE,78,Maison,75,3,3560,2022
160000,78830,BULLION,78,Maison,72,3,1052,2022
160000,78830,BULLION,78,Dépendance,0,0,1052,2022
160000,78830,BULLION,78,Dépendance,0,0,1565,2022
160000,78830,BULLION,78,Maison,72,3,1565,2022
340000,78800,HOUILLES,78,Appartement,17,1,142,2022
340000,78800,HOUILLES,78,Dépendance,0,0,142,2022
340000,78800,HOUILLES,78,Appartement,37,2,142,2022
340000,78800,HOUILLES,78,Appartement,65,3,142,2022
340000,78800,HOUILLES,78,Appartement,40,2,142,2022
340000,78800,HOUILLES,78,Local industriel. commercial ou assimilé,74,0,142,2022
1470100,78400,CHATOU,78,Maison,165,6,347,2022
1000000,78110,VESINET (LE),78,Local industriel. commercial ou assimilé,80,0,305,2022
1700000,78110,VESINET (LE),78,Local industriel. commercial ou assimilé,195,0,487,2022
379000,78610,PERRAY-EN-YVELINES (LE),78,Maison,119,6,754,2022
150000,78520,SAINT-MARTIN-LA-GARENNE,78,Maison,150,5,330,2022
150000,78520,SAINT-MARTIN-LA-GARENNE,78,Dépendance,0,0,330,2022
810000,78520,LIMAY,78,Local industriel. commercial ou assimilé,1089,0,1928,2022
70000,78840,FRENEUSE,78,Maison,54,3,369,2022
70000,78840,FRENEUSE,78,Dépendance,0,0,369,2022
438000,78440,DROCOURT,78,Local industriel. commercial ou assimilé,70,0,193,2022
438000,78440,DROCOURT,78,Maison,120,4,193,2022
462500,78580,BAZEMONT,78,Maison,112,5,600,2022
520000,78300,POISSY,78,Dépendance,0,0,195,2022
520000,78300,POISSY,78,Maison,114,6,195,2022
1136446,78290,CROISSY SUR SEINE,78,Maison,170,7,461,2022
320000,78450,VILLEPREUX,78,Maison,90,5,121,2022
359140,78120,RAMBOUILLET,78,Maison,91,4,187,2022
359140,78120,RAMBOUILLET,78,Dépendance,0,0,187,2022
410000,78510,TRIEL SUR SEINE,78,Maison,85,4,110,2022
320000,78330,FONTENAY LE FLEURY,78,Dépendance,0,0,502,2022
320000,78330,FONTENAY LE FLEURY,78,Maison,47,2,502,2022
255000,78440,ISSOU,78,Maison,86,4,169,2022
156000,78700,CONFLANS SAINTE HONORINE,78,Dépendance,0,0,764,2022
156000,78700,CONFLANS SAINTE HONORINE,78,Maison,85,5,764,2022
240000,78800,HOUILLES,78,Maison,43,2,250,2022
539000,78450,VILLEPREUX,78,Maison,120,5,337,2022
355000,78440,GARGENVILLE,78,Maison,120,6,519,2022
205000,78800,HOUILLES,78,Dépendance,0,0,191,2022
336390,78630,ORGEVAL,78,Maison,60,3,103,2022
275000,78520,LIMAY,78,Maison,88,3,493,2022
275000,78520,LIMAY,78,Maison,88,3,500,2022
361800,78440,GARGENVILLE,78,Maison,103,6,381,2022
6609,78370,PLAISIR,78,Maison,25,1,524,2022
470400,78680,EPONE,78,Dépendance,0,0,997,2022
470400,78680,EPONE,78,Maison,150,6,997,2022
72000,78510,TRIEL SUR SEINE,78,Local industriel. commercial ou assimilé,35,0,123,2022
1100000,78160,MARLY-LE-ROI,78,Maison,132,7,200,2022
1100000,78160,MARLY-LE-ROI,78,Maison,132,7,800,2022
6115000,78160,MARLY-LE-ROI,78,Maison,170,7,200,2022
6115000,78160,MARLY-LE-ROI,78,Maison,170,7,2275,2022
3372134,78170,CELLE-SAINT-CLOUD (LA),78,Maison,156,6,252,2022
376000,78450,VILLEPREUX,78,Dépendance,0,0,161,2022
376000,78450,VILLEPREUX,78,Maison,87,4,161,2022
320000,78810,FEUCHEROLLES,78,Maison,100,5,307,2022
375000,78460,CHEVREUSE,78,Local industriel. commercial ou assimilé,42,0,55,2022
375000,78460,CHEVREUSE,78,Maison,60,2,55,2022
378000,78700,CONFLANS SAINTE HONORINE,78,Maison,101,5,444,2022
436000,78660,SAINT-MARTIN-DE-BRETHENCOURT,78,Maison,147,6,900,2022
436000,78660,SAINT-MARTIN-DE-BRETHENCOURT,78,Maison,147,6,581,2022
470000,78120,RAMBOUILLET,78,Maison,92,4,659,2022
12494837,78990,ELANCOURT,78,Local industriel. commercial ou assimilé,2026,0,187,2022
12494837,78990,ELANCOURT,78,Local industriel. commercial ou assimilé,1237,0,187,2022
550000,78370,PLAISIR,78,Maison,102,4,500,2022
550000,78370,PLAISIR,78,Maison,102,4,310,2022
300000,78740,VAUX-SUR-SEINE,78,Dépendance,0,0,816,2022
300000,78740,VAUX-SUR-SEINE,78,Maison,110,3,816,2022
513600,78700,CONFLANS SAINTE HONORINE,78,Maison,145,5,307,2022
369000,78520,LIMAY,78,Maison,172,8,800,2022
369000,78520,LIMAY,78,Maison,172,8,2045,2022
437056,78270,VILLENEUVE-EN-CHEVRIE (LA),78,Dépendance,0,0,544,2022
437056,78270,VILLENEUVE-EN-CHEVRIE (LA),78,Maison,165,6,544,2022
420000,78310,MAUREPAS,78,Maison,108,4,295,2022
379000,78700,CONFLANS SAINTE HONORINE,78,Maison,88,5,415,2022
300000,78820,JUZIERS,78,Maison,110,4,437,2022
460000,78790,SEPTEUIL,78,Dépendance,0,0,613,2022
460000,78790,SEPTEUIL,78,Maison,162,5,613,2022
625000,78390,BOIS D ARCY,78,Maison,120,4,522,2022
7969500,78180,MONTIGNY LE BRETONNEUX,78,Local industriel. commercial ou assimilé,6435,0,8000,2022
7969500,78180,MONTIGNY LE BRETONNEUX,78,Local industriel. commercial ou assimilé,6435,0,8544,2022
500000,78000,VERSAILLES,78,Dépendance,0,0,249,2022
500000,78000,VERSAILLES,78,Maison,45,3,249,2022
537000,78124,MAREIL-SUR-MAULDRE,78,Maison,137,5,2140,2022
537000,78124,MAREIL-SUR-MAULDRE,78,Appartement,25,1,2140,2022
537000,78124,MAREIL-SUR-MAULDRE,78,Appartement,25,1,500,2022
537000,78124,MAREIL-SUR-MAULDRE,78,Maison,137,5,500,2022
970000,78121,CRESPIERES,78,Dépendance,0,0,640,2022
970000,78121,CRESPIERES,78,Appartement,173,5,640,2022
970000,78121,CRESPIERES,78,Appartement,35,2,640,2022
970000,78121,CRESPIERES,78,Appartement,65,3,640,2022
970000,78121,CRESPIERES,78,Appartement,70,4,1055,2022
970000,78121,CRESPIERES,78,Local industriel. commercial ou assimilé,77,0,1055,2022
970000,78121,CRESPIERES,78,Dépendance,0,0,1055,2022
3200000,78000,VERSAILLES,78,Appartement,80,3,1027,2022
3200000,78000,VERSAILLES,78,Dépendance,0,0,1027,2022
3200000,78000,VERSAILLES,78,Appartement,36,1,1027,2022
3200000,78000,VERSAILLES,78,Appartement,48,3,1027,2022
3200000,78000,VERSAILLES,78,Appartement,50,3,1027,2022
3200000,78000,VERSAILLES,78,Local industriel. commercial ou assimilé,60,0,1027,2022
3200000,78000,VERSAILLES,78,Local industriel. commercial ou assimilé,19,0,1027,2022
3200000,78000,VERSAILLES,78,Appartement,40,1,1027,2022
3200000,78000,VERSAILLES,78,Appartement,35,2,1027,2022
328000,78510,TRIEL SUR SEINE,78,Maison,96,5,191,2022
855000,78530,BUC,78,Local industriel. commercial ou assimilé,1109,0,1100,2022
815000,78600,MAISONS-LAFFITTE,78,Dépendance,0,0,471,2022
815000,78600,MAISONS-LAFFITTE,78,Maison,175,7,471,2022
1300000,78340,CLAYES-SOUS-BOIS (LES),78,Dépendance,0,0,510,2022
1300000,78340,CLAYES-SOUS-BOIS (LES),78,Appartement,63,3,510,2022
1300000,78340,CLAYES-SOUS-BOIS (LES),78,Appartement,73,4,510,2022
1300000,78340,CLAYES-SOUS-BOIS (LES),78,Appartement,38,2,510,2022
1300000,78340,CLAYES-SOUS-BOIS (LES),78,Local industriel. commercial ou assimilé,82,0,510,2022
1300000,78340,CLAYES-SOUS-BOIS (LES),78,Local industriel. commercial ou assimilé,60,0,510,2022
1300000,78340,CLAYES-SOUS-BOIS (LES),78,Dépendance,0,0,728,2022
1300000,78340,CLAYES-SOUS-BOIS (LES),78,Maison,152,6,728,2022
405000,78770,ANDELU,78,Maison,100,4,453,2022
405000,78770,ANDELU,78,Dépendance,0,0,453,2022
405000,78770,ANDELU,78,Dépendance,0,0,500,2022
405000,78770,ANDELU,78,Maison,100,4,500,2022
1253340,78860,SAINT-NOM-LA-BRETECHE,78,Dépendance,0,0,1069,2022
1253340,78860,SAINT-NOM-LA-BRETECHE,78,Maison,252,8,1069,2022
385000,78990,ELANCOURT,78,Maison,90,4,404,2022
200000,78770,GOUPILLIERES,78,Maison,110,5,748,2022
200000,78770,GOUPILLIERES,78,Dépendance,0,0,748,2022
420000,78000,VERSAILLES,78,Local industriel. commercial ou assimilé,90,0,134,2022
1400000,78400,CHATOU,78,Dépendance,0,0,294,2022
1400000,78400,CHATOU,78,Maison,121,6,500,2022
1400000,78400,CHATOU,78,Dépendance,0,0,500,2022
1400000,78400,CHATOU,78,Maison,121,6,294,2022
319900,78910,PRUNAY-LE-TEMPLE,78,Maison,135,5,500,2022
319900,78910,PRUNAY-LE-TEMPLE,78,Maison,135,5,359,2022
930000,78000,VERSAILLES,78,Maison,45,4,268,2022
306700,78790,SEPTEUIL,78,Maison,127,5,1618,2022
930380,78500,SARTROUVILLE,78,Maison,165,5,446,2022
930380,78500,SARTROUVILLE,78,Dépendance,0,0,446,2022
239900,78250,HARDRICOURT,78,Dépendance,0,0,13,2022
343500,78690,ESSARTS-LE-ROI (LES),78,Maison,76,4,137,2022
565000,78800,HOUILLES,78,Maison,80,3,705,2022
565000,78800,HOUILLES,78,Dépendance,0,0,705,2022
550000,78320,LEVIS-SAINT-NOM,78,Maison,221,8,508,2022
450000,78940,QUEUE-LES-YVELINES (LA),78,Maison,110,6,270,2022
150000,78125,ORCEMONT,78,Maison,134,5,642,2022
450000,78220,VIROFLAY,78,Dépendance,0,0,314,2022
450000,78220,VIROFLAY,78,Maison,72,2,314,2022
543000,78500,SARTROUVILLE,78,Maison,75,3,193,2022
866000,78590,NOISY LE ROI,78,Maison,147,5,684,2022
438600,78480,VERNEUIL SUR SEINE,78,Maison,98,4,296,2022
531000,78500,SARTROUVILLE,78,Dépendance,0,0,375,2022
531000,78500,SARTROUVILLE,78,Maison,86,3,375,2022
965000,78470,SAINT-REMY-LES-CHEVREUSE,78,Maison,183,8,850,2022
309000,78125,HERMERAY,78,Maison,103,5,500,2022
309000,78125,HERMERAY,78,Maison,103,5,648,2022
4800000,78310,MAUREPAS,78,Local industriel. commercial ou assimilé,3460,0,2500,2022
997100,78600,MAISONS-LAFFITTE,78,Maison,97,5,276,2022
1510000,78630,MORAINVILLIERS,78,Maison,296,7,1651,2022
1510000,78630,MORAINVILLIERS,78,Dépendance,0,0,1651,2022
735000,78780,MAURECOURT,78,Maison,157,5,500,2022
428000,78124,MAREIL-SUR-MAULDRE,78,Maison,120,5,629,2022
428000,78124,MAREIL-SUR-MAULDRE,78,Maison,120,5,500,2022
580000,78730,SAINT-ARNOULT-EN-YVELINES,78,Dépendance,0,0,840,2022
580000,78730,SAINT-ARNOULT-EN-YVELINES,78,Maison,165,6,840,2022
358000,78800,HOUILLES,78,Dépendance,0,0,114,2022
358000,78800,HOUILLES,78,Maison,79,6,114,2022
525000,78370,PLAISIR,78,Maison,179,7,711,2022
1548120,78290,CROISSY SUR SEINE,78,Maison,195,7,600,2022
1548120,78290,CROISSY SUR SEINE,78,Maison,195,7,310,2022
276500,78660,BOINVILLE-LE-GAILLARD,78,Maison,99,5,500,2022
410000,78114,MAGNY-LES-HAMEAUX,78,Maison,72,3,492,2022
410000,78114,MAGNY-LES-HAMEAUX,78,Dépendance,0,0,492,2022
670000,78640,SAINT-GERMAIN-DE-LA-GRANGE,78,Local industriel. commercial ou assimilé,566,0,1620,2022
670000,78640,SAINT-GERMAIN-DE-LA-GRANGE,78,Local industriel. commercial ou assimilé,250,0,1620,2022
670000,78640,SAINT-GERMAIN-DE-LA-GRANGE,78,Maison,77,3,1620,2022
436880,78180,MONTIGNY LE BRETONNEUX,78,Maison,113,6,137,2022
869500,78730,SAINT-ARNOULT-EN-YVELINES,78,Local industriel. commercial ou assimilé,1784,0,1883,2022
869500,78730,SAINT-ARNOULT-EN-YVELINES,78,Local industriel. commercial ou assimilé,1784,0,1000,2022
197500,78570,CHANTELOUP-LES-VIGNES,78,Maison,130,5,762,2022
1,78250,MEULAN-EN-YVELINES,78,Maison,95,4,2504,2022
1,78250,MEULAN-EN-YVELINES,78,Local industriel. commercial ou assimilé,235,0,2504,2022
1,78250,MEULAN-EN-YVELINES,78,Local industriel. commercial ou assimilé,170,0,2504,2022
1,78250,MEULAN-EN-YVELINES,78,Local industriel. commercial ou assimilé,120,0,2504,2022
379761,78955,CARRIERES SOUS POISSY,78,Maison,110,5,360,2022
260000,78830,BONNELLES,78,Maison,110,4,133,2022
185000,78410,AUBERGENVILLE,78,Maison,65,3,43,2022
360000,78760,JOUARS-PONTCHARTRAIN,78,Appartement,19,1,577,2022
360000,78760,JOUARS-PONTCHARTRAIN,78,Appartement,80,2,577,2022
360000,78760,JOUARS-PONTCHARTRAIN,78,Dépendance,0,0,577,2022
360000,78760,JOUARS-PONTCHARTRAIN,78,Appartement,92,3,577,2022
580000,78540,VERNOUILLET,78,Maison,54,3,311,2022
305000,78410,NEZEL,78,Maison,77,4,1489,2022
305000,78410,NEZEL,78,Maison,77,4,500,2022
299000,78550,HOUDAN,78,Maison,93,4,409,2022
200000,78120,RAMBOUILLET,78,Dépendance,0,0,129,2022
200000,78120,RAMBOUILLET,78,Maison,47,3,129,2022
420000,78400,CHATOU,78,Local industriel. commercial ou assimilé,2,0,386,2022
420000,78400,CHATOU,78,Appartement,40,3,386,2022
420000,78400,CHATOU,78,Appartement,35,2,386,2022
420000,78400,CHATOU,78,Appartement,40,1,386,2022
420000,78400,CHATOU,78,Appartement,24,1,386,2022
420000,78400,CHATOU,78,Local industriel. commercial ou assimilé,104,0,386,2022
420000,78400,CHATOU,78,Local industriel. commercial ou assimilé,93,0,386,2022
420000,78400,CHATOU,78,Dépendance,0,0,386,2022
3782560,78520,LIMAY,78,Maison,69,3,778,2022
3782560,78520,LIMAY,78,Dépendance,0,0,778,2022
3782560,78520,LIMAY,78,Maison,78,4,778,2022
3782560,78520,LIMAY,78,Maison,89,5,2738,2022
3782560,78520,LIMAY,78,Dépendance,0,0,2738,2022
3782560,78520,LIMAY,78,Maison,78,4,2738,2022
3782560,78520,LIMAY,78,Maison,69,3,2738,2022
3782560,78520,LIMAY,78,Maison,78,4,2898,2022
3782560,78520,LIMAY,78,Maison,89,5,2898,2022
3782560,78520,LIMAY,78,Maison,69,3,2898,2022
3782560,78520,LIMAY,78,Dépendance,0,0,2898,2022
3782560,78520,LIMAY,78,Maison,93,4,2898,2022
366650,78570,CHANTELOUP-LES-VIGNES,78,Maison,110,5,345,2022
4200000,78630,ORGEVAL,78,Local industriel. commercial ou assimilé,2168,0,4968,2022
4200000,78630,ORGEVAL,78,Appartement,87,3,4968,2022
315000,78650,SAULX-MARCHAIS,78,Maison,86,4,561,2022
445000,78210,SAINT-CYR-L ECOLE,78,Maison,90,4,501,2022
489000,78700,CONFLANS SAINTE HONORINE,78,Maison,96,3,300,2022
373650,78310,COIGNIERES,78,Maison,99,5,359,2022
610250,78700,CONFLANS SAINTE HONORINE,78,Maison,140,7,490,2022
18000,78570,CHANTELOUP-LES-VIGNES,78,Dépendance,0,0,15,2022
620800,78117,TOUSSUS-LE-NOBLE,78,Maison,133,5,427,2022
400000,78955,CARRIERES SOUS POISSY,78,Maison,121,7,185,2022
434300,78650,BEYNES,78,Maison,88,4,420,2022
344447,78520,LIMAY,78,Maison,88,3,500,2022
344447,78520,LIMAY,78,Maison,88,3,493,2022
598500,78640,NEAUPHLE-LE-CHATEAU,78,Maison,177,6,964,2022
393000,78450,VILLEPREUX,78,Maison,113,5,194,2022
323770,78440,ISSOU,78,Maison,64,2,418,2022
907100,78400,CHATOU,78,Maison,124,6,139,2022
560000,78590,NOISY LE ROI,78,Dépendance,0,0,376,2022
560000,78590,NOISY LE ROI,78,Maison,79,5,376,2022
453850,78440,GARGENVILLE,78,Dépendance,0,0,674,2022
453850,78440,GARGENVILLE,78,Maison,100,5,500,2022
453850,78440,GARGENVILLE,78,Dépendance,0,0,500,2022
453850,78440,GARGENVILLE,78,Maison,100,5,674,2022
260000,78250,MEZY-SUR-SEINE,78,Maison,128,5,530,2022
836400,78810,FEUCHEROLLES,78,Maison,217,7,1044,2022
290000,78440,LAINVILLE-EN-VEXIN,78,Maison,95,6,610,2022
898475,78450,CHAVENAY,78,Maison,170,6,352,2022
898475,78450,CHAVENAY,78,Maison,170,6,500,2022
673130,78125,GAZERAN,78,Maison,158,6,500,2022
673130,78125,GAZERAN,78,Maison,158,6,2000,2022
314000,78640,VILLIERS-SAINT-FREDERIC,78,Appartement,82,3,318,2022
302400,78340,CLAYES-SOUS-BOIS (LES),78,Maison,63,4,259,2022
210000,78970,MEZIERES-SUR-SEINE,78,Maison,53,3,98,2022
210000,78970,MEZIERES-SUR-SEINE,78,Maison,62,3,98,2022
210000,78970,MEZIERES-SUR-SEINE,78,Maison,35,2,98,2022
915103,78350,JOUY EN JOSAS,78,Maison,123,5,1180,2022
915103,78350,JOUY EN JOSAS,78,Dépendance,0,0,1180,2022
915103,78350,JOUY EN JOSAS,78,Maison,123,5,60,2022
915103,78350,JOUY EN JOSAS,78,Dépendance,0,0,60,2022
250000,78570,CHANTELOUP-LES-VIGNES,78,Maison,87,4,470,2022
148400,78711,MANTES-LA-VILLE,78,Maison,90,4,327,2022
1200000,78630,ORGEVAL,78,Local industriel. commercial ou assimilé,118,0,251,2022
1200000,78630,ORGEVAL,78,Local industriel. commercial ou assimilé,69,0,251,2022
1200000,78630,ORGEVAL,78,Appartement,73,3,251,2022
1200000,78630,ORGEVAL,78,Local industriel. commercial ou assimilé,94,0,251,2022
1200000,78630,ORGEVAL,78,Local industriel. commercial ou assimilé,70,0,251,2022
400000,78260,ACHERES,78,Dépendance,0,0,816,2022
400000,78260,ACHERES,78,Maison,77,3,816,2022
430000,78270,VILLENEUVE-EN-CHEVRIE (LA),78,Maison,92,4,427,2022
430000,78270,VILLENEUVE-EN-CHEVRIE (LA),78,Dépendance,0,0,427,2022
720000,78210,SAINT-CYR-L ECOLE,78,Dépendance,0,0,502,2022
720000,78210,SAINT-CYR-L ECOLE,78,Maison,123,6,502,2022
125000,78700,CONFLANS SAINTE HONORINE,78,Maison,90,4,714,2022
420000,78710,ROSNY-SUR-SEINE,78,Dépendance,0,0,319,2022
420000,78710,ROSNY-SUR-SEINE,78,Appartement,34,2,319,2022
420000,78710,ROSNY-SUR-SEINE,78,Appartement,40,2,319,2022
420000,78710,ROSNY-SUR-SEINE,78,Appartement,18,1,319,2022
420000,78710,ROSNY-SUR-SEINE,78,Appartement,36,2,319,2022
865000,78210,SAINT-CYR-L ECOLE,78,Maison,90,5,510,2022
865000,78210,SAINT-CYR-L ECOLE,78,Dépendance,0,0,510,2022
555000,78570,CHANTELOUP-LES-VIGNES,78,Local industriel. commercial ou assimilé,2997,0,2967,2022
1161030,78380,BOUGIVAL,78,Maison,169,5,600,2022
1161030,78380,BOUGIVAL,78,Maison,169,5,1390,2022
1230000,78400,CHATOU,78,Maison,146,6,187,2022
1230000,78400,CHATOU,78,Maison,146,6,848,2022
200000,78124,MAREIL-SUR-MAULDRE,78,Dépendance,0,0,273,2022
1630450,78000,VERSAILLES,78,Maison,165,8,398,2022
240000,78270,CRAVENT,78,Maison,88,5,2080,2022
1624565,78000,VERSAILLES,78,Maison,157,8,143,2022
275000,78920,ECQUEVILLY,78,Maison,54,4,594,2022
275000,78920,ECQUEVILLY,78,Dépendance,0,0,594,2022
125525,78570,CHANTELOUP-LES-VIGNES,78,Dépendance,0,0,38,2022
120000,78270,LIMETZ-VILLEZ,78,Dépendance,0,0,2576,2022
120000,78270,LIMETZ-VILLEZ,78,Dépendance,0,0,800,2022
120000,78270,LIMETZ-VILLEZ,78,Maison,120,5,800,2022
120000,78270,LIMETZ-VILLEZ,78,Maison,120,5,2576,2022
176400,78270,MOUSSEAUX-SUR-SEINE,78,Maison,55,3,1210,2022
176400,78270,MOUSSEAUX-SUR-SEINE,78,Maison,55,3,500,2022
252000,78711,MANTES-LA-VILLE,78,Maison,92,5,627,2022
500000,78700,CONFLANS SAINTE HONORINE,78,Maison,77,4,883,2022
565000,78310,MAUREPAS,78,Dépendance,0,0,1500,2022
565000,78310,MAUREPAS,78,Maison,110,5,565,2022
565000,78310,MAUREPAS,78,Dépendance,0,0,565,2022
565000,78310,MAUREPAS,78,Maison,110,5,1500,2022
307750,78790,TILLY,78,Maison,135,5,1000,2022
1884369,78120,RAMBOUILLET,78,Maison,45,2,218,2022
1884369,78120,RAMBOUILLET,78,Dépendance,0,0,218,2022
1884369,78120,RAMBOUILLET,78,Dépendance,0,0,524,2022
1884369,78120,RAMBOUILLET,78,Maison,84,3,524,2022
1350000,78680,EPONE,78,Local industriel. commercial ou assimilé,150,0,500,2022
1350000,78680,EPONE,78,Local industriel. commercial ou assimilé,150,0,1800,2022
1350000,78680,EPONE,78,Local industriel. commercial ou assimilé,40,0,500,2022
1350000,78680,EPONE,78,Local industriel. commercial ou assimilé,40,0,1800,2022
150000,78250,HARDRICOURT,78,Dépendance,0,0,240,2022
150000,78250,HARDRICOURT,78,Maison,58,3,240,2022
286000,78700,CONFLANS SAINTE HONORINE,78,Local industriel. commercial ou assimilé,992,0,500,2022
286000,78700,CONFLANS SAINTE HONORINE,78,Local industriel. commercial ou assimilé,992,0,1909,2022
251500,78200,BUCHELAY,78,Maison,86,4,709,2022
186900,78740,VAUX-SUR-SEINE,78,Maison,40,3,47,2022
550000,78470,SAINT-REMY-LES-CHEVREUSE,78,Maison,88,5,418,2022
426700,78320,MESNIL-SAINT-DENIS (LE),78,Maison,105,5,254,2022
150000,78840,MOISSON,78,Maison,50,1,37,2022
422750,78860,SAINT-NOM-LA-BRETECHE,78,Maison,70,3,456,2022
500000,78420,CARRIERES SUR SEINE,78,Dépendance,0,0,142,2022
500000,78420,CARRIERES SUR SEINE,78,Maison,75,3,142,2022
315000,78730,SAINTE-MESME,78,Maison,90,5,607,2022
432300,78670,VILLENNES-SUR-SEINE,78,Maison,90,4,46,2022
193793,78640,NEAUPHLE-LE-VIEUX,78,Maison,169,6,500,2022
193793,78640,NEAUPHLE-LE-VIEUX,78,Maison,169,6,1010,2022
380000,78210,SAINT-CYR-L ECOLE,78,Appartement,30,1,162,2022
380000,78210,SAINT-CYR-L ECOLE,78,Appartement,34,1,162,2022
380000,78210,SAINT-CYR-L ECOLE,78,Local industriel. commercial ou assimilé,65,0,162,2022
1122400,78400,CHATOU,78,Appartement,46,2,630,2022
1122400,78400,CHATOU,78,Appartement,34,2,630,2022
320000,78420,CARRIERES SUR SEINE,78,Dépendance,0,0,395,2022
320000,78420,CARRIERES SUR SEINE,78,Maison,45,2,395,2022
1800000,78570,CHANTELOUP-LES-VIGNES,78,Appartement,105,4,6753,2022
1800000,78570,CHANTELOUP-LES-VIGNES,78,Local industriel. commercial ou assimilé,1849,0,6753,2022
1800000,78570,CHANTELOUP-LES-VIGNES,78,Local industriel. commercial ou assimilé,458,0,6753,2022
756000,78600,MAISONS-LAFFITTE,78,Maison,103,4,285,2022
546000,78800,HOUILLES,78,Local industriel. commercial ou assimilé,76,0,252,2022
546000,78800,HOUILLES,78,Maison,62,4,252,2022
230000,78350,LOGES-EN-JOSAS (LES),78,Maison,55,3,35,2022
499000,78450,VILLEPREUX,78,Maison,105,5,521,2022
835000,78500,SARTROUVILLE,78,Maison,173,5,514,2022
474400,78800,HOUILLES,78,Maison,80,3,369,2022
712000,78390,BOIS D ARCY,78,Maison,157,6,500,2022
1700000,78550,HOUDAN,78,Local industriel. commercial ou assimilé,1986,0,2376,2022
402790,78310,MAUREPAS,78,Maison,85,4,300,2022
390000,78310,MAUREPAS,78,Maison,86,5,782,2022
440000,78650,SAULX-MARCHAIS,78,Maison,91,5,1268,2022
440000,78650,SAULX-MARCHAIS,78,Maison,91,5,500,2022
366000,78670,MEDAN,78,Dépendance,0,0,520,2022
366000,78670,MEDAN,78,Maison,95,4,520,2022
1,78200,MANTES-LA-JOLIE,78,Local industriel. commercial ou assimilé,0,0,1165,2022
1,78280,GUYANCOURT,78,Local industriel. commercial ou assimilé,2913,0,7114,2022
2835000,78113,CONDE-SUR-VESGRE,78,Maison,120,4,2706,2022
2835000,78113,CONDE-SUR-VESGRE,78,Maison,380,2,2706,2022
2835000,78113,CONDE-SUR-VESGRE,78,Dépendance,0,0,16038,2022
434000,78500,SARTROUVILLE,78,Maison,99,5,120,2022
186589,78125,HERMERAY,78,Maison,64,3,38,2022
186589,78125,HERMERAY,78,Maison,64,3,2641,2022
917400,78240,AIGREMONT,78,Maison,142,6,480,2022
617000,78150,LE CHESNAY-ROCQUENCOURT,78,Appartement,44,2,378,2022
617000,78150,LE CHESNAY-ROCQUENCOURT,78,Dépendance,0,0,378,2022
617000,78150,LE CHESNAY-ROCQUENCOURT,78,Appartement,66,3,378,2022
617000,78150,LE CHESNAY-ROCQUENCOURT,78,Appartement,48,3,378,2022
617000,78150,LE CHESNAY-ROCQUENCOURT,78,Appartement,16,1,378,2022
321000,78113,ADAINVILLE,78,Dépendance,0,0,500,2022
321000,78113,ADAINVILLE,78,Dépendance,0,0,832,2022
321000,78113,ADAINVILLE,78,Maison,66,4,832,2022
321000,78113,ADAINVILLE,78,Maison,66,4,500,2022
290000,78290,CROISSY SUR SEINE,78,Maison,55,2,42,2022
785000,78500,SARTROUVILLE,78,Maison,130,5,902,2022
785000,78500,SARTROUVILLE,78,Dépendance,0,0,902,2022
287480,78340,CLAYES-SOUS-BOIS (LES),78,Maison,60,3,428,2022
475000,78720,CERNAY-LA-VILLE,78,Maison,116,6,583,2022
697600,78500,SARTROUVILLE,78,Maison,105,4,376,2022
632080,78460,CHEVREUSE,78,Dépendance,0,0,322,2022
632080,78460,CHEVREUSE,78,Maison,95,5,322,2022
229190,78250,MEZY-SUR-SEINE,78,Dépendance,0,0,2196,2022
229190,78250,MEZY-SUR-SEINE,78,Maison,122,5,2196,2022
250000,78250,HARDRICOURT,78,Maison,54,3,976,2022
250000,78250,HARDRICOURT,78,Maison,54,3,63,2022
267500,78820,JUZIERS,78,Maison,111,5,297,2022
225000,78550,RICHEBOURG,78,Maison,77,4,500,2022
225000,78550,RICHEBOURG,78,Dépendance,0,0,500,2022
225000,78550,RICHEBOURG,78,Maison,77,4,645,2022
225000,78550,RICHEBOURG,78,Dépendance,0,0,645,2022
144250,78120,CLAIREFONTAINE-EN-YVELINES,78,Maison,38,2,38,2022
4080000,78125,GAZERAN,78,Local industriel. commercial ou assimilé,2162,0,8136,2022
394950,78630,MORAINVILLIERS,78,Maison,114,5,435,2022
227000,78340,CLAYES-SOUS-BOIS (LES),78,Maison,136,7,454,2022
555000,78630,ORGEVAL,78,Maison,65,4,500,2022
446100,78580,MAULE,78,Maison,82,2,880,2022
2460000,78000,VERSAILLES,78,Maison,210,6,745,2022
2460000,78000,VERSAILLES,78,Maison,210,6,783,2022
900000,78210,SAINT-CYR-L ECOLE,78,Appartement,12,1,626,2022
900000,78210,SAINT-CYR-L ECOLE,78,Dépendance,0,0,626,2022
900000,78210,SAINT-CYR-L ECOLE,78,Appartement,70,5,626,2022
900000,78210,SAINT-CYR-L ECOLE,78,Appartement,50,3,626,2022
264151,78700,CONFLANS SAINTE HONORINE,78,Dépendance,0,0,252,2022
264151,78700,CONFLANS SAINTE HONORINE,78,Maison,86,4,252,2022
413964,78860,SAINT-NOM-LA-BRETECHE,78,Local industriel. commercial ou assimilé,103,0,391,2022
413964,78860,SAINT-NOM-LA-BRETECHE,78,Appartement,126,6,391,2022
413964,78860,SAINT-NOM-LA-BRETECHE,78,Local industriel. commercial ou assimilé,40,0,391,2022
413964,78860,SAINT-NOM-LA-BRETECHE,78,Dépendance,0,0,391,2022
1100000,78460,CHEVREUSE,78,Maison,176,5,1254,2022
1100000,78460,CHEVREUSE,78,Maison,176,5,500,2022
250000,78250,MEULAN-EN-YVELINES,78,Appartement,78,4,77,2022
885350,78720,DAMPIERRE-EN-YVELINES,78,Maison,288,8,500,2022
885350,78720,DAMPIERRE-EN-YVELINES,78,Maison,288,8,1701,2022
625500,78120,RAMBOUILLET,78,Dépendance,0,0,476,2022
625500,78120,RAMBOUILLET,78,Maison,100,4,476,2022
1,78190,TRAPPES,78,Local industriel. commercial ou assimilé,7693,0,29960,2022
1,78190,TRAPPES,78,Local industriel. commercial ou assimilé,148,0,2287,2022
435000,78370,PLAISIR,78,Maison,129,6,625,2022
217500,78450,VILLEPREUX,78,Maison,108,5,219,2022
138650,78200,JOUY-MAUVOISIN,78,Dépendance,0,0,723,2022
138650,78200,JOUY-MAUVOISIN,78,Dépendance,0,0,500,2022
138650,78200,JOUY-MAUVOISIN,78,Maison,210,5,500,2022
138650,78200,JOUY-MAUVOISIN,78,Maison,210,5,723,2022
700000,78800,HOUILLES,78,Maison,89,5,300,2022
1300000,78670,VILLENNES-SUR-SEINE,78,Dépendance,0,0,721,2022
1300000,78670,VILLENNES-SUR-SEINE,78,Appartement,79,3,721,2022
1300000,78670,VILLENNES-SUR-SEINE,78,Maison,90,3,721,2022
1300000,78670,VILLENNES-SUR-SEINE,78,Maison,136,4,721,2022
3100000,78000,VERSAILLES,78,Local industriel. commercial ou assimilé,0,0,3000,2022
3100000,78000,VERSAILLES,78,Appartement,68,4,3000,2022
601150,78125,HERMERAY,78,Maison,162,5,480,2022
601150,78125,HERMERAY,78,Maison,162,5,5500,2022
601150,78125,HERMERAY,78,Dépendance,0,0,480,2022
601150,78125,HERMERAY,78,Dépendance,0,0,5500,2022
360000,78660,PRUNAY-EN-YVELINES,78,Maison,160,7,935,2022
360000,78660,PRUNAY-EN-YVELINES,78,Dépendance,0,0,935,2022
832600,78480,VERNEUIL SUR SEINE,78,Maison,145,6,315,2022
444000,78510,TRIEL SUR SEINE,78,Maison,112,6,1008,2022
3439700,78150,LE CHESNAY-ROCQUENCOURT,78,Dépendance,0,0,550,2022
3439700,78150,LE CHESNAY-ROCQUENCOURT,78,Appartement,32,1,550,2022
3439700,78150,LE CHESNAY-ROCQUENCOURT,78,Local industriel. commercial ou assimilé,92,0,550,2022
3439700,78150,LE CHESNAY-ROCQUENCOURT,78,Appartement,22,1,550,2022
3439700,78150,LE CHESNAY-ROCQUENCOURT,78,Appartement,28,1,550,2022
3439700,78150,LE CHESNAY-ROCQUENCOURT,78,Appartement,44,2,550,2022
3439700,78150,LE CHESNAY-ROCQUENCOURT,78,Appartement,31,2,550,2022
3439700,78150,LE CHESNAY-ROCQUENCOURT,78,Appartement,33,1,550,2022
3439700,78150,LE CHESNAY-ROCQUENCOURT,78,Appartement,30,1,550,2022
3439700,78150,LE CHESNAY-ROCQUENCOURT,78,Appartement,41,2,550,2022
3439700,78150,LE CHESNAY-ROCQUENCOURT,78,Appartement,27,2,550,2022
3439700,78150,LE CHESNAY-ROCQUENCOURT,78,Local industriel. commercial ou assimilé,72,0,550,2022
3439700,78150,LE CHESNAY-ROCQUENCOURT,78,Local industriel. commercial ou assimilé,156,0,550,2022
3439700,78150,LE CHESNAY-ROCQUENCOURT,78,Maison,92,4,376,2022
3439700,78150,LE CHESNAY-ROCQUENCOURT,78,Local industriel. commercial ou assimilé,115,0,410,2022
3439700,78150,LE CHESNAY-ROCQUENCOURT,78,Local industriel. commercial ou assimilé,156,0,410,2022
559200,78120,RAMBOUILLET,78,Dépendance,0,0,2094,2022
559200,78120,RAMBOUILLET,78,Local industriel. commercial ou assimilé,43,0,2094,2022
559200,78120,RAMBOUILLET,78,Local industriel. commercial ou assimilé,8,0,2094,2022
559200,78120,RAMBOUILLET,78,Local industriel. commercial ou assimilé,0,0,2094,2022
559200,78120,RAMBOUILLET,78,Appartement,92,5,2094,2022
559200,78120,RAMBOUILLET,78,Local industriel. commercial ou assimilé,8992,0,2094,2022
559200,78120,RAMBOUILLET,78,Appartement,74,4,2094,2022
291900,78200,MAGNANVILLE,78,Maison,94,5,409,2022
1300000,78750,MAREIL-MARLY,78,Maison,80,5,500,2022
1300000,78750,MAREIL-MARLY,78,Dépendance,0,0,500,2022
1300000,78750,MAREIL-MARLY,78,Maison,80,5,1711,2022
1300000,78750,MAREIL-MARLY,78,Dépendance,0,0,1711,2022
415000,78610,PERRAY-EN-YVELINES (LE),78,Maison,76,3,827,2022
415000,78610,PERRAY-EN-YVELINES (LE),78,Dépendance,0,0,827,2022
287000,78711,MANTES-LA-VILLE,78,Maison,108,6,165,2022
370000,78580,BAZEMONT,78,Maison,106,6,652,2022
370000,78580,BAZEMONT,78,Dépendance,0,0,652,2022
2400000,78200,BUCHELAY,78,Local industriel. commercial ou assimilé,1770,0,3000,2022
2400000,78200,BUCHELAY,78,Local industriel. commercial ou assimilé,768,0,3000,2022
200000,78840,FRENEUSE,78,Maison,75,4,187,2022
500000,78800,HOUILLES,78,Maison,99,5,454,2022
1550000,78630,ORGEVAL,78,Local industriel. commercial ou assimilé,600,0,800,2022
290000,78970,MEZIERES-SUR-SEINE,78,Maison,61,3,495,2022
367400,78650,BEYNES,78,Maison,87,4,461,2022
145000,78440,PORCHEVILLE,78,Maison,61,4,315,2022
1100000,78110,VESINET (LE),78,Maison,170,2,855,2022
1100000,78110,VESINET (LE),78,Maison,170,2,500,2022
154687,78125,VIEILLE-EGLISE-EN-YVELINES,78,Maison,105,6,690,2022
350000,78955,CARRIERES SOUS POISSY,78,Maison,100,5,273,2022
331000,78250,MEULAN-EN-YVELINES,78,Local industriel. commercial ou assimilé,51,0,51,2022
331000,78250,MEULAN-EN-YVELINES,78,Maison,71,5,51,2022
289300,78910,OSMOY,78,Dépendance,0,0,403,2022
289300,78910,OSMOY,78,Maison,110,5,403,2022
317000,78320,MESNIL-SAINT-DENIS (LE),78,Dépendance,0,0,739,2022
317000,78320,MESNIL-SAINT-DENIS (LE),78,Appartement,42,3,739,2022
317000,78320,MESNIL-SAINT-DENIS (LE),78,Appartement,32,1,739,2022
645000,78510,TRIEL SUR SEINE,78,Dépendance,0,0,1013,2022
645000,78510,TRIEL SUR SEINE,78,Maison,75,4,1013,2022
510000,78124,MAREIL-SUR-MAULDRE,78,Maison,145,6,644,2022
570000,78700,CONFLANS SAINTE HONORINE,78,Maison,82,4,645,2022
480000,78860,SAINT-NOM-LA-BRETECHE,78,Local industriel. commercial ou assimilé,84,0,1455,2022
480000,78860,SAINT-NOM-LA-BRETECHE,78,Local industriel. commercial ou assimilé,168,0,1455,2022
480000,78860,SAINT-NOM-LA-BRETECHE,78,Local industriel. commercial ou assimilé,154,0,1455,2022
480000,78860,SAINT-NOM-LA-BRETECHE,78,Local industriel. commercial ou assimilé,210,0,1455,2022
515000,78390,BOIS D ARCY,78,Maison,101,5,410,2022
495000,78570,ANDRESY,78,Maison,168,6,309,2022
320900,78660,PRUNAY-EN-YVELINES,78,Maison,100,3,210,2022
568700,78410,FLINS-SUR-SEINE,78,Maison,196,5,701,2022
273000,78410,NEZEL,78,Maison,135,5,107,2022
273000,78410,NEZEL,78,Dépendance,0,0,15,2022
273000,78410,NEZEL,78,Dépendance,0,0,17,2022
3130000,78540,VERNOUILLET,78,Local industriel. commercial ou assimilé,6349,0,13856,2022
265000,78650,BEYNES,78,Maison,80,4,155,2022
373000,78480,VERNEUIL SUR SEINE,78,Maison,92,5,718,2022
620000,78610,SAINT-LEGER-EN-YVELINES,78,Maison,140,5,891,2022
620000,78610,SAINT-LEGER-EN-YVELINES,78,Maison,140,5,500,2022
620000,78610,SAINT-LEGER-EN-YVELINES,78,Dépendance,0,0,500,2022
620000,78610,SAINT-LEGER-EN-YVELINES,78,Dépendance,0,0,891,2022
229000,78980,LONGNES,78,Maison,81,5,615,2022
1105000,78100,SAINT-GERMAIN-EN-LAYE,78,Appartement,42,2,177,2022
1105000,78100,SAINT-GERMAIN-EN-LAYE,78,Appartement,62,3,177,2022
1105000,78100,SAINT-GERMAIN-EN-LAYE,78,Appartement,38,2,177,2022
1105000,78100,SAINT-GERMAIN-EN-LAYE,78,Local industriel. commercial ou assimilé,103,0,177,2022
780000,78380,BOUGIVAL,78,Maison,96,6,550,2022
780000,78380,BOUGIVAL,78,Maison,96,6,137,2022
655300,78630,ORGEVAL,78,Maison,156,6,445,2022
406000,78580,MAULE,78,Maison,67,4,968,2022
223500,78580,MAULE,78,Maison,65,3,155,2022
485000,78180,MONTIGNY LE BRETONNEUX,78,Maison,115,5,314,2022
485000,78180,MONTIGNY LE BRETONNEUX,78,Dépendance,0,0,314,2022
375000,78720,DAMPIERRE-EN-YVELINES,78,Local industriel. commercial ou assimilé,25,0,193,2022
375000,78720,DAMPIERRE-EN-YVELINES,78,Maison,130,5,193,2022
850000,78400,CHATOU,78,Maison,62,4,535,2022
200000,78190,TRAPPES,78,Maison,36,2,372,2022
310000,78510,TRIEL SUR SEINE,78,Maison,79,4,95,2022
1050000,78380,BOUGIVAL,78,Local industriel. commercial ou assimilé,65,0,537,2022
1050000,78380,BOUGIVAL,78,Appartement,65,3,537,2022
1050000,78380,BOUGIVAL,78,Local industriel. commercial ou assimilé,456,0,537,2022
180000,78270,BLARU,78,Local industriel. commercial ou assimilé,48,0,929,2022
180000,78270,BLARU,78,Maison,70,5,929,2022
180000,78270,BLARU,78,Dépendance,0,0,929,2022
180000,78270,BLARU,78,Local industriel. commercial ou assimilé,160,0,929,2022
180000,78270,BLARU,78,Local industriel. commercial ou assimilé,82,0,929,2022
750000,78360,MONTESSON,78,Maison,160,7,400,2022
733300,78500,SARTROUVILLE,78,Maison,94,4,339,2022
813750,78590,NOISY LE ROI,78,Maison,146,5,585,2022
955558,78290,CROISSY SUR SEINE,78,Maison,192,7,529,2022
305000,78130,MUREAUX (LES),78,Maison,110,8,537,2022
643000,78125,HERMERAY,78,Dépendance,0,0,500,2022
643000,78125,HERMERAY,78,Maison,164,5,500,2022
829300,78490,MONTFORT-L AMAURY,78,Dépendance,0,0,374,2022
829300,78490,MONTFORT-L AMAURY,78,Maison,85,4,374,2022
596000,78300,POISSY,78,Maison,96,5,292,2022
596000,78300,POISSY,78,Dépendance,0,0,292,2022
550000,78700,CONFLANS SAINTE HONORINE,78,Maison,115,6,332,2022
520000,78130,MUREAUX (LES),78,Local industriel. commercial ou assimilé,110,0,278,2022
520000,78130,MUREAUX (LES),78,Appartement,18,1,278,2022
520000,78130,MUREAUX (LES),78,Appartement,12,0,278,2022
520000,78130,MUREAUX (LES),78,Appartement,92,4,278,2022
520000,78130,MUREAUX (LES),78,Appartement,20,1,278,2022
520000,78130,MUREAUX (LES),78,Appartement,25,1,278,2022
995598,78150,LE CHESNAY-ROCQUENCOURT,78,Local industriel. commercial ou assimilé,289,0,1126,2022
995598,78150,LE CHESNAY-ROCQUENCOURT,78,Local industriel. commercial ou assimilé,20,0,1126,2022
995598,78150,LE CHESNAY-ROCQUENCOURT,78,Local industriel. commercial ou assimilé,50,0,1126,2022
995598,78150,LE CHESNAY-ROCQUENCOURT,78,Local industriel. commercial ou assimilé,232,0,1126,2022
569450,78510,TRIEL SUR SEINE,78,Maison,181,5,747,2022
344000,78550,BAZAINVILLE,78,Maison,113,3,280,2022
344000,78550,BAZAINVILLE,78,Dépendance,0,0,280,2022
388000,78570,CHANTELOUP-LES-VIGNES,78,Appartement,49,2,683,2022
388000,78570,CHANTELOUP-LES-VIGNES,78,Appartement,67,3,683,2022
388000,78570,CHANTELOUP-LES-VIGNES,78,Dépendance,0,0,683,2022
420000,78420,CARRIERES SUR SEINE,78,Dépendance,0,0,367,2022
420000,78420,CARRIERES SUR SEINE,78,Maison,36,4,367,2022
195000,78520,LIMAY,78,Maison,65,4,572,2022
854000,78160,MARLY-LE-ROI,78,Maison,67,3,413,2022
854000,78160,MARLY-LE-ROI,78,Local industriel. commercial ou assimilé,84,0,413,2022
900000,78440,GARGENVILLE,78,Local industriel. commercial ou assimilé,182,0,500,2022
900000,78440,GARGENVILLE,78,Local industriel. commercial ou assimilé,182,0,257,2022
989750,78470,SAINT-REMY-LES-CHEVREUSE,78,Dépendance,0,0,500,2022
989750,78470,SAINT-REMY-LES-CHEVREUSE,78,Dépendance,0,0,5883,2022
989750,78470,SAINT-REMY-LES-CHEVREUSE,78,Maison,125,5,500,2022
989750,78470,SAINT-REMY-LES-CHEVREUSE,78,Maison,125,5,5883,2022
460000,78125,HERMERAY,78,Maison,100,5,780,2022
749975,78960,VOISINS-LE-BRETONNEUX,78,Maison,150,6,420,2022
657000,78220,VIROFLAY,78,Maison,56,4,306,2022
657000,78220,VIROFLAY,78,Dépendance,0,0,306,2022
295000,78550,HOUDAN,78,Maison,93,5,594,2022
448393,78250,OINVILLE-SUR-MONTCIENT,78,Maison,152,5,472,2022
448393,78250,OINVILLE-SUR-MONTCIENT,78,Maison,152,5,500,2022
463450,78610,PERRAY-EN-YVELINES (LE),78,Maison,114,6,553,2022
440000,78700,CONFLANS SAINTE HONORINE,78,Maison,125,6,315,2022
300000,78130,MUREAUX (LES),78,Maison,160,6,1212,2022
960000,78260,ACHERES,78,Dépendance,0,0,403,2022
960000,78260,ACHERES,78,Maison,173,9,403,2022
300000,78440,ISSOU,78,Maison,90,4,550,2022
140000,78590,NOISY LE ROI,78,Maison,220,8,800,2022
140000,78590,NOISY LE ROI,78,Maison,96,5,800,2022
140000,78590,NOISY LE ROI,78,Maison,220,8,2298,2022
140000,78590,NOISY LE ROI,78,Maison,96,5,2298,2022
400000,78720,CERNAY-LA-VILLE,78,Maison,134,4,273,2022
370750,78980,SAINT-ILLIERS-LE-BOIS,78,Maison,165,7,500,2022
370750,78980,SAINT-ILLIERS-LE-BOIS,78,Dépendance,0,0,2097,2022
370750,78980,SAINT-ILLIERS-LE-BOIS,78,Maison,165,7,2097,2022
370750,78980,SAINT-ILLIERS-LE-BOIS,78,Dépendance,0,0,500,2022
107500,78250,TESSANCOURT-SUR-AUBETTE,78,Maison,150,7,452,2022
316400,78370,PLAISIR,78,Maison,84,4,555,2022
466900,78370,PLAISIR,78,Maison,106,4,310,2022
328500,78820,JUZIERS,78,Maison,108,5,107,2022
488500,78700,CONFLANS SAINTE HONORINE,78,Maison,78,5,386,2022
488500,78700,CONFLANS SAINTE HONORINE,78,Dépendance,0,0,386,2022
242650,78270,BONNIERES-SUR-SEINE,78,Dépendance,0,0,699,2022
242650,78270,BONNIERES-SUR-SEINE,78,Maison,81,4,699,2022
270000,78740,VAUX-SUR-SEINE,78,Maison,87,3,500,2022
270000,78740,VAUX-SUR-SEINE,78,Maison,87,3,541,2022
397500,78170,CELLE-SAINT-CLOUD (LA),78,Maison,87,4,382,2022
397500,78170,CELLE-SAINT-CLOUD (LA),78,Dépendance,0,0,382,2022
388000,78410,FLINS-SUR-SEINE,78,Maison,103,5,604,2022
410000,78320,VERRIERE (LA),78,Maison,80,3,588,2022
132000,78200,MENERVILLE,78,Maison,44,2,380,2022
228000,78830,BONNELLES,78,Maison,112,5,886,2022
622500,78360,MONTESSON,78,Maison,70,4,369,2022
330000,78440,GARGENVILLE,78,Maison,114,5,277,2022
330000,78440,GARGENVILLE,78,Maison,114,5,500,2022
2500000,78200,MANTES-LA-JOLIE,78,Local industriel. commercial ou assimilé,3103,0,11819,2022
313500,78920,ECQUEVILLY,78,Maison,63,3,438,2022
3223000,78240,CHAMBOURCY,78,Maison,268,6,4400,2022
3223000,78240,CHAMBOURCY,78,Dépendance,0,0,4400,2022
3223000,78240,CHAMBOURCY,78,Maison,268,6,562,2022
3223000,78240,CHAMBOURCY,78,Dépendance,0,0,562,2022
350000,78640,SAINT-GERMAIN-DE-LA-GRANGE,78,Maison,108,4,370,2022
150000,78126,AULNAY-SUR-MAULDRE,78,Local industriel. commercial ou assimilé,160,0,600,2022
150000,78126,AULNAY-SUR-MAULDRE,78,Local industriel. commercial ou assimilé,265,0,600,2022
150000,78126,AULNAY-SUR-MAULDRE,78,Local industriel. commercial ou assimilé,150,0,600,2022
150000,78126,AULNAY-SUR-MAULDRE,78,Local industriel. commercial ou assimilé,175,0,600,2022
536400,78120,RAMBOUILLET,78,Maison,148,4,413,2022
397450,78450,VILLEPREUX,78,Maison,90,3,128,2022
800000,78100,SAINT-GERMAIN-EN-LAYE,78,Dépendance,0,0,471,2022
800000,78100,SAINT-GERMAIN-EN-LAYE,78,Dépendance,0,0,395,2022
800000,78100,SAINT-GERMAIN-EN-LAYE,78,Maison,62,4,395,2022
800000,78100,SAINT-GERMAIN-EN-LAYE,78,Maison,62,4,471,2022
363900,78700,CONFLANS SAINTE HONORINE,78,Maison,95,6,253,2022
363900,78700,CONFLANS SAINTE HONORINE,78,Dépendance,0,0,253,2022
2355600,78700,CONFLANS SAINTE HONORINE,78,Appartement,49,3,120,2022
2355600,78700,CONFLANS SAINTE HONORINE,78,Dépendance,0,0,120,2022
2355600,78700,CONFLANS SAINTE HONORINE,78,Appartement,59,4,120,2022
2355600,78700,CONFLANS SAINTE HONORINE,78,Appartement,35,2,120,2022
2355600,78700,CONFLANS SAINTE HONORINE,78,Appartement,46,2,120,2022
2355600,78700,CONFLANS SAINTE HONORINE,78,Appartement,36,2,120,2022
432000,78500,SARTROUVILLE,78,Dépendance,0,0,324,2022
432000,78500,SARTROUVILLE,78,Maison,64,3,324,2022
1106000,78600,MAISONS-LAFFITTE,78,Maison,129,5,293,2022
1062158,78170,CELLE-SAINT-CLOUD (LA),78,Maison,130,6,466,2022
268770,78121,CRESPIERES,78,Appartement,45,3,516,2022
268770,78121,CRESPIERES,78,Maison,102,4,516,2022
268770,78121,CRESPIERES,78,Appartement,67,2,516,2022
199000,78711,MANTES-LA-VILLE,78,Maison,42,3,331,2022
875000,78720,DAMPIERRE-EN-YVELINES,78,Maison,192,9,500,2022
875000,78720,DAMPIERRE-EN-YVELINES,78,Maison,192,9,1000,2022
140567,78190,TRAPPES,78,Maison,40,3,571,2022
1000000,78800,HOUILLES,78,Maison,150,7,652,2022
436625,78650,SAULX-MARCHAIS,78,Maison,159,5,500,2022
312000,78850,THIVERVAL-GRIGNON,78,Dépendance,0,0,110,2022
312000,78850,THIVERVAL-GRIGNON,78,Maison,96,5,110,2022
300000,78114,MAGNY-LES-HAMEAUX,78,Maison,107,6,223,2022
365000,78830,BULLION,78,Maison,68,2,803,2022
292040,78740,VAUX-SUR-SEINE,78,Dépendance,0,0,164,2022
292040,78740,VAUX-SUR-SEINE,78,Appartement,38,2,164,2022
292040,78740,VAUX-SUR-SEINE,78,Appartement,28,2,164,2022
292040,78740,VAUX-SUR-SEINE,78,Appartement,65,3,164,2022
292040,78740,VAUX-SUR-SEINE,78,Appartement,32,2,164,2022
240000,78440,GARGENVILLE,78,Maison,65,2,161,2022
240000,78440,GARGENVILLE,78,Local industriel. commercial ou assimilé,94,0,161,2022
662500,78500,SARTROUVILLE,78,Maison,109,5,350,2022
331000,78910,FLEXANVILLE,78,Maison,66,2,540,2022
6682264,78790,SEPTEUIL,78,Appartement,127,6,1930,2022
6682264,78790,SEPTEUIL,78,Appartement,35,1,1930,2022
6682264,78790,SEPTEUIL,78,Local industriel. commercial ou assimilé,897,0,1930,2022
6682264,78790,SEPTEUIL,78,Appartement,54,3,1930,2022
6682264,78790,SEPTEUIL,78,Appartement,73,4,525,2022
6682264,78790,SEPTEUIL,78,Appartement,48,2,525,2022
6682264,78790,SEPTEUIL,78,Appartement,127,6,525,2022
6682264,78790,SEPTEUIL,78,Appartement,35,1,525,2022
6682264,78790,SEPTEUIL,78,Local industriel. commercial ou assimilé,897,0,525,2022
6682264,78790,SEPTEUIL,78,Dépendance,0,0,1930,2022
6682264,78790,SEPTEUIL,78,Appartement,73,4,1930,2022
6682264,78790,SEPTEUIL,78,Appartement,48,2,1930,2022
6682264,78790,SEPTEUIL,78,Appartement,73,4,6095,2022
6682264,78790,SEPTEUIL,78,Appartement,48,2,6095,2022
6682264,78790,SEPTEUIL,78,Appartement,127,6,6095,2022
6682264,78790,SEPTEUIL,78,Appartement,35,1,6095,2022
6682264,78790,SEPTEUIL,78,Local industriel. commercial ou assimilé,897,0,6095,2022
6682264,78790,SEPTEUIL,78,Dépendance,0,0,525,2022
6682264,78790,SEPTEUIL,78,Local industriel. commercial ou assimilé,897,0,20600,2022
6682264,78790,SEPTEUIL,78,Dépendance,0,0,73509,2022
6682264,78790,SEPTEUIL,78,Appartement,127,6,20600,2022
6682264,78790,SEPTEUIL,78,Appartement,35,1,20600,2022
6682264,78790,SEPTEUIL,78,Dépendance,0,0,20600,2022
6682264,78790,SEPTEUIL,78,Appartement,54,3,20600,2022
6682264,78790,SEPTEUIL,78,Appartement,73,4,20600,2022
6682264,78790,SEPTEUIL,78,Appartement,54,3,525,2022
6682264,78790,SEPTEUIL,78,Appartement,54,3,6095,2022
6682264,78790,SEPTEUIL,78,Dépendance,0,0,6095,2022
6682264,78790,SEPTEUIL,78,Local industriel. commercial ou assimilé,897,0,73509,2022
6682264,78790,SEPTEUIL,78,Appartement,35,1,73509,2022
6682264,78790,SEPTEUIL,78,Appartement,127,6,73509,2022
6682264,78790,SEPTEUIL,78,Appartement,48,2,73509,2022
6682264,78790,SEPTEUIL,78,Appartement,73,4,73509,2022
6682264,78790,SEPTEUIL,78,Appartement,54,3,73509,2022
6682264,78790,SEPTEUIL,78,Appartement,48,2,20600,2022
384450,78370,PLAISIR,78,Maison,119,5,150,2022
285000,78990,ELANCOURT,78,Maison,72,3,544,2022
275000,78910,ORGERUS,78,Dépendance,0,0,495,2022
275000,78910,ORGERUS,78,Maison,62,3,495,2022
237500,78510,TRIEL SUR SEINE,78,Maison,35,3,418,2022
505900,78124,MAREIL-SUR-MAULDRE,78,Maison,137,6,514,2022
505900,78124,MAREIL-SUR-MAULDRE,78,Maison,137,6,500,2022
637000,78640,NEAUPHLE-LE-CHATEAU,78,Dépendance,0,0,500,2022
637000,78640,NEAUPHLE-LE-CHATEAU,78,Maison,230,6,567,2022
637000,78640,NEAUPHLE-LE-CHATEAU,78,Dépendance,0,0,567,2022
637000,78640,NEAUPHLE-LE-CHATEAU,78,Maison,230,6,500,2022
1833494,78955,CARRIERES SOUS POISSY,78,Local industriel. commercial ou assimilé,3755,0,3723,2022
1833494,78955,CARRIERES SOUS POISSY,78,Local industriel. commercial ou assimilé,151,0,3723,2022
761350,78630,ORGEVAL,78,Maison,134,5,1144,2022
761350,78630,ORGEVAL,78,Maison,134,5,500,2022
265000,78980,BREVAL,78,Maison,114,5,340,2022
3000000,78500,SARTROUVILLE,78,Local industriel. commercial ou assimilé,1486,0,5113,2022
252000,78711,MANTES-LA-VILLE,78,Maison,101,5,154,2022
310000,78270,BONNIERES-SUR-SEINE,78,Maison,111,5,485,2022
130000,78770,VILLIERS-LE-MAHIEU,78,Maison,60,2,383,2022
843000,78450,CHAVENAY,78,Maison,256,8,831,2022
843000,78450,CHAVENAY,78,Maison,256,8,200,2022
269000,78980,LONGNES,78,Maison,71,4,1440,2022
925000,78210,SAINT-CYR-L ECOLE,78,Maison,73,4,613,2022
561640,78990,ELANCOURT,78,Maison,135,5,573,2022
561640,78990,ELANCOURT,78,Maison,135,5,500,2022
494500,78770,THOIRY,78,Maison,140,5,105,2022
1202000,78490,GROSROUVRE,78,Maison,204,4,1650,2022
1202000,78490,GROSROUVRE,78,Maison,60,3,1650,2022
1202000,78490,GROSROUVRE,78,Maison,204,4,500,2022
1202000,78490,GROSROUVRE,78,Maison,60,3,500,2022
190000,78790,ROSAY,78,Maison,57,3,435,2022
830000,78400,CHATOU,78,Maison,103,5,509,2022
270000,78440,ISSOU,78,Maison,98,5,270,2022
415290,78910,CIVRY-LA-FORET,78,Maison,209,8,1022,2022
415290,78910,CIVRY-LA-FORET,78,Maison,209,8,500,2022
381960,78320,MESNIL-SAINT-DENIS (LE),78,Maison,51,2,60,2022
457000,78120,RAMBOUILLET,78,Maison,156,5,462,2022
457000,78120,RAMBOUILLET,78,Maison,156,5,500,2022
476050,78490,MONTFORT-L AMAURY,78,Dépendance,0,0,71,2022
476050,78490,MONTFORT-L AMAURY,78,Maison,107,3,71,2022
476050,78490,MONTFORT-L AMAURY,78,Dépendance,0,0,701,2022
476050,78490,MONTFORT-L AMAURY,78,Maison,107,3,701,2022
430000,78420,CARRIERES SUR SEINE,78,Dépendance,0,0,305,2022
430000,78420,CARRIERES SUR SEINE,78,Maison,160,5,305,2022
1550000,78350,JOUY EN JOSAS,78,Maison,55,2,500,2022
1550000,78350,JOUY EN JOSAS,78,Maison,367,10,500,2022
1550000,78350,JOUY EN JOSAS,78,Maison,21,2,500,2022
1550000,78350,JOUY EN JOSAS,78,Dépendance,0,0,7836,2022
1550000,78350,JOUY EN JOSAS,78,Maison,55,2,7836,2022
1550000,78350,JOUY EN JOSAS,78,Dépendance,0,0,500,2022
1550000,78350,JOUY EN JOSAS,78,Maison,21,2,7836,2022
1550000,78350,JOUY EN JOSAS,78,Maison,367,10,7836,2022
341000,78680,EPONE,78,Dépendance,0,0,556,2022
341000,78680,EPONE,78,Maison,94,4,556,2022
334400,78910,TACOIGNIERES,78,Maison,79,3,426,2022
610000,78280,GUYANCOURT,78,Maison,110,4,477,2022
610000,78280,GUYANCOURT,78,Maison,59,3,477,2022
610000,78280,GUYANCOURT,78,Dépendance,0,0,477,2022
20000000,78370,PLAISIR,78,Dépendance,0,0,309,2022
20000000,78370,PLAISIR,78,Appartement,65,3,309,2022
20000000,78370,PLAISIR,78,Appartement,62,3,309,2022
20000000,78370,PLAISIR,78,Appartement,66,3,309,2022
20000000,78370,PLAISIR,78,Appartement,51,2,309,2022
20000000,78370,PLAISIR,78,Appartement,48,2,309,2022
20000000,78370,PLAISIR,78,Appartement,60,2,309,2022
20000000,78370,PLAISIR,78,Appartement,37,1,309,2022
20000000,78370,PLAISIR,78,Appartement,55,2,309,2022
20000000,78370,PLAISIR,78,Appartement,71,3,309,2022
20000000,78370,PLAISIR,78,Appartement,83,4,309,2022
20000000,78370,PLAISIR,78,Appartement,47,2,309,2022
20000000,78370,PLAISIR,78,Local industriel. commercial ou assimilé,51,0,309,2022
20000000,78370,PLAISIR,78,Local industriel. commercial ou assimilé,100,0,309,2022
20000000,78370,PLAISIR,78,Appartement,59,2,309,2022
20000000,78370,PLAISIR,78,Appartement,56,2,309,2022
20000000,78370,PLAISIR,78,Appartement,32,1,309,2022
20000000,78370,PLAISIR,78,Appartement,61,3,309,2022
20000000,78370,PLAISIR,78,Appartement,61,2,309,2022
20000000,78370,PLAISIR,78,Appartement,34,1,2580,2022
20000000,78370,PLAISIR,78,Appartement,69,3,2580,2022
20000000,78370,PLAISIR,78,Appartement,74,4,2580,2022
20000000,78370,PLAISIR,78,Appartement,30,1,2580,2022
20000000,78370,PLAISIR,78,Appartement,68,3,2580,2022
20000000,78370,PLAISIR,78,Appartement,73,3,2580,2022
20000000,78370,PLAISIR,78,Appartement,52,2,2580,2022
20000000,78370,PLAISIR,78,Appartement,83,4,2580,2022
20000000,78370,PLAISIR,78,Appartement,40,1,2580,2022
20000000,78370,PLAISIR,78,Appartement,59,2,2580,2022
20000000,78370,PLAISIR,78,Appartement,47,2,2580,2022
20000000,78370,PLAISIR,78,Appartement,61,3,2580,2022
20000000,78370,PLAISIR,78,Appartement,70,3,2580,2022
20000000,78370,PLAISIR,78,Appartement,56,2,2580,2022
20000000,78370,PLAISIR,78,Appartement,55,2,2580,2022
20000000,78370,PLAISIR,78,Appartement,51,2,2580,2022
20000000,78370,PLAISIR,78,Appartement,80,4,2580,2022
20000000,78370,PLAISIR,78,Appartement,67,3,2580,2022
20000000,78370,PLAISIR,78,Appartement,64,3,2580,2022
20000000,78370,PLAISIR,78,Appartement,49,2,2580,2022
20000000,78370,PLAISIR,78,Appartement,76,4,2580,2022
20000000,78370,PLAISIR,78,Appartement,81,4,2580,2022
20000000,78370,PLAISIR,78,Local industriel. commercial ou assimilé,265,0,2580,2022
20000000,78370,PLAISIR,78,Appartement,69,2,2580,2022
20000000,78370,PLAISIR,78,Appartement,78,4,2580,2022
20000000,78370,PLAISIR,78,Local industriel. commercial ou assimilé,257,0,2580,2022
20000000,78370,PLAISIR,78,Local industriel. commercial ou assimilé,181,0,2580,2022
20000000,78370,PLAISIR,78,Appartement,60,2,2580,2022
20000000,78370,PLAISIR,78,Appartement,32,1,2580,2022
471250,78320,MESNIL-SAINT-DENIS (LE),78,Maison,60,3,358,2022
770000,78120,RAMBOUILLET,78,Local industriel. commercial ou assimilé,140,0,146,2022
770000,78120,RAMBOUILLET,78,Local industriel. commercial ou assimilé,18,0,146,2022
770000,78120,RAMBOUILLET,78,Dépendance,0,0,146,2022
770000,78120,RAMBOUILLET,78,Appartement,38,2,146,2022
1223300,78240,CHAMBOURCY,78,Maison,198,6,503,2022
275000,78690,SAINT-REMY-L HONORE,78,Maison,75,4,150,2022
275000,78690,SAINT-REMY-L HONORE,78,Dépendance,0,0,16,2022
670140,78350,LOGES-EN-JOSAS (LES),78,Maison,120,5,356,2022
240000,78120,SONCHAMP,78,Dépendance,0,0,572,2022
240000,78120,SONCHAMP,78,Maison,100,6,572,2022
240000,78120,SONCHAMP,78,Dépendance,0,0,1800,2022
240000,78120,SONCHAMP,78,Maison,100,6,1800,2022
900000,78220,VIROFLAY,78,Maison,135,7,337,2022
384100,78260,ACHERES,78,Maison,96,6,231,2022
358700,78550,MAULETTE,78,Maison,92,5,377,2022
790000,78440,DROCOURT,78,Dépendance,0,0,286,2022
790000,78440,DROCOURT,78,Appartement,58,1,286,2022
790000,78440,DROCOURT,78,Appartement,85,3,286,2022
790000,78440,DROCOURT,78,Local industriel. commercial ou assimilé,84,0,286,2022
790000,78440,DROCOURT,78,Maison,86,4,286,2022
3500000,78150,LE CHESNAY-ROCQUENCOURT,78,Dépendance,0,0,574,2022
3500000,78150,LE CHESNAY-ROCQUENCOURT,78,Dépendance,0,0,1617,2022
3500000,78150,LE CHESNAY-ROCQUENCOURT,78,Dépendance,0,0,639,2022
1203510,78490,MONTFORT-L AMAURY,78,Maison,282,4,650,2022
1203510,78490,MONTFORT-L AMAURY,78,Dépendance,0,0,650,2022
800000,78120,RAMBOUILLET,78,Local industriel. commercial ou assimilé,700,0,1242,2022
1362000,78160,MARLY-LE-ROI,78,Appartement,45,2,161,2022
1362000,78160,MARLY-LE-ROI,78,Appartement,65,3,161,2022
1362000,78160,MARLY-LE-ROI,78,Appartement,68,2,161,2022
1362000,78160,MARLY-LE-ROI,78,Appartement,35,2,161,2022
1362000,78160,MARLY-LE-ROI,78,Maison,136,4,77,2022
384000,78320,MESNIL-SAINT-DENIS (LE),78,Maison,114,5,307,2022
594980,78740,VAUX-SUR-SEINE,78,Appartement,27,1,641,2022
594980,78740,VAUX-SUR-SEINE,78,Appartement,54,3,641,2022
594980,78740,VAUX-SUR-SEINE,78,Appartement,39,2,641,2022
594980,78740,VAUX-SUR-SEINE,78,Appartement,80,3,400,2022
594980,78740,VAUX-SUR-SEINE,78,Appartement,160,7,641,2022
594980,78740,VAUX-SUR-SEINE,78,Appartement,27,1,400,2022
594980,78740,VAUX-SUR-SEINE,78,Appartement,80,3,641,2022
594980,78740,VAUX-SUR-SEINE,78,Appartement,54,3,400,2022
594980,78740,VAUX-SUR-SEINE,78,Appartement,39,2,400,2022
594980,78740,VAUX-SUR-SEINE,78,Appartement,160,7,400,2022
166000,78580,MAULE,78,Maison,50,3,123,2022
166000,78580,MAULE,78,Dépendance,0,0,123,2022
350000,78700,CONFLANS SAINTE HONORINE,78,Maison,62,3,68,2022
350000,78700,CONFLANS SAINTE HONORINE,78,Maison,62,3,440,2022
700000,78100,SAINT-GERMAIN-EN-LAYE,78,Appartement,25,1,75,2022
700000,78100,SAINT-GERMAIN-EN-LAYE,78,Appartement,30,1,75,2022
700000,78100,SAINT-GERMAIN-EN-LAYE,78,Appartement,20,1,75,2022
685000,78630,ORGEVAL,78,Maison,124,5,184,2022
685000,78630,ORGEVAL,78,Maison,109,4,184,2022
168000,78270,NOTRE-DAME-DE-LA-MER,78,Maison,42,3,606,2022
75000,78660,PRUNAY-EN-YVELINES,78,Maison,90,5,297,2022
62500,78520,LIMAY,78,Maison,88,4,189,2022
470000,78210,SAINT-CYR-L ECOLE,78,Maison,89,5,189,2022
6976485,78450,VILLEPREUX,78,Appartement,35,1,80,2022
6976485,78450,VILLEPREUX,78,Appartement,26,1,80,2022
6976485,78450,VILLEPREUX,78,Appartement,35,1,9500,2022
6976485,78450,VILLEPREUX,78,Local industriel. commercial ou assimilé,4090,0,9500,2022
6976485,78450,VILLEPREUX,78,Appartement,35,1,2412,2022
6976485,78450,VILLEPREUX,78,Local industriel. commercial ou assimilé,0,0,9500,2022
6976485,78450,VILLEPREUX,78,Appartement,80,4,2412,2022
6976485,78450,VILLEPREUX,78,Local industriel. commercial ou assimilé,0,0,2412,2022
6976485,78450,VILLEPREUX,78,Appartement,80,4,9500,2022
6976485,78450,VILLEPREUX,78,Local industriel. commercial ou assimilé,4090,0,2412,2022
983400,78240,CHAMBOURCY,78,Maison,158,5,412,2022
167000,78830,BULLION,78,Dépendance,0,0,143,2022
167000,78830,BULLION,78,Maison,92,3,143,2022
230000,78130,CHAPET,78,Maison,108,3,344,2022
532000,78124,MAREIL-SUR-MAULDRE,78,Maison,173,7,500,2022
532000,78124,MAREIL-SUR-MAULDRE,78,Maison,173,7,982,2022
1019400,78112,SAINT-GERMAIN-EN-LAYE,78,Maison,147,5,421,2022
1019400,78112,SAINT-GERMAIN-EN-LAYE,78,Maison,147,5,400,2022
368850,78580,MAULE,78,Maison,97,4,802,2022
368850,78580,MAULE,78,Dépendance,0,0,802,2022
480000,78570,CHANTELOUP-LES-VIGNES,78,Appartement,75,4,852,2022
480000,78570,CHANTELOUP-LES-VIGNES,78,Maison,30,2,852,2022
480000,78570,CHANTELOUP-LES-VIGNES,78,Maison,70,2,852,2022
480000,78570,CHANTELOUP-LES-VIGNES,78,Appartement,70,4,852,2022
480000,78570,CHANTELOUP-LES-VIGNES,78,Appartement,65,4,852,2022
480000,78570,CHANTELOUP-LES-VIGNES,78,Appartement,65,2,852,2022
473000,78250,OINVILLE-SUR-MONTCIENT,78,Maison,57,2,644,2022
473000,78250,OINVILLE-SUR-MONTCIENT,78,Maison,57,2,77,2022
