property_value,postal_code,town_name,department_code,property_type,building_area,main_rooms,land_area,year
900000,92700,COLOMBES,92,Maison,90,4,197,2023
709000,92700,COLOMBES,92,Maison,67,4,231,2023
290000,92700,COLOMBES,92,Maison,64,4,103,2023
1215000,92150,SURESNES,92,Maison,139,4,329,2023
875000,92150,SURESNES,92,Maison,83,5,120,2023
1000000,92500,RUEIL-MALMAISON,92,Maison,102,4,162,2023
600000,92000,NANTERRE,92,Dépendance,0,0,179,2023
600000,92000,NANTERRE,92,Appartement,57,3,179,2023
600000,92000,NANTERRE,92,Local industriel. commercial ou assimilé,35,0,179,2023
600000,92000,NANTERRE,92,Appartement,47,2,179,2023
600000,92000,NANTERRE,92,Appartement,25,1,179,2023
1651000,92700,COLOMBES,92,Dépendance,0,0,758,2023
1651000,92700,COLOMBES,92,Maison,232,7,758,2023
1275000,92400,COURBEVOIE,92,Appartement,41,2,253,2023
350000,92230,GENNEVILLIERS,92,Maison,60,3,291,2023
405000,92700,COLOMBES,92,Dépendance,0,0,122,2023
405000,92700,COLOMBES,92,Maison,50,3,122,2023
1186250,92270,BOIS-COLOMBES,92,Local industriel. commercial ou assimilé,7,0,198,2023
1186250,92270,BOIS-COLOMBES,92,Maison,122,4,198,2023
1109690,92700,COLOMBES,92,Maison,143,5,172,2023
594660,92000,NANTERRE,92,Maison,87,5,123,2023
800000,92000,NANTERRE,92,Local industriel. commercial ou assimilé,0,0,172,2023
800000,92000,NANTERRE,92,Local industriel. commercial ou assimilé,20,0,221,2023
788000,92500,RUEIL-MALMAISON,92,Dépendance,0,0,402,2023
788000,92500,RUEIL-MALMAISON,92,Maison,75,4,402,2023
780000,92250,LA GARENNE-COLOMBES,92,Maison,74,3,149,2023
1145731,92500,RUEIL-MALMAISON,92,Maison,86,4,267,2023
570000,92230,GENNEVILLIERS,92,Dépendance,0,0,225,2023
570000,92230,GENNEVILLIERS,92,Maison,79,4,225,2023
956750,92700,COLOMBES,92,Maison,134,4,134,2023
604650,92700,COLOMBES,92,Maison,99,3,106,2023
675000,92500,RUEIL-MALMAISON,92,Maison,76,3,172,2023
665000,92500,RUEIL-MALMAISON,92,Dépendance,0,0,384,2023
665000,92500,RUEIL-MALMAISON,92,Maison,64,5,384,2023
820000,92600,ASNIERES-SUR-SEINE,92,Maison,82,6,91,2023
125000,92230,GENNEVILLIERS,92,Local industriel. commercial ou assimilé,528,0,872,2023
740000,92000,NANTERRE,92,Maison,80,5,374,2023
1259068,92270,BOIS-COLOMBES,92,Maison,149,6,351,2023
1259068,92270,BOIS-COLOMBES,92,Dépendance,0,0,351,2023
375000,92000,NANTERRE,92,Maison,74,3,284,2023
644250,92000,NANTERRE,92,Maison,80,3,138,2023
670450,92700,COLOMBES,92,Maison,80,2,366,2023
860000,92400,COURBEVOIE,92,Dépendance,0,0,309,2023
860000,92400,COURBEVOIE,92,Appartement,44,4,309,2023
1809700,92500,RUEIL-MALMAISON,92,Maison,266,7,473,2023
82400,92500,RUEIL-MALMAISON,92,Local industriel. commercial ou assimilé,0,0,58,2023
616500,92250,LA GARENNE-COLOMBES,92,Dépendance,0,0,170,2023
616500,92250,LA GARENNE-COLOMBES,92,Maison,63,3,170,2023
740000,92270,BOIS-COLOMBES,92,Maison,150,5,502,2023
740000,92270,BOIS-COLOMBES,92,Maison,24,2,502,2023
879700,92700,COLOMBES,92,Dépendance,0,0,257,2023
879700,92700,COLOMBES,92,Maison,104,4,257,2023
955500,92800,PUTEAUX,92,Local industriel. commercial ou assimilé,472,0,481,2023
762500,92500,RUEIL-MALMAISON,92,Maison,62,5,258,2023
1330000,92700,COLOMBES,92,Maison,130,6,861,2023
686000,92700,COLOMBES,92,Dépendance,0,0,218,2023
686000,92700,COLOMBES,92,Maison,52,3,218,2023
1387000,92270,BOIS-COLOMBES,92,Maison,90,5,190,2023
774400,92500,RUEIL-MALMAISON,92,Maison,87,4,140,2023
774400,92500,RUEIL-MALMAISON,92,Dépendance,0,0,140,2023
1200000,92150,SURESNES,92,Maison,123,7,465,2023
805000,92000,NANTERRE,92,Maison,115,5,186,2023
11180022,92000,NANTERRE,92,Appartement,100,3,10255,2023
1320000,92270,BOIS-COLOMBES,92,Dépendance,0,0,208,2023
1320000,92270,BOIS-COLOMBES,92,Maison,81,5,208,2023
699700,92500,RUEIL-MALMAISON,92,Maison,89,4,104,2023
975000,92000,NANTERRE,92,Dépendance,0,0,115,2023
975000,92000,NANTERRE,92,Maison,128,6,115,2023
460000,92700,COLOMBES,92,Maison,65,4,128,2023
673000,92700,COLOMBES,92,Maison,88,3,92,2023
400000,92270,BOIS-COLOMBES,92,Dépendance,0,0,550,2023
400000,92270,BOIS-COLOMBES,92,Appartement,31,2,550,2023
910000,92500,RUEIL-MALMAISON,92,Maison,79,5,265,2023
674000,92700,COLOMBES,92,Maison,98,4,243,2023
987300,92700,COLOMBES,92,Maison,110,5,188,2023
850000,92700,COLOMBES,92,Maison,79,3,239,2023
850000,92000,NANTERRE,92,Maison,81,4,150,2023
850000,92000,NANTERRE,92,Dépendance,0,0,150,2023
2700000,92270,BOIS-COLOMBES,92,Appartement,75,3,502,2023
2700000,92270,BOIS-COLOMBES,92,Local industriel. commercial ou assimilé,824,0,502,2023
638450,92600,ASNIERES-SUR-SEINE,92,Maison,89,4,46,2023
1890000,92150,SURESNES,92,Maison,220,6,284,2023
1036350,92500,RUEIL-MALMAISON,92,Maison,95,2,432,2023
495000,92600,ASNIERES-SUR-SEINE,92,Maison,80,3,277,2023
555700,92000,NANTERRE,92,Maison,81,4,109,2023
900000,92150,SURESNES,92,Maison,78,4,168,2023
501000,92700,COLOMBES,92,Maison,75,3,126,2023
243194,92270,BOIS-COLOMBES,92,Maison,55,3,70,2023
695000,92270,BOIS-COLOMBES,92,Maison,48,2,187,2023
729000,92500,RUEIL-MALMAISON,92,Maison,81,5,181,2023
1094000,92500,RUEIL-MALMAISON,92,Maison,58,3,569,2023
995000,92700,COLOMBES,92,Maison,128,4,400,2023
1662950,92600,ASNIERES-SUR-SEINE,92,Maison,130,7,172,2023
1662950,92600,ASNIERES-SUR-SEINE,92,Dépendance,0,0,172,2023
1060000,92250,LA GARENNE-COLOMBES,92,Maison,90,5,217,2023
1060000,92250,LA GARENNE-COLOMBES,92,Dépendance,0,0,217,2023
668350,92700,COLOMBES,92,Dépendance,0,0,190,2023
668350,92700,COLOMBES,92,Maison,81,4,190,2023
545000,92700,COLOMBES,92,Maison,36,2,124,2023
1223086,92600,ASNIERES-SUR-SEINE,92,Maison,155,7,152,2023
1161650,92000,NANTERRE,92,Maison,160,6,406,2023
1161650,92000,NANTERRE,92,Dépendance,0,0,406,2023
1131650,92700,COLOMBES,92,Maison,90,5,305,2023
950000,92150,SURESNES,92,Maison,85,4,326,2023
2600000,92000,NANTERRE,92,Local industriel. commercial ou assimilé,1943,0,1960,2023
278000,92500,RUEIL-MALMAISON,92,Maison,32,1,865,2023
12916785,92110,CLICHY,92,Appartement,94,5,850,2023
12916785,92110,CLICHY,92,Appartement,66,3,850,2023
12916785,92110,CLICHY,92,Appartement,77,4,850,2023
12916785,92110,CLICHY,92,Appartement,81,4,850,2023
12916785,92110,CLICHY,92,Appartement,67,3,850,2023
12916785,92110,CLICHY,92,Appartement,80,4,850,2023
12916785,92110,CLICHY,92,Dépendance,0,0,850,2023
12916785,92110,CLICHY,92,Appartement,47,2,850,2023
12916785,92110,CLICHY,92,Appartement,51,2,850,2023
12916785,92110,CLICHY,92,Appartement,65,3,850,2023
12916785,92110,CLICHY,92,Appartement,83,4,850,2023
12916785,92110,CLICHY,92,Appartement,52,2,850,2023
12916785,92110,CLICHY,92,Appartement,48,2,850,2023
12916785,92110,CLICHY,92,Appartement,49,2,850,2023
12916785,92110,CLICHY,92,Appartement,59,2,850,2023
315000,92230,GENNEVILLIERS,92,Maison,57,3,187,2023
315000,92230,GENNEVILLIERS,92,Dépendance,0,0,187,2023
740000,92270,BOIS-COLOMBES,92,Maison,150,8,265,2023
740000,92270,BOIS-COLOMBES,92,Dépendance,0,0,265,2023
311000,92700,COLOMBES,92,Local industriel. commercial ou assimilé,50,0,120,2023
311000,92700,COLOMBES,92,Maison,70,4,120,2023
881050,92000,NANTERRE,92,Maison,112,5,287,2023
1300000,92700,COLOMBES,92,Maison,142,5,478,2023
1300000,92700,COLOMBES,92,Dépendance,0,0,478,2023
719870,92700,COLOMBES,92,Maison,74,5,78,2023
351000,92700,COLOMBES,92,Maison,45,1,193,2023
722000,92800,PUTEAUX,92,Maison,85,4,190,2023
2280000,92600,ASNIERES-SUR-SEINE,92,Maison,217,5,330,2023
594050,92000,NANTERRE,92,Dépendance,0,0,221,2023
594050,92000,NANTERRE,92,Maison,46,3,221,2023
943500,92500,RUEIL-MALMAISON,92,Maison,100,4,326,2023
440000,92600,ASNIERES-SUR-SEINE,92,Maison,80,3,252,2023
33245000,92400,COURBEVOIE,92,Dépendance,0,0,1077,2023
33245000,92400,COURBEVOIE,92,Appartement,32,1,1077,2023
33245000,92400,COURBEVOIE,92,Appartement,67,3,1077,2023
33245000,92400,COURBEVOIE,92,Appartement,68,3,1077,2023
33245000,92400,COURBEVOIE,92,Appartement,50,2,1077,2023
33245000,92400,COURBEVOIE,92,Appartement,81,4,1077,2023
33245000,92400,COURBEVOIE,92,Appartement,83,4,1077,2023
33245000,92400,COURBEVOIE,92,Appartement,53,2,1077,2023
33245000,92400,COURBEVOIE,92,Appartement,72,3,1077,2023
33245000,92400,COURBEVOIE,92,Appartement,70,3,1077,2023
33245000,92400,COURBEVOIE,92,Appartement,69,3,1077,2023
33245000,92400,COURBEVOIE,92,Appartement,33,1,1077,2023
33245000,92400,COURBEVOIE,92,Appartement,102,5,1077,2023
33245000,92400,COURBEVOIE,92,Appartement,91,4,1077,2023
33245000,92400,COURBEVOIE,92,Appartement,104,5,1077,2023
33245000,92400,COURBEVOIE,92,Appartement,103,5,1077,2023
33245000,92400,COURBEVOIE,92,Appartement,31,1,1077,2023
33245000,92400,COURBEVOIE,92,Local industriel. commercial ou assimilé,220,0,1077,2023
33245000,92400,COURBEVOIE,92,Appartement,49,2,1077,2023
33245000,92400,COURBEVOIE,92,Appartement,100,5,1077,2023
33245000,92400,COURBEVOIE,92,Appartement,101,5,1077,2023
600000,92000,NANTERRE,92,Maison,140,5,143,2023
375500,92230,GENNEVILLIERS,92,Maison,92,3,153,2023
7200,92500,RUEIL-MALMAISON,92,Maison,61,3,674,2023
7200,92500,RUEIL-MALMAISON,92,Maison,61,3,605,2023
1050000,92500,RUEIL-MALMAISON,92,Dépendance,0,0,336,2023
1050000,92500,RUEIL-MALMAISON,92,Maison,117,6,336,2023
403500,92700,COLOMBES,92,Maison,64,3,159,2023
470000,92800,PUTEAUX,92,Maison,45,2,282,2023
1327100,92250,LA GARENNE-COLOMBES,92,Maison,153,5,182,2023
884280,92270,BOIS-COLOMBES,92,Maison,129,6,114,2023
1101900,92150,SURESNES,92,Maison,106,6,245,2023
883000,92700,COLOMBES,92,Maison,135,6,113,2023
5501347,92300,LEVALLOIS-PERRET,92,Local industriel. commercial ou assimilé,688,0,825,2023
5501347,92300,LEVALLOIS-PERRET,92,Local industriel. commercial ou assimilé,124,0,825,2023
5501347,92300,LEVALLOIS-PERRET,92,Local industriel. commercial ou assimilé,89,0,825,2023
5501347,92300,LEVALLOIS-PERRET,92,Local industriel. commercial ou assimilé,888,0,825,2023
5501347,92300,LEVALLOIS-PERRET,92,Local industriel. commercial ou assimilé,228,0,825,2023
5501347,92300,LEVALLOIS-PERRET,92,Local industriel. commercial ou assimilé,419,0,825,2023
5501347,92300,LEVALLOIS-PERRET,92,Local industriel. commercial ou assimilé,1469,0,825,2023
5501347,92300,LEVALLOIS-PERRET,92,Local industriel. commercial ou assimilé,1000,0,825,2023
13904609,92500,RUEIL-MALMAISON,92,Local industriel. commercial ou assimilé,590,0,2879,2023
13904609,92500,RUEIL-MALMAISON,92,Local industriel. commercial ou assimilé,1824,0,2879,2023
1010000,92500,RUEIL-MALMAISON,92,Dépendance,0,0,229,2023
1010000,92500,RUEIL-MALMAISON,92,Maison,91,4,229,2023
2750000,92700,COLOMBES,92,Local industriel. commercial ou assimilé,224,0,456,2023
2750000,92700,COLOMBES,92,Local industriel. commercial ou assimilé,115,0,456,2023
2750000,92700,COLOMBES,92,Local industriel. commercial ou assimilé,40,0,456,2023
2750000,92700,COLOMBES,92,Local industriel. commercial ou assimilé,56,0,456,2023
2750000,92700,COLOMBES,92,Local industriel. commercial ou assimilé,225,0,456,2023
2750000,92700,COLOMBES,92,Local industriel. commercial ou assimilé,221,0,456,2023
2750000,92700,COLOMBES,92,Local industriel. commercial ou assimilé,361,0,456,2023
813050,92150,SURESNES,92,Maison,63,4,219,2023
790000,92500,RUEIL-MALMAISON,92,Maison,95,3,280,2023
550000,92700,COLOMBES,92,Maison,67,5,242,2023
1405300,92700,COLOMBES,92,Maison,167,5,253,2023
1210000,92270,BOIS-COLOMBES,92,Maison,121,5,166,2023
1430000,92700,COLOMBES,92,Appartement,50,2,743,2023
1430000,92700,COLOMBES,92,Appartement,35,2,743,2023
1430000,92700,COLOMBES,92,Appartement,26,1,743,2023
1372250,92500,RUEIL-MALMAISON,92,Dépendance,0,0,521,2023
1372250,92500,RUEIL-MALMAISON,92,Maison,181,5,521,2023
44851260,92200,NEUILLY-SUR-SEINE,92,Local industriel. commercial ou assimilé,390,0,860,2023
44851260,92200,NEUILLY-SUR-SEINE,92,Appartement,108,4,860,2023
44851260,92200,NEUILLY-SUR-SEINE,92,Appartement,112,4,860,2023
44851260,92200,NEUILLY-SUR-SEINE,92,Appartement,95,4,860,2023
44851260,92200,NEUILLY-SUR-SEINE,92,Local industriel. commercial ou assimilé,388,0,860,2023
44851260,92200,NEUILLY-SUR-SEINE,92,Appartement,17,1,860,2023
44851260,92200,NEUILLY-SUR-SEINE,92,Local industriel. commercial ou assimilé,456,0,860,2023
44851260,92200,NEUILLY-SUR-SEINE,92,Local industriel. commercial ou assimilé,400,0,860,2023
44851260,92200,NEUILLY-SUR-SEINE,92,Local industriel. commercial ou assimilé,375,0,860,2023
44851260,92200,NEUILLY-SUR-SEINE,92,Local industriel. commercial ou assimilé,453,0,860,2023
1063150,92500,RUEIL-MALMAISON,92,Maison,110,4,337,2023
1063150,92500,RUEIL-MALMAISON,92,Maison,130,5,337,2023
716830,92600,ASNIERES-SUR-SEINE,92,Dépendance,0,0,164,2023
716830,92600,ASNIERES-SUR-SEINE,92,Maison,68,4,164,2023
1085000,92270,BOIS-COLOMBES,92,Dépendance,0,0,140,2023
1085000,92270,BOIS-COLOMBES,92,Maison,98,4,140,2023
1085000,92270,BOIS-COLOMBES,92,Maison,60,3,81,2023
440028,92700,COLOMBES,92,Maison,52,3,74,2023
1800000,92250,LA GARENNE-COLOMBES,92,Appartement,140,6,612,2023
1800000,92250,LA GARENNE-COLOMBES,92,Local industriel. commercial ou assimilé,500,0,612,2023
1138500,92270,BOIS-COLOMBES,92,Maison,106,5,261,2023
1138500,92270,BOIS-COLOMBES,92,Dépendance,0,0,261,2023
750000,92800,PUTEAUX,92,Local industriel. commercial ou assimilé,231,0,146,2023
1300000,92400,COURBEVOIE,92,Maison,80,4,165,2023
946860,92500,RUEIL-MALMAISON,92,Maison,52,3,705,2023
946860,92500,RUEIL-MALMAISON,92,Maison,109,4,705,2023
425000,92700,COLOMBES,92,Dépendance,0,0,151,2023
425000,92700,COLOMBES,92,Maison,37,3,151,2023
425000,92700,COLOMBES,92,Maison,6,0,151,2023
770000,92600,ASNIERES-SUR-SEINE,92,Maison,70,3,203,2023
770000,92600,ASNIERES-SUR-SEINE,92,Dépendance,0,0,203,2023
1372600,92700,COLOMBES,92,Maison,45,3,373,2023
1372600,92700,COLOMBES,92,Maison,172,6,373,2023
488070,92700,COLOMBES,92,Dépendance,0,0,393,2023
488070,92700,COLOMBES,92,Maison,72,4,393,2023
350000,92000,NANTERRE,92,Maison,42,2,68,2023
410000,92500,RUEIL-MALMAISON,92,Dépendance,0,0,126,2023
410000,92500,RUEIL-MALMAISON,92,Maison,90,4,126,2023
1320000,92000,NANTERRE,92,Local industriel. commercial ou assimilé,179,0,316,2023
1320000,92000,NANTERRE,92,Local industriel. commercial ou assimilé,266,0,316,2023
1320000,92000,NANTERRE,92,Local industriel. commercial ou assimilé,445,0,316,2023
1320000,92000,NANTERRE,92,Local industriel. commercial ou assimilé,117,0,316,2023
1320000,92000,NANTERRE,92,Local industriel. commercial ou assimilé,240,0,316,2023
1320000,92000,NANTERRE,92,Local industriel. commercial ou assimilé,133,0,316,2023
1320000,92000,NANTERRE,92,Local industriel. commercial ou assimilé,230,0,316,2023
1320000,92000,NANTERRE,92,Local industriel. commercial ou assimilé,0,0,316,2023
9600000,92300,LEVALLOIS-PERRET,92,Local industriel. commercial ou assimilé,180,0,503,2023
9600000,92300,LEVALLOIS-PERRET,92,Local industriel. commercial ou assimilé,1298,0,503,2023
1244850,92270,BOIS-COLOMBES,92,Maison,75,4,290,2023
1244850,92270,BOIS-COLOMBES,92,Dépendance,0,0,290,2023
1263844,92150,SURESNES,92,Maison,77,4,64,2023
130000,92600,ASNIERES-SUR-SEINE,92,Local industriel. commercial ou assimilé,52,0,76,2023
483050,92700,COLOMBES,92,Dépendance,0,0,132,2023
483050,92700,COLOMBES,92,Maison,90,4,132,2023
680000,92000,NANTERRE,92,Dépendance,0,0,488,2023
680000,92000,NANTERRE,92,Maison,86,4,488,2023
582000,92390,VILLENEUVE-LA-GARENNE,92,Maison,121,4,663,2023
308500,92230,GENNEVILLIERS,92,Maison,80,3,103,2023
620000,92700,COLOMBES,92,Maison,81,3,129,2023
630000,92500,RUEIL-MALMAISON,92,Dépendance,0,0,321,2023
630000,92500,RUEIL-MALMAISON,92,Maison,42,5,321,2023
577500,92500,RUEIL-MALMAISON,92,Maison,68,4,285,2023
1312500,92400,COURBEVOIE,92,Maison,120,8,169,2023
750000,92700,COLOMBES,92,Maison,78,3,350,2023
1749100,92600,ASNIERES-SUR-SEINE,92,Maison,180,6,245,2023
1749100,92600,ASNIERES-SUR-SEINE,92,Dépendance,0,0,245,2023
490000,92700,COLOMBES,92,Maison,125,5,333,2023
685000,92400,COURBEVOIE,92,Maison,102,6,94,2023
797650,92700,COLOMBES,92,Maison,100,5,163,2023
1400000,92250,LA GARENNE-COLOMBES,92,Maison,120,5,464,2023
955000,92700,COLOMBES,92,Maison,120,3,200,2023
615000,92700,COLOMBES,92,Maison,88,4,534,2023
674000,92700,COLOMBES,92,Maison,111,5,173,2023
2673880,92600,ASNIERES-SUR-SEINE,92,Dépendance,0,0,659,2023
2673880,92600,ASNIERES-SUR-SEINE,92,Maison,290,7,659,2023
1307920,92500,RUEIL-MALMAISON,92,Maison,110,5,352,2023
945450,92000,NANTERRE,92,Maison,89,5,257,2023
1193300,92500,RUEIL-MALMAISON,92,Maison,136,5,432,2023
950000,92500,RUEIL-MALMAISON,92,Maison,89,4,421,2023
950000,92500,RUEIL-MALMAISON,92,Dépendance,0,0,421,2023
5700,92500,RUEIL-MALMAISON,92,Maison,100,4,38,2023
8000000,92300,LEVALLOIS-PERRET,92,Local industriel. commercial ou assimilé,988,0,288,2023
2373000,92300,LEVALLOIS-PERRET,92,Maison,185,6,166,2023
8220000,92600,ASNIERES-SUR-SEINE,92,Local industriel. commercial ou assimilé,36,0,1415,2023
8220000,92600,ASNIERES-SUR-SEINE,92,Dépendance,0,0,1415,2023
8220000,92600,ASNIERES-SUR-SEINE,92,Local industriel. commercial ou assimilé,719,0,1415,2023
8220000,92600,ASNIERES-SUR-SEINE,92,Appartement,60,3,1415,2023
8220000,92600,ASNIERES-SUR-SEINE,92,Appartement,57,3,1415,2023
8220000,92600,ASNIERES-SUR-SEINE,92,Appartement,31,2,1415,2023
8220000,92600,ASNIERES-SUR-SEINE,92,Local industriel. commercial ou assimilé,1693,0,1415,2023
8220000,92600,ASNIERES-SUR-SEINE,92,Local industriel. commercial ou assimilé,38,0,1415,2023
8220000,92600,ASNIERES-SUR-SEINE,92,Appartement,7,1,1415,2023
8220000,92600,ASNIERES-SUR-SEINE,92,Local industriel. commercial ou assimilé,27,0,1415,2023
8220000,92600,ASNIERES-SUR-SEINE,92,Local industriel. commercial ou assimilé,20,0,1415,2023
4200000,92200,NEUILLY-SUR-SEINE,92,Maison,320,8,173,2023
725650,92700,COLOMBES,92,Maison,73,5,148,2023
725650,92700,COLOMBES,92,Dépendance,0,0,148,2023
1611700,92800,PUTEAUX,92,Maison,175,7,195,2023
1611700,92800,PUTEAUX,92,Maison,108,4,195,2023
716000,92000,NANTERRE,92,Maison,62,4,329,2023
732170,92270,BOIS-COLOMBES,92,Maison,76,4,111,2023
400000,92000,NANTERRE,92,Maison,46,3,200,2023
38000000,92230,GENNEVILLIERS,92,Local industriel. commercial ou assimilé,1107,0,43612,2023
38000000,92230,GENNEVILLIERS,92,Local industriel. commercial ou assimilé,13530,0,43612,2023
38000000,92230,GENNEVILLIERS,92,Local industriel. commercial ou assimilé,1107,0,11632,2023
1662800,92500,RUEIL-MALMAISON,92,Maison,158,4,848,2023
1662800,92500,RUEIL-MALMAISON,92,Dépendance,0,0,848,2023
1026250,92700,COLOMBES,92,Dépendance,0,0,217,2023
1026250,92700,COLOMBES,92,Maison,95,4,217,2023
6108931,92150,SURESNES,92,Local industriel. commercial ou assimilé,642,0,1904,2023
6108931,92150,SURESNES,92,Local industriel. commercial ou assimilé,859,0,1904,2023
6108931,92150,SURESNES,92,Local industriel. commercial ou assimilé,890,0,1904,2023
6108931,92150,SURESNES,92,Local industriel. commercial ou assimilé,3553,0,1904,2023
6108931,92150,SURESNES,92,Local industriel. commercial ou assimilé,1117,0,1904,2023
6108931,92150,SURESNES,92,Local industriel. commercial ou assimilé,457,0,1904,2023
678000,92500,RUEIL-MALMAISON,92,Maison,80,4,163,2023
260000,92700,COLOMBES,92,Maison,42,2,116,2023
500000,92000,NANTERRE,92,Maison,49,3,308,2023
1512430,92500,RUEIL-MALMAISON,92,Maison,159,5,204,2023
765000,92150,SURESNES,92,Maison,65,4,154,2023
220000,92700,COLOMBES,92,Maison,60,3,99,2023
6027174,92110,CLICHY,92,Appartement,23,1,286,2023
6027174,92110,CLICHY,92,Appartement,14,1,286,2023
6027174,92110,CLICHY,92,Dépendance,0,0,286,2023
6027174,92110,CLICHY,92,Appartement,19,1,286,2023
6027174,92110,CLICHY,92,Appartement,12,1,286,2023
6027174,92110,CLICHY,92,Appartement,18,2,286,2023
6027174,92110,CLICHY,92,Appartement,22,2,286,2023
6027174,92110,CLICHY,92,Appartement,26,2,286,2023
6027174,92110,CLICHY,92,Appartement,16,1,286,2023
6027174,92110,CLICHY,92,Appartement,13,1,286,2023
6027174,92110,CLICHY,92,Appartement,32,2,286,2023
6027174,92110,CLICHY,92,Appartement,17,1,286,2023
6027174,92110,CLICHY,92,Appartement,15,1,286,2023
460000,92700,COLOMBES,92,Maison,69,5,238,2023
915000,92700,COLOMBES,92,Maison,111,5,277,2023
668696,92700,COLOMBES,92,Maison,100,6,167,2023
1275000,92600,ASNIERES-SUR-SEINE,92,Maison,80,5,206,2023
1000000,92150,SURESNES,92,Local industriel. commercial ou assimilé,390,0,428,2023
355000,92000,NANTERRE,92,Maison,89,3,263,2023
1470000,92400,COURBEVOIE,92,Dépendance,0,0,201,2023
1470000,92400,COURBEVOIE,92,Appartement,30,2,201,2023
1470000,92400,COURBEVOIE,92,Appartement,34,2,201,2023
1470000,92400,COURBEVOIE,92,Appartement,31,2,201,2023
1485000,92600,ASNIERES-SUR-SEINE,92,Dépendance,0,0,195,2023
1485000,92600,ASNIERES-SUR-SEINE,92,Maison,150,6,195,2023
739130,92270,BOIS-COLOMBES,92,Dépendance,0,0,118,2023
739130,92270,BOIS-COLOMBES,92,Maison,83,4,118,2023
600000,92700,COLOMBES,92,Local industriel. commercial ou assimilé,70,0,123,2023
600000,92700,COLOMBES,92,Appartement,45,2,123,2023
600000,92700,COLOMBES,92,Appartement,61,4,123,2023
3133400,92200,NEUILLY-SUR-SEINE,92,Maison,187,7,66,2023
4756550,92500,RUEIL-MALMAISON,92,Local industriel. commercial ou assimilé,476,0,2215,2023
719600,92000,NANTERRE,92,Maison,105,4,176,2023
1017200,92500,RUEIL-MALMAISON,92,Maison,131,6,360,2023
930000,92700,COLOMBES,92,Dépendance,0,0,267,2023
930000,92700,COLOMBES,92,Maison,80,4,267,2023
525000,92150,SURESNES,92,Maison,48,2,102,2023
340000,92390,VILLENEUVE-LA-GARENNE,92,Maison,53,3,163,2023
941000,92700,COLOMBES,92,Maison,93,4,235,2023
8820000,92230,GENNEVILLIERS,92,Local industriel. commercial ou assimilé,420,0,1418,2023
8820000,92230,GENNEVILLIERS,92,Local industriel. commercial ou assimilé,665,0,1418,2023
8820000,92230,GENNEVILLIERS,92,Local industriel. commercial ou assimilé,808,0,1418,2023
8820000,92230,GENNEVILLIERS,92,Local industriel. commercial ou assimilé,452,0,1418,2023
8820000,92230,GENNEVILLIERS,92,Local industriel. commercial ou assimilé,538,0,1418,2023
8820000,92230,GENNEVILLIERS,92,Local industriel. commercial ou assimilé,453,0,1418,2023
8820000,92230,GENNEVILLIERS,92,Local industriel. commercial ou assimilé,461,0,1418,2023
981000,92270,BOIS-COLOMBES,92,Maison,110,5,434,2023
981000,92270,BOIS-COLOMBES,92,Dépendance,0,0,434,2023
882360,92600,ASNIERES-SUR-SEINE,92,Maison,110,7,78,2023
620000,92000,NANTERRE,92,Maison,282,6,224,2023
2330000,92250,LA GARENNE-COLOMBES,92,Dépendance,0,0,338,2023
2330000,92250,LA GARENNE-COLOMBES,92,Maison,167,6,338,2023
1150000,92250,LA GARENNE-COLOMBES,92,Dépendance,0,0,129,2023
1150000,92250,LA GARENNE-COLOMBES,92,Maison,91,5,129,2023
2050000,92250,LA GARENNE-COLOMBES,92,Maison,210,5,175,2023
895000,92270,BOIS-COLOMBES,92,Maison,90,5,211,2023
959910,92500,RUEIL-MALMAISON,92,Maison,124,5,282,2023
959910,92500,RUEIL-MALMAISON,92,Dépendance,0,0,282,2023
2300000,92400,COURBEVOIE,92,Local industriel. commercial ou assimilé,436,0,444,2023
363000,92600,ASNIERES-SUR-SEINE,92,Dépendance,0,0,206,2023
363000,92600,ASNIERES-SUR-SEINE,92,Maison,49,3,206,2023
365000,92230,GENNEVILLIERS,92,Maison,48,3,83,2023
365000,92230,GENNEVILLIERS,92,Dépendance,0,0,83,2023
1000000,92700,COLOMBES,92,Appartement,60,2,252,2023
1000000,92700,COLOMBES,92,Appartement,21,1,252,2023
1000000,92700,COLOMBES,92,Appartement,13,1,252,2023
1000000,92700,COLOMBES,92,Dépendance,0,0,252,2023
3750000,92700,COLOMBES,92,Dépendance,0,0,3083,2023
3750000,92700,COLOMBES,92,Local industriel. commercial ou assimilé,700,0,3083,2023
3750000,92700,COLOMBES,92,Appartement,50,3,3083,2023
630000,92000,NANTERRE,92,Dépendance,0,0,296,2023
630000,92000,NANTERRE,92,Maison,73,5,296,2023
946100,92500,RUEIL-MALMAISON,92,Maison,144,6,502,2023
687800,92700,COLOMBES,92,Maison,130,4,326,2023
675000,92600,ASNIERES-SUR-SEINE,92,Maison,138,6,272,2023
1688000,92270,BOIS-COLOMBES,92,Maison,160,4,321,2023
1688000,92270,BOIS-COLOMBES,92,Dépendance,0,0,321,2023
2382366,92200,NEUILLY-SUR-SEINE,92,Local industriel. commercial ou assimilé,210,0,174,2023
220000,92000,NANTERRE,92,Maison,90,4,490,2023
981000,92500,RUEIL-MALMAISON,92,Dépendance,0,0,410,2023
981000,92500,RUEIL-MALMAISON,92,Maison,197,7,410,2023
1290000,92700,COLOMBES,92,Maison,155,4,339,2023
1290000,92700,COLOMBES,92,Dépendance,0,0,339,2023
938000,92500,RUEIL-MALMAISON,92,Maison,98,3,217,2023
647000,92500,RUEIL-MALMAISON,92,Maison,79,4,395,2023
963144,92250,LA GARENNE-COLOMBES,92,Dépendance,0,0,180,2023
963144,92250,LA GARENNE-COLOMBES,92,Maison,70,3,180,2023
920000,92270,BOIS-COLOMBES,92,Dépendance,0,0,123,2023
920000,92270,BOIS-COLOMBES,92,Appartement,47,3,123,2023
920000,92270,BOIS-COLOMBES,92,Appartement,34,2,123,2023
513401,92230,GENNEVILLIERS,92,Maison,74,5,220,2023
1364980,92700,COLOMBES,92,Maison,170,7,296,2023
561000,92700,COLOMBES,92,Maison,57,3,98,2023
1383000,92250,LA GARENNE-COLOMBES,92,Maison,140,8,500,2023
939300,92500,RUEIL-MALMAISON,92,Maison,160,5,189,2023
690000,92150,SURESNES,92,Appartement,70,3,132,2023
690000,92150,SURESNES,92,Dépendance,0,0,132,2023
955000,92150,SURESNES,92,Dépendance,0,0,275,2023
955000,92150,SURESNES,92,Maison,90,5,275,2023
1012000,92000,NANTERRE,92,Maison,108,6,203,2023
555000,92000,NANTERRE,92,Maison,122,4,125,2023
540000,92150,SURESNES,92,Dépendance,0,0,205,2023
4000000,92200,NEUILLY-SUR-SEINE,92,Maison,230,9,198,2023
389000,92000,NANTERRE,92,Maison,48,3,187,2023
1002450,92150,SURESNES,92,Maison,112,6,121,2023
1440000,92250,LA GARENNE-COLOMBES,92,Maison,245,7,278,2023
1160000,92150,SURESNES,92,Dépendance,0,0,289,2023
1160000,92150,SURESNES,92,Appartement,52,3,289,2023
1160000,92150,SURESNES,92,Appartement,103,5,289,2023
900000,92000,NANTERRE,92,Maison,140,4,448,2023
1150000,92700,COLOMBES,92,Maison,112,5,144,2023
1150000,92700,COLOMBES,92,Maison,112,5,682,2023
1150000,92700,COLOMBES,92,Dépendance,0,0,682,2023
1150000,92700,COLOMBES,92,Dépendance,0,0,144,2023
540000,92700,COLOMBES,92,Appartement,18,1,106,2023
540000,92700,COLOMBES,92,Appartement,19,1,106,2023
15000,92270,BOIS-COLOMBES,92,Maison,70,3,189,2023
345000,92700,COLOMBES,92,Maison,65,3,129,2023
345000,92700,COLOMBES,92,Dépendance,0,0,129,2023
1197000,92400,COURBEVOIE,92,Maison,99,4,192,2023
722000,92700,COLOMBES,92,Maison,78,4,248,2023
722000,92700,COLOMBES,92,Dépendance,0,0,248,2023
1104000,92600,ASNIERES-SUR-SEINE,92,Dépendance,0,0,151,2023
1104000,92600,ASNIERES-SUR-SEINE,92,Maison,130,5,151,2023
1686700,92250,LA GARENNE-COLOMBES,92,Maison,181,5,319,2023
1285000,92500,RUEIL-MALMAISON,92,Dépendance,0,0,341,2023
1285000,92500,RUEIL-MALMAISON,92,Maison,131,5,341,2023
1720000,92270,BOIS-COLOMBES,92,Dépendance,0,0,738,2023
1720000,92270,BOIS-COLOMBES,92,Maison,122,7,738,2023
1200000,92150,SURESNES,92,Maison,120,6,184,2023
1893800,92600,ASNIERES-SUR-SEINE,92,Maison,176,7,318,2023
1893800,92600,ASNIERES-SUR-SEINE,92,Dépendance,0,0,318,2023
571600,92700,COLOMBES,92,Dépendance,0,0,266,2023
571600,92700,COLOMBES,92,Maison,115,4,266,2023
1058140,92600,ASNIERES-SUR-SEINE,92,Maison,159,4,244,2023
358000,92400,COURBEVOIE,92,Appartement,25,1,200,2023
358000,92400,COURBEVOIE,92,Dépendance,0,0,200,2023
358000,92400,COURBEVOIE,92,Appartement,23,1,200,2023
358000,92400,COURBEVOIE,92,Local industriel. commercial ou assimilé,40,0,200,2023
340000,92600,ASNIERES-SUR-SEINE,92,Maison,48,3,102,2023
910000,92000,NANTERRE,92,Maison,98,7,384,2023
910000,92000,NANTERRE,92,Dépendance,0,0,384,2023
24000000,92110,CLICHY,92,Appartement,22,1,1255,2023
24000000,92110,CLICHY,92,Appartement,30,2,1255,2023
24000000,92110,CLICHY,92,Appartement,20,1,1255,2023
24000000,92110,CLICHY,92,Appartement,55,4,1255,2023
24000000,92110,CLICHY,92,Local industriel. commercial ou assimilé,127,0,1255,2023
24000000,92110,CLICHY,92,Local industriel. commercial ou assimilé,56,0,1255,2023
24000000,92110,CLICHY,92,Local industriel. commercial ou assimilé,46,0,1255,2023
24000000,92110,CLICHY,92,Appartement,21,1,1255,2023
24000000,92110,CLICHY,92,Appartement,18,1,1255,2023
24000000,92110,CLICHY,92,Appartement,27,1,1255,2023
24000000,92110,CLICHY,92,Appartement,33,2,1255,2023
24000000,92110,CLICHY,92,Appartement,36,2,1255,2023
24000000,92110,CLICHY,92,Appartement,45,3,1255,2023
24000000,92110,CLICHY,92,Appartement,35,2,1255,2023
24000000,92110,CLICHY,92,Appartement,41,2,1255,2023
24000000,92110,CLICHY,92,Dépendance,0,0,1255,2023
3115700,92500,RUEIL-MALMAISON,92,Dépendance,0,0,695,2023
3115700,92500,RUEIL-MALMAISON,92,Maison,224,6,695,2023
18500000,92200,NEUILLY-SUR-SEINE,92,Appartement,46,2,598,2023
18500000,92200,NEUILLY-SUR-SEINE,92,Appartement,44,2,598,2023
18500000,92200,NEUILLY-SUR-SEINE,92,Appartement,40,2,598,2023
18500000,92200,NEUILLY-SUR-SEINE,92,Appartement,36,2,598,2023
18500000,92200,NEUILLY-SUR-SEINE,92,Dépendance,0,0,598,2023
18500000,92200,NEUILLY-SUR-SEINE,92,Appartement,41,2,598,2023
18500000,92200,NEUILLY-SUR-SEINE,92,Appartement,78,3,598,2023
18500000,92200,NEUILLY-SUR-SEINE,92,Appartement,74,3,598,2023
18500000,92200,NEUILLY-SUR-SEINE,92,Appartement,45,2,598,2023
18500000,92200,NEUILLY-SUR-SEINE,92,Appartement,83,3,598,2023
18500000,92200,NEUILLY-SUR-SEINE,92,Appartement,80,2,598,2023
18500000,92200,NEUILLY-SUR-SEINE,92,Appartement,48,1,598,2023
18500000,92200,NEUILLY-SUR-SEINE,92,Appartement,27,1,598,2023
18500000,92200,NEUILLY-SUR-SEINE,92,Appartement,52,2,598,2023
18500000,92200,NEUILLY-SUR-SEINE,92,Appartement,35,1,598,2023
856500,92000,NANTERRE,92,Dépendance,0,0,664,2023
856500,92000,NANTERRE,92,Maison,84,4,664,2023
1301600,92500,RUEIL-MALMAISON,92,Local industriel. commercial ou assimilé,32,0,481,2023
1301600,92500,RUEIL-MALMAISON,92,Dépendance,0,0,481,2023
1301600,92500,RUEIL-MALMAISON,92,Maison,124,5,481,2023
540000,92600,ASNIERES-SUR-SEINE,92,Maison,168,10,552,2023
540000,92600,ASNIERES-SUR-SEINE,92,Dépendance,0,0,552,2023
560000,92270,BOIS-COLOMBES,92,Appartement,61,4,360,2023
560000,92270,BOIS-COLOMBES,92,Dépendance,0,0,360,2023
560000,92270,BOIS-COLOMBES,92,Appartement,50,3,360,2023
560000,92270,BOIS-COLOMBES,92,Appartement,16,1,360,2023
560000,92270,BOIS-COLOMBES,92,Appartement,66,4,360,2023
648500,92000,NANTERRE,92,Maison,107,5,142,2023
1163000,92500,RUEIL-MALMAISON,92,Maison,126,4,436,2023
552650,92000,NANTERRE,92,Maison,105,5,413,2023
510000,92500,RUEIL-MALMAISON,92,Appartement,37,2,166,2023
510000,92500,RUEIL-MALMAISON,92,Dépendance,0,0,166,2023
624918,92600,ASNIERES-SUR-SEINE,92,Dépendance,0,0,209,2023
624918,92600,ASNIERES-SUR-SEINE,92,Maison,90,5,209,2023
9300000,92600,ASNIERES-SUR-SEINE,92,Dépendance,0,0,691,2023
9300000,92600,ASNIERES-SUR-SEINE,92,Appartement,47,2,691,2023
9300000,92600,ASNIERES-SUR-SEINE,92,Appartement,24,1,691,2023
9300000,92600,ASNIERES-SUR-SEINE,92,Appartement,30,1,691,2023
9300000,92600,ASNIERES-SUR-SEINE,92,Dépendance,0,0,105,2023
9300000,92600,ASNIERES-SUR-SEINE,92,Appartement,30,1,105,2023
9300000,92600,ASNIERES-SUR-SEINE,92,Appartement,24,1,105,2023
9300000,92600,ASNIERES-SUR-SEINE,92,Appartement,47,2,105,2023
9300000,92600,ASNIERES-SUR-SEINE,92,Local industriel. commercial ou assimilé,8868,0,613,2023
38000000,92600,ASNIERES-SUR-SEINE,92,Local industriel. commercial ou assimilé,2820,0,16598,2023
38000000,92600,ASNIERES-SUR-SEINE,92,Local industriel. commercial ou assimilé,0,0,16598,2023
38000000,92600,ASNIERES-SUR-SEINE,92,Local industriel. commercial ou assimilé,2025,0,16598,2023
38000000,92600,ASNIERES-SUR-SEINE,92,Local industriel. commercial ou assimilé,4019,0,16598,2023
38000000,92600,ASNIERES-SUR-SEINE,92,Local industriel. commercial ou assimilé,3708,0,16598,2023
38000000,92600,ASNIERES-SUR-SEINE,92,Local industriel. commercial ou assimilé,3673,0,16598,2023
38000000,92600,ASNIERES-SUR-SEINE,92,Local industriel. commercial ou assimilé,3698,0,16598,2023
38000000,92600,ASNIERES-SUR-SEINE,92,Local industriel. commercial ou assimilé,1407,0,16598,2023
38000000,92600,ASNIERES-SUR-SEINE,92,Local industriel. commercial ou assimilé,849,0,16598,2023
38000000,92600,ASNIERES-SUR-SEINE,92,Local industriel. commercial ou assimilé,1503,0,16598,2023
752000,92600,ASNIERES-SUR-SEINE,92,Maison,92,4,80,2023
785000,92700,COLOMBES,92,Dépendance,0,0,591,2023
785000,92700,COLOMBES,92,Maison,113,5,591,2023
295000,92000,NANTERRE,92,Local industriel. commercial ou assimilé,28,0,205,2023
295000,92000,NANTERRE,92,Maison,80,3,205,2023
1646000,92700,COLOMBES,92,Maison,63,6,443,2023
746600,92700,COLOMBES,92,Dépendance,0,0,259,2023
746600,92700,COLOMBES,92,Maison,120,5,259,2023
1450000,92600,ASNIERES-SUR-SEINE,92,Maison,129,6,368,2023
1450000,92600,ASNIERES-SUR-SEINE,92,Dépendance,0,0,368,2023
150000,92800,PUTEAUX,92,Appartement,26,2,12,2023
150000,92800,PUTEAUX,92,Appartement,10,1,12,2023
200000,92600,ASNIERES-SUR-SEINE,92,Maison,126,6,305,2023
88000000,92000,NANTERRE,92,Local industriel. commercial ou assimilé,1390,0,2423,2023
88000000,92000,NANTERRE,92,Local industriel. commercial ou assimilé,1548,0,2423,2023
88000000,92000,NANTERRE,92,Local industriel. commercial ou assimilé,1656,0,2423,2023
88000000,92000,NANTERRE,92,Local industriel. commercial ou assimilé,1530,0,2423,2023
88000000,92000,NANTERRE,92,Local industriel. commercial ou assimilé,1032,0,2423,2023
88000000,92000,NANTERRE,92,Local industriel. commercial ou assimilé,1080,0,2423,2023
88000000,92000,NANTERRE,92,Local industriel. commercial ou assimilé,388,0,2423,2023
88000000,92000,NANTERRE,92,Local industriel. commercial ou assimilé,1005,0,2423,2023
88000000,92000,NANTERRE,92,Local industriel. commercial ou assimilé,1508,0,2423,2023
884000,92000,NANTERRE,92,Maison,158,6,252,2023
910000,92000,NANTERRE,92,Maison,135,6,267,2023
620470,92000,NANTERRE,92,Maison,70,3,208,2023
1116755,92150,SURESNES,92,Maison,143,5,76,2023
800000,92400,COURBEVOIE,92,Dépendance,0,0,351,2023
800000,92400,COURBEVOIE,92,Dépendance,0,0,334,2023
800000,92400,COURBEVOIE,92,Maison,60,2,334,2023
240000,92700,COLOMBES,92,Maison,44,3,105,2023
240000,92700,COLOMBES,92,Maison,15,1,105,2023
420000,92800,PUTEAUX,92,Maison,65,4,78,2023
4300000,92300,LEVALLOIS-PERRET,92,Appartement,34,2,402,2023
4300000,92300,LEVALLOIS-PERRET,92,Local industriel. commercial ou assimilé,175,0,402,2023
4300000,92300,LEVALLOIS-PERRET,92,Dépendance,0,0,402,2023
4300000,92300,LEVALLOIS-PERRET,92,Appartement,35,2,402,2023
4300000,92300,LEVALLOIS-PERRET,92,Appartement,33,2,402,2023
4300000,92300,LEVALLOIS-PERRET,92,Appartement,22,2,402,2023
4300000,92300,LEVALLOIS-PERRET,92,Appartement,49,3,402,2023
4300000,92300,LEVALLOIS-PERRET,92,Appartement,43,3,402,2023
4300000,92300,LEVALLOIS-PERRET,92,Appartement,11,1,402,2023
4300000,92300,LEVALLOIS-PERRET,92,Local industriel. commercial ou assimilé,30,0,402,2023
4300000,92300,LEVALLOIS-PERRET,92,Appartement,22,1,402,2023
4300000,92300,LEVALLOIS-PERRET,92,Appartement,47,3,402,2023
4300000,92300,LEVALLOIS-PERRET,92,Appartement,46,3,402,2023
430000,92700,COLOMBES,92,Maison,81,4,231,2023
885000,92500,RUEIL-MALMAISON,92,Maison,80,4,316,2023
370000,92000,NANTERRE,92,Maison,35,4,186,2023
636000,92270,BOIS-COLOMBES,92,Maison,50,3,81,2023
806450,92150,SURESNES,92,Maison,88,6,142,2023
1095000,92500,RUEIL-MALMAISON,92,Maison,61,3,605,2023
840000,92270,BOIS-COLOMBES,92,Maison,27,2,208,2023
840000,92270,BOIS-COLOMBES,92,Maison,116,7,208,2023
1310000,92700,COLOMBES,92,Maison,205,7,468,2023
1310000,92700,COLOMBES,92,Dépendance,0,0,468,2023
648000,92110,CLICHY,92,Maison,66,3,49,2023
1818500,92400,COURBEVOIE,92,Maison,200,9,489,2023
1818500,92400,COURBEVOIE,92,Dépendance,0,0,489,2023
444000,92000,NANTERRE,92,Maison,33,2,216,2023
513360,92000,NANTERRE,92,Dépendance,0,0,207,2023
513360,92000,NANTERRE,92,Maison,80,4,207,2023
695800,92400,COURBEVOIE,92,Maison,60,3,135,2023
1181250,92700,COLOMBES,92,Maison,139,5,245,2023
450000,92000,NANTERRE,92,Maison,95,3,133,2023
335385,92500,RUEIL-MALMAISON,92,Maison,82,4,71,2023
1621000,92500,RUEIL-MALMAISON,92,Maison,137,5,383,2023
504000,92270,BOIS-COLOMBES,92,Maison,53,3,170,2023
1049000,92700,COLOMBES,92,Maison,135,5,311,2023
702955,92500,RUEIL-MALMAISON,92,Maison,132,6,203,2023
580000,92250,LA GARENNE-COLOMBES,92,Maison,75,5,110,2023
1203150,92700,COLOMBES,92,Maison,130,5,331,2023
1111000,92600,ASNIERES-SUR-SEINE,92,Dépendance,0,0,131,2023
1111000,92600,ASNIERES-SUR-SEINE,92,Maison,101,4,131,2023
1141300,92700,COLOMBES,92,Dépendance,0,0,337,2023
1141300,92700,COLOMBES,92,Appartement,35,2,337,2023
1141300,92700,COLOMBES,92,Appartement,140,7,337,2023
1345000,92600,ASNIERES-SUR-SEINE,92,Maison,160,5,170,2023
470000,92600,ASNIERES-SUR-SEINE,92,Maison,57,3,243,2023
470000,92600,ASNIERES-SUR-SEINE,92,Dépendance,0,0,243,2023
767000,92600,ASNIERES-SUR-SEINE,92,Dépendance,0,0,128,2023
767000,92600,ASNIERES-SUR-SEINE,92,Appartement,50,2,128,2023
767000,92600,ASNIERES-SUR-SEINE,92,Appartement,55,2,128,2023
1866000,92150,SURESNES,92,Maison,150,5,391,2023
1866000,92150,SURESNES,92,Local industriel. commercial ou assimilé,52,0,391,2023
1048660,92600,ASNIERES-SUR-SEINE,92,Maison,93,5,238,2023
1048660,92600,ASNIERES-SUR-SEINE,92,Dépendance,0,0,238,2023
285000,92700,COLOMBES,92,Maison,49,2,108,2023
1026675,92500,RUEIL-MALMAISON,92,Maison,125,4,123,2023
680000,92000,NANTERRE,92,Dépendance,0,0,145,2023
680000,92000,NANTERRE,92,Maison,90,5,145,2023
525000,92000,NANTERRE,92,Maison,73,4,110,2023
525000,92000,NANTERRE,92,Dépendance,0,0,110,2023
750000,92270,BOIS-COLOMBES,92,Dépendance,0,0,210,2023
750000,92270,BOIS-COLOMBES,92,Maison,62,5,210,2023
600000,92270,BOIS-COLOMBES,92,Local industriel. commercial ou assimilé,70,0,56,2023
600000,92270,BOIS-COLOMBES,92,Maison,50,2,56,2023
894000,92400,COURBEVOIE,92,Maison,107,5,332,2023
894000,92400,COURBEVOIE,92,Local industriel. commercial ou assimilé,123,0,332,2023
760850,92270,BOIS-COLOMBES,92,Maison,70,3,177,2023
746900,92700,COLOMBES,92,Maison,104,4,123,2023
3310000,92000,NANTERRE,92,Local industriel. commercial ou assimilé,91,0,2561,2023
3310000,92000,NANTERRE,92,Appartement,32,1,2561,2023
3310000,92000,NANTERRE,92,Local industriel. commercial ou assimilé,338,0,2561,2023
3310000,92000,NANTERRE,92,Local industriel. commercial ou assimilé,414,0,2561,2023
3310000,92000,NANTERRE,92,Local industriel. commercial ou assimilé,319,0,2561,2023
3310000,92000,NANTERRE,92,Local industriel. commercial ou assimilé,410,0,2561,2023
892400,92500,RUEIL-MALMAISON,92,Maison,71,4,549,2023
369000,92700,COLOMBES,92,Maison,39,2,219,2023
369000,92700,COLOMBES,92,Dépendance,0,0,219,2023
1227000,92150,SURESNES,92,Maison,140,6,50,2023
1858306,92270,BOIS-COLOMBES,92,Maison,201,5,592,2023
833650,92700,COLOMBES,92,Maison,111,5,389,2023
1209560,92150,SURESNES,92,Maison,156,7,164,2023
826750,92500,RUEIL-MALMAISON,92,Maison,118,6,162,2023
1278050,92500,RUEIL-MALMAISON,92,Maison,116,5,498,2023
615000,92500,RUEIL-MALMAISON,92,Maison,89,2,205,2023
615000,92500,RUEIL-MALMAISON,92,Dépendance,0,0,205,2023
415000,92600,ASNIERES-SUR-SEINE,92,Maison,38,3,233,2023
415000,92600,ASNIERES-SUR-SEINE,92,Dépendance,0,0,233,2023
525000,92110,CLICHY,92,Maison,72,3,36,2023
1175000,92000,NANTERRE,92,Maison,18,1,426,2023
1175000,92000,NANTERRE,92,Maison,126,5,426,2023
1175000,92000,NANTERRE,92,Maison,18,1,575,2023
1175000,92000,NANTERRE,92,Maison,126,5,575,2023
1475000,92250,LA GARENNE-COLOMBES,92,Maison,275,6,480,2023
380000,92000,NANTERRE,92,Maison,62,2,117,2023
815000,92700,COLOMBES,92,Maison,71,2,223,2023
815000,92700,COLOMBES,92,Dépendance,0,0,223,2023
866000,92000,NANTERRE,92,Maison,117,5,325,2023
1500000,92150,SURESNES,92,Maison,172,6,211,2023
709470,92000,NANTERRE,92,Maison,90,4,201,2023
709470,92000,NANTERRE,92,Maison,22,1,201,2023
709470,92000,NANTERRE,92,Dépendance,0,0,201,2023
750000,92230,GENNEVILLIERS,92,Appartement,50,4,439,2023
750000,92230,GENNEVILLIERS,92,Dépendance,0,0,439,2023
750000,92230,GENNEVILLIERS,92,Appartement,15,1,439,2023
750000,92230,GENNEVILLIERS,92,Appartement,17,1,439,2023
750000,92230,GENNEVILLIERS,92,Appartement,39,3,439,2023
750000,92230,GENNEVILLIERS,92,Appartement,27,2,439,2023
750000,92230,GENNEVILLIERS,92,Appartement,30,2,439,2023
750000,92230,GENNEVILLIERS,92,Appartement,34,2,439,2023
750000,92230,GENNEVILLIERS,92,Appartement,28,2,439,2023
750000,92230,GENNEVILLIERS,92,Appartement,34,3,439,2023
750000,92230,GENNEVILLIERS,92,Local industriel. commercial ou assimilé,44,0,439,2023
750000,92230,GENNEVILLIERS,92,Local industriel. commercial ou assimilé,100,0,439,2023
750000,92230,GENNEVILLIERS,92,Appartement,12,1,439,2023
750000,92230,GENNEVILLIERS,92,Appartement,16,1,439,2023
750000,92230,GENNEVILLIERS,92,Appartement,31,2,439,2023
750000,92230,GENNEVILLIERS,92,Appartement,20,2,439,2023
750000,92230,GENNEVILLIERS,92,Appartement,29,2,439,2023
750000,92230,GENNEVILLIERS,92,Appartement,35,2,439,2023
750000,92230,GENNEVILLIERS,92,Local industriel. commercial ou assimilé,117,0,439,2023
750000,92230,GENNEVILLIERS,92,Local industriel. commercial ou assimilé,68,0,439,2023
750000,92230,GENNEVILLIERS,92,Local industriel. commercial ou assimilé,31,0,439,2023
750000,92230,GENNEVILLIERS,92,Local industriel. commercial ou assimilé,108,0,439,2023
750000,92230,GENNEVILLIERS,92,Appartement,18,1,439,2023
750000,92230,GENNEVILLIERS,92,Appartement,32,2,439,2023
750000,92230,GENNEVILLIERS,92,Appartement,33,2,439,2023
750000,92230,GENNEVILLIERS,92,Appartement,38,2,439,2023
7400000,92300,LEVALLOIS-PERRET,92,Local industriel. commercial ou assimilé,791,0,316,2023
599000,92700,COLOMBES,92,Maison,93,4,226,2023
85000000,92300,LEVALLOIS-PERRET,92,Local industriel. commercial ou assimilé,3290,0,4116,2023
85000000,92300,LEVALLOIS-PERRET,92,Local industriel. commercial ou assimilé,1620,0,4116,2023
85000000,92300,LEVALLOIS-PERRET,92,Local industriel. commercial ou assimilé,1869,0,4116,2023
85000000,92300,LEVALLOIS-PERRET,92,Local industriel. commercial ou assimilé,3297,0,4116,2023
85000000,92300,LEVALLOIS-PERRET,92,Local industriel. commercial ou assimilé,3291,0,4116,2023
85000000,92300,LEVALLOIS-PERRET,92,Local industriel. commercial ou assimilé,2393,0,4116,2023
85000000,92300,LEVALLOIS-PERRET,92,Local industriel. commercial ou assimilé,2001,0,4116,2023
85000000,92300,LEVALLOIS-PERRET,92,Local industriel. commercial ou assimilé,2142,0,4116,2023
85000000,92300,LEVALLOIS-PERRET,92,Local industriel. commercial ou assimilé,2077,0,4116,2023
85000000,92300,LEVALLOIS-PERRET,92,Local industriel. commercial ou assimilé,2078,0,4116,2023
85000000,92300,LEVALLOIS-PERRET,92,Local industriel. commercial ou assimilé,1516,0,4116,2023
85000000,92300,LEVALLOIS-PERRET,92,Local industriel. commercial ou assimilé,881,0,4116,2023
85000000,92300,LEVALLOIS-PERRET,92,Local industriel. commercial ou assimilé,1424,0,4116,2023
85000000,92300,LEVALLOIS-PERRET,92,Local industriel. commercial ou assimilé,694,0,4116,2023
1591500,92600,ASNIERES-SUR-SEINE,92,Maison,92,4,410,2023
1277000,92150,SURESNES,92,Maison,162,6,141,2023
460000,92500,RUEIL-MALMAISON,92,Appartement,20,1,127,2023
460000,92500,RUEIL-MALMAISON,92,Appartement,40,2,127,2023
778000,92270,BOIS-COLOMBES,92,Maison,84,4,84,2023
1025000,92000,NANTERRE,92,Local industriel. commercial ou assimilé,370,0,228,2023
3270000,92500,RUEIL-MALMAISON,92,Dépendance,0,0,2000,2023
3270000,92500,RUEIL-MALMAISON,92,Maison,210,8,1140,2023
3270000,92500,RUEIL-MALMAISON,92,Dépendance,0,0,1140,2023
3270000,92500,RUEIL-MALMAISON,92,Maison,210,8,2000,2023
835000,92700,COLOMBES,92,Maison,121,5,220,2023
1500000,92500,RUEIL-MALMAISON,92,Maison,150,6,487,2023
1500000,92500,RUEIL-MALMAISON,92,Dépendance,0,0,487,2023
1500000,92500,RUEIL-MALMAISON,92,Local industriel. commercial ou assimilé,18,0,487,2023
1000000,92700,COLOMBES,92,Maison,90,6,302,2023
950864,92270,BOIS-COLOMBES,92,Maison,67,5,206,2023
2400000,92000,NANTERRE,92,Local industriel. commercial ou assimilé,900,0,2203,2023
999000,92150,SURESNES,92,Maison,119,4,352,2023
960000,92000,NANTERRE,92,Maison,200,8,536,2023
790000,92230,GENNEVILLIERS,92,Dépendance,0,0,72,2023
790000,92230,GENNEVILLIERS,92,Maison,179,8,72,2023
900000,92000,NANTERRE,92,Maison,150,6,296,2023
3950000,92700,COLOMBES,92,Maison,96,3,653,2023
3950000,92700,COLOMBES,92,Maison,96,3,110,2023
1030000,92700,COLOMBES,92,Maison,180,5,227,2023
650000,92500,RUEIL-MALMAISON,92,Maison,58,3,854,2023
650000,92500,RUEIL-MALMAISON,92,Maison,33,1,854,2023
1330734,92150,SURESNES,92,Maison,103,6,146,2023
603750,92150,SURESNES,92,Maison,91,3,256,2023
790000,92500,RUEIL-MALMAISON,92,Maison,92,3,581,2023
540000,92000,NANTERRE,92,Maison,156,3,180,2023
1309000,92250,LA GARENNE-COLOMBES,92,Maison,109,6,357,2023
491000,92700,COLOMBES,92,Maison,78,3,159,2023
902258,92270,BOIS-COLOMBES,92,Maison,67,5,116,2023
1656800,92600,ASNIERES-SUR-SEINE,92,Dépendance,0,0,269,2023
1656800,92600,ASNIERES-SUR-SEINE,92,Maison,157,5,269,2023
650000,92230,GENNEVILLIERS,92,Dépendance,0,0,287,2023
650000,92230,GENNEVILLIERS,92,Maison,110,6,287,2023
400000,92250,LA GARENNE-COLOMBES,92,Dépendance,0,0,566,2023
400000,92250,LA GARENNE-COLOMBES,92,Appartement,55,3,566,2023
400000,92250,LA GARENNE-COLOMBES,92,Appartement,84,4,566,2023
294000,92500,RUEIL-MALMAISON,92,Maison,100,4,71,2023
1228571,92150,SURESNES,92,Maison,106,4,387,2023
1228571,92150,SURESNES,92,Dépendance,0,0,387,2023
290000,92700,COLOMBES,92,Maison,68,4,423,2023
475000,92000,NANTERRE,92,Maison,38,3,217,2023
475000,92000,NANTERRE,92,Local industriel. commercial ou assimilé,11,0,217,2023
642460,92700,COLOMBES,92,Dépendance,0,0,123,2023
642460,92700,COLOMBES,92,Maison,75,4,123,2023
1234400,92500,RUEIL-MALMAISON,92,Maison,124,4,244,2023
1234400,92500,RUEIL-MALMAISON,92,Dépendance,0,0,244,2023
800000,92250,LA GARENNE-COLOMBES,92,Dépendance,0,0,108,2023
800000,92250,LA GARENNE-COLOMBES,92,Appartement,50,2,108,2023
800000,92250,LA GARENNE-COLOMBES,92,Local industriel. commercial ou assimilé,72,0,108,2023
938000,92000,NANTERRE,92,Dépendance,0,0,418,2023
938000,92000,NANTERRE,92,Maison,112,4,418,2023
1004762,92000,NANTERRE,92,Appartement,27,1,431,2023
1004762,92000,NANTERRE,92,Maison,140,6,431,2023
515000,92700,COLOMBES,92,Dépendance,0,0,119,2023
515000,92700,COLOMBES,92,Maison,59,3,119,2023
708000,92500,RUEIL-MALMAISON,92,Maison,83,4,145,2023
746000,92700,COLOMBES,92,Maison,93,5,289,2023
750000,92270,BOIS-COLOMBES,92,Maison,81,6,201,2023
750000,92270,BOIS-COLOMBES,92,Dépendance,0,0,128,2023
643640,92700,COLOMBES,92,Maison,56,3,169,2023
1471400,92700,COLOMBES,92,Maison,172,8,517,2023
1785000,92600,ASNIERES-SUR-SEINE,92,Maison,150,5,260,2023
525600,92700,COLOMBES,92,Maison,98,4,99,2023
8500,92500,RUEIL-MALMAISON,92,Maison,120,4,350,2023
1097000,92150,SURESNES,92,Maison,90,4,134,2023
900000,92500,RUEIL-MALMAISON,92,Maison,120,7,371,2023
650000,92700,COLOMBES,92,Maison,100,4,144,2023
1750000,92250,LA GARENNE-COLOMBES,92,Maison,220,10,643,2023
1750000,92250,LA GARENNE-COLOMBES,92,Dépendance,0,0,643,2023
172500,92700,COLOMBES,92,Dépendance,0,0,102,2023
172500,92700,COLOMBES,92,Maison,53,3,102,2023
666000,92700,COLOMBES,92,Maison,106,4,147,2023
1318500,92600,ASNIERES-SUR-SEINE,92,Dépendance,0,0,178,2023
1318500,92600,ASNIERES-SUR-SEINE,92,Maison,122,5,178,2023
1309000,92150,SURESNES,92,Dépendance,0,0,152,2023
1309000,92150,SURESNES,92,Maison,150,6,152,2023
295000,92700,COLOMBES,92,Maison,44,3,183,2023
295000,92700,COLOMBES,92,Dépendance,0,0,183,2023
295000,92700,COLOMBES,92,Maison,18,1,183,2023
3304850,92200,NEUILLY-SUR-SEINE,92,Local industriel. commercial ou assimilé,60,0,117,2023
3304850,92200,NEUILLY-SUR-SEINE,92,Maison,171,6,117,2023
999000,92000,NANTERRE,92,Maison,220,6,214,2023
492000,92230,GENNEVILLIERS,92,Maison,114,5,214,2023
743384,92000,NANTERRE,92,Local industriel. commercial ou assimilé,57,0,212,2023
743384,92000,NANTERRE,92,Maison,130,4,212,2023
799000,92700,COLOMBES,92,Dépendance,0,0,443,2023
799000,92700,COLOMBES,92,Local industriel. commercial ou assimilé,20,0,443,2023
799000,92700,COLOMBES,92,Maison,92,4,443,2023
1253350,92800,PUTEAUX,92,Maison,120,4,141,2023
1253350,92800,PUTEAUX,92,Dépendance,0,0,141,2023
1059000,92800,PUTEAUX,92,Maison,125,5,101,2023
447000,92000,NANTERRE,92,Maison,31,2,102,2023
1037002,92150,SURESNES,92,Maison,130,5,158,2023
1155000,92250,LA GARENNE-COLOMBES,92,Maison,180,8,144,2023
1080000,92500,RUEIL-MALMAISON,92,Maison,160,5,312,2023
1080000,92500,RUEIL-MALMAISON,92,Maison,160,5,49,2023
1200000,92600,ASNIERES-SUR-SEINE,92,Maison,45,2,249,2023
1200000,92600,ASNIERES-SUR-SEINE,92,Dépendance,0,0,249,2023
1950000,92600,ASNIERES-SUR-SEINE,92,Maison,170,8,405,2023
1950000,92600,ASNIERES-SUR-SEINE,92,Dépendance,0,0,405,2023
1202800,92600,ASNIERES-SUR-SEINE,92,Dépendance,0,0,539,2023
1202800,92600,ASNIERES-SUR-SEINE,92,Appartement,32,2,539,2023
1202800,92600,ASNIERES-SUR-SEINE,92,Appartement,44,2,539,2023
1202800,92600,ASNIERES-SUR-SEINE,92,Appartement,44,3,539,2023
1202800,92600,ASNIERES-SUR-SEINE,92,Appartement,33,2,539,2023
1202800,92600,ASNIERES-SUR-SEINE,92,Appartement,20,1,539,2023
1202800,92600,ASNIERES-SUR-SEINE,92,Appartement,15,1,539,2023
1202800,92600,ASNIERES-SUR-SEINE,92,Appartement,17,2,539,2023
1202800,92600,ASNIERES-SUR-SEINE,92,Appartement,34,2,539,2023
1202800,92600,ASNIERES-SUR-SEINE,92,Appartement,21,1,539,2023
1202800,92600,ASNIERES-SUR-SEINE,92,Appartement,53,4,539,2023
1202800,92600,ASNIERES-SUR-SEINE,92,Local industriel. commercial ou assimilé,20,0,539,2023
470000,92700,COLOMBES,92,Maison,85,4,271,2023
470000,92700,COLOMBES,92,Maison,50,3,271,2023
510000,92230,GENNEVILLIERS,92,Dépendance,0,0,199,2023
510000,92230,GENNEVILLIERS,92,Maison,52,3,199,2023
510000,92230,GENNEVILLIERS,92,Maison,74,5,199,2023
850000,92270,BOIS-COLOMBES,92,Maison,115,6,187,2023
1580000,92700,COLOMBES,92,Maison,99,4,404,2023
1120222,92500,RUEIL-MALMAISON,92,Maison,90,5,424,2023
1680000,92600,ASNIERES-SUR-SEINE,92,Appartement,50,2,245,2023
1680000,92600,ASNIERES-SUR-SEINE,92,Maison,35,3,245,2023
1680000,92600,ASNIERES-SUR-SEINE,92,Local industriel. commercial ou assimilé,30,0,245,2023
1680000,92600,ASNIERES-SUR-SEINE,92,Local industriel. commercial ou assimilé,126,0,245,2023
1000000,92250,LA GARENNE-COLOMBES,92,Maison,340,6,482,2023
11703701,92300,LEVALLOIS-PERRET,92,Dépendance,0,0,504,2023
11703701,92300,LEVALLOIS-PERRET,92,Local industriel. commercial ou assimilé,65,0,504,2023
11703701,92300,LEVALLOIS-PERRET,92,Appartement,27,1,504,2023
11703701,92300,LEVALLOIS-PERRET,92,Appartement,19,1,504,2023
11703701,92300,LEVALLOIS-PERRET,92,Appartement,24,1,504,2023
11703701,92300,LEVALLOIS-PERRET,92,Appartement,23,1,504,2023
11703701,92300,LEVALLOIS-PERRET,92,Appartement,30,1,504,2023
11703701,92300,LEVALLOIS-PERRET,92,Local industriel. commercial ou assimilé,285,0,504,2023
11703701,92300,LEVALLOIS-PERRET,92,Appartement,33,2,504,2023
11703701,92300,LEVALLOIS-PERRET,92,Appartement,21,1,504,2023
11703701,92300,LEVALLOIS-PERRET,92,Appartement,34,2,504,2023
11703701,92300,LEVALLOIS-PERRET,92,Appartement,31,2,504,2023
11703701,92300,LEVALLOIS-PERRET,92,Appartement,36,2,504,2023
11703701,92300,LEVALLOIS-PERRET,92,Appartement,50,3,504,2023
11703701,92300,LEVALLOIS-PERRET,92,Appartement,35,2,504,2023
11703701,92300,LEVALLOIS-PERRET,92,Appartement,70,4,504,2023
11703701,92300,LEVALLOIS-PERRET,92,Appartement,18,1,504,2023
11703701,92300,LEVALLOIS-PERRET,92,Local industriel. commercial ou assimilé,40,0,504,2023
11703701,92300,LEVALLOIS-PERRET,92,Local industriel. commercial ou assimilé,29,0,504,2023
2400000,92000,NANTERRE,92,Local industriel. commercial ou assimilé,1500,0,145,2023
1875000,92250,LA GARENNE-COLOMBES,92,Dépendance,0,0,262,2023
1875000,92250,LA GARENNE-COLOMBES,92,Appartement,59,3,262,2023
1875000,92250,LA GARENNE-COLOMBES,92,Local industriel. commercial ou assimilé,56,0,262,2023
1875000,92250,LA GARENNE-COLOMBES,92,Local industriel. commercial ou assimilé,45,0,262,2023
1875000,92250,LA GARENNE-COLOMBES,92,Local industriel. commercial ou assimilé,14,0,262,2023
1875000,92250,LA GARENNE-COLOMBES,92,Appartement,70,3,262,2023
1875000,92250,LA GARENNE-COLOMBES,92,Local industriel. commercial ou assimilé,76,0,262,2023
1875000,92250,LA GARENNE-COLOMBES,92,Appartement,47,3,262,2023
1875000,92250,LA GARENNE-COLOMBES,92,Appartement,65,3,262,2023
1875000,92250,LA GARENNE-COLOMBES,92,Local industriel. commercial ou assimilé,24,0,262,2023
1875000,92250,LA GARENNE-COLOMBES,92,Appartement,35,2,262,2023
1875000,92250,LA GARENNE-COLOMBES,92,Appartement,63,3,262,2023
1275000,92500,RUEIL-MALMAISON,92,Maison,155,6,920,2023
6800000,92390,VILLENEUVE-LA-GARENNE,92,Local industriel. commercial ou assimilé,74,0,5047,2023
6800000,92390,VILLENEUVE-LA-GARENNE,92,Local industriel. commercial ou assimilé,106,0,5047,2023
6800000,92390,VILLENEUVE-LA-GARENNE,92,Maison,97,5,5047,2023
6800000,92390,VILLENEUVE-LA-GARENNE,92,Local industriel. commercial ou assimilé,131,0,5047,2023
6800000,92390,VILLENEUVE-LA-GARENNE,92,Local industriel. commercial ou assimilé,1694,0,5047,2023
1111270,92400,COURBEVOIE,92,Maison,132,5,117,2023
840000,92700,COLOMBES,92,Appartement,91,4,440,2023
840000,92700,COLOMBES,92,Local industriel. commercial ou assimilé,73,0,440,2023
840000,92700,COLOMBES,92,Appartement,104,3,440,2023
840000,92700,COLOMBES,92,Local industriel. commercial ou assimilé,310,0,440,2023
475200,92000,NANTERRE,92,Dépendance,0,0,199,2023
475200,92000,NANTERRE,92,Maison,109,4,199,2023
1795600,92500,RUEIL-MALMAISON,92,Dépendance,0,0,956,2023
1795600,92500,RUEIL-MALMAISON,92,Maison,166,4,956,2023
598420,92500,RUEIL-MALMAISON,92,Maison,68,4,178,2023
850000,92600,ASNIERES-SUR-SEINE,92,Appartement,12,1,80,2023
850000,92600,ASNIERES-SUR-SEINE,92,Appartement,22,2,80,2023
850000,92600,ASNIERES-SUR-SEINE,92,Appartement,20,1,80,2023
850000,92600,ASNIERES-SUR-SEINE,92,Appartement,42,2,80,2023
850000,92600,ASNIERES-SUR-SEINE,92,Dépendance,0,0,80,2023
850000,92600,ASNIERES-SUR-SEINE,92,Appartement,32,3,80,2023
913000,92700,COLOMBES,92,Maison,158,5,366,2023
560000,92000,NANTERRE,92,Maison,150,6,128,2023
1380000,92700,COLOMBES,92,Maison,136,5,466,2023
750000,92700,COLOMBES,92,Maison,96,5,214,2023
750000,92700,COLOMBES,92,Dépendance,0,0,214,2023
25240000,92150,SURESNES,92,Local industriel. commercial ou assimilé,334,0,2969,2023
25240000,92150,SURESNES,92,Local industriel. commercial ou assimilé,146,0,2969,2023
25240000,92150,SURESNES,92,Local industriel. commercial ou assimilé,1268,0,2969,2023
25240000,92150,SURESNES,92,Local industriel. commercial ou assimilé,738,0,2969,2023
25240000,92150,SURESNES,92,Local industriel. commercial ou assimilé,940,0,2969,2023
25240000,92150,SURESNES,92,Local industriel. commercial ou assimilé,980,0,2969,2023
25240000,92150,SURESNES,92,Local industriel. commercial ou assimilé,955,0,2969,2023
25240000,92150,SURESNES,92,Local industriel. commercial ou assimilé,1534,0,2969,2023
25240000,92150,SURESNES,92,Maison,195,6,2969,2023
2725000,92700,COLOMBES,92,Local industriel. commercial ou assimilé,140,0,190,2023
2725000,92700,COLOMBES,92,Local industriel. commercial ou assimilé,70,0,190,2023
2725000,92700,COLOMBES,92,Maison,90,3,575,2023
2725000,92700,COLOMBES,92,Maison,90,3,75,2023
2725000,92700,COLOMBES,92,Local industriel. commercial ou assimilé,490,0,700,2023
2725000,92700,COLOMBES,92,Maison,189,7,816,2023
2700000,92700,COLOMBES,92,Maison,210,5,518,2023
2700000,92700,COLOMBES,92,Dépendance,0,0,518,2023
700000,92700,COLOMBES,92,Dépendance,0,0,184,2023
700000,92700,COLOMBES,92,Maison,66,2,184,2023
800000,92700,COLOMBES,92,Dépendance,0,0,248,2023
800000,92700,COLOMBES,92,Maison,73,3,248,2023
1275000,92700,COLOMBES,92,Maison,80,6,381,2023
1180000,92700,COLOMBES,92,Maison,80,4,468,2023
1180000,92700,COLOMBES,92,Maison,119,4,468,2023
2652500,92390,VILLENEUVE-LA-GARENNE,92,Appartement,47,1,2617,2023
2652500,92390,VILLENEUVE-LA-GARENNE,92,Local industriel. commercial ou assimilé,1500,0,2617,2023
690000,92000,NANTERRE,92,Maison,88,4,265,2023
938840,92400,COURBEVOIE,92,Maison,113,6,109,2023
715150,92000,NANTERRE,92,Dépendance,0,0,262,2023
715150,92000,NANTERRE,92,Maison,100,5,262,2023
12289266,92700,COLOMBES,92,Local industriel. commercial ou assimilé,70,0,190,2023
12289266,92700,COLOMBES,92,Local industriel. commercial ou assimilé,140,0,190,2023
12289266,92700,COLOMBES,92,Maison,90,3,575,2023
12289266,92700,COLOMBES,92,Maison,90,3,75,2023
12289266,92700,COLOMBES,92,Local industriel. commercial ou assimilé,490,0,700,2023
12289266,92700,COLOMBES,92,Maison,189,7,816,2023
1269030,92600,ASNIERES-SUR-SEINE,92,Maison,92,4,100,2023
580000,92700,COLOMBES,92,Maison,90,3,201,2023
395950,92700,COLOMBES,92,Maison,63,3,198,2023
720000,92700,COLOMBES,92,Dépendance,0,0,238,2023
720000,92700,COLOMBES,92,Maison,105,5,238,2023
2100000,92110,CLICHY,92,Local industriel. commercial ou assimilé,23,0,1881,2023
2100000,92110,CLICHY,92,Dépendance,0,0,1881,2023
2100000,92110,CLICHY,92,Appartement,21,1,1881,2023
520000,92000,NANTERRE,92,Maison,50,4,380,2023
1066470,92600,ASNIERES-SUR-SEINE,92,Maison,106,3,260,2023
1011500,92000,NANTERRE,92,Maison,150,9,392,2023
325000,92600,ASNIERES-SUR-SEINE,92,Maison,60,3,226,2023
595000,92150,SURESNES,92,Maison,48,3,240,2023
595000,92150,SURESNES,92,Dépendance,0,0,240,2023
575173,92500,RUEIL-MALMAISON,92,Maison,38,3,142,2023
575173,92500,RUEIL-MALMAISON,92,Dépendance,0,0,142,2023
831800,92600,ASNIERES-SUR-SEINE,92,Maison,92,5,92,2023
930350,92700,COLOMBES,92,Maison,155,5,313,2023
930350,92700,COLOMBES,92,Dépendance,0,0,313,2023
554050,92700,COLOMBES,92,Maison,120,5,201,2023
554050,92700,COLOMBES,92,Dépendance,0,0,201,2023
980611,92600,ASNIERES-SUR-SEINE,92,Maison,74,3,148,2023
1595100,92150,SURESNES,92,Maison,180,7,316,2023
713000,92270,BOIS-COLOMBES,92,Maison,108,5,196,2023
920000,92150,SURESNES,92,Maison,120,5,195,2023
127500,92390,VILLENEUVE-LA-GARENNE,92,Maison,41,3,72,2023
670000,92500,RUEIL-MALMAISON,92,Maison,64,3,187,2023
713000,92000,NANTERRE,92,Maison,67,2,550,2023
2286820,92150,SURESNES,92,Maison,138,6,216,2023
1160000,92400,COURBEVOIE,92,Maison,160,5,170,2023
350750,92700,COLOMBES,92,Maison,64,3,36,2023
1396100,92700,COLOMBES,92,Maison,183,8,401,2023
1086410,92150,SURESNES,92,Maison,149,6,356,2023
1700000,92400,COURBEVOIE,92,Maison,116,6,239,2023
774200,92110,CLICHY,92,Maison,83,4,48,2023
5615825,92110,CLICHY,92,Local industriel. commercial ou assimilé,1264,0,963,2023
450000,92500,RUEIL-MALMAISON,92,Dépendance,0,0,125,2023
450000,92500,RUEIL-MALMAISON,92,Maison,46,3,125,2023
2200000,92400,COURBEVOIE,92,Local industriel. commercial ou assimilé,823,0,781,2023
1104000,92700,COLOMBES,92,Maison,149,5,371,2023
1263856,92000,NANTERRE,92,Maison,166,4,338,2023
1136400,92270,BOIS-COLOMBES,92,Maison,110,5,374,2023
888000,92700,COLOMBES,92,Maison,154,4,276,2023
733000,92700,COLOMBES,92,Maison,85,3,204,2023
733000,92700,COLOMBES,92,Dépendance,0,0,204,2023
747300,92000,NANTERRE,92,Maison,65,6,302,2023
1272000,92270,BOIS-COLOMBES,92,Maison,130,5,230,2023
1272000,92270,BOIS-COLOMBES,92,Dépendance,0,0,230,2023
1553973,92700,COLOMBES,92,Local industriel. commercial ou assimilé,817,0,800,2023
1240000,92400,COURBEVOIE,92,Maison,149,7,180,2023
1141660,92500,RUEIL-MALMAISON,92,Dépendance,0,0,536,2023
1141660,92500,RUEIL-MALMAISON,92,Maison,161,6,536,2023
1673600,92600,ASNIERES-SUR-SEINE,92,Maison,123,7,233,2023
1080000,92270,BOIS-COLOMBES,92,Maison,116,6,136,2023
1000000,92500,RUEIL-MALMAISON,92,Maison,93,6,143,2023
634335,92000,NANTERRE,92,Dépendance,0,0,193,2023
634335,92000,NANTERRE,92,Maison,37,2,193,2023
634335,92000,NANTERRE,92,Maison,78,4,193,2023
565000,92500,RUEIL-MALMAISON,92,Maison,114,4,216,2023
565000,92500,RUEIL-MALMAISON,92,Dépendance,0,0,216,2023
340000,92230,GENNEVILLIERS,92,Maison,69,3,75,2023
340000,92230,GENNEVILLIERS,92,Dépendance,0,0,75,2023
380000,92230,GENNEVILLIERS,92,Appartement,70,3,299,2023
380000,92230,GENNEVILLIERS,92,Dépendance,0,0,299,2023
380000,92230,GENNEVILLIERS,92,Local industriel. commercial ou assimilé,35,0,299,2023
380000,92230,GENNEVILLIERS,92,Local industriel. commercial ou assimilé,24,0,299,2023
380000,92230,GENNEVILLIERS,92,Appartement,44,4,299,2023
801922,92500,RUEIL-MALMAISON,92,Maison,55,4,300,2023
863000,92700,COLOMBES,92,Maison,123,5,134,2023
500000,92600,ASNIERES-SUR-SEINE,92,Appartement,28,2,128,2023
500000,92600,ASNIERES-SUR-SEINE,92,Appartement,41,2,128,2023
500000,92600,ASNIERES-SUR-SEINE,92,Dépendance,0,0,128,2023
1126030,92600,ASNIERES-SUR-SEINE,92,Dépendance,0,0,151,2023
1126030,92600,ASNIERES-SUR-SEINE,92,Maison,119,6,151,2023
1540000,92600,ASNIERES-SUR-SEINE,92,Maison,152,5,184,2023
998600,92500,RUEIL-MALMAISON,92,Maison,160,7,358,2023
1223340,92700,COLOMBES,92,Dépendance,0,0,181,2023
1223340,92700,COLOMBES,92,Maison,120,4,181,2023
1654100,92600,ASNIERES-SUR-SEINE,92,Maison,207,6,214,2023
598000,92700,COLOMBES,92,Maison,17,1,223,2023
598000,92700,COLOMBES,92,Dépendance,0,0,223,2023
598000,92700,COLOMBES,92,Maison,97,4,223,2023
970000,92270,BOIS-COLOMBES,92,Dépendance,0,0,210,2023
970000,92270,BOIS-COLOMBES,92,Maison,97,5,210,2023
2612800,92500,RUEIL-MALMAISON,92,Maison,286,8,2956,2023
2612800,92500,RUEIL-MALMAISON,92,Dépendance,0,0,1340,2023
2612800,92500,RUEIL-MALMAISON,92,Dépendance,0,0,2956,2023
2612800,92500,RUEIL-MALMAISON,92,Maison,286,8,1340,2023
1021180,92500,RUEIL-MALMAISON,92,Maison,140,5,374,2023
837800,92110,CLICHY,92,Maison,87,5,48,2023
945493,92800,PUTEAUX,92,Maison,84,4,38,2023
695925,92500,RUEIL-MALMAISON,92,Maison,83,4,339,2023
1197580,92500,RUEIL-MALMAISON,92,Maison,192,5,663,2023
1490000,92270,BOIS-COLOMBES,92,Maison,155,7,284,2023
594000,92600,ASNIERES-SUR-SEINE,92,Local industriel. commercial ou assimilé,365,0,169,2023
70500000,92300,LEVALLOIS-PERRET,92,Local industriel. commercial ou assimilé,149,0,3110,2023
70500000,92300,LEVALLOIS-PERRET,92,Local industriel. commercial ou assimilé,189,0,3110,2023
70500000,92300,LEVALLOIS-PERRET,92,Local industriel. commercial ou assimilé,783,0,3110,2023
70500000,92300,LEVALLOIS-PERRET,92,Local industriel. commercial ou assimilé,524,0,3110,2023
70500000,92300,LEVALLOIS-PERRET,92,Local industriel. commercial ou assimilé,515,0,3110,2023
70500000,92300,LEVALLOIS-PERRET,92,Local industriel. commercial ou assimilé,531,0,3110,2023
70500000,92300,LEVALLOIS-PERRET,92,Local industriel. commercial ou assimilé,544,0,3110,2023
70500000,92300,LEVALLOIS-PERRET,92,Local industriel. commercial ou assimilé,520,0,3110,2023
70500000,92300,LEVALLOIS-PERRET,92,Local industriel. commercial ou assimilé,405,0,3110,2023
70500000,92300,LEVALLOIS-PERRET,92,Local industriel. commercial ou assimilé,407,0,3110,2023
70500000,92300,LEVALLOIS-PERRET,92,Local industriel. commercial ou assimilé,276,0,3110,2023
70500000,92300,LEVALLOIS-PERRET,92,Local industriel. commercial ou assimilé,450,0,3110,2023
70500000,92300,LEVALLOIS-PERRET,92,Local industriel. commercial ou assimilé,601,0,3110,2023
70500000,92300,LEVALLOIS-PERRET,92,Local industriel. commercial ou assimilé,449,0,3110,2023
70500000,92300,LEVALLOIS-PERRET,92,Local industriel. commercial ou assimilé,456,0,3110,2023
70500000,92300,LEVALLOIS-PERRET,92,Local industriel. commercial ou assimilé,455,0,3110,2023
70500000,92300,LEVALLOIS-PERRET,92,Local industriel. commercial ou assimilé,465,0,3110,2023
70500000,92300,LEVALLOIS-PERRET,92,Local industriel. commercial ou assimilé,442,0,3110,2023
70500000,92300,LEVALLOIS-PERRET,92,Local industriel. commercial ou assimilé,397,0,3110,2023
70500000,92300,LEVALLOIS-PERRET,92,Local industriel. commercial ou assimilé,259,0,3110,2023
70500000,92300,LEVALLOIS-PERRET,92,Local industriel. commercial ou assimilé,162,0,3110,2023
70500000,92300,LEVALLOIS-PERRET,92,Local industriel. commercial ou assimilé,179,0,3110,2023
700000,92000,NANTERRE,92,Maison,144,6,307,2023
488000,92000,NANTERRE,92,Maison,85,4,125,2023
1266150,92500,RUEIL-MALMAISON,92,Maison,210,5,262,2023
1266150,92500,RUEIL-MALMAISON,92,Maison,210,5,369,2023
1200000,92700,COLOMBES,92,Maison,160,7,512,2023
1109400,92500,RUEIL-MALMAISON,92,Dépendance,0,0,530,2023
1109400,92500,RUEIL-MALMAISON,92,Appartement,139,4,530,2023
1109400,92500,RUEIL-MALMAISON,92,Appartement,142,4,530,2023
1102600,92600,ASNIERES-SUR-SEINE,92,Dépendance,0,0,291,2023
1102600,92600,ASNIERES-SUR-SEINE,92,Maison,182,6,291,2023
833000,92150,SURESNES,92,Maison,90,5,196,2023
968200,92000,NANTERRE,92,Maison,90,3,465,2023
784500,92270,BOIS-COLOMBES,92,Maison,81,3,389,2023
784500,92270,BOIS-COLOMBES,92,Dépendance,0,0,389,2023
935000,92700,COLOMBES,92,Maison,114,5,277,2023
1131000,92150,SURESNES,92,Maison,111,4,207,2023
740000,92500,RUEIL-MALMAISON,92,Maison,85,4,433,2023
453000,92500,RUEIL-MALMAISON,92,Maison,42,2,362,2023
1513200,92700,COLOMBES,92,Maison,157,7,441,2023
589900,92700,COLOMBES,92,Maison,110,4,193,2023
589900,92700,COLOMBES,92,Dépendance,0,0,193,2023
1065760,92700,COLOMBES,92,Maison,118,5,142,2023
790000,92700,COLOMBES,92,Maison,99,7,248,2023
1414700,92250,LA GARENNE-COLOMBES,92,Maison,176,7,221,2023
631150,92230,GENNEVILLIERS,92,Maison,86,6,205,2023
89095488,92000,NANTERRE,92,Local industriel. commercial ou assimilé,1508,0,2423,2023
89095488,92000,NANTERRE,92,Local industriel. commercial ou assimilé,1656,0,2423,2023
89095488,92000,NANTERRE,92,Local industriel. commercial ou assimilé,1032,0,2423,2023
89095488,92000,NANTERRE,92,Local industriel. commercial ou assimilé,1005,0,2423,2023
89095488,92000,NANTERRE,92,Local industriel. commercial ou assimilé,1080,0,2423,2023
89095488,92000,NANTERRE,92,Local industriel. commercial ou assimilé,1530,0,2423,2023
89095488,92000,NANTERRE,92,Local industriel. commercial ou assimilé,1548,0,2423,2023
89095488,92000,NANTERRE,92,Local industriel. commercial ou assimilé,1390,0,2423,2023
89095488,92000,NANTERRE,92,Local industriel. commercial ou assimilé,388,0,2423,2023
1060000,92700,COLOMBES,92,Maison,120,6,541,2023
696500,92000,NANTERRE,92,Maison,70,3,370,2023
1600000,92270,BOIS-COLOMBES,92,Local industriel. commercial ou assimilé,12,0,195,2023
1600000,92270,BOIS-COLOMBES,92,Appartement,25,1,195,2023
1600000,92270,BOIS-COLOMBES,92,Appartement,20,1,195,2023
1600000,92270,BOIS-COLOMBES,92,Local industriel. commercial ou assimilé,14,0,195,2023
1600000,92270,BOIS-COLOMBES,92,Dépendance,0,0,195,2023
1600000,92270,BOIS-COLOMBES,92,Appartement,55,3,195,2023
1600000,92270,BOIS-COLOMBES,92,Appartement,40,2,195,2023
658250,92700,COLOMBES,92,Maison,84,5,173,2023
590000,92700,COLOMBES,92,Maison,58,4,211,2023
590000,92700,COLOMBES,92,Dépendance,0,0,211,2023
690000,92150,SURESNES,92,Maison,59,3,206,2023
865800,92700,COLOMBES,92,Maison,120,5,226,2023
1149900,92250,LA GARENNE-COLOMBES,92,Maison,120,5,140,2023
1263605,92270,BOIS-COLOMBES,92,Dépendance,0,0,127,2023
1263605,92270,BOIS-COLOMBES,92,Maison,38,2,127,2023
645000,92000,NANTERRE,92,Maison,60,3,186,2023
645000,92000,NANTERRE,92,Dépendance,0,0,186,2023
3800000,92230,GENNEVILLIERS,92,Local industriel. commercial ou assimilé,2407,0,3015,2023
250000,92000,NANTERRE,92,Dépendance,0,0,196,2023
250000,92000,NANTERRE,92,Maison,25,2,196,2023
280000,92150,SURESNES,92,Maison,105,4,261,2023
1279000,92250,LA GARENNE-COLOMBES,92,Maison,98,4,190,2023
1500000,92500,RUEIL-MALMAISON,92,Maison,209,5,902,2023
1500000,92500,RUEIL-MALMAISON,92,Dépendance,0,0,902,2023
263590,92000,NANTERRE,92,Maison,74,3,296,2023
1575700,92500,RUEIL-MALMAISON,92,Maison,155,6,273,2023
460000,92230,GENNEVILLIERS,92,Appartement,18,1,220,2023
460000,92230,GENNEVILLIERS,92,Appartement,15,1,220,2023
460000,92230,GENNEVILLIERS,92,Appartement,16,1,220,2023
1150000,92600,ASNIERES-SUR-SEINE,92,Maison,107,5,88,2023
836850,92600,ASNIERES-SUR-SEINE,92,Maison,75,4,125,2023
1130000,92270,BOIS-COLOMBES,92,Maison,110,4,184,2023
1130000,92270,BOIS-COLOMBES,92,Dépendance,0,0,184,2023
922000,92700,COLOMBES,92,Maison,130,5,136,2023
1028200,92600,ASNIERES-SUR-SEINE,92,Maison,120,6,264,2023
1028200,92600,ASNIERES-SUR-SEINE,92,Dépendance,0,0,264,2023
3543750,92110,CLICHY,92,Dépendance,0,0,258,2023
3543750,92110,CLICHY,92,Appartement,25,2,258,2023
3543750,92110,CLICHY,92,Appartement,27,2,258,2023
3543750,92110,CLICHY,92,Appartement,29,2,258,2023
3543750,92110,CLICHY,92,Appartement,28,2,258,2023
3543750,92110,CLICHY,92,Local industriel. commercial ou assimilé,85,0,258,2023
3543750,92110,CLICHY,92,Local industriel. commercial ou assimilé,40,0,258,2023
3543750,92110,CLICHY,92,Appartement,25,1,258,2023
1000000,92500,RUEIL-MALMAISON,92,Maison,100,5,324,2023
679980,92500,RUEIL-MALMAISON,92,Maison,66,5,207,2023
1200000,92270,BOIS-COLOMBES,92,Maison,112,5,137,2023
430480,92000,NANTERRE,92,Maison,50,3,401,2023
430480,92000,NANTERRE,92,Dépendance,0,0,401,2023
560000,92230,GENNEVILLIERS,92,Maison,100,4,200,2023
695000,92000,NANTERRE,92,Maison,90,4,117,2023
1201800,92270,BOIS-COLOMBES,92,Maison,179,5,182,2023
364000,92700,COLOMBES,92,Maison,64,3,145,2023
1028600,92270,BOIS-COLOMBES,92,Maison,116,4,132,2023
572000,92700,COLOMBES,92,Maison,75,3,160,2023
1177000,92250,LA GARENNE-COLOMBES,92,Maison,110,5,274,2023
1177000,92250,LA GARENNE-COLOMBES,92,Dépendance,0,0,274,2023
1220000,92700,COLOMBES,92,Dépendance,0,0,331,2023
1220000,92700,COLOMBES,92,Maison,140,5,331,2023
648770,92700,COLOMBES,92,Maison,67,3,161,2023
648770,92700,COLOMBES,92,Dépendance,0,0,161,2023
850000,92500,RUEIL-MALMAISON,92,Maison,85,3,388,2023
850000,92500,RUEIL-MALMAISON,92,Dépendance,0,0,388,2023
1082850,92150,SURESNES,92,Maison,96,4,160,2023
525000,92700,COLOMBES,92,Local industriel. commercial ou assimilé,246,0,199,2023
330000,92700,COLOMBES,92,Maison,54,3,166,2023
330000,92700,COLOMBES,92,Dépendance,0,0,166,2023
794300,92700,COLOMBES,92,Maison,125,5,78,2023
475000,92000,NANTERRE,92,Maison,65,5,175,2023
270000,92800,PUTEAUX,92,Local industriel. commercial ou assimilé,41,0,59,2023
906500,92600,ASNIERES-SUR-SEINE,92,Maison,78,4,255,2023
1610000,92270,BOIS-COLOMBES,92,Dépendance,0,0,297,2023
1610000,92270,BOIS-COLOMBES,92,Maison,142,6,297,2023
450000,92700,COLOMBES,92,Maison,48,3,341,2023
450000,92700,COLOMBES,92,Dépendance,0,0,341,2023
1201600,92700,COLOMBES,92,Maison,130,5,221,2023
965000,92600,ASNIERES-SUR-SEINE,92,Maison,100,4,172,2023
965000,92600,ASNIERES-SUR-SEINE,92,Maison,57,2,172,2023
940000,92600,ASNIERES-SUR-SEINE,92,Local industriel. commercial ou assimilé,238,0,391,2023
1084740,92500,RUEIL-MALMAISON,92,Maison,181,4,663,2023
544000,92700,COLOMBES,92,Maison,52,5,81,2023
544000,92700,COLOMBES,92,Maison,6,1,81,2023
544000,92700,COLOMBES,92,Dépendance,0,0,81,2023
17000000,92110,CLICHY,92,Local industriel. commercial ou assimilé,0,0,3307,2023
17000000,92110,CLICHY,92,Local industriel. commercial ou assimilé,1053,0,3307,2023
17000000,92110,CLICHY,92,Local industriel. commercial ou assimilé,1114,0,3307,2023
17000000,92110,CLICHY,92,Local industriel. commercial ou assimilé,941,0,3307,2023
17000000,92110,CLICHY,92,Local industriel. commercial ou assimilé,1054,0,3307,2023
17000000,92110,CLICHY,92,Local industriel. commercial ou assimilé,1013,0,3307,2023
17000000,92110,CLICHY,92,Local industriel. commercial ou assimilé,1092,0,3307,2023
17000000,92110,CLICHY,92,Local industriel. commercial ou assimilé,1133,0,3307,2023
1428750,92600,ASNIERES-SUR-SEINE,92,Maison,150,8,155,2023
1341592,92700,COLOMBES,92,Maison,135,5,311,2023
1319200,92150,SURESNES,92,Maison,205,8,266,2023
788600,92700,COLOMBES,92,Dépendance,0,0,294,2023
788600,92700,COLOMBES,92,Maison,80,4,294,2023
1845400,92600,ASNIERES-SUR-SEINE,92,Dépendance,0,0,374,2023
1845400,92600,ASNIERES-SUR-SEINE,92,Maison,180,6,374,2023
1150000,92150,SURESNES,92,Maison,118,5,143,2023
990000,92500,RUEIL-MALMAISON,92,Maison,151,6,530,2023
1034000,92500,RUEIL-MALMAISON,92,Maison,138,6,500,2023
4000000,92000,NANTERRE,92,Local industriel. commercial ou assimilé,731,0,5475,2023
4000000,92000,NANTERRE,92,Local industriel. commercial ou assimilé,250,0,5475,2023
4000000,92000,NANTERRE,92,Local industriel. commercial ou assimilé,256,0,5475,2023
4000000,92000,NANTERRE,92,Local industriel. commercial ou assimilé,330,0,5475,2023
4000000,92000,NANTERRE,92,Appartement,54,2,5475,2023
174515,92700,COLOMBES,92,Dépendance,0,0,313,2023
174515,92700,COLOMBES,92,Maison,93,5,313,2023
3143419,92300,LEVALLOIS-PERRET,92,Local industriel. commercial ou assimilé,317,0,453,2023
3143419,92300,LEVALLOIS-PERRET,92,Local industriel. commercial ou assimilé,290,0,453,2023
3143419,92300,LEVALLOIS-PERRET,92,Local industriel. commercial ou assimilé,220,0,453,2023
3143419,92300,LEVALLOIS-PERRET,92,Local industriel. commercial ou assimilé,114,0,453,2023
3143419,92300,LEVALLOIS-PERRET,92,Local industriel. commercial ou assimilé,280,0,453,2023
3143419,92300,LEVALLOIS-PERRET,92,Local industriel. commercial ou assimilé,291,0,453,2023
3143419,92300,LEVALLOIS-PERRET,92,Local industriel. commercial ou assimilé,227,0,453,2023
580000,92500,RUEIL-MALMAISON,92,Appartement,43,2,285,2023
580000,92500,RUEIL-MALMAISON,92,Dépendance,0,0,285,2023
580000,92500,RUEIL-MALMAISON,92,Appartement,42,2,285,2023
965000,92500,RUEIL-MALMAISON,92,Maison,180,7,492,2023
965000,92500,RUEIL-MALMAISON,92,Dépendance,0,0,492,2023
1200000,92700,COLOMBES,92,Local industriel. commercial ou assimilé,276,0,160,2023
710050,92000,NANTERRE,92,Maison,125,6,136,2023
948000,92700,COLOMBES,92,Dépendance,0,0,245,2023
948000,92700,COLOMBES,92,Maison,130,6,245,2023
1178650,92500,RUEIL-MALMAISON,92,Maison,132,6,284,2023
1400000,92500,RUEIL-MALMAISON,92,Maison,190,6,781,2023
1347500,92600,ASNIERES-SUR-SEINE,92,Maison,90,6,208,2023
1278800,92500,RUEIL-MALMAISON,92,Maison,118,5,837,2023
500000,92700,COLOMBES,92,Maison,76,4,238,2023
500000,92700,COLOMBES,92,Dépendance,0,0,238,2023
1267740,92500,RUEIL-MALMAISON,92,Maison,154,6,767,2023
481900,92000,NANTERRE,92,Maison,76,4,111,2023
300000,92300,LEVALLOIS-PERRET,92,Local industriel. commercial ou assimilé,100,0,102,2023
2900000,92110,CLICHY,92,Appartement,39,2,285,2023
2900000,92110,CLICHY,92,Appartement,25,1,285,2023
2900000,92110,CLICHY,92,Appartement,40,2,285,2023
2900000,92110,CLICHY,92,Appartement,46,2,285,2023
2900000,92110,CLICHY,92,Appartement,98,4,285,2023
2900000,92110,CLICHY,92,Local industriel. commercial ou assimilé,230,0,285,2023
2900000,92110,CLICHY,92,Appartement,24,1,285,2023
1000000,92500,RUEIL-MALMAISON,92,Maison,167,7,775,2023
1100000,92700,COLOMBES,92,Dépendance,0,0,988,2023
1100000,92700,COLOMBES,92,Maison,109,5,988,2023
5362000,92500,RUEIL-MALMAISON,92,Dépendance,0,0,4430,2023
5362000,92500,RUEIL-MALMAISON,92,Maison,480,10,4430,2023
232000,92500,RUEIL-MALMAISON,92,Maison,40,1,56,2023
696300,92600,ASNIERES-SUR-SEINE,92,Maison,78,5,202,2023
696300,92600,ASNIERES-SUR-SEINE,92,Dépendance,0,0,202,2023
4780680,92390,VILLENEUVE-LA-GARENNE,92,Local industriel. commercial ou assimilé,1726,0,2951,2023
1263000,92600,ASNIERES-SUR-SEINE,92,Maison,113,4,120,2023
345000,92230,GENNEVILLIERS,92,Maison,71,3,101,2023
1340000,92600,ASNIERES-SUR-SEINE,92,Maison,200,4,385,2023
1340000,92600,ASNIERES-SUR-SEINE,92,Dépendance,0,0,385,2023
701550,92000,NANTERRE,92,Dépendance,0,0,172,2023
701550,92000,NANTERRE,92,Dépendance,0,0,616,2023
701550,92000,NANTERRE,92,Maison,127,5,616,2023
701550,92000,NANTERRE,92,Maison,127,5,172,2023
7100000,92700,COLOMBES,92,Local industriel. commercial ou assimilé,34,0,352,2023
7100000,92700,COLOMBES,92,Appartement,55,3,352,2023
7100000,92700,COLOMBES,92,Appartement,25,1,352,2023
7100000,92700,COLOMBES,92,Appartement,11,1,352,2023
7100000,92700,COLOMBES,92,Dépendance,0,0,352,2023
7100000,92700,COLOMBES,92,Local industriel. commercial ou assimilé,92,0,352,2023
7100000,92700,COLOMBES,92,Appartement,34,1,352,2023
7100000,92700,COLOMBES,92,Local industriel. commercial ou assimilé,58,0,352,2023
7100000,92700,COLOMBES,92,Local industriel. commercial ou assimilé,93,0,352,2023
7100000,92700,COLOMBES,92,Local industriel. commercial ou assimilé,16,0,352,2023
7100000,92700,COLOMBES,92,Appartement,19,2,352,2023
7100000,92700,COLOMBES,92,Appartement,23,2,352,2023
7100000,92700,COLOMBES,92,Appartement,47,3,352,2023
7100000,92700,COLOMBES,92,Appartement,53,3,352,2023
7100000,92700,COLOMBES,92,Appartement,57,3,352,2023
7100000,92700,COLOMBES,92,Appartement,54,3,352,2023
7100000,92700,COLOMBES,92,Appartement,43,2,352,2023
7100000,92700,COLOMBES,92,Appartement,67,4,352,2023
1150300,92270,BOIS-COLOMBES,92,Maison,140,8,205,2023
564750,92270,BOIS-COLOMBES,92,Dépendance,0,0,117,2023
564750,92270,BOIS-COLOMBES,92,Maison,40,3,117,2023
1718650,92600,ASNIERES-SUR-SEINE,92,Dépendance,0,0,279,2023
1718650,92600,ASNIERES-SUR-SEINE,92,Maison,160,7,279,2023
1222500,92270,BOIS-COLOMBES,92,Maison,105,4,173,2023
1222500,92270,BOIS-COLOMBES,92,Dépendance,0,0,173,2023
1222500,92270,BOIS-COLOMBES,92,Maison,76,4,111,2023
974100,92700,COLOMBES,92,Maison,120,6,197,2023
1709015,92500,RUEIL-MALMAISON,92,Maison,134,4,170,2023
806000,92700,COLOMBES,92,Maison,135,5,135,2023
1270000,92400,COURBEVOIE,92,Maison,120,5,171,2023
940000,92000,NANTERRE,92,Maison,165,5,465,2023
1121950,92800,PUTEAUX,92,Maison,73,4,116,2023
1498900,92150,SURESNES,92,Maison,210,7,206,2023
500000,92700,COLOMBES,92,Dépendance,0,0,178,2023
500000,92700,COLOMBES,92,Maison,56,3,178,2023
532000,92700,COLOMBES,92,Dépendance,0,0,244,2023
532000,92700,COLOMBES,92,Maison,80,2,244,2023
1049420,92400,COURBEVOIE,92,Maison,100,4,165,2023
497585,92000,NANTERRE,92,Dépendance,0,0,277,2023
497585,92000,NANTERRE,92,Maison,57,3,277,2023
1188500,92600,ASNIERES-SUR-SEINE,92,Dépendance,0,0,444,2023
1188500,92600,ASNIERES-SUR-SEINE,92,Maison,118,6,444,2023
760000,92000,NANTERRE,92,Maison,148,5,282,2023
630000,92230,GENNEVILLIERS,92,Dépendance,0,0,114,2023
630000,92230,GENNEVILLIERS,92,Local industriel. commercial ou assimilé,60,0,114,2023
630000,92230,GENNEVILLIERS,92,Appartement,34,3,114,2023
630000,92230,GENNEVILLIERS,92,Appartement,28,2,114,2023
630000,92230,GENNEVILLIERS,92,Appartement,24,3,114,2023
630000,92230,GENNEVILLIERS,92,Local industriel. commercial ou assimilé,40,0,114,2023
1127000,92500,RUEIL-MALMAISON,92,Dépendance,0,0,659,2023
1127000,92500,RUEIL-MALMAISON,92,Maison,152,7,659,2023
290273,92700,COLOMBES,92,Dépendance,0,0,79,2023
290273,92700,COLOMBES,92,Maison,49,3,79,2023
1292000,92700,COLOMBES,92,Maison,128,10,212,2023
788000,92400,COURBEVOIE,92,Maison,98,5,193,2023
880500,92700,COLOMBES,92,Maison,113,5,235,2023
489000,92000,NANTERRE,92,Maison,92,4,72,2023
1164080,92500,RUEIL-MALMAISON,92,Maison,103,3,614,2023
1514350,92500,RUEIL-MALMAISON,92,Dépendance,0,0,376,2023
1514350,92500,RUEIL-MALMAISON,92,Maison,150,5,376,2023
905000,92600,ASNIERES-SUR-SEINE,92,Maison,70,3,169,2023
1685000,92500,RUEIL-MALMAISON,92,Maison,232,8,685,2023
1295000,92500,RUEIL-MALMAISON,92,Local industriel. commercial ou assimilé,16,0,1094,2023
1295000,92500,RUEIL-MALMAISON,92,Maison,149,5,1094,2023
655250,92700,COLOMBES,92,Maison,63,6,341,2023
1187260,92700,COLOMBES,92,Maison,232,8,256,2023
2950000,92400,COURBEVOIE,92,Appartement,47,2,354,2023
2950000,92400,COURBEVOIE,92,Dépendance,0,0,354,2023
2950000,92400,COURBEVOIE,92,Appartement,36,1,354,2023
2950000,92400,COURBEVOIE,92,Appartement,185,8,354,2023
2950000,92400,COURBEVOIE,92,Local industriel. commercial ou assimilé,265,0,354,2023
2950000,92400,COURBEVOIE,92,Appartement,40,2,354,2023
2950000,92400,COURBEVOIE,92,Local industriel. commercial ou assimilé,31,0,354,2023
245000,92700,COLOMBES,92,Dépendance,0,0,172,2023
245000,92700,COLOMBES,92,Maison,46,2,172,2023
850000,92700,COLOMBES,92,Maison,87,4,200,2023
736000,92110,CLICHY,92,Maison,40,3,45,2023
470250,92700,COLOMBES,92,Maison,58,4,157,2023
3363133,92700,COLOMBES,92,Local industriel. commercial ou assimilé,817,0,800,2023
3363133,92700,COLOMBES,92,Local industriel. commercial ou assimilé,79,0,67,2023
3363133,92700,COLOMBES,92,Dépendance,0,0,67,2023
3363133,92700,COLOMBES,92,Local industriel. commercial ou assimilé,2,0,67,2023
3363133,92700,COLOMBES,92,Appartement,72,3,67,2023
448000,92700,COLOMBES,92,Dépendance,0,0,139,2023
448000,92700,COLOMBES,92,Appartement,30,2,139,2023
448000,92700,COLOMBES,92,Appartement,31,2,139,2023
448000,92700,COLOMBES,92,Appartement,73,3,139,2023
985435,92700,COLOMBES,92,Maison,84,6,120,2023
698260,92700,COLOMBES,92,Maison,89,5,188,2023
587500,92110,CLICHY,92,Appartement,27,2,258,2023
587500,92110,CLICHY,92,Appartement,28,2,258,2023
587500,92110,CLICHY,92,Appartement,25,2,258,2023
587500,92110,CLICHY,92,Appartement,29,2,258,2023
587500,92110,CLICHY,92,Dépendance,0,0,258,2023
587500,92110,CLICHY,92,Appartement,25,1,258,2023
587500,92110,CLICHY,92,Local industriel. commercial ou assimilé,40,0,258,2023
587500,92110,CLICHY,92,Local industriel. commercial ou assimilé,85,0,258,2023
485000,92270,BOIS-COLOMBES,92,Maison,38,2,216,2023
1175050,92270,BOIS-COLOMBES,92,Maison,213,5,213,2023
830000,92700,COLOMBES,92,Local industriel. commercial ou assimilé,30,0,115,2023
830000,92700,COLOMBES,92,Maison,155,6,115,2023
620000,92700,COLOMBES,92,Maison,110,5,199,2023
591900,92700,COLOMBES,92,Maison,77,4,154,2023
572525,92270,BOIS-COLOMBES,92,Maison,66,4,65,2023
1146070,92150,SURESNES,92,Maison,115,5,312,2023
1010000,92700,COLOMBES,92,Maison,165,8,332,2023
1010000,92700,COLOMBES,92,Dépendance,0,0,332,2023
320000,92700,COLOMBES,92,Maison,54,3,105,2023
2213000,92110,CLICHY,92,Appartement,35,3,253,2023
2213000,92110,CLICHY,92,Appartement,33,2,253,2023
2213000,92110,CLICHY,92,Appartement,36,2,253,2023
2213000,92110,CLICHY,92,Appartement,36,3,253,2023
2213000,92110,CLICHY,92,Appartement,34,3,253,2023
2213000,92110,CLICHY,92,Local industriel. commercial ou assimilé,20,0,253,2023
2213000,92110,CLICHY,92,Dépendance,0,0,253,2023
2213000,92110,CLICHY,92,Maison,100,3,253,2023
2213000,92110,CLICHY,92,Appartement,23,1,253,2023
815000,92500,RUEIL-MALMAISON,92,Maison,103,4,285,2023
1085000,92150,SURESNES,92,Maison,176,8,251,2023
1350000,92600,ASNIERES-SUR-SEINE,92,Maison,142,6,246,2023
870000,92600,ASNIERES-SUR-SEINE,92,Appartement,33,1,134,2023
870000,92600,ASNIERES-SUR-SEINE,92,Appartement,53,4,134,2023
870000,92600,ASNIERES-SUR-SEINE,92,Appartement,33,2,134,2023
870000,92600,ASNIERES-SUR-SEINE,92,Local industriel. commercial ou assimilé,13,0,134,2023
870000,92600,ASNIERES-SUR-SEINE,92,Local industriel. commercial ou assimilé,27,0,134,2023
870000,92600,ASNIERES-SUR-SEINE,92,Dépendance,0,0,134,2023
870000,92600,ASNIERES-SUR-SEINE,92,Appartement,25,1,134,2023
870000,92600,ASNIERES-SUR-SEINE,92,Appartement,20,1,134,2023
920000,92700,COLOMBES,92,Dépendance,0,0,191,2023
920000,92700,COLOMBES,92,Maison,96,4,191,2023
1635000,92600,ASNIERES-SUR-SEINE,92,Dépendance,0,0,319,2023
1635000,92600,ASNIERES-SUR-SEINE,92,Maison,98,5,319,2023
470000,92700,COLOMBES,92,Dépendance,0,0,146,2023
470000,92700,COLOMBES,92,Maison,55,3,146,2023
1666667,92500,RUEIL-MALMAISON,92,Maison,204,6,1648,2023
1193000,92250,LA GARENNE-COLOMBES,92,Maison,120,6,185,2023
710000,92700,COLOMBES,92,Local industriel. commercial ou assimilé,12,0,182,2023
710000,92700,COLOMBES,92,Maison,102,4,182,2023
710000,92700,COLOMBES,92,Dépendance,0,0,182,2023
475000,92700,COLOMBES,92,Local industriel. commercial ou assimilé,115,0,491,2023
475000,92700,COLOMBES,92,Maison,23,2,491,2023
1110000,92600,ASNIERES-SUR-SEINE,92,Dépendance,0,0,279,2023
1110000,92600,ASNIERES-SUR-SEINE,92,Maison,73,4,279,2023
718500,92600,ASNIERES-SUR-SEINE,92,Maison,94,4,133,2023
800000,92700,COLOMBES,92,Dépendance,0,0,256,2023
800000,92700,COLOMBES,92,Maison,136,5,256,2023
799025,92700,COLOMBES,92,Maison,100,4,106,2023
398000,92700,COLOMBES,92,Maison,75,4,118,2023
253087,92270,BOIS-COLOMBES,92,Maison,46,2,98,2023
665000,92270,BOIS-COLOMBES,92,Maison,61,4,195,2023
408500,92000,NANTERRE,92,Dépendance,0,0,247,2023
408500,92000,NANTERRE,92,Appartement,50,3,247,2023
408500,92000,NANTERRE,92,Appartement,52,3,247,2023
810330,92500,RUEIL-MALMAISON,92,Maison,85,5,253,2023
1083300,92500,RUEIL-MALMAISON,92,Maison,130,5,512,2023
1072100,92500,RUEIL-MALMAISON,92,Maison,247,5,367,2023
1072100,92500,RUEIL-MALMAISON,92,Dépendance,0,0,367,2023
1045000,92400,COURBEVOIE,92,Maison,118,5,99,2023
390000,92700,COLOMBES,92,Maison,85,4,70,2023
957400,92270,BOIS-COLOMBES,92,Maison,164,7,375,2023
197375,92230,GENNEVILLIERS,92,Local industriel. commercial ou assimilé,68,0,187,2023
197375,92230,GENNEVILLIERS,92,Local industriel. commercial ou assimilé,47,0,187,2023
197375,92230,GENNEVILLIERS,92,Maison,46,3,187,2023
197375,92230,GENNEVILLIERS,92,Maison,48,2,187,2023
595000,92500,RUEIL-MALMAISON,92,Maison,46,3,283,2023
2850000,92200,NEUILLY-SUR-SEINE,92,Maison,140,2,143,2023
720000,92270,BOIS-COLOMBES,92,Maison,42,3,103,2023
1050000,92270,BOIS-COLOMBES,92,Maison,100,4,425,2023
673000,92500,RUEIL-MALMAISON,92,Maison,74,4,267,2023
245000,92700,COLOMBES,92,Maison,37,2,145,2023
245000,92700,COLOMBES,92,Dépendance,0,0,145,2023
1332121,92500,RUEIL-MALMAISON,92,Maison,104,4,634,2023
2142000,92270,BOIS-COLOMBES,92,Maison,240,7,702,2023
2142000,92270,BOIS-COLOMBES,92,Dépendance,0,0,702,2023
1206000,92600,ASNIERES-SUR-SEINE,92,Dépendance,0,0,167,2023
1206000,92600,ASNIERES-SUR-SEINE,92,Maison,147,6,167,2023
1108000,92800,PUTEAUX,92,Maison,130,5,140,2023
616000,92700,COLOMBES,92,Dépendance,0,0,123,2023
616000,92700,COLOMBES,92,Maison,68,4,123,2023
460000,92150,SURESNES,92,Maison,50,2,121,2023
300000,92700,COLOMBES,92,Maison,78,4,83,2023
597750,92700,COLOMBES,92,Maison,145,7,268,2023
2200000,92300,LEVALLOIS-PERRET,92,Local industriel. commercial ou assimilé,960,0,304,2023
2200000,92300,LEVALLOIS-PERRET,92,Local industriel. commercial ou assimilé,141,0,304,2023
2200000,92300,LEVALLOIS-PERRET,92,Local industriel. commercial ou assimilé,40,0,304,2023
705000,92700,COLOMBES,92,Maison,100,5,198,2023
801600,92700,COLOMBES,92,Maison,120,4,573,2023
801600,92700,COLOMBES,92,Dépendance,0,0,573,2023
880000,92270,BOIS-COLOMBES,92,Dépendance,0,0,443,2023
880000,92270,BOIS-COLOMBES,92,Maison,90,3,443,2023
1407100,92150,SURESNES,92,Maison,176,8,321,2023
1078100,92500,RUEIL-MALMAISON,92,Maison,99,4,284,2023
760000,92700,COLOMBES,92,Maison,132,3,420,2023
525000,92400,COURBEVOIE,92,Dépendance,0,0,437,2023
525000,92400,COURBEVOIE,92,Maison,81,4,437,2023
380000,92500,RUEIL-MALMAISON,92,Maison,60,3,129,2023
880000,92270,BOIS-COLOMBES,92,Maison,88,5,251,2023
880000,92270,BOIS-COLOMBES,92,Dépendance,0,0,251,2023
967600,92800,PUTEAUX,92,Appartement,76,3,200,2023
967600,92800,PUTEAUX,92,Dépendance,0,0,200,2023
967600,92800,PUTEAUX,92,Appartement,56,2,200,2023
967600,92800,PUTEAUX,92,Appartement,50,3,200,2023
22825000,92300,LEVALLOIS-PERRET,92,Local industriel. commercial ou assimilé,2279,0,2828,2023
22825000,92300,LEVALLOIS-PERRET,92,Local industriel. commercial ou assimilé,2169,0,2828,2023
22825000,92300,LEVALLOIS-PERRET,92,Local industriel. commercial ou assimilé,3946,0,2828,2023
720000,92500,RUEIL-MALMAISON,92,Maison,109,5,364,2023
710000,92500,RUEIL-MALMAISON,92,Maison,110,5,288,2023
1024126,92400,COURBEVOIE,92,Maison,110,6,116,2023
875852,92700,COLOMBES,92,Maison,115,5,148,2023
1265950,92500,RUEIL-MALMAISON,92,Maison,55,3,340,2023
1644000,92250,LA GARENNE-COLOMBES,92,Maison,180,7,277,2023
1317130,92500,RUEIL-MALMAISON,92,Maison,160,7,527,2023
1317130,92500,RUEIL-MALMAISON,92,Dépendance,0,0,527,2023
740000,92500,RUEIL-MALMAISON,92,Dépendance,0,0,409,2023
740000,92500,RUEIL-MALMAISON,92,Maison,110,4,409,2023
477950,92700,COLOMBES,92,Maison,57,3,62,2023
705200,92000,NANTERRE,92,Maison,93,5,290,2023
4430000,92200,NEUILLY-SUR-SEINE,92,Maison,171,7,254,2023
3433900,92600,ASNIERES-SUR-SEINE,92,Dépendance,0,0,814,2023
3433900,92600,ASNIERES-SUR-SEINE,92,Maison,330,11,814,2023
1359000,92500,RUEIL-MALMAISON,92,Maison,180,7,405,2023
1150000,92400,COURBEVOIE,92,Appartement,22,1,254,2023
1150000,92400,COURBEVOIE,92,Appartement,50,2,254,2023
1150000,92400,COURBEVOIE,92,Appartement,50,3,254,2023
1150000,92400,COURBEVOIE,92,Appartement,29,2,254,2023
1150000,92400,COURBEVOIE,92,Appartement,45,2,254,2023
1150000,92400,COURBEVOIE,92,Dépendance,0,0,254,2023
1150000,92400,COURBEVOIE,92,Appartement,54,3,254,2023
1150000,92400,COURBEVOIE,92,Appartement,34,2,254,2023
1485890,92500,RUEIL-MALMAISON,92,Dépendance,0,0,497,2023
1485890,92500,RUEIL-MALMAISON,92,Maison,195,9,497,2023
1450000,92150,SURESNES,92,Dépendance,0,0,91,2023
1450000,92150,SURESNES,92,Maison,92,4,91,2023
1450000,92150,SURESNES,92,Local industriel. commercial ou assimilé,24,0,91,2023
1450000,92150,SURESNES,92,Maison,92,4,1522,2023
1450000,92150,SURESNES,92,Local industriel. commercial ou assimilé,24,0,1522,2023
1450000,92150,SURESNES,92,Dépendance,0,0,1522,2023
1300000,92500,RUEIL-MALMAISON,92,Maison,160,6,617,2023
1300000,92500,RUEIL-MALMAISON,92,Maison,100,3,617,2023
2927000,92400,COURBEVOIE,92,Appartement,15,1,266,2023
2927000,92400,COURBEVOIE,92,Appartement,20,1,266,2023
2927000,92400,COURBEVOIE,92,Appartement,30,2,266,2023
375000,92700,COLOMBES,92,Maison,44,3,183,2023
375000,92700,COLOMBES,92,Maison,18,1,183,2023
375000,92700,COLOMBES,92,Dépendance,0,0,183,2023
612048,92270,BOIS-COLOMBES,92,Maison,106,5,279,2023
612048,92270,BOIS-COLOMBES,92,Dépendance,0,0,279,2023
98100,92500,RUEIL-MALMAISON,92,Maison,57,3,327,2023
618000,92500,RUEIL-MALMAISON,92,Maison,84,5,214,2023
82000,92700,COLOMBES,92,Maison,37,2,98,2023
82000,92700,COLOMBES,92,Dépendance,0,0,98,2023
620000,92150,SURESNES,92,Maison,62,4,275,2023
510550,92000,NANTERRE,92,Maison,138,4,161,2023
510550,92000,NANTERRE,92,Dépendance,0,0,66,2023
2147516,92230,GENNEVILLIERS,92,Local industriel. commercial ou assimilé,1592,0,3140,2023
665920,92000,NANTERRE,92,Maison,60,4,193,2023
530000,92700,COLOMBES,92,Local industriel. commercial ou assimilé,150,0,328,2023
530000,92700,COLOMBES,92,Maison,78,4,328,2023
700000,92500,RUEIL-MALMAISON,92,Maison,150,5,223,2023
351500,92600,ASNIERES-SUR-SEINE,92,Maison,65,4,105,2023
840000,92500,RUEIL-MALMAISON,92,Maison,95,4,359,2023
1499000,92800,PUTEAUX,92,Dépendance,0,0,148,2023
1499000,92800,PUTEAUX,92,Appartement,44,3,148,2023
1499000,92800,PUTEAUX,92,Appartement,17,1,148,2023
1499000,92800,PUTEAUX,92,Appartement,32,2,148,2023
1499000,92800,PUTEAUX,92,Appartement,33,2,148,2023
1499000,92800,PUTEAUX,92,Appartement,34,2,148,2023
800100,92700,COLOMBES,92,Maison,91,4,204,2023
635400,92150,SURESNES,92,Maison,120,4,100,2023
722900,92270,BOIS-COLOMBES,92,Maison,53,3,304,2023
300000,92600,ASNIERES-SUR-SEINE,92,Maison,70,4,131,2023
840000,92270,BOIS-COLOMBES,92,Maison,131,5,263,2023
660000,92270,BOIS-COLOMBES,92,Maison,85,4,227,2023
700000,92500,RUEIL-MALMAISON,92,Dépendance,0,0,559,2023
700000,92500,RUEIL-MALMAISON,92,Maison,106,5,559,2023
757750,92250,LA GARENNE-COLOMBES,92,Maison,139,3,115,2023
700000,92250,LA GARENNE-COLOMBES,92,Maison,64,3,248,2023
2060000,92500,RUEIL-MALMAISON,92,Maison,216,8,593,2023
2060000,92500,RUEIL-MALMAISON,92,Dépendance,0,0,1438,2023
2060000,92500,RUEIL-MALMAISON,92,Maison,216,8,1438,2023
2060000,92500,RUEIL-MALMAISON,92,Dépendance,0,0,593,2023
1783740,92250,LA GARENNE-COLOMBES,92,Maison,200,8,398,2023
4550000,92200,NEUILLY-SUR-SEINE,92,Dépendance,0,0,332,2023
4550000,92200,NEUILLY-SUR-SEINE,92,Maison,224,6,332,2023
1753600,92700,COLOMBES,92,Maison,250,7,398,2023
1753600,92700,COLOMBES,92,Dépendance,0,0,398,2023
107000,92700,COLOMBES,92,Local industriel. commercial ou assimilé,21,0,23,2023
850000,92500,RUEIL-MALMAISON,92,Maison,142,5,484,2023
325000,92700,COLOMBES,92,Maison,70,3,230,2023
722800,92270,BOIS-COLOMBES,92,Maison,72,4,152,2023
591346,92700,COLOMBES,92,Maison,65,3,289,2023
591346,92700,COLOMBES,92,Dépendance,0,0,289,2023
2480000,92230,GENNEVILLIERS,92,Local industriel. commercial ou assimilé,1592,0,3140,2023
405000,92000,NANTERRE,92,Maison,22,1,148,2023
405000,92000,NANTERRE,92,Dépendance,0,0,148,2023
632000,92500,RUEIL-MALMAISON,92,Maison,138,4,202,2023
2450200,92250,LA GARENNE-COLOMBES,92,Dépendance,0,0,280,2023
2450200,92250,LA GARENNE-COLOMBES,92,Maison,167,6,280,2023
728000,92400,COURBEVOIE,92,Maison,80,4,134,2023
938500,92270,BOIS-COLOMBES,92,Maison,99,5,143,2023
315000,92230,GENNEVILLIERS,92,Maison,25,1,223,2023
315000,92230,GENNEVILLIERS,92,Maison,34,1,223,2023
831590,92700,COLOMBES,92,Maison,115,1,251,2023
450000,92000,NANTERRE,92,Maison,85,6,712,2023
450000,92000,NANTERRE,92,Maison,85,6,185,2023
176000,92200,NEUILLY-SUR-SEINE,92,Appartement,17,1,18,2023
176000,92200,NEUILLY-SUR-SEINE,92,Dépendance,0,0,18,2023
1298020,92500,RUEIL-MALMAISON,92,Maison,166,7,502,2023
920100,92500,RUEIL-MALMAISON,92,Dépendance,0,0,352,2023
920100,92500,RUEIL-MALMAISON,92,Maison,130,6,352,2023
850000,92700,COLOMBES,92,Maison,152,5,480,2023
850000,92700,COLOMBES,92,Dépendance,0,0,480,2023
1100000,92700,COLOMBES,92,Maison,113,5,480,2023
1100000,92700,COLOMBES,92,Dépendance,0,0,480,2023
1290000,92700,COLOMBES,92,Dépendance,0,0,286,2023
1290000,92700,COLOMBES,92,Maison,125,5,286,2023
757000,92500,RUEIL-MALMAISON,92,Maison,102,3,115,2023
476200,92700,COLOMBES,92,Maison,100,5,255,2023
476200,92700,COLOMBES,92,Dépendance,0,0,255,2023
8153500,92110,CLICHY,92,Local industriel. commercial ou assimilé,60,0,958,2023
8153500,92110,CLICHY,92,Local industriel. commercial ou assimilé,166,0,958,2023
8153500,92110,CLICHY,92,Local industriel. commercial ou assimilé,489,0,958,2023
8153500,92110,CLICHY,92,Local industriel. commercial ou assimilé,554,0,958,2023
8153500,92110,CLICHY,92,Local industriel. commercial ou assimilé,505,0,958,2023
8153500,92110,CLICHY,92,Local industriel. commercial ou assimilé,149,0,958,2023
8153500,92110,CLICHY,92,Local industriel. commercial ou assimilé,137,0,958,2023
800000,92150,SURESNES,92,Maison,40,2,330,2023
800000,92150,SURESNES,92,Maison,136,5,330,2023
1306000,92150,SURESNES,92,Dépendance,0,0,170,2023
1306000,92150,SURESNES,92,Maison,77,3,170,2023
734000,92270,BOIS-COLOMBES,92,Maison,70,4,99,2023
13419750,92500,RUEIL-MALMAISON,92,Local industriel. commercial ou assimilé,4181,0,862,2023
325000,92500,RUEIL-MALMAISON,92,Maison,59,3,83,2023
868701,92500,RUEIL-MALMAISON,92,Maison,88,4,140,2023
565000,92110,CLICHY,92,Maison,42,3,48,2023
745000,92700,COLOMBES,92,Maison,129,5,155,2023
2240000,92200,NEUILLY-SUR-SEINE,92,Maison,128,4,80,2023
858000,92270,BOIS-COLOMBES,92,Maison,106,5,240,2023
855000,92270,BOIS-COLOMBES,92,Maison,128,4,242,2023
730000,92500,RUEIL-MALMAISON,92,Maison,96,4,472,2023
1470880,92800,PUTEAUX,92,Maison,44,3,143,2023
1470880,92800,PUTEAUX,92,Dépendance,0,0,143,2023
1250030,92500,RUEIL-MALMAISON,92,Maison,152,5,547,2023
1250030,92500,RUEIL-MALMAISON,92,Dépendance,0,0,547,2023
830000,92500,RUEIL-MALMAISON,92,Dépendance,0,0,758,2023
830000,92500,RUEIL-MALMAISON,92,Maison,160,5,758,2023
980000,92600,ASNIERES-SUR-SEINE,92,Maison,140,5,511,2023
980000,92600,ASNIERES-SUR-SEINE,92,Maison,140,5,83,2023
2244000,92150,SURESNES,92,Maison,65,3,276,2023
984250,92700,COLOMBES,92,Maison,120,5,158,2023
179725,92700,COLOMBES,92,Appartement,27,2,239,2023
179725,92700,COLOMBES,92,Maison,42,3,239,2023
179725,92700,COLOMBES,92,Appartement,28,2,239,2023
2650000,92000,NANTERRE,92,Maison,50,3,885,2023
2650000,92000,NANTERRE,92,Local industriel. commercial ou assimilé,1100,0,1375,2023
2650000,92000,NANTERRE,92,Local industriel. commercial ou assimilé,1200,0,595,2023
3600000,92390,VILLENEUVE-LA-GARENNE,92,Local industriel. commercial ou assimilé,620,0,1500,2023
18600000,92230,GENNEVILLIERS,92,Local industriel. commercial ou assimilé,1206,0,16603,2023
18600000,92230,GENNEVILLIERS,92,Appartement,72,3,16603,2023
18600000,92230,GENNEVILLIERS,92,Local industriel. commercial ou assimilé,508,0,16603,2023
18600000,92230,GENNEVILLIERS,92,Local industriel. commercial ou assimilé,159,0,16603,2023
18600000,92230,GENNEVILLIERS,92,Local industriel. commercial ou assimilé,171,0,16603,2023
18600000,92230,GENNEVILLIERS,92,Local industriel. commercial ou assimilé,166,0,16603,2023
18600000,92230,GENNEVILLIERS,92,Local industriel. commercial ou assimilé,67,0,16603,2023
18600000,92230,GENNEVILLIERS,92,Local industriel. commercial ou assimilé,95,0,16603,2023
18600000,92230,GENNEVILLIERS,92,Local industriel. commercial ou assimilé,775,0,16603,2023
18600000,92230,GENNEVILLIERS,92,Local industriel. commercial ou assimilé,868,0,16603,2023
18600000,92230,GENNEVILLIERS,92,Local industriel. commercial ou assimilé,1723,0,16603,2023
18600000,92230,GENNEVILLIERS,92,Local industriel. commercial ou assimilé,1540,0,16603,2023
18600000,92230,GENNEVILLIERS,92,Local industriel. commercial ou assimilé,2201,0,16603,2023
18600000,92230,GENNEVILLIERS,92,Local industriel. commercial ou assimilé,176,0,16603,2023
18600000,92230,GENNEVILLIERS,92,Local industriel. commercial ou assimilé,930,0,1945,2023
1500000,92300,LEVALLOIS-PERRET,92,Maison,129,6,119,2023
1105050,92500,RUEIL-MALMAISON,92,Maison,115,6,306,2023
898000,92000,NANTERRE,92,Maison,143,3,344,2023
630000,92700,COLOMBES,92,Maison,90,4,153,2023
639000,92700,COLOMBES,92,Maison,72,4,100,2023
1470,92270,BOIS-COLOMBES,92,Maison,59,3,157,2023
1470,92270,BOIS-COLOMBES,92,Maison,50,2,157,2023
500000,92500,RUEIL-MALMAISON,92,Dépendance,0,0,413,2023
500000,92500,RUEIL-MALMAISON,92,Maison,70,3,413,2023
960000,92500,RUEIL-MALMAISON,92,Maison,78,4,399,2023
960000,92500,RUEIL-MALMAISON,92,Dépendance,0,0,399,2023
1369550,92250,LA GARENNE-COLOMBES,92,Appartement,120,6,333,2023
1369550,92250,LA GARENNE-COLOMBES,92,Dépendance,0,0,333,2023
6223250,92200,NEUILLY-SUR-SEINE,92,Maison,360,6,404,2023
1685000,92250,LA GARENNE-COLOMBES,92,Maison,170,6,362,2023
1160320,92700,COLOMBES,92,Maison,120,4,192,2023
1160320,92700,COLOMBES,92,Dépendance,0,0,192,2023
281000,92700,COLOMBES,92,Dépendance,0,0,287,2023
220000,92150,SURESNES,92,Maison,140,5,250,2023
750000,92500,RUEIL-MALMAISON,92,Dépendance,0,0,268,2023
4500000,92250,LA GARENNE-COLOMBES,92,Appartement,23,1,627,2023
4500000,92250,LA GARENNE-COLOMBES,92,Dépendance,0,0,627,2023
4500000,92250,LA GARENNE-COLOMBES,92,Appartement,48,2,627,2023
4500000,92250,LA GARENNE-COLOMBES,92,Appartement,25,2,627,2023
4500000,92250,LA GARENNE-COLOMBES,92,Appartement,24,2,627,2023
4500000,92250,LA GARENNE-COLOMBES,92,Appartement,22,2,627,2023
4500000,92250,LA GARENNE-COLOMBES,92,Appartement,27,2,627,2023
4500000,92250,LA GARENNE-COLOMBES,92,Appartement,33,2,627,2023
4500000,92250,LA GARENNE-COLOMBES,92,Appartement,15,1,627,2023
4500000,92250,LA GARENNE-COLOMBES,92,Appartement,32,2,627,2023
4500000,92250,LA GARENNE-COLOMBES,92,Appartement,16,1,627,2023
4500000,92250,LA GARENNE-COLOMBES,92,Appartement,19,1,627,2023
4500000,92250,LA GARENNE-COLOMBES,92,Appartement,21,1,627,2023
4500000,92250,LA GARENNE-COLOMBES,92,Appartement,18,1,627,2023
4500000,92250,LA GARENNE-COLOMBES,92,Appartement,29,1,627,2023
4500000,92250,LA GARENNE-COLOMBES,92,Appartement,20,1,627,2023
4500000,92250,LA GARENNE-COLOMBES,92,Appartement,42,2,627,2023
685600,92700,COLOMBES,92,Maison,38,3,81,2023
1210000,92600,ASNIERES-SUR-SEINE,92,Maison,86,5,226,2023
800000,92600,ASNIERES-SUR-SEINE,92,Maison,90,4,232,2023
1000000,92600,ASNIERES-SUR-SEINE,92,Local industriel. commercial ou assimilé,240,0,413,2023
1069700,92500,RUEIL-MALMAISON,92,Dépendance,0,0,500,2023
1069700,92500,RUEIL-MALMAISON,92,Maison,144,5,500,2023
491500,92270,BOIS-COLOMBES,92,Maison,61,3,233,2023
70000000,92200,NEUILLY-SUR-SEINE,92,Local industriel. commercial ou assimilé,745,0,2072,2023
70000000,92200,NEUILLY-SUR-SEINE,92,Local industriel. commercial ou assimilé,588,0,2072,2023
70000000,92200,NEUILLY-SUR-SEINE,92,Local industriel. commercial ou assimilé,407,0,2072,2023
70000000,92200,NEUILLY-SUR-SEINE,92,Local industriel. commercial ou assimilé,319,0,2072,2023
70000000,92200,NEUILLY-SUR-SEINE,92,Local industriel. commercial ou assimilé,589,0,2072,2023
70000000,92200,NEUILLY-SUR-SEINE,92,Local industriel. commercial ou assimilé,455,0,2072,2023
70000000,92200,NEUILLY-SUR-SEINE,92,Local industriel. commercial ou assimilé,135,0,2072,2023
4500000,92200,NEUILLY-SUR-SEINE,92,Maison,247,8,126,2023
855000,92270,BOIS-COLOMBES,92,Maison,135,6,140,2023
534090,92500,RUEIL-MALMAISON,92,Appartement,73,3,183,2023
534090,92500,RUEIL-MALMAISON,92,Dépendance,0,0,183,2023
485000,92700,COLOMBES,92,Maison,80,3,179,2023
448700,92700,COLOMBES,92,Maison,9,1,145,2023
448700,92700,COLOMBES,92,Dépendance,0,0,145,2023
448700,92700,COLOMBES,92,Maison,100,4,145,2023
501750,92700,COLOMBES,92,Maison,71,3,200,2023
501750,92700,COLOMBES,92,Dépendance,0,0,200,2023
444000,92230,GENNEVILLIERS,92,Dépendance,0,0,343,2023
444000,92230,GENNEVILLIERS,92,Maison,38,2,343,2023
563000,92000,NANTERRE,92,Maison,64,3,67,2023
1120000,92150,SURESNES,92,Maison,149,6,242,2023
2500000,92500,RUEIL-MALMAISON,92,Maison,305,9,1204,2023
2500000,92500,RUEIL-MALMAISON,92,Dépendance,0,0,1204,2023
2500000,92500,RUEIL-MALMAISON,92,Maison,54,3,383,2023
2500000,92500,RUEIL-MALMAISON,92,Dépendance,0,0,383,2023
1600000,92600,ASNIERES-SUR-SEINE,92,Dépendance,0,0,390,2023
1600000,92600,ASNIERES-SUR-SEINE,92,Appartement,65,3,390,2023
1600000,92600,ASNIERES-SUR-SEINE,92,Appartement,50,3,390,2023
1600000,92600,ASNIERES-SUR-SEINE,92,Appartement,47,3,390,2023
1600000,92600,ASNIERES-SUR-SEINE,92,Appartement,32,2,390,2023
1600000,92600,ASNIERES-SUR-SEINE,92,Appartement,28,2,390,2023
1600000,92600,ASNIERES-SUR-SEINE,92,Local industriel. commercial ou assimilé,240,0,390,2023
1259420,92500,RUEIL-MALMAISON,92,Maison,165,6,723,2023
1259420,92500,RUEIL-MALMAISON,92,Dépendance,0,0,723,2023
1184900,92500,RUEIL-MALMAISON,92,Dépendance,0,0,777,2023
1184900,92500,RUEIL-MALMAISON,92,Maison,166,8,777,2023
1385000,92270,BOIS-COLOMBES,92,Dépendance,0,0,517,2023
1385000,92270,BOIS-COLOMBES,92,Maison,134,6,90,2023
1385000,92270,BOIS-COLOMBES,92,Dépendance,0,0,90,2023
1385000,92270,BOIS-COLOMBES,92,Maison,134,6,517,2023
1820000,92600,ASNIERES-SUR-SEINE,92,Maison,188,7,627,2023
507000,92000,NANTERRE,92,Maison,64,3,277,2023
135000,92700,COLOMBES,92,Dépendance,0,0,153,2023
135000,92700,COLOMBES,92,Maison,92,6,153,2023
575000,92700,COLOMBES,92,Local industriel. commercial ou assimilé,222,0,488,2023
890000,92500,RUEIL-MALMAISON,92,Maison,91,5,471,2023
630000,92700,COLOMBES,92,Maison,100,5,216,2023
880000,92500,RUEIL-MALMAISON,92,Dépendance,0,0,600,2023
880000,92500,RUEIL-MALMAISON,92,Maison,123,5,600,2023
1201230,92600,ASNIERES-SUR-SEINE,92,Maison,179,5,246,2023
580000,92500,RUEIL-MALMAISON,92,Maison,88,3,216,2023
1245600,92270,BOIS-COLOMBES,92,Maison,138,5,202,2023
1159420,92500,RUEIL-MALMAISON,92,Appartement,23,1,204,2023
1159420,92500,RUEIL-MALMAISON,92,Appartement,64,3,204,2023
1159420,92500,RUEIL-MALMAISON,92,Local industriel. commercial ou assimilé,22,0,204,2023
1159420,92500,RUEIL-MALMAISON,92,Local industriel. commercial ou assimilé,28,0,204,2023
1159420,92500,RUEIL-MALMAISON,92,Appartement,41,2,204,2023
1159420,92500,RUEIL-MALMAISON,92,Appartement,29,2,204,2023
1159420,92500,RUEIL-MALMAISON,92,Appartement,25,2,204,2023
1159420,92500,RUEIL-MALMAISON,92,Appartement,28,1,204,2023
1159420,92500,RUEIL-MALMAISON,92,Appartement,34,2,204,2023
1159420,92500,RUEIL-MALMAISON,92,Appartement,28,2,204,2023
1760000,92600,ASNIERES-SUR-SEINE,92,Maison,183,8,668,2023
624900,92700,COLOMBES,92,Maison,130,6,101,2023
390000,92700,COLOMBES,92,Maison,58,2,100,2023
842300,92000,NANTERRE,92,Maison,131,5,423,2023
1725300,92700,COLOMBES,92,Maison,170,5,707,2023
2468000,92390,VILLENEUVE-LA-GARENNE,92,Local industriel. commercial ou assimilé,950,0,2928,2023
2468000,92390,VILLENEUVE-LA-GARENNE,92,Maison,35,2,2928,2023
881750,92150,SURESNES,92,Maison,32,2,135,2023
651600,92600,ASNIERES-SUR-SEINE,92,Maison,93,4,104,2023
1408900,92270,BOIS-COLOMBES,92,Maison,125,6,551,2023
1408900,92270,BOIS-COLOMBES,92,Dépendance,0,0,551,2023
495000,92390,VILLENEUVE-LA-GARENNE,92,Maison,122,5,781,2023
680000,92000,NANTERRE,92,Maison,82,4,359,2023
1740800,92500,RUEIL-MALMAISON,92,Maison,152,6,762,2023
1740800,92500,RUEIL-MALMAISON,92,Maison,152,6,712,2023
780000,92270,BOIS-COLOMBES,92,Appartement,16,1,254,2023
780000,92270,BOIS-COLOMBES,92,Appartement,25,1,254,2023
780000,92270,BOIS-COLOMBES,92,Appartement,44,2,254,2023
1683700,92500,RUEIL-MALMAISON,92,Maison,195,8,597,2023
370000,92700,COLOMBES,92,Maison,73,4,121,2023
370000,92700,COLOMBES,92,Dépendance,0,0,121,2023
769500,92700,COLOMBES,92,Maison,130,4,203,2023
780000,92500,RUEIL-MALMAISON,92,Maison,57,3,652,2023
519000,92150,SURESNES,92,Maison,80,4,57,2023
1135000,92500,RUEIL-MALMAISON,92,Maison,165,6,470,2023
390000,92000,NANTERRE,92,Maison,80,5,346,2023
1389423,92500,RUEIL-MALMAISON,92,Maison,164,7,515,2023
690000,92000,NANTERRE,92,Maison,90,3,200,2023
3500000,92000,NANTERRE,92,Local industriel. commercial ou assimilé,1943,0,1960,2023
813456,92700,COLOMBES,92,Maison,150,6,162,2023
1030000,92250,LA GARENNE-COLOMBES,92,Maison,100,4,239,2023
1250000,92000,NANTERRE,92,Dépendance,0,0,1236,2023
1250000,92000,NANTERRE,92,Local industriel. commercial ou assimilé,0,0,1236,2023
1250000,92000,NANTERRE,92,Appartement,99,4,1236,2023
1250000,92000,NANTERRE,92,Appartement,94,4,1236,2023
1250000,92000,NANTERRE,92,Appartement,89,4,1236,2023
1250000,92000,NANTERRE,92,Appartement,80,3,1236,2023
1250000,92000,NANTERRE,92,Appartement,63,3,1236,2023
1250000,92000,NANTERRE,92,Appartement,74,3,1236,2023
1250000,92000,NANTERRE,92,Appartement,98,4,1236,2023
352000,92390,VILLENEUVE-LA-GARENNE,92,Maison,53,3,176,2023
2800000,92250,LA GARENNE-COLOMBES,92,Local industriel. commercial ou assimilé,621,0,640,2023
1178400,92270,BOIS-COLOMBES,92,Maison,120,7,340,2023
1178400,92270,BOIS-COLOMBES,92,Dépendance,0,0,340,2023
300000,92150,SURESNES,92,Maison,23,1,79,2023
621910,92500,RUEIL-MALMAISON,92,Maison,60,3,427,2023
567500,92500,RUEIL-MALMAISON,92,Maison,77,5,158,2023
1457700,92500,RUEIL-MALMAISON,92,Local industriel. commercial ou assimilé,28,0,601,2023
1457700,92500,RUEIL-MALMAISON,92,Maison,220,7,601,2023
1000000,92500,RUEIL-MALMAISON,92,Maison,87,5,735,2023
876000,92500,RUEIL-MALMAISON,92,Maison,140,6,177,2023
876000,92500,RUEIL-MALMAISON,92,Dépendance,0,0,177,2023
550000,92500,RUEIL-MALMAISON,92,Dépendance,0,0,185,2023
550000,92500,RUEIL-MALMAISON,92,Maison,68,3,185,2023
915000,92600,ASNIERES-SUR-SEINE,92,Maison,95,5,161,2023
1050000,92700,COLOMBES,92,Dépendance,0,0,294,2023
1050000,92700,COLOMBES,92,Maison,100,6,294,2023
950000,92700,COLOMBES,92,Local industriel. commercial ou assimilé,470,0,329,2023
1200000,92000,NANTERRE,92,Local industriel. commercial ou assimilé,475,0,263,2023
422000,92270,BOIS-COLOMBES,92,Maison,60,3,81,2023
700000,92700,COLOMBES,92,Dépendance,0,0,258,2023
700000,92700,COLOMBES,92,Maison,110,6,258,2023
400000,92700,COLOMBES,92,Maison,88,4,88,2023
800000,92600,ASNIERES-SUR-SEINE,92,Appartement,20,2,137,2023
800000,92600,ASNIERES-SUR-SEINE,92,Local industriel. commercial ou assimilé,180,0,137,2023
800000,92600,ASNIERES-SUR-SEINE,92,Local industriel. commercial ou assimilé,110,0,137,2023
100000,92000,NANTERRE,92,Dépendance,0,0,451,2023
100000,92000,NANTERRE,92,Maison,162,6,451,2023
4000000,92230,GENNEVILLIERS,92,Local industriel. commercial ou assimilé,1800,0,1712,2023
1245000,92390,VILLENEUVE-LA-GARENNE,92,Local industriel. commercial ou assimilé,120,0,544,2023
1245000,92390,VILLENEUVE-LA-GARENNE,92,Appartement,93,3,544,2023
1245000,92390,VILLENEUVE-LA-GARENNE,92,Appartement,70,2,544,2023
1245000,92390,VILLENEUVE-LA-GARENNE,92,Appartement,50,3,544,2023
1245000,92390,VILLENEUVE-LA-GARENNE,92,Appartement,40,3,544,2023
1323024,92390,VILLENEUVE-LA-GARENNE,92,Dépendance,0,0,1114,2023
1323024,92390,VILLENEUVE-LA-GARENNE,92,Appartement,48,3,1114,2023
1323024,92390,VILLENEUVE-LA-GARENNE,92,Appartement,30,2,1114,2023
1323024,92390,VILLENEUVE-LA-GARENNE,92,Appartement,32,2,1114,2023
1323024,92390,VILLENEUVE-LA-GARENNE,92,Appartement,26,1,1114,2023
1323024,92390,VILLENEUVE-LA-GARENNE,92,Appartement,27,1,1114,2023
1280000,92250,LA GARENNE-COLOMBES,92,Dépendance,0,0,396,2023
1280000,92250,LA GARENNE-COLOMBES,92,Maison,92,7,396,2023
19400000,92300,LEVALLOIS-PERRET,92,Local industriel. commercial ou assimilé,2615,0,1384,2023
1143500,92700,COLOMBES,92,Maison,85,4,632,2023
5282000,92110,CLICHY,92,Local industriel. commercial ou assimilé,68,0,216,2023
5282000,92110,CLICHY,92,Local industriel. commercial ou assimilé,40,0,216,2023
5282000,92110,CLICHY,92,Local industriel. commercial ou assimilé,97,0,216,2023
5282000,92110,CLICHY,92,Appartement,21,1,216,2023
5282000,92110,CLICHY,92,Appartement,66,4,216,2023
5282000,92110,CLICHY,92,Appartement,29,1,216,2023
5282000,92110,CLICHY,92,Appartement,32,1,216,2023
5282000,92110,CLICHY,92,Appartement,83,5,216,2023
5282000,92110,CLICHY,92,Appartement,61,4,216,2023
5282000,92110,CLICHY,92,Appartement,65,4,216,2023
5282000,92110,CLICHY,92,Dépendance,0,0,216,2023
13900000,92800,PUTEAUX,92,Dépendance,0,0,725,2023
13900000,92800,PUTEAUX,92,Appartement,36,2,725,2023
13900000,92800,PUTEAUX,92,Appartement,67,3,725,2023
13900000,92800,PUTEAUX,92,Appartement,51,3,725,2023
13900000,92800,PUTEAUX,92,Appartement,41,2,725,2023
13900000,92800,PUTEAUX,92,Appartement,40,2,725,2023
13900000,92800,PUTEAUX,92,Appartement,42,2,725,2023
13900000,92800,PUTEAUX,92,Appartement,35,2,725,2023
13900000,92800,PUTEAUX,92,Appartement,65,3,725,2023
13900000,92800,PUTEAUX,92,Appartement,56,3,725,2023
13900000,92800,PUTEAUX,92,Appartement,43,2,725,2023
13900000,92800,PUTEAUX,92,Appartement,23,1,725,2023
13900000,92800,PUTEAUX,92,Appartement,31,1,725,2023
13900000,92800,PUTEAUX,92,Appartement,55,3,725,2023
13900000,92800,PUTEAUX,92,Appartement,25,1,725,2023
13900000,92800,PUTEAUX,92,Appartement,96,5,725,2023
13900000,92800,PUTEAUX,92,Appartement,81,4,725,2023
13900000,92800,PUTEAUX,92,Appartement,90,4,725,2023
13900000,92800,PUTEAUX,92,Appartement,33,1,725,2023
13900000,92800,PUTEAUX,92,Appartement,53,3,725,2023
13900000,92800,PUTEAUX,92,Appartement,24,1,725,2023
13900000,92800,PUTEAUX,92,Appartement,50,2,725,2023
13900000,92800,PUTEAUX,92,Appartement,52,3,725,2023
13900000,92800,PUTEAUX,92,Appartement,39,2,725,2023
13900000,92800,PUTEAUX,92,Appartement,50,3,725,2023
13900000,92800,PUTEAUX,92,Appartement,27,1,725,2023
13900000,92800,PUTEAUX,92,Local industriel. commercial ou assimilé,64,0,725,2023
13900000,92800,PUTEAUX,92,Local industriel. commercial ou assimilé,75,0,725,2023
13900000,92800,PUTEAUX,92,Local industriel. commercial ou assimilé,84,0,725,2023
13900000,92800,PUTEAUX,92,Local industriel. commercial ou assimilé,23,0,725,2023
13900000,92800,PUTEAUX,92,Local industriel. commercial ou assimilé,41,0,725,2023
13900000,92800,PUTEAUX,92,Local industriel. commercial ou assimilé,134,0,725,2023
13900000,92800,PUTEAUX,92,Appartement,70,3,725,2023
13900000,92800,PUTEAUX,92,Appartement,37,2,725,2023
13900000,92800,PUTEAUX,92,Appartement,39,3,725,2023
13900000,92800,PUTEAUX,92,Appartement,110,2,725,2023
498450,92700,COLOMBES,92,Maison,90,6,346,2023
1380000,92270,BOIS-COLOMBES,92,Maison,108,4,217,2023
630000,92500,RUEIL-MALMAISON,92,Maison,86,4,370,2023
1496035,92600,ASNIERES-SUR-SEINE,92,Maison,130,4,254,2023
716150,92700,COLOMBES,92,Maison,134,6,143,2023
716150,92700,COLOMBES,92,Dépendance,0,0,143,2023
1109000,92500,RUEIL-MALMAISON,92,Maison,151,7,570,2023
727500,92700,COLOMBES,92,Maison,91,4,206,2023
525000,92600,ASNIERES-SUR-SEINE,92,Dépendance,0,0,269,2023
525000,92600,ASNIERES-SUR-SEINE,92,Maison,40,3,269,2023
769680,92500,RUEIL-MALMAISON,92,Maison,100,4,280,2023
1822000,92400,COURBEVOIE,92,Maison,220,7,261,2023
1822000,92400,COURBEVOIE,92,Dépendance,0,0,261,2023
443000,92000,NANTERRE,92,Maison,160,8,155,2023
270000,92000,NANTERRE,92,Maison,56,2,226,2023
655140,92000,NANTERRE,92,Dépendance,0,0,232,2023
655140,92000,NANTERRE,92,Maison,103,5,232,2023
1560000,92600,ASNIERES-SUR-SEINE,92,Maison,160,8,331,2023
1854000,92600,ASNIERES-SUR-SEINE,92,Dépendance,0,0,371,2023
1854000,92600,ASNIERES-SUR-SEINE,92,Maison,165,7,371,2023
2000000,92150,SURESNES,92,Local industriel. commercial ou assimilé,247,0,716,2023
540000,92000,NANTERRE,92,Maison,153,4,237,2023
5674752,92150,SURESNES,92,Appartement,44,2,765,2023
5674752,92150,SURESNES,92,Appartement,50,3,765,2023
5674752,92150,SURESNES,92,Dépendance,0,0,765,2023
5674752,92150,SURESNES,92,Appartement,38,2,765,2023
5674752,92150,SURESNES,92,Appartement,26,1,765,2023
5674752,92150,SURESNES,92,Appartement,15,1,765,2023
5674752,92150,SURESNES,92,Appartement,50,2,765,2023
5674752,92150,SURESNES,92,Appartement,48,2,765,2023
5674752,92150,SURESNES,92,Appartement,45,1,765,2023
980000,92500,RUEIL-MALMAISON,92,Maison,102,5,427,2023
820150,92500,RUEIL-MALMAISON,92,Dépendance,0,0,293,2023
820150,92500,RUEIL-MALMAISON,92,Maison,79,4,293,2023
5300000,92200,NEUILLY-SUR-SEINE,92,Maison,417,9,627,2023
923275,92250,LA GARENNE-COLOMBES,92,Maison,49,3,133,2023
910000,92250,LA GARENNE-COLOMBES,92,Appartement,36,2,159,2023
910000,92250,LA GARENNE-COLOMBES,92,Appartement,40,3,159,2023
910000,92250,LA GARENNE-COLOMBES,92,Dépendance,0,0,159,2023
892400,92500,RUEIL-MALMAISON,92,Maison,43,3,146,2023
870000,92000,NANTERRE,92,Appartement,15,1,287,2023
870000,92000,NANTERRE,92,Dépendance,0,0,287,2023
870000,92000,NANTERRE,92,Local industriel. commercial ou assimilé,113,0,287,2023
870000,92000,NANTERRE,92,Appartement,17,1,287,2023
870000,92000,NANTERRE,92,Appartement,12,1,287,2023
870000,92000,NANTERRE,92,Appartement,13,1,287,2023
870000,92000,NANTERRE,92,Appartement,7,1,287,2023
870000,92000,NANTERRE,92,Appartement,82,3,287,2023
36000000,92110,CLICHY,92,Local industriel. commercial ou assimilé,1594,0,4387,2023
36000000,92110,CLICHY,92,Local industriel. commercial ou assimilé,3049,0,4387,2023
36000000,92110,CLICHY,92,Local industriel. commercial ou assimilé,2604,0,4387,2023
535000,92500,RUEIL-MALMAISON,92,Maison,58,3,162,2023
746000,92270,BOIS-COLOMBES,92,Maison,75,5,147,2023
960000,92250,LA GARENNE-COLOMBES,92,Dépendance,0,0,292,2023
960000,92250,LA GARENNE-COLOMBES,92,Maison,97,5,292,2023
590000,92000,NANTERRE,92,Dépendance,0,0,291,2023
590000,92000,NANTERRE,92,Appartement,17,1,291,2023
590000,92000,NANTERRE,92,Appartement,12,1,291,2023
590000,92000,NANTERRE,92,Maison,79,4,291,2023
955000,92400,COURBEVOIE,92,Maison,187,7,213,2023
380000,92230,GENNEVILLIERS,92,Dépendance,0,0,386,2023
380000,92230,GENNEVILLIERS,92,Appartement,34,2,386,2023
380000,92230,GENNEVILLIERS,92,Appartement,33,2,386,2023
2950000,92200,NEUILLY-SUR-SEINE,92,Maison,148,5,627,2023
1250000,92700,COLOMBES,92,Maison,120,5,249,2023
865000,92800,PUTEAUX,92,Appartement,45,4,71,2023
865000,92800,PUTEAUX,92,Appartement,45,2,71,2023
865000,92800,PUTEAUX,92,Local industriel. commercial ou assimilé,22,0,71,2023
865000,92800,PUTEAUX,92,Local industriel. commercial ou assimilé,27,0,71,2023
901650,92700,COLOMBES,92,Maison,125,5,385,2023
730000,92600,ASNIERES-SUR-SEINE,92,Maison,98,3,118,2023
516240,92500,RUEIL-MALMAISON,92,Maison,50,3,89,2023
1,92600,ASNIERES-SUR-SEINE,92,Local industriel. commercial ou assimilé,601,0,2269,2023
1,92600,ASNIERES-SUR-SEINE,92,Local industriel. commercial ou assimilé,652,0,2269,2023
1,92600,ASNIERES-SUR-SEINE,92,Local industriel. commercial ou assimilé,587,0,2269,2023
1,92600,ASNIERES-SUR-SEINE,92,Local industriel. commercial ou assimilé,511,0,2269,2023
1,92600,ASNIERES-SUR-SEINE,92,Local industriel. commercial ou assimilé,584,0,2269,2023
1,92600,ASNIERES-SUR-SEINE,92,Local industriel. commercial ou assimilé,72,0,2269,2023
1,92600,ASNIERES-SUR-SEINE,92,Local industriel. commercial ou assimilé,582,0,2269,2023
3775160,92500,RUEIL-MALMAISON,92,Local industriel. commercial ou assimilé,321,0,1584,2023
3775160,92500,RUEIL-MALMAISON,92,Local industriel. commercial ou assimilé,305,0,1584,2023
3775160,92500,RUEIL-MALMAISON,92,Local industriel. commercial ou assimilé,729,0,1584,2023
3775160,92500,RUEIL-MALMAISON,92,Local industriel. commercial ou assimilé,339,0,1584,2023
3775160,92500,RUEIL-MALMAISON,92,Local industriel. commercial ou assimilé,334,0,1584,2023
3775160,92500,RUEIL-MALMAISON,92,Local industriel. commercial ou assimilé,230,0,1584,2023
440000,92600,ASNIERES-SUR-SEINE,92,Maison,86,2,96,2023
694600,92000,NANTERRE,92,Dépendance,0,0,222,2023
694600,92000,NANTERRE,92,Maison,160,6,222,2023
1852500,92250,LA GARENNE-COLOMBES,92,Maison,171,6,483,2023
672500,92000,NANTERRE,92,Dépendance,0,0,57,2023
672500,92000,NANTERRE,92,Maison,52,3,57,2023
672500,92000,NANTERRE,92,Maison,52,3,647,2023
672500,92000,NANTERRE,92,Dépendance,0,0,647,2023
652000,92500,RUEIL-MALMAISON,92,Maison,150,5,2320,2023
600000,92270,BOIS-COLOMBES,92,Appartement,29,2,181,2023
600000,92270,BOIS-COLOMBES,92,Appartement,30,2,181,2023
600000,92270,BOIS-COLOMBES,92,Dépendance,0,0,181,2023
1045740,92150,SURESNES,92,Maison,56,3,516,2023
220000,92700,COLOMBES,92,Maison,21,1,27,2023
3800000,92800,PUTEAUX,92,Appartement,64,4,296,2023
3800000,92800,PUTEAUX,92,Appartement,38,2,296,2023
3800000,92800,PUTEAUX,92,Appartement,66,4,296,2023
3800000,92800,PUTEAUX,92,Appartement,63,4,296,2023
3800000,92800,PUTEAUX,92,Appartement,40,2,296,2023
3800000,92800,PUTEAUX,92,Appartement,61,3,296,2023
3800000,92800,PUTEAUX,92,Appartement,68,3,296,2023
3800000,92800,PUTEAUX,92,Appartement,70,4,296,2023
3800000,92800,PUTEAUX,92,Appartement,31,1,296,2023
3800000,92800,PUTEAUX,92,Appartement,39,2,296,2023
3800000,92800,PUTEAUX,92,Appartement,35,2,296,2023
3800000,92800,PUTEAUX,92,Appartement,55,3,296,2023
875000,92270,BOIS-COLOMBES,92,Maison,88,4,146,2023
320000,92700,COLOMBES,92,Local industriel. commercial ou assimilé,312,0,310,2023
126340,92700,COLOMBES,92,Local industriel. commercial ou assimilé,96,0,43,2023
126340,92700,COLOMBES,92,Local industriel. commercial ou assimilé,153,0,43,2023
126340,92700,COLOMBES,92,Appartement,62,4,43,2023
126340,92700,COLOMBES,92,Appartement,28,2,43,2023
126340,92700,COLOMBES,92,Local industriel. commercial ou assimilé,28,0,43,2023
126340,92700,COLOMBES,92,Local industriel. commercial ou assimilé,62,0,43,2023
2520000,92000,NANTERRE,92,Local industriel. commercial ou assimilé,1566,0,1830,2023
9000000,92200,NEUILLY-SUR-SEINE,92,Local industriel. commercial ou assimilé,1311,0,398,2023
3900000,92200,NEUILLY-SUR-SEINE,92,Maison,35,1,295,2023
3900000,92200,NEUILLY-SUR-SEINE,92,Maison,316,9,295,2023
2475350,92500,RUEIL-MALMAISON,92,Maison,250,7,1482,2023
2475350,92500,RUEIL-MALMAISON,92,Maison,250,7,576,2023
2475350,92500,RUEIL-MALMAISON,92,Dépendance,0,0,1482,2023
2475350,92500,RUEIL-MALMAISON,92,Dépendance,0,0,576,2023
600000,92700,COLOMBES,92,Dépendance,0,0,383,2023
600000,92700,COLOMBES,92,Maison,115,6,383,2023
630000,92400,COURBEVOIE,92,Maison,78,5,170,2023
675000,92230,GENNEVILLIERS,92,Appartement,25,1,656,2023
675000,92230,GENNEVILLIERS,92,Appartement,90,4,656,2023
675000,92230,GENNEVILLIERS,92,Dépendance,0,0,656,2023
675000,92230,GENNEVILLIERS,92,Appartement,28,1,656,2023
1130655,92500,RUEIL-MALMAISON,92,Maison,156,7,514,2023
1130655,92500,RUEIL-MALMAISON,92,Dépendance,0,0,514,2023
1,92200,NEUILLY-SUR-SEINE,92,Appartement,17,1,18,2023
1,92200,NEUILLY-SUR-SEINE,92,Dépendance,0,0,18,2023
320000,92500,RUEIL-MALMAISON,92,Maison,46,3,140,2023
320000,92500,RUEIL-MALMAISON,92,Dépendance,0,0,140,2023
20000000,92110,CLICHY,92,Local industriel. commercial ou assimilé,1070,0,1604,2023
20000000,92110,CLICHY,92,Local industriel. commercial ou assimilé,1320,0,1604,2023
20000000,92110,CLICHY,92,Local industriel. commercial ou assimilé,1065,0,1604,2023
20000000,92110,CLICHY,92,Local industriel. commercial ou assimilé,1071,0,1604,2023
20000000,92110,CLICHY,92,Local industriel. commercial ou assimilé,990,0,1604,2023
20000000,92110,CLICHY,92,Local industriel. commercial ou assimilé,575,0,1604,2023
20000000,92110,CLICHY,92,Local industriel. commercial ou assimilé,780,0,1604,2023
20000000,92110,CLICHY,92,Local industriel. commercial ou assimilé,828,0,1604,2023
150000,92500,RUEIL-MALMAISON,92,Maison,182,4,1246,2023
150000,92500,RUEIL-MALMAISON,92,Maison,50,2,1246,2023
150000,92500,RUEIL-MALMAISON,92,Maison,50,2,1592,2023
150000,92500,RUEIL-MALMAISON,92,Maison,182,4,1592,2023
350000,92500,RUEIL-MALMAISON,92,Local industriel. commercial ou assimilé,238,0,209,2023
350000,92500,RUEIL-MALMAISON,92,Appartement,46,3,209,2023
814000,92000,NANTERRE,92,Dépendance,0,0,746,2023
814000,92000,NANTERRE,92,Dépendance,0,0,92,2023
814000,92000,NANTERRE,92,Maison,110,6,92,2023
814000,92000,NANTERRE,92,Maison,110,6,746,2023
295000,92700,COLOMBES,92,Maison,65,3,163,2023
1,92600,ASNIERES-SUR-SEINE,92,Local industriel. commercial ou assimilé,640,0,372,2023
12396000,92500,RUEIL-MALMAISON,92,Dépendance,0,0,5594,2023
12396000,92500,RUEIL-MALMAISON,92,Appartement,51,3,5594,2023
12396000,92500,RUEIL-MALMAISON,92,Appartement,41,2,5594,2023
12396000,92500,RUEIL-MALMAISON,92,Appartement,62,4,5594,2023
12396000,92500,RUEIL-MALMAISON,92,Appartement,43,2,5594,2023
2320000,92200,NEUILLY-SUR-SEINE,92,Maison,220,7,307,2023
75000000,92150,SURESNES,92,Appartement,48,2,1179,2023
75000000,92150,SURESNES,92,Dépendance,0,0,1179,2023
75000000,92150,SURESNES,92,Appartement,88,4,1179,2023
75000000,92150,SURESNES,92,Appartement,87,4,1179,2023
75000000,92150,SURESNES,92,Appartement,55,2,1179,2023
75000000,92150,SURESNES,92,Appartement,89,4,1179,2023
75000000,92150,SURESNES,92,Appartement,51,2,1179,2023
75000000,92150,SURESNES,92,Appartement,77,3,1179,2023
75000000,92150,SURESNES,92,Appartement,91,4,1179,2023
75000000,92150,SURESNES,92,Appartement,64,3,1179,2023
75000000,92150,SURESNES,92,Appartement,34,1,1179,2023
75000000,92150,SURESNES,92,Appartement,67,3,1179,2023
75000000,92150,SURESNES,92,Appartement,107,5,1179,2023
75000000,92150,SURESNES,92,Local industriel. commercial ou assimilé,79,0,1179,2023
75000000,92150,SURESNES,92,Appartement,80,2,1179,2023
75000000,92150,SURESNES,92,Appartement,41,1,1179,2023
75000000,92150,SURESNES,92,Appartement,92,4,1179,2023
75000000,92150,SURESNES,92,Appartement,78,3,1179,2023
75000000,92150,SURESNES,92,Appartement,35,2,1179,2023
75000000,92150,SURESNES,92,Appartement,85,4,1179,2023
75000000,92150,SURESNES,92,Local industriel. commercial ou assimilé,15,0,1179,2023
75000000,92150,SURESNES,92,Appartement,110,5,1179,2023
75000000,92150,SURESNES,92,Appartement,68,3,1179,2023
75000000,92150,SURESNES,92,Appartement,80,3,1179,2023
75000000,92150,SURESNES,92,Appartement,34,0,1179,2023
75000000,92150,SURESNES,92,Appartement,95,5,1179,2023
75000000,92150,SURESNES,92,Appartement,61,1,1179,2023
75000000,92150,SURESNES,92,Appartement,76,3,1179,2023
75000000,92150,SURESNES,92,Appartement,105,5,1179,2023
75000000,92150,SURESNES,92,Appartement,104,5,1179,2023
75000000,92150,SURESNES,92,Appartement,100,5,1179,2023
75000000,92150,SURESNES,92,Appartement,66,3,1179,2023
75000000,92150,SURESNES,92,Appartement,90,4,1179,2023
75000000,92150,SURESNES,92,Local industriel. commercial ou assimilé,10,0,1179,2023
75000000,92150,SURESNES,92,Appartement,48,1,1179,2023
75000000,92150,SURESNES,92,Dépendance,0,0,5441,2023
75000000,92150,SURESNES,92,Appartement,72,3,5441,2023
75000000,92150,SURESNES,92,Appartement,100,4,5441,2023
75000000,92150,SURESNES,92,Appartement,48,2,5441,2023
75000000,92150,SURESNES,92,Appartement,77,4,5441,2023
75000000,92150,SURESNES,92,Appartement,67,3,5441,2023
75000000,92150,SURESNES,92,Appartement,95,5,5441,2023
75000000,92150,SURESNES,92,Appartement,110,5,5441,2023
75000000,92150,SURESNES,92,Appartement,49,2,5441,2023
75000000,92150,SURESNES,92,Appartement,78,3,5441,2023
75000000,92150,SURESNES,92,Appartement,81,3,5441,2023
75000000,92150,SURESNES,92,Appartement,56,2,5441,2023
75000000,92150,SURESNES,92,Appartement,71,3,5441,2023
75000000,92150,SURESNES,92,Local industriel. commercial ou assimilé,79,0,5441,2023
75000000,92150,SURESNES,92,Appartement,83,4,5441,2023
75000000,92150,SURESNES,92,Appartement,88,4,5441,2023
75000000,92150,SURESNES,92,Appartement,94,4,5441,2023
75000000,92150,SURESNES,92,Appartement,54,2,5441,2023
75000000,92150,SURESNES,92,Appartement,89,4,5441,2023
75000000,92150,SURESNES,92,Appartement,80,3,5441,2023
75000000,92150,SURESNES,92,Appartement,74,3,5441,2023
75000000,92150,SURESNES,92,Appartement,113,3,5441,2023
75000000,92150,SURESNES,92,Appartement,98,4,5441,2023
75000000,92150,SURESNES,92,Appartement,96,4,5441,2023
75000000,92150,SURESNES,92,Appartement,79,3,5441,2023
75000000,92150,SURESNES,92,Appartement,139,7,5441,2023
75000000,92150,SURESNES,92,Appartement,64,2,5441,2023
75000000,92150,SURESNES,92,Appartement,34,1,5441,2023
75000000,92150,SURESNES,92,Appartement,117,5,5441,2023
75000000,92150,SURESNES,92,Appartement,90,4,5441,2023
75000000,92150,SURESNES,92,Appartement,77,3,5441,2023
75000000,92150,SURESNES,92,Appartement,104,5,5441,2023
75000000,92150,SURESNES,92,Appartement,91,4,5441,2023
75000000,92150,SURESNES,92,Appartement,101,5,5441,2023
75000000,92150,SURESNES,92,Appartement,87,4,5441,2023
75000000,92150,SURESNES,92,Appartement,65,3,5441,2023
75000000,92150,SURESNES,92,Appartement,57,2,5441,2023
75000000,92150,SURESNES,92,Appartement,76,3,5441,2023
75000000,92150,SURESNES,92,Appartement,51,2,5441,2023
75000000,92150,SURESNES,92,Appartement,38,1,5441,2023
75000000,92150,SURESNES,92,Appartement,33,1,5441,2023
75000000,92150,SURESNES,92,Appartement,84,4,5441,2023
75000000,92150,SURESNES,92,Appartement,82,4,5441,2023
75000000,92150,SURESNES,92,Appartement,116,6,5441,2023
715000,92150,SURESNES,92,Maison,69,5,141,2023
715000,92150,SURESNES,92,Dépendance,0,0,178,2023
715000,92150,SURESNES,92,Dépendance,0,0,14,2023
325000,92000,NANTERRE,92,Maison,45,3,401,2023
325000,92000,NANTERRE,92,Dépendance,0,0,401,2023
982450,92500,RUEIL-MALMAISON,92,Maison,141,4,450,2023
982450,92500,RUEIL-MALMAISON,92,Dépendance,0,0,450,2023
7809124,92300,LEVALLOIS-PERRET,92,Local industriel. commercial ou assimilé,12,0,149,2023
7809124,92300,LEVALLOIS-PERRET,92,Appartement,57,2,149,2023
7809124,92300,LEVALLOIS-PERRET,92,Appartement,25,1,149,2023
7809124,92300,LEVALLOIS-PERRET,92,Appartement,58,3,149,2023
7809124,92300,LEVALLOIS-PERRET,92,Appartement,23,2,149,2023
7809124,92300,LEVALLOIS-PERRET,92,Dépendance,0,0,149,2023
7809124,92300,LEVALLOIS-PERRET,92,Local industriel. commercial ou assimilé,108,0,149,2023
7809124,92300,LEVALLOIS-PERRET,92,Local industriel. commercial ou assimilé,30,0,97,2023
7809124,92300,LEVALLOIS-PERRET,92,Dépendance,0,0,97,2023
7809124,92300,LEVALLOIS-PERRET,92,Appartement,33,2,97,2023
7809124,92300,LEVALLOIS-PERRET,92,Appartement,20,1,97,2023
7809124,92300,LEVALLOIS-PERRET,92,Appartement,21,1,97,2023
7809124,92300,LEVALLOIS-PERRET,92,Maison,151,5,160,2023
7809124,92300,LEVALLOIS-PERRET,92,Dépendance,0,0,160,2023
655200,92000,NANTERRE,92,Maison,101,5,265,2023
655200,92000,NANTERRE,92,Dépendance,0,0,265,2023
1684900,92600,ASNIERES-SUR-SEINE,92,Maison,165,6,165,2023
278000,92700,COLOMBES,92,Maison,57,4,94,2023
1030000,92600,ASNIERES-SUR-SEINE,92,Dépendance,0,0,93,2023
1030000,92600,ASNIERES-SUR-SEINE,92,Appartement,47,3,93,2023
1030000,92600,ASNIERES-SUR-SEINE,92,Local industriel. commercial ou assimilé,85,0,93,2023
3190000,92250,LA GARENNE-COLOMBES,92,Local industriel. commercial ou assimilé,1114,0,1546,2023
6537948,92700,COLOMBES,92,Local industriel. commercial ou assimilé,388,0,937,2023
1300000,92000,NANTERRE,92,Dépendance,0,0,928,2023
1300000,92000,NANTERRE,92,Appartement,65,3,928,2023
1300000,92000,NANTERRE,92,Local industriel. commercial ou assimilé,200,0,928,2023
694000,92500,RUEIL-MALMAISON,92,Maison,67,4,304,2023
1180000,92250,LA GARENNE-COLOMBES,92,Local industriel. commercial ou assimilé,140,0,491,2023
772000,92800,PUTEAUX,92,Maison,146,4,220,2023
600000,92160,ANTONY,92,Maison,110,5,450,2023
459301,92340,BOURG-LA-REINE,92,Maison,62,4,235,2023
615000,92340,BOURG-LA-REINE,92,Dépendance,0,0,135,2023
615000,92340,BOURG-LA-REINE,92,Maison,80,4,135,2023
920000,92190,MEUDON,92,Maison,140,7,211,2023
546000,92160,ANTONY,92,Maison,87,4,582,2023
546000,92160,ANTONY,92,Dépendance,0,0,582,2023
585000,92160,ANTONY,92,Dépendance,0,0,370,2023
585000,92160,ANTONY,92,Maison,50,3,370,2023
486000,92160,ANTONY,92,Maison,84,4,133,2023
703850,92160,ANTONY,92,Maison,98,5,141,2023
800000,92160,ANTONY,92,Maison,174,6,68,2023
800000,92160,ANTONY,92,Maison,174,6,639,2023
9002675,92370,CHAVILLE,92,Dépendance,0,0,1805,2023
9002675,92370,CHAVILLE,92,Appartement,68,3,1805,2023
9002675,92370,CHAVILLE,92,Appartement,45,2,1805,2023
9002675,92370,CHAVILLE,92,Appartement,101,5,1805,2023
9002675,92370,CHAVILLE,92,Appartement,44,2,1805,2023
9002675,92370,CHAVILLE,92,Appartement,63,3,1805,2023
9002675,92370,CHAVILLE,92,Appartement,47,2,1805,2023
9002675,92370,CHAVILLE,92,Appartement,77,4,1805,2023
9002675,92370,CHAVILLE,92,Appartement,29,1,1805,2023
9002675,92370,CHAVILLE,92,Appartement,65,3,1805,2023
9002675,92370,CHAVILLE,92,Appartement,62,3,1805,2023
9002675,92370,CHAVILLE,92,Appartement,51,2,1805,2023
9002675,92370,CHAVILLE,92,Appartement,46,2,1805,2023
9002675,92370,CHAVILLE,92,Local industriel. commercial ou assimilé,77,0,1805,2023
9002675,92370,CHAVILLE,92,Appartement,61,3,1805,2023
9002675,92370,CHAVILLE,92,Appartement,25,1,1805,2023
1300000,92380,GARCHES,92,Maison,150,6,248,2023
1452500,92240,MALAKOFF,92,Maison,160,6,217,2023
1240000,92260,FONTENAY-AUX-ROSES,92,Maison,136,6,601,2023
1240000,92260,FONTENAY-AUX-ROSES,92,Dépendance,0,0,601,2023
1900000,92310,SEVRES,92,Maison,160,7,402,2023
1900000,92310,SEVRES,92,Maison,40,3,402,2023
1900000,92310,SEVRES,92,Dépendance,0,0,402,2023
720350,92160,ANTONY,92,Maison,106,4,368,2023
56500000,92350,LE PLESSIS-ROBINSON,92,Appartement,25,1,51852,2023
56500000,92350,LE PLESSIS-ROBINSON,92,Local industriel. commercial ou assimilé,59478,0,51852,2023
56500000,92350,LE PLESSIS-ROBINSON,92,Appartement,120,5,51852,2023
56500000,92350,LE PLESSIS-ROBINSON,92,Appartement,70,3,51852,2023
56500000,92350,LE PLESSIS-ROBINSON,92,Appartement,105,4,51852,2023
56500000,92350,LE PLESSIS-ROBINSON,92,Appartement,35,2,51852,2023
56500000,92350,LE PLESSIS-ROBINSON,92,Dépendance,0,0,51852,2023
198500,92320,CHATILLON,92,Maison,75,4,216,2023
2700000,92120,MONTROUGE,92,Maison,88,6,428,2023
975000,92320,CHATILLON,92,Dépendance,0,0,230,2023
975000,92320,CHATILLON,92,Maison,138,5,230,2023
488000,92160,ANTONY,92,Maison,84,4,133,2023
1267880,92330,SCEAUX,92,Maison,168,6,369,2023
740000,92160,ANTONY,92,Maison,84,4,200,2023
1072500,92310,SEVRES,92,Maison,156,6,600,2023
893000,92160,ANTONY,92,Dépendance,0,0,373,2023
893000,92160,ANTONY,92,Maison,72,3,373,2023
2148100,92210,SAINT-CLOUD,92,Maison,176,5,511,2023
1834500,92190,MEUDON,92,Maison,180,5,442,2023
88064,92160,ANTONY,92,Maison,120,5,275,2023
595000,92240,MALAKOFF,92,Maison,75,3,135,2023
1378910,92130,ISSY-LES-MOULINEAUX,92,Dépendance,0,0,262,2023
1378910,92130,ISSY-LES-MOULINEAUX,92,Maison,96,5,262,2023
1043050,92160,ANTONY,92,Maison,171,6,254,2023
1043050,92160,ANTONY,92,Dépendance,0,0,254,2023
1043050,92160,ANTONY,92,Maison,171,6,981,2023
1043050,92160,ANTONY,92,Dépendance,0,0,981,2023
445000,92130,ISSY-LES-MOULINEAUX,92,Maison,46,3,350,2023
445000,92130,ISSY-LES-MOULINEAUX,92,Dépendance,0,0,350,2023
1607500,92130,ISSY-LES-MOULINEAUX,92,Dépendance,0,0,300,2023
1607500,92130,ISSY-LES-MOULINEAUX,92,Appartement,66,2,300,2023
1607500,92130,ISSY-LES-MOULINEAUX,92,Appartement,76,3,300,2023
443000,92160,ANTONY,92,Maison,64,1,114,2023
760000,92120,MONTROUGE,92,Appartement,17,1,118,2023
760000,92120,MONTROUGE,92,Appartement,30,1,118,2023
760000,92120,MONTROUGE,92,Dépendance,0,0,118,2023
760000,92120,MONTROUGE,92,Appartement,40,2,118,2023
710000,92140,CLAMART,92,Maison,65,3,248,2023
555400,92320,CHATILLON,92,Maison,34,1,104,2023
555400,92320,CHATILLON,92,Dépendance,0,0,104,2023
500000,92220,BAGNEUX,92,Maison,90,5,373,2023
987300,92380,GARCHES,92,Maison,120,4,625,2023
30000000,92350,LE PLESSIS-ROBINSON,92,Local industriel. commercial ou assimilé,2360,0,4282,2023
30000000,92350,LE PLESSIS-ROBINSON,92,Appartement,30,2,4282,2023
30000000,92350,LE PLESSIS-ROBINSON,92,Local industriel. commercial ou assimilé,2406,0,4282,2023
1015000,92370,CHAVILLE,92,Maison,100,5,726,2023
1135000,92340,BOURG-LA-REINE,92,Maison,199,7,385,2023
544000,92240,MALAKOFF,92,Local industriel. commercial ou assimilé,30,0,113,2023
544000,92240,MALAKOFF,92,Maison,38,3,113,2023
1440000,92210,SAINT-CLOUD,92,Maison,156,6,511,2023
645000,92320,CHATILLON,92,Dépendance,0,0,234,2023
645000,92320,CHATILLON,92,Maison,114,5,234,2023
1501750,92420,VAUCRESSON,92,Maison,180,7,898,2023
656350,92190,MEUDON,92,Maison,71,3,78,2023
1262000,92190,MEUDON,92,Dépendance,0,0,317,2023
1262000,92190,MEUDON,92,Maison,78,4,317,2023
1390000,92160,ANTONY,92,Local industriel. commercial ou assimilé,59,0,800,2023
1390000,92160,ANTONY,92,Dépendance,0,0,800,2023
1390000,92160,ANTONY,92,Maison,160,8,800,2023
1390000,92160,ANTONY,92,Local industriel. commercial ou assimilé,17,0,800,2023
1390000,92160,ANTONY,92,Local industriel. commercial ou assimilé,98,0,800,2023
1390000,92160,ANTONY,92,Local industriel. commercial ou assimilé,14,0,800,2023
1390000,92160,ANTONY,92,Local industriel. commercial ou assimilé,0,0,800,2023
1390000,92160,ANTONY,92,Local industriel. commercial ou assimilé,14,0,788,2023
1390000,92160,ANTONY,92,Local industriel. commercial ou assimilé,0,0,788,2023
1390000,92160,ANTONY,92,Dépendance,0,0,788,2023
1390000,92160,ANTONY,92,Maison,160,8,788,2023
1390000,92160,ANTONY,92,Local industriel. commercial ou assimilé,98,0,788,2023
1390000,92160,ANTONY,92,Local industriel. commercial ou assimilé,59,0,788,2023
1390000,92160,ANTONY,92,Local industriel. commercial ou assimilé,17,0,788,2023
630000,92210,SAINT-CLOUD,92,Dépendance,0,0,198,2023
2400000,92100,BOULOGNE-BILLANCOURT,92,Maison,148,6,278,2023
1500000,92320,CHATILLON,92,Appartement,36,2,341,2023
1500000,92320,CHATILLON,92,Dépendance,0,0,341,2023
1500000,92320,CHATILLON,92,Appartement,35,2,341,2023
1500000,92320,CHATILLON,92,Appartement,33,2,341,2023
1500000,92320,CHATILLON,92,Appartement,34,2,341,2023
1500000,92320,CHATILLON,92,Appartement,17,1,341,2023
1500000,92320,CHATILLON,92,Appartement,16,1,341,2023
1672500,92130,ISSY-LES-MOULINEAUX,92,Maison,148,6,118,2023
580000,92140,CLAMART,92,Maison,108,4,150,2023
746930,92320,CHATILLON,92,Maison,123,4,102,2023
620800,92220,BAGNEUX,92,Maison,80,3,156,2023
780000,92210,SAINT-CLOUD,92,Maison,99,4,164,2023
780000,92210,SAINT-CLOUD,92,Maison,160,5,164,2023
750500,92240,MALAKOFF,92,Maison,80,4,289,2023
2558850,92100,BOULOGNE-BILLANCOURT,92,Maison,151,6,128,2023
2558850,92100,BOULOGNE-BILLANCOURT,92,Local industriel. commercial ou assimilé,30,0,128,2023
400000,92160,ANTONY,92,Maison,84,2,139,2023
1015217,92160,ANTONY,92,Maison,89,5,530,2023
1797450,92380,GARCHES,92,Maison,150,5,928,2023
1050000,92170,VANVES,92,Dépendance,0,0,260,2023
1050000,92170,VANVES,92,Maison,68,3,260,2023
980000,92310,SEVRES,92,Dépendance,0,0,290,2023
980000,92310,SEVRES,92,Appartement,47,2,290,2023
980000,92310,SEVRES,92,Appartement,57,4,290,2023
980000,92310,SEVRES,92,Appartement,48,3,290,2023
1856000,92420,VAUCRESSON,92,Dépendance,0,0,875,2023
1856000,92420,VAUCRESSON,92,Maison,202,5,875,2023
678000,92170,VANVES,92,Maison,59,3,166,2023
650000,92310,SEVRES,92,Maison,75,4,146,2023
840000,92380,GARCHES,92,Maison,190,9,125,2023
480000,92340,BOURG-LA-REINE,92,Dépendance,0,0,490,2023
480000,92340,BOURG-LA-REINE,92,Appartement,32,2,490,2023
480000,92340,BOURG-LA-REINE,92,Maison,35,2,490,2023
820430,92370,CHAVILLE,92,Maison,101,1,461,2023
2300000,92120,MONTROUGE,92,Local industriel. commercial ou assimilé,423,0,528,2023
758900,92160,ANTONY,92,Maison,111,5,317,2023
1000000,92330,SCEAUX,92,Maison,179,6,449,2023
540000,92160,ANTONY,92,Maison,64,3,329,2023
540000,92160,ANTONY,92,Dépendance,0,0,329,2023
1638400,92190,MEUDON,92,Dépendance,0,0,630,2023
1638400,92190,MEUDON,92,Maison,120,6,630,2023
416559,92160,ANTONY,92,Maison,55,2,280,2023
416559,92160,ANTONY,92,Dépendance,0,0,280,2023
500000,92160,ANTONY,92,Dépendance,0,0,314,2023
500000,92160,ANTONY,92,Maison,120,3,314,2023
307393,92220,BAGNEUX,92,Maison,80,4,9262,2023
1600000,92130,ISSY-LES-MOULINEAUX,92,Appartement,26,1,528,2023
1600000,92130,ISSY-LES-MOULINEAUX,92,Appartement,29,1,528,2023
1600000,92130,ISSY-LES-MOULINEAUX,92,Appartement,24,1,528,2023
1600000,92130,ISSY-LES-MOULINEAUX,92,Appartement,31,1,528,2023
1600000,92130,ISSY-LES-MOULINEAUX,92,Dépendance,0,0,528,2023
1600000,92130,ISSY-LES-MOULINEAUX,92,Appartement,21,1,528,2023
1600000,92130,ISSY-LES-MOULINEAUX,92,Appartement,13,1,528,2023
1600000,92130,ISSY-LES-MOULINEAUX,92,Appartement,33,1,528,2023
625000,92240,MALAKOFF,92,Maison,78,5,90,2023
872000,92240,MALAKOFF,92,Maison,110,6,70,2023
767916,92190,MEUDON,92,Maison,82,4,420,2023
1482000,92420,VAUCRESSON,92,Dépendance,0,0,535,2023
1482000,92420,VAUCRESSON,92,Maison,192,4,535,2023
1641500,92190,MEUDON,92,Dépendance,0,0,377,2023
1641500,92190,MEUDON,92,Maison,160,8,377,2023
949000,92140,CLAMART,92,Maison,97,4,212,2023
884800,92370,CHAVILLE,92,Dépendance,0,0,477,2023
884800,92370,CHAVILLE,92,Maison,122,4,477,2023
1273025,92190,MEUDON,92,Maison,98,5,201,2023
840000,92310,SEVRES,92,Maison,72,3,315,2023
840000,92310,SEVRES,92,Dépendance,0,0,315,2023
850000,92240,MALAKOFF,92,Appartement,35,2,222,2023
850000,92240,MALAKOFF,92,Local industriel. commercial ou assimilé,37,0,222,2023
850000,92240,MALAKOFF,92,Appartement,64,4,222,2023
850000,92240,MALAKOFF,92,Appartement,62,3,222,2023
850000,92240,MALAKOFF,92,Local industriel. commercial ou assimilé,100,0,222,2023
850000,92240,MALAKOFF,92,Dépendance,0,0,222,2023
930000,92260,FONTENAY-AUX-ROSES,92,Maison,165,4,419,2023
930000,92260,FONTENAY-AUX-ROSES,92,Dépendance,0,0,419,2023
554700,92350,LE PLESSIS-ROBINSON,92,Maison,61,4,206,2023
1700000,92310,SEVRES,92,Dépendance,0,0,749,2023
1700000,92310,SEVRES,92,Maison,122,6,749,2023
826285,92160,ANTONY,92,Maison,141,5,347,2023
843000,92160,ANTONY,92,Maison,110,5,251,2023
1340000,92380,GARCHES,92,Maison,134,7,398,2023
562000,92260,FONTENAY-AUX-ROSES,92,Maison,76,4,414,2023
840000,92370,CHAVILLE,92,Maison,168,6,468,2023
840000,92370,CHAVILLE,92,Dépendance,0,0,468,2023
8929250,92210,SAINT-CLOUD,92,Maison,828,12,2141,2023
8929250,92210,SAINT-CLOUD,92,Dépendance,0,0,2141,2023
8929250,92210,SAINT-CLOUD,92,Local industriel. commercial ou assimilé,87,0,2141,2023
760000,92120,MONTROUGE,92,Maison,68,4,126,2023
760000,92120,MONTROUGE,92,Dépendance,0,0,126,2023
690000,92160,ANTONY,92,Maison,118,6,302,2023
3135400,92130,ISSY-LES-MOULINEAUX,92,Maison,280,6,333,2023
841000,92260,FONTENAY-AUX-ROSES,92,Maison,185,8,598,2023
1522660,92160,ANTONY,92,Maison,200,4,419,2023
988150,92370,CHAVILLE,92,Maison,105,4,364,2023
1185700,92320,CHATILLON,92,Maison,122,5,380,2023
206400,92340,BOURG-LA-REINE,92,Maison,182,6,396,2023
390000,92190,MEUDON,92,Maison,45,2,82,2023
540000,92240,MALAKOFF,92,Maison,51,3,97,2023
430000,92190,MEUDON,92,Maison,91,4,136,2023
935000,92260,FONTENAY-AUX-ROSES,92,Maison,110,5,400,2023
580000,92310,SEVRES,92,Maison,106,4,265,2023
1695500,92100,BOULOGNE-BILLANCOURT,92,Dépendance,0,0,127,2023
1695500,92100,BOULOGNE-BILLANCOURT,92,Maison,125,8,127,2023
630000,92160,ANTONY,92,Maison,130,7,321,2023
1660000,92330,SCEAUX,92,Maison,158,8,612,2023
1660000,92330,SCEAUX,92,Dépendance,0,0,612,2023
1300000,92160,ANTONY,92,Maison,130,9,305,2023
612100,92130,ISSY-LES-MOULINEAUX,92,Maison,46,3,96,2023
729000,92160,ANTONY,92,Maison,127,6,278,2023
1071000,92380,GARCHES,92,Maison,70,3,442,2023
665400,92160,ANTONY,92,Dépendance,0,0,334,2023
665400,92160,ANTONY,92,Maison,106,5,334,2023
577500,92160,ANTONY,92,Dépendance,0,0,223,2023
577500,92160,ANTONY,92,Maison,109,6,223,2023
600000,92340,BOURG-LA-REINE,92,Maison,110,6,203,2023
2015000,92210,SAINT-CLOUD,92,Maison,136,6,445,2023
2015000,92210,SAINT-CLOUD,92,Dépendance,0,0,445,2023
900000,92220,BAGNEUX,92,Local industriel. commercial ou assimilé,236,0,249,2023
1530000,92370,CHAVILLE,92,Maison,125,5,704,2023
420000,92140,CLAMART,92,Dépendance,0,0,142,2023
420000,92140,CLAMART,92,Appartement,35,2,142,2023
420000,92140,CLAMART,92,Appartement,33,2,142,2023
1260285,92140,CLAMART,92,Maison,155,7,201,2023
860000,92370,CHAVILLE,92,Dépendance,0,0,491,2023
860000,92370,CHAVILLE,92,Maison,65,4,491,2023
637626,92140,CLAMART,92,Dépendance,0,0,216,2023
637626,92140,CLAMART,92,Maison,78,4,216,2023
1093200,92170,VANVES,92,Maison,98,6,92,2023
627630,92160,ANTONY,92,Maison,92,4,413,2023
179434,92160,ANTONY,92,Maison,143,5,323,2023
600442,92160,ANTONY,92,Maison,102,5,376,2023
1339850,92210,SAINT-CLOUD,92,Maison,130,5,241,2023
1035000,92380,GARCHES,92,Maison,133,6,112,2023
817000,92140,CLAMART,92,Maison,136,5,366,2023
539270,92160,ANTONY,92,Maison,90,4,260,2023
63600,92140,CLAMART,92,Maison,62,4,149,2023
1060000,92160,ANTONY,92,Dépendance,0,0,339,2023
1060000,92160,ANTONY,92,Maison,74,4,339,2023
1200000,92140,CLAMART,92,Dépendance,0,0,796,2023
1200000,92140,CLAMART,92,Maison,124,6,127,2023
1200000,92140,CLAMART,92,Maison,124,6,796,2023
1200000,92140,CLAMART,92,Dépendance,0,0,127,2023
598000,92160,ANTONY,92,Dépendance,0,0,288,2023
598000,92160,ANTONY,92,Maison,62,3,288,2023
1478930,92130,ISSY-LES-MOULINEAUX,92,Maison,124,4,115,2023
1180000,92210,SAINT-CLOUD,92,Maison,80,4,303,2023
588600,92370,CHAVILLE,92,Maison,48,2,173,2023
461400,92160,ANTONY,92,Maison,83,4,186,2023
2200000,92140,CLAMART,92,Maison,184,8,490,2023
2200000,92140,CLAMART,92,Dépendance,0,0,490,2023
975715,92310,SEVRES,92,Maison,73,3,134,2023
975715,92310,SEVRES,92,Dépendance,0,0,134,2023
455000,92160,ANTONY,92,Maison,98,4,442,2023
535000,92130,ISSY-LES-MOULINEAUX,92,Maison,80,3,158,2023
1775000,92340,BOURG-LA-REINE,92,Maison,38,1,426,2023
1775000,92340,BOURG-LA-REINE,92,Dépendance,0,0,426,2023
1775000,92340,BOURG-LA-REINE,92,Maison,191,6,578,2023
1775000,92340,BOURG-LA-REINE,92,Maison,38,1,578,2023
1775000,92340,BOURG-LA-REINE,92,Dépendance,0,0,578,2023
1775000,92340,BOURG-LA-REINE,92,Maison,191,6,426,2023
750000,92160,ANTONY,92,Dépendance,0,0,404,2023
750000,92160,ANTONY,92,Maison,70,3,404,2023
600000,92160,ANTONY,92,Maison,139,6,320,2023
600000,92160,ANTONY,92,Dépendance,0,0,320,2023
715000,92320,CHATILLON,92,Maison,60,4,442,2023
834400,92160,ANTONY,92,Maison,60,2,186,2023
801200,92320,CHATILLON,92,Maison,110,6,167,2023
975610,92140,CLAMART,92,Maison,72,3,333,2023
861570,92140,CLAMART,92,Maison,130,7,228,2023
950000,92330,SCEAUX,92,Local industriel. commercial ou assimilé,70,0,304,2023
737300,92350,LE PLESSIS-ROBINSON,92,Maison,98,4,87,2023
860000,92140,CLAMART,92,Maison,130,5,260,2023
920000,92290,CHATENAY-MALABRY,92,Local industriel. commercial ou assimilé,74,0,355,2023
920000,92290,CHATENAY-MALABRY,92,Local industriel. commercial ou assimilé,28,0,355,2023
920000,92290,CHATENAY-MALABRY,92,Local industriel. commercial ou assimilé,213,0,355,2023
920000,92290,CHATENAY-MALABRY,92,Local industriel. commercial ou assimilé,46,0,355,2023
1566170,92420,VAUCRESSON,92,Maison,171,6,400,2023
1566170,92420,VAUCRESSON,92,Maison,171,6,547,2023
680000,92380,GARCHES,92,Dépendance,0,0,271,2023
680000,92380,GARCHES,92,Maison,68,4,271,2023
888400,92190,MEUDON,92,Maison,94,4,140,2023
567000,92160,ANTONY,92,Maison,71,4,327,2023
321300,92220,BAGNEUX,92,Maison,61,3,139,2023
828000,92320,CHATILLON,92,Dépendance,0,0,76,2023
828000,92320,CHATILLON,92,Maison,75,3,76,2023
828000,92320,CHATILLON,92,Dépendance,0,0,631,2023
828000,92320,CHATILLON,92,Maison,75,3,631,2023
1250000,92220,BAGNEUX,92,Maison,150,6,663,2023
1250000,92220,BAGNEUX,92,Maison,150,6,111,2023
725000,92370,CHAVILLE,92,Maison,116,4,126,2023
840000,92240,MALAKOFF,92,Maison,75,3,308,2023
2221800,92140,CLAMART,92,Maison,304,6,762,2023
1950100,92170,VANVES,92,Maison,143,9,112,2023
552900,92310,SEVRES,92,Maison,60,4,220,2023
509130,92160,ANTONY,92,Maison,50,3,39,2023
1149150,92330,SCEAUX,92,Dépendance,0,0,300,2023
1149150,92330,SCEAUX,92,Maison,132,4,300,2023
1020000,92290,CHATENAY-MALABRY,92,Maison,115,4,31,2023
720000,92350,LE PLESSIS-ROBINSON,92,Maison,110,4,297,2023
583786,92120,MONTROUGE,92,Local industriel. commercial ou assimilé,33,0,220,2023
583786,92120,MONTROUGE,92,Local industriel. commercial ou assimilé,38,0,220,2023
583786,92120,MONTROUGE,92,Appartement,40,2,220,2023
235000,92310,SEVRES,92,Maison,40,4,137,2023
1541950,92340,BOURG-LA-REINE,92,Maison,154,7,498,2023
850000,92140,CLAMART,92,Maison,105,4,103,2023
1500000,92380,GARCHES,92,Maison,77,4,101,2023
970000,92210,SAINT-CLOUD,92,Maison,114,5,211,2023
927785,92160,ANTONY,92,Maison,147,6,188,2023
1150000,92140,CLAMART,92,Dépendance,0,0,369,2023
1150000,92140,CLAMART,92,Maison,85,4,369,2023
1100000,92140,CLAMART,92,Maison,100,3,253,2023
924000,92140,CLAMART,92,Dépendance,0,0,508,2023
924000,92140,CLAMART,92,Maison,110,5,508,2023
1607145,92310,SEVRES,92,Dépendance,0,0,757,2023
1607145,92310,SEVRES,92,Maison,160,8,757,2023
600000,92160,ANTONY,92,Dépendance,0,0,532,2023
600000,92160,ANTONY,92,Maison,80,5,532,2023
463950,92160,ANTONY,92,Maison,122,4,287,2023
2181850,92100,BOULOGNE-BILLANCOURT,92,Maison,95,5,122,2023
260000,92160,ANTONY,92,Dépendance,0,0,395,2023
260000,92160,ANTONY,92,Maison,98,4,395,2023
854000,92370,CHAVILLE,92,Maison,103,4,521,2023
2614200,92420,VAUCRESSON,92,Maison,229,7,600,2023
2614200,92420,VAUCRESSON,92,Maison,229,7,492,2023
875450,92160,ANTONY,92,Maison,140,6,341,2023
1729000,92140,CLAMART,92,Maison,133,6,983,2023
1729000,92140,CLAMART,92,Maison,133,6,76,2023
1230000,92240,MALAKOFF,92,Maison,96,5,467,2023
412600,92260,FONTENAY-AUX-ROSES,92,Maison,100,3,144,2023
425000,92140,CLAMART,92,Maison,98,4,144,2023
950500,92340,BOURG-LA-REINE,92,Maison,131,7,343,2023
760000,92140,CLAMART,92,Maison,140,5,325,2023
728155,92190,MEUDON,92,Maison,102,5,179,2023
780000,92260,FONTENAY-AUX-ROSES,92,Dépendance,0,0,321,2023
780000,92260,FONTENAY-AUX-ROSES,92,Maison,27,1,321,2023
780000,92260,FONTENAY-AUX-ROSES,92,Maison,88,3,321,2023
2290179,92380,GARCHES,92,Maison,280,9,205,2023
2290179,92380,GARCHES,92,Maison,280,9,700,2023
723000,92140,CLAMART,92,Dépendance,0,0,208,2023
723000,92140,CLAMART,92,Maison,87,5,208,2023
1681700,92120,MONTROUGE,92,Maison,132,4,214,2023
635790,92160,ANTONY,92,Maison,107,3,477,2023
635790,92160,ANTONY,92,Dépendance,0,0,477,2023
154000,92130,ISSY-LES-MOULINEAUX,92,Dépendance,0,0,68,2023
609000,92310,SEVRES,92,Maison,62,4,297,2023
645000,92160,ANTONY,92,Dépendance,0,0,341,2023
645000,92160,ANTONY,92,Maison,100,4,341,2023
3289626,92290,CHATENAY-MALABRY,92,Local industriel. commercial ou assimilé,757,0,955,2023
360000,92160,ANTONY,92,Maison,64,2,135,2023
360000,92160,ANTONY,92,Dépendance,0,0,135,2023
1235000,92420,VAUCRESSON,92,Maison,144,8,605,2023
760000,92190,MEUDON,92,Maison,82,4,171,2023
889950,92310,SEVRES,92,Maison,85,3,100,2023
440300,92140,CLAMART,92,Maison,62,3,260,2023
883000,92140,CLAMART,92,Dépendance,0,0,323,2023
883000,92140,CLAMART,92,Maison,129,6,323,2023
745000,92380,GARCHES,92,Maison,62,2,202,2023
913500,92170,VANVES,92,Maison,120,5,146,2023
913500,92170,VANVES,92,Dépendance,0,0,146,2023
1096138,92380,GARCHES,92,Maison,177,6,167,2023
810000,92240,MALAKOFF,92,Maison,111,6,248,2023
1045000,92380,GARCHES,92,Maison,69,3,259,2023
4500000,92100,BOULOGNE-BILLANCOURT,92,Local industriel. commercial ou assimilé,125,0,213,2023
1238300,92260,FONTENAY-AUX-ROSES,92,Dépendance,0,0,492,2023
1238300,92260,FONTENAY-AUX-ROSES,92,Maison,135,6,492,2023
665000,92160,ANTONY,92,Maison,99,5,367,2023
743700,92240,MALAKOFF,92,Maison,80,4,64,2023
1040000,92260,FONTENAY-AUX-ROSES,92,Dépendance,0,0,410,2023
1040000,92260,FONTENAY-AUX-ROSES,92,Maison,143,5,410,2023
1688248,92210,SAINT-CLOUD,92,Maison,160,5,329,2023
1021900,92310,SEVRES,92,Maison,130,5,365,2023
1784000,92380,GARCHES,92,Appartement,64,3,750,2023
1784000,92380,GARCHES,92,Dépendance,0,0,750,2023
1784000,92380,GARCHES,92,Appartement,51,2,750,2023
1784000,92380,GARCHES,92,Appartement,52,2,750,2023
560000,92190,MEUDON,92,Maison,42,3,466,2023
560000,92190,MEUDON,92,Dépendance,0,0,466,2023
740000,92140,CLAMART,92,Maison,94,5,319,2023
868900,92160,ANTONY,92,Maison,45,3,188,2023
300000,92100,BOULOGNE-BILLANCOURT,92,Local industriel. commercial ou assimilé,180,0,149,2023
400000,92140,CLAMART,92,Maison,51,3,677,2023
1287500,92320,CHATILLON,92,Dépendance,0,0,182,2023
1287500,92320,CHATILLON,92,Appartement,32,2,182,2023
1287500,92320,CHATILLON,92,Appartement,60,5,182,2023
1287500,92320,CHATILLON,92,Maison,39,4,182,2023
1287500,92320,CHATILLON,92,Dépendance,0,0,840,2023
1287500,92320,CHATILLON,92,Maison,39,4,840,2023
1287500,92320,CHATILLON,92,Appartement,32,2,840,2023
1287500,92320,CHATILLON,92,Appartement,60,5,840,2023
772000,92320,CHATILLON,92,Maison,120,4,143,2023
614720,92140,CLAMART,92,Maison,75,4,375,2023
1725000,92190,MEUDON,92,Maison,153,7,503,2023
425000,92320,CHATILLON,92,Maison,83,3,117,2023
420000,92190,MEUDON,92,Maison,49,2,128,2023
1300000,92130,ISSY-LES-MOULINEAUX,92,Appartement,54,2,333,2023
1300000,92130,ISSY-LES-MOULINEAUX,92,Maison,24,2,333,2023
1300000,92130,ISSY-LES-MOULINEAUX,92,Maison,40,1,333,2023
1300000,92130,ISSY-LES-MOULINEAUX,92,Dépendance,0,0,333,2023
1300000,92130,ISSY-LES-MOULINEAUX,92,Appartement,64,2,333,2023
1415000,92210,SAINT-CLOUD,92,Dépendance,0,0,355,2023
1415000,92210,SAINT-CLOUD,92,Maison,125,5,355,2023
1830000,92240,MALAKOFF,92,Maison,254,9,472,2023
450000,92140,CLAMART,92,Maison,63,2,174,2023
1040000,92430,MARNES-LA-COQUETTE,92,Maison,135,5,520,2023
1939620,92100,BOULOGNE-BILLANCOURT,92,Maison,150,7,207,2023
2650000,92140,CLAMART,92,Maison,84,3,1198,2023
2650000,92140,CLAMART,92,Dépendance,0,0,450,2023
2650000,92140,CLAMART,92,Maison,84,3,450,2023
2650000,92140,CLAMART,92,Dépendance,0,0,1198,2023
930000,92240,MALAKOFF,92,Maison,80,3,111,2023
955100,92340,BOURG-LA-REINE,92,Maison,135,5,377,2023
666580,92370,CHAVILLE,92,Local industriel. commercial ou assimilé,21,0,109,2023
666580,92370,CHAVILLE,92,Dépendance,0,0,109,2023
666580,92370,CHAVILLE,92,Maison,124,5,109,2023
628154,92130,ISSY-LES-MOULINEAUX,92,Maison,95,4,81,2023
650000,92350,LE PLESSIS-ROBINSON,92,Maison,88,5,367,2023
650000,92350,LE PLESSIS-ROBINSON,92,Dépendance,0,0,367,2023
930000,92380,GARCHES,92,Dépendance,0,0,85,2023
930000,92380,GARCHES,92,Maison,165,7,85,2023
400000,92140,CLAMART,92,Maison,72,4,159,2023
400000,92140,CLAMART,92,Dépendance,0,0,159,2023
760000,92260,FONTENAY-AUX-ROSES,92,Dépendance,0,0,652,2023
760000,92260,FONTENAY-AUX-ROSES,92,Maison,80,4,652,2023
2210000,92100,BOULOGNE-BILLANCOURT,92,Appartement,56,3,157,2023
2210000,92100,BOULOGNE-BILLANCOURT,92,Appartement,32,1,157,2023
2210000,92100,BOULOGNE-BILLANCOURT,92,Dépendance,0,0,157,2023
1341635,92340,BOURG-LA-REINE,92,Maison,95,4,373,2023
84000000,92350,LE PLESSIS-ROBINSON,92,Local industriel. commercial ou assimilé,18425,0,6594,2023
84000000,92350,LE PLESSIS-ROBINSON,92,Local industriel. commercial ou assimilé,738,0,6594,2023
839100,92190,MEUDON,92,Maison,107,5,199,2023
375000,92370,CHAVILLE,92,Dépendance,0,0,251,2023
375000,92370,CHAVILLE,92,Maison,125,4,251,2023
1520693,92380,GARCHES,92,Maison,220,8,182,2023
1520693,92380,GARCHES,92,Maison,220,8,500,2023
730000,92220,BAGNEUX,92,Maison,119,5,261,2023
770000,92160,ANTONY,92,Maison,85,5,217,2023
3270000,92160,ANTONY,92,Dépendance,0,0,633,2023
3270000,92160,ANTONY,92,Appartement,46,3,633,2023
3270000,92160,ANTONY,92,Appartement,80,3,633,2023
3270000,92160,ANTONY,92,Appartement,104,4,633,2023
3270000,92160,ANTONY,92,Local industriel. commercial ou assimilé,2692,0,633,2023
3270000,92160,ANTONY,92,Local industriel. commercial ou assimilé,127,0,633,2023
3270000,92160,ANTONY,92,Local industriel. commercial ou assimilé,39,0,633,2023
3270000,92160,ANTONY,92,Local industriel. commercial ou assimilé,330,0,319,2023
3000000,92120,MONTROUGE,92,Local industriel. commercial ou assimilé,80,0,431,2023
3000000,92120,MONTROUGE,92,Local industriel. commercial ou assimilé,130,0,431,2023
3000000,92120,MONTROUGE,92,Local industriel. commercial ou assimilé,156,0,431,2023
1150000,92260,FONTENAY-AUX-ROSES,92,Maison,90,4,511,2023
1150000,92260,FONTENAY-AUX-ROSES,92,Dépendance,0,0,511,2023
517000,92140,CLAMART,92,Maison,42,3,342,2023
800000,92160,ANTONY,92,Maison,104,4,265,2023
803880,92160,ANTONY,92,Dépendance,0,0,229,2023
803880,92160,ANTONY,92,Maison,120,5,229,2023
649000,92290,CHATENAY-MALABRY,92,Maison,94,4,205,2023
895000,92350,LE PLESSIS-ROBINSON,92,Maison,97,4,295,2023
408000,92130,ISSY-LES-MOULINEAUX,92,Maison,56,3,49,2023
550000,92370,CHAVILLE,92,Maison,67,3,182,2023
340000,92260,FONTENAY-AUX-ROSES,92,Maison,25,2,228,2023
1543370,92140,CLAMART,92,Dépendance,0,0,286,2023
1543370,92140,CLAMART,92,Maison,169,7,286,2023
1620000,92140,CLAMART,92,Local industriel. commercial ou assimilé,500,0,378,2023
690000,92260,FONTENAY-AUX-ROSES,92,Maison,35,1,320,2023
1670000,92330,SCEAUX,92,Dépendance,0,0,391,2023
1670000,92330,SCEAUX,92,Maison,139,5,391,2023
2008600,92330,SCEAUX,92,Maison,204,7,453,2023
620000,92170,VANVES,92,Dépendance,0,0,60,2023
620000,92170,VANVES,92,Maison,59,4,60,2023
380000,92160,ANTONY,92,Maison,80,4,188,2023
685000,92240,MALAKOFF,92,Maison,90,5,153,2023
736000,92160,ANTONY,92,Maison,149,5,375,2023
961600,92370,CHAVILLE,92,Dépendance,0,0,548,2023
961600,92370,CHAVILLE,92,Maison,114,6,548,2023
557000,92160,ANTONY,92,Maison,96,6,404,2023
100000,92160,ANTONY,92,Maison,70,4,271,2023
118788,92220,BAGNEUX,92,Maison,125,7,307,2023
800000,92140,CLAMART,92,Local industriel. commercial ou assimilé,450,0,430,2023
1000000,92140,CLAMART,92,Maison,62,3,172,2023
796300,92220,BAGNEUX,92,Maison,120,4,253,2023
2269650,92210,SAINT-CLOUD,92,Maison,280,10,882,2023
2269650,92210,SAINT-CLOUD,92,Maison,280,10,217,2023
421569,92380,GARCHES,92,Maison,27,3,102,2023
580000,92240,MALAKOFF,92,Maison,80,3,86,2023
2600000,92120,MONTROUGE,92,Dépendance,0,0,267,2023
2600000,92120,MONTROUGE,92,Appartement,52,3,267,2023
2600000,92120,MONTROUGE,92,Appartement,55,3,267,2023
2600000,92120,MONTROUGE,92,Appartement,85,4,267,2023
2600000,92120,MONTROUGE,92,Appartement,17,1,267,2023
2600000,92120,MONTROUGE,92,Appartement,53,3,267,2023
2600000,92120,MONTROUGE,92,Appartement,24,2,267,2023
900000,92160,ANTONY,92,Maison,156,9,320,2023
1036000,92320,CHATILLON,92,Maison,170,6,514,2023
1475000,92420,VAUCRESSON,92,Maison,186,7,800,2023
1120000,92190,MEUDON,92,Local industriel. commercial ou assimilé,38,0,252,2023
1120000,92190,MEUDON,92,Maison,126,4,252,2023
1525310,92330,SCEAUX,92,Maison,187,9,384,2023
732235,92140,CLAMART,92,Maison,124,5,221,2023
727900,92330,SCEAUX,92,Maison,29,2,574,2023
380000,92310,SEVRES,92,Maison,100,4,120,2023
665000,92410,VILLE-D'AVRAY,92,Maison,280,6,4251,2023
665000,92410,VILLE-D'AVRAY,92,Maison,280,6,500,2023
665000,92410,VILLE-D'AVRAY,92,Dépendance,0,0,4251,2023
665000,92410,VILLE-D'AVRAY,92,Dépendance,0,0,500,2023
630000,92140,CLAMART,92,Dépendance,0,0,375,2023
630000,92140,CLAMART,92,Maison,92,7,375,2023
700000,92240,MALAKOFF,92,Maison,79,4,240,2023
480000,92240,MALAKOFF,92,Local industriel. commercial ou assimilé,25,0,71,2023
480000,92240,MALAKOFF,92,Appartement,30,2,71,2023
480000,92240,MALAKOFF,92,Dépendance,0,0,71,2023
480000,92240,MALAKOFF,92,Appartement,47,3,71,2023
480000,92240,MALAKOFF,92,Local industriel. commercial ou assimilé,41,0,71,2023
417000,92370,CHAVILLE,92,Maison,92,4,84,2023
1220000,92130,ISSY-LES-MOULINEAUX,92,Maison,102,4,340,2023
943000,92190,MEUDON,92,Maison,84,3,198,2023
1305000,92420,VAUCRESSON,92,Dépendance,0,0,275,2023
1305000,92420,VAUCRESSON,92,Maison,110,3,275,2023
825900,92260,FONTENAY-AUX-ROSES,92,Dépendance,0,0,353,2023
825900,92260,FONTENAY-AUX-ROSES,92,Maison,103,5,353,2023
2012500,92100,BOULOGNE-BILLANCOURT,92,Maison,160,7,194,2023
332000,92420,VAUCRESSON,92,Maison,96,4,290,2023
332000,92420,VAUCRESSON,92,Dépendance,0,0,290,2023
1410112,92420,VAUCRESSON,92,Dépendance,0,0,1052,2023
1410112,92420,VAUCRESSON,92,Maison,240,6,1052,2023
1410112,92420,VAUCRESSON,92,Dépendance,0,0,171,2023
1410112,92420,VAUCRESSON,92,Maison,240,6,171,2023
588000,92160,ANTONY,92,Maison,126,4,311,2023
2101450,92210,SAINT-CLOUD,92,Maison,185,6,607,2023
1550000,92380,GARCHES,92,Dépendance,0,0,432,2023
1550000,92380,GARCHES,92,Maison,238,5,432,2023
1233230,92140,CLAMART,92,Dépendance,0,0,269,2023
1233230,92140,CLAMART,92,Maison,150,7,269,2023
540500,92340,BOURG-LA-REINE,92,Maison,54,3,493,2023
540500,92340,BOURG-LA-REINE,92,Dépendance,0,0,493,2023
1094600,92380,GARCHES,92,Maison,100,4,665,2023
456400,92370,CHAVILLE,92,Maison,142,3,202,2023
97500,92160,ANTONY,92,Dépendance,0,0,216,2023
97500,92160,ANTONY,92,Maison,115,3,216,2023
440000,92160,ANTONY,92,Local industriel. commercial ou assimilé,101,0,378,2023
440000,92160,ANTONY,92,Appartement,50,3,378,2023
606500,92290,CHATENAY-MALABRY,92,Maison,93,3,263,2023
519600,92380,GARCHES,92,Maison,45,3,150,2023
794430,92370,CHAVILLE,92,Maison,98,5,282,2023
1040000,92310,SEVRES,92,Maison,122,7,169,2023
1259550,92370,CHAVILLE,92,Maison,200,8,750,2023
2185800,92310,SEVRES,92,Maison,222,4,630,2023
181160,92190,MEUDON,92,Maison,25,2,168,2023
1127000,92140,CLAMART,92,Maison,145,4,477,2023
987350,92160,ANTONY,92,Maison,192,7,462,2023
987350,92160,ANTONY,92,Dépendance,0,0,462,2023
951630,92190,MEUDON,92,Maison,88,4,111,2023
705000,92240,MALAKOFF,92,Appartement,53,3,171,2023
705000,92240,MALAKOFF,92,Dépendance,0,0,171,2023
625000,92330,SCEAUX,92,Dépendance,0,0,330,2023
625000,92330,SCEAUX,92,Maison,84,4,330,2023
1442500,92380,GARCHES,92,Maison,110,6,402,2023
2121000,92130,ISSY-LES-MOULINEAUX,92,Maison,136,6,616,2023
850000,92190,MEUDON,92,Maison,96,1,218,2023
497500,92160,ANTONY,92,Maison,81,5,161,2023
270600,92350,LE PLESSIS-ROBINSON,92,Maison,43,2,175,2023
270600,92350,LE PLESSIS-ROBINSON,92,Dépendance,0,0,175,2023
920000,92120,MONTROUGE,92,Maison,85,4,184,2023
920000,92120,MONTROUGE,92,Dépendance,0,0,184,2023
625000,92320,CHATILLON,92,Maison,45,3,510,2023
710000,92160,ANTONY,92,Maison,141,6,457,2023
1045000,92340,BOURG-LA-REINE,92,Maison,135,6,296,2023
791000,92140,CLAMART,92,Maison,69,3,122,2023
921500,92160,ANTONY,92,Maison,115,5,503,2023
790000,92160,ANTONY,92,Maison,95,4,349,2023
3350000,92130,ISSY-LES-MOULINEAUX,92,Appartement,26,2,252,2023
3350000,92130,ISSY-LES-MOULINEAUX,92,Dépendance,0,0,252,2023
3350000,92130,ISSY-LES-MOULINEAUX,92,Appartement,54,3,252,2023
3350000,92130,ISSY-LES-MOULINEAUX,92,Appartement,27,2,252,2023
3350000,92130,ISSY-LES-MOULINEAUX,92,Appartement,26,1,252,2023
3350000,92130,ISSY-LES-MOULINEAUX,92,Appartement,23,2,252,2023
3350000,92130,ISSY-LES-MOULINEAUX,92,Local industriel. commercial ou assimilé,480,0,220,2023
3350000,92130,ISSY-LES-MOULINEAUX,92,Dépendance,0,0,191,2023
3350000,92130,ISSY-LES-MOULINEAUX,92,Maison,90,4,191,2023
555500,92340,BOURG-LA-REINE,92,Maison,65,5,166,2023
285000,92160,ANTONY,92,Dépendance,0,0,248,2023
285000,92160,ANTONY,92,Maison,30,3,248,2023
452500,92160,ANTONY,92,Dépendance,0,0,279,2023
452500,92160,ANTONY,92,Maison,42,4,279,2023
460000,92310,SEVRES,92,Maison,55,3,200,2023
1900000,92210,SAINT-CLOUD,92,Maison,158,8,511,2023
400000,92160,ANTONY,92,Local industriel. commercial ou assimilé,260,0,451,2023
909140,92370,CHAVILLE,92,Maison,115,5,263,2023
467000,92160,ANTONY,92,Maison,95,5,318,2023
846000,92140,CLAMART,92,Maison,95,6,141,2023
2531000,92420,VAUCRESSON,92,Dépendance,0,0,188,2023
2531000,92420,VAUCRESSON,92,Maison,235,7,188,2023
2531000,92420,VAUCRESSON,92,Dépendance,0,0,753,2023
2531000,92420,VAUCRESSON,92,Maison,235,7,753,2023
940000,92160,ANTONY,92,Dépendance,0,0,400,2023
940000,92160,ANTONY,92,Maison,195,5,400,2023
940000,92160,ANTONY,92,Local industriel. commercial ou assimilé,22,0,400,2023
480000,92160,ANTONY,92,Maison,75,4,452,2023
900000,92160,ANTONY,92,Maison,75,3,511,2023
1875350,92100,BOULOGNE-BILLANCOURT,92,Maison,157,5,108,2023
898469,92160,ANTONY,92,Maison,119,5,159,2023
1880000,92330,SCEAUX,92,Dépendance,0,0,346,2023
1880000,92330,SCEAUX,92,Maison,200,6,346,2023
1880000,92330,SCEAUX,92,Dépendance,0,0,654,2023
1880000,92330,SCEAUX,92,Maison,200,6,654,2023
534950,92160,ANTONY,92,Maison,80,4,327,2023
2490000,92410,VILLE-D'AVRAY,92,Maison,113,5,1600,2023
2490000,92410,VILLE-D'AVRAY,92,Maison,113,5,730,2023
406000,92140,CLAMART,92,Maison,88,5,271,2023
1834680,92380,GARCHES,92,Maison,198,5,336,2023
1162500,92370,CHAVILLE,92,Maison,166,7,506,2023
620000,92320,CHATILLON,92,Maison,121,5,451,2023
620000,92320,CHATILLON,92,Dépendance,0,0,451,2023
505000,92170,VANVES,92,Maison,42,3,132,2023
750000,92120,MONTROUGE,92,Maison,93,5,149,2023
750000,92120,MONTROUGE,92,Dépendance,0,0,149,2023
1023955,92370,CHAVILLE,92,Maison,65,4,512,2023
752000,92320,CHATILLON,92,Maison,80,3,15,2023
1145230,92310,SEVRES,92,Maison,228,9,506,2023
310000,92160,ANTONY,92,Maison,66,3,309,2023
790000,92330,SCEAUX,92,Maison,120,6,325,2023
642000,92350,LE PLESSIS-ROBINSON,92,Maison,84,4,242,2023
2136000,92100,BOULOGNE-BILLANCOURT,92,Appartement,46,3,197,2023
2136000,92100,BOULOGNE-BILLANCOURT,92,Maison,141,5,197,2023
2136000,92100,BOULOGNE-BILLANCOURT,92,Appartement,58,4,197,2023
2136000,92100,BOULOGNE-BILLANCOURT,92,Appartement,11,2,197,2023
2136000,92100,BOULOGNE-BILLANCOURT,92,Dépendance,0,0,197,2023
825000,92260,FONTENAY-AUX-ROSES,92,Maison,138,6,330,2023
2182400,92420,VAUCRESSON,92,Maison,200,6,1075,2023
1700000,92330,SCEAUX,92,Maison,280,9,350,2023
1700000,92330,SCEAUX,92,Maison,280,9,568,2023
905000,92290,CHATENAY-MALABRY,92,Maison,139,4,363,2023
1729350,92190,MEUDON,92,Dépendance,0,0,260,2023
1729350,92190,MEUDON,92,Maison,149,6,260,2023
700000,92160,ANTONY,92,Maison,105,5,252,2023
700000,92160,ANTONY,92,Dépendance,0,0,252,2023
770500,92140,CLAMART,92,Dépendance,0,0,384,2023
770500,92140,CLAMART,92,Appartement,15,1,384,2023
770500,92140,CLAMART,92,Appartement,47,2,384,2023
770500,92140,CLAMART,92,Appartement,13,1,384,2023
425000,92160,ANTONY,92,Maison,35,3,357,2023
900000,92210,SAINT-CLOUD,92,Dépendance,0,0,295,2023
900000,92210,SAINT-CLOUD,92,Maison,100,4,295,2023
1321880,92100,BOULOGNE-BILLANCOURT,92,Maison,111,5,68,2023
740000,92190,MEUDON,92,Dépendance,0,0,245,2023
740000,92190,MEUDON,92,Maison,124,5,245,2023
1050000,92130,ISSY-LES-MOULINEAUX,92,Maison,65,4,295,2023
1050000,92130,ISSY-LES-MOULINEAUX,92,Dépendance,0,0,295,2023
770000,92310,SEVRES,92,Maison,24,1,310,2023
810000,92370,CHAVILLE,92,Maison,90,5,316,2023
3350000,92120,MONTROUGE,92,Dépendance,0,0,241,2023
3350000,92120,MONTROUGE,92,Appartement,25,1,241,2023
3350000,92120,MONTROUGE,92,Appartement,41,2,241,2023
3350000,92120,MONTROUGE,92,Appartement,45,2,241,2023
3350000,92120,MONTROUGE,92,Appartement,44,2,241,2023
1,92330,SCEAUX,92,Dépendance,0,0,39,2023
1331000,92330,SCEAUX,92,Maison,118,8,547,2023
1331000,92330,SCEAUX,92,Maison,118,8,82,2023
542000,92310,SEVRES,92,Maison,62,3,157,2023
610000,92140,CLAMART,92,Maison,90,3,146,2023
895000,92370,CHAVILLE,92,Dépendance,0,0,528,2023
895000,92370,CHAVILLE,92,Maison,125,6,528,2023
768000,92370,CHAVILLE,92,Maison,139,6,248,2023
3704300,92310,SEVRES,92,Maison,360,6,720,2023
1177640,92380,GARCHES,92,Maison,110,4,282,2023
2132450,92100,BOULOGNE-BILLANCOURT,92,Maison,160,5,127,2023
2132450,92100,BOULOGNE-BILLANCOURT,92,Dépendance,0,0,127,2023
743000,92140,CLAMART,92,Maison,110,4,685,2023
9850000,92100,BOULOGNE-BILLANCOURT,92,Local industriel. commercial ou assimilé,338,0,818,2023
9850000,92100,BOULOGNE-BILLANCOURT,92,Local industriel. commercial ou assimilé,303,0,818,2023
9850000,92100,BOULOGNE-BILLANCOURT,92,Local industriel. commercial ou assimilé,337,0,818,2023
9850000,92100,BOULOGNE-BILLANCOURT,92,Local industriel. commercial ou assimilé,290,0,818,2023
9850000,92100,BOULOGNE-BILLANCOURT,92,Local industriel. commercial ou assimilé,246,0,818,2023
1920000,92380,GARCHES,92,Maison,178,6,600,2023
702000,92370,CHAVILLE,92,Maison,71,4,560,2023
1062300,92190,MEUDON,92,Maison,128,5,230,2023
710000,92320,CHATILLON,92,Maison,80,4,267,2023
790000,92190,MEUDON,92,Maison,81,4,162,2023
984550,92420,VAUCRESSON,92,Dépendance,0,0,343,2023
984550,92420,VAUCRESSON,92,Maison,158,6,343,2023
1155000,92140,CLAMART,92,Maison,170,6,335,2023
1155000,92140,CLAMART,92,Dépendance,0,0,335,2023
800000,92320,CHATILLON,92,Maison,102,4,181,2023
740000,92190,MEUDON,92,Dépendance,0,0,427,2023
740000,92190,MEUDON,92,Maison,107,4,427,2023
508800,92340,BOURG-LA-REINE,92,Maison,60,3,229,2023
528550,92220,BAGNEUX,92,Maison,97,4,464,2023
573800,92320,CHATILLON,92,Maison,80,5,313,2023
1343000,92340,BOURG-LA-REINE,92,Maison,153,5,1170,2023
1343000,92340,BOURG-LA-REINE,92,Dépendance,0,0,1170,2023
1343000,92340,BOURG-LA-REINE,92,Dépendance,0,0,125,2023
1343000,92340,BOURG-LA-REINE,92,Maison,153,5,125,2023
1175200,92240,MALAKOFF,92,Maison,110,5,114,2023
1175200,92240,MALAKOFF,92,Dépendance,0,0,114,2023
1278000,92140,CLAMART,92,Maison,151,4,483,2023
1278000,92140,CLAMART,92,Dépendance,0,0,483,2023
800000,92320,CHATILLON,92,Maison,101,4,260,2023
1055000,92340,BOURG-LA-REINE,92,Maison,147,8,459,2023
410000,92160,ANTONY,92,Maison,58,4,176,2023
410000,92160,ANTONY,92,Dépendance,0,0,176,2023
690300,92340,BOURG-LA-REINE,92,Maison,80,5,317,2023
520000,92350,LE PLESSIS-ROBINSON,92,Maison,63,4,254,2023
315912,92160,ANTONY,92,Maison,43,2,213,2023
315912,92160,ANTONY,92,Dépendance,0,0,213,2023
1727000,92190,MEUDON,92,Maison,200,8,485,2023
4200000,92100,BOULOGNE-BILLANCOURT,92,Dépendance,0,0,199,2023
4200000,92100,BOULOGNE-BILLANCOURT,92,Local industriel. commercial ou assimilé,396,0,199,2023
4200000,92100,BOULOGNE-BILLANCOURT,92,Appartement,100,4,199,2023
4200000,92100,BOULOGNE-BILLANCOURT,92,Local industriel. commercial ou assimilé,15,0,199,2023
986200,92320,CHATILLON,92,Maison,120,6,357,2023
480000,92160,ANTONY,92,Maison,70,3,276,2023
750000,92340,BOURG-LA-REINE,92,Maison,84,3,491,2023
611424,92240,MALAKOFF,92,Local industriel. commercial ou assimilé,23,0,123,2023
1424000,92120,MONTROUGE,92,Appartement,24,2,394,2023
1424000,92120,MONTROUGE,92,Maison,80,5,394,2023
1424000,92120,MONTROUGE,92,Appartement,30,3,394,2023
1424000,92120,MONTROUGE,92,Dépendance,0,0,394,2023
1150000,92330,SCEAUX,92,Maison,139,6,532,2023
1688100,92370,CHAVILLE,92,Maison,210,7,815,2023
1688100,92370,CHAVILLE,92,Maison,50,2,815,2023
600000,92320,CHATILLON,92,Maison,78,3,115,2023
845000,92220,BAGNEUX,92,Dépendance,0,0,110,2023
845000,92220,BAGNEUX,92,Maison,191,7,110,2023
1638300,92340,BOURG-LA-REINE,92,Maison,140,5,843,2023
1638300,92340,BOURG-LA-REINE,92,Dépendance,0,0,843,2023
530000,92140,CLAMART,92,Maison,70,3,65,2023
530000,92140,CLAMART,92,Maison,70,3,273,2023
1758888,92380,GARCHES,92,Maison,290,9,345,2023
1758888,92380,GARCHES,92,Dépendance,0,0,600,2023
1758888,92380,GARCHES,92,Maison,290,9,600,2023
1758888,92380,GARCHES,92,Dépendance,0,0,345,2023
1410100,92380,GARCHES,92,Maison,160,5,576,2023
1064600,92340,BOURG-LA-REINE,92,Maison,101,5,219,2023
3445000,92100,BOULOGNE-BILLANCOURT,92,Maison,160,5,422,2023
3445000,92100,BOULOGNE-BILLANCOURT,92,Dépendance,0,0,422,2023
1850000,92210,SAINT-CLOUD,92,Maison,165,8,375,2023
1850000,92210,SAINT-CLOUD,92,Maison,165,8,685,2023
1850000,92210,SAINT-CLOUD,92,Dépendance,0,0,375,2023
1850000,92210,SAINT-CLOUD,92,Dépendance,0,0,685,2023
680000,92100,BOULOGNE-BILLANCOURT,92,Maison,48,4,48,2023
41700,92370,CHAVILLE,92,Dépendance,0,0,133,2023
1440000,92380,GARCHES,92,Maison,166,6,698,2023
1064800,92420,VAUCRESSON,92,Dépendance,0,0,715,2023
1064800,92420,VAUCRESSON,92,Maison,136,4,715,2023
654100,92370,CHAVILLE,92,Maison,85,3,244,2023
370000,92130,ISSY-LES-MOULINEAUX,92,Maison,47,3,92,2023
515000,92160,ANTONY,92,Maison,60,3,305,2023
515000,92160,ANTONY,92,Dépendance,0,0,305,2023
310000,92140,CLAMART,92,Maison,56,3,103,2023
456500,92140,CLAMART,92,Dépendance,0,0,252,2023
456500,92140,CLAMART,92,Maison,100,5,252,2023
760000,92260,FONTENAY-AUX-ROSES,92,Maison,130,5,503,2023
520000,92260,FONTENAY-AUX-ROSES,92,Local industriel. commercial ou assimilé,131,0,262,2023
520000,92260,FONTENAY-AUX-ROSES,92,Maison,70,6,262,2023
520000,92260,FONTENAY-AUX-ROSES,92,Dépendance,0,0,262,2023
726000,92160,ANTONY,92,Dépendance,0,0,252,2023
726000,92160,ANTONY,92,Maison,124,5,252,2023
1496900,92130,ISSY-LES-MOULINEAUX,92,Maison,133,4,106,2023
1063500,92310,SEVRES,92,Maison,100,5,443,2023
1400000,92240,MALAKOFF,92,Local industriel. commercial ou assimilé,970,0,982,2023
295250,92160,ANTONY,92,Maison,120,6,343,2023
897200,92340,BOURG-LA-REINE,92,Maison,140,6,152,2023
1352400,92190,MEUDON,92,Maison,130,3,280,2023
2434800,92380,GARCHES,92,Maison,271,6,130,2023
2434800,92380,GARCHES,92,Dépendance,0,0,130,2023
990000,92330,SCEAUX,92,Maison,95,6,252,2023
726000,92160,ANTONY,92,Maison,126,5,167,2023
872650,92260,FONTENAY-AUX-ROSES,92,Maison,120,5,248,2023
704000,92140,CLAMART,92,Dépendance,0,0,274,2023
704000,92140,CLAMART,92,Maison,63,4,274,2023
885000,92120,MONTROUGE,92,Maison,90,5,141,2023
525000,92320,CHATILLON,92,Maison,50,3,112,2023
525000,92320,CHATILLON,92,Dépendance,0,0,112,2023
861190,92240,MALAKOFF,92,Dépendance,0,0,167,2023
861190,92240,MALAKOFF,92,Maison,99,5,167,2023
945000,92240,MALAKOFF,92,Maison,112,5,165,2023
1718950,92420,VAUCRESSON,92,Maison,220,6,735,2023
1215000,92120,MONTROUGE,92,Maison,139,5,117,2023
1215000,92120,MONTROUGE,92,Maison,140,5,117,2023
680000,92140,CLAMART,92,Maison,65,3,147,2023
680000,92140,CLAMART,92,Dépendance,0,0,147,2023
948500,92140,CLAMART,92,Maison,113,4,415,2023
520000,92100,BOULOGNE-BILLANCOURT,92,Maison,25,2,231,2023
2464720,92380,GARCHES,92,Maison,230,12,450,2023
2464720,92380,GARCHES,92,Dépendance,0,0,450,2023
2464720,92380,GARCHES,92,Maison,40,4,450,2023
2464720,92380,GARCHES,92,Dépendance,0,0,500,2023
2464720,92380,GARCHES,92,Maison,230,12,500,2023
2464720,92380,GARCHES,92,Maison,40,4,500,2023
1505386,92430,MARNES-LA-COQUETTE,92,Maison,122,5,550,2023
1505386,92430,MARNES-LA-COQUETTE,92,Dépendance,0,0,550,2023
1340000,92420,VAUCRESSON,92,Maison,131,4,525,2023
550000,92140,CLAMART,92,Maison,60,4,226,2023
761700,92140,CLAMART,92,Maison,104,3,231,2023
340000,92240,MALAKOFF,92,Appartement,15,1,66,2023
340000,92240,MALAKOFF,92,Dépendance,0,0,66,2023
820000,92320,CHATILLON,92,Maison,118,6,348,2023
820000,92320,CHATILLON,92,Dépendance,0,0,348,2023
2015000,92120,MONTROUGE,92,Local industriel. commercial ou assimilé,209,0,311,2023
2015000,92120,MONTROUGE,92,Local industriel. commercial ou assimilé,8,0,311,2023
2015000,92120,MONTROUGE,92,Appartement,50,3,311,2023
2015000,92120,MONTROUGE,92,Appartement,46,3,311,2023
2015000,92120,MONTROUGE,92,Appartement,50,2,311,2023
2015000,92120,MONTROUGE,92,Dépendance,0,0,311,2023
2015000,92120,MONTROUGE,92,Appartement,23,1,311,2023
2015000,92120,MONTROUGE,92,Appartement,28,2,311,2023
1459000,92100,BOULOGNE-BILLANCOURT,92,Local industriel. commercial ou assimilé,0,0,76,2023
1459000,92100,BOULOGNE-BILLANCOURT,92,Maison,106,4,76,2023
1819000,92310,SEVRES,92,Maison,150,7,625,2023
1699700,92140,CLAMART,92,Maison,212,8,829,2023
600000,92330,SCEAUX,92,Maison,148,6,290,2023
320000,92190,MEUDON,92,Maison,34,2,200,2023
1250000,92380,GARCHES,92,Dépendance,0,0,620,2023
1250000,92380,GARCHES,92,Appartement,76,3,620,2023
1250000,92380,GARCHES,92,Appartement,82,3,620,2023
1250000,92380,GARCHES,92,Appartement,76,3,120,2023
1250000,92380,GARCHES,92,Dépendance,0,0,120,2023
1250000,92380,GARCHES,92,Appartement,82,3,120,2023
932000,92140,CLAMART,92,Maison,99,4,284,2023
502150,92240,MALAKOFF,92,Maison,78,4,162,2023
365000,92220,BAGNEUX,92,Dépendance,0,0,120,2023
365000,92220,BAGNEUX,92,Maison,85,4,120,2023
365000,92220,BAGNEUX,92,Local industriel. commercial ou assimilé,51,0,120,2023
845060,92140,CLAMART,92,Maison,140,3,187,2023
1481876,92140,CLAMART,92,Maison,188,7,225,2023
1481876,92140,CLAMART,92,Dépendance,0,0,225,2023
1775075,92410,VILLE-D'AVRAY,92,Maison,140,5,998,2023
24017796,92130,ISSY-LES-MOULINEAUX,92,Maison,60,4,221,2023
24017796,92130,ISSY-LES-MOULINEAUX,92,Appartement,33,2,1060,2023
24017796,92130,ISSY-LES-MOULINEAUX,92,Appartement,21,1,1060,2023
24017796,92130,ISSY-LES-MOULINEAUX,92,Appartement,25,2,1060,2023
24017796,92130,ISSY-LES-MOULINEAUX,92,Appartement,36,2,1060,2023
24017796,92130,ISSY-LES-MOULINEAUX,92,Appartement,38,2,1060,2023
24017796,92130,ISSY-LES-MOULINEAUX,92,Local industriel. commercial ou assimilé,145,0,1060,2023
24017796,92130,ISSY-LES-MOULINEAUX,92,Appartement,35,2,1060,2023
24017796,92130,ISSY-LES-MOULINEAUX,92,Local industriel. commercial ou assimilé,108,0,1060,2023
24017796,92130,ISSY-LES-MOULINEAUX,92,Appartement,13,1,1060,2023
24017796,92130,ISSY-LES-MOULINEAUX,92,Local industriel. commercial ou assimilé,729,0,832,2023
24017796,92130,ISSY-LES-MOULINEAUX,92,Dépendance,0,0,315,2023
660000,92140,CLAMART,92,Maison,60,3,106,2023
2026500,92310,SEVRES,92,Maison,216,4,271,2023
2026500,92310,SEVRES,92,Dépendance,0,0,271,2023
2026500,92310,SEVRES,92,Maison,216,4,500,2023
2026500,92310,SEVRES,92,Dépendance,0,0,500,2023
370000,92320,CHATILLON,92,Dépendance,0,0,402,2023
370000,92320,CHATILLON,92,Local industriel. commercial ou assimilé,30,0,402,2023
370000,92320,CHATILLON,92,Appartement,35,3,402,2023
370000,92320,CHATILLON,92,Appartement,70,1,402,2023
295000,92370,CHAVILLE,92,Maison,40,3,340,2023
295000,92370,CHAVILLE,92,Local industriel. commercial ou assimilé,0,0,340,2023
826000,92370,CHAVILLE,92,Maison,95,3,384,2023
1440000,92160,ANTONY,92,Maison,130,5,300,2023
850000,92190,MEUDON,92,Dépendance,0,0,198,2023
850000,92190,MEUDON,92,Appartement,45,2,198,2023
850000,92190,MEUDON,92,Appartement,46,2,198,2023
850000,92190,MEUDON,92,Local industriel. commercial ou assimilé,46,0,198,2023
850000,92190,MEUDON,92,Appartement,26,1,198,2023
938115,92370,CHAVILLE,92,Maison,108,5,365,2023
650000,92160,ANTONY,92,Maison,89,4,200,2023
1501445,92170,VANVES,92,Maison,147,4,176,2023
885467,92330,SCEAUX,92,Maison,136,5,588,2023
990000,92140,CLAMART,92,Maison,141,4,214,2023
1503775,92310,SEVRES,92,Dépendance,0,0,354,2023
1503775,92310,SEVRES,92,Maison,190,6,354,2023
2750000,92380,GARCHES,92,Dépendance,0,0,1905,2023
2750000,92380,GARCHES,92,Maison,250,4,1905,2023
139000,92160,ANTONY,92,Appartement,30,1,47,2023
625630,92190,MEUDON,92,Maison,58,4,91,2023
850000,92160,ANTONY,92,Maison,124,5,607,2023
662500,92380,GARCHES,92,Maison,161,6,146,2023
440000,92240,MALAKOFF,92,Maison,59,3,169,2023
440000,92240,MALAKOFF,92,Appartement,6,1,169,2023
900000,92330,SCEAUX,92,Dépendance,0,0,342,2023
900000,92330,SCEAUX,92,Maison,47,3,342,2023
630000,92140,CLAMART,92,Maison,65,2,98,2023
579750,92350,LE PLESSIS-ROBINSON,92,Maison,160,8,360,2023
440000,92160,ANTONY,92,Dépendance,0,0,359,2023
440000,92160,ANTONY,92,Maison,64,3,359,2023
880000,92240,MALAKOFF,92,Maison,58,3,94,2023
1400000,92310,SEVRES,92,Maison,180,6,800,2023
827200,92140,CLAMART,92,Maison,75,3,131,2023
1025000,92120,MONTROUGE,92,Maison,90,3,147,2023
980000,92320,CHATILLON,92,Maison,200,8,519,2023
705000,92240,MALAKOFF,92,Dépendance,0,0,152,2023
705000,92240,MALAKOFF,92,Maison,61,3,152,2023
1537000,92370,CHAVILLE,92,Dépendance,0,0,326,2023
1537000,92370,CHAVILLE,92,Maison,172,8,326,2023
1537000,92370,CHAVILLE,92,Maison,172,8,500,2023
1537000,92370,CHAVILLE,92,Dépendance,0,0,500,2023
795000,92320,CHATILLON,92,Maison,117,4,131,2023
1091900,92220,BAGNEUX,92,Maison,102,5,206,2023
881750,92140,CLAMART,92,Maison,70,3,110,2023
800600,92370,CHAVILLE,92,Maison,120,5,235,2023
1650000,92310,SEVRES,92,Maison,135,6,418,2023
1650000,92310,SEVRES,92,Dépendance,0,0,418,2023
890000,92260,FONTENAY-AUX-ROSES,92,Maison,89,4,285,2023
470000,92350,LE PLESSIS-ROBINSON,92,Maison,90,5,85,2023
700000,92170,VANVES,92,Appartement,30,1,109,2023
700000,92170,VANVES,92,Appartement,45,2,109,2023
700000,92170,VANVES,92,Appartement,50,2,109,2023
728000,92160,ANTONY,92,Maison,126,5,457,2023
2750000,92160,ANTONY,92,Local industriel. commercial ou assimilé,1421,0,2013,2023
388000,92160,ANTONY,92,Maison,65,4,125,2023
651500,92160,ANTONY,92,Maison,89,5,339,2023
810000,92240,MALAKOFF,92,Maison,67,3,249,2023
1350000,92190,MEUDON,92,Maison,137,4,400,2023
735000,92160,ANTONY,92,Dépendance,0,0,431,2023
735000,92160,ANTONY,92,Maison,31,1,431,2023
735000,92160,ANTONY,92,Maison,111,5,431,2023
562820,92140,CLAMART,92,Maison,60,3,116,2023
1470000,92410,VILLE-D'AVRAY,92,Maison,108,5,888,2023
1225000,92370,CHAVILLE,92,Dépendance,0,0,313,2023
1225000,92370,CHAVILLE,92,Maison,180,7,313,2023
570000,92140,CLAMART,92,Maison,94,4,300,2023
1060000,92130,ISSY-LES-MOULINEAUX,92,Maison,100,5,278,2023
752500,92140,CLAMART,92,Maison,146,5,200,2023
715000,92240,MALAKOFF,92,Maison,80,4,132,2023
280222,92320,CHATILLON,92,Dépendance,0,0,288,2023
280222,92320,CHATILLON,92,Maison,90,5,288,2023
604160,92160,ANTONY,92,Maison,127,5,105,2023
604160,92160,ANTONY,92,Dépendance,0,0,105,2023
859040,92330,SCEAUX,92,Maison,85,4,300,2023
656000,92350,LE PLESSIS-ROBINSON,92,Maison,67,4,394,2023
720000,92220,BAGNEUX,92,Maison,97,4,424,2023
1495350,92330,SCEAUX,92,Maison,305,10,573,2023
890000,92210,SAINT-CLOUD,92,Local industriel. commercial ou assimilé,75,0,164,2023
1355000,92340,BOURG-LA-REINE,92,Local industriel. commercial ou assimilé,20,0,606,2023
1355000,92340,BOURG-LA-REINE,92,Maison,195,7,606,2023
730800,92310,SEVRES,92,Maison,56,3,313,2023
494450,92160,ANTONY,92,Maison,49,3,214,2023
9088422,92350,LE PLESSIS-ROBINSON,92,Local industriel. commercial ou assimilé,5739,0,7570,2023
9088422,92350,LE PLESSIS-ROBINSON,92,Appartement,130,3,7570,2023
9088422,92350,LE PLESSIS-ROBINSON,92,Local industriel. commercial ou assimilé,20,0,7570,2023
3050000,92210,SAINT-CLOUD,92,Maison,225,8,448,2023
317500,92160,ANTONY,92,Maison,65,2,86,2023
1424650,92140,CLAMART,92,Maison,280,6,310,2023
1424650,92140,CLAMART,92,Dépendance,0,0,310,2023
1300000,92160,ANTONY,92,Maison,172,5,259,2023
1000000,92210,SAINT-CLOUD,92,Maison,89,3,277,2023
300000,92160,ANTONY,92,Dépendance,0,0,403,2023
300000,92160,ANTONY,92,Maison,45,3,403,2023
516500,92220,BAGNEUX,92,Maison,83,4,178,2023
814000,92260,FONTENAY-AUX-ROSES,92,Maison,105,5,251,2023
886150,92370,CHAVILLE,92,Maison,76,4,158,2023
345000,92220,BAGNEUX,92,Dépendance,0,0,100,2023
345000,92220,BAGNEUX,92,Maison,76,3,100,2023
432692,92320,CHATILLON,92,Maison,58,3,143,2023
956800,92160,ANTONY,92,Maison,135,6,311,2023
4288000,92210,SAINT-CLOUD,92,Maison,250,9,337,2023
1476450,92330,SCEAUX,92,Maison,153,5,600,2023
1476450,92330,SCEAUX,92,Maison,153,5,221,2023
1725000,92190,MEUDON,92,Maison,140,6,499,2023
1100000,92210,SAINT-CLOUD,92,Maison,107,7,547,2023
890000,92310,SEVRES,92,Dépendance,0,0,583,2023
890000,92310,SEVRES,92,Maison,77,4,583,2023
470000,92170,VANVES,92,Local industriel. commercial ou assimilé,88,0,120,2023
470000,92170,VANVES,92,Appartement,54,2,120,2023
470000,92170,VANVES,92,Maison,50,3,137,2023
746000,92260,FONTENAY-AUX-ROSES,92,Maison,141,6,426,2023
1725000,92380,GARCHES,92,Maison,150,8,456,2023
530000,92160,ANTONY,92,Maison,71,3,249,2023
674600,92160,ANTONY,92,Maison,95,4,160,2023
1613350,92210,SAINT-CLOUD,92,Maison,150,5,252,2023
813500,92160,ANTONY,92,Dépendance,0,0,415,2023
813500,92160,ANTONY,92,Maison,148,6,415,2023
590000,92170,VANVES,92,Maison,65,4,71,2023
1780000,92380,GARCHES,92,Dépendance,0,0,749,2023
1780000,92380,GARCHES,92,Maison,100,4,749,2023
847000,92160,ANTONY,92,Maison,91,5,321,2023
100000,92340,BOURG-LA-REINE,92,Maison,44,3,148,2023
1192500,92140,CLAMART,92,Maison,145,5,359,2023
387000,92160,ANTONY,92,Maison,80,3,256,2023
935000,92320,CHATILLON,92,Maison,108,5,228,2023
665000,92160,ANTONY,92,Dépendance,0,0,405,2023
665000,92160,ANTONY,92,Maison,118,5,405,2023
1463350,92430,MARNES-LA-COQUETTE,92,Maison,170,6,543,2023
1463350,92430,MARNES-LA-COQUETTE,92,Dépendance,0,0,543,2023
989000,92320,CHATILLON,92,Maison,125,4,210,2023
610000,92160,ANTONY,92,Maison,73,4,213,2023
610000,92160,ANTONY,92,Dépendance,0,0,213,2023
650000,92220,BAGNEUX,92,Maison,96,5,255,2023
650000,92220,BAGNEUX,92,Dépendance,0,0,255,2023
1012000,92160,ANTONY,92,Maison,138,5,455,2023
717000,92290,CHATENAY-MALABRY,92,Appartement,36,2,323,2023
717000,92290,CHATENAY-MALABRY,92,Maison,103,5,323,2023
684680,92160,ANTONY,92,Maison,116,6,198,2023
684680,92160,ANTONY,92,Maison,116,6,806,2023
2175000,92340,BOURG-LA-REINE,92,Dépendance,0,0,110,2023
2175000,92340,BOURG-LA-REINE,92,Maison,150,6,110,2023
2175000,92340,BOURG-LA-REINE,92,Dépendance,0,0,875,2023
2175000,92340,BOURG-LA-REINE,92,Maison,150,6,875,2023
727000,92140,CLAMART,92,Maison,120,5,248,2023
727000,92140,CLAMART,92,Local industriel. commercial ou assimilé,100,0,248,2023
2185000,92100,BOULOGNE-BILLANCOURT,92,Appartement,35,2,131,2023
2185000,92100,BOULOGNE-BILLANCOURT,92,Local industriel. commercial ou assimilé,198,0,131,2023
2185000,92100,BOULOGNE-BILLANCOURT,92,Local industriel. commercial ou assimilé,2,0,131,2023
3122270,92190,MEUDON,92,Maison,345,7,867,2023
3122270,92190,MEUDON,92,Dépendance,0,0,867,2023
265314,92160,ANTONY,92,Dépendance,0,0,262,2023
265314,92160,ANTONY,92,Maison,50,2,262,2023
819730,92320,CHATILLON,92,Dépendance,0,0,169,2023
819730,92320,CHATILLON,92,Maison,109,4,169,2023
3099700,92100,BOULOGNE-BILLANCOURT,92,Maison,245,8,165,2023
880000,92160,ANTONY,92,Maison,142,5,351,2023
843800,92340,BOURG-LA-REINE,92,Maison,106,4,379,2023
660000,92130,ISSY-LES-MOULINEAUX,92,Maison,90,4,197,2023
648900,92370,CHAVILLE,92,Maison,70,4,139,2023
15,92140,CLAMART,92,Dépendance,0,0,4958,2023
500000,92160,ANTONY,92,Maison,77,3,472,2023
500000,92160,ANTONY,92,Dépendance,0,0,472,2023
1443000,92210,SAINT-CLOUD,92,Maison,146,5,287,2023
1022000,92190,MEUDON,92,Maison,184,8,396,2023
1345000,92210,SAINT-CLOUD,92,Dépendance,0,0,385,2023
1345000,92210,SAINT-CLOUD,92,Appartement,56,3,385,2023
1345000,92210,SAINT-CLOUD,92,Appartement,16,1,385,2023
1345000,92210,SAINT-CLOUD,92,Appartement,36,2,385,2023
1345000,92210,SAINT-CLOUD,92,Local industriel. commercial ou assimilé,20,0,385,2023
1345000,92210,SAINT-CLOUD,92,Maison,50,3,385,2023
1345000,92210,SAINT-CLOUD,92,Appartement,38,2,385,2023
341625,92380,GARCHES,92,Maison,32,2,38,2023
778000,92320,CHATILLON,92,Maison,79,6,274,2023
1050000,92140,CLAMART,92,Maison,72,5,450,2023
1050000,92140,CLAMART,92,Dépendance,0,0,450,2023
866150,92160,ANTONY,92,Dépendance,0,0,407,2023
866150,92160,ANTONY,92,Maison,125,7,407,2023
838152,92160,ANTONY,92,Maison,93,4,211,2023
560000,92190,MEUDON,92,Maison,73,4,66,2023
770000,92210,SAINT-CLOUD,92,Maison,75,3,196,2023
850960,92160,ANTONY,92,Maison,130,5,674,2023
850960,92160,ANTONY,92,Maison,130,5,78,2023
1011000,92130,ISSY-LES-MOULINEAUX,92,Maison,82,4,337,2023
1011000,92130,ISSY-LES-MOULINEAUX,92,Dépendance,0,0,337,2023
650000,92160,ANTONY,92,Maison,95,4,345,2023
653400,92160,ANTONY,92,Maison,93,4,211,2023
766079,92260,FONTENAY-AUX-ROSES,92,Maison,140,6,359,2023
478800,92160,ANTONY,92,Maison,107,4,134,2023
595835,92160,ANTONY,92,Dépendance,0,0,347,2023
595835,92160,ANTONY,92,Maison,86,4,347,2023
566000,92160,ANTONY,92,Maison,45,2,137,2023
550000,92290,CHATENAY-MALABRY,92,Maison,73,3,640,2023
1350000,92190,MEUDON,92,Maison,115,4,537,2023
740000,92190,MEUDON,92,Maison,78,5,250,2023
372000,92310,SEVRES,92,Maison,108,5,400,2023
1580000,92140,CLAMART,92,Maison,130,5,280,2023
1205000,92330,SCEAUX,92,Dépendance,0,0,565,2023
1205000,92330,SCEAUX,92,Maison,216,7,565,2023
550000,92380,GARCHES,92,Dépendance,0,0,201,2023
550000,92380,GARCHES,92,Maison,50,2,201,2023
830000,92220,BAGNEUX,92,Maison,66,4,398,2023
367500,92160,ANTONY,92,Maison,50,2,262,2023
367500,92160,ANTONY,92,Dépendance,0,0,262,2023
860000,92210,SAINT-CLOUD,92,Maison,85,3,131,2023
860000,92210,SAINT-CLOUD,92,Dépendance,0,0,131,2023
2800000,92240,MALAKOFF,92,Appartement,28,1,270,2023
2800000,92240,MALAKOFF,92,Appartement,16,1,270,2023
2800000,92240,MALAKOFF,92,Appartement,40,2,270,2023
2800000,92240,MALAKOFF,92,Appartement,12,1,270,2023
2800000,92240,MALAKOFF,92,Appartement,14,1,270,2023
2800000,92240,MALAKOFF,92,Local industriel. commercial ou assimilé,80,0,270,2023
2800000,92240,MALAKOFF,92,Appartement,13,1,270,2023
2800000,92240,MALAKOFF,92,Appartement,15,1,270,2023
2800000,92240,MALAKOFF,92,Appartement,20,1,270,2023
2800000,92240,MALAKOFF,92,Appartement,21,1,270,2023
1465392,92330,SCEAUX,92,Maison,252,9,85,2023
1465392,92330,SCEAUX,92,Maison,252,9,521,2023
1250000,92220,BAGNEUX,92,Dépendance,0,0,288,2023
1250000,92220,BAGNEUX,92,Maison,82,3,288,2023
999800,92160,ANTONY,92,Maison,147,6,250,2023
528900,92240,MALAKOFF,92,Maison,65,3,56,2023
705000,92160,ANTONY,92,Dépendance,0,0,290,2023
705000,92160,ANTONY,92,Maison,110,5,290,2023
838648,92260,FONTENAY-AUX-ROSES,92,Maison,102,5,451,2023
838648,92260,FONTENAY-AUX-ROSES,92,Dépendance,0,0,451,2023
817400,92160,ANTONY,92,Maison,145,7,184,2023
520000,92160,ANTONY,92,Maison,65,3,516,2023
715200,92260,FONTENAY-AUX-ROSES,92,Maison,110,5,392,2023
710000,92170,VANVES,92,Appartement,42,2,195,2023
710000,92170,VANVES,92,Appartement,52,3,195,2023
4500000,92210,SAINT-CLOUD,92,Maison,260,7,1116,2023
1085000,92370,CHAVILLE,92,Dépendance,0,0,926,2023
1085000,92370,CHAVILLE,92,Maison,118,4,926,2023
1312650,92430,MARNES-LA-COQUETTE,92,Maison,169,4,711,2023
882000,92240,MALAKOFF,92,Maison,105,4,140,2023
410000,92320,CHATILLON,92,Maison,40,3,116,2023
1261000,92170,VANVES,92,Maison,145,6,129,2023
1250000,92220,BAGNEUX,92,Maison,145,6,285,2023
975600,92190,MEUDON,92,Maison,69,3,118,2023
375000,92320,CHATILLON,92,Maison,42,3,386,2023
649000,92160,ANTONY,92,Maison,91,4,180,2023
615400,92160,ANTONY,92,Maison,72,3,281,2023
6275000,92420,VAUCRESSON,92,Dépendance,0,0,600,2023
6275000,92420,VAUCRESSON,92,Dépendance,0,0,1032,2023
6275000,92420,VAUCRESSON,92,Maison,110,4,600,2023
6275000,92420,VAUCRESSON,92,Maison,320,8,600,2023
6275000,92420,VAUCRESSON,92,Dépendance,0,0,7200,2023
6275000,92420,VAUCRESSON,92,Maison,320,8,1032,2023
6275000,92420,VAUCRESSON,92,Maison,110,4,1032,2023
6275000,92420,VAUCRESSON,92,Maison,320,8,7200,2023
6275000,92420,VAUCRESSON,92,Maison,110,4,7200,2023
780000,92340,BOURG-LA-REINE,92,Maison,57,3,392,2023
678590,92140,CLAMART,92,Maison,93,4,365,2023
2116900,92410,VILLE-D'AVRAY,92,Maison,164,4,647,2023
1130000,92140,CLAMART,92,Maison,138,6,472,2023
278000,92220,BAGNEUX,92,Maison,68,3,66,2023
714500,92370,CHAVILLE,92,Maison,101,6,311,2023
790000,92140,CLAMART,92,Maison,80,4,316,2023
1220000,92160,ANTONY,92,Maison,242,9,413,2023
350000,92140,CLAMART,92,Maison,53,1,205,2023
1025000,92140,CLAMART,92,Maison,154,5,492,2023
1120000,92330,SCEAUX,92,Maison,110,4,256,2023
1120000,92330,SCEAUX,92,Dépendance,0,0,256,2023
641850,92320,CHATILLON,92,Dépendance,0,0,126,2023
641850,92320,CHATILLON,92,Maison,102,4,126,2023
647700,92190,MEUDON,92,Maison,100,2,288,2023
937900,92120,MONTROUGE,92,Maison,91,5,66,2023
920000,92160,ANTONY,92,Maison,112,5,248,2023
200000,92290,CHATENAY-MALABRY,92,Maison,26,1,360,2023
380000,92220,BAGNEUX,92,Maison,46,3,359,2023
813000,92140,CLAMART,92,Maison,136,4,443,2023
1500000,92160,ANTONY,92,Maison,120,4,168,2023
1500000,92160,ANTONY,92,Local industriel. commercial ou assimilé,150,0,168,2023
860000,92120,MONTROUGE,92,Maison,101,5,140,2023
709000,92160,ANTONY,92,Maison,167,5,282,2023
2050400,92330,SCEAUX,92,Maison,162,6,149,2023
2050400,92330,SCEAUX,92,Dépendance,0,0,149,2023
2050400,92330,SCEAUX,92,Dépendance,0,0,684,2023
2050400,92330,SCEAUX,92,Maison,162,6,684,2023
716000,92370,CHAVILLE,92,Maison,156,5,195,2023
900000,92330,SCEAUX,92,Maison,173,9,598,2023
670000,92160,ANTONY,92,Maison,64,3,516,2023
458768,92140,CLAMART,92,Maison,70,3,143,2023
1585650,92380,GARCHES,92,Maison,150,5,116,2023
1585650,92380,GARCHES,92,Maison,150,5,500,2023
585000,92140,CLAMART,92,Maison,60,3,133,2023
400000,92140,CLAMART,92,Appartement,29,1,274,2023
400000,92140,CLAMART,92,Appartement,104,6,274,2023
400000,92140,CLAMART,92,Dépendance,0,0,274,2023
581000,92290,CHATENAY-MALABRY,92,Maison,77,4,305,2023
517524,92310,SEVRES,92,Maison,50,2,115,2023
517524,92310,SEVRES,92,Dépendance,0,0,115,2023
793000,92220,BAGNEUX,92,Dépendance,0,0,180,2023
793000,92220,BAGNEUX,92,Maison,138,4,200,2023
977000,92190,MEUDON,92,Maison,100,4,130,2023
949130,92190,MEUDON,92,Maison,94,5,223,2023
747850,92350,LE PLESSIS-ROBINSON,92,Maison,90,4,243,2023
450000,92340,BOURG-LA-REINE,92,Dépendance,0,0,104,2023
450000,92340,BOURG-LA-REINE,92,Maison,61,3,104,2023
1096000,92170,VANVES,92,Maison,110,5,143,2023
836700,92140,CLAMART,92,Dépendance,0,0,227,2023
836700,92140,CLAMART,92,Maison,136,5,227,2023
679000,92320,CHATILLON,92,Maison,70,4,257,2023
767000,92240,MALAKOFF,92,Maison,115,4,115,2023
580670,92160,ANTONY,92,Maison,63,3,298,2023
580670,92160,ANTONY,92,Dépendance,0,0,298,2023
1437290,92430,MARNES-LA-COQUETTE,92,Maison,70,3,266,2023
815350,92350,LE PLESSIS-ROBINSON,92,Maison,96,6,196,2023
1534500,92140,CLAMART,92,Maison,196,6,317,2023
1390000,92130,ISSY-LES-MOULINEAUX,92,Maison,142,5,475,2023
1090000,92130,ISSY-LES-MOULINEAUX,92,Appartement,69,3,441,2023
1090000,92130,ISSY-LES-MOULINEAUX,92,Dépendance,0,0,441,2023
1090000,92130,ISSY-LES-MOULINEAUX,92,Appartement,65,3,441,2023
760000,92190,MEUDON,92,Maison,122,6,477,2023
1130000,92380,GARCHES,92,Maison,172,10,321,2023
650350,92140,CLAMART,92,Dépendance,0,0,156,2023
650350,92140,CLAMART,92,Maison,88,4,156,2023
660000,92320,CHATILLON,92,Maison,61,3,587,2023
980000,92260,FONTENAY-AUX-ROSES,92,Maison,36,2,146,2023
980000,92260,FONTENAY-AUX-ROSES,92,Maison,36,2,873,2023
980000,92260,FONTENAY-AUX-ROSES,92,Maison,160,6,873,2023
980000,92260,FONTENAY-AUX-ROSES,92,Dépendance,0,0,873,2023
980000,92260,FONTENAY-AUX-ROSES,92,Dépendance,0,0,146,2023
980000,92260,FONTENAY-AUX-ROSES,92,Maison,160,6,146,2023
815000,92350,LE PLESSIS-ROBINSON,92,Maison,103,5,90,2023
328850,92350,LE PLESSIS-ROBINSON,92,Maison,48,2,103,2023
1205000,92120,MONTROUGE,92,Appartement,106,4,208,2023
1205000,92120,MONTROUGE,92,Local industriel. commercial ou assimilé,66,0,208,2023
1205000,92120,MONTROUGE,92,Maison,189,4,208,2023
662000,92220,BAGNEUX,92,Maison,120,3,248,2023
1620000,92310,SEVRES,92,Maison,152,8,336,2023
1620000,92310,SEVRES,92,Maison,152,8,620,2023
12920000,92100,BOULOGNE-BILLANCOURT,92,Maison,366,11,321,2023
12920000,92100,BOULOGNE-BILLANCOURT,92,Maison,366,11,684,2023
977970,92370,CHAVILLE,92,Maison,105,6,196,2023
160020,92190,MEUDON,92,Maison,80,4,109,2023
3496000,92210,SAINT-CLOUD,92,Maison,186,5,400,2023
3496000,92210,SAINT-CLOUD,92,Maison,186,5,696,2023
1250000,92340,BOURG-LA-REINE,92,Maison,139,5,500,2023
739000,92160,ANTONY,92,Maison,106,4,232,2023
1175000,92190,MEUDON,92,Maison,100,7,324,2023
820500,92370,CHAVILLE,92,Maison,86,3,176,2023
484000,92160,ANTONY,92,Maison,75,4,334,2023
545000,92340,BOURG-LA-REINE,92,Maison,57,3,200,2023
772550,92140,CLAMART,92,Maison,83,4,217,2023
898250,92160,ANTONY,92,Dépendance,0,0,389,2023
898250,92160,ANTONY,92,Maison,110,6,389,2023
823000,92140,CLAMART,92,Maison,75,5,138,2023
420000,92160,ANTONY,92,Maison,128,3,256,2023
828880,92370,CHAVILLE,92,Maison,150,7,288,2023
128000,92190,MEUDON,92,Maison,42,3,66,2023
751550,92190,MEUDON,92,Maison,150,4,260,2023
1322600,92430,MARNES-LA-COQUETTE,92,Maison,110,6,300,2023
364500,92160,ANTONY,92,Dépendance,0,0,346,2023
364500,92160,ANTONY,92,Maison,48,3,346,2023
3000000,92100,BOULOGNE-BILLANCOURT,92,Maison,400,8,159,2023
3000000,92100,BOULOGNE-BILLANCOURT,92,Dépendance,0,0,159,2023
825000,92140,CLAMART,92,Maison,130,4,127,2023
568000,92140,CLAMART,92,Maison,100,6,136,2023
583500,92140,CLAMART,92,Maison,90,5,281,2023
583500,92140,CLAMART,92,Dépendance,0,0,281,2023
520000,92260,FONTENAY-AUX-ROSES,92,Maison,80,4,114,2023
590700,92160,ANTONY,92,Maison,25,2,202,2023
590700,92160,ANTONY,92,Maison,84,5,202,2023
475670,92190,MEUDON,92,Dépendance,0,0,124,2023
475670,92190,MEUDON,92,Maison,58,4,124,2023
881675,92240,MALAKOFF,92,Maison,130,7,105,2023
1170000,92130,ISSY-LES-MOULINEAUX,92,Dépendance,0,0,164,2023
1170000,92130,ISSY-LES-MOULINEAUX,92,Maison,96,4,164,2023
744750,92290,CHATENAY-MALABRY,92,Maison,109,5,98,2023
730000,92340,BOURG-LA-REINE,92,Maison,75,3,350,2023
4200000,92380,GARCHES,92,Maison,238,10,778,2023
4200000,92380,GARCHES,92,Dépendance,0,0,778,2023
802000,92190,MEUDON,92,Dépendance,0,0,184,2023
802000,92190,MEUDON,92,Maison,57,4,184,2023
843500,92370,CHAVILLE,92,Maison,85,5,220,2023
610000,92140,CLAMART,92,Maison,50,2,223,2023
1364319,92120,MONTROUGE,92,Maison,90,5,168,2023
1113200,92330,SCEAUX,92,Maison,130,5,340,2023
1300000,92330,SCEAUX,92,Maison,134,7,524,2023
1300000,92330,SCEAUX,92,Maison,134,7,107,2023
700000,92320,CHATILLON,92,Maison,120,3,241,2023
1100000,92130,ISSY-LES-MOULINEAUX,92,Maison,72,5,205,2023
420000,92170,VANVES,92,Appartement,54,2,120,2023
420000,92170,VANVES,92,Local industriel. commercial ou assimilé,88,0,120,2023
968900,92140,CLAMART,92,Maison,174,7,538,2023
772500,92320,CHATILLON,92,Maison,101,4,258,2023
864000,92160,ANTONY,92,Maison,127,6,285,2023
660000,92320,CHATILLON,92,Maison,84,4,484,2023
1658000,92210,SAINT-CLOUD,92,Dépendance,0,0,140,2023
1658000,92210,SAINT-CLOUD,92,Maison,160,6,140,2023
1193800,92340,BOURG-LA-REINE,92,Dépendance,0,0,398,2023
1193800,92340,BOURG-LA-REINE,92,Maison,181,9,398,2023
380000,92320,CHATILLON,92,Dépendance,0,0,139,2023
380000,92320,CHATILLON,92,Maison,42,3,139,2023
473000,92160,ANTONY,92,Maison,80,4,370,2023
710000,92160,ANTONY,92,Maison,98,4,127,2023
1443484,92340,BOURG-LA-REINE,92,Maison,220,6,506,2023
1443484,92340,BOURG-LA-REINE,92,Maison,220,6,100,2023
1130000,92330,SCEAUX,92,Maison,135,5,451,2023
380000,92190,MEUDON,92,Maison,70,5,212,2023
1072054,92140,CLAMART,92,Maison,202,4,360,2023
469324,92160,ANTONY,92,Maison,77,4,239,2023
1399520,92210,SAINT-CLOUD,92,Maison,224,8,494,2023
1399520,92210,SAINT-CLOUD,92,Dépendance,0,0,494,2023
1245000,92380,GARCHES,92,Maison,150,4,287,2023
886900,92350,LE PLESSIS-ROBINSON,92,Maison,123,5,400,2023
860200,92160,ANTONY,92,Maison,160,4,320,2023
860200,92160,ANTONY,92,Dépendance,0,0,320,2023
1547300,92160,ANTONY,92,Maison,355,8,681,2023
2600000,92380,GARCHES,92,Maison,238,6,891,2023
1480000,92210,SAINT-CLOUD,92,Dépendance,0,0,601,2023
1480000,92210,SAINT-CLOUD,92,Maison,168,7,601,2023
1039000,92320,CHATILLON,92,Maison,160,4,622,2023
1039000,92320,CHATILLON,92,Dépendance,0,0,72,2023
1039000,92320,CHATILLON,92,Maison,160,4,72,2023
1039000,92320,CHATILLON,92,Dépendance,0,0,622,2023
553040,92160,ANTONY,92,Maison,100,4,617,2023
1143400,92370,CHAVILLE,92,Maison,97,5,371,2023
520800,92140,CLAMART,92,Maison,52,3,169,2023
420060,92220,BAGNEUX,92,Maison,60,3,137,2023
420060,92220,BAGNEUX,92,Dépendance,0,0,137,2023
526850,92140,CLAMART,92,Maison,117,3,244,2023
560000,92160,ANTONY,92,Maison,67,3,318,2023
430000,92160,ANTONY,92,Maison,66,3,309,2023
1130000,92160,ANTONY,92,Maison,147,5,145,2023
1130000,92160,ANTONY,92,Maison,147,5,532,2023
1175000,92120,MONTROUGE,92,Dépendance,0,0,415,2023
1200000,92420,VAUCRESSON,92,Dépendance,0,0,529,2023
1200000,92420,VAUCRESSON,92,Maison,150,5,529,2023
365000,92160,ANTONY,92,Maison,73,3,388,2023
421500,92140,CLAMART,92,Maison,50,3,362,2023
421500,92140,CLAMART,92,Dépendance,0,0,362,2023
415140,92160,ANTONY,92,Maison,63,3,77,2023
415140,92160,ANTONY,92,Maison,63,3,707,2023
800000,92310,SEVRES,92,Maison,90,4,397,2023
670500,92160,ANTONY,92,Maison,98,5,284,2023
310376,92160,ANTONY,92,Maison,55,2,194,2023
1000000,92140,CLAMART,92,Maison,16,2,474,2023
1000000,92140,CLAMART,92,Local industriel. commercial ou assimilé,150,0,474,2023
1000000,92140,CLAMART,92,Maison,90,4,474,2023
898970,92190,MEUDON,92,Maison,110,4,185,2023
898970,92190,MEUDON,92,Dépendance,0,0,185,2023
1252400,92310,SEVRES,92,Maison,141,5,346,2023
1252400,92310,SEVRES,92,Dépendance,0,0,346,2023
3000000,92100,BOULOGNE-BILLANCOURT,92,Local industriel. commercial ou assimilé,570,0,266,2023
868932,92370,CHAVILLE,92,Maison,99,4,360,2023
1030000,92160,ANTONY,92,Maison,162,6,218,2023
610000,92140,CLAMART,92,Maison,52,3,198,2023
630650,92140,CLAMART,92,Maison,98,4,148,2023
635000,92190,MEUDON,92,Maison,40,2,324,2023
2240000,92210,SAINT-CLOUD,92,Dépendance,0,0,486,2023
2240000,92210,SAINT-CLOUD,92,Maison,170,6,486,2023
1750000,92370,CHAVILLE,92,Maison,140,7,579,2023
1750000,92370,CHAVILLE,92,Maison,140,7,669,2023
1750000,92370,CHAVILLE,92,Dépendance,0,0,669,2023
1750000,92370,CHAVILLE,92,Dépendance,0,0,579,2023
22500,92220,BAGNEUX,92,Maison,40,3,170,2023
27500,92220,BAGNEUX,92,Maison,40,3,170,2023
825000,92140,CLAMART,92,Maison,138,6,379,2023
825000,92140,CLAMART,92,Dépendance,0,0,379,2023
935000,92140,CLAMART,92,Dépendance,0,0,336,2023
935000,92140,CLAMART,92,Appartement,31,2,336,2023
935000,92140,CLAMART,92,Appartement,30,1,336,2023
935000,92140,CLAMART,92,Maison,33,2,336,2023
889000,92370,CHAVILLE,92,Maison,136,7,468,2023
889000,92370,CHAVILLE,92,Dépendance,0,0,468,2023
749980,92220,BAGNEUX,92,Maison,104,6,332,2023
749980,92220,BAGNEUX,92,Dépendance,0,0,332,2023
1040000,92320,CHATILLON,92,Maison,160,4,464,2023
460000,92160,ANTONY,92,Maison,68,3,304,2023
2241000,92320,CHATILLON,92,Local industriel. commercial ou assimilé,1223,0,542,2023
1400000,92220,BAGNEUX,92,Maison,124,5,469,2023
1200000,92310,SEVRES,92,Maison,153,7,735,2023
1448450,92190,MEUDON,92,Maison,135,6,351,2023
1448450,92190,MEUDON,92,Dépendance,0,0,351,2023
958065,92320,CHATILLON,92,Maison,146,5,206,2023
745000,92160,ANTONY,92,Maison,133,6,637,2023
955000,92210,SAINT-CLOUD,92,Dépendance,0,0,285,2023
955000,92210,SAINT-CLOUD,92,Maison,80,4,285,2023
2000000,92340,BOURG-LA-REINE,92,Dépendance,0,0,554,2023
2000000,92340,BOURG-LA-REINE,92,Appartement,35,2,554,2023
2000000,92340,BOURG-LA-REINE,92,Local industriel. commercial ou assimilé,198,0,554,2023
2000000,92340,BOURG-LA-REINE,92,Local industriel. commercial ou assimilé,88,0,554,2023
2000000,92340,BOURG-LA-REINE,92,Local industriel. commercial ou assimilé,74,0,554,2023
2000000,92340,BOURG-LA-REINE,92,Local industriel. commercial ou assimilé,85,0,554,2023
2000000,92340,BOURG-LA-REINE,92,Local industriel. commercial ou assimilé,171,0,554,2023
801150,92260,FONTENAY-AUX-ROSES,92,Maison,158,6,209,2023
520000,92240,MALAKOFF,92,Maison,61,5,95,2023
520000,92240,MALAKOFF,92,Dépendance,0,0,95,2023
1135000,92420,VAUCRESSON,92,Maison,110,6,640,2023
1135000,92420,VAUCRESSON,92,Dépendance,0,0,640,2023
450000,92160,ANTONY,92,Maison,165,5,250,2023
1020000,92140,CLAMART,92,Maison,111,5,177,2023
520000,92370,CHAVILLE,92,Maison,90,3,116,2023
650000,92160,ANTONY,92,Maison,106,5,347,2023
527000,92380,GARCHES,92,Maison,70,3,445,2023
527000,92380,GARCHES,92,Maison,70,3,108,2023
2511800,92310,SEVRES,92,Maison,250,10,542,2023
2511800,92310,SEVRES,92,Maison,250,10,1000,2023
1600000,92130,ISSY-LES-MOULINEAUX,92,Maison,120,4,734,2023
797866,92410,VILLE-D'AVRAY,92,Dépendance,0,0,51,2023
797866,92410,VILLE-D'AVRAY,92,Maison,96,5,51,2023
3100000,92100,BOULOGNE-BILLANCOURT,92,Maison,152,7,83,2023
480000,92220,BAGNEUX,92,Maison,129,6,292,2023
806100,92190,MEUDON,92,Dépendance,0,0,140,2023
806100,92190,MEUDON,92,Maison,67,4,140,2023
816000,92370,CHAVILLE,92,Maison,123,4,185,2023
380000,92240,MALAKOFF,92,Maison,45,2,155,2023
2022000,92340,BOURG-LA-REINE,92,Appartement,35,2,554,2023
2022000,92340,BOURG-LA-REINE,92,Local industriel. commercial ou assimilé,85,0,554,2023
2022000,92340,BOURG-LA-REINE,92,Local industriel. commercial ou assimilé,171,0,554,2023
2022000,92340,BOURG-LA-REINE,92,Dépendance,0,0,554,2023
2022000,92340,BOURG-LA-REINE,92,Local industriel. commercial ou assimilé,198,0,554,2023
2022000,92340,BOURG-LA-REINE,92,Local industriel. commercial ou assimilé,74,0,554,2023
2022000,92340,BOURG-LA-REINE,92,Local industriel. commercial ou assimilé,88,0,554,2023
620000,92340,BOURG-LA-REINE,92,Maison,58,3,339,2023
620000,92340,BOURG-LA-REINE,92,Dépendance,0,0,339,2023
1050000,92370,CHAVILLE,92,Local industriel. commercial ou assimilé,85,0,273,2023
1050000,92370,CHAVILLE,92,Maison,52,3,340,2023
1050000,92370,CHAVILLE,92,Local industriel. commercial ou assimilé,120,0,340,2023
1050000,92370,CHAVILLE,92,Local industriel. commercial ou assimilé,54,0,412,2023
710600,92160,ANTONY,92,Maison,105,4,260,2023
5100000,92100,BOULOGNE-BILLANCOURT,92,Local industriel. commercial ou assimilé,850,0,368,2023
1525000,92210,SAINT-CLOUD,92,Dépendance,0,0,337,2023
1525000,92210,SAINT-CLOUD,92,Maison,182,7,337,2023
783654,92190,MEUDON,92,Dépendance,0,0,144,2023
783654,92190,MEUDON,92,Maison,110,4,144,2023
1288400,92380,GARCHES,92,Dépendance,0,0,700,2023
1288400,92380,GARCHES,92,Maison,126,5,302,2023
1288400,92380,GARCHES,92,Dépendance,0,0,302,2023
1288400,92380,GARCHES,92,Maison,126,5,700,2023
1320000,92370,CHAVILLE,92,Maison,143,6,470,2023
485000,92130,ISSY-LES-MOULINEAUX,92,Maison,32,2,232,2023
975000,92130,ISSY-LES-MOULINEAUX,92,Maison,130,5,238,2023
1200000,92330,SCEAUX,92,Maison,160,6,52,2023
1306400,92340,BOURG-LA-REINE,92,Maison,20,1,349,2023
1306400,92340,BOURG-LA-REINE,92,Maison,172,5,349,2023
730000,92260,FONTENAY-AUX-ROSES,92,Maison,114,5,378,2023
590000,92370,CHAVILLE,92,Maison,71,2,116,2023
920000,92160,ANTONY,92,Maison,110,3,234,2023
960000,92340,BOURG-LA-REINE,92,Maison,85,3,354,2023
960000,92340,BOURG-LA-REINE,92,Dépendance,0,0,354,2023
1139800,92370,CHAVILLE,92,Maison,199,9,257,2023
1106797,92420,VAUCRESSON,92,Dépendance,0,0,178,2023
1106797,92420,VAUCRESSON,92,Maison,162,5,178,2023
800000,92330,SCEAUX,92,Maison,78,4,464,2023
1568089,92120,MONTROUGE,92,Maison,192,6,287,2023
720000,92350,LE PLESSIS-ROBINSON,92,Maison,103,4,319,2023
697250,92310,SEVRES,92,Maison,76,4,235,2023
697250,92310,SEVRES,92,Dépendance,0,0,235,2023
815000,92160,ANTONY,92,Maison,101,5,346,2023
815000,92160,ANTONY,92,Dépendance,0,0,346,2023
1215250,92340,BOURG-LA-REINE,92,Maison,156,5,423,2023
1215250,92340,BOURG-LA-REINE,92,Dépendance,0,0,423,2023
575000,92370,CHAVILLE,92,Maison,60,1,205,2023
2000800,92120,MONTROUGE,92,Maison,180,4,510,2023
145000,92320,CHATILLON,92,Maison,143,4,6,2023
18518,92290,CHATENAY-MALABRY,92,Local industriel. commercial ou assimilé,377,0,207,2023
18518,92290,CHATENAY-MALABRY,92,Local industriel. commercial ou assimilé,1345,0,207,2023
18518,92290,CHATENAY-MALABRY,92,Local industriel. commercial ou assimilé,99,0,207,2023
18518,92290,CHATENAY-MALABRY,92,Local industriel. commercial ou assimilé,292,0,207,2023
18518,92290,CHATENAY-MALABRY,92,Local industriel. commercial ou assimilé,689,0,207,2023
18518,92290,CHATENAY-MALABRY,92,Local industriel. commercial ou assimilé,1704,0,207,2023
18518,92290,CHATENAY-MALABRY,92,Local industriel. commercial ou assimilé,948,0,207,2023
18518,92290,CHATENAY-MALABRY,92,Local industriel. commercial ou assimilé,1458,0,207,2023
2040000,92120,MONTROUGE,92,Maison,100,5,814,2023
2040000,92120,MONTROUGE,92,Maison,100,1,814,2023
528000,92160,ANTONY,92,Maison,80,4,424,2023
1048000,92140,CLAMART,92,Maison,176,4,294,2023
1400000,92140,CLAMART,92,Local industriel. commercial ou assimilé,42,0,660,2023
1400000,92140,CLAMART,92,Local industriel. commercial ou assimilé,416,0,660,2023
1400000,92140,CLAMART,92,Local industriel. commercial ou assimilé,297,0,660,2023
1400000,92140,CLAMART,92,Local industriel. commercial ou assimilé,117,0,660,2023
1400000,92140,CLAMART,92,Local industriel. commercial ou assimilé,650,0,660,2023
430000,92160,ANTONY,92,Maison,70,2,201,2023
489100,92160,ANTONY,92,Maison,70,3,126,2023
600000,92140,CLAMART,92,Dépendance,0,0,136,2023
600000,92140,CLAMART,92,Maison,65,4,136,2023
1335000,92330,SCEAUX,92,Maison,143,8,376,2023
450000,92160,ANTONY,92,Maison,79,3,326,2023
408000,92140,CLAMART,92,Maison,60,4,122,2023
14400000,92360,MEUDON,92,Local industriel. commercial ou assimilé,5105,0,29478,2023
590000,92120,MONTROUGE,92,Maison,45,5,114,2023
528000,92220,BAGNEUX,92,Maison,106,5,147,2023
1077000,92120,MONTROUGE,92,Maison,129,6,171,2023
1077000,92120,MONTROUGE,92,Dépendance,0,0,171,2023
1225770,92290,CHATENAY-MALABRY,92,Maison,143,5,333,2023
619911,92160,ANTONY,92,Maison,77,7,306,2023
370000,92160,ANTONY,92,Maison,60,3,314,2023
890000,92140,CLAMART,92,Maison,100,5,475,2023
695000,92160,ANTONY,92,Maison,130,5,289,2023
600000,92350,LE PLESSIS-ROBINSON,92,Maison,90,4,335,2023
802000,92140,CLAMART,92,Dépendance,0,0,646,2023
802000,92140,CLAMART,92,Appartement,60,2,646,2023
802000,92140,CLAMART,92,Appartement,84,5,646,2023
679612,92290,CHATENAY-MALABRY,92,Maison,80,4,547,2023
679612,92290,CHATENAY-MALABRY,92,Dépendance,0,0,547,2023
1365000,92140,CLAMART,92,Dépendance,0,0,465,2023
1365000,92140,CLAMART,92,Maison,87,8,465,2023
1094510,92130,ISSY-LES-MOULINEAUX,92,Dépendance,0,0,205,2023
1094510,92130,ISSY-LES-MOULINEAUX,92,Maison,120,4,205,2023
1250000,92190,MEUDON,92,Maison,126,4,248,2023
660250,92310,SEVRES,92,Maison,92,3,640,2023
660250,92310,SEVRES,92,Dépendance,0,0,640,2023
660250,92310,SEVRES,92,Maison,20,1,640,2023
700000,92160,ANTONY,92,Maison,100,4,397,2023
700000,92160,ANTONY,92,Dépendance,0,0,397,2023
680000,92410,VILLE-D'AVRAY,92,Dépendance,0,0,208,2023
680000,92410,VILLE-D'AVRAY,92,Maison,75,5,208,2023
1265000,92430,MARNES-LA-COQUETTE,92,Maison,152,6,712,2023
1265000,92430,MARNES-LA-COQUETTE,92,Dépendance,0,0,712,2023
1468800,92310,SEVRES,92,Maison,148,6,340,2023
964000,92340,BOURG-LA-REINE,92,Maison,99,4,507,2023
964000,92340,BOURG-LA-REINE,92,Local industriel. commercial ou assimilé,94,0,507,2023
2072200,92380,GARCHES,92,Maison,195,6,577,2023
2072200,92380,GARCHES,92,Dépendance,0,0,577,2023
257595,92140,CLAMART,92,Maison,82,4,114,2023
710000,92340,BOURG-LA-REINE,92,Maison,92,3,328,2023
735000,92160,ANTONY,92,Maison,98,5,315,2023
735000,92160,ANTONY,92,Dépendance,0,0,315,2023
2632250,92410,VILLE-D'AVRAY,92,Maison,270,9,1272,2023
220000,92190,MEUDON,92,Maison,31,2,232,2023
220000,92190,MEUDON,92,Maison,38,3,232,2023
3800000,92190,MEUDON,92,Dépendance,0,0,1250,2023
3800000,92190,MEUDON,92,Maison,220,5,1250,2023
1851701,92140,CLAMART,92,Maison,280,7,621,2023
1851701,92140,CLAMART,92,Dépendance,0,0,621,2023
2000000,92290,CHATENAY-MALABRY,92,Local industriel. commercial ou assimilé,64,0,309,2023
2000000,92290,CHATENAY-MALABRY,92,Local industriel. commercial ou assimilé,64,0,2657,2023
795000,92260,FONTENAY-AUX-ROSES,92,Maison,131,8,556,2023
795000,92260,FONTENAY-AUX-ROSES,92,Maison,131,8,266,2023
925000,92120,MONTROUGE,92,Maison,70,4,114,2023
540000,92140,CLAMART,92,Maison,100,5,298,2023
540000,92140,CLAMART,92,Dépendance,0,0,298,2023
702000,92140,CLAMART,92,Maison,80,4,281,2023
702000,92140,CLAMART,92,Dépendance,0,0,281,2023
520000,92370,CHAVILLE,92,Maison,68,3,155,2023
728000,92330,SCEAUX,92,Dépendance,0,0,410,2023
728000,92330,SCEAUX,92,Maison,104,5,410,2023
665000,92290,CHATENAY-MALABRY,92,Maison,105,5,266,2023
378400,92100,BOULOGNE-BILLANCOURT,92,Local industriel. commercial ou assimilé,502,0,502,2023
865000,92290,CHATENAY-MALABRY,92,Dépendance,0,0,536,2023
865000,92290,CHATENAY-MALABRY,92,Maison,156,5,536,2023
1727200,92210,SAINT-CLOUD,92,Maison,157,7,522,2023
1727200,92210,SAINT-CLOUD,92,Dépendance,0,0,522,2023
615000,92160,ANTONY,92,Dépendance,0,0,370,2023
615000,92160,ANTONY,92,Maison,72,3,370,2023
477000,92340,BOURG-LA-REINE,92,Dépendance,0,0,98,2023
477000,92340,BOURG-LA-REINE,92,Maison,46,3,98,2023
1735000,92330,SCEAUX,92,Maison,160,10,98,2023
1735000,92330,SCEAUX,92,Maison,160,10,662,2023
7100000,92100,BOULOGNE-BILLANCOURT,92,Local industriel. commercial ou assimilé,1007,0,496,2023
870000,92160,ANTONY,92,Maison,194,7,513,2023
994600,92190,MEUDON,92,Maison,90,5,576,2023
2790000,92170,VANVES,92,Local industriel. commercial ou assimilé,53,0,221,2023
2790000,92170,VANVES,92,Dépendance,0,0,508,2023
132000,92310,SEVRES,92,Maison,159,6,480,2023
585000,92140,CLAMART,92,Maison,94,6,113,2023
325000,92120,MONTROUGE,92,Appartement,67,3,150,2023
325000,92120,MONTROUGE,92,Appartement,94,4,150,2023
325000,92120,MONTROUGE,92,Dépendance,0,0,150,2023
895960,92340,BOURG-LA-REINE,92,Maison,143,7,214,2023
540000,92350,LE PLESSIS-ROBINSON,92,Appartement,45,2,189,2023
540000,92350,LE PLESSIS-ROBINSON,92,Dépendance,0,0,189,2023
424000,92160,ANTONY,92,Maison,68,4,362,2023
424000,92160,ANTONY,92,Dépendance,0,0,362,2023
775000,92220,BAGNEUX,92,Appartement,55,2,423,2023
775000,92220,BAGNEUX,92,Appartement,140,6,423,2023
775000,92220,BAGNEUX,92,Appartement,64,2,423,2023
775000,92220,BAGNEUX,92,Dépendance,0,0,423,2023
962000,92260,FONTENAY-AUX-ROSES,92,Dépendance,0,0,626,2023
962000,92260,FONTENAY-AUX-ROSES,92,Dépendance,0,0,145,2023
962000,92260,FONTENAY-AUX-ROSES,92,Maison,116,5,626,2023
962000,92260,FONTENAY-AUX-ROSES,92,Maison,116,5,145,2023
1893048,92170,VANVES,92,Dépendance,0,0,420,2023
1893048,92170,VANVES,92,Appartement,81,3,420,2023
1893048,92170,VANVES,92,Appartement,49,2,420,2023
1893048,92170,VANVES,92,Appartement,71,3,420,2023
1893048,92170,VANVES,92,Appartement,86,4,420,2023
1893048,92170,VANVES,92,Appartement,35,1,420,2023
1893048,92170,VANVES,92,Appartement,48,2,420,2023
1893048,92170,VANVES,92,Appartement,30,1,420,2023
1893048,92170,VANVES,92,Appartement,51,2,420,2023
1893048,92170,VANVES,92,Appartement,87,4,420,2023
1893048,92170,VANVES,92,Appartement,69,3,420,2023
1893048,92170,VANVES,92,Appartement,67,3,420,2023
1893048,92170,VANVES,92,Appartement,81,4,420,2023
1893048,92170,VANVES,92,Appartement,70,3,420,2023
1893048,92170,VANVES,92,Appartement,94,3,420,2023
1893048,92170,VANVES,92,Appartement,72,3,420,2023
550000,92330,SCEAUX,92,Maison,56,3,265,2023
1201924,92160,ANTONY,92,Maison,200,6,964,2023
1201924,92160,ANTONY,92,Maison,200,6,116,2023
1776700,92240,MALAKOFF,92,Maison,195,6,166,2023
90000,92160,ANTONY,92,Maison,98,5,391,2023
1185839,92190,MEUDON,92,Maison,104,5,334,2023
960000,92170,VANVES,92,Maison,150,4,187,2023
1534950,92420,VAUCRESSON,92,Maison,180,7,800,2023
1534950,92420,VAUCRESSON,92,Dépendance,0,0,557,2023
1534950,92420,VAUCRESSON,92,Maison,180,7,557,2023
1534950,92420,VAUCRESSON,92,Dépendance,0,0,800,2023
1400000,92140,CLAMART,92,Maison,90,3,676,2023
1400000,92140,CLAMART,92,Maison,90,3,150,2023
738000,92160,ANTONY,92,Maison,199,5,539,2023
10075962,92170,VANVES,92,Local industriel. commercial ou assimilé,3733,0,1917,2023
2840000,92100,BOULOGNE-BILLANCOURT,92,Maison,110,4,246,2023
2840000,92100,BOULOGNE-BILLANCOURT,92,Dépendance,0,0,246,2023
16200000,92170,VANVES,92,Local industriel. commercial ou assimilé,3733,0,1917,2023
640000,92140,CLAMART,92,Maison,40,2,432,2023
418269,92190,MEUDON,92,Maison,48,3,165,2023
480000,92320,CHATILLON,92,Maison,89,3,202,2023
745000,92140,CLAMART,92,Maison,52,3,276,2023
1579000,92430,MARNES-LA-COQUETTE,92,Maison,140,7,905,2023
1579000,92430,MARNES-LA-COQUETTE,92,Dépendance,0,0,905,2023
1579000,92430,MARNES-LA-COQUETTE,92,Maison,140,7,165,2023
1579000,92430,MARNES-LA-COQUETTE,92,Dépendance,0,0,165,2023
255000,92130,ISSY-LES-MOULINEAUX,92,Maison,45,2,107,2023
1200000,92130,ISSY-LES-MOULINEAUX,92,Maison,138,5,166,2023
2350000,92100,BOULOGNE-BILLANCOURT,92,Maison,170,6,226,2023
650000,92350,LE PLESSIS-ROBINSON,92,Appartement,40,2,227,2023
650000,92350,LE PLESSIS-ROBINSON,92,Dépendance,0,0,227,2023
650000,92350,LE PLESSIS-ROBINSON,92,Appartement,127,5,227,2023
540000,92240,MALAKOFF,92,Dépendance,0,0,105,2023
540000,92240,MALAKOFF,92,Maison,58,3,105,2023
875000,92130,ISSY-LES-MOULINEAUX,92,Maison,36,2,158,2023
1351084,92190,MEUDON,92,Maison,85,4,213,2023
506000,92140,CLAMART,92,Appartement,40,2,262,2023
506000,92140,CLAMART,92,Appartement,33,2,262,2023
506000,92140,CLAMART,92,Dépendance,0,0,262,2023
1430000,92380,GARCHES,92,Dépendance,0,0,175,2023
1430000,92380,GARCHES,92,Maison,110,5,500,2023
1430000,92380,GARCHES,92,Dépendance,0,0,500,2023
1430000,92380,GARCHES,92,Maison,110,5,175,2023
435000,92240,MALAKOFF,92,Maison,78,4,125,2023
1200000,92380,GARCHES,92,Maison,150,6,280,2023
1175000,92120,MONTROUGE,92,Local industriel. commercial ou assimilé,30,0,106,2023
1175000,92120,MONTROUGE,92,Appartement,54,3,106,2023
1175000,92120,MONTROUGE,92,Local industriel. commercial ou assimilé,141,0,106,2023
851350,92160,ANTONY,92,Maison,155,7,424,2023
265000,92160,ANTONY,92,Dépendance,0,0,357,2023
265000,92160,ANTONY,92,Maison,163,7,357,2023
450960,92160,ANTONY,92,Dépendance,0,0,553,2023
450960,92160,ANTONY,92,Maison,72,4,553,2023
1500000,92190,MEUDON,92,Maison,254,11,332,2023
1500000,92190,MEUDON,92,Maison,254,11,651,2023
801500,92120,MONTROUGE,92,Maison,66,4,129,2023
868400,92140,CLAMART,92,Maison,84,5,342,2023
345000,92160,ANTONY,92,Maison,73,4,178,2023
3800000,92160,ANTONY,92,Local industriel. commercial ou assimilé,618,0,6470,2023
3800000,92160,ANTONY,92,Local industriel. commercial ou assimilé,682,0,6470,2023
3800000,92160,ANTONY,92,Local industriel. commercial ou assimilé,600,0,6470,2023
1230000,92120,MONTROUGE,92,Dépendance,0,0,190,2023
1230000,92120,MONTROUGE,92,Maison,110,6,190,2023
771000,92220,BAGNEUX,92,Maison,75,3,313,2023
915000,92320,CHATILLON,92,Maison,140,5,133,2023
1698000,92310,SEVRES,92,Maison,232,7,660,2023
420000,92160,ANTONY,92,Appartement,25,1,357,2023
420000,92160,ANTONY,92,Appartement,48,3,357,2023
420000,92160,ANTONY,92,Dépendance,0,0,357,2023
1000000,92340,BOURG-LA-REINE,92,Maison,125,4,363,2023
944000,92340,BOURG-LA-REINE,92,Maison,145,6,291,2023
835600,92190,MEUDON,92,Dépendance,0,0,182,2023
835600,92190,MEUDON,92,Maison,100,5,182,2023
1033000,92130,ISSY-LES-MOULINEAUX,92,Maison,90,4,172,2023
1616400,92420,VAUCRESSON,92,Maison,290,9,260,2023
1616400,92420,VAUCRESSON,92,Maison,290,9,740,2023
933380,92410,VILLE-D'AVRAY,92,Maison,106,5,435,2023
912400,92160,ANTONY,92,Maison,132,7,338,2023
1403500,92410,VILLE-D'AVRAY,92,Maison,170,5,271,2023
427450,92190,MEUDON,92,Maison,42,3,259,2023
427450,92190,MEUDON,92,Dépendance,0,0,259,2023
150000,92160,ANTONY,92,Maison,50,2,205,2023
2600000,92160,ANTONY,92,Dépendance,0,0,384,2023
2600000,92160,ANTONY,92,Maison,338,8,384,2023
2600000,92160,ANTONY,92,Dépendance,0,0,791,2023
2600000,92160,ANTONY,92,Maison,338,8,791,2023
1700000,92420,VAUCRESSON,92,Maison,228,7,531,2023
1700000,92420,VAUCRESSON,92,Maison,228,7,870,2023
1604700,92420,VAUCRESSON,92,Maison,158,5,682,2023
616000,92350,LE PLESSIS-ROBINSON,92,Maison,90,4,188,2023
4174609,92320,CHATILLON,92,Dépendance,0,0,1435,2023
4174609,92320,CHATILLON,92,Local industriel. commercial ou assimilé,0,0,1435,2023
4174609,92320,CHATILLON,92,Appartement,42,1,1435,2023
4174609,92320,CHATILLON,92,Appartement,82,3,1435,2023
4174609,92320,CHATILLON,92,Appartement,83,5,1435,2023
4174609,92320,CHATILLON,92,Appartement,70,3,1435,2023
4174609,92320,CHATILLON,92,Appartement,83,3,1435,2023
4174609,92320,CHATILLON,92,Appartement,74,3,1435,2023
4174609,92320,CHATILLON,92,Appartement,76,3,1435,2023
4174609,92320,CHATILLON,92,Appartement,36,1,1435,2023
4174609,92320,CHATILLON,92,Appartement,34,1,1435,2023
4174609,92320,CHATILLON,92,Appartement,51,2,1435,2023
460000,92220,BAGNEUX,92,Dépendance,0,0,160,2023
460000,92220,BAGNEUX,92,Maison,74,3,160,2023
2519230,92100,BOULOGNE-BILLANCOURT,92,Maison,156,7,310,2023
2519230,92100,BOULOGNE-BILLANCOURT,92,Dépendance,0,0,310,2023
768000,92410,VILLE-D'AVRAY,92,Maison,95,3,124,2023
550000,92140,CLAMART,92,Maison,81,4,213,2023
3968250,92430,MARNES-LA-COQUETTE,92,Maison,64,2,630,2023
3968250,92430,MARNES-LA-COQUETTE,92,Maison,424,14,630,2023
376200,92340,BOURG-LA-REINE,92,Maison,136,4,442,2023
1420000,92130,ISSY-LES-MOULINEAUX,92,Local industriel. commercial ou assimilé,110,0,348,2023
1420000,92130,ISSY-LES-MOULINEAUX,92,Maison,64,3,348,2023
425000,92160,ANTONY,92,Maison,90,4,442,2023
425000,92160,ANTONY,92,Dépendance,0,0,442,2023
362000,92140,CLAMART,92,Maison,55,3,251,2023
1600000,92130,ISSY-LES-MOULINEAUX,92,Maison,167,6,164,2023
2483900,92160,ANTONY,92,Maison,300,8,360,2023
2483900,92160,ANTONY,92,Maison,300,8,1151,2023
696000,92190,MEUDON,92,Maison,83,3,286,2023
696000,92190,MEUDON,92,Dépendance,0,0,286,2023
233200,92330,SCEAUX,92,Maison,150,4,520,2023
6797250,92130,ISSY-LES-MOULINEAUX,92,Dépendance,0,0,1113,2023
6797250,92130,ISSY-LES-MOULINEAUX,92,Appartement,36,1,1113,2023
6797250,92130,ISSY-LES-MOULINEAUX,92,Local industriel. commercial ou assimilé,0,0,1113,2023
6797250,92130,ISSY-LES-MOULINEAUX,92,Appartement,45,2,1113,2023
6797250,92130,ISSY-LES-MOULINEAUX,92,Appartement,48,2,1113,2023
6797250,92130,ISSY-LES-MOULINEAUX,92,Appartement,47,2,1113,2023
6797250,92130,ISSY-LES-MOULINEAUX,92,Appartement,23,1,1113,2023
6797250,92130,ISSY-LES-MOULINEAUX,92,Appartement,26,1,1113,2023
6797250,92130,ISSY-LES-MOULINEAUX,92,Appartement,33,1,1113,2023
6797250,92130,ISSY-LES-MOULINEAUX,92,Appartement,18,1,1113,2023
6797250,92130,ISSY-LES-MOULINEAUX,92,Appartement,65,3,1113,2023
6797250,92130,ISSY-LES-MOULINEAUX,92,Appartement,85,4,1113,2023
6797250,92130,ISSY-LES-MOULINEAUX,92,Appartement,63,3,1113,2023
6797250,92130,ISSY-LES-MOULINEAUX,92,Appartement,62,3,1113,2023
6797250,92130,ISSY-LES-MOULINEAUX,92,Appartement,50,2,1113,2023
1550000,92140,CLAMART,92,Maison,80,3,382,2023
1550000,92140,CLAMART,92,Local industriel. commercial ou assimilé,773,0,382,2023
447000,92240,MALAKOFF,92,Maison,80,4,331,2023
1700000,92100,BOULOGNE-BILLANCOURT,92,Maison,177,4,94,2023
700000,92190,MEUDON,92,Dépendance,0,0,159,2023
700000,92190,MEUDON,92,Maison,134,7,159,2023
543000,92160,ANTONY,92,Maison,70,4,267,2023
1200000,92140,CLAMART,92,Maison,147,4,582,2023
930050,92290,CHATENAY-MALABRY,92,Maison,151,7,491,2023
740000,92140,CLAMART,92,Maison,114,5,345,2023
920000,92140,CLAMART,92,Maison,85,3,661,2023
920000,92140,CLAMART,92,Dépendance,0,0,661,2023
530000,92240,MALAKOFF,92,Maison,70,2,112,2023
778000,92140,CLAMART,92,Maison,81,4,230,2023
1710000,92100,BOULOGNE-BILLANCOURT,92,Maison,175,5,103,2023
2220000,92190,MEUDON,92,Appartement,97,5,215,2023
2220000,92190,MEUDON,92,Dépendance,0,0,215,2023
2220000,92190,MEUDON,92,Appartement,64,5,215,2023
2220000,92190,MEUDON,92,Appartement,100,5,215,2023
2220000,92190,MEUDON,92,Appartement,96,5,215,2023
2220000,92190,MEUDON,92,Appartement,19,2,215,2023
900000,92320,CHATILLON,92,Maison,153,7,494,2023
1548300,92210,SAINT-CLOUD,92,Local industriel. commercial ou assimilé,281,0,321,2023
870000,92210,SAINT-CLOUD,92,Maison,35,1,435,2023
829500,92260,FONTENAY-AUX-ROSES,92,Maison,97,6,229,2023
1060000,92320,CHATILLON,92,Maison,168,6,383,2023
1510000,92380,GARCHES,92,Dépendance,0,0,1549,2023
1510000,92380,GARCHES,92,Maison,239,12,1549,2023
2400000,92160,ANTONY,92,Maison,270,7,917,2023
1,92360,MEUDON,92,Appartement,82,4,2100,2023
1,92360,MEUDON,92,Dépendance,0,0,2100,2023
1365000,92160,ANTONY,92,Maison,190,6,281,2023
6040736,92160,ANTONY,92,Appartement,63,3,2101,2023
6040736,92160,ANTONY,92,Dépendance,0,0,2101,2023
6040736,92160,ANTONY,92,Appartement,47,2,2101,2023
6040736,92160,ANTONY,92,Appartement,58,3,2101,2023
6040736,92160,ANTONY,92,Appartement,30,1,2101,2023
6040736,92160,ANTONY,92,Appartement,46,2,2101,2023
6040736,92160,ANTONY,92,Appartement,81,4,2101,2023
6040736,92160,ANTONY,92,Appartement,59,3,2101,2023
6040736,92160,ANTONY,92,Appartement,65,3,2101,2023
1128400,92190,MEUDON,92,Maison,118,5,250,2023
520000,92140,CLAMART,92,Maison,60,3,205,2023
420000,92320,CHATILLON,92,Maison,35,2,137,2023
1870000,92130,ISSY-LES-MOULINEAUX,92,Local industriel. commercial ou assimilé,25,0,108,2023
1870000,92130,ISSY-LES-MOULINEAUX,92,Maison,56,5,108,2023
1152000,92160,ANTONY,92,Local industriel. commercial ou assimilé,278,0,2310,2023
1260000,92370,CHAVILLE,92,Local industriel. commercial ou assimilé,0,0,531,2023
2085000,92330,SCEAUX,92,Dépendance,0,0,646,2023
2085000,92330,SCEAUX,92,Maison,215,5,646,2023
800000,92240,MALAKOFF,92,Local industriel. commercial ou assimilé,380,0,343,2023
750000,92190,MEUDON,92,Maison,85,5,156,2023
570000,92310,SEVRES,92,Maison,120,6,213,2023
550000,92220,BAGNEUX,92,Appartement,27,2,184,2023
550000,92220,BAGNEUX,92,Local industriel. commercial ou assimilé,27,0,184,2023
550000,92220,BAGNEUX,92,Appartement,40,1,184,2023
1290000,92210,SAINT-CLOUD,92,Maison,149,5,393,2023
1150000,92330,SCEAUX,92,Maison,123,4,395,2023
110000,92220,BAGNEUX,92,Dépendance,0,0,123,2023
265000,92160,ANTONY,92,Maison,59,4,391,2023
1005000,92130,ISSY-LES-MOULINEAUX,92,Maison,72,3,719,2023
706650,92140,CLAMART,92,Maison,75,4,288,2023
706650,92140,CLAMART,92,Dépendance,0,0,288,2023
485000,92140,CLAMART,92,Maison,62,3,165,2023
610000,92160,ANTONY,92,Maison,86,4,150,2023
1089670,92310,SEVRES,92,Maison,55,3,56,2023
12684400,92190,MEUDON,92,Appartement,55,3,1058,2023
12684400,92190,MEUDON,92,Appartement,63,3,1058,2023
12684400,92190,MEUDON,92,Appartement,81,4,1058,2023
12684400,92190,MEUDON,92,Appartement,79,4,1058,2023
12684400,92190,MEUDON,92,Dépendance,0,0,1058,2023
12684400,92190,MEUDON,92,Appartement,43,2,1058,2023
12684400,92190,MEUDON,92,Appartement,64,3,1058,2023
12684400,92190,MEUDON,92,Appartement,48,2,1058,2023
12684400,92190,MEUDON,92,Appartement,26,1,1058,2023
12684400,92190,MEUDON,92,Appartement,38,1,1058,2023
12684400,92190,MEUDON,92,Appartement,94,5,1058,2023
12684400,92190,MEUDON,92,Appartement,95,5,1058,2023
12684400,92190,MEUDON,92,Appartement,44,2,1058,2023
12684400,92190,MEUDON,92,Appartement,71,3,1058,2023
12684400,92190,MEUDON,92,Appartement,82,4,1058,2023
12684400,92190,MEUDON,92,Appartement,70,4,1058,2023
12684400,92190,MEUDON,92,Local industriel. commercial ou assimilé,88,0,1058,2023
12684400,92190,MEUDON,92,Local industriel. commercial ou assimilé,68,0,1058,2023
12684400,92190,MEUDON,92,Appartement,45,2,1058,2023
12684400,92190,MEUDON,92,Appartement,46,2,1058,2023
12684400,92190,MEUDON,92,Appartement,70,3,1058,2023
12684400,92190,MEUDON,92,Appartement,51,3,1058,2023
12684400,92190,MEUDON,92,Appartement,54,2,1058,2023
12684400,92190,MEUDON,92,Appartement,44,3,1058,2023
2300000,92100,BOULOGNE-BILLANCOURT,92,Appartement,32,3,210,2023
2300000,92100,BOULOGNE-BILLANCOURT,92,Dépendance,0,0,210,2023
2300000,92100,BOULOGNE-BILLANCOURT,92,Maison,218,6,210,2023
1462650,92370,CHAVILLE,92,Appartement,29,1,230,2023
1462650,92370,CHAVILLE,92,Appartement,24,1,230,2023
1462650,92370,CHAVILLE,92,Appartement,54,2,230,2023
1462650,92370,CHAVILLE,92,Appartement,51,2,230,2023
1462650,92370,CHAVILLE,92,Appartement,69,3,230,2023
1462650,92370,CHAVILLE,92,Appartement,22,1,230,2023
1462650,92370,CHAVILLE,92,Appartement,33,1,230,2023
1462650,92370,CHAVILLE,92,Appartement,34,1,230,2023
850000,92240,MALAKOFF,92,Dépendance,0,0,168,2023
850000,92240,MALAKOFF,92,Appartement,152,6,168,2023
850000,92240,MALAKOFF,92,Appartement,75,3,168,2023
2234350,92190,MEUDON,92,Maison,210,8,592,2023
2234350,92190,MEUDON,92,Dépendance,0,0,592,2023
480000,92240,MALAKOFF,92,Maison,65,3,88,2023
1200000,92380,GARCHES,92,Appartement,60,2,120,2023
1200000,92380,GARCHES,92,Local industriel. commercial ou assimilé,18,0,120,2023
1200000,92380,GARCHES,92,Local industriel. commercial ou assimilé,120,0,120,2023
1200000,92380,GARCHES,92,Appartement,26,2,120,2023
9600000,92430,MARNES-LA-COQUETTE,92,Dépendance,0,0,3185,2023
9600000,92430,MARNES-LA-COQUETTE,92,Maison,60,3,3185,2023
9600000,92430,MARNES-LA-COQUETTE,92,Maison,520,8,3185,2023
9600000,92430,MARNES-LA-COQUETTE,92,Maison,230,7,3185,2023
2450000,92100,BOULOGNE-BILLANCOURT,92,Local industriel. commercial ou assimilé,496,0,189,2023
2664057,92320,CHATILLON,92,Local industriel. commercial ou assimilé,1809,0,6366,2023
2664057,92320,CHATILLON,92,Local industriel. commercial ou assimilé,36,0,6366,2023
2664057,92320,CHATILLON,92,Local industriel. commercial ou assimilé,5119,0,6366,2023
2664057,92320,CHATILLON,92,Local industriel. commercial ou assimilé,95,0,6366,2023
441250,92260,FONTENAY-AUX-ROSES,92,Maison,101,3,150,2023
18704,92160,ANTONY,92,Maison,107,5,400,2023
5400000,92360,MEUDON,92,Appartement,61,3,1238,2023
5400000,92360,MEUDON,92,Appartement,72,4,1238,2023
5400000,92360,MEUDON,92,Dépendance,0,0,1238,2023
5400000,92360,MEUDON,92,Appartement,61,4,1238,2023
5400000,92360,MEUDON,92,Appartement,50,3,1238,2023
5400000,92360,MEUDON,92,Appartement,32,1,1238,2023
770000,92220,BAGNEUX,92,Maison,115,5,527,2023
902278,92220,BAGNEUX,92,Maison,115,5,527,2023
