property_value,postal_code,town_name,department_code,property_type,building_area,main_rooms,land_area,year
346450,77176,SAVIGNY-LE-TEMPLE,77,Maison,90,5,372,2023
160000,77130,MONTEREAU FAULT YONNE,77,Maison,60,3,454,2023
160000,77130,MONTEREAU FAULT YONNE,77,Dépendance,0,0,454,2023
370000,77380,COMBS LA VILLE,77,Maison,74,4,660,2023
139900,77390,VERNEUIL-L ETANG,77,Maison,76,4,120,2023
139900,77390,VERNEUIL-L ETANG,77,Dépendance,0,0,13,2023
560000,77950,RUBELLES,77,Maison,168,7,303,2023
560000,77950,RUBELLES,77,Dépendance,0,0,2572,2023
560000,77950,RUBELLES,77,Maison,168,7,2572,2023
560000,77950,RUBELLES,77,Dépendance,0,0,303,2023
280000,77000,MELUN,77,Maison,66,4,498,2023
285000,77720,BOMBON,77,Maison,100,5,147,2023
156000,77720,MORMANT,77,Maison,92,4,430,2023
9000,77350,LE MEE SUR SEINE,77,Maison,79,4,28,2023
424600,77123,NOISY-SUR-ECOLE,77,Dépendance,0,0,1450,2023
424600,77123,NOISY-SUR-ECOLE,77,Maison,125,7,1450,2023
383000,77135,PONTCARRE,77,Maison,91,5,433,2023
660000,77170,SERVON,77,Maison,216,7,500,2023
660000,77170,SERVON,77,Maison,216,7,724,2023
451000,77720,CHAMPEAUX,77,Local industriel. commercial ou assimilé,81,0,500,2023
451000,77720,CHAMPEAUX,77,Maison,128,3,2500,2023
451000,77720,CHAMPEAUX,77,Local industriel. commercial ou assimilé,81,0,2500,2023
451000,77720,CHAMPEAUX,77,Maison,128,3,500,2023
198500,77130,VARENNES-SUR-SEINE,77,Maison,71,4,284,2023
198500,77130,VARENNES-SUR-SEINE,77,Dépendance,0,0,284,2023
300000,77130,DORMELLES,77,Maison,75,4,82,2023
300000,77130,DORMELLES,77,Dépendance,0,0,82,2023
259000,77130,VARENNES-SUR-SEINE,77,Dépendance,0,0,296,2023
259000,77130,VARENNES-SUR-SEINE,77,Maison,118,4,296,2023
355000,77390,YEBLES,77,Maison,102,5,600,2023
215000,77350,LE MEE SUR SEINE,77,Maison,84,5,121,2023
240000,77170,BRIE COMTE ROBERT,77,Maison,94,4,225,2023
467000,77127,LIEUSAINT,77,Dépendance,0,0,500,2023
467000,77127,LIEUSAINT,77,Dépendance,0,0,185,2023
467000,77127,LIEUSAINT,77,Maison,77,4,500,2023
467000,77127,LIEUSAINT,77,Maison,77,4,185,2023
140500,77720,MORMANT,77,Maison,68,3,301,2023
900000,77130,MONTEREAU FAULT YONNE,77,Local industriel. commercial ou assimilé,1132,0,7454,2023
208450,77460,CHAINTREAUX,77,Maison,97,3,567,2023
226000,77190,DAMMARIE LES LYS,77,Dépendance,0,0,97,2023
226000,77190,DAMMARIE LES LYS,77,Maison,92,5,97,2023
226000,77190,DAMMARIE LES LYS,77,Dépendance,0,0,737,2023
226000,77190,DAMMARIE LES LYS,77,Maison,92,5,737,2023
281000,77720,BREAU,77,Maison,94,4,396,2023
580000,77780,BOURRON-MARLOTTE,77,Dépendance,0,0,153,2023
580000,77780,BOURRON-MARLOTTE,77,Maison,200,7,153,2023
210000,77000,MELUN,77,Local industriel. commercial ou assimilé,8,0,81,2023
210000,77000,MELUN,77,Maison,92,6,81,2023
979000,77350,BOISSETTES,77,Dépendance,0,0,300,2023
979000,77350,BOISSETTES,77,Dépendance,0,0,5642,2023
979000,77350,BOISSETTES,77,Dépendance,0,0,2308,2023
979000,77350,BOISSETTES,77,Maison,395,11,2308,2023
979000,77350,BOISSETTES,77,Dépendance,0,0,1000,2023
979000,77350,BOISSETTES,77,Maison,395,11,1000,2023
296000,77240,VERT-SAINT-DENIS,77,Maison,79,4,380,2023
240000,77115,BLANDY,77,Maison,70,3,560,2023
240000,77115,BLANDY,77,Dépendance,0,0,560,2023
240000,77115,BLANDY,77,Maison,70,3,83,2023
240000,77115,BLANDY,77,Dépendance,0,0,83,2023
498250,77760,ACHERES-LA-FORET,77,Maison,351,7,609,2023
498250,77760,ACHERES-LA-FORET,77,Local industriel. commercial ou assimilé,20,0,609,2023
139000,77460,SOUPPES-SUR-LOING,77,Maison,74,3,404,2023
8216400,77940,ESMANS,77,Local industriel. commercial ou assimilé,2278,0,4318,2023
8216400,77940,ESMANS,77,Local industriel. commercial ou assimilé,1000,0,1933,2023
352000,77340,PONTAULT COMBAULT,77,Maison,67,3,415,2023
370000,77170,BRIE COMTE ROBERT,77,Maison,87,5,595,2023
413000,77720,SAINT-OUEN-EN-BRIE,77,Maison,136,5,644,2023
413000,77720,SAINT-OUEN-EN-BRIE,77,Maison,136,5,500,2023
325500,77135,PONTCARRE,77,Maison,87,5,224,2023
548600,77111,SOIGNOLLES-EN-BRIE,77,Maison,165,6,662,2023
548600,77111,SOIGNOLLES-EN-BRIE,77,Maison,165,6,500,2023
548600,77111,SOIGNOLLES-EN-BRIE,77,Dépendance,0,0,500,2023
548600,77111,SOIGNOLLES-EN-BRIE,77,Dépendance,0,0,662,2023
37900,77570,CHATEAU-LANDON,77,Dépendance,0,0,267,2023
37900,77570,CHATEAU-LANDON,77,Appartement,18,1,267,2023
107500,77130,MONTEREAU FAULT YONNE,77,Maison,112,6,544,2023
60500,77460,SOUPPES-SUR-LOING,77,Local industriel. commercial ou assimilé,16,0,510,2023
60500,77460,SOUPPES-SUR-LOING,77,Maison,78,4,510,2023
60500,77460,SOUPPES-SUR-LOING,77,Dépendance,0,0,510,2023
480000,77340,PONTAULT COMBAULT,77,Maison,110,4,400,2023
480000,77340,PONTAULT COMBAULT,77,Dépendance,0,0,400,2023
140000,77720,MORMANT,77,Maison,68,3,227,2023
149000,77460,SOUPPES-SUR-LOING,77,Maison,97,5,380,2023
405000,77330,OZOIR LA FERRIERE,77,Maison,80,4,374,2023
570000,77310,SAINT-FARGEAU-PONTHIERRY,77,Dépendance,0,0,500,2023
570000,77310,SAINT-FARGEAU-PONTHIERRY,77,Maison,260,7,1181,2023
570000,77310,SAINT-FARGEAU-PONTHIERRY,77,Dépendance,0,0,1181,2023
570000,77310,SAINT-FARGEAU-PONTHIERRY,77,Maison,260,7,500,2023
320000,77140,DARVAULT,77,Dépendance,0,0,849,2023
320000,77140,DARVAULT,77,Maison,165,5,849,2023
160000,77140,DARVAULT,77,Local industriel. commercial ou assimilé,132,0,524,2023
640000,77330,OZOIR LA FERRIERE,77,Maison,160,6,561,2023
640000,77330,OZOIR LA FERRIERE,77,Maison,160,6,500,2023
305000,77170,BRIE COMTE ROBERT,77,Maison,100,3,188,2023
410000,77690,MONTIGNY-SUR-LOING,77,Maison,120,5,255,2023
285000,77380,COMBS LA VILLE,77,Maison,82,5,358,2023
165000,77380,COMBS LA VILLE,77,Dépendance,0,0,280,2023
165000,77380,COMBS LA VILLE,77,Maison,92,5,280,2023
257500,77176,SAVIGNY-LE-TEMPLE,77,Maison,77,4,166,2023
256000,77127,LIEUSAINT,77,Maison,75,4,181,2023
180000,77620,EGREVILLE,77,Maison,70,4,3702,2023
335000,77170,COUBERT,77,Maison,119,6,316,2023
110000,77130,MONTEREAU FAULT YONNE,77,Maison,94,5,320,2023
387000,77810,THOMERY,77,Dépendance,0,0,148,2023
387000,77810,THOMERY,77,Maison,212,7,148,2023
163000,77720,MORMANT,77,Maison,64,3,226,2023
237000,77190,DAMMARIE LES LYS,77,Maison,78,4,340,2023
92900,77760,RECLOSES,77,Maison,64,3,69,2023
92900,77760,RECLOSES,77,Maison,64,3,518,2023
405535,77920,SAMOIS SUR SEINE,77,Maison,105,4,127,2023
218910,77760,LARCHANT,77,Maison,64,2,200,2023
218910,77760,LARCHANT,77,Maison,64,2,474,2023
170000,77140,SAINT-PIERRE-LES-NEMOURS,77,Dépendance,0,0,142,2023
170000,77140,SAINT-PIERRE-LES-NEMOURS,77,Maison,72,4,142,2023
140000,77460,CHAINTREAUX,77,Dépendance,0,0,637,2023
140000,77460,CHAINTREAUX,77,Maison,100,5,637,2023
273000,77190,DAMMARIE LES LYS,77,Maison,97,4,571,2023
263000,77130,VARENNES-SUR-SEINE,77,Maison,91,4,476,2023
540000,77340,PONTAULT COMBAULT,77,Maison,147,5,720,2023
540000,77340,PONTAULT COMBAULT,77,Maison,147,5,123,2023
214000,77350,LE MEE SUR SEINE,77,Maison,89,4,166,2023
420000,77240,CESSON,77,Maison,127,6,292,2023
1050000,77310,PRINGY,77,Maison,170,5,2213,2023
1050000,77310,PRINGY,77,Maison,170,5,500,2023
1050000,77310,PRINGY,77,Local industriel. commercial ou assimilé,48,0,2213,2023
1050000,77310,PRINGY,77,Local industriel. commercial ou assimilé,48,0,500,2023
570000,77330,OZOIR LA FERRIERE,77,Maison,141,6,622,2023
15000,77460,SOUPPES-SUR-LOING,77,Dépendance,0,0,26,2023
167000,77670,SAINT-MAMMES,77,Maison,64,3,416,2023
95000,77850,HERICY,77,Dépendance,0,0,214,2023
1283570,77300,FONTAINEBLEAU,77,Maison,140,7,302,2023
144000,77940,VOULX,77,Maison,50,3,570,2023
144000,77940,VOULX,77,Dépendance,0,0,570,2023
207000,77140,SAINT-PIERRE-LES-NEMOURS,77,Local industriel. commercial ou assimilé,370,0,387,2023
480000,77220,LIVERDY-EN-BRIE,77,Maison,145,6,416,2023
228850,77810,THOMERY,77,Maison,70,2,59,2023
280000,77380,COMBS LA VILLE,77,Maison,63,3,318,2023
252000,77240,VERT-SAINT-DENIS,77,Maison,75,4,162,2023
252000,77240,VERT-SAINT-DENIS,77,Dépendance,0,0,162,2023
425000,77380,COMBS LA VILLE,77,Dépendance,0,0,433,2023
425000,77380,COMBS LA VILLE,77,Maison,113,5,433,2023
267500,77140,SAINT-PIERRE-LES-NEMOURS,77,Maison,84,3,690,2023
267500,77140,SAINT-PIERRE-LES-NEMOURS,77,Maison,84,3,200,2023
514000,77340,PONTAULT COMBAULT,77,Maison,150,6,528,2023
405875,77810,THOMERY,77,Maison,140,6,715,2023
595000,77760,RUMONT,77,Dépendance,0,0,2819,2023
595000,77760,RUMONT,77,Maison,190,6,2819,2023
199500,77140,NEMOURS,77,Maison,73,4,514,2023
160000,77760,BOULANCOURT,77,Maison,102,3,286,2023
334900,77680,ROISSY-EN-BRIE,77,Maison,78,4,379,2023
198500,77760,LARCHANT,77,Maison,210,7,189,2023
329000,77123,NOISY-SUR-ECOLE,77,Dépendance,0,0,405,2023
329000,77123,NOISY-SUR-ECOLE,77,Maison,87,2,405,2023
370000,77930,CELY EN BIERE,77,Maison,132,5,730,2023
326000,77220,GRETZ-ARMAINVILLIERS,77,Maison,100,4,241,2023
349800,77340,PONTAULT COMBAULT,77,Maison,73,4,410,2023
221000,77460,SOUPPES-SUR-LOING,77,Dépendance,0,0,515,2023
221000,77460,SOUPPES-SUR-LOING,77,Maison,135,5,515,2023
250000,77176,SAVIGNY-LE-TEMPLE,77,Maison,80,4,117,2023
330000,77390,OZOUER-LE-VOULGIS,77,Maison,90,5,603,2023
292000,77680,ROISSY-EN-BRIE,77,Maison,80,4,222,2023
292000,77680,ROISSY-EN-BRIE,77,Dépendance,0,0,222,2023
312000,77680,ROISSY-EN-BRIE,77,Maison,78,4,279,2023
312000,77680,ROISSY-EN-BRIE,77,Dépendance,0,0,279,2023
658000,77810,THOMERY,77,Maison,150,5,397,2023
658000,77810,THOMERY,77,Dépendance,0,0,397,2023
658000,77810,THOMERY,77,Maison,19,1,397,2023
315000,77220,TOURNAN-EN-BRIE,77,Maison,100,6,329,2023
315000,77220,TOURNAN-EN-BRIE,77,Local industriel. commercial ou assimilé,0,0,27,2023
263000,77680,ROISSY-EN-BRIE,77,Dépendance,0,0,272,2023
263000,77680,ROISSY-EN-BRIE,77,Maison,79,4,272,2023
277000,77620,EGREVILLE,77,Maison,169,6,638,2023
160000,77130,MONTEREAU FAULT YONNE,77,Maison,62,4,540,2023
1133800,77140,NONVILLE,77,Maison,94,3,1013,2023
1133800,77140,NONVILLE,77,Dépendance,0,0,1013,2023
1594260,77830,ECHOUBOULAINS,77,Dépendance,0,0,25306,2023
1594260,77830,ECHOUBOULAINS,77,Maison,399,11,25306,2023
1594260,77830,ECHOUBOULAINS,77,Maison,55,2,25306,2023
1594260,77830,ECHOUBOULAINS,77,Maison,30,2,25306,2023
492000,77300,FONTAINEBLEAU,77,Local industriel. commercial ou assimilé,65,0,65,2023
492000,77300,FONTAINEBLEAU,77,Appartement,50,2,65,2023
492000,77300,FONTAINEBLEAU,77,Appartement,30,1,65,2023
314780,77240,VERT-SAINT-DENIS,77,Maison,105,6,277,2023
80000,77820,CHATELET-EN-BRIE (LE),77,Dépendance,0,0,172,2023
352000,77390,VERNEUIL-L ETANG,77,Maison,101,5,500,2023
286870,77720,AUBEPIERRE-OZOUER-LE-REPOS,77,Maison,107,5,728,2023
490000,77310,SAINT-FARGEAU-PONTHIERRY,77,Dépendance,0,0,1315,2023
490000,77310,SAINT-FARGEAU-PONTHIERRY,77,Maison,142,7,200,2023
490000,77310,SAINT-FARGEAU-PONTHIERRY,77,Maison,142,7,1315,2023
490000,77310,SAINT-FARGEAU-PONTHIERRY,77,Dépendance,0,0,200,2023
508000,77123,NOISY-SUR-ECOLE,77,Maison,120,6,1286,2023
508000,77123,NOISY-SUR-ECOLE,77,Dépendance,0,0,200,2023
508000,77123,NOISY-SUR-ECOLE,77,Maison,120,6,200,2023
508000,77123,NOISY-SUR-ECOLE,77,Dépendance,0,0,1286,2023
675000,77380,COMBS LA VILLE,77,Appartement,27,1,511,2023
675000,77380,COMBS LA VILLE,77,Local industriel. commercial ou assimilé,60,0,511,2023
675000,77380,COMBS LA VILLE,77,Local industriel. commercial ou assimilé,35,0,511,2023
675000,77380,COMBS LA VILLE,77,Local industriel. commercial ou assimilé,125,0,511,2023
553552,77850,HERICY,77,Maison,153,5,500,2023
553552,77850,HERICY,77,Maison,153,5,1076,2023
636330,77950,MOISENAY,77,Maison,165,5,130,2023
636330,77950,MOISENAY,77,Maison,165,5,500,2023
347000,77950,RUBELLES,77,Maison,117,4,299,2023
402500,77111,SOIGNOLLES-EN-BRIE,77,Maison,80,4,1410,2023
402500,77111,SOIGNOLLES-EN-BRIE,77,Maison,80,4,500,2023
288000,77620,BRANSLES,77,Maison,138,3,5915,2023
399000,77170,SERVON,77,Maison,125,5,503,2023
399000,77170,SERVON,77,Maison,125,5,500,2023
410000,77380,COMBS LA VILLE,77,Maison,85,5,523,2023
193000,77380,COMBS LA VILLE,77,Maison,60,3,42,2023
265000,77130,MISY-SUR-YONNE,77,Maison,126,5,1256,2023
149975,77340,PONTAULT COMBAULT,77,Maison,18,1,402,2023
149975,77340,PONTAULT COMBAULT,77,Maison,75,5,402,2023
444400,77870,VULAINES-SUR-SEINE,77,Dépendance,0,0,600,2023
444400,77870,VULAINES-SUR-SEINE,77,Maison,104,6,600,2023
560000,77680,ROISSY-EN-BRIE,77,Local industriel. commercial ou assimilé,525,0,1500,2023
299000,77240,VERT-SAINT-DENIS,77,Maison,85,5,500,2023
376000,77310,SAINT-FARGEAU-PONTHIERRY,77,Maison,150,6,953,2023
391000,77590,CHARTRETTES,77,Maison,81,4,500,2023
200000,77380,COMBS LA VILLE,77,Maison,60,2,140,2023
200000,77380,COMBS LA VILLE,77,Local industriel. commercial ou assimilé,48,0,140,2023
200000,77380,COMBS LA VILLE,77,Maison,87,4,140,2023
200000,77380,COMBS LA VILLE,77,Dépendance,0,0,140,2023
200000,77380,COMBS LA VILLE,77,Maison,63,2,140,2023
400000,77150,LESIGNY,77,Maison,104,5,500,2023
400000,77150,LESIGNY,77,Maison,104,5,321,2023
325000,77390,GUIGNES,77,Maison,99,4,2000,2023
325000,77390,GUIGNES,77,Maison,99,4,500,2023
156000,77460,SOUPPES-SUR-LOING,77,Maison,124,4,295,2023
368500,77330,OZOIR LA FERRIERE,77,Maison,54,3,417,2023
490000,77330,OZOIR LA FERRIERE,77,Local industriel. commercial ou assimilé,9,0,460,2023
490000,77330,OZOIR LA FERRIERE,77,Maison,172,6,460,2023
810407,77240,VERT-SAINT-DENIS,77,Local industriel. commercial ou assimilé,1640,0,4123,2023
160000,77190,DAMMARIE LES LYS,77,Maison,57,3,73,2023
465000,77390,COURTOMER,77,Dépendance,0,0,1550,2023
465000,77390,COURTOMER,77,Maison,152,5,500,2023
465000,77390,COURTOMER,77,Dépendance,0,0,500,2023
465000,77390,COURTOMER,77,Maison,152,5,1550,2023
325000,77390,CHAMPDEUIL,77,Maison,89,3,350,2023
350000,77170,BRIE COMTE ROBERT,77,Maison,121,4,592,2023
435000,77310,SAINT-FARGEAU-PONTHIERRY,77,Maison,175,4,540,2023
435000,77310,SAINT-FARGEAU-PONTHIERRY,77,Dépendance,0,0,1000,2023
435000,77310,SAINT-FARGEAU-PONTHIERRY,77,Maison,175,4,1000,2023
435000,77310,SAINT-FARGEAU-PONTHIERRY,77,Dépendance,0,0,540,2023
268300,77380,COMBS LA VILLE,77,Dépendance,0,0,141,2023
268300,77380,COMBS LA VILLE,77,Maison,63,4,141,2023
268300,77380,COMBS LA VILLE,77,Dépendance,0,0,42,2023
242450,77111,SOIGNOLLES-EN-BRIE,77,Maison,40,2,80,2023
472170,77930,CELY EN BIERE,77,Dépendance,0,0,2762,2023
472170,77930,CELY EN BIERE,77,Maison,135,6,2762,2023
350000,77173,CHEVRY-COSSIGNY,77,Local industriel. commercial ou assimilé,315,0,243,2023
230000,77570,BOUGLIGNY,77,Maison,105,6,677,2023
230000,77570,BOUGLIGNY,77,Maison,105,6,200,2023
134783,77780,BOURRON-MARLOTTE,77,Local industriel. commercial ou assimilé,20,0,34,2023
134783,77780,BOURRON-MARLOTTE,77,Local industriel. commercial ou assimilé,54,0,36,2023
285000,77250,MORET-LOING-ET-ORVANNE,77,Maison,118,5,367,2023
150000,77760,ACHERES-LA-FORET,77,Maison,60,5,364,2023
265000,77340,PONTAULT COMBAULT,77,Maison,85,4,286,2023
265000,77340,PONTAULT COMBAULT,77,Dépendance,0,0,286,2023
3000000,77330,OZOIR LA FERRIERE,77,Local industriel. commercial ou assimilé,4750,0,7013,2023
292700,77330,OZOIR LA FERRIERE,77,Maison,80,4,235,2023
385000,77340,PONTAULT COMBAULT,77,Maison,119,5,465,2023
345000,77170,SERVON,77,Maison,117,6,265,2023
242000,77140,SAINT-PIERRE-LES-NEMOURS,77,Maison,95,4,775,2023
242000,77140,SAINT-PIERRE-LES-NEMOURS,77,Dépendance,0,0,775,2023
250000,77940,BROSSE-MONTCEAUX (LA),77,Maison,88,1,1000,2023
250000,77940,BROSSE-MONTCEAUX (LA),77,Maison,88,1,460,2023
235000,77250,VILLEMER,77,Dépendance,0,0,913,2023
235000,77250,VILLEMER,77,Maison,74,4,913,2023
247000,77950,MOISENAY,77,Maison,60,4,696,2023
200000,77720,BOMBON,77,Maison,59,3,470,2023
170000,77710,LORREZ-LE-BOCAGE-PREAUX,77,Maison,125,6,400,2023
170000,77710,LORREZ-LE-BOCAGE-PREAUX,77,Maison,125,6,426,2023
795000,77780,BOURRON-MARLOTTE,77,Maison,80,3,64,2023
795000,77780,BOURRON-MARLOTTE,77,Maison,20,1,31,2023
795000,77780,BOURRON-MARLOTTE,77,Maison,29,2,31,2023
795000,77780,BOURRON-MARLOTTE,77,Dépendance,0,0,117,2023
309000,77240,VERT-SAINT-DENIS,77,Maison,92,5,211,2023
149000,77710,CHEVRY-EN-SEREINE,77,Dépendance,0,0,933,2023
149000,77710,CHEVRY-EN-SEREINE,77,Maison,74,4,933,2023
439990,77240,VERT-SAINT-DENIS,77,Dépendance,0,0,319,2023
439990,77240,VERT-SAINT-DENIS,77,Maison,129,8,319,2023
410765,77330,OZOIR LA FERRIERE,77,Maison,81,3,489,2023
373000,77000,VAUX-LE-PENIL,77,Maison,145,7,692,2023
373000,77000,VAUX-LE-PENIL,77,Dépendance,0,0,692,2023
290000,77140,DARVAULT,77,Maison,118,5,596,2023
340000,77176,SAVIGNY-LE-TEMPLE,77,Maison,96,6,330,2023
139500,77350,LE MEE SUR SEINE,77,Dépendance,0,0,8617,2023
170000,77140,DARVAULT,77,Dépendance,0,0,555,2023
170000,77140,DARVAULT,77,Maison,112,5,555,2023
314000,77176,SAVIGNY-LE-TEMPLE,77,Maison,88,5,718,2023
237000,77590,BOIS LE ROI,77,Maison,56,2,547,2023
237000,77590,BOIS LE ROI,77,Maison,56,2,57,2023
220000,77930,CHAILLY-EN-BIERE,77,Local industriel. commercial ou assimilé,128,0,500,2023
440000,77590,BOIS LE ROI,77,Maison,124,5,717,2023
340000,77000,VAUX-LE-PENIL,77,Maison,77,5,349,2023
340000,77000,VAUX-LE-PENIL,77,Dépendance,0,0,349,2023
212000,77950,RUBELLES,77,Maison,126,7,547,2023
1785000,77300,FONTAINEBLEAU,77,Maison,320,10,923,2023
1785000,77300,FONTAINEBLEAU,77,Maison,60,2,923,2023
175000,77000,MELUN,77,Dépendance,0,0,67,2023
175000,77000,MELUN,77,Maison,115,6,67,2023
440000,77210,SAMOREAU,77,Dépendance,0,0,611,2023
440000,77210,SAMOREAU,77,Maison,204,6,611,2023
474200,77310,SAINT-FARGEAU-PONTHIERRY,77,Maison,150,5,847,2023
474200,77310,SAINT-FARGEAU-PONTHIERRY,77,Dépendance,0,0,847,2023
370000,77390,OZOUER-LE-VOULGIS,77,Maison,150,4,328,2023
370000,77390,OZOUER-LE-VOULGIS,77,Dépendance,0,0,328,2023
208000,77720,GRANDPUITS-BAILLY-CARROIS,77,Maison,84,5,492,2023
208000,77720,GRANDPUITS-BAILLY-CARROIS,77,Dépendance,0,0,492,2023
160000,77390,GUIGNES,77,Dépendance,0,0,500,2023
160000,77390,GUIGNES,77,Maison,70,4,500,2023
160000,77390,GUIGNES,77,Dépendance,0,0,407,2023
160000,77390,GUIGNES,77,Maison,70,4,407,2023
197500,77340,PONTAULT COMBAULT,77,Maison,125,5,407,2023
150000,77830,VALENCE-EN-BRIE,77,Dépendance,0,0,79,2023
150000,77830,VALENCE-EN-BRIE,77,Maison,63,3,79,2023
337000,77390,VERNEUIL-L ETANG,77,Maison,145,5,516,2023
340000,77170,BRIE COMTE ROBERT,77,Maison,101,4,264,2023
877530,77300,FONTAINEBLEAU,77,Maison,150,8,181,2023
350000,77590,CHARTRETTES,77,Maison,79,3,1492,2023
270000,77720,QUIERS,77,Dépendance,0,0,253,2023
270000,77720,QUIERS,77,Maison,153,4,253,2023
425530,77340,PONTAULT COMBAULT,77,Maison,104,4,393,2023
310000,77390,OZOUER-LE-VOULGIS,77,Maison,60,3,512,2023
267000,77940,BROSSE-MONTCEAUX (LA),77,Dépendance,0,0,700,2023
267000,77940,BROSSE-MONTCEAUX (LA),77,Maison,138,5,300,2023
267000,77940,BROSSE-MONTCEAUX (LA),77,Dépendance,0,0,300,2023
267000,77940,BROSSE-MONTCEAUX (LA),77,Maison,138,5,700,2023
40000,77130,MONTEREAU FAULT YONNE,77,Dépendance,0,0,87,2023
205000,77130,MONTEREAU FAULT YONNE,77,Maison,57,5,270,2023
205000,77130,MONTEREAU FAULT YONNE,77,Dépendance,0,0,270,2023
361000,77680,ROISSY-EN-BRIE,77,Maison,112,6,357,2023
32000,77460,CHAINTREAUX,77,Dépendance,0,0,755,2023
32000,77460,CHAINTREAUX,77,Maison,160,5,755,2023
350000,77350,BOISSISE-LA-BERTRAND,77,Dépendance,0,0,585,2023
350000,77350,BOISSISE-LA-BERTRAND,77,Maison,98,3,585,2023
350000,77350,BOISSISE-LA-BERTRAND,77,Dépendance,0,0,637,2023
277000,77760,RECLOSES,77,Maison,105,4,1226,2023
277000,77760,RECLOSES,77,Dépendance,0,0,1226,2023
364850,77340,PONTAULT COMBAULT,77,Maison,106,5,186,2023
18000,77620,EGREVILLE,77,Dépendance,0,0,226,2023
236000,77310,SAINT-FARGEAU-PONTHIERRY,77,Maison,56,3,507,2023
236000,77310,SAINT-FARGEAU-PONTHIERRY,77,Dépendance,0,0,507,2023
236000,77310,SAINT-FARGEAU-PONTHIERRY,77,Maison,56,3,500,2023
236000,77310,SAINT-FARGEAU-PONTHIERRY,77,Dépendance,0,0,500,2023
175000,77670,VERNOU-LA-CELLE-SUR-SEINE,77,Maison,55,2,197,2023
242000,77350,LE MEE SUR SEINE,77,Maison,75,4,103,2023
270000,77130,SAINT-GERMAIN-LAVAL,77,Maison,88,5,751,2023
415000,77330,OZOIR LA FERRIERE,77,Dépendance,0,0,603,2023
415000,77330,OZOIR LA FERRIERE,77,Maison,141,7,603,2023
527700,77330,OZOIR LA FERRIERE,77,Dépendance,0,0,479,2023
527700,77330,OZOIR LA FERRIERE,77,Maison,125,4,479,2023
130000,77940,VOULX,77,Maison,60,3,136,2023
130000,77940,VOULX,77,Dépendance,0,0,136,2023
130000,77940,VOULX,77,Dépendance,0,0,29,2023
564190,77170,SERVON,77,Maison,152,7,500,2023
564190,77170,SERVON,77,Maison,152,7,490,2023
125000,77570,AUFFERVILLE,77,Maison,53,3,139,2023
125000,77570,AUFFERVILLE,77,Dépendance,0,0,139,2023
150000,77167,POLIGNY,77,Maison,70,3,1006,2023
150000,77167,POLIGNY,77,Maison,94,3,1006,2023
150000,77167,POLIGNY,77,Dépendance,0,0,1006,2023
425700,77170,BRIE COMTE ROBERT,77,Maison,71,4,432,2023
208000,77170,BRIE COMTE ROBERT,77,Maison,70,2,37,2023
340000,77170,BRIE COMTE ROBERT,77,Appartement,35,2,134,2023
340000,77170,BRIE COMTE ROBERT,77,Dépendance,0,0,134,2023
340000,77170,BRIE COMTE ROBERT,77,Local industriel. commercial ou assimilé,30,0,134,2023
208700,77190,DAMMARIE LES LYS,77,Maison,30,2,100,2023
260000,77170,BRIE COMTE ROBERT,77,Maison,82,4,189,2023
1523684,77630,BARBIZON,77,Local industriel. commercial ou assimilé,554,0,2558,2023
1523684,77630,BARBIZON,77,Local industriel. commercial ou assimilé,964,0,2558,2023
1523684,77630,BARBIZON,77,Local industriel. commercial ou assimilé,554,0,1211,2023
1523684,77630,BARBIZON,77,Local industriel. commercial ou assimilé,964,0,1211,2023
90000,77930,SAINT-SAUVEUR-SUR-ECOLE,77,Maison,40,3,43,2023
236000,77570,CHATEAU-LANDON,77,Maison,93,4,838,2023
236000,77570,CHATEAU-LANDON,77,Dépendance,0,0,838,2023
380000,77760,RECLOSES,77,Maison,90,4,259,2023
380000,77760,RECLOSES,77,Dépendance,0,0,259,2023
380000,77760,RECLOSES,77,Maison,90,4,400,2023
380000,77760,RECLOSES,77,Dépendance,0,0,400,2023
373000,77240,VERT-SAINT-DENIS,77,Maison,139,6,448,2023
340000,77310,SAINT-FARGEAU-PONTHIERRY,77,Maison,104,5,456,2023
250000,77430,CHAMPAGNE SUR SEINE,77,Maison,82,5,100,2023
250000,77430,CHAMPAGNE SUR SEINE,77,Maison,82,5,639,2023
649500,77000,ROCHETTE(LA),77,Maison,210,6,778,2023
301000,77240,CESSON,77,Maison,82,4,339,2023
373000,77930,FLEURY-EN-BIERE,77,Maison,107,5,880,2023
373000,77930,FLEURY-EN-BIERE,77,Dépendance,0,0,880,2023
210000,77340,PONTAULT COMBAULT,77,Maison,118,6,562,2023
480000,77300,FONTAINEBLEAU,77,Maison,85,4,148,2023
332000,77590,BOIS LE ROI,77,Maison,35,1,192,2023
332000,77590,BOIS LE ROI,77,Appartement,75,3,192,2023
332000,77590,BOIS LE ROI,77,Dépendance,0,0,192,2023
1500000,77190,DAMMARIE LES LYS,77,Local industriel. commercial ou assimilé,347,0,1222,2023
1500000,77190,DAMMARIE LES LYS,77,Local industriel. commercial ou assimilé,120,0,1222,2023
1500000,77190,DAMMARIE LES LYS,77,Local industriel. commercial ou assimilé,303,0,1222,2023
1500000,77190,DAMMARIE LES LYS,77,Local industriel. commercial ou assimilé,68,0,1222,2023
1500000,77190,DAMMARIE LES LYS,77,Local industriel. commercial ou assimilé,86,0,1222,2023
1500000,77190,DAMMARIE LES LYS,77,Local industriel. commercial ou assimilé,122,0,1222,2023
195000,77250,MORET-LOING-ET-ORVANNE,77,Maison,70,4,604,2023
195000,77250,MORET-LOING-ET-ORVANNE,77,Dépendance,0,0,604,2023
330000,77000,VAUX-LE-PENIL,77,Dépendance,0,0,1000,2023
330000,77000,VAUX-LE-PENIL,77,Maison,71,4,1000,2023
323200,77390,OZOUER-LE-VOULGIS,77,Maison,90,5,600,2023
173700,77880,GREZ-SUR-LOING,77,Maison,70,2,55,2023
360000,77310,SAINT-FARGEAU-PONTHIERRY,77,Maison,94,4,500,2023
360000,77310,SAINT-FARGEAU-PONTHIERRY,77,Dépendance,0,0,744,2023
360000,77310,SAINT-FARGEAU-PONTHIERRY,77,Dépendance,0,0,500,2023
360000,77310,SAINT-FARGEAU-PONTHIERRY,77,Maison,94,4,744,2023
355000,77250,MORET-LOING-ET-ORVANNE,77,Maison,117,5,814,2023
717000,77330,OZOIR LA FERRIERE,77,Local industriel. commercial ou assimilé,190,0,885,2023
220000,77390,OZOUER-LE-VOULGIS,77,Maison,72,3,223,2023
452700,77166,EVRY-GREGY-SUR-YERRE,77,Maison,113,5,829,2023
289750,77680,ROISSY-EN-BRIE,77,Maison,88,5,382,2023
68817,77240,CESSON,77,Maison,100,5,344,2023
350000,77166,GRISY-SUISNES,77,Maison,142,6,1059,2023
425000,77240,CESSON,77,Maison,140,6,486,2023
362957,77115,BLANDY,77,Maison,169,5,628,2023
360705,77950,RUBELLES,77,Maison,64,3,389,2023
360705,77950,RUBELLES,77,Maison,64,3,293,2023
184000,77176,SAVIGNY-LE-TEMPLE,77,Maison,105,6,255,2023
315000,77240,CESSON,77,Maison,63,3,514,2023
597000,77240,SEINE-PORT,77,Maison,152,6,800,2023
597000,77240,SEINE-PORT,77,Maison,152,6,511,2023
565000,77550,MOISSY-CRAMAYEL,77,Maison,205,6,1500,2023
565000,77550,MOISSY-CRAMAYEL,77,Maison,205,6,221,2023
565000,77550,MOISSY-CRAMAYEL,77,Dépendance,0,0,221,2023
565000,77550,MOISSY-CRAMAYEL,77,Dépendance,0,0,1500,2023
630000,77140,NEMOURS,77,Local industriel. commercial ou assimilé,1167,0,4352,2023
325000,77310,BOISSISE-LE-ROI,77,Maison,142,6,700,2023
220000,77310,BOISSISE-LE-ROI,77,Maison,84,4,547,2023
401530,77710,LORREZ-LE-BOCAGE-PREAUX,77,Maison,188,5,10000,2023
200000,77570,CHATEAU-LANDON,77,Maison,105,5,648,2023
182930,77220,GRETZ-ARMAINVILLIERS,77,Dépendance,0,0,15,2023
225000,77250,MORET-LOING-ET-ORVANNE,77,Maison,53,4,65,2023
225000,77250,MORET-LOING-ET-ORVANNE,77,Local industriel. commercial ou assimilé,43,0,65,2023
350000,77760,RECLOSES,77,Appartement,54,2,426,2023
350000,77760,RECLOSES,77,Appartement,63,2,426,2023
350000,77760,RECLOSES,77,Dépendance,0,0,426,2023
183000,77460,SOUPPES-SUR-LOING,77,Dépendance,0,0,403,2023
183000,77460,SOUPPES-SUR-LOING,77,Maison,72,4,403,2023
200000,77670,VERNOU-LA-CELLE-SUR-SEINE,77,Maison,68,3,187,2023
200000,77670,VERNOU-LA-CELLE-SUR-SEINE,77,Dépendance,0,0,187,2023
264000,77590,FONTAINE-LE-PORT,77,Maison,85,4,618,2023
264000,77590,FONTAINE-LE-PORT,77,Maison,85,4,72,2023
50000,77130,SAINT-GERMAIN-LAVAL,77,Maison,69,4,453,2023
145000,77130,MAROLLES-SUR-SEINE,77,Maison,106,4,516,2023
145000,77130,MAROLLES-SUR-SEINE,77,Dépendance,0,0,20,2023
150000,77460,SOUPPES-SUR-LOING,77,Maison,60,4,621,2023
150000,77460,SOUPPES-SUR-LOING,77,Dépendance,0,0,621,2023
260000,77460,SOUPPES-SUR-LOING,77,Maison,145,6,421,2023
260000,77460,SOUPPES-SUR-LOING,77,Maison,145,6,1000,2023
520000,77350,BOISSISE-LA-BERTRAND,77,Dépendance,0,0,849,2023
520000,77350,BOISSISE-LA-BERTRAND,77,Maison,170,8,849,2023
280000,77760,LARCHANT,77,Dépendance,0,0,104,2023
280000,77760,LARCHANT,77,Maison,115,4,104,2023
270030,77460,SOUPPES-SUR-LOING,77,Maison,168,6,500,2023
270030,77460,SOUPPES-SUR-LOING,77,Maison,168,6,695,2023
300000,77140,SAINT-PIERRE-LES-NEMOURS,77,Maison,146,6,532,2023
300000,77140,SAINT-PIERRE-LES-NEMOURS,77,Dépendance,0,0,532,2023
390000,77350,LE MEE SUR SEINE,77,Maison,140,6,538,2023
390000,77350,LE MEE SUR SEINE,77,Dépendance,0,0,538,2023
210000,77880,GREZ-SUR-LOING,77,Maison,99,4,530,2023
248000,77190,DAMMARIE LES LYS,77,Maison,75,3,530,2023
335000,77760,CHAPELLE-LA-REINE (LA),77,Maison,130,6,853,2023
269000,77370,CLOS-FONTAINE,77,Maison,90,4,500,2023
269000,77370,CLOS-FONTAINE,77,Maison,90,4,205,2023
113000,77760,LARCHANT,77,Maison,38,3,38,2023
113000,77760,LARCHANT,77,Dépendance,0,0,38,2023
530000,77330,OZOIR LA FERRIERE,77,Dépendance,0,0,321,2023
530000,77330,OZOIR LA FERRIERE,77,Maison,170,8,321,2023
530000,77330,OZOIR LA FERRIERE,77,Dépendance,0,0,500,2023
530000,77330,OZOIR LA FERRIERE,77,Maison,170,8,500,2023
431000,77166,GRISY-SUISNES,77,Maison,142,7,500,2023
431000,77166,GRISY-SUISNES,77,Dépendance,0,0,500,2023
431000,77166,GRISY-SUISNES,77,Maison,142,7,518,2023
431000,77166,GRISY-SUISNES,77,Dépendance,0,0,518,2023
370540,77390,CHAUMES-EN-BRIE,77,Dépendance,0,0,402,2023
370540,77390,CHAUMES-EN-BRIE,77,Maison,88,4,402,2023
382000,77810,THOMERY,77,Maison,110,5,669,2023
382000,77810,THOMERY,77,Maison,110,5,500,2023
240000,77930,PERTHES,77,Maison,76,4,263,2023
300000,77550,MOISSY-CRAMAYEL,77,Maison,96,5,266,2023
165500,77190,DAMMARIE LES LYS,77,Maison,64,3,94,2023
415000,77380,COMBS LA VILLE,77,Maison,109,5,523,2023
353500,77390,GUIGNES,77,Maison,103,4,500,2023
353500,77390,GUIGNES,77,Maison,103,4,350,2023
680000,77135,PONTCARRE,77,Dépendance,0,0,500,2023
680000,77135,PONTCARRE,77,Dépendance,0,0,950,2023
680000,77135,PONTCARRE,77,Maison,16,1,500,2023
680000,77135,PONTCARRE,77,Maison,208,5,500,2023
680000,77135,PONTCARRE,77,Maison,16,1,950,2023
680000,77135,PONTCARRE,77,Maison,208,5,950,2023
315000,77590,CHARTRETTES,77,Local industriel. commercial ou assimilé,120,0,467,2023
315000,77590,CHARTRETTES,77,Maison,56,3,467,2023
26500,77220,TOURNAN-EN-BRIE,77,Dépendance,0,0,364,2023
26500,77220,TOURNAN-EN-BRIE,77,Maison,208,5,118,2023
520000,77130,MAROLLES-SUR-SEINE,77,Maison,339,5,2662,2023
350000,77000,MELUN,77,Dépendance,0,0,561,2023
350000,77000,MELUN,77,Maison,121,5,561,2023
282000,77310,SAINT-FARGEAU-PONTHIERRY,77,Appartement,118,4,437,2023
282000,77310,SAINT-FARGEAU-PONTHIERRY,77,Maison,81,4,437,2023
282000,77310,SAINT-FARGEAU-PONTHIERRY,77,Dépendance,0,0,437,2023
242000,77190,DAMMARIE LES LYS,77,Maison,78,3,177,2023
214000,77190,DAMMARIE LES LYS,77,Maison,55,4,351,2023
190000,77130,GRANDE-PAROISSE (LA),77,Maison,74,3,142,2023
253200,77240,VERT-SAINT-DENIS,77,Maison,81,4,131,2023
352000,77115,BLANDY,77,Maison,80,4,375,2023
919385,77630,ARBONNE-LA-FORET,77,Dépendance,0,0,579,2023
919385,77630,ARBONNE-LA-FORET,77,Maison,439,12,579,2023
919385,77630,ARBONNE-LA-FORET,77,Maison,36,3,4421,2023
919385,77630,ARBONNE-LA-FORET,77,Maison,22,2,4421,2023
919385,77630,ARBONNE-LA-FORET,77,Maison,33,2,4421,2023
919385,77630,ARBONNE-LA-FORET,77,Dépendance,0,0,4421,2023
410000,77340,PONTAULT COMBAULT,77,Maison,78,4,432,2023
429000,77330,OZOIR LA FERRIERE,77,Dépendance,0,0,384,2023
429000,77330,OZOIR LA FERRIERE,77,Maison,134,4,384,2023
465000,77330,OZOIR LA FERRIERE,77,Maison,124,6,366,2023
285000,77820,CHATELET-EN-BRIE (LE),77,Maison,110,3,700,2023
530000,77350,LE MEE SUR SEINE,77,Maison,429,12,782,2023
530000,77350,LE MEE SUR SEINE,77,Maison,429,12,500,2023
454000,77176,NANDY,77,Maison,143,5,603,2023
454000,77176,NANDY,77,Dépendance,0,0,603,2023
265000,77430,CHAMPAGNE SUR SEINE,77,Maison,96,5,383,2023
265000,77430,CHAMPAGNE SUR SEINE,77,Dépendance,0,0,200,2023
265000,77430,CHAMPAGNE SUR SEINE,77,Maison,96,5,200,2023
265000,77430,CHAMPAGNE SUR SEINE,77,Dépendance,0,0,383,2023
329000,77340,PONTAULT COMBAULT,77,Maison,80,4,167,2023
55000,77940,BLENNES,77,Maison,48,3,2384,2023
415000,77173,CHEVRY-COSSIGNY,77,Maison,80,4,406,2023
274500,77240,VERT-SAINT-DENIS,77,Maison,82,4,146,2023
325830,77380,COMBS LA VILLE,77,Maison,98,4,441,2023
290000,77130,VILLE-SAINT-JACQUES,77,Maison,144,5,633,2023
290000,77130,VILLE-SAINT-JACQUES,77,Dépendance,0,0,633,2023
312000,77390,CHAMPDEUIL,77,Maison,89,3,540,2023
310000,77340,PONTAULT COMBAULT,77,Maison,96,4,275,2023
430000,77850,HERICY,77,Maison,143,7,720,2023
337000,77870,VULAINES-SUR-SEINE,77,Maison,103,5,456,2023
168000,77390,OZOUER-LE-VOULGIS,77,Maison,47,2,47,2023
430000,77250,MORET-LOING-ET-ORVANNE,77,Maison,160,5,500,2023
430000,77250,MORET-LOING-ET-ORVANNE,77,Maison,160,5,305,2023
341500,77140,NONVILLE,77,Maison,193,6,200,2023
341500,77140,NONVILLE,77,Maison,193,6,1106,2023
253000,77115,BLANDY,77,Maison,77,3,688,2023
125000,77720,MORMANT,77,Dépendance,0,0,61,2023
125000,77720,MORMANT,77,Maison,65,3,61,2023
50076,77780,BOURRON-MARLOTTE,77,Maison,150,6,79,2023
50076,77780,BOURRON-MARLOTTE,77,Maison,150,6,892,2023
286000,77240,CESSON,77,Maison,101,5,298,2023
400000,77690,MONTIGNY-SUR-LOING,77,Maison,88,4,800,2023
300000,77000,MELUN,77,Maison,57,3,220,2023
300000,77000,MELUN,77,Dépendance,0,0,220,2023
265000,77140,SAINT-PIERRE-LES-NEMOURS,77,Maison,101,4,737,2023
100000,77460,CHAINTREAUX,77,Dépendance,0,0,420,2023
100000,77460,CHAINTREAUX,77,Maison,64,2,420,2023
530890,77780,BOURRON-MARLOTTE,77,Maison,145,6,562,2023
530890,77780,BOURRON-MARLOTTE,77,Dépendance,0,0,562,2023
193600,77250,MORET-LOING-ET-ORVANNE,77,Maison,80,4,43,2023
383600,77133,MACHAULT,77,Maison,116,6,286,2023
383600,77133,MACHAULT,77,Dépendance,0,0,286,2023
390000,77115,SIVRY-COURTRY,77,Maison,109,3,797,2023
390000,77115,SIVRY-COURTRY,77,Dépendance,0,0,797,2023
770000,77590,BOIS LE ROI,77,Dépendance,0,0,112,2023
770000,77590,BOIS LE ROI,77,Dépendance,0,0,9070,2023
770000,77590,BOIS LE ROI,77,Maison,160,7,112,2023
770000,77590,BOIS LE ROI,77,Maison,160,7,9070,2023
378000,77210,AVON,77,Appartement,89,4,64,2023
324000,77380,COMBS LA VILLE,77,Maison,104,6,250,2023
214700,77810,THOMERY,77,Maison,80,3,59,2023
325336,77250,MORET-LOING-ET-ORVANNE,77,Dépendance,0,0,208,2023
325336,77250,MORET-LOING-ET-ORVANNE,77,Maison,90,5,208,2023
325336,77250,MORET-LOING-ET-ORVANNE,77,Dépendance,0,0,500,2023
325336,77250,MORET-LOING-ET-ORVANNE,77,Maison,90,5,500,2023
790650,77300,FONTAINEBLEAU,77,Maison,137,6,180,2023
1,77550,REAU,77,Maison,82,3,1384,2023
1,77550,REAU,77,Local industriel. commercial ou assimilé,3510,0,4000,2023
1,77550,REAU,77,Local industriel. commercial ou assimilé,3510,0,5681,2023
212500,77760,BUTHIERS,77,Maison,70,3,73,2023
212500,77760,BUTHIERS,77,Maison,70,3,488,2023
76152,77720,MORMANT,77,Dépendance,0,0,500,2023
76152,77720,MORMANT,77,Maison,161,7,530,2023
76152,77720,MORMANT,77,Dépendance,0,0,530,2023
76152,77720,MORMANT,77,Maison,161,7,500,2023
238000,77350,LE MEE SUR SEINE,77,Appartement,134,6,150,2023
473550,77330,OZOIR LA FERRIERE,77,Maison,90,4,452,2023
452500,77220,TOURNAN-EN-BRIE,77,Dépendance,0,0,618,2023
452500,77220,TOURNAN-EN-BRIE,77,Maison,116,6,618,2023
290000,77190,DAMMARIE LES LYS,77,Maison,73,3,500,2023
290000,77190,DAMMARIE LES LYS,77,Maison,73,3,1006,2023
440000,77240,VERT-SAINT-DENIS,77,Maison,108,5,1269,2023
355000,77250,MORET-LOING-ET-ORVANNE,77,Maison,158,4,551,2023
680000,77173,CHEVRY-COSSIGNY,77,Maison,232,6,500,2023
305000,77940,BROSSE-MONTCEAUX (LA),77,Maison,142,6,200,2023
305000,77940,BROSSE-MONTCEAUX (LA),77,Dépendance,0,0,742,2023
305000,77940,BROSSE-MONTCEAUX (LA),77,Dépendance,0,0,200,2023
305000,77940,BROSSE-MONTCEAUX (LA),77,Maison,142,6,742,2023
332000,77390,CHAMPDEUIL,77,Maison,91,5,619,2023
332000,77390,CHAMPDEUIL,77,Dépendance,0,0,619,2023
392810,77166,EVRY-GREGY-SUR-YERRE,77,Maison,90,4,464,2023
282000,77111,SOIGNOLLES-EN-BRIE,77,Dépendance,0,0,756,2023
282000,77111,SOIGNOLLES-EN-BRIE,77,Maison,71,4,756,2023
183120,77130,MONTEREAU FAULT YONNE,77,Maison,79,4,273,2023
257600,77390,ARGENTIERES,77,Dépendance,0,0,500,2023
257600,77390,ARGENTIERES,77,Maison,88,5,500,2023
225000,77130,MONTEREAU FAULT YONNE,77,Maison,83,4,547,2023
293000,77380,COMBS LA VILLE,77,Maison,95,5,209,2023
305000,77310,SAINT-FARGEAU-PONTHIERRY,77,Maison,81,2,467,2023
274000,77176,SAVIGNY-LE-TEMPLE,77,Maison,100,5,141,2023
269000,77390,CHAUMES-EN-BRIE,77,Dépendance,0,0,145,2023
269000,77390,CHAUMES-EN-BRIE,77,Maison,102,5,145,2023
324000,77950,RUBELLES,77,Maison,95,4,447,2023
380000,77170,BRIE COMTE ROBERT,77,Local industriel. commercial ou assimilé,35,0,540,2023
380000,77170,BRIE COMTE ROBERT,77,Maison,100,4,540,2023
432000,77330,OZOIR LA FERRIERE,77,Maison,105,5,595,2023
180000,77760,FROMONT,77,Dépendance,0,0,1300,2023
180000,77760,FROMONT,77,Dépendance,0,0,1935,2023
180000,77760,FROMONT,77,Maison,128,4,980,2023
180000,77760,FROMONT,77,Dépendance,0,0,980,2023
180000,77760,FROMONT,77,Maison,128,4,1300,2023
180000,77760,FROMONT,77,Maison,128,4,1935,2023
330000,77170,BRIE COMTE ROBERT,77,Maison,94,4,191,2023
314440,77250,MORET-LOING-ET-ORVANNE,77,Maison,101,5,500,2023
388000,77390,COURTOMER,77,Dépendance,0,0,618,2023
388000,77390,COURTOMER,77,Maison,137,4,2157,2023
388000,77390,COURTOMER,77,Dépendance,0,0,2157,2023
388000,77390,COURTOMER,77,Dépendance,0,0,500,2023
388000,77390,COURTOMER,77,Maison,137,4,500,2023
388000,77390,COURTOMER,77,Maison,137,4,618,2023
355000,77127,LIEUSAINT,77,Maison,91,5,363,2023
277000,77240,VERT-SAINT-DENIS,77,Maison,87,4,197,2023
235150,77810,THOMERY,77,Maison,101,5,64,2023
215000,77760,LARCHANT,77,Maison,52,3,361,2023
215000,77760,LARCHANT,77,Dépendance,0,0,361,2023
345000,77115,SIVRY-COURTRY,77,Dépendance,0,0,887,2023
345000,77115,SIVRY-COURTRY,77,Maison,136,4,887,2023
460000,77170,BRIE COMTE ROBERT,77,Maison,153,6,531,2023
185000,77130,MONTEREAU FAULT YONNE,77,Maison,73,4,665,2023
185000,77130,MONTEREAU FAULT YONNE,77,Dépendance,0,0,321,2023
185000,77130,MONTEREAU FAULT YONNE,77,Maison,73,4,321,2023
185000,77130,MONTEREAU FAULT YONNE,77,Dépendance,0,0,665,2023
267000,77250,MORET-LOING-ET-ORVANNE,77,Dépendance,0,0,37,2023
267000,77250,MORET-LOING-ET-ORVANNE,77,Maison,78,3,37,2023
130000,77920,SAMOIS SUR SEINE,77,Maison,28,2,341,2023
2100000,77630,BARBIZON,77,Maison,340,11,690,2023
1170000,77240,VERT-SAINT-DENIS,77,Local industriel. commercial ou assimilé,945,0,1512,2023
385000,77380,COMBS LA VILLE,77,Maison,95,5,732,2023
385000,77380,COMBS LA VILLE,77,Dépendance,0,0,732,2023
385000,77380,COMBS LA VILLE,77,Local industriel. commercial ou assimilé,0,0,2644,2023
183000,77390,FOUJU,77,Maison,63,2,153,2023
208325,77170,BRIE COMTE ROBERT,77,Maison,62,2,393,2023
208325,77170,BRIE COMTE ROBERT,77,Dépendance,0,0,393,2023
8000,77140,NEMOURS,77,Dépendance,0,0,14,2023
368500,77123,NOISY-SUR-ECOLE,77,Maison,120,4,1323,2023
368500,77123,NOISY-SUR-ECOLE,77,Maison,120,4,200,2023
285000,77720,AUBEPIERRE-OZOUER-LE-REPOS,77,Maison,121,5,500,2023
285000,77720,AUBEPIERRE-OZOUER-LE-REPOS,77,Dépendance,0,0,500,2023
194000,77710,LORREZ-LE-BOCAGE-PREAUX,77,Maison,103,5,700,2023
194000,77710,LORREZ-LE-BOCAGE-PREAUX,77,Maison,103,5,154,2023
163000,77670,SAINT-MAMMES,77,Appartement,50,3,84,2023
163000,77670,SAINT-MAMMES,77,Appartement,64,3,84,2023
163000,77670,SAINT-MAMMES,77,Dépendance,0,0,84,2023
193000,77310,SAINT-FARGEAU-PONTHIERRY,77,Maison,20,1,374,2023
193000,77310,SAINT-FARGEAU-PONTHIERRY,77,Maison,50,3,374,2023
275000,77550,MOISSY-CRAMAYEL,77,Maison,100,4,149,2023
300000,77550,MOISSY-CRAMAYEL,77,Maison,88,5,196,2023
270000,77550,MOISSY-CRAMAYEL,77,Maison,83,5,249,2023
365000,77190,DAMMARIE LES LYS,77,Maison,90,4,100,2023
365000,77190,DAMMARIE LES LYS,77,Maison,90,4,500,2023
200000,77130,MAROLLES-SUR-SEINE,77,Maison,166,5,601,2023
193000,77130,SAINT-GERMAIN-LAVAL,77,Maison,84,5,476,2023
193000,77130,SAINT-GERMAIN-LAVAL,77,Dépendance,0,0,476,2023
193000,77130,SAINT-GERMAIN-LAVAL,77,Dépendance,0,0,200,2023
193000,77130,SAINT-GERMAIN-LAVAL,77,Maison,84,5,200,2023
519000,77930,SAINT-SAUVEUR-SUR-ECOLE,77,Dépendance,0,0,405,2023
519000,77930,SAINT-SAUVEUR-SUR-ECOLE,77,Maison,63,3,405,2023
1250000,77340,PONTAULT COMBAULT,77,Local industriel. commercial ou assimilé,1200,0,2192,2023
265000,77210,AVON,77,Maison,100,3,123,2023
265000,77210,AVON,77,Appartement,45,2,123,2023
265000,77210,AVON,77,Appartement,33,1,123,2023
265000,77210,AVON,77,Appartement,33,2,123,2023
197290,77250,MORET-LOING-ET-ORVANNE,77,Maison,88,4,58,2023
250000,77190,DAMMARIE LES LYS,77,Maison,97,6,1099,2023
250000,77190,DAMMARIE LES LYS,77,Maison,97,6,96,2023
250000,77190,DAMMARIE LES LYS,77,Dépendance,0,0,96,2023
250000,77190,DAMMARIE LES LYS,77,Dépendance,0,0,1099,2023
163000,77166,EVRY-GREGY-SUR-YERRE,77,Maison,50,2,22,2023
915000,77340,PONTAULT COMBAULT,77,Maison,165,7,673,2023
400000,77170,BRIE COMTE ROBERT,77,Maison,121,5,798,2023
483000,77680,ROISSY-EN-BRIE,77,Maison,124,6,495,2023
254600,77240,VERT-SAINT-DENIS,77,Dépendance,0,0,293,2023
254600,77240,VERT-SAINT-DENIS,77,Maison,57,4,293,2023
360000,77130,MISY-SUR-YONNE,77,Maison,145,9,413,2023
340000,77176,NANDY,77,Maison,120,6,250,2023
115000,77130,MONTEREAU FAULT YONNE,77,Dépendance,0,0,201,2023
115000,77130,MONTEREAU FAULT YONNE,77,Appartement,33,3,201,2023
115000,77130,MONTEREAU FAULT YONNE,77,Appartement,25,2,201,2023
190000,77130,MONTEREAU FAULT YONNE,77,Maison,106,4,564,2023
238550,77390,OZOUER-LE-VOULGIS,77,Maison,110,5,120,2023
251082,77760,CHAPELLE-LA-REINE (LA),77,Dépendance,0,0,379,2023
251082,77760,CHAPELLE-LA-REINE (LA),77,Dépendance,0,0,300,2023
251082,77760,CHAPELLE-LA-REINE (LA),77,Maison,116,4,379,2023
251082,77760,CHAPELLE-LA-REINE (LA),77,Maison,116,4,300,2023
420000,77170,BRIE COMTE ROBERT,77,Maison,80,3,500,2023
98000,77148,SALINS,77,Maison,109,5,137,2023
350000,77210,AVON,77,Local industriel. commercial ou assimilé,829,0,804,2023
335000,77950,RUBELLES,77,Maison,129,5,392,2023
335000,77950,RUBELLES,77,Dépendance,0,0,392,2023
335000,77950,RUBELLES,77,Dépendance,0,0,937,2023
335000,77950,RUBELLES,77,Maison,129,5,937,2023
399800,77340,PONTAULT COMBAULT,77,Maison,106,4,375,2023
540000,77000,VAUX-LE-PENIL,77,Dépendance,0,0,936,2023
540000,77000,VAUX-LE-PENIL,77,Maison,287,10,936,2023
197000,77720,SAINT-MERY,77,Maison,86,4,168,2023
197000,77720,SAINT-MERY,77,Dépendance,0,0,168,2023
148000,77130,CANNES-ECLUSE,77,Maison,91,5,264,2023
267750,77130,MISY-SUR-YONNE,77,Dépendance,0,0,532,2023
267750,77130,MISY-SUR-YONNE,77,Maison,86,4,532,2023
263000,77176,SAVIGNY-LE-TEMPLE,77,Maison,85,4,257,2023
780610,77620,EGREVILLE,77,Dépendance,0,0,1830,2023
780610,77620,EGREVILLE,77,Maison,207,6,1830,2023
780610,77620,EGREVILLE,77,Local industriel. commercial ou assimilé,44,0,1830,2023
780610,77620,EGREVILLE,77,Local industriel. commercial ou assimilé,100,0,1830,2023
135370,77000,MELUN,77,Dépendance,0,0,16,2023
150000,77390,GUIGNES,77,Maison,68,3,174,2023
780000,77680,ROISSY-EN-BRIE,77,Appartement,25,1,414,2023
780000,77680,ROISSY-EN-BRIE,77,Appartement,23,1,414,2023
780000,77680,ROISSY-EN-BRIE,77,Local industriel. commercial ou assimilé,45,0,414,2023
780000,77680,ROISSY-EN-BRIE,77,Appartement,21,1,414,2023
780000,77680,ROISSY-EN-BRIE,77,Appartement,42,2,414,2023
780000,77680,ROISSY-EN-BRIE,77,Local industriel. commercial ou assimilé,26,0,414,2023
780000,77680,ROISSY-EN-BRIE,77,Appartement,50,2,414,2023
12000,77460,SOUPPES-SUR-LOING,77,Dépendance,0,0,180,2023
258120,77620,EGREVILLE,77,Dépendance,0,0,300,2023
258120,77620,EGREVILLE,77,Maison,79,4,700,2023
258120,77620,EGREVILLE,77,Dépendance,0,0,700,2023
258120,77620,EGREVILLE,77,Maison,79,4,300,2023
198000,77250,MORET-LOING-ET-ORVANNE,77,Maison,78,4,84,2023
301500,77135,PONTCARRE,77,Maison,90,4,186,2023
339200,77950,RUBELLES,77,Maison,72,4,712,2023
300000,77310,PRINGY,77,Dépendance,0,0,214,2023
300000,77310,PRINGY,77,Maison,111,5,214,2023
126562,77000,MELUN,77,Maison,140,6,1208,2023
360000,77170,COUBERT,77,Maison,107,5,438,2023
240000,77550,MOISSY-CRAMAYEL,77,Maison,75,4,186,2023
590000,77240,CESSON,77,Local industriel. commercial ou assimilé,412,0,704,2023
299000,77380,COMBS LA VILLE,77,Maison,85,5,309,2023
305000,77720,AUBEPIERRE-OZOUER-LE-REPOS,77,Maison,133,5,667,2023
305000,77720,AUBEPIERRE-OZOUER-LE-REPOS,77,Dépendance,0,0,667,2023
360000,77390,CHAUMES-EN-BRIE,77,Maison,156,6,664,2023
552400,77300,FONTAINEBLEAU,77,Dépendance,0,0,72,2023
552400,77300,FONTAINEBLEAU,77,Appartement,75,5,72,2023
22000,77130,CANNES-ECLUSE,77,Dépendance,0,0,19,2023
22000,77130,CANNES-ECLUSE,77,Maison,60,3,51,2023
220000,77850,HERICY,77,Maison,58,3,236,2023
220000,77850,HERICY,77,Dépendance,0,0,236,2023
450000,77850,HERICY,77,Maison,125,4,221,2023
431200,77330,OZOIR LA FERRIERE,77,Maison,122,7,531,2023
369500,77680,ROISSY-EN-BRIE,77,Maison,91,5,308,2023
324840,77250,MORET-LOING-ET-ORVANNE,77,Maison,70,4,593,2023
865000,77220,LIVERDY-EN-BRIE,77,Appartement,70,2,6206,2023
865000,77220,LIVERDY-EN-BRIE,77,Local industriel. commercial ou assimilé,1393,0,6206,2023
260000,77390,COURTOMER,77,Dépendance,0,0,325,2023
260000,77390,COURTOMER,77,Maison,69,4,325,2023
300000,77135,PONTCARRE,77,Maison,87,5,227,2023
300000,77690,GENEVRAYE (LA),77,Dépendance,0,0,698,2023
300000,77690,GENEVRAYE (LA),77,Maison,140,5,698,2023
162000,77430,CHAMPAGNE SUR SEINE,77,Maison,96,4,111,2023
398000,77000,LIVRY-SUR-SEINE,77,Maison,109,5,376,2023
600000,77330,OZOIR LA FERRIERE,77,Maison,123,2,11225,2023
600000,77330,OZOIR LA FERRIERE,77,Local industriel. commercial ou assimilé,2477,0,11225,2023
600000,77330,OZOIR LA FERRIERE,77,Local industriel. commercial ou assimilé,167,0,11225,2023
160000,77210,AVON,77,Maison,38,2,34,2023
545000,77000,MELUN,77,Appartement,33,2,138,2023
545000,77000,MELUN,77,Appartement,53,2,138,2023
545000,77000,MELUN,77,Appartement,28,2,138,2023
407100,77590,BOIS LE ROI,77,Maison,46,2,122,2023
331000,77340,PONTAULT COMBAULT,77,Maison,79,4,310,2023
403586,77880,GREZ-SUR-LOING,77,Maison,159,3,837,2023
403586,77880,GREZ-SUR-LOING,77,Maison,159,3,500,2023
212000,77140,NEMOURS,77,Maison,82,3,518,2023
212000,77140,NEMOURS,77,Dépendance,0,0,518,2023
380000,77123,VAUDOUE (LE),77,Maison,180,5,699,2023
185000,77760,CHAPELLE-LA-REINE (LA),77,Maison,47,2,69,2023
185000,77760,CHAPELLE-LA-REINE (LA),77,Maison,95,4,69,2023
282000,77111,SOIGNOLLES-EN-BRIE,77,Dépendance,0,0,130,2023
282000,77111,SOIGNOLLES-EN-BRIE,77,Maison,70,3,130,2023
385000,77220,PRESLES-EN-BRIE,77,Maison,141,4,239,2023
385000,77220,PRESLES-EN-BRIE,77,Dépendance,0,0,239,2023
155000,77680,ROISSY-EN-BRIE,77,Dépendance,0,0,13,2023
230000,77820,CHATELET-EN-BRIE (LE),77,Maison,84,5,495,2023
279500,77380,COMBS LA VILLE,77,Maison,77,4,285,2023
284000,77310,SAINT-FARGEAU-PONTHIERRY,77,Maison,101,5,216,2023
114975,77240,VERT-SAINT-DENIS,77,Maison,150,6,500,2023
114975,77240,VERT-SAINT-DENIS,77,Maison,150,6,3849,2023
114975,77240,VERT-SAINT-DENIS,77,Dépendance,0,0,16,2023
302190,77111,SOIGNOLLES-EN-BRIE,77,Dépendance,0,0,270,2023
302190,77111,SOIGNOLLES-EN-BRIE,77,Dépendance,0,0,500,2023
302190,77111,SOIGNOLLES-EN-BRIE,77,Maison,76,4,270,2023
302190,77111,SOIGNOLLES-EN-BRIE,77,Maison,76,4,500,2023
442500,77340,PONTAULT COMBAULT,77,Maison,96,6,299,2023
208000,77680,ROISSY-EN-BRIE,77,Maison,55,4,50,2023
208000,77680,ROISSY-EN-BRIE,77,Dépendance,0,0,50,2023
439000,77166,GRISY-SUISNES,77,Dépendance,0,0,522,2023
439000,77166,GRISY-SUISNES,77,Maison,95,5,500,2023
439000,77166,GRISY-SUISNES,77,Dépendance,0,0,500,2023
439000,77166,GRISY-SUISNES,77,Maison,95,5,522,2023
205000,77000,MELUN,77,Maison,140,6,1208,2023
291000,77190,DAMMARIE LES LYS,77,Maison,93,5,370,2023
165000,77140,NEMOURS,77,Maison,83,3,91,2023
278000,77940,VOULX,77,Maison,40,2,170,2023
278000,77940,VOULX,77,Dépendance,0,0,640,2023
324000,77170,BRIE COMTE ROBERT,77,Maison,72,4,566,2023
182000,77630,SAINT-MARTIN-EN-BIERE,77,Maison,30,1,38,2023
182000,77630,SAINT-MARTIN-EN-BIERE,77,Dépendance,0,0,38,2023
285000,77176,SAVIGNY-LE-TEMPLE,77,Maison,101,6,384,2023
681780,77150,LESIGNY,77,Maison,217,9,372,2023
681780,77150,LESIGNY,77,Maison,217,9,500,2023
297000,77000,MELUN,77,Maison,60,2,297,2023
520000,77310,SAINT-FARGEAU-PONTHIERRY,77,Maison,160,4,135,2023
520000,77310,SAINT-FARGEAU-PONTHIERRY,77,Dépendance,0,0,135,2023
520000,77310,SAINT-FARGEAU-PONTHIERRY,77,Maison,57,3,135,2023
370000,77340,PONTAULT COMBAULT,77,Dépendance,0,0,603,2023
370000,77340,PONTAULT COMBAULT,77,Maison,98,5,603,2023
162000,77570,CHATEAU-LANDON,77,Dépendance,0,0,745,2023
162000,77570,CHATEAU-LANDON,77,Maison,80,5,745,2023
381800,77930,SAINT-GERMAIN-SUR-ECOLE,77,Maison,136,6,428,2023
320000,77620,EGREVILLE,77,Dépendance,0,0,203,2023
320000,77620,EGREVILLE,77,Maison,180,5,1500,2023
320000,77620,EGREVILLE,77,Maison,180,5,471,2023
245000,77550,MOISSY-CRAMAYEL,77,Dépendance,0,0,82,2023
245000,77550,MOISSY-CRAMAYEL,77,Maison,66,3,82,2023
325000,77340,PONTAULT COMBAULT,77,Maison,89,4,217,2023
328600,77220,GRETZ-ARMAINVILLIERS,77,Maison,85,4,245,2023
350000,77340,PONTAULT COMBAULT,77,Maison,116,5,534,2023
335700,77135,PONTCARRE,77,Maison,90,4,128,2023
304000,77127,LIEUSAINT,77,Maison,87,4,221,2023
520000,77173,CHEVRY-COSSIGNY,77,Maison,200,6,640,2023
435000,77127,LIEUSAINT,77,Dépendance,0,0,451,2023
435000,77127,LIEUSAINT,77,Maison,146,6,451,2023
242130,77760,VILLIERS-SOUS-GREZ,77,Maison,116,5,480,2023
218000,77250,MORET-LOING-ET-ORVANNE,77,Maison,80,3,911,2023
218000,77250,MORET-LOING-ET-ORVANNE,77,Maison,80,3,100,2023
212000,77850,HERICY,77,Dépendance,0,0,27,2023
212000,77850,HERICY,77,Maison,46,3,305,2023
330000,77135,PONTCARRE,77,Dépendance,0,0,65,2023
330000,77135,PONTCARRE,77,Maison,96,4,65,2023
350600,77380,COMBS LA VILLE,77,Maison,96,5,300,2023
280000,77380,COMBS LA VILLE,77,Maison,80,4,160,2023
390600,77920,SAMOIS SUR SEINE,77,Dépendance,0,0,838,2023
390600,77920,SAMOIS SUR SEINE,77,Maison,80,4,838,2023
570000,77760,CHEVRAINVILLIERS,77,Maison,96,5,657,2023
570000,77760,CHEVRAINVILLIERS,77,Dépendance,0,0,657,2023
295000,77130,MONTEREAU FAULT YONNE,77,Maison,149,6,510,2023
295000,77130,MONTEREAU FAULT YONNE,77,Dépendance,0,0,510,2023
450000,77340,PONTAULT COMBAULT,77,Maison,85,4,500,2023
290000,77250,MORET-LOING-ET-ORVANNE,77,Maison,100,5,361,2023
368000,77176,SAVIGNY-LE-TEMPLE,77,Maison,152,5,417,2023
104000,77250,MORET-LOING-ET-ORVANNE,77,Dépendance,0,0,537,2023
104000,77250,MORET-LOING-ET-ORVANNE,77,Appartement,47,2,537,2023
104000,77250,MORET-LOING-ET-ORVANNE,77,Local industriel. commercial ou assimilé,276,0,537,2023
327000,77550,MOISSY-CRAMAYEL,77,Maison,75,4,463,2023
344380,77176,NANDY,77,Maison,103,4,485,2023
344380,77176,NANDY,77,Dépendance,0,0,485,2023
509948,77190,VILLIERS-EN-BIERE,77,Maison,119,4,322,2023
800000,77340,PONTAULT COMBAULT,77,Maison,163,5,580,2023
800000,77340,PONTAULT COMBAULT,77,Maison,163,5,230,2023
1700000,77340,PONTAULT COMBAULT,77,Local industriel. commercial ou assimilé,4900,0,4968,2023
330000,77176,SAVIGNY-LE-TEMPLE,77,Maison,100,4,501,2023
30000,77940,DIANT,77,Dépendance,0,0,306,2023
565000,77920,SAMOIS SUR SEINE,77,Maison,180,8,501,2023
140000,77130,CANNES-ECLUSE,77,Maison,129,5,621,2023
315300,77390,CHAMPDEUIL,77,Maison,81,4,465,2023
315300,77390,CHAMPDEUIL,77,Dépendance,0,0,465,2023
250000,77130,MONTEREAU FAULT YONNE,77,Maison,164,6,278,2023
175000,77190,DAMMARIE LES LYS,77,Maison,64,3,402,2023
175000,77190,DAMMARIE LES LYS,77,Dépendance,0,0,402,2023
320000,77250,MORET-LOING-ET-ORVANNE,77,Maison,99,5,570,2023
320000,77250,MORET-LOING-ET-ORVANNE,77,Local industriel. commercial ou assimilé,0,0,9,2023
592,77550,LISSY,77,Local industriel. commercial ou assimilé,0,0,592,2023
137000,77130,CANNES-ECLUSE,77,Maison,82,4,123,2023
234000,77390,CHAUMES-EN-BRIE,77,Dépendance,0,0,83,2023
234000,77390,CHAUMES-EN-BRIE,77,Maison,90,4,83,2023
379700,77166,GRISY-SUISNES,77,Maison,100,4,293,2023
475000,77220,TOURNAN-EN-BRIE,77,Local industriel. commercial ou assimilé,1500,0,2238,2023
212000,77460,SOUPPES-SUR-LOING,77,Maison,145,6,755,2023
390000,77330,OZOIR LA FERRIERE,77,Maison,74,5,488,2023
390000,77330,OZOIR LA FERRIERE,77,Dépendance,0,0,488,2023
370000,77950,VOISENON,77,Maison,116,5,500,2023
415000,77950,RUBELLES,77,Maison,143,5,659,2023
387000,77340,PONTAULT COMBAULT,77,Maison,140,6,374,2023
310000,77340,PONTAULT COMBAULT,77,Dépendance,0,0,358,2023
310000,77340,PONTAULT COMBAULT,77,Maison,72,4,358,2023
197000,77140,NEMOURS,77,Maison,100,5,406,2023
216000,77140,MONCOURT FROMONVILLE,77,Maison,90,5,72,2023
250000,77670,SAINT-MAMMES,77,Maison,82,5,532,2023
525000,77000,VAUX-LE-PENIL,77,Maison,142,7,274,2023
343000,77000,VAUX-LE-PENIL,77,Maison,81,5,552,2023
233520,77690,MONTIGNY-SUR-LOING,77,Dépendance,0,0,319,2023
233520,77690,MONTIGNY-SUR-LOING,77,Maison,66,3,319,2023
291000,77720,MORMANT,77,Maison,101,4,594,2023
335385,77115,BLANDY,77,Maison,120,5,301,2023
320000,77630,BARBIZON,77,Maison,155,3,681,2023
425000,77310,SAINT-FARGEAU-PONTHIERRY,77,Maison,117,5,903,2023
415000,77950,MAINCY,77,Maison,150,7,472,2023
415000,77950,MAINCY,77,Maison,150,7,500,2023
371400,77340,PONTAULT COMBAULT,77,Maison,92,4,241,2023
560000,77390,GUIGNES,77,Appartement,40,2,132,2023
560000,77390,GUIGNES,77,Appartement,50,2,132,2023
560000,77390,GUIGNES,77,Appartement,50,3,132,2023
560000,77390,GUIGNES,77,Local industriel. commercial ou assimilé,100,0,132,2023
560000,77390,GUIGNES,77,Appartement,30,2,132,2023
394000,77340,PONTAULT COMBAULT,77,Maison,88,4,326,2023
570000,77680,ROISSY-EN-BRIE,77,Dépendance,0,0,441,2023
570000,77680,ROISSY-EN-BRIE,77,Maison,57,4,441,2023
242500,77550,MOISSY-CRAMAYEL,77,Maison,77,4,76,2023
170000,77140,NEMOURS,77,Maison,40,2,4850,2023
170000,77140,NEMOURS,77,Dépendance,0,0,1000,2023
170000,77140,NEMOURS,77,Maison,40,2,1000,2023
170000,77140,NEMOURS,77,Dépendance,0,0,4850,2023
232000,77890,BEAUMONT-DU-GATINAIS,77,Maison,110,3,146,2023
335000,77340,PONTAULT COMBAULT,77,Maison,92,5,218,2023
438200,77930,PERTHES,77,Maison,150,5,2272,2023
438200,77930,PERTHES,77,Maison,150,5,500,2023
438200,77930,PERTHES,77,Dépendance,0,0,500,2023
438200,77930,PERTHES,77,Dépendance,0,0,2272,2023
175000,77390,CHAUMES-EN-BRIE,77,Local industriel. commercial ou assimilé,32,0,165,2023
175000,77390,CHAUMES-EN-BRIE,77,Maison,84,5,165,2023
460000,77930,CELY EN BIERE,77,Maison,90,2,453,2023
460000,77930,CELY EN BIERE,77,Dépendance,0,0,453,2023
460000,77930,CELY EN BIERE,77,Maison,150,5,453,2023
345000,77310,SAINT-FARGEAU-PONTHIERRY,77,Maison,110,5,433,2023
222000,77710,LORREZ-LE-BOCAGE-PREAUX,77,Dépendance,0,0,366,2023
222000,77710,LORREZ-LE-BOCAGE-PREAUX,77,Maison,212,6,366,2023
355283,77680,ROISSY-EN-BRIE,77,Maison,88,5,382,2023
167900,77350,LE MEE SUR SEINE,77,Maison,96,4,1073,2023
167900,77350,LE MEE SUR SEINE,77,Maison,96,4,500,2023
370000,77940,VOULX,77,Maison,408,11,2554,2023
370000,77940,VOULX,77,Maison,408,11,500,2023
464290,77920,SAMOIS SUR SEINE,77,Maison,211,6,434,2023
210000,77130,MONTEREAU FAULT YONNE,77,Maison,72,4,795,2023
476800,77930,SAINT-SAUVEUR-SUR-ECOLE,77,Dépendance,0,0,300,2023
476800,77930,SAINT-SAUVEUR-SUR-ECOLE,77,Maison,165,6,300,2023
820000,77000,MELUN,77,Appartement,14,1,265,2023
820000,77000,MELUN,77,Appartement,30,2,265,2023
820000,77000,MELUN,77,Appartement,17,1,265,2023
820000,77000,MELUN,77,Appartement,21,1,265,2023
820000,77000,MELUN,77,Appartement,36,1,265,2023
820000,77000,MELUN,77,Appartement,20,1,265,2023
820000,77000,MELUN,77,Appartement,30,1,265,2023
820000,77000,MELUN,77,Appartement,90,6,265,2023
318000,77310,SAINT-FARGEAU-PONTHIERRY,77,Maison,84,4,604,2023
330000,77310,SAINT-FARGEAU-PONTHIERRY,77,Dépendance,0,0,252,2023
330000,77310,SAINT-FARGEAU-PONTHIERRY,77,Maison,83,5,252,2023
120000,77123,NOISY-SUR-ECOLE,77,Dépendance,0,0,75,2023
120000,77123,NOISY-SUR-ECOLE,77,Maison,80,5,75,2023
140000,77620,EGREVILLE,77,Dépendance,0,0,100,2023
140000,77620,EGREVILLE,77,Maison,75,4,100,2023
140000,77620,EGREVILLE,77,Dépendance,0,0,1360,2023
140000,77620,EGREVILLE,77,Maison,75,4,1360,2023
435000,77340,PONTAULT COMBAULT,77,Maison,102,5,481,2023
435000,77340,PONTAULT COMBAULT,77,Maison,23,1,481,2023
750000,77670,SAINT-MAMMES,77,Appartement,44,2,748,2023
750000,77670,SAINT-MAMMES,77,Local industriel. commercial ou assimilé,266,0,748,2023
750000,77670,SAINT-MAMMES,77,Local industriel. commercial ou assimilé,30,0,748,2023
750000,77670,SAINT-MAMMES,77,Appartement,28,1,748,2023
750000,77670,SAINT-MAMMES,77,Appartement,49,3,748,2023
750000,77670,SAINT-MAMMES,77,Appartement,35,2,748,2023
750000,77670,SAINT-MAMMES,77,Appartement,40,2,748,2023
750000,77670,SAINT-MAMMES,77,Appartement,26,2,748,2023
750000,77670,SAINT-MAMMES,77,Appartement,49,2,748,2023
272000,77176,SAVIGNY-LE-TEMPLE,77,Maison,85,4,482,2023
325000,77150,LESIGNY,77,Dépendance,0,0,175,2023
325000,77150,LESIGNY,77,Maison,74,4,175,2023
315000,77210,SAMOREAU,77,Maison,100,3,578,2023
315000,77210,SAMOREAU,77,Dépendance,0,0,578,2023
611400,77210,AVON,77,Maison,249,8,56,2023
611400,77210,AVON,77,Dépendance,0,0,56,2023
440000,77133,FERICY,77,Maison,142,6,580,2023
440000,77133,FERICY,77,Dépendance,0,0,580,2023
735000,77000,ROCHETTE(LA),77,Maison,148,8,2973,2023
735000,77000,ROCHETTE(LA),77,Maison,148,8,217,2023
735000,77000,ROCHETTE(LA),77,Dépendance,0,0,217,2023
735000,77000,ROCHETTE(LA),77,Dépendance,0,0,2973,2023
470000,77870,VULAINES-SUR-SEINE,77,Maison,45,3,448,2023
470000,77870,VULAINES-SUR-SEINE,77,Maison,120,7,448,2023
640000,77930,SAINT-GERMAIN-SUR-ECOLE,77,Maison,140,3,650,2023
640000,77930,SAINT-GERMAIN-SUR-ECOLE,77,Dépendance,0,0,650,2023
640000,77930,SAINT-GERMAIN-SUR-ECOLE,77,Maison,184,5,650,2023
350000,77930,FLEURY-EN-BIERE,77,Maison,100,3,867,2023
232500,77130,VARENNES-SUR-SEINE,77,Maison,108,6,432,2023
320000,77760,CHAPELLE-LA-REINE (LA),77,Local industriel. commercial ou assimilé,66,0,172,2023
320000,77760,CHAPELLE-LA-REINE (LA),77,Appartement,140,5,172,2023
320000,77760,CHAPELLE-LA-REINE (LA),77,Dépendance,0,0,172,2023
355000,77550,MOISSY-CRAMAYEL,77,Maison,95,5,321,2023
139000,77710,LORREZ-LE-BOCAGE-PREAUX,77,Dépendance,0,0,156,2023
139000,77710,LORREZ-LE-BOCAGE-PREAUX,77,Maison,75,4,156,2023
340000,77930,CHAILLY-EN-BIERE,77,Maison,100,6,500,2023
340000,77930,CHAILLY-EN-BIERE,77,Maison,100,6,1000,2023
340000,77930,CHAILLY-EN-BIERE,77,Dépendance,0,0,1000,2023
340000,77930,CHAILLY-EN-BIERE,77,Dépendance,0,0,500,2023
269450,77166,GRISY-SUISNES,77,Dépendance,0,0,408,2023
269450,77166,GRISY-SUISNES,77,Maison,95,4,408,2023
280000,77670,SAINT-MAMMES,77,Maison,81,4,200,2023
280000,77670,SAINT-MAMMES,77,Maison,81,4,553,2023
192126,77130,MISY-SUR-YONNE,77,Maison,98,3,653,2023
360500,77111,SOLERS,77,Maison,116,5,696,2023
230000,77870,VULAINES-SUR-SEINE,77,Maison,105,6,571,2023
280000,77390,CHAMPDEUIL,77,Maison,77,4,717,2023
118000,77220,PRESLES-EN-BRIE,77,Maison,75,3,31,2023
235100,77123,VAUDOUE (LE),77,Dépendance,0,0,107,2023
235100,77123,VAUDOUE (LE),77,Maison,49,3,107,2023
507000,77140,NONVILLE,77,Dépendance,0,0,272,2023
507000,77140,NONVILLE,77,Maison,199,6,272,2023
210000,77173,CHEVRY-COSSIGNY,77,Maison,70,2,76,2023
145000,77710,CHEVRY-EN-SEREINE,77,Dépendance,0,0,353,2023
145000,77710,CHEVRY-EN-SEREINE,77,Maison,70,2,353,2023
289000,77140,SAINT-PIERRE-LES-NEMOURS,77,Maison,83,3,560,2023
107000,77570,BOUGLIGNY,77,Maison,61,4,58,2023
107000,77570,BOUGLIGNY,77,Dépendance,0,0,24,2023
140000,77250,MORET-LOING-ET-ORVANNE,77,Local industriel. commercial ou assimilé,35,0,168,2023
375000,77127,LIEUSAINT,77,Maison,75,4,288,2023
179000,77430,CHAMPAGNE SUR SEINE,77,Maison,65,3,259,2023
179000,77430,CHAMPAGNE SUR SEINE,77,Dépendance,0,0,259,2023
478600,77170,BRIE COMTE ROBERT,77,Maison,141,5,534,2023
320000,77250,MORET-LOING-ET-ORVANNE,77,Local industriel. commercial ou assimilé,77,0,840,2023
320000,77250,MORET-LOING-ET-ORVANNE,77,Maison,93,3,207,2023
657900,77390,OZOUER-LE-VOULGIS,77,Maison,267,8,246,2023
657900,77390,OZOUER-LE-VOULGIS,77,Maison,267,8,513,2023
306000,77870,VULAINES-SUR-SEINE,77,Appartement,72,3,438,2023
306000,77870,VULAINES-SUR-SEINE,77,Dépendance,0,0,438,2023
310000,77390,VERNEUIL-L ETANG,77,Maison,140,5,151,2023
485000,77115,SIVRY-COURTRY,77,Dépendance,0,0,500,2023
485000,77115,SIVRY-COURTRY,77,Dépendance,0,0,515,2023
485000,77115,SIVRY-COURTRY,77,Maison,136,5,515,2023
485000,77115,SIVRY-COURTRY,77,Maison,136,5,500,2023
242000,77940,MONTMACHOUX,77,Maison,143,5,818,2023
465000,77173,CHEVRY-COSSIGNY,77,Maison,101,4,1105,2023
159900,77190,DAMMARIE LES LYS,77,Maison,68,5,153,2023
159900,77190,DAMMARIE LES LYS,77,Dépendance,0,0,153,2023
940000,77127,LIEUSAINT,77,Appartement,81,2,103,2023
940000,77127,LIEUSAINT,77,Local industriel. commercial ou assimilé,285,0,103,2023
940000,77127,LIEUSAINT,77,Appartement,80,3,103,2023
303000,77380,COMBS LA VILLE,77,Maison,96,6,170,2023
200000,77940,NOISY-RUDIGNON,77,Maison,120,6,619,2023
200000,77940,NOISY-RUDIGNON,77,Maison,120,6,200,2023
310000,77350,LE MEE SUR SEINE,77,Maison,90,4,300,2023
310000,77350,LE MEE SUR SEINE,77,Maison,90,4,500,2023
195000,77940,BROSSE-MONTCEAUX (LA),77,Maison,85,4,639,2023
195000,77940,BROSSE-MONTCEAUX (LA),77,Dépendance,0,0,639,2023
403500,77166,GRISY-SUISNES,77,Maison,113,4,606,2023
403500,77166,GRISY-SUISNES,77,Dépendance,0,0,606,2023
385000,77220,GRETZ-ARMAINVILLIERS,77,Maison,133,7,452,2023
190000,77148,SALINS,77,Maison,69,3,389,2023
630000,77780,BOURRON-MARLOTTE,77,Maison,102,7,311,2023
630000,77780,BOURRON-MARLOTTE,77,Dépendance,0,0,311,2023
355000,77680,ROISSY-EN-BRIE,77,Dépendance,0,0,516,2023
355000,77680,ROISSY-EN-BRIE,77,Maison,62,4,516,2023
380000,77130,MONTEREAU FAULT YONNE,77,Local industriel. commercial ou assimilé,45,0,305,2023
380000,77130,MONTEREAU FAULT YONNE,77,Dépendance,0,0,305,2023
380000,77130,MONTEREAU FAULT YONNE,77,Appartement,110,5,633,2023
380000,77130,MONTEREAU FAULT YONNE,77,Dépendance,0,0,633,2023
380000,77130,MONTEREAU FAULT YONNE,77,Appartement,110,5,305,2023
380000,77130,MONTEREAU FAULT YONNE,77,Local industriel. commercial ou assimilé,18,0,305,2023
380000,77130,MONTEREAU FAULT YONNE,77,Local industriel. commercial ou assimilé,45,0,633,2023
380000,77130,MONTEREAU FAULT YONNE,77,Local industriel. commercial ou assimilé,18,0,633,2023
570000,77680,ROISSY-EN-BRIE,77,Maison,130,4,440,2023
570000,77680,ROISSY-EN-BRIE,77,Local industriel. commercial ou assimilé,70,0,440,2023
565000,77680,ROISSY-EN-BRIE,77,Maison,104,5,440,2023
192000,77130,VARENNES-SUR-SEINE,77,Maison,67,4,320,2023
349282,77870,VULAINES-SUR-SEINE,77,Maison,110,3,768,2023
349282,77870,VULAINES-SUR-SEINE,77,Dépendance,0,0,768,2023
290000,77310,BOISSISE-LE-ROI,77,Maison,93,4,329,2023
129500,77167,POLIGNY,77,Dépendance,0,0,228,2023
129500,77167,POLIGNY,77,Maison,63,2,228,2023
300000,77310,SAINT-FARGEAU-PONTHIERRY,77,Local industriel. commercial ou assimilé,886,0,538,2023
300000,77310,SAINT-FARGEAU-PONTHIERRY,77,Local industriel. commercial ou assimilé,40,0,538,2023
300000,77310,SAINT-FARGEAU-PONTHIERRY,77,Dépendance,0,0,538,2023
300000,77310,SAINT-FARGEAU-PONTHIERRY,77,Appartement,36,2,538,2023
320000,77350,BOISSISE-LA-BERTRAND,77,Dépendance,0,0,320,2023
320000,77350,BOISSISE-LA-BERTRAND,77,Maison,150,7,320,2023
135000,77870,VULAINES-SUR-SEINE,77,Maison,55,2,391,2023
225000,77570,BOUGLIGNY,77,Maison,121,6,824,2023
225000,77570,BOUGLIGNY,77,Maison,121,6,500,2023
294661,77390,GUIGNES,77,Maison,98,5,500,2023
255000,77310,PRINGY,77,Maison,104,6,542,2023
350000,77720,BOMBON,77,Maison,118,4,723,2023
270800,77820,CHATELET-EN-BRIE (LE),77,Maison,84,5,567,2023
270800,77820,CHATELET-EN-BRIE (LE),77,Dépendance,0,0,567,2023
250000,77680,ROISSY-EN-BRIE,77,Dépendance,0,0,439,2023
250000,77680,ROISSY-EN-BRIE,77,Maison,68,4,439,2023
455000,77176,SAVIGNY-LE-TEMPLE,77,Maison,178,5,515,2023
465000,77115,SIVRY-COURTRY,77,Dépendance,0,0,1070,2023
465000,77115,SIVRY-COURTRY,77,Maison,148,4,1070,2023
465000,77115,SIVRY-COURTRY,77,Dépendance,0,0,600,2023
465000,77115,SIVRY-COURTRY,77,Maison,148,4,600,2023
379000,77310,SAINT-FARGEAU-PONTHIERRY,77,Maison,92,4,601,2023
379000,77310,SAINT-FARGEAU-PONTHIERRY,77,Maison,92,4,200,2023
342500,77330,OZOIR LA FERRIERE,77,Maison,89,4,254,2023
240000,77570,BOUGLIGNY,77,Dépendance,0,0,422,2023
240000,77570,BOUGLIGNY,77,Maison,135,5,422,2023
350000,77310,PRINGY,77,Maison,105,4,563,2023
283000,77760,RECLOSES,77,Maison,110,6,115,2023
895000,77590,BOIS LE ROI,77,Maison,169,5,494,2023
299000,77166,EVRY-GREGY-SUR-YERRE,77,Maison,65,4,691,2023
299000,77166,EVRY-GREGY-SUR-YERRE,77,Dépendance,0,0,691,2023
299000,77166,EVRY-GREGY-SUR-YERRE,77,Dépendance,0,0,500,2023
299000,77166,EVRY-GREGY-SUR-YERRE,77,Maison,65,4,500,2023
262000,77170,BRIE COMTE ROBERT,77,Dépendance,0,0,14,2023
262000,77170,BRIE COMTE ROBERT,77,Dépendance,0,0,11,2023
260000,77148,SALINS,77,Maison,77,4,217,2023
260000,77148,SALINS,77,Dépendance,0,0,217,2023
380000,77340,PONTAULT COMBAULT,77,Appartement,58,3,335,2023
299009,77176,SAVIGNY-LE-TEMPLE,77,Local industriel. commercial ou assimilé,380,0,803,2023
280000,77720,SAINT-MERY,77,Dépendance,0,0,706,2023
280000,77720,SAINT-MERY,77,Maison,118,6,706,2023
365000,77780,BOURRON-MARLOTTE,77,Maison,64,3,478,2023
365000,77780,BOURRON-MARLOTTE,77,Local industriel. commercial ou assimilé,64,0,478,2023
365000,77780,BOURRON-MARLOTTE,77,Maison,43,2,478,2023
120000,77140,NEMOURS,77,Dépendance,0,0,120,2023
120000,77140,NEMOURS,77,Maison,60,3,120,2023
109000,77890,BEAUMONT-DU-GATINAIS,77,Dépendance,0,0,450,2023
109000,77890,BEAUMONT-DU-GATINAIS,77,Maison,81,3,450,2023
191000,77460,CHAINTREAUX,77,Maison,119,4,486,2023
191000,77460,CHAINTREAUX,77,Dépendance,0,0,486,2023
368700,77210,AVON,77,Maison,93,5,217,2023
204000,77350,LE MEE SUR SEINE,77,Maison,88,6,73,2023
165000,77570,AUFFERVILLE,77,Maison,71,3,734,2023
165000,77570,AUFFERVILLE,77,Dépendance,0,0,734,2023
130000,77000,ROCHETTE(LA),77,Dépendance,0,0,455,2023
130000,77000,ROCHETTE(LA),77,Local industriel. commercial ou assimilé,96,0,455,2023
130000,77000,ROCHETTE(LA),77,Appartement,80,4,455,2023
537000,77166,GRISY-SUISNES,77,Maison,141,6,501,2023
537000,77166,GRISY-SUISNES,77,Maison,141,6,500,2023
229000,77810,THOMERY,77,Maison,79,4,81,2023
257000,77250,MORET-LOING-ET-ORVANNE,77,Maison,77,4,200,2023
257000,77250,MORET-LOING-ET-ORVANNE,77,Maison,77,4,445,2023
360000,77115,SIVRY-COURTRY,77,Dépendance,0,0,226,2023
360000,77115,SIVRY-COURTRY,77,Maison,103,4,226,2023
245000,77210,SAMOREAU,77,Maison,53,3,662,2023
250000,77000,MELUN,77,Dépendance,0,0,244,2023
250000,77000,MELUN,77,Appartement,55,2,244,2023
250000,77000,MELUN,77,Appartement,30,2,244,2023
280000,77850,HERICY,77,Maison,72,4,415,2023
156000,77130,MONTEREAU FAULT YONNE,77,Dépendance,0,0,1593,2023
156000,77130,MONTEREAU FAULT YONNE,77,Local industriel. commercial ou assimilé,47,0,1593,2023
156000,77130,MONTEREAU FAULT YONNE,77,Maison,142,8,1593,2023
283000,77190,DAMMARIE LES LYS,77,Maison,65,3,858,2023
283000,77190,DAMMARIE LES LYS,77,Maison,65,3,80,2023
298000,77950,MAINCY,77,Maison,69,4,510,2023
407500,77240,CESSON,77,Maison,131,5,484,2023
250000,77127,LIEUSAINT,77,Maison,78,4,310,2023
235000,77190,DAMMARIE LES LYS,77,Maison,75,4,331,2023
235000,77190,DAMMARIE LES LYS,77,Dépendance,0,0,331,2023
290000,77240,VERT-SAINT-DENIS,77,Maison,92,4,257,2023
243000,77115,SIVRY-COURTRY,77,Maison,59,3,1390,2023
243000,77115,SIVRY-COURTRY,77,Maison,59,3,37,2023
215000,77670,VERNOU-LA-CELLE-SUR-SEINE,77,Maison,60,3,854,2023
298100,77176,NANDY,77,Maison,116,6,260,2023
165000,77670,VERNOU-LA-CELLE-SUR-SEINE,77,Dépendance,0,0,310,2023
165000,77670,VERNOU-LA-CELLE-SUR-SEINE,77,Maison,20,2,310,2023
314000,77950,RUBELLES,77,Maison,98,4,403,2023
200000,77250,MORET-LOING-ET-ORVANNE,77,Maison,100,4,700,2023
200000,77250,MORET-LOING-ET-ORVANNE,77,Dépendance,0,0,700,2023
200000,77250,MORET-LOING-ET-ORVANNE,77,Maison,100,4,717,2023
200000,77250,MORET-LOING-ET-ORVANNE,77,Dépendance,0,0,717,2023
260000,77220,GRETZ-ARMAINVILLIERS,77,Maison,67,4,537,2023
260000,77220,GRETZ-ARMAINVILLIERS,77,Dépendance,0,0,537,2023
310000,77340,PONTAULT COMBAULT,77,Maison,70,3,822,2023
800000,77780,BOURRON-MARLOTTE,77,Maison,160,5,334,2023
800000,77780,BOURRON-MARLOTTE,77,Dépendance,0,0,360,2023
570000,77760,RECLOSES,77,Maison,75,2,1207,2023
570000,77760,RECLOSES,77,Maison,106,4,1207,2023
210000,77720,GRANDPUITS-BAILLY-CARROIS,77,Dépendance,0,0,453,2023
210000,77720,GRANDPUITS-BAILLY-CARROIS,77,Maison,46,2,453,2023
292000,77870,VULAINES-SUR-SEINE,77,Dépendance,0,0,865,2023
292000,77870,VULAINES-SUR-SEINE,77,Maison,85,4,865,2023
80000,77620,EGREVILLE,77,Local industriel. commercial ou assimilé,550,0,977,2023
30000,77670,VERNOU-LA-CELLE-SUR-SEINE,77,Dépendance,0,0,1685,2023
287500,77240,VERT-SAINT-DENIS,77,Maison,87,4,173,2023
345000,77190,VILLIERS-EN-BIERE,77,Maison,118,4,1586,2023
91000,77430,CHAMPAGNE SUR SEINE,77,Dépendance,0,0,519,2023
91000,77430,CHAMPAGNE SUR SEINE,77,Maison,39,2,519,2023
338000,77250,MORET-LOING-ET-ORVANNE,77,Maison,112,4,318,2023
338000,77250,MORET-LOING-ET-ORVANNE,77,Dépendance,0,0,318,2023
96000,77940,MONTMACHOUX,77,Maison,97,4,552,2023
159000,77390,VERNEUIL-L ETANG,77,Maison,76,4,122,2023
159000,77390,VERNEUIL-L ETANG,77,Dépendance,0,0,13,2023
1000000,77340,PONTAULT COMBAULT,77,Maison,162,6,500,2023
1000000,77340,PONTAULT COMBAULT,77,Dépendance,0,0,584,2023
1000000,77340,PONTAULT COMBAULT,77,Dépendance,0,0,500,2023
1000000,77340,PONTAULT COMBAULT,77,Maison,162,6,584,2023
324000,77810,THOMERY,77,Dépendance,0,0,478,2023
324000,77810,THOMERY,77,Maison,180,7,478,2023
290000,77720,CHAMPEAUX,77,Maison,20,1,730,2023
290000,77720,CHAMPEAUX,77,Dépendance,0,0,730,2023
160050,77250,MORET-LOING-ET-ORVANNE,77,Maison,76,4,624,2023
225000,77810,THOMERY,77,Maison,86,4,429,2023
225000,77810,THOMERY,77,Dépendance,0,0,429,2023
339000,77000,MELUN,77,Maison,62,3,319,2023
425000,77550,REAU,77,Appartement,75,2,302,2023
425000,77550,REAU,77,Appartement,110,5,302,2023
239000,77350,LE MEE SUR SEINE,77,Maison,76,4,164,2023
345000,77220,LIVERDY-EN-BRIE,77,Dépendance,0,0,675,2023
345000,77220,LIVERDY-EN-BRIE,77,Maison,104,4,675,2023
345000,77220,LIVERDY-EN-BRIE,77,Dépendance,0,0,300,2023
345000,77220,LIVERDY-EN-BRIE,77,Maison,104,4,300,2023
237000,77140,NEMOURS,77,Dépendance,0,0,266,2023
237000,77140,NEMOURS,77,Appartement,45,3,266,2023
237000,77140,NEMOURS,77,Appartement,18,1,266,2023
237000,77140,NEMOURS,77,Appartement,28,2,266,2023
237000,77140,NEMOURS,77,Appartement,22,1,266,2023
530000,77680,ROISSY-EN-BRIE,77,Maison,99,4,439,2023
420000,77310,PRINGY,77,Dépendance,0,0,3440,2023
420000,77310,PRINGY,77,Maison,136,6,500,2023
420000,77310,PRINGY,77,Maison,136,6,3440,2023
420000,77310,PRINGY,77,Dépendance,0,0,500,2023
1194000,77340,PONTAULT COMBAULT,77,Maison,70,3,822,2023
435000,77430,CHAMPAGNE SUR SEINE,77,Appartement,60,3,373,2023
435000,77430,CHAMPAGNE SUR SEINE,77,Appartement,20,1,373,2023
435000,77430,CHAMPAGNE SUR SEINE,77,Appartement,10,1,373,2023
435000,77430,CHAMPAGNE SUR SEINE,77,Appartement,35,2,373,2023
435000,77430,CHAMPAGNE SUR SEINE,77,Appartement,27,2,373,2023
435000,77430,CHAMPAGNE SUR SEINE,77,Appartement,28,2,373,2023
435000,77430,CHAMPAGNE SUR SEINE,77,Appartement,40,3,373,2023
435000,77430,CHAMPAGNE SUR SEINE,77,Appartement,12,1,373,2023
435000,77430,CHAMPAGNE SUR SEINE,77,Appartement,50,3,373,2023
307000,77127,LIEUSAINT,77,Maison,110,5,325,2023
380650,77310,PRINGY,77,Maison,114,5,388,2023
921250,77930,CELY EN BIERE,77,Maison,250,12,306,2023
559000,77140,NONVILLE,77,Maison,178,6,2000,2023
559000,77140,NONVILLE,77,Maison,178,6,692,2023
215000,77140,SAINT-PIERRE-LES-NEMOURS,77,Maison,95,4,335,2023
289900,77176,SAVIGNY-LE-TEMPLE,77,Dépendance,0,0,268,2023
289900,77176,SAVIGNY-LE-TEMPLE,77,Maison,98,5,268,2023
451600,77610,CHATRES,77,Maison,113,4,731,2023
451600,77610,CHATRES,77,Dépendance,0,0,731,2023
219000,77111,SOIGNOLLES-EN-BRIE,77,Maison,93,4,416,2023
395000,77880,GREZ-SUR-LOING,77,Maison,150,6,1117,2023
70000,77130,SAINT-GERMAIN-LAVAL,77,Local industriel. commercial ou assimilé,249,0,249,2023
70000,77130,SAINT-GERMAIN-LAVAL,77,Local industriel. commercial ou assimilé,2,0,38,2023
131478,77130,VARENNES-SUR-SEINE,77,Maison,67,5,942,2023
131478,77130,VARENNES-SUR-SEINE,77,Maison,67,5,100,2023
223500,77390,GUIGNES,77,Maison,66,3,223,2023
580000,77150,LESIGNY,77,Maison,123,4,500,2023
580000,77150,LESIGNY,77,Maison,123,4,473,2023
400000,77680,ROISSY-EN-BRIE,77,Maison,111,7,428,2023
184000,77720,AUBEPIERRE-OZOUER-LE-REPOS,77,Appartement,46,2,162,2023
184000,77720,AUBEPIERRE-OZOUER-LE-REPOS,77,Appartement,45,3,162,2023
184000,77720,AUBEPIERRE-OZOUER-LE-REPOS,77,Dépendance,0,0,162,2023
353000,77240,SEINE-PORT,77,Appartement,121,5,592,2023
353000,77240,SEINE-PORT,77,Dépendance,0,0,592,2023
360000,77380,COMBS LA VILLE,77,Maison,89,5,506,2023
405000,77950,MAINCY,77,Maison,56,4,475,2023
405000,77950,MAINCY,77,Dépendance,0,0,475,2023
405000,77950,MAINCY,77,Dépendance,0,0,49,2023
207855,77550,MOISSY-CRAMAYEL,77,Maison,89,4,250,2023
160000,77140,SAINT-PIERRE-LES-NEMOURS,77,Maison,100,5,284,2023
130000,77390,GUIGNES,77,Dépendance,0,0,500,2023
130000,77390,GUIGNES,77,Dépendance,0,0,613,2023
220000,77430,CHAMPAGNE SUR SEINE,77,Maison,80,4,268,2023
220000,77430,CHAMPAGNE SUR SEINE,77,Dépendance,0,0,176,2023
220000,77430,CHAMPAGNE SUR SEINE,77,Maison,67,3,176,2023
760320,77300,FONTAINEBLEAU,77,Maison,128,6,564,2023
397200,77760,URY,77,Maison,145,5,1247,2023
320000,77150,LESIGNY,77,Maison,84,4,174,2023
470000,77380,COMBS LA VILLE,77,Maison,151,6,700,2023
350000,77140,NEMOURS,77,Maison,34,2,810,2023
350000,77140,NEMOURS,77,Maison,116,5,810,2023
564970,77630,ARBONNE-LA-FORET,77,Maison,90,4,82,2023
281300,77930,SAINT-SAUVEUR-SUR-ECOLE,77,Maison,110,4,1288,2023
281300,77930,SAINT-SAUVEUR-SUR-ECOLE,77,Maison,110,4,183,2023
340000,77140,NEMOURS,77,Local industriel. commercial ou assimilé,54,0,127,2023
340000,77140,NEMOURS,77,Appartement,58,3,127,2023
315000,77380,COMBS LA VILLE,77,Maison,75,4,402,2023
413000,77670,VERNOU-LA-CELLE-SUR-SEINE,77,Dépendance,0,0,562,2023
413000,77670,VERNOU-LA-CELLE-SUR-SEINE,77,Maison,178,5,500,2023
413000,77670,VERNOU-LA-CELLE-SUR-SEINE,77,Dépendance,0,0,500,2023
413000,77670,VERNOU-LA-CELLE-SUR-SEINE,77,Maison,178,5,562,2023
223000,77690,MONTIGNY-SUR-LOING,77,Maison,82,4,7,2023
223000,77690,MONTIGNY-SUR-LOING,77,Maison,82,4,339,2023
248000,77250,MORET-LOING-ET-ORVANNE,77,Maison,45,3,461,2023
275000,77115,SIVRY-COURTRY,77,Dépendance,0,0,574,2023
275000,77115,SIVRY-COURTRY,77,Maison,90,5,574,2023
275000,77880,GREZ-SUR-LOING,77,Maison,130,3,604,2023
130000,77590,BOIS LE ROI,77,Maison,19,2,195,2023
142000,77760,FROMONT,77,Local industriel. commercial ou assimilé,35,0,707,2023
142000,77760,FROMONT,77,Maison,97,3,707,2023
142000,77760,FROMONT,77,Dépendance,0,0,707,2023
142000,77760,FROMONT,77,Maison,97,3,601,2023
142000,77760,FROMONT,77,Local industriel. commercial ou assimilé,35,0,601,2023
142000,77760,FROMONT,77,Dépendance,0,0,601,2023
378000,77720,SAINT-OUEN-EN-BRIE,77,Dépendance,0,0,200,2023
378000,77720,SAINT-OUEN-EN-BRIE,77,Dépendance,0,0,1390,2023
378000,77720,SAINT-OUEN-EN-BRIE,77,Maison,126,6,200,2023
378000,77720,SAINT-OUEN-EN-BRIE,77,Maison,126,6,1390,2023
302500,77176,NANDY,77,Maison,82,4,252,2023
140000,77690,MONTIGNY-SUR-LOING,77,Maison,80,4,125,2023
140000,77690,MONTIGNY-SUR-LOING,77,Dépendance,0,0,125,2023
340000,77250,MORET-LOING-ET-ORVANNE,77,Maison,125,6,206,2023
378000,77330,OZOIR LA FERRIERE,77,Maison,90,3,624,2023
378000,77330,OZOIR LA FERRIERE,77,Dépendance,0,0,624,2023
378000,77330,OZOIR LA FERRIERE,77,Maison,25,1,624,2023
480000,77390,VERNEUIL-L ETANG,77,Maison,220,6,468,2023
480000,77390,VERNEUIL-L ETANG,77,Dépendance,0,0,468,2023
112000,77350,LE MEE SUR SEINE,77,Dépendance,0,0,8617,2023
275000,77000,VAUX-LE-PENIL,77,Local industriel. commercial ou assimilé,110,0,102,2023
179500,77940,VOULX,77,Maison,73,4,1220,2023
170000,77850,HERICY,77,Dépendance,0,0,3762,2023
170000,77850,HERICY,77,Dépendance,0,0,1000,2023
260000,77000,LIVRY-SUR-SEINE,77,Dépendance,0,0,401,2023
260000,77000,LIVRY-SUR-SEINE,77,Maison,123,4,401,2023
500000,77930,PERTHES,77,Maison,30,1,500,2023
500000,77930,PERTHES,77,Maison,30,1,1228,2023
500000,77930,PERTHES,77,Maison,230,6,500,2023
500000,77930,PERTHES,77,Maison,230,6,1228,2023
450000,77820,CHATELET-EN-BRIE (LE),77,Local industriel. commercial ou assimilé,714,0,2429,2023
640000,77240,CESSON,77,Maison,133,5,500,2023
640000,77240,CESSON,77,Maison,133,5,1508,2023
86500,77350,LE MEE SUR SEINE,77,Local industriel. commercial ou assimilé,136,0,260,2023
123500,77350,LE MEE SUR SEINE,77,Dépendance,0,0,8617,2023
294000,77240,VERT-SAINT-DENIS,77,Maison,91,5,240,2023
173450,77170,BRIE COMTE ROBERT,77,Dépendance,0,0,12,2023
175000,77130,MONTEREAU FAULT YONNE,77,Maison,72,4,735,2023
314160,77140,MONCOURT FROMONVILLE,77,Maison,163,5,71,2023
297000,77820,CHATELET-EN-BRIE (LE),77,Maison,92,5,752,2023
297000,77820,CHATELET-EN-BRIE (LE),77,Maison,92,5,500,2023
127440,77140,NEMOURS,77,Dépendance,0,0,696,2023
127440,77140,NEMOURS,77,Maison,120,5,696,2023
270000,77170,BRIE COMTE ROBERT,77,Maison,76,4,225,2023
254600,77550,MOISSY-CRAMAYEL,77,Maison,83,5,304,2023
305000,77380,COMBS LA VILLE,77,Maison,88,5,202,2023
221050,77250,MORET-LOING-ET-ORVANNE,77,Dépendance,0,0,31,2023
221050,77250,MORET-LOING-ET-ORVANNE,77,Dépendance,0,0,88,2023
221050,77250,MORET-LOING-ET-ORVANNE,77,Maison,90,4,88,2023
490000,77220,FAVIERES,77,Maison,160,6,823,2023
490000,77220,FAVIERES,77,Maison,160,6,585,2023
413000,77220,GRETZ-ARMAINVILLIERS,77,Maison,143,4,355,2023
810000,77930,SAINT-GERMAIN-SUR-ECOLE,77,Dépendance,0,0,868,2023
810000,77930,SAINT-GERMAIN-SUR-ECOLE,77,Maison,198,8,868,2023
344000,77140,MONCOURT FROMONVILLE,77,Dépendance,0,0,799,2023
344000,77140,MONCOURT FROMONVILLE,77,Maison,90,4,799,2023
394400,77140,MONCOURT FROMONVILLE,77,Maison,150,6,1330,2023
394400,77140,MONCOURT FROMONVILLE,77,Maison,150,6,579,2023
94000,77250,MORET-LOING-ET-ORVANNE,77,Local industriel. commercial ou assimilé,60,0,30,2023
290000,77720,AUBEPIERRE-OZOUER-LE-REPOS,77,Dépendance,0,0,120,2023
290000,77720,AUBEPIERRE-OZOUER-LE-REPOS,77,Maison,178,3,120,2023
400000,77760,URY,77,Maison,69,2,97,2023
297500,77000,VAUX-LE-PENIL,77,Dépendance,0,0,630,2023
297500,77000,VAUX-LE-PENIL,77,Maison,77,4,630,2023
633941,77710,VILLEMARECHAL,77,Dépendance,0,0,3320,2023
633941,77710,VILLEMARECHAL,77,Maison,115,4,3320,2023
633941,77710,VILLEMARECHAL,77,Maison,80,2,3320,2023
293000,77300,FONTAINEBLEAU,77,Local industriel. commercial ou assimilé,80,0,192,2023
293000,77300,FONTAINEBLEAU,77,Local industriel. commercial ou assimilé,40,0,192,2023
322500,77176,SAVIGNY-LE-TEMPLE,77,Maison,98,4,310,2023
480000,77140,NEMOURS,77,Appartement,75,2,3842,2023
480000,77140,NEMOURS,77,Local industriel. commercial ou assimilé,30,0,3842,2023
480000,77140,NEMOURS,77,Local industriel. commercial ou assimilé,1170,0,3842,2023
350000,77670,SAINT-MAMMES,77,Maison,102,4,496,2023
265000,77850,HERICY,77,Maison,75,5,703,2023
290000,77250,MORET-LOING-ET-ORVANNE,77,Maison,121,6,518,2023
24000,77620,BRANSLES,77,Dépendance,0,0,107,2023
195000,77950,MAINCY,77,Maison,70,3,292,2023
250000,77130,GRANDE-PAROISSE (LA),77,Dépendance,0,0,533,2023
250000,77130,GRANDE-PAROISSE (LA),77,Maison,140,5,533,2023
185000,77170,COUBERT,77,Dépendance,0,0,608,2023
185000,77170,COUBERT,77,Maison,89,4,608,2023
357000,77330,OZOIR LA FERRIERE,77,Dépendance,0,0,403,2023
357000,77330,OZOIR LA FERRIERE,77,Maison,87,5,403,2023
415000,77340,PONTAULT COMBAULT,77,Maison,153,6,372,2023
340000,77950,MOISENAY,77,Maison,103,3,500,2023
340000,77950,MOISENAY,77,Maison,103,3,130,2023
450000,77115,SIVRY-COURTRY,77,Local industriel. commercial ou assimilé,560,0,618,2023
450000,77115,SIVRY-COURTRY,77,Local industriel. commercial ou assimilé,560,0,2000,2023
450000,77115,SIVRY-COURTRY,77,Local industriel. commercial ou assimilé,150,0,618,2023
450000,77115,SIVRY-COURTRY,77,Local industriel. commercial ou assimilé,150,0,2000,2023
322000,77220,TOURNAN-EN-BRIE,77,Maison,88,4,425,2023
133200,77590,BOIS LE ROI,77,Maison,100,4,79,2023
255000,77390,VERNEUIL-L ETANG,77,Maison,70,3,100,2023
190000,77140,MONCOURT FROMONVILLE,77,Maison,111,6,823,2023
220000,77670,SAINT-MAMMES,77,Maison,83,4,786,2023
92000,77430,CHAMPAGNE SUR SEINE,77,Maison,57,3,257,2023
92000,77430,CHAMPAGNE SUR SEINE,77,Dépendance,0,0,257,2023
512000,77330,OZOIR LA FERRIERE,77,Maison,125,4,625,2023
6814079,77000,MELUN,77,Maison,93,5,22,2023
6814079,77000,MELUN,77,Maison,93,5,603,2023
6814079,77000,MELUN,77,Maison,90,4,603,2023
6814079,77000,MELUN,77,Maison,90,4,371,2023
6814079,77000,MELUN,77,Maison,66,4,498,2023
240000,77760,CHAPELLE-LA-REINE (LA),77,Maison,103,5,502,2023
240000,77760,CHAPELLE-LA-REINE (LA),77,Dépendance,0,0,502,2023
270000,77760,CHAPELLE-LA-REINE (LA),77,Maison,87,5,520,2023
345500,77170,COUBERT,77,Maison,157,5,110,2023
293000,77330,OZOIR LA FERRIERE,77,Maison,67,4,238,2023
293000,77330,OZOIR LA FERRIERE,77,Maison,48,3,238,2023
265000,77250,MORET-LOING-ET-ORVANNE,77,Maison,102,5,192,2023
265000,77250,MORET-LOING-ET-ORVANNE,77,Maison,102,5,375,2023
340000,77140,NEMOURS,77,Appartement,26,2,249,2023
340000,77140,NEMOURS,77,Appartement,32,2,249,2023
340000,77140,NEMOURS,77,Appartement,30,2,249,2023
340000,77140,NEMOURS,77,Appartement,59,3,249,2023
259000,77380,COMBS LA VILLE,77,Maison,81,4,129,2023
30000,77350,BOISSISE-LA-BERTRAND,77,Dépendance,0,0,27,2023
263200,77930,CHAILLY-EN-BIERE,77,Maison,97,4,207,2023
350000,77176,SAVIGNY-LE-TEMPLE,77,Maison,136,5,402,2023
110000,77430,CHAMPAGNE SUR SEINE,77,Maison,63,4,425,2023
255000,77590,BOIS LE ROI,77,Maison,48,2,57,2023
255000,77590,BOIS LE ROI,77,Dépendance,0,0,57,2023
125000,77670,VERNOU-LA-CELLE-SUR-SEINE,77,Maison,110,6,264,2023
125000,77670,VERNOU-LA-CELLE-SUR-SEINE,77,Dépendance,0,0,264,2023
155000,77140,NEMOURS,77,Maison,56,3,62,2023
312000,77350,LE MEE SUR SEINE,77,Maison,99,6,503,2023
310000,77390,CHAUMES-EN-BRIE,77,Maison,150,6,567,2023
260000,77130,MAROLLES-SUR-SEINE,77,Maison,109,6,585,2023
264000,77710,REMAUVILLE,77,Maison,192,7,327,2023
309000,77760,CHAPELLE-LA-REINE (LA),77,Maison,123,5,408,2023
290000,77115,BLANDY,77,Maison,128,5,500,2023
290000,77115,BLANDY,77,Maison,128,5,1224,2023
1,77000,ROCHETTE(LA),77,Local industriel. commercial ou assimilé,381,0,628,2023
130369,77570,CHATEAU-LANDON,77,Dépendance,0,0,225,2023
130369,77570,CHATEAU-LANDON,77,Maison,95,4,225,2023
130369,77570,CHATEAU-LANDON,77,Dépendance,0,0,430,2023
335000,77330,OZOIR LA FERRIERE,77,Maison,88,5,510,2023
258000,77670,VERNOU-LA-CELLE-SUR-SEINE,77,Maison,88,4,500,2023
160000,77140,NEMOURS,77,Maison,97,5,162,2023
90000,77760,VILLIERS-SOUS-GREZ,77,Maison,39,1,308,2023
90000,77760,VILLIERS-SOUS-GREZ,77,Maison,38,1,308,2023
90000,77760,VILLIERS-SOUS-GREZ,77,Dépendance,0,0,308,2023
324000,77340,PONTAULT COMBAULT,77,Maison,61,3,173,2023
388000,77330,OZOIR LA FERRIERE,77,Maison,105,6,446,2023
185000,77130,MONTEREAU FAULT YONNE,77,Maison,30,2,52,2023
185000,77130,MONTEREAU FAULT YONNE,77,Local industriel. commercial ou assimilé,140,0,52,2023
417000,77810,THOMERY,77,Maison,72,3,686,2023
14000,77710,TREUZY-LEVELAY,77,Maison,15,1,2229,2023
422000,77135,PONTCARRE,77,Maison,131,7,315,2023
367000,77330,OZOIR LA FERRIERE,77,Dépendance,0,0,580,2023
367000,77330,OZOIR LA FERRIERE,77,Maison,72,4,580,2023
210000,77250,MORET-LOING-ET-ORVANNE,77,Maison,56,3,455,2023
472500,77350,BOISSISE-LA-BERTRAND,77,Maison,105,5,500,2023
472500,77350,BOISSISE-LA-BERTRAND,77,Maison,105,5,3545,2023
342000,77170,BRIE COMTE ROBERT,77,Maison,93,4,341,2023
329000,77173,CHEVRY-COSSIGNY,77,Maison,80,4,246,2023
355000,77380,COMBS LA VILLE,77,Maison,80,4,390,2023
315000,77173,CHEVRY-COSSIGNY,77,Maison,73,4,525,2023
95000,77710,VILLEBEON,77,Maison,53,2,427,2023
95000,77710,VILLEBEON,77,Dépendance,0,0,427,2023
216200,77140,NEMOURS,77,Maison,92,4,503,2023
17096,77940,NOISY-RUDIGNON,77,Dépendance,0,0,295,2023
176900,77190,DAMMARIE LES LYS,77,Appartement,57,3,81,2023
245000,77710,VILLEBEON,77,Maison,116,7,500,2023
245000,77710,VILLEBEON,77,Maison,116,7,655,2023
230000,77590,CHARTRETTES,77,Maison,56,2,437,2023
290500,77250,MORET-LOING-ET-ORVANNE,77,Maison,94,4,593,2023
370000,77130,GRANDE-PAROISSE (LA),77,Maison,160,7,1041,2023
370000,77130,GRANDE-PAROISSE (LA),77,Maison,160,7,237,2023
360000,77240,SEINE-PORT,77,Maison,110,4,500,2023
360000,77240,SEINE-PORT,77,Dépendance,0,0,500,2023
360000,77240,SEINE-PORT,77,Dépendance,0,0,929,2023
360000,77240,SEINE-PORT,77,Maison,110,4,929,2023
158000,77620,EGREVILLE,77,Appartement,30,1,56,2023
158000,77620,EGREVILLE,77,Appartement,35,2,56,2023
158000,77620,EGREVILLE,77,Local industriel. commercial ou assimilé,20,0,56,2023
340000,77350,LE MEE SUR SEINE,77,Maison,96,4,500,2023
340000,77350,LE MEE SUR SEINE,77,Maison,96,4,1073,2023
180000,77920,SAMOIS SUR SEINE,77,Maison,40,2,384,2023
230000,77430,CHAMPAGNE SUR SEINE,77,Maison,63,3,382,2023
210000,77130,MAROLLES-SUR-SEINE,77,Maison,92,5,500,2023
210000,77130,MAROLLES-SUR-SEINE,77,Dépendance,0,0,504,2023
210000,77130,MAROLLES-SUR-SEINE,77,Maison,92,5,504,2023
210000,77130,MAROLLES-SUR-SEINE,77,Dépendance,0,0,500,2023
375000,77240,CESSON,77,Maison,77,4,377,2023
285000,77240,CESSON,77,Maison,77,4,230,2023
140000,77130,VARENNES-SUR-SEINE,77,Maison,77,4,496,2023
382000,77460,CHAINTREAUX,77,Maison,335,9,575,2023
382000,77460,CHAINTREAUX,77,Dépendance,0,0,575,2023
382000,77460,CHAINTREAUX,77,Dépendance,0,0,655,2023
382000,77460,CHAINTREAUX,77,Maison,335,9,655,2023
420000,77130,MONTEREAU FAULT YONNE,77,Dépendance,0,0,404,2023
420000,77130,MONTEREAU FAULT YONNE,77,Appartement,30,2,404,2023
420000,77130,MONTEREAU FAULT YONNE,77,Appartement,23,1,404,2023
420000,77130,MONTEREAU FAULT YONNE,77,Appartement,45,2,404,2023
420000,77130,MONTEREAU FAULT YONNE,77,Appartement,52,3,404,2023
420000,77130,MONTEREAU FAULT YONNE,77,Appartement,70,3,404,2023
420000,77130,MONTEREAU FAULT YONNE,77,Appartement,16,1,404,2023
420000,77130,MONTEREAU FAULT YONNE,77,Appartement,15,1,404,2023
230000,77176,SAVIGNY-LE-TEMPLE,77,Maison,88,4,500,2023
1050000,77210,AVON,77,Dépendance,0,0,240,2023
1050000,77210,AVON,77,Maison,260,9,240,2023
270000,77240,VERT-SAINT-DENIS,77,Maison,93,4,234,2023
144000,77570,CHATEAU-LANDON,77,Maison,49,3,287,2023
500,77760,ACHERES-LA-FORET,77,Local industriel. commercial ou assimilé,0,0,6,2023
255000,77140,NEMOURS,77,Maison,270,7,199,2023
191000,77140,NEMOURS,77,Dépendance,0,0,965,2023
191000,77140,NEMOURS,77,Maison,71,4,965,2023
222000,77140,SAINT-PIERRE-LES-NEMOURS,77,Maison,95,4,348,2023
264000,77760,ACHERES-LA-FORET,77,Maison,72,3,520,2023
174000,77123,NOISY-SUR-ECOLE,77,Dépendance,0,0,105,2023
174000,77123,NOISY-SUR-ECOLE,77,Maison,56,3,105,2023
230000,77350,LE MEE SUR SEINE,77,Maison,90,5,116,2023
230000,77350,LE MEE SUR SEINE,77,Dépendance,0,0,116,2023
260570,77930,CHAILLY-EN-BIERE,77,Maison,101,3,663,2023
402000,77340,PONTAULT COMBAULT,77,Maison,102,5,562,2023
550000,77590,BOIS LE ROI,77,Maison,152,7,544,2023
550000,77590,BOIS LE ROI,77,Maison,152,7,200,2023
530000,77350,BOISSISE-LA-BERTRAND,77,Maison,300,7,310,2023
180000,77830,ECHOUBOULAINS,77,Maison,66,3,571,2023
545600,77310,SAINT-FARGEAU-PONTHIERRY,77,Maison,153,5,1134,2023
50000,77670,SAINT-MAMMES,77,Maison,16,1,19,2023
250000,77220,GRETZ-ARMAINVILLIERS,77,Dépendance,0,0,252,2023
250000,77220,GRETZ-ARMAINVILLIERS,77,Dépendance,0,0,500,2023
659000,77690,MONTIGNY-SUR-LOING,77,Dépendance,0,0,132,2023
659000,77690,MONTIGNY-SUR-LOING,77,Maison,174,6,2000,2023
659000,77690,MONTIGNY-SUR-LOING,77,Dépendance,0,0,2000,2023
659000,77690,MONTIGNY-SUR-LOING,77,Maison,174,6,132,2023
205000,77115,BLANDY,77,Maison,62,4,217,2023
110000,77820,CHATELET-EN-BRIE (LE),77,Dépendance,0,0,460,2023
96792,77330,OZOIR LA FERRIERE,77,Maison,191,7,378,2023
96792,77330,OZOIR LA FERRIERE,77,Maison,191,7,500,2023
50000,77166,EVRY-GREGY-SUR-YERRE,77,Dépendance,0,0,1878,2023
50000,77166,EVRY-GREGY-SUR-YERRE,77,Maison,75,2,1878,2023
185000,77130,MISY-SUR-YONNE,77,Maison,160,5,558,2023
185000,77130,MISY-SUR-YONNE,77,Dépendance,0,0,558,2023
325000,77550,MOISSY-CRAMAYEL,77,Maison,93,6,659,2023
259200,77550,MOISSY-CRAMAYEL,77,Maison,78,4,111,2023
167490,77890,BEAUMONT-DU-GATINAIS,77,Maison,155,8,212,2023
167490,77890,BEAUMONT-DU-GATINAIS,77,Dépendance,0,0,212,2023
1775000,77210,AVON,77,Local industriel. commercial ou assimilé,550,0,1527,2023
1775000,77210,AVON,77,Maison,196,4,180,2023
710000,77123,NOISY-SUR-ECOLE,77,Maison,224,8,476,2023
710000,77123,NOISY-SUR-ECOLE,77,Dépendance,0,0,476,2023
277000,77380,COMBS LA VILLE,77,Dépendance,0,0,532,2023
277000,77380,COMBS LA VILLE,77,Maison,64,5,532,2023
349000,77340,PONTAULT COMBAULT,77,Dépendance,0,0,400,2023
349000,77340,PONTAULT COMBAULT,77,Maison,100,4,400,2023
295000,77310,SAINT-FARGEAU-PONTHIERRY,77,Maison,70,4,77,2023
210000,77780,BOURRON-MARLOTTE,77,Dépendance,0,0,113,2023
210000,77780,BOURRON-MARLOTTE,77,Maison,107,4,113,2023
75000,77570,CHATEAU-LANDON,77,Dépendance,0,0,394,2023
75000,77570,CHATEAU-LANDON,77,Maison,148,7,394,2023
445000,77176,NANDY,77,Maison,120,4,688,2023
435000,77240,CESSON,77,Maison,143,7,878,2023
435000,77240,CESSON,77,Maison,143,7,500,2023
234000,77550,MOISSY-CRAMAYEL,77,Local industriel. commercial ou assimilé,119,0,240,2023
234000,77550,MOISSY-CRAMAYEL,77,Maison,106,5,240,2023
254000,77240,VERT-SAINT-DENIS,77,Maison,76,3,149,2023
196000,77670,VERNOU-LA-CELLE-SUR-SEINE,77,Maison,90,4,335,2023
443700,77176,NANDY,77,Local industriel. commercial ou assimilé,50,0,656,2023
443700,77176,NANDY,77,Maison,180,7,656,2023
280000,77760,NANTEAU-SUR-ESSONNE,77,Maison,95,4,228,2023
280000,77760,NANTEAU-SUR-ESSONNE,77,Dépendance,0,0,228,2023
356000,77760,LARCHANT,77,Maison,130,7,240,2023
356000,77760,LARCHANT,77,Dépendance,0,0,240,2023
460000,77760,RECLOSES,77,Maison,105,5,1755,2023
439300,77170,BRIE COMTE ROBERT,77,Maison,112,5,400,2023
439300,77170,BRIE COMTE ROBERT,77,Dépendance,0,0,400,2023
325000,77390,OZOUER-LE-VOULGIS,77,Maison,94,5,613,2023
550000,77930,FLEURY-EN-BIERE,77,Maison,119,5,847,2023
550000,77930,FLEURY-EN-BIERE,77,Dépendance,0,0,847,2023
1,77950,VOISENON,77,Maison,67,5,146,2023
1,77950,VOISENON,77,Dépendance,0,0,146,2023
737150,77330,OZOIR LA FERRIERE,77,Dépendance,0,0,914,2023
737150,77330,OZOIR LA FERRIERE,77,Maison,252,8,914,2023
468380,77810,THOMERY,77,Maison,114,4,154,2023
192000,77760,BURCY,77,Dépendance,0,0,1947,2023
192000,77760,BURCY,77,Maison,90,3,1947,2023
200000,77950,VOISENON,77,Dépendance,0,0,146,2023
200000,77950,VOISENON,77,Maison,67,5,146,2023
320000,77630,BARBIZON,77,Maison,63,4,465,2023
320000,77630,BARBIZON,77,Local industriel. commercial ou assimilé,280,0,465,2023
960000,77550,REAU,77,Maison,75,3,5805,2023
329900,77176,NANDY,77,Dépendance,0,0,494,2023
329900,77176,NANDY,77,Maison,92,4,494,2023
910000,77310,SAINT-FARGEAU-PONTHIERRY,77,Maison,148,4,1550,2023
910000,77310,SAINT-FARGEAU-PONTHIERRY,77,Dépendance,0,0,1550,2023
910000,77310,SAINT-FARGEAU-PONTHIERRY,77,Maison,148,4,500,2023
910000,77310,SAINT-FARGEAU-PONTHIERRY,77,Dépendance,0,0,500,2023
156800,77000,MELUN,77,Maison,80,4,205,2023
305000,77190,DAMMARIE LES LYS,77,Maison,77,3,516,2023
160000,77940,FLAGY,77,Maison,98,6,276,2023
160000,77940,FLAGY,77,Dépendance,0,0,276,2023
250000,77130,DORMELLES,77,Dépendance,0,0,703,2023
250000,77130,DORMELLES,77,Maison,60,3,703,2023
910000,77950,MAINCY,77,Maison,500,8,490,2023
214000,77890,BEAUMONT-DU-GATINAIS,77,Maison,95,4,433,2023
40000,77570,CHENOU,77,Dépendance,0,0,645,2023
240000,77310,SAINT-FARGEAU-PONTHIERRY,77,Maison,42,2,332,2023
265000,77950,MOISENAY,77,Maison,70,3,205,2023
225000,77130,GRANDE-PAROISSE (LA),77,Maison,84,5,800,2023
225000,77130,GRANDE-PAROISSE (LA),77,Dépendance,0,0,800,2023
1350000,77820,CHATELET-EN-BRIE (LE),77,Maison,20,1,1347,2023
1350000,77820,CHATELET-EN-BRIE (LE),77,Maison,308,11,1347,2023
1350000,77820,CHATELET-EN-BRIE (LE),77,Dépendance,0,0,1347,2023
414950,77570,CHATEAU-LANDON,77,Maison,300,7,950,2023
414950,77570,CHATEAU-LANDON,77,Local industriel. commercial ou assimilé,98,0,244,2023
325000,77240,VERT-SAINT-DENIS,77,Maison,76,4,322,2023
325000,77240,VERT-SAINT-DENIS,77,Dépendance,0,0,322,2023
140000,77430,CHAMPAGNE SUR SEINE,77,Maison,32,1,228,2023
140000,77430,CHAMPAGNE SUR SEINE,77,Maison,32,1,1312,2023
365000,77460,SOUPPES-SUR-LOING,77,Dépendance,0,0,222,2023
365000,77460,SOUPPES-SUR-LOING,77,Appartement,48,2,222,2023
365000,77460,SOUPPES-SUR-LOING,77,Appartement,40,2,222,2023
365000,77460,SOUPPES-SUR-LOING,77,Appartement,52,2,222,2023
365000,77460,SOUPPES-SUR-LOING,77,Appartement,75,4,222,2023
100000,77350,LE MEE SUR SEINE,77,Dépendance,0,0,8617,2023
323000,77340,PONTAULT COMBAULT,77,Maison,60,3,479,2023
323000,77340,PONTAULT COMBAULT,77,Dépendance,0,0,479,2023
900000,77300,FONTAINEBLEAU,77,Dépendance,0,0,205,2023
900000,77300,FONTAINEBLEAU,77,Maison,162,8,205,2023
105000,77350,LE MEE SUR SEINE,77,Dépendance,0,0,8617,2023
630000,77111,SOIGNOLLES-EN-BRIE,77,Maison,128,6,1235,2023
242000,77570,BOUGLIGNY,77,Maison,94,4,321,2023
242000,77570,BOUGLIGNY,77,Dépendance,0,0,321,2023
277110,77000,VAUX-LE-PENIL,77,Maison,83,3,171,2023
515690,77590,CHARTRETTES,77,Appartement,158,5,530,2023
515690,77590,CHARTRETTES,77,Dépendance,0,0,530,2023
67305,77140,MONCOURT FROMONVILLE,77,Dépendance,0,0,91,2023
67305,77140,MONCOURT FROMONVILLE,77,Maison,45,3,91,2023
39750,77130,SAINT-GERMAIN-LAVAL,77,Local industriel. commercial ou assimilé,0,0,1111,2023
106000,77760,LARCHANT,77,Maison,60,3,111,2023
519500,77250,MORET-LOING-ET-ORVANNE,77,Dépendance,0,0,316,2023
519500,77250,MORET-LOING-ET-ORVANNE,77,Maison,219,7,316,2023
329000,77680,ROISSY-EN-BRIE,77,Maison,102,5,270,2023
329000,77680,ROISSY-EN-BRIE,77,Dépendance,0,0,270,2023
320000,77680,ROISSY-EN-BRIE,77,Dépendance,0,0,179,2023
320000,77680,ROISSY-EN-BRIE,77,Maison,80,4,179,2023
545750,77150,LESIGNY,77,Maison,152,6,600,2023
470000,77250,MORET-LOING-ET-ORVANNE,77,Maison,180,5,450,2023
163000,77140,SAINT-PIERRE-LES-NEMOURS,77,Appartement,25,1,144,2023
163000,77140,SAINT-PIERRE-LES-NEMOURS,77,Appartement,60,2,144,2023
163000,77140,SAINT-PIERRE-LES-NEMOURS,77,Dépendance,0,0,144,2023
436655,77760,URY,77,Maison,120,5,340,2023
306000,77167,FAY-LES-NEMOURS,77,Dépendance,0,0,308,2023
306000,77167,FAY-LES-NEMOURS,77,Maison,160,4,308,2023
150000,77710,LORREZ-LE-BOCAGE-PREAUX,77,Local industriel. commercial ou assimilé,40,0,315,2023
150000,77710,LORREZ-LE-BOCAGE-PREAUX,77,Maison,85,4,315,2023
91000,77130,CANNES-ECLUSE,77,Maison,56,3,185,2023
320000,77240,CESSON,77,Maison,144,5,368,2023
146100,77130,MONTEREAU FAULT YONNE,77,Maison,64,4,295,2023
240000,77710,LORREZ-LE-BOCAGE-PREAUX,77,Maison,125,6,294,2023
240000,77710,LORREZ-LE-BOCAGE-PREAUX,77,Dépendance,0,0,573,2023
240000,77710,LORREZ-LE-BOCAGE-PREAUX,77,Dépendance,0,0,294,2023
240000,77710,LORREZ-LE-BOCAGE-PREAUX,77,Maison,125,6,573,2023
750000,77140,NEMOURS,77,Maison,223,7,1395,2023
750000,77140,NEMOURS,77,Maison,223,7,1000,2023
325000,77000,MELUN,77,Dépendance,0,0,740,2023
325000,77000,MELUN,77,Maison,60,4,114,2023
325000,77000,MELUN,77,Maison,60,4,740,2023
325000,77000,MELUN,77,Dépendance,0,0,114,2023
210000,77130,VARENNES-SUR-SEINE,77,Dépendance,0,0,154,2023
210000,77130,VARENNES-SUR-SEINE,77,Maison,48,3,154,2023
190000,77760,LARCHANT,77,Maison,72,3,506,2023
370000,77310,SAINT-FARGEAU-PONTHIERRY,77,Maison,115,5,125,2023
370000,77310,SAINT-FARGEAU-PONTHIERRY,77,Dépendance,0,0,1486,2023
370000,77310,SAINT-FARGEAU-PONTHIERRY,77,Maison,115,5,1486,2023
370000,77310,SAINT-FARGEAU-PONTHIERRY,77,Dépendance,0,0,125,2023
328000,77170,BRIE COMTE ROBERT,77,Dépendance,0,0,668,2023
328000,77170,BRIE COMTE ROBERT,77,Maison,88,4,668,2023
313000,77720,MORMANT,77,Maison,86,4,606,2023
389000,77166,EVRY-GREGY-SUR-YERRE,77,Dépendance,0,0,532,2023
389000,77166,EVRY-GREGY-SUR-YERRE,77,Maison,144,6,532,2023
240000,77250,MORET-LOING-ET-ORVANNE,77,Maison,100,5,330,2023
160000,77220,FAVIERES,77,Dépendance,0,0,342,2023
160000,77220,FAVIERES,77,Maison,75,2,342,2023
475000,77140,NEMOURS,77,Maison,160,6,538,2023
355000,77330,OZOIR LA FERRIERE,77,Maison,70,4,320,2023
440000,77690,MONTIGNY-SUR-LOING,77,Maison,163,7,1110,2023
702200,77780,BOURRON-MARLOTTE,77,Maison,182,6,326,2023
702200,77780,BOURRON-MARLOTTE,77,Dépendance,0,0,326,2023
329000,77000,VAUX-LE-PENIL,77,Maison,110,5,753,2023
380000,77340,PONTAULT COMBAULT,77,Maison,90,5,436,2023
120000,77920,SAMOIS SUR SEINE,77,Local industriel. commercial ou assimilé,54,0,55,2023
120000,77920,SAMOIS SUR SEINE,77,Maison,42,2,55,2023
321000,77350,BOISSISE-LA-BERTRAND,77,Maison,50,3,464,2023
321000,77350,BOISSISE-LA-BERTRAND,77,Dépendance,0,0,464,2023
150000,77880,GREZ-SUR-LOING,77,Local industriel. commercial ou assimilé,107,0,176,2023
269900,77550,MOISSY-CRAMAYEL,77,Maison,80,4,191,2023
567000,77930,SAINT-SAUVEUR-SUR-ECOLE,77,Maison,240,5,1121,2023
567000,77930,SAINT-SAUVEUR-SUR-ECOLE,77,Maison,240,5,500,2023
250000,77760,NANTEAU-SUR-ESSONNE,77,Maison,92,6,600,2023
250000,77760,NANTEAU-SUR-ESSONNE,77,Maison,92,6,730,2023
228000,77000,MELUN,77,Local industriel. commercial ou assimilé,302,0,523,2023
228000,77000,MELUN,77,Maison,76,5,523,2023
400000,77430,CHAMPAGNE SUR SEINE,77,Maison,135,5,112,2023
400000,77430,CHAMPAGNE SUR SEINE,77,Dépendance,0,0,112,2023
125000,77430,CHAMPAGNE SUR SEINE,77,Dépendance,0,0,248,2023
125000,77430,CHAMPAGNE SUR SEINE,77,Maison,50,4,248,2023
458500,77810,THOMERY,77,Dépendance,0,0,254,2023
458500,77810,THOMERY,77,Maison,140,5,254,2023
145000,77570,CHATEAU-LANDON,77,Local industriel. commercial ou assimilé,360,0,1003,2023
145000,77570,CHATEAU-LANDON,77,Dépendance,0,0,1003,2023
145000,77570,CHATEAU-LANDON,77,Dépendance,0,0,604,2023
306000,77920,SAMOIS SUR SEINE,77,Dépendance,0,0,90,2023
306000,77920,SAMOIS SUR SEINE,77,Maison,50,2,90,2023
306000,77920,SAMOIS SUR SEINE,77,Dépendance,0,0,185,2023
315000,77670,VERNOU-LA-CELLE-SUR-SEINE,77,Dépendance,0,0,200,2023
315000,77670,VERNOU-LA-CELLE-SUR-SEINE,77,Maison,125,5,200,2023
315000,77670,VERNOU-LA-CELLE-SUR-SEINE,77,Dépendance,0,0,1125,2023
315000,77670,VERNOU-LA-CELLE-SUR-SEINE,77,Maison,125,5,1125,2023
495000,77850,HERICY,77,Dépendance,0,0,1000,2023
495000,77850,HERICY,77,Dépendance,0,0,500,2023
495000,77850,HERICY,77,Maison,134,5,1000,2023
495000,77850,HERICY,77,Maison,134,5,500,2023
299000,77720,SAINT-OUEN-EN-BRIE,77,Maison,134,6,637,2023
220000,77190,DAMMARIE LES LYS,77,Maison,58,3,971,2023
220000,77190,DAMMARIE LES LYS,77,Maison,58,3,73,2023
40000,77570,CHATEAU-LANDON,77,Dépendance,0,0,74,2023
345600,77250,MORET-LOING-ET-ORVANNE,77,Maison,110,5,546,2023
352000,77550,MOISSY-CRAMAYEL,77,Maison,120,5,372,2023
352000,77550,MOISSY-CRAMAYEL,77,Dépendance,0,0,372,2023
570000,77870,VULAINES-SUR-SEINE,77,Local industriel. commercial ou assimilé,713,0,1057,2023
200000,77760,LARCHANT,77,Maison,103,4,220,2023
200000,77760,LARCHANT,77,Dépendance,0,0,220,2023
634000,77620,EGREVILLE,77,Dépendance,0,0,1000,2023
634000,77620,EGREVILLE,77,Maison,160,5,1018,2023
634000,77620,EGREVILLE,77,Dépendance,0,0,1018,2023
634000,77620,EGREVILLE,77,Maison,160,5,1000,2023
100000,77250,VILLECERF,77,Maison,64,3,125,2023
189000,77130,MONTEREAU FAULT YONNE,77,Dépendance,0,0,414,2023
189000,77130,MONTEREAU FAULT YONNE,77,Appartement,66,4,414,2023
189000,77130,MONTEREAU FAULT YONNE,77,Appartement,55,2,414,2023
189000,77130,MONTEREAU FAULT YONNE,77,Appartement,47,2,414,2023
299000,77670,VERNOU-LA-CELLE-SUR-SEINE,77,Dépendance,0,0,583,2023
299000,77670,VERNOU-LA-CELLE-SUR-SEINE,77,Maison,169,6,583,2023
240000,77830,VALENCE-EN-BRIE,77,Local industriel. commercial ou assimilé,32,0,446,2023
240000,77830,VALENCE-EN-BRIE,77,Maison,129,5,446,2023
240000,77830,VALENCE-EN-BRIE,77,Dépendance,0,0,446,2023
207550,77250,MORET-LOING-ET-ORVANNE,77,Maison,56,3,60,2023
105000,77460,SOUPPES-SUR-LOING,77,Dépendance,0,0,292,2023
210000,77690,MONTIGNY-SUR-LOING,77,Maison,86,4,336,2023
500000,77330,OZOIR LA FERRIERE,77,Maison,116,5,923,2023
1350000,77950,MAINCY,77,Local industriel. commercial ou assimilé,792,0,3399,2023
1350000,77000,VAUX-LE-PENIL,77,Local industriel. commercial ou assimilé,943,0,11944,2023
1350000,77000,VAUX-LE-PENIL,77,Maison,63,2,11944,2023
1350000,77000,VAUX-LE-PENIL,77,Maison,75,3,11944,2023
1350000,77000,VAUX-LE-PENIL,77,Maison,98,2,11944,2023
1350000,77000,VAUX-LE-PENIL,77,Local industriel. commercial ou assimilé,962,0,11944,2023
1350000,77000,VAUX-LE-PENIL,77,Maison,95,3,11944,2023
1350000,77000,VAUX-LE-PENIL,77,Local industriel. commercial ou assimilé,1330,0,11944,2023
1350000,77000,VAUX-LE-PENIL,77,Local industriel. commercial ou assimilé,565,0,11944,2023
1350000,77000,VAUX-LE-PENIL,77,Local industriel. commercial ou assimilé,100,0,11944,2023
1350000,77000,VAUX-LE-PENIL,77,Local industriel. commercial ou assimilé,12,0,11944,2023
409000,77630,ARBONNE-LA-FORET,77,Maison,108,5,425,2023
409000,77630,ARBONNE-LA-FORET,77,Dépendance,0,0,425,2023
302000,77176,SAVIGNY-LE-TEMPLE,77,Dépendance,0,0,500,2023
302000,77176,SAVIGNY-LE-TEMPLE,77,Maison,124,6,500,2023
302000,77176,SAVIGNY-LE-TEMPLE,77,Maison,124,6,976,2023
302000,77176,SAVIGNY-LE-TEMPLE,77,Dépendance,0,0,976,2023
260000,77176,SAVIGNY-LE-TEMPLE,77,Maison,117,5,124,2023
287070,77170,BRIE COMTE ROBERT,77,Dépendance,0,0,182,2023
287070,77170,BRIE COMTE ROBERT,77,Maison,100,6,182,2023
352000,77390,VERNEUIL-L ETANG,77,Maison,102,5,502,2023
225000,77380,COMBS LA VILLE,77,Maison,69,4,391,2023
225000,77380,COMBS LA VILLE,77,Dépendance,0,0,391,2023
310000,77170,BRIE COMTE ROBERT,77,Maison,130,5,239,2023
310000,77170,BRIE COMTE ROBERT,77,Appartement,70,3,239,2023
310000,77170,BRIE COMTE ROBERT,77,Dépendance,0,0,239,2023
231000,77130,CANNES-ECLUSE,77,Maison,128,4,500,2023
231000,77130,CANNES-ECLUSE,77,Maison,128,4,596,2023
276350,77380,COMBS LA VILLE,77,Maison,76,4,424,2023
257520,77590,BOIS LE ROI,77,Maison,64,4,84,2023
257520,77590,BOIS LE ROI,77,Dépendance,0,0,662,2023
257520,77590,BOIS LE ROI,77,Maison,64,4,662,2023
257520,77590,BOIS LE ROI,77,Dépendance,0,0,84,2023
316000,77130,VILLE-SAINT-JACQUES,77,Maison,171,5,1317,2023
255000,77000,MELUN,77,Maison,97,4,365,2023
255000,77000,MELUN,77,Dépendance,0,0,365,2023
255000,77000,MELUN,77,Maison,97,4,184,2023
255000,77000,MELUN,77,Dépendance,0,0,184,2023
25000,77140,NEMOURS,77,Maison,45,1,35,2023
25000,77140,NEMOURS,77,Dépendance,0,0,35,2023
406000,77930,SAINT-SAUVEUR-SUR-ECOLE,77,Maison,126,4,500,2023
406000,77930,SAINT-SAUVEUR-SUR-ECOLE,77,Maison,126,4,522,2023
350000,77340,PONTAULT COMBAULT,77,Maison,126,7,418,2023
260000,77550,MOISSY-CRAMAYEL,77,Maison,88,4,151,2023
336934,77380,COMBS LA VILLE,77,Maison,116,6,292,2023
230000,77140,NEMOURS,77,Maison,98,5,338,2023
240000,77760,LARCHANT,77,Maison,65,3,143,2023
240000,77760,LARCHANT,77,Dépendance,0,0,143,2023
253000,77310,SAINT-FARGEAU-PONTHIERRY,77,Dépendance,0,0,263,2023
253000,77310,SAINT-FARGEAU-PONTHIERRY,77,Maison,86,4,263,2023
400000,77167,FAY-LES-NEMOURS,77,Appartement,40,2,500,2023
400000,77167,FAY-LES-NEMOURS,77,Appartement,40,2,1110,2023
400000,77167,FAY-LES-NEMOURS,77,Maison,220,6,1110,2023
400000,77167,FAY-LES-NEMOURS,77,Maison,220,6,500,2023
330000,77620,EGREVILLE,77,Maison,250,9,498,2023
430000,77176,SAVIGNY-LE-TEMPLE,77,Maison,166,6,776,2023
570000,77590,BOIS LE ROI,77,Maison,116,6,78,2023
280000,77380,COMBS LA VILLE,77,Maison,82,4,108,2023
350000,77340,PONTAULT COMBAULT,77,Maison,74,3,284,2023
246000,77940,NOISY-RUDIGNON,77,Maison,35,1,823,2023
246000,77940,NOISY-RUDIGNON,77,Maison,80,4,823,2023
295000,77680,ROISSY-EN-BRIE,77,Dépendance,0,0,194,2023
295000,77680,ROISSY-EN-BRIE,77,Maison,80,4,194,2023
95000,77950,MAINCY,77,Maison,34,2,23,2023
250000,77710,TREUZY-LEVELAY,77,Maison,136,6,500,2023
250000,77710,TREUZY-LEVELAY,77,Maison,136,6,570,2023
229000,77350,LE MEE SUR SEINE,77,Maison,89,5,116,2023
600000,77920,SAMOIS SUR SEINE,77,Maison,191,7,1010,2023
2085000,77140,NEMOURS,77,Local industriel. commercial ou assimilé,4400,0,9385,2023
120000,77250,MORET-LOING-ET-ORVANNE,77,Maison,64,2,32,2023
120000,77250,MORET-LOING-ET-ORVANNE,77,Dépendance,0,0,32,2023
224000,77176,SAVIGNY-LE-TEMPLE,77,Maison,93,5,172,2023
280000,77680,ROISSY-EN-BRIE,77,Maison,62,4,338,2023
395000,77680,ROISSY-EN-BRIE,77,Dépendance,0,0,405,2023
395000,77680,ROISSY-EN-BRIE,77,Maison,117,7,405,2023
205000,77130,MISY-SUR-YONNE,77,Maison,61,3,588,2023
205000,77130,MISY-SUR-YONNE,77,Maison,61,3,53,2023
207000,77130,CANNES-ECLUSE,77,Dépendance,0,0,540,2023
207000,77130,CANNES-ECLUSE,77,Maison,77,4,540,2023
150000,77150,FEROLLES-ATTILLY,77,Dépendance,0,0,5000,2023
150000,77150,FEROLLES-ATTILLY,77,Maison,70,3,5000,2023
385150,77135,PONTCARRE,77,Maison,137,8,227,2023
291900,77680,ROISSY-EN-BRIE,77,Maison,70,4,482,2023
840000,77300,FONTAINEBLEAU,77,Dépendance,0,0,317,2023
840000,77300,FONTAINEBLEAU,77,Maison,150,5,317,2023
303000,77176,SAVIGNY-LE-TEMPLE,77,Maison,107,6,338,2023
262000,77170,SERVON,77,Maison,38,2,510,2023
262000,77170,SERVON,77,Dépendance,0,0,510,2023
262000,77170,SERVON,77,Dépendance,0,0,500,2023
262000,77170,SERVON,77,Maison,38,2,500,2023
400000,77176,SAVIGNY-LE-TEMPLE,77,Maison,131,5,357,2023
400000,77176,SAVIGNY-LE-TEMPLE,77,Dépendance,0,0,357,2023
374280,77127,LIEUSAINT,77,Maison,90,5,292,2023
245000,77176,SAVIGNY-LE-TEMPLE,77,Maison,84,4,302,2023
157655,77166,EVRY-GREGY-SUR-YERRE,77,Maison,74,4,797,2023
157655,77166,EVRY-GREGY-SUR-YERRE,77,Dépendance,0,0,797,2023
335000,77176,SAVIGNY-LE-TEMPLE,77,Maison,90,5,313,2023
500,77127,LIEUSAINT,77,Local industriel. commercial ou assimilé,875,0,587,2023
7500,77570,CHATEAU-LANDON,77,Dépendance,0,0,12,2023
404600,77240,CESSON,77,Dépendance,0,0,190,2023
404600,77240,CESSON,77,Maison,146,4,500,2023
404600,77240,CESSON,77,Dépendance,0,0,500,2023
404600,77240,CESSON,77,Maison,146,4,190,2023
359000,77176,SAVIGNY-LE-TEMPLE,77,Maison,162,7,544,2023
280000,77240,VERT-SAINT-DENIS,77,Maison,60,3,136,2023
415000,77240,CESSON,77,Maison,128,6,417,2023
830000,77930,SAINT-SAUVEUR-SUR-ECOLE,77,Maison,160,4,1207,2023
830000,77930,SAINT-SAUVEUR-SUR-ECOLE,77,Dépendance,0,0,1207,2023
270000,77000,VAUX-LE-PENIL,77,Maison,131,6,769,2023
1450000,77390,CHAUMES-EN-BRIE,77,Maison,140,6,207,2023
1450000,77390,CHAUMES-EN-BRIE,77,Local industriel. commercial ou assimilé,0,0,207,2023
1450000,77390,CHAUMES-EN-BRIE,77,Dépendance,0,0,207,2023
247000,77240,VERT-SAINT-DENIS,77,Maison,115,5,1002,2023
247000,77240,VERT-SAINT-DENIS,77,Maison,115,5,500,2023
247000,77240,VERT-SAINT-DENIS,77,Dépendance,0,0,500,2023
247000,77240,VERT-SAINT-DENIS,77,Dépendance,0,0,1002,2023
660000,77190,DAMMARIE LES LYS,77,Local industriel. commercial ou assimilé,637,0,1700,2023
413000,77390,OZOUER-LE-VOULGIS,77,Maison,190,7,728,2023
413000,77390,OZOUER-LE-VOULGIS,77,Maison,190,7,500,2023
203000,77190,DAMMARIE LES LYS,77,Maison,85,4,1727,2023
203000,77190,DAMMARIE LES LYS,77,Dépendance,0,0,1727,2023
203000,77190,DAMMARIE LES LYS,77,Dépendance,0,0,343,2023
203000,77190,DAMMARIE LES LYS,77,Maison,85,4,343,2023
220000,77250,VILLECERF,77,Maison,41,2,164,2023
220000,77250,VILLECERF,77,Maison,58,3,164,2023
565000,77170,SERVON,77,Maison,162,6,23,2023
325000,77930,CELY EN BIERE,77,Maison,100,4,664,2023
328000,77310,PRINGY,77,Dépendance,0,0,836,2023
328000,77310,PRINGY,77,Maison,154,6,500,2023
328000,77310,PRINGY,77,Dépendance,0,0,500,2023
328000,77310,PRINGY,77,Maison,154,6,836,2023
465000,77000,MELUN,77,Local industriel. commercial ou assimilé,292,0,82,2023
275000,77310,SAINT-FARGEAU-PONTHIERRY,77,Maison,56,3,287,2023
275000,77310,SAINT-FARGEAU-PONTHIERRY,77,Dépendance,0,0,287,2023
1388897,77340,PONTAULT COMBAULT,77,Local industriel. commercial ou assimilé,4361,0,12828,2023
350000,77000,LIVRY-SUR-SEINE,77,Maison,87,4,395,2023
458400,77000,MELUN,77,Maison,123,7,815,2023
362350,77430,CHAMPAGNE SUR SEINE,77,Maison,108,5,101,2023
356000,77430,CHAMPAGNE SUR SEINE,77,Maison,80,4,138,2023
273000,77170,BRIE COMTE ROBERT,77,Maison,82,3,262,2023
410000,77240,VERT-SAINT-DENIS,77,Maison,128,6,500,2023
410000,77240,VERT-SAINT-DENIS,77,Dépendance,0,0,707,2023
410000,77240,VERT-SAINT-DENIS,77,Maison,128,6,707,2023
410000,77240,VERT-SAINT-DENIS,77,Dépendance,0,0,500,2023
430000,77380,COMBS LA VILLE,77,Local industriel. commercial ou assimilé,164,0,685,2023
355000,77170,BRIE COMTE ROBERT,77,Maison,105,4,373,2023
73000,77460,SOUPPES-SUR-LOING,77,Maison,71,3,71,2023
335000,77340,PONTAULT COMBAULT,77,Maison,88,4,161,2023
2500000,77390,OZOUER-LE-VOULGIS,77,Local industriel. commercial ou assimilé,0,0,21530,2023
239000,77250,MORET-LOING-ET-ORVANNE,77,Maison,78,4,126,2023
260000,77460,SOUPPES-SUR-LOING,77,Dépendance,0,0,500,2023
260000,77460,SOUPPES-SUR-LOING,77,Maison,99,4,132,2023
260000,77460,SOUPPES-SUR-LOING,77,Maison,99,4,500,2023
260000,77460,SOUPPES-SUR-LOING,77,Dépendance,0,0,132,2023
120000,77460,SOUPPES-SUR-LOING,77,Maison,64,3,808,2023
437200,77000,VAUX-LE-PENIL,77,Maison,150,5,854,2023
700000,77590,BOIS LE ROI,77,Dépendance,0,0,104,2023
700000,77590,BOIS LE ROI,77,Maison,202,6,104,2023
385000,77127,LIEUSAINT,77,Maison,119,4,534,2023
380000,77140,SAINT-PIERRE-LES-NEMOURS,77,Maison,210,5,540,2023
380000,77140,SAINT-PIERRE-LES-NEMOURS,77,Dépendance,0,0,205,2023
199000,77130,VARENNES-SUR-SEINE,77,Dépendance,0,0,50,2023
199000,77130,VARENNES-SUR-SEINE,77,Maison,110,5,602,2023
333333,77390,OZOUER-LE-VOULGIS,77,Maison,123,5,558,2023
491290,77210,AVON,77,Maison,155,5,118,2023
170000,77390,GUIGNES,77,Maison,35,2,40,2023
170000,77390,GUIGNES,77,Dépendance,0,0,335,2023
231000,77111,SOLERS,77,Local industriel. commercial ou assimilé,115,0,118,2023
347000,77550,MOISSY-CRAMAYEL,77,Maison,86,4,335,2023
166500,77000,MELUN,77,Dépendance,0,0,273,2023
166500,77000,MELUN,77,Maison,45,3,273,2023
380000,77220,LIVERDY-EN-BRIE,77,Maison,120,4,323,2023
515000,77340,PONTAULT COMBAULT,77,Maison,152,4,382,2023
515000,77340,PONTAULT COMBAULT,77,Maison,152,4,500,2023
95700,77390,CHAMPDEUIL,77,Maison,69,4,575,2023
95700,77390,CHAMPDEUIL,77,Dépendance,0,0,575,2023
22000,77130,MONTEREAU FAULT YONNE,77,Dépendance,0,0,110,2023
360200,77166,EVRY-GREGY-SUR-YERRE,77,Maison,93,5,400,2023
360200,77166,EVRY-GREGY-SUR-YERRE,77,Maison,35,1,400,2023
360200,77166,EVRY-GREGY-SUR-YERRE,77,Appartement,40,1,400,2023
240000,77130,SAINT-GERMAIN-LAVAL,77,Maison,87,5,767,2023
410000,77130,MAROLLES-SUR-SEINE,77,Maison,251,8,1996,2023
410000,77130,MAROLLES-SUR-SEINE,77,Maison,251,8,500,2023
430000,77720,MORMANT,77,Appartement,41,2,530,2023
430000,77720,MORMANT,77,Maison,60,2,530,2023
430000,77720,MORMANT,77,Appartement,39,2,530,2023
430000,77720,MORMANT,77,Local industriel. commercial ou assimilé,60,0,690,2023
430000,77720,MORMANT,77,Maison,100,7,690,2023
631000,77000,ROCHETTE(LA),77,Maison,145,6,1009,2023
631000,77000,ROCHETTE(LA),77,Maison,145,6,500,2023
358650,77170,COUBERT,77,Maison,80,5,563,2023
210900,77130,GRANDE-PAROISSE (LA),77,Maison,85,5,539,2023
525300,77240,SEINE-PORT,77,Maison,94,4,67,2023
525300,77240,SEINE-PORT,77,Maison,94,4,9374,2023
525300,77240,SEINE-PORT,77,Dépendance,0,0,67,2023
525300,77240,SEINE-PORT,77,Dépendance,0,0,9374,2023
380000,77380,COMBS LA VILLE,77,Maison,122,4,454,2023
315000,77310,PRINGY,77,Maison,126,5,500,2023
315000,77310,PRINGY,77,Maison,126,5,761,2023
194000,77430,CHAMPAGNE SUR SEINE,77,Maison,61,2,407,2023
342000,77710,NANTEAU-SUR-LUNAIN,77,Dépendance,0,0,662,2023
342000,77710,NANTEAU-SUR-LUNAIN,77,Maison,70,2,662,2023
342000,77710,NANTEAU-SUR-LUNAIN,77,Maison,125,5,662,2023
175000,77670,VERNOU-LA-CELLE-SUR-SEINE,77,Maison,80,3,193,2023
279000,77430,CHAMPAGNE SUR SEINE,77,Maison,95,5,469,2023
147000,77170,BRIE COMTE ROBERT,77,Dépendance,0,0,12,2023
299000,77350,LE MEE SUR SEINE,77,Maison,97,5,426,2023
249000,77000,ROCHETTE(LA),77,Local industriel. commercial ou assimilé,176,0,554,2023
720000,77166,GRISY-SUISNES,77,Local industriel. commercial ou assimilé,400,0,1713,2023
720000,77166,GRISY-SUISNES,77,Appartement,61,3,1713,2023
100000,77870,VULAINES-SUR-SEINE,77,Dépendance,0,0,835,2023
325000,77000,VAUX-LE-PENIL,77,Maison,115,6,764,2023
292000,77170,BRIE COMTE ROBERT,77,Maison,56,3,328,2023
292000,77170,BRIE COMTE ROBERT,77,Dépendance,0,0,328,2023
306000,77176,NANDY,77,Maison,86,4,233,2023
335000,77310,BOISSISE-LE-ROI,77,Maison,106,5,500,2023
379000,77220,GRETZ-ARMAINVILLIERS,77,Maison,90,4,814,2023
379000,77220,GRETZ-ARMAINVILLIERS,77,Dépendance,0,0,814,2023
280000,77720,SAINT-OUEN-EN-BRIE,77,Maison,100,5,500,2023
280000,77720,SAINT-OUEN-EN-BRIE,77,Maison,100,5,510,2023
285000,77176,SAVIGNY-LE-TEMPLE,77,Maison,91,4,280,2023
275000,77920,SAMOIS SUR SEINE,77,Maison,97,4,1435,2023
690000,77590,CHARTRETTES,77,Maison,125,4,825,2023
690000,77590,CHARTRETTES,77,Dépendance,0,0,825,2023
269490,77350,BOISSISE-LA-BERTRAND,77,Maison,87,4,179,2023
180000,77170,SERVON,77,Local industriel. commercial ou assimilé,101,0,188,2023
351200,77250,MORET-LOING-ET-ORVANNE,77,Maison,100,4,649,2023
275000,77000,MELUN,77,Local industriel. commercial ou assimilé,48,0,599,2023
275000,77000,MELUN,77,Appartement,31,4,599,2023
165000,77760,NANTEAU-SUR-ESSONNE,77,Maison,100,5,3557,2023
165000,77760,NANTEAU-SUR-ESSONNE,77,Dépendance,0,0,3557,2023
330000,77140,SAINT-PIERRE-LES-NEMOURS,77,Dépendance,0,0,689,2023
330000,77140,SAINT-PIERRE-LES-NEMOURS,77,Maison,114,5,689,2023
90000,77350,LE MEE SUR SEINE,77,Dépendance,0,0,8617,2023
590000,77780,BOURRON-MARLOTTE,77,Maison,126,5,472,2023
590000,77780,BOURRON-MARLOTTE,77,Maison,30,1,472,2023
87000,77940,VOULX,77,Dépendance,0,0,1000,2023
438700,77820,CHATELET-EN-BRIE (LE),77,Maison,162,5,888,2023
438700,77820,CHATELET-EN-BRIE (LE),77,Maison,162,5,700,2023
430000,77250,MORET-LOING-ET-ORVANNE,77,Maison,68,3,636,2023
430000,77250,MORET-LOING-ET-ORVANNE,77,Maison,68,3,200,2023
24000,77310,PRINGY,77,Dépendance,0,0,202,2023
527000,77330,OZOIR LA FERRIERE,77,Maison,117,5,678,2023
277758,77460,SOUPPES-SUR-LOING,77,Maison,95,5,261,2023
198000,77710,VILLEBEON,77,Maison,115,6,442,2023
198000,77710,VILLEBEON,77,Dépendance,0,0,442,2023
230000,77127,LIEUSAINT,77,Maison,88,4,288,2023
185000,77130,MONTEREAU FAULT YONNE,77,Maison,62,3,458,2023
250000,77130,CANNES-ECLUSE,77,Maison,88,3,200,2023
250000,77130,CANNES-ECLUSE,77,Dépendance,0,0,1081,2023
250000,77130,CANNES-ECLUSE,77,Dépendance,0,0,200,2023
250000,77130,CANNES-ECLUSE,77,Maison,88,3,1081,2023
255000,77240,CESSON,77,Maison,63,5,428,2023
51000,77570,CHATEAU-LANDON,77,Dépendance,0,0,391,2023
51000,77570,CHATEAU-LANDON,77,Maison,53,2,391,2023
560000,77150,LESIGNY,77,Maison,123,4,500,2023
560000,77150,LESIGNY,77,Maison,123,4,1013,2023
310000,77780,BOURRON-MARLOTTE,77,Maison,18,10,403,2023
310000,77780,BOURRON-MARLOTTE,77,Maison,75,2,403,2023
310000,77780,BOURRON-MARLOTTE,77,Dépendance,0,0,403,2023
352000,77710,REMAUVILLE,77,Dépendance,0,0,1100,2023
352000,77710,REMAUVILLE,77,Maison,170,5,1100,2023
363500,77000,LIVRY-SUR-SEINE,77,Maison,125,6,559,2023
363500,77000,LIVRY-SUR-SEINE,77,Dépendance,0,0,559,2023
160000,77140,NEMOURS,77,Maison,76,4,251,2023
2000000,77240,VERT-SAINT-DENIS,77,Local industriel. commercial ou assimilé,1640,0,4123,2023
299990,77720,MORMANT,77,Maison,102,2,502,2023
383500,77127,LIEUSAINT,77,Maison,107,6,389,2023
235000,77720,BOMBON,77,Dépendance,0,0,783,2023
235000,77720,BOMBON,77,Maison,80,4,783,2023
270000,77550,MOISSY-CRAMAYEL,77,Dépendance,0,0,258,2023
270000,77550,MOISSY-CRAMAYEL,77,Maison,76,4,258,2023
249000,77690,MONTIGNY-SUR-LOING,77,Maison,62,2,109,2023
249000,77690,MONTIGNY-SUR-LOING,77,Dépendance,0,0,25,2023
275000,77176,NANDY,77,Maison,90,4,438,2023
220000,77430,CHAMPAGNE SUR SEINE,77,Dépendance,0,0,243,2023
220000,77430,CHAMPAGNE SUR SEINE,77,Maison,86,4,243,2023
439500,77340,PONTAULT COMBAULT,77,Dépendance,0,0,400,2023
439500,77340,PONTAULT COMBAULT,77,Maison,28,2,400,2023
135000,77350,LE MEE SUR SEINE,77,Dépendance,0,0,8617,2023
450000,77330,OZOIR LA FERRIERE,77,Maison,142,6,696,2023
360000,77810,THOMERY,77,Dépendance,0,0,113,2023
360000,77810,THOMERY,77,Maison,80,4,113,2023
150000,77190,DAMMARIE LES LYS,77,Maison,45,3,912,2023
435000,77240,VERT-SAINT-DENIS,77,Maison,130,5,401,2023
289776,77830,VALENCE-EN-BRIE,77,Maison,52,1,575,2023
289776,77830,VALENCE-EN-BRIE,77,Dépendance,0,0,575,2023
289776,77830,VALENCE-EN-BRIE,77,Dépendance,0,0,616,2023
289776,77830,VALENCE-EN-BRIE,77,Maison,142,4,616,2023
220000,77140,NEMOURS,77,Maison,81,4,296,2023
395000,77210,AVON,77,Maison,90,3,92,2023
395000,77210,AVON,77,Maison,90,3,610,2023
400000,77340,PONTAULT COMBAULT,77,Dépendance,0,0,449,2023
400000,77340,PONTAULT COMBAULT,77,Maison,112,5,449,2023
360000,77620,EGREVILLE,77,Maison,159,5,856,2023
360000,77620,EGREVILLE,77,Dépendance,0,0,856,2023
600000,77680,ROISSY-EN-BRIE,77,Appartement,43,3,584,2023
600000,77680,ROISSY-EN-BRIE,77,Dépendance,0,0,584,2023
600000,77680,ROISSY-EN-BRIE,77,Appartement,27,2,584,2023
600000,77680,ROISSY-EN-BRIE,77,Appartement,28,2,584,2023
431000,77190,DAMMARIE LES LYS,77,Maison,158,6,215,2023
431000,77190,DAMMARIE LES LYS,77,Maison,158,6,500,2023
230000,77000,VAUX-LE-PENIL,77,Dépendance,0,0,581,2023
230000,77000,VAUX-LE-PENIL,77,Maison,79,5,581,2023
386920,77680,ROISSY-EN-BRIE,77,Maison,89,5,319,2023
124000,77190,DAMMARIE LES LYS,77,Maison,59,3,42,2023
328000,77550,REAU,77,Maison,87,5,302,2023
214000,77176,SAVIGNY-LE-TEMPLE,77,Maison,94,4,69,2023
220000,77000,VAUX-LE-PENIL,77,Local industriel. commercial ou assimilé,159,0,485,2023
220000,77000,VAUX-LE-PENIL,77,Appartement,15,1,50,2023
220000,77000,VAUX-LE-PENIL,77,Appartement,49,2,50,2023
220000,77000,VAUX-LE-PENIL,77,Appartement,17,1,50,2023
220000,77000,VAUX-LE-PENIL,77,Appartement,19,1,50,2023
220000,77000,VAUX-LE-PENIL,77,Appartement,38,2,50,2023
335000,77720,BREAU,77,Dépendance,0,0,500,2023
335000,77720,BREAU,77,Maison,180,5,830,2023
335000,77720,BREAU,77,Dépendance,0,0,830,2023
335000,77720,BREAU,77,Maison,180,5,500,2023
344000,77390,VERNEUIL-L ETANG,77,Maison,99,6,535,2023
286950,77760,ACHERES-LA-FORET,77,Maison,82,3,431,2023
219000,77140,SAINT-PIERRE-LES-NEMOURS,77,Maison,95,4,397,2023
219000,77140,SAINT-PIERRE-LES-NEMOURS,77,Dépendance,0,0,397,2023
368000,77240,VERT-SAINT-DENIS,77,Local industriel. commercial ou assimilé,0,0,64,2023
368000,77240,VERT-SAINT-DENIS,77,Maison,110,6,655,2023
500000,77170,BRIE COMTE ROBERT,77,Dépendance,0,0,1018,2023
271000,77250,VILLECERF,77,Dépendance,0,0,822,2023
271000,77250,VILLECERF,77,Maison,160,6,822,2023
762900,77220,GRETZ-ARMAINVILLIERS,77,Local industriel. commercial ou assimilé,933,0,7727,2023
345000,77310,SAINT-FARGEAU-PONTHIERRY,77,Maison,91,3,871,2023
342750,77135,PONTCARRE,77,Maison,90,4,182,2023
267000,77166,EVRY-GREGY-SUR-YERRE,77,Maison,67,3,173,2023
745640,77590,BOIS LE ROI,77,Maison,161,4,325,2023
745640,77590,BOIS LE ROI,77,Maison,161,4,500,2023
352000,77220,LIVERDY-EN-BRIE,77,Maison,110,5,435,2023
296500,77000,MELUN,77,Maison,117,4,242,2023
296500,77000,MELUN,77,Dépendance,0,0,242,2023
280000,77240,VERT-SAINT-DENIS,77,Maison,92,5,317,2023
499505,77150,LESIGNY,77,Maison,131,4,479,2023
330000,77760,URY,77,Dépendance,0,0,500,2023
330000,77760,URY,77,Maison,110,6,500,2023
219150,77940,FLAGY,77,Maison,70,3,76,2023
219150,77940,FLAGY,77,Maison,70,3,2089,2023
60000,77720,CHAPELLE-GAUTHIER (LA),77,Maison,56,3,266,2023
189000,77140,DARVAULT,77,Maison,74,3,187,2023
189000,77140,DARVAULT,77,Maison,74,3,445,2023
275000,77000,VAUX-LE-PENIL,77,Maison,98,5,424,2023
280000,77000,MELUN,77,Dépendance,0,0,829,2023
280000,77000,MELUN,77,Maison,102,4,829,2023
490000,77123,NOISY-SUR-ECOLE,77,Maison,178,7,303,2023
490000,77123,NOISY-SUR-ECOLE,77,Dépendance,0,0,303,2023
340000,77240,CESSON,77,Maison,100,5,344,2023
340900,77310,SAINT-FARGEAU-PONTHIERRY,77,Maison,81,4,557,2023
340900,77310,SAINT-FARGEAU-PONTHIERRY,77,Dépendance,0,0,557,2023
262500,77240,CESSON,77,Maison,71,3,212,2023
403200,77760,CHAPELLE-LA-REINE (LA),77,Maison,195,5,1518,2023
403200,77760,CHAPELLE-LA-REINE (LA),77,Maison,195,5,260,2023
190000,77130,VARENNES-SUR-SEINE,77,Maison,62,3,100,2023
190000,77130,VARENNES-SUR-SEINE,77,Maison,62,3,695,2023
257000,77176,SAVIGNY-LE-TEMPLE,77,Maison,98,5,199,2023
115000,77130,SAINT-GERMAIN-LAVAL,77,Local industriel. commercial ou assimilé,300,0,296,2023
405000,77176,SAVIGNY-LE-TEMPLE,77,Maison,101,6,630,2023
362000,77000,LIVRY-SUR-SEINE,77,Maison,96,4,318,2023
310000,77170,SERVON,77,Dépendance,0,0,156,2023
310000,77170,SERVON,77,Maison,79,4,156,2023
305235,77680,ROISSY-EN-BRIE,77,Maison,80,4,194,2023
305235,77680,ROISSY-EN-BRIE,77,Dépendance,0,0,194,2023
362000,77680,ROISSY-EN-BRIE,77,Maison,83,4,420,2023
280000,77000,VAUX-LE-PENIL,77,Maison,114,5,193,2023
390000,77000,VAUX-LE-PENIL,77,Maison,70,4,500,2023
390000,77000,VAUX-LE-PENIL,77,Maison,70,4,404,2023
316000,77680,ROISSY-EN-BRIE,77,Maison,102,4,252,2023
520600,77330,OZOIR LA FERRIERE,77,Maison,200,8,657,2023
520600,77330,OZOIR LA FERRIERE,77,Dépendance,0,0,657,2023
480000,77680,ROISSY-EN-BRIE,77,Maison,129,5,491,2023
360000,77330,OZOIR LA FERRIERE,77,Maison,101,5,405,2023
395000,77127,LIEUSAINT,77,Dépendance,0,0,334,2023
395000,77127,LIEUSAINT,77,Maison,100,5,334,2023
255950,77170,COUBERT,77,Maison,62,3,126,2023
384000,77950,MONTEREAU-SUR-LE-JARD,77,Maison,90,4,605,2023
240000,77250,MORET-LOING-ET-ORVANNE,77,Maison,143,7,443,2023
447000,77680,ROISSY-EN-BRIE,77,Dépendance,0,0,561,2023
447000,77680,ROISSY-EN-BRIE,77,Maison,110,7,561,2023
331465,77380,COMBS LA VILLE,77,Maison,86,5,192,2023
337250,77220,GRETZ-ARMAINVILLIERS,77,Maison,38,3,344,2023
331159,77000,VAUX-LE-PENIL,77,Maison,100,5,496,2023
235000,77220,FAVIERES,77,Maison,119,5,451,2023
235000,77220,FAVIERES,77,Maison,119,5,1300,2023
308060,77620,EGREVILLE,77,Dépendance,0,0,396,2023
308060,77620,EGREVILLE,77,Maison,163,6,396,2023
700000,77930,SAINT-GERMAIN-SUR-ECOLE,77,Maison,61,2,780,2023
700000,77930,SAINT-GERMAIN-SUR-ECOLE,77,Dépendance,0,0,780,2023
700000,77930,SAINT-GERMAIN-SUR-ECOLE,77,Maison,233,9,780,2023
700000,77930,SAINT-GERMAIN-SUR-ECOLE,77,Maison,58,2,780,2023
445000,77135,PONTCARRE,77,Maison,146,4,500,2023
445000,77135,PONTCARRE,77,Maison,146,4,348,2023
445000,77135,PONTCARRE,77,Dépendance,0,0,500,2023
445000,77135,PONTCARRE,77,Dépendance,0,0,348,2023
160200,77590,BOIS LE ROI,77,Maison,40,2,93,2023
330000,77220,GRETZ-ARMAINVILLIERS,77,Dépendance,0,0,698,2023
330000,77220,GRETZ-ARMAINVILLIERS,77,Maison,120,3,698,2023
261000,77300,FONTAINEBLEAU,77,Dépendance,0,0,142,2023
261000,77300,FONTAINEBLEAU,77,Appartement,51,4,142,2023
298000,77340,PONTAULT COMBAULT,77,Maison,55,4,427,2023
145000,77710,PALEY,77,Dépendance,0,0,595,2023
145000,77710,PALEY,77,Maison,104,3,595,2023
350900,77390,YEBLES,77,Dépendance,0,0,500,2023
350900,77390,YEBLES,77,Dépendance,0,0,715,2023
350900,77390,YEBLES,77,Maison,130,5,715,2023
350900,77390,YEBLES,77,Maison,130,5,500,2023
346000,77176,SAVIGNY-LE-TEMPLE,77,Maison,112,4,457,2023
345000,77000,MELUN,77,Maison,158,5,345,2023
345000,77000,MELUN,77,Dépendance,0,0,345,2023
292500,77220,TOURNAN-EN-BRIE,77,Maison,104,5,205,2023
790000,77150,FEROLLES-ATTILLY,77,Maison,205,8,1000,2023
790000,77150,FEROLLES-ATTILLY,77,Maison,205,8,500,2023
316165,77220,TOURNAN-EN-BRIE,77,Dépendance,0,0,288,2023
316165,77220,TOURNAN-EN-BRIE,77,Maison,86,5,288,2023
316165,77220,TOURNAN-EN-BRIE,77,Local industriel. commercial ou assimilé,0,0,27,2023
299000,77550,MOISSY-CRAMAYEL,77,Maison,122,2,702,2023
299000,77550,MOISSY-CRAMAYEL,77,Dépendance,0,0,702,2023
270000,77340,PONTAULT COMBAULT,77,Maison,107,4,316,2023
266000,77240,CESSON,77,Maison,108,5,500,2023
266000,77240,CESSON,77,Maison,108,5,1932,2023
266000,77240,CESSON,77,Dépendance,0,0,1932,2023
266000,77240,CESSON,77,Dépendance,0,0,500,2023
66000,77130,MONTEREAU FAULT YONNE,77,Maison,56,3,58,2023
290000,77390,GUIGNES,77,Maison,84,5,547,2023
290000,77390,GUIGNES,77,Maison,84,5,300,2023
270000,77210,SAMOREAU,77,Maison,125,6,548,2023
350000,77190,DAMMARIE LES LYS,77,Dépendance,0,0,618,2023
350000,77190,DAMMARIE LES LYS,77,Maison,73,5,618,2023
333000,77370,FONTENAILLES,77,Dépendance,0,0,2076,2023
333000,77370,FONTENAILLES,77,Maison,82,4,2076,2023
333000,77370,FONTENAILLES,77,Dépendance,0,0,500,2023
333000,77370,FONTENAILLES,77,Maison,82,4,500,2023
420900,77111,SOIGNOLLES-EN-BRIE,77,Dépendance,0,0,60,2023
420900,77111,SOIGNOLLES-EN-BRIE,77,Maison,123,6,209,2023
420900,77111,SOIGNOLLES-EN-BRIE,77,Maison,123,6,597,2023
205455,77830,VALENCE-EN-BRIE,77,Dépendance,0,0,255,2023
205455,77830,VALENCE-EN-BRIE,77,Appartement,84,4,255,2023
230000,77390,GUIGNES,77,Maison,80,2,307,2023
142000,77350,LE MEE SUR SEINE,77,Maison,90,4,417,2023
437870,77220,GRETZ-ARMAINVILLIERS,77,Maison,142,4,491,2023
542250,77150,LESIGNY,77,Maison,147,6,540,2023
320000,77250,MORET-LOING-ET-ORVANNE,77,Maison,104,4,84,2023
320000,77250,MORET-LOING-ET-ORVANNE,77,Maison,104,4,919,2023
629000,77300,FONTAINEBLEAU,77,Maison,90,7,375,2023
115000,77350,LE MEE SUR SEINE,77,Dépendance,0,0,8617,2023
433400,77340,PONTAULT COMBAULT,77,Dépendance,0,0,530,2023
433400,77340,PONTAULT COMBAULT,77,Appartement,77,4,530,2023
433400,77340,PONTAULT COMBAULT,77,Appartement,68,2,530,2023
355000,77240,CESSON,77,Maison,147,5,557,2023
355000,77240,CESSON,77,Dépendance,0,0,557,2023
195000,77760,BOISSY-AUX-CAILLES,77,Maison,61,4,270,2023
195000,77760,BOISSY-AUX-CAILLES,77,Dépendance,0,0,270,2023
150000,77930,CHAILLY-EN-BIERE,77,Maison,76,5,670,2023
150000,77930,CHAILLY-EN-BIERE,77,Dépendance,0,0,670,2023
430000,77680,ROISSY-EN-BRIE,77,Maison,76,4,474,2023
240000,77760,CHAPELLE-LA-REINE (LA),77,Dépendance,0,0,300,2023
240000,77760,CHAPELLE-LA-REINE (LA),77,Maison,120,9,424,2023
240000,77760,CHAPELLE-LA-REINE (LA),77,Dépendance,0,0,424,2023
240000,77760,CHAPELLE-LA-REINE (LA),77,Maison,120,9,300,2023
635000,77330,OZOIR LA FERRIERE,77,Maison,117,4,272,2023
635000,77330,OZOIR LA FERRIERE,77,Maison,117,4,500,2023
480000,77220,LIVERDY-EN-BRIE,77,Maison,141,6,1093,2023
214715,77130,MISY-SUR-YONNE,77,Maison,74,4,504,2023
214715,77130,MISY-SUR-YONNE,77,Maison,74,4,500,2023
238000,77920,SAMOIS SUR SEINE,77,Maison,32,2,315,2023
2665000,77390,YEBLES,77,Local industriel. commercial ou assimilé,6000,0,16000,2023
370000,77340,PONTAULT COMBAULT,77,Dépendance,0,0,598,2023
370000,77340,PONTAULT COMBAULT,77,Maison,109,6,598,2023
215000,77810,THOMERY,77,Dépendance,0,0,132,2023
215000,77810,THOMERY,77,Maison,120,4,132,2023
327000,77166,EVRY-GREGY-SUR-YERRE,77,Maison,74,4,988,2023
166000,77190,DAMMARIE LES LYS,77,Maison,64,4,52,2023
166000,77190,DAMMARIE LES LYS,77,Dépendance,0,0,52,2023
365000,77000,VAUX-LE-PENIL,77,Maison,104,5,536,2023
365000,77000,VAUX-LE-PENIL,77,Maison,104,5,500,2023
334500,77850,HERICY,77,Maison,121,4,572,2023
540000,77390,CHAUMES-EN-BRIE,77,Maison,200,5,500,2023
540000,77390,CHAUMES-EN-BRIE,77,Maison,200,5,601,2023
300000,77115,SIVRY-COURTRY,77,Maison,120,4,172,2023
396400,77166,EVRY-GREGY-SUR-YERRE,77,Maison,118,5,627,2023
200000,77166,EVRY-GREGY-SUR-YERRE,77,Maison,100,4,965,2023
299900,77135,PONTCARRE,77,Maison,73,3,633,2023
295000,77430,CHAMPAGNE SUR SEINE,77,Maison,122,7,100,2023
373000,77310,SAINT-FARGEAU-PONTHIERRY,77,Maison,55,3,602,2023
373000,77310,SAINT-FARGEAU-PONTHIERRY,77,Dépendance,0,0,602,2023
315000,77950,RUBELLES,77,Maison,93,4,306,2023
545000,77930,PERTHES,77,Maison,182,4,2329,2023
545000,77930,PERTHES,77,Maison,24,1,2329,2023
545000,77930,PERTHES,77,Maison,182,4,700,2023
545000,77930,PERTHES,77,Maison,24,1,700,2023
850000,77210,AVON,77,Local industriel. commercial ou assimilé,232,0,271,2023
415000,77950,RUBELLES,77,Maison,142,7,500,2023
415000,77950,RUBELLES,77,Maison,142,7,462,2023
414380,77166,EVRY-GREGY-SUR-YERRE,77,Maison,126,5,188,2023
215000,77310,SAINT-FARGEAU-PONTHIERRY,77,Maison,70,4,287,2023
270000,77220,GRETZ-ARMAINVILLIERS,77,Maison,89,4,581,2023
270000,77220,GRETZ-ARMAINVILLIERS,77,Dépendance,0,0,581,2023
850000,77000,VAUX-LE-PENIL,77,Maison,110,4,1506,2023
850000,77000,VAUX-LE-PENIL,77,Dépendance,0,0,1506,2023
850000,77000,VAUX-LE-PENIL,77,Maison,110,4,200,2023
850000,77000,VAUX-LE-PENIL,77,Dépendance,0,0,200,2023
320151,77380,COMBS LA VILLE,77,Maison,89,5,358,2023
231000,77140,SAINT-PIERRE-LES-NEMOURS,77,Maison,116,4,322,2023
231000,77140,SAINT-PIERRE-LES-NEMOURS,77,Maison,116,4,1200,2023
200000,77830,PAMFOU,77,Maison,88,3,163,2023
342500,77167,POLIGNY,77,Maison,142,4,120,2023
342500,77167,POLIGNY,77,Maison,142,4,1169,2023
223000,77350,LE MEE SUR SEINE,77,Maison,77,4,151,2023
159000,77167,POLIGNY,77,Maison,85,3,122,2023
453362,77130,DORMELLES,77,Dépendance,0,0,1910,2023
453362,77130,DORMELLES,77,Maison,350,7,2412,2023
453362,77130,DORMELLES,77,Dépendance,0,0,2412,2023
1100000,77170,BRIE COMTE ROBERT,77,Maison,149,5,10763,2023
1100000,77170,BRIE COMTE ROBERT,77,Dépendance,0,0,10763,2023
349000,77340,PONTAULT COMBAULT,77,Maison,89,4,167,2023
295000,77620,EGREVILLE,77,Dépendance,0,0,300,2023
295000,77620,EGREVILLE,77,Maison,108,5,774,2023
295000,77620,EGREVILLE,77,Dépendance,0,0,774,2023
295000,77620,EGREVILLE,77,Maison,108,5,300,2023
248000,77140,SAINT-PIERRE-LES-NEMOURS,77,Maison,95,4,376,2023
220000,77950,MOISENAY,77,Maison,83,3,173,2023
219086,77250,MORET-LOING-ET-ORVANNE,77,Dépendance,0,0,123,2023
219086,77250,MORET-LOING-ET-ORVANNE,77,Maison,74,3,123,2023
180000,77130,CANNES-ECLUSE,77,Maison,98,4,207,2023
435000,77150,LESIGNY,77,Maison,108,5,571,2023
60000,77130,MONTEREAU FAULT YONNE,77,Dépendance,0,0,8,2023
60000,77130,MONTEREAU FAULT YONNE,77,Dépendance,0,0,429,2023
267000,77430,CHAMPAGNE SUR SEINE,77,Maison,90,4,357,2023
325000,77130,MONTEREAU FAULT YONNE,77,Dépendance,0,0,633,2023
325000,77130,MONTEREAU FAULT YONNE,77,Maison,127,7,633,2023
314000,77390,VERNEUIL-L ETANG,77,Maison,92,5,614,2023
220000,77720,MORMANT,77,Maison,62,3,84,2023
205000,77820,CHATELET-EN-BRIE (LE),77,Maison,70,3,91,2023
205000,77820,CHATELET-EN-BRIE (LE),77,Dépendance,0,0,91,2023
300000,77176,SAVIGNY-LE-TEMPLE,77,Dépendance,0,0,438,2023
300000,77176,SAVIGNY-LE-TEMPLE,77,Maison,100,4,438,2023
341000,77170,SERVON,77,Maison,148,5,576,2023
341000,77170,SERVON,77,Maison,148,5,500,2023
400000,77340,PONTAULT COMBAULT,77,Maison,87,4,537,2023
526622,77150,LESIGNY,77,Maison,144,7,303,2023
526622,77150,LESIGNY,77,Maison,144,7,500,2023
235000,77111,SOIGNOLLES-EN-BRIE,77,Maison,78,3,105,2023
100000,77690,MONTIGNY-SUR-LOING,77,Maison,45,2,52,2023
383000,77170,SERVON,77,Maison,100,5,580,2023
502000,77210,AVON,77,Maison,123,6,65,2023
502000,77210,AVON,77,Maison,60,3,65,2023
502000,77210,AVON,77,Dépendance,0,0,65,2023
41000,77760,LARCHANT,77,Maison,18,2,11,2023
41000,77760,LARCHANT,77,Maison,18,2,1648,2023
268000,77950,MAINCY,77,Maison,112,5,360,2023
237000,77130,MAROLLES-SUR-SEINE,77,Maison,100,5,269,2023
237000,77130,MAROLLES-SUR-SEINE,77,Dépendance,0,0,269,2023
305000,77166,GRISY-SUISNES,77,Maison,71,4,597,2023
280000,77720,BOMBON,77,Maison,84,6,377,2023
200000,77220,FAVIERES,77,Maison,70,3,285,2023
200000,77220,FAVIERES,77,Maison,65,2,2486,2023
200000,77220,FAVIERES,77,Dépendance,0,0,2486,2023
280000,77166,EVRY-GREGY-SUR-YERRE,77,Maison,70,4,273,2023
294000,77380,COMBS LA VILLE,77,Maison,91,5,119,2023
555000,77166,GRISY-SUISNES,77,Maison,150,7,585,2023
420000,77380,COMBS LA VILLE,77,Maison,134,5,481,2023
225000,77670,SAINT-MAMMES,77,Dépendance,0,0,60,2023
225000,77670,SAINT-MAMMES,77,Maison,84,4,60,2023
310000,77340,PONTAULT COMBAULT,77,Maison,70,3,432,2023
310000,77340,PONTAULT COMBAULT,77,Dépendance,0,0,432,2023
600000,77000,MELUN,77,Local industriel. commercial ou assimilé,50,0,203,2023
600000,77000,MELUN,77,Local industriel. commercial ou assimilé,49,0,203,2023
600000,77000,MELUN,77,Local industriel. commercial ou assimilé,260,0,203,2023
600000,77000,MELUN,77,Local industriel. commercial ou assimilé,160,0,203,2023
600000,77000,MELUN,77,Local industriel. commercial ou assimilé,95,0,203,2023
600000,77000,MELUN,77,Local industriel. commercial ou assimilé,71,0,203,2023
320000,77250,MORET-LOING-ET-ORVANNE,77,Maison,120,5,81,2023
260000,77310,SAINT-FARGEAU-PONTHIERRY,77,Maison,82,3,245,2023
250000,77140,NEMOURS,77,Maison,100,5,387,2023
363000,77330,OZOIR LA FERRIERE,77,Dépendance,0,0,513,2023
363000,77330,OZOIR LA FERRIERE,77,Maison,96,5,513,2023
425000,77176,NANDY,77,Maison,146,7,380,2023
240000,77760,RUMONT,77,Dépendance,0,0,575,2023
240000,77760,RUMONT,77,Maison,110,5,575,2023
450000,77140,NEMOURS,77,Local industriel. commercial ou assimilé,172,0,2172,2023
450000,77140,NEMOURS,77,Local industriel. commercial ou assimilé,279,0,2172,2023
459500,77170,SERVON,77,Maison,111,5,438,2023
340000,77340,PONTAULT COMBAULT,77,Maison,73,3,401,2023
614910,77250,VILLEMER,77,Dépendance,0,0,500,2023
614910,77250,VILLEMER,77,Dépendance,0,0,143,2023
614910,77250,VILLEMER,77,Maison,170,6,800,2023
614910,77250,VILLEMER,77,Dépendance,0,0,1236,2023
614910,77250,VILLEMER,77,Maison,56,2,800,2023
614910,77250,VILLEMER,77,Local industriel. commercial ou assimilé,145,0,800,2023
614910,77250,VILLEMER,77,Dépendance,0,0,800,2023
614910,77250,VILLEMER,77,Maison,170,6,1236,2023
614910,77250,VILLEMER,77,Maison,56,2,1236,2023
614910,77250,VILLEMER,77,Local industriel. commercial ou assimilé,145,0,1236,2023
325500,77380,COMBS LA VILLE,77,Maison,76,3,63,2023
325500,77380,COMBS LA VILLE,77,Dépendance,0,0,63,2023
405000,77133,MACHAULT,77,Dépendance,0,0,1000,2023
405000,77133,MACHAULT,77,Maison,171,4,1000,2023
405000,77133,MACHAULT,77,Maison,171,4,302,2023
405000,77133,MACHAULT,77,Dépendance,0,0,302,2023
400000,77140,NEMOURS,77,Dépendance,0,0,995,2023
400000,77140,NEMOURS,77,Maison,119,5,995,2023
400000,77140,NEMOURS,77,Local industriel. commercial ou assimilé,12,0,995,2023
300000,77176,SAVIGNY-LE-TEMPLE,77,Maison,101,5,311,2023
370000,77340,PONTAULT COMBAULT,77,Maison,98,5,300,2023
380000,77000,MELUN,77,Maison,114,5,249,2023
517390,77340,PONTAULT COMBAULT,77,Local industriel. commercial ou assimilé,69,0,400,2023
517390,77340,PONTAULT COMBAULT,77,Maison,120,5,400,2023
327480,77720,BREAU,77,Maison,81,4,500,2023
327480,77720,BREAU,77,Maison,81,4,871,2023
211400,77190,DAMMARIE LES LYS,77,Maison,75,4,480,2023
211400,77190,DAMMARIE LES LYS,77,Dépendance,0,0,480,2023
420000,77000,VAUX-LE-PENIL,77,Maison,219,8,609,2023
350000,77170,BRIE COMTE ROBERT,77,Maison,84,4,405,2023
350000,77170,BRIE COMTE ROBERT,77,Dépendance,0,0,405,2023
239000,77210,AVON,77,Maison,55,3,239,2023
110000,77430,CHAMPAGNE SUR SEINE,77,Maison,43,3,38,2023
173000,77130,GRANDE-PAROISSE (LA),77,Maison,70,4,482,2023
173000,77130,GRANDE-PAROISSE (LA),77,Dépendance,0,0,482,2023
200000,77130,CANNES-ECLUSE,77,Dépendance,0,0,109,2023
200000,77130,CANNES-ECLUSE,77,Maison,50,2,109,2023
135000,77620,EGREVILLE,77,Maison,66,4,898,2023
135000,77620,EGREVILLE,77,Dépendance,0,0,898,2023
120000,77130,CANNES-ECLUSE,77,Dépendance,0,0,61,2023
120000,77130,CANNES-ECLUSE,77,Appartement,48,2,36,2023
249900,77140,NEMOURS,77,Maison,84,4,140,2023
291440,77240,VERT-SAINT-DENIS,77,Maison,92,5,325,2023
205500,77830,VALENCE-EN-BRIE,77,Maison,114,4,118,2023
270000,77760,CHAPELLE-LA-REINE (LA),77,Maison,87,5,515,2023
230000,77130,MISY-SUR-YONNE,77,Maison,99,6,482,2023
230000,77130,MISY-SUR-YONNE,77,Dépendance,0,0,500,2023
230000,77130,MISY-SUR-YONNE,77,Maison,99,6,500,2023
230000,77130,MISY-SUR-YONNE,77,Dépendance,0,0,482,2023
348000,77380,COMBS LA VILLE,77,Dépendance,0,0,331,2023
348000,77380,COMBS LA VILLE,77,Maison,99,5,331,2023
130000,77940,BLENNES,77,Maison,140,5,405,2023
295000,77220,TOURNAN-EN-BRIE,77,Maison,78,5,376,2023
331840,77220,PRESLES-EN-BRIE,77,Maison,101,4,398,2023
370000,77220,TOURNAN-EN-BRIE,77,Dépendance,0,0,518,2023
370000,77220,TOURNAN-EN-BRIE,77,Maison,95,4,518,2023
230000,77300,FONTAINEBLEAU,77,Maison,54,3,184,2023
345000,77340,PONTAULT COMBAULT,77,Maison,128,6,186,2023
245000,77570,AUFFERVILLE,77,Dépendance,0,0,899,2023
245000,77570,AUFFERVILLE,77,Maison,68,3,899,2023
245000,77570,AUFFERVILLE,77,Maison,28,1,899,2023
245000,77570,AUFFERVILLE,77,Maison,28,2,899,2023
920000,77930,PERTHES,77,Maison,182,4,822,2023
335000,77760,NANTEAU-SUR-ESSONNE,77,Maison,77,4,6930,2023
335000,77760,NANTEAU-SUR-ESSONNE,77,Dépendance,0,0,200,2023
335000,77760,NANTEAU-SUR-ESSONNE,77,Maison,77,4,200,2023
335000,77760,NANTEAU-SUR-ESSONNE,77,Dépendance,0,0,6930,2023
313000,77250,MORET-LOING-ET-ORVANNE,77,Maison,105,5,500,2023
313000,77250,MORET-LOING-ET-ORVANNE,77,Maison,105,5,401,2023
5500,77250,MORET-LOING-ET-ORVANNE,77,Dépendance,0,0,615,2023
5500,77250,MORET-LOING-ET-ORVANNE,77,Maison,57,3,615,2023
205000,77430,CHAMPAGNE SUR SEINE,77,Maison,66,4,160,2023
205000,77430,CHAMPAGNE SUR SEINE,77,Dépendance,0,0,160,2023
21667,77620,EGREVILLE,77,Maison,95,3,2260,2023
21667,77620,EGREVILLE,77,Dépendance,0,0,2260,2023
385000,77220,GRETZ-ARMAINVILLIERS,77,Local industriel. commercial ou assimilé,120,0,596,2023
385000,77220,GRETZ-ARMAINVILLIERS,77,Maison,100,3,596,2023
299000,77930,CHAILLY-EN-BIERE,77,Maison,91,4,501,2023
601000,77123,NOISY-SUR-ECOLE,77,Dépendance,0,0,210,2023
601000,77123,NOISY-SUR-ECOLE,77,Maison,134,6,210,2023
340000,77310,SAINT-FARGEAU-PONTHIERRY,77,Maison,116,5,556,2023
353000,77170,SERVON,77,Maison,99,4,346,2023
403955,77310,SAINT-FARGEAU-PONTHIERRY,77,Maison,99,5,668,2023
403955,77310,SAINT-FARGEAU-PONTHIERRY,77,Maison,99,5,500,2023
238000,77350,LE MEE SUR SEINE,77,Maison,83,5,202,2023
304000,77173,CHEVRY-COSSIGNY,77,Maison,76,4,551,2023
300000,77380,COMBS LA VILLE,77,Dépendance,0,0,318,2023
300000,77380,COMBS LA VILLE,77,Appartement,76,5,318,2023
300000,77380,COMBS LA VILLE,77,Local industriel. commercial ou assimilé,133,0,318,2023
255200,77380,COMBS LA VILLE,77,Maison,88,5,497,2023
234500,77310,BOISSISE-LE-ROI,77,Maison,72,3,456,2023
589300,77390,FOUJU,77,Dépendance,0,0,928,2023
589300,77390,FOUJU,77,Maison,197,6,1000,2023
589300,77390,FOUJU,77,Maison,35,1,1000,2023
589300,77390,FOUJU,77,Dépendance,0,0,1000,2023
589300,77390,FOUJU,77,Maison,197,6,928,2023
589300,77390,FOUJU,77,Maison,35,1,928,2023
265000,77950,MOISENAY,77,Dépendance,0,0,550,2023
265000,77950,MOISENAY,77,Maison,65,3,550,2023
265000,77950,MOISENAY,77,Dépendance,0,0,1424,2023
265000,77950,MOISENAY,77,Maison,65,3,1424,2023
270000,77460,CHAINTREAUX,77,Maison,143,6,1768,2023
270000,77460,CHAINTREAUX,77,Dépendance,0,0,1768,2023
463000,77250,MORET-LOING-ET-ORVANNE,77,Dépendance,0,0,248,2023
463000,77250,MORET-LOING-ET-ORVANNE,77,Appartement,40,1,248,2023
463000,77250,MORET-LOING-ET-ORVANNE,77,Maison,78,4,248,2023
315000,77250,MORET-LOING-ET-ORVANNE,77,Maison,125,5,570,2023
315000,77250,MORET-LOING-ET-ORVANNE,77,Maison,125,5,73,2023
315000,77250,MORET-LOING-ET-ORVANNE,77,Dépendance,0,0,73,2023
315000,77250,MORET-LOING-ET-ORVANNE,77,Dépendance,0,0,570,2023
179000,77720,GRANDPUITS-BAILLY-CARROIS,77,Maison,102,4,220,2023
179000,77720,GRANDPUITS-BAILLY-CARROIS,77,Maison,102,4,1000,2023
269000,77140,NEMOURS,77,Dépendance,0,0,559,2023
269000,77140,NEMOURS,77,Maison,182,4,559,2023
415000,77310,PRINGY,77,Maison,90,4,500,2023
415000,77310,PRINGY,77,Maison,90,4,642,2023
529140,77150,LESIGNY,77,Maison,169,5,450,2023
660000,77330,OZOIR LA FERRIERE,77,Maison,189,8,354,2023
660000,77330,OZOIR LA FERRIERE,77,Maison,189,8,500,2023
130425,77710,PALEY,77,Dépendance,0,0,402,2023
130425,77710,PALEY,77,Maison,144,5,402,2023
130425,77710,PALEY,77,Dépendance,0,0,34,2023
342000,77680,ROISSY-EN-BRIE,77,Maison,97,5,181,2023
341500,77240,CESSON,77,Dépendance,0,0,342,2023
341500,77240,CESSON,77,Maison,99,5,342,2023
391906,77680,ROISSY-EN-BRIE,77,Dépendance,0,0,194,2023
391906,77680,ROISSY-EN-BRIE,77,Maison,80,4,194,2023
362893,77176,SAVIGNY-LE-TEMPLE,77,Maison,98,5,199,2023
311800,77123,TOUSSON,77,Maison,100,3,472,2023
311800,77123,TOUSSON,77,Dépendance,0,0,472,2023
180000,77930,PERTHES,77,Maison,71,3,168,2023
180000,77930,PERTHES,77,Local industriel. commercial ou assimilé,80,0,168,2023
250000,77250,MORET-LOING-ET-ORVANNE,77,Maison,41,3,66,2023
128000,77710,VILLEMARECHAL,77,Maison,54,2,235,2023
128000,77710,VILLEMARECHAL,77,Dépendance,0,0,235,2023
128000,77710,VILLEMARECHAL,77,Maison,54,2,1210,2023
128000,77710,VILLEMARECHAL,77,Dépendance,0,0,1210,2023
176500,77430,CHAMPAGNE SUR SEINE,77,Maison,48,3,410,2023
305873,77250,MORET-LOING-ET-ORVANNE,77,Maison,88,5,500,2023
305873,77250,MORET-LOING-ET-ORVANNE,77,Maison,88,5,253,2023
318000,77590,CHARTRETTES,77,Maison,82,4,100,2023
318000,77590,CHARTRETTES,77,Maison,82,4,422,2023
300000,77140,NEMOURS,77,Maison,170,6,173,2023
564808,77176,SAVIGNY-LE-TEMPLE,77,Maison,101,6,630,2023
286000,77390,VERNEUIL-L ETANG,77,Maison,93,4,574,2023
120000,77950,MOISENAY,77,Maison,30,2,102,2023
197000,77140,SAINT-PIERRE-LES-NEMOURS,77,Dépendance,0,0,533,2023
197000,77140,SAINT-PIERRE-LES-NEMOURS,77,Maison,100,4,533,2023
275000,77250,MORET-LOING-ET-ORVANNE,77,Dépendance,0,0,404,2023
275000,77250,MORET-LOING-ET-ORVANNE,77,Maison,100,4,404,2023
569760,77170,SERVON,77,Dépendance,0,0,400,2023
569760,77170,SERVON,77,Dépendance,0,0,500,2023
569760,77170,SERVON,77,Maison,166,5,400,2023
569760,77170,SERVON,77,Maison,166,5,500,2023
140000,77950,MOISENAY,77,Maison,77,4,82,2023
314000,77000,MELUN,77,Maison,107,5,100,2023
270000,77820,CHATELET-EN-BRIE (LE),77,Maison,110,5,437,2023
270000,77820,CHATELET-EN-BRIE (LE),77,Dépendance,0,0,437,2023
275000,77830,PAMFOU,77,Maison,103,5,518,2023
275000,77830,PAMFOU,77,Dépendance,0,0,518,2023
156220,77130,VILLE-SAINT-JACQUES,77,Maison,61,2,70,2023
520000,77950,MOISENAY,77,Maison,229,7,774,2023
225000,77670,SAINT-MAMMES,77,Maison,70,4,106,2023
225000,77670,SAINT-MAMMES,77,Maison,70,4,959,2023
195000,77760,BOULANCOURT,77,Maison,101,4,572,2023
289000,77390,ARGENTIERES,77,Dépendance,0,0,165,2023
289000,77390,ARGENTIERES,77,Maison,107,4,165,2023
390000,77590,CHARTRETTES,77,Maison,70,3,392,2023
350000,77390,ARGENTIERES,77,Maison,105,5,500,2023
350000,77390,ARGENTIERES,77,Maison,105,5,871,2023
365000,77176,SAVIGNY-LE-TEMPLE,77,Maison,96,5,559,2023
368000,77190,DAMMARIE LES LYS,77,Dépendance,0,0,760,2023
368000,77190,DAMMARIE LES LYS,77,Appartement,82,4,760,2023
368000,77190,DAMMARIE LES LYS,77,Appartement,38,2,760,2023
218700,77250,MORET-LOING-ET-ORVANNE,77,Dépendance,0,0,577,2023
218700,77250,MORET-LOING-ET-ORVANNE,77,Dépendance,0,0,95,2023
218700,77250,MORET-LOING-ET-ORVANNE,77,Maison,81,4,95,2023
218700,77250,MORET-LOING-ET-ORVANNE,77,Maison,81,4,577,2023
182300,77130,GRANDE-PAROISSE (LA),77,Maison,71,3,957,2023
290000,77190,DAMMARIE LES LYS,77,Maison,93,5,289,2023
125000,77760,RECLOSES,77,Maison,68,3,38,2023
335000,77310,SAINT-FARGEAU-PONTHIERRY,77,Maison,115,5,68,2023
260000,77240,CESSON,77,Dépendance,0,0,648,2023
260000,77240,CESSON,77,Maison,64,4,648,2023
286500,77176,SAVIGNY-LE-TEMPLE,77,Maison,83,5,344,2023
505000,77590,BOIS LE ROI,77,Maison,125,6,200,2023
505000,77590,BOIS LE ROI,77,Maison,125,6,800,2023
286500,77590,CHARTRETTES,77,Dépendance,0,0,261,2023
286500,77590,CHARTRETTES,77,Maison,37,2,261,2023
255000,77760,CHAPELLE-LA-REINE (LA),77,Maison,111,5,339,2023
255000,77760,CHAPELLE-LA-REINE (LA),77,Maison,111,5,61,2023
722000,77000,LIVRY-SUR-SEINE,77,Maison,313,8,613,2023
722000,77000,LIVRY-SUR-SEINE,77,Dépendance,0,0,613,2023
2285000,77220,TOURNAN-EN-BRIE,77,Maison,69,3,6760,2023
96000,77000,MELUN,77,Local industriel. commercial ou assimilé,50,0,70,2023
134000,77350,LE MEE SUR SEINE,77,Dépendance,0,0,8617,2023
8000,77130,VARENNES-SUR-SEINE,77,Dépendance,0,0,22,2023
250000,77670,SAINT-MAMMES,77,Maison,56,3,400,2023
328000,77380,COMBS LA VILLE,77,Maison,100,4,473,2023
347330,77570,CHATEAU-LANDON,77,Dépendance,0,0,605,2023
347330,77570,CHATEAU-LANDON,77,Dépendance,0,0,315,2023
347330,77570,CHATEAU-LANDON,77,Maison,140,5,315,2023
347330,77570,CHATEAU-LANDON,77,Maison,140,5,605,2023
600000,77330,OZOIR LA FERRIERE,77,Maison,165,5,500,2023
600000,77330,OZOIR LA FERRIERE,77,Maison,165,5,350,2023
485000,77123,NOISY-SUR-ECOLE,77,Maison,149,6,500,2023
485000,77123,NOISY-SUR-ECOLE,77,Local industriel. commercial ou assimilé,12,0,500,2023
485000,77123,NOISY-SUR-ECOLE,77,Maison,149,6,2040,2023
485000,77123,NOISY-SUR-ECOLE,77,Local industriel. commercial ou assimilé,12,0,2040,2023
260000,77680,ROISSY-EN-BRIE,77,Dépendance,0,0,432,2023
260000,77680,ROISSY-EN-BRIE,77,Maison,121,5,432,2023
185000,77430,CHAMPAGNE SUR SEINE,77,Maison,74,4,408,2023
430000,77340,PONTAULT COMBAULT,77,Dépendance,0,0,603,2023
430000,77340,PONTAULT COMBAULT,77,Maison,98,5,603,2023
470000,77330,OZOIR LA FERRIERE,77,Maison,196,6,580,2023
209150,77220,TOURNAN-EN-BRIE,77,Maison,110,3,299,2023
310000,77240,VERT-SAINT-DENIS,77,Maison,99,6,248,2023
100000,77940,ESMANS,77,Maison,60,2,392,2023
100000,77940,ESMANS,77,Dépendance,0,0,392,2023
369860,77930,SAINT-SAUVEUR-SUR-ECOLE,77,Maison,107,5,500,2023
369860,77930,SAINT-SAUVEUR-SUR-ECOLE,77,Maison,107,5,726,2023
369860,77930,SAINT-SAUVEUR-SUR-ECOLE,77,Dépendance,0,0,726,2023
369860,77930,SAINT-SAUVEUR-SUR-ECOLE,77,Dépendance,0,0,500,2023
494740,77950,RUBELLES,77,Maison,142,5,745,2023
125000,77850,HERICY,77,Local industriel. commercial ou assimilé,291,0,509,2023
334000,77300,FONTAINEBLEAU,77,Maison,62,3,36,2023
317600,77190,DAMMARIE LES LYS,77,Maison,100,5,1089,2023
317600,77190,DAMMARIE LES LYS,77,Maison,100,5,500,2023
155000,77940,VOULX,77,Dépendance,0,0,512,2023
155000,77940,VOULX,77,Maison,100,4,512,2023
295000,77390,YEBLES,77,Maison,89,4,454,2023
325000,77550,LISSY,77,Maison,84,4,503,2023
469300,77330,OZOIR LA FERRIERE,77,Maison,71,4,746,2023
110000,77111,SOIGNOLLES-EN-BRIE,77,Maison,30,2,705,2023
355750,77135,PONTCARRE,77,Maison,86,4,64,2023
268000,77240,VERT-SAINT-DENIS,77,Maison,93,5,268,2023
348000,77940,VOULX,77,Local industriel. commercial ou assimilé,357,0,5000,2023
348000,77940,VOULX,77,Local industriel. commercial ou assimilé,357,0,1674,2023
255000,77390,GUIGNES,77,Maison,92,4,469,2023
356900,77680,ROISSY-EN-BRIE,77,Maison,98,4,420,2023
356900,77680,ROISSY-EN-BRIE,77,Dépendance,0,0,420,2023
166667,77130,SAINT-GERMAIN-LAVAL,77,Maison,83,5,550,2023
47681,77130,MONTEREAU FAULT YONNE,77,Maison,87,4,154,2023
205000,77460,SOUPPES-SUR-LOING,77,Maison,95,6,568,2023
205000,77460,SOUPPES-SUR-LOING,77,Maison,40,2,568,2023
205000,77460,SOUPPES-SUR-LOING,77,Maison,95,6,200,2023
205000,77460,SOUPPES-SUR-LOING,77,Maison,40,2,200,2023
355500,77950,VOISENON,77,Maison,114,4,504,2023
350000,77330,OZOIR LA FERRIERE,77,Maison,113,5,442,2023
205000,77670,SAINT-MAMMES,77,Local industriel. commercial ou assimilé,230,0,633,2023
410000,77330,OZOIR LA FERRIERE,77,Maison,89,4,575,2023
380000,77950,MAINCY,77,Maison,71,4,224,2023
380000,77950,MAINCY,77,Local industriel. commercial ou assimilé,65,0,224,2023
380000,77950,MAINCY,77,Dépendance,0,0,224,2023
380000,77300,FONTAINEBLEAU,77,Dépendance,0,0,177,2023
380000,77300,FONTAINEBLEAU,77,Maison,110,4,177,2023
426800,77340,PONTAULT COMBAULT,77,Maison,110,4,432,2023
580000,77166,GRISY-SUISNES,77,Maison,208,6,963,2023
580000,77166,GRISY-SUISNES,77,Maison,208,6,500,2023
616000,77550,LIMOGES-FOURCHES,77,Maison,160,5,500,2023
616000,77550,LIMOGES-FOURCHES,77,Maison,160,5,3120,2023
264600,77130,VILLE-SAINT-JACQUES,77,Maison,128,4,607,2023
90000,77720,GRANDPUITS-BAILLY-CARROIS,77,Maison,100,4,365,2023
307700,77170,BRIE COMTE ROBERT,77,Maison,85,4,301,2023
270000,77930,CHAILLY-EN-BIERE,77,Maison,184,8,231,2023
270000,77930,CHAILLY-EN-BIERE,77,Maison,184,8,500,2023
248000,77810,THOMERY,77,Dépendance,0,0,204,2023
248000,77810,THOMERY,77,Maison,80,4,204,2023
263000,77111,SOLERS,77,Dépendance,0,0,120,2023
263000,77111,SOLERS,77,Maison,58,3,120,2023
245000,77220,GRETZ-ARMAINVILLIERS,77,Maison,72,3,186,2023
283000,77380,COMBS LA VILLE,77,Maison,86,3,559,2023
260000,77123,TOUSSON,77,Maison,140,4,181,2023
460000,77000,MELUN,77,Maison,185,6,583,2023
264000,77176,SAVIGNY-LE-TEMPLE,77,Maison,148,7,226,2023
300000,77720,CHAPELLE-GAUTHIER (LA),77,Maison,205,6,500,2023
300000,77720,CHAPELLE-GAUTHIER (LA),77,Dépendance,0,0,2013,2023
300000,77720,CHAPELLE-GAUTHIER (LA),77,Maison,205,6,2013,2023
300000,77720,CHAPELLE-GAUTHIER (LA),77,Dépendance,0,0,500,2023
230000,77176,SAVIGNY-LE-TEMPLE,77,Maison,85,5,147,2023
1166700,77920,SAMOIS SUR SEINE,77,Dépendance,0,0,1065,2023
1166700,77920,SAMOIS SUR SEINE,77,Maison,250,8,1065,2023
208000,77176,SAVIGNY-LE-TEMPLE,77,Maison,68,3,126,2023
45000,77950,SAINT-GERMAIN-LAXIS,77,Maison,45,3,75,2023
344800,77190,DAMMARIE LES LYS,77,Maison,134,6,962,2023
230000,77190,DAMMARIE LES LYS,77,Maison,51,3,600,2023
420000,77310,SAINT-FARGEAU-PONTHIERRY,77,Maison,96,4,710,2023
420000,77310,SAINT-FARGEAU-PONTHIERRY,77,Maison,96,4,2200,2023
410000,77127,LIEUSAINT,77,Maison,104,4,475,2023
245000,77300,FONTAINEBLEAU,77,Maison,50,4,174,2023
245000,77300,FONTAINEBLEAU,77,Dépendance,0,0,174,2023
210000,77130,SAINT-GERMAIN-LAVAL,77,Maison,82,4,423,2023
210000,77130,SAINT-GERMAIN-LAVAL,77,Maison,82,4,300,2023
250000,77820,CHATELET-EN-BRIE (LE),77,Maison,67,2,187,2023
325000,77190,DAMMARIE LES LYS,77,Dépendance,0,0,646,2023
325000,77190,DAMMARIE LES LYS,77,Appartement,50,3,646,2023
304000,77380,COMBS LA VILLE,77,Maison,99,5,312,2023
345000,77340,PONTAULT COMBAULT,77,Maison,94,5,211,2023
337000,77170,BRIE COMTE ROBERT,77,Maison,100,5,335,2023
1200000,77300,FONTAINEBLEAU,77,Local industriel. commercial ou assimilé,1000,0,287,2023
341000,77340,PONTAULT COMBAULT,77,Maison,70,3,427,2023
391200,77340,PONTAULT COMBAULT,77,Local industriel. commercial ou assimilé,96,0,420,2023
465000,77340,PONTAULT COMBAULT,77,Maison,86,4,651,2023
127000,77710,CHEVRY-EN-SEREINE,77,Maison,55,3,30,2023
157000,77380,COMBS LA VILLE,77,Maison,99,4,381,2023
250000,77760,CHAPELLE-LA-REINE (LA),77,Maison,100,5,423,2023
250000,77760,CHAPELLE-LA-REINE (LA),77,Maison,100,5,200,2023
292000,77210,AVON,77,Dépendance,0,0,52,2023
292000,77210,AVON,77,Appartement,40,2,52,2023
292000,77210,AVON,77,Appartement,36,1,52,2023
227000,77550,MOISSY-CRAMAYEL,77,Maison,70,3,131,2023
780000,77780,BOURRON-MARLOTTE,77,Dépendance,0,0,544,2023
780000,77780,BOURRON-MARLOTTE,77,Maison,240,8,544,2023
215000,77710,TREUZY-LEVELAY,77,Dépendance,0,0,54,2023
215000,77710,TREUZY-LEVELAY,77,Maison,147,4,136,2023
100000,77250,MORET-LOING-ET-ORVANNE,77,Maison,70,3,48,2023
109000,77300,FONTAINEBLEAU,77,Maison,80,4,333,2023
109000,77300,FONTAINEBLEAU,77,Dépendance,0,0,333,2023
385000,77930,SAINT-SAUVEUR-SUR-ECOLE,77,Maison,78,3,221,2023
235000,77760,CHAPELLE-LA-REINE (LA),77,Maison,90,4,510,2023
332722,77760,RECLOSES,77,Maison,80,2,88,2023
235000,77250,MORET-LOING-ET-ORVANNE,77,Dépendance,0,0,123,2023
235000,77250,MORET-LOING-ET-ORVANNE,77,Maison,74,4,123,2023
207000,77570,CHATEAU-LANDON,77,Maison,124,4,500,2023
207000,77570,CHATEAU-LANDON,77,Dépendance,0,0,500,2023
388000,77166,GRISY-SUISNES,77,Maison,97,4,160,2023
1050000,77300,FONTAINEBLEAU,77,Appartement,36,2,147,2023
1050000,77300,FONTAINEBLEAU,77,Appartement,59,3,147,2023
1050000,77300,FONTAINEBLEAU,77,Local industriel. commercial ou assimilé,70,0,147,2023
1050000,77300,FONTAINEBLEAU,77,Dépendance,0,0,147,2023
2000,77130,MISY-SUR-YONNE,77,Dépendance,0,0,108,2023
540000,77950,MAINCY,77,Maison,188,7,9700,2023
540000,77950,MAINCY,77,Dépendance,0,0,9700,2023
540000,77950,MAINCY,77,Maison,188,7,300,2023
540000,77950,MAINCY,77,Dépendance,0,0,300,2023
330000,77250,MORET-LOING-ET-ORVANNE,77,Maison,145,5,611,2023
260000,77000,MELUN,77,Maison,120,4,596,2023
375000,77123,TOUSSON,77,Dépendance,0,0,413,2023
375000,77123,TOUSSON,77,Maison,190,6,413,2023
375000,77123,TOUSSON,77,Maison,52,2,413,2023
268000,77940,NOISY-RUDIGNON,77,Dépendance,0,0,742,2023
268000,77940,NOISY-RUDIGNON,77,Maison,90,5,742,2023
275000,77176,NANDY,77,Maison,76,4,221,2023
870000,77300,FONTAINEBLEAU,77,Dépendance,0,0,741,2023
870000,77300,FONTAINEBLEAU,77,Maison,128,6,741,2023
290000,77170,BRIE COMTE ROBERT,77,Maison,150,6,208,2023
205000,77460,SOUPPES-SUR-LOING,77,Maison,190,6,284,2023
250000,77890,ICHY,77,Maison,140,4,2013,2023
142000,77690,MONTIGNY-SUR-LOING,77,Maison,204,5,688,2023
120000,77590,CHARTRETTES,77,Maison,100,4,830,2023
329000,77135,PONTCARRE,77,Maison,91,5,210,2023
285000,77240,VERT-SAINT-DENIS,77,Maison,92,5,160,2023
397900,77210,SAMOREAU,77,Maison,108,5,500,2023
397900,77210,SAMOREAU,77,Maison,108,5,538,2023
250000,77550,MOISSY-CRAMAYEL,77,Maison,108,6,165,2023
250000,77550,MOISSY-CRAMAYEL,77,Dépendance,0,0,165,2023
465000,77220,TOURNAN-EN-BRIE,77,Maison,133,5,486,2023
255000,77220,GRETZ-ARMAINVILLIERS,77,Maison,131,5,390,2023
255000,77220,GRETZ-ARMAINVILLIERS,77,Dépendance,0,0,390,2023
331000,77220,TOURNAN-EN-BRIE,77,Local industriel. commercial ou assimilé,0,0,27,2023
331000,77220,TOURNAN-EN-BRIE,77,Maison,98,5,293,2023
322000,77220,GRETZ-ARMAINVILLIERS,77,Maison,67,3,434,2023
322000,77220,GRETZ-ARMAINVILLIERS,77,Dépendance,0,0,434,2023
295000,77220,GRETZ-ARMAINVILLIERS,77,Maison,88,5,496,2023
300000,77130,MONTEREAU FAULT YONNE,77,Local industriel. commercial ou assimilé,145,0,348,2023
300000,77130,MONTEREAU FAULT YONNE,77,Local industriel. commercial ou assimilé,209,0,348,2023
272000,77220,TOURNAN-EN-BRIE,77,Maison,94,5,395,2023
392000,77720,MORMANT,77,Maison,131,5,292,2023
270000,77220,FAVIERES,77,Maison,118,5,92,2023
172500,77680,ROISSY-EN-BRIE,77,Maison,134,7,223,2023
500000,77170,SERVON,77,Maison,135,5,500,2023
500000,77170,SERVON,77,Dépendance,0,0,500,2023
500000,77170,SERVON,77,Dépendance,0,0,501,2023
500000,77170,SERVON,77,Maison,135,5,501,2023
725000,77220,TOURNAN-EN-BRIE,77,Maison,185,9,114,2023
725000,77220,TOURNAN-EN-BRIE,77,Dépendance,0,0,114,2023
457000,77220,FAVIERES,77,Maison,105,5,831,2023
457000,77220,FAVIERES,77,Dépendance,0,0,831,2023
499000,77380,COMBS LA VILLE,77,Dépendance,0,0,388,2023
499000,77380,COMBS LA VILLE,77,Maison,136,7,388,2023
365300,77760,GUERCHEVILLE,77,Maison,135,5,1571,2023
365300,77760,GUERCHEVILLE,77,Dépendance,0,0,1571,2023
295000,77380,COMBS LA VILLE,77,Dépendance,0,0,400,2023
295000,77380,COMBS LA VILLE,77,Maison,78,3,400,2023
550000,77000,MELUN,77,Local industriel. commercial ou assimilé,406,0,243,2023
410000,77210,SAMOREAU,77,Maison,161,6,1159,2023
276510,77240,VERT-SAINT-DENIS,77,Maison,118,4,663,2023
276510,77240,VERT-SAINT-DENIS,77,Dépendance,0,0,663,2023
310000,77240,CESSON,77,Maison,144,6,241,2023
280000,77000,ROCHETTE(LA),77,Dépendance,0,0,484,2023
280000,77000,ROCHETTE(LA),77,Appartement,36,1,484,2023
203000,77250,MORET-LOING-ET-ORVANNE,77,Maison,74,4,145,2023
374394,77170,BRIE COMTE ROBERT,77,Maison,88,5,576,2023
325000,77166,EVRY-GREGY-SUR-YERRE,77,Maison,88,5,563,2023
250000,77350,LE MEE SUR SEINE,77,Maison,99,5,430,2023
400000,77850,HERICY,77,Maison,90,4,1633,2023
400000,77850,HERICY,77,Dépendance,0,0,1633,2023
400000,77850,HERICY,77,Maison,90,4,500,2023
400000,77850,HERICY,77,Dépendance,0,0,500,2023
163000,77250,MORET-LOING-ET-ORVANNE,77,Maison,40,1,49,2023
189275,77250,MORET-LOING-ET-ORVANNE,77,Maison,80,3,652,2023
189275,77250,MORET-LOING-ET-ORVANNE,77,Local industriel. commercial ou assimilé,172,0,652,2023
127000,77130,VARENNES-SUR-SEINE,77,Dépendance,0,0,231,2023
127000,77130,VARENNES-SUR-SEINE,77,Maison,89,5,231,2023
495600,77310,SAINT-FARGEAU-PONTHIERRY,77,Maison,110,5,650,2023
495600,77310,SAINT-FARGEAU-PONTHIERRY,77,Maison,110,5,500,2023
320000,77330,OZOIR LA FERRIERE,77,Maison,92,4,170,2023
185000,77210,AVON,77,Maison,65,3,31,2023
350000,77170,BRIE COMTE ROBERT,77,Maison,110,4,480,2023
130000,77760,BURCY,77,Maison,70,1,1441,2023
130000,77760,BURCY,77,Dépendance,0,0,1441,2023
130000,77760,BURCY,77,Maison,20,1,1441,2023
270000,77240,VERT-SAINT-DENIS,77,Maison,94,5,340,2023
234800,77190,DAMMARIE LES LYS,77,Maison,63,3,592,2023
370000,77210,AVON,77,Maison,119,5,230,2023
194000,77140,MONCOURT FROMONVILLE,77,Maison,107,5,200,2023
194000,77140,MONCOURT FROMONVILLE,77,Maison,107,5,598,2023
316900,77127,LIEUSAINT,77,Maison,84,4,32,2023
630000,77870,VULAINES-SUR-SEINE,77,Dépendance,0,0,746,2023
630000,77870,VULAINES-SUR-SEINE,77,Dépendance,0,0,500,2023
630000,77870,VULAINES-SUR-SEINE,77,Maison,130,5,500,2023
630000,77870,VULAINES-SUR-SEINE,77,Maison,130,5,746,2023
225000,77390,CHAMPDEUIL,77,Dépendance,0,0,145,2023
225000,77390,CHAMPDEUIL,77,Maison,70,4,145,2023
200000,77870,VULAINES-SUR-SEINE,77,Maison,93,4,664,2023
641700,77170,BRIE COMTE ROBERT,77,Dépendance,0,0,338,2023
641700,77170,BRIE COMTE ROBERT,77,Appartement,65,4,338,2023
641700,77170,BRIE COMTE ROBERT,77,Appartement,42,4,338,2023
641700,77170,BRIE COMTE ROBERT,77,Appartement,92,4,338,2023
382000,77330,OZOIR LA FERRIERE,77,Maison,75,4,259,2023
450000,77130,MONTEREAU FAULT YONNE,77,Dépendance,0,0,297,2023
450000,77130,MONTEREAU FAULT YONNE,77,Appartement,56,2,297,2023
450000,77130,MONTEREAU FAULT YONNE,77,Local industriel. commercial ou assimilé,43,0,297,2023
450000,77130,MONTEREAU FAULT YONNE,77,Local industriel. commercial ou assimilé,64,0,297,2023
450000,77130,MONTEREAU FAULT YONNE,77,Appartement,150,5,297,2023
450000,77130,MONTEREAU FAULT YONNE,77,Appartement,35,1,297,2023
450000,77130,MONTEREAU FAULT YONNE,77,Local industriel. commercial ou assimilé,50,0,297,2023
450000,77130,MONTEREAU FAULT YONNE,77,Local industriel. commercial ou assimilé,48,0,297,2023
450000,77130,MONTEREAU FAULT YONNE,77,Appartement,56,3,297,2023
135000,77760,ACHERES-LA-FORET,77,Maison,82,4,555,2023
600000,77240,SEINE-PORT,77,Maison,158,5,653,2023
2904000,77720,MORMANT,77,Local industriel. commercial ou assimilé,320,0,13838,2023
2904000,77720,MORMANT,77,Maison,230,5,13838,2023
2904000,77720,MORMANT,77,Local industriel. commercial ou assimilé,770,0,13838,2023
762145,77123,VAUDOUE (LE),77,Maison,110,4,500,2023
762145,77123,VAUDOUE (LE),77,Maison,110,4,440,2023
350000,77340,PONTAULT COMBAULT,77,Local industriel. commercial ou assimilé,33,0,406,2023
350000,77340,PONTAULT COMBAULT,77,Maison,80,3,406,2023
151300,77720,QUIERS,77,Maison,118,5,609,2023
151300,77720,QUIERS,77,Dépendance,0,0,609,2023
290000,77760,BOULANCOURT,77,Maison,119,4,509,2023
290000,77760,BOULANCOURT,77,Maison,119,4,500,2023
230000,77590,FONTAINE-LE-PORT,77,Maison,62,3,178,2023
134000,77220,TOURNAN-EN-BRIE,77,Maison,55,3,25,2023
162500,77300,FONTAINEBLEAU,77,Local industriel. commercial ou assimilé,95,0,57,2023
162500,77300,FONTAINEBLEAU,77,Appartement,30,1,57,2023
162500,77300,FONTAINEBLEAU,77,Appartement,50,3,57,2023
489000,77140,MONCOURT FROMONVILLE,77,Dépendance,0,0,387,2023
489000,77140,MONCOURT FROMONVILLE,77,Maison,156,6,387,2023
214060,77430,CHAMPAGNE SUR SEINE,77,Dépendance,0,0,141,2023
214060,77430,CHAMPAGNE SUR SEINE,77,Maison,47,4,141,2023
374630,77590,BOIS LE ROI,77,Maison,94,4,361,2023
374630,77590,BOIS LE ROI,77,Dépendance,0,0,361,2023
230000,77760,URY,77,Maison,84,5,608,2023
564200,77170,BRIE COMTE ROBERT,77,Dépendance,0,0,540,2023
564200,77170,BRIE COMTE ROBERT,77,Maison,105,4,540,2023
140000,77130,MONTEREAU FAULT YONNE,77,Local industriel. commercial ou assimilé,450,0,94,2023
140000,77130,MONTEREAU FAULT YONNE,77,Maison,65,5,94,2023
405000,77000,VAUX-LE-PENIL,77,Maison,92,4,750,2023
370000,77380,COMBS LA VILLE,77,Maison,92,5,397,2023
370000,77380,COMBS LA VILLE,77,Dépendance,0,0,397,2023
280000,77133,MACHAULT,77,Local industriel. commercial ou assimilé,298,0,738,2023
337000,77390,GUIGNES,77,Maison,107,5,630,2023
165000,77570,CHATEAU-LANDON,77,Maison,71,4,473,2023
125000,77210,AVON,77,Maison,34,3,88,2023
115200,77127,LIEUSAINT,77,Dépendance,0,0,389,2023
423300,77166,EVRY-GREGY-SUR-YERRE,77,Maison,187,5,317,2023
423300,77166,EVRY-GREGY-SUR-YERRE,77,Maison,187,5,500,2023
365000,77166,EVRY-GREGY-SUR-YERRE,77,Maison,91,5,510,2023
365000,77166,EVRY-GREGY-SUR-YERRE,77,Maison,91,5,400,2023
233100,77460,SOUPPES-SUR-LOING,77,Maison,116,5,691,2023
233100,77460,SOUPPES-SUR-LOING,77,Dépendance,0,0,691,2023
289000,77690,MONTIGNY-SUR-LOING,77,Maison,108,5,250,2023
289000,77690,MONTIGNY-SUR-LOING,77,Maison,108,5,500,2023
289000,77690,MONTIGNY-SUR-LOING,77,Dépendance,0,0,250,2023
289000,77690,MONTIGNY-SUR-LOING,77,Dépendance,0,0,500,2023
210000,77930,CELY EN BIERE,77,Dépendance,0,0,692,2023
425000,77390,CHAUMES-EN-BRIE,77,Maison,104,5,648,2023
140000,77430,CHAMPAGNE SUR SEINE,77,Dépendance,0,0,108,2023
140000,77430,CHAMPAGNE SUR SEINE,77,Maison,83,4,108,2023
340000,77000,MELUN,77,Appartement,20,1,65,2023
340000,77000,MELUN,77,Local industriel. commercial ou assimilé,13,0,65,2023
340000,77000,MELUN,77,Appartement,55,2,65,2023
340000,77000,MELUN,77,Local industriel. commercial ou assimilé,20,0,65,2023
340000,77000,MELUN,77,Appartement,24,1,65,2023
340000,77000,MELUN,77,Appartement,17,1,65,2023
390000,77930,SAINT-SAUVEUR-SUR-ECOLE,77,Maison,66,3,858,2023
390000,77930,SAINT-SAUVEUR-SUR-ECOLE,77,Dépendance,0,0,858,2023
125000,77140,NEMOURS,77,Local industriel. commercial ou assimilé,153,0,167,2023
125000,77140,NEMOURS,77,Dépendance,0,0,167,2023
125000,77140,NEMOURS,77,Appartement,48,2,167,2023
215000,77950,VOISENON,77,Maison,79,3,653,2023
354800,77680,ROISSY-EN-BRIE,77,Maison,116,5,272,2023
110000,77115,BLANDY,77,Maison,40,2,36,2023
364000,77680,ROISSY-EN-BRIE,77,Maison,65,4,480,2023
345000,77930,PERTHES,77,Maison,76,4,207,2023
238000,77930,SAINT-GERMAIN-SUR-ECOLE,77,Maison,50,3,626,2023
141000,77670,SAINT-MAMMES,77,Maison,68,3,54,2023
240000,77240,CESSON,77,Maison,77,5,643,2023
659600,77250,MORET-LOING-ET-ORVANNE,77,Dépendance,0,0,1900,2023
659600,77250,MORET-LOING-ET-ORVANNE,77,Maison,330,12,1900,2023
659600,77250,MORET-LOING-ET-ORVANNE,77,Maison,330,12,1377,2023
659600,77250,MORET-LOING-ET-ORVANNE,77,Dépendance,0,0,1377,2023
354500,77340,PONTAULT COMBAULT,77,Maison,87,4,143,2023
4500000,77830,ECHOUBOULAINS,77,Local industriel. commercial ou assimilé,280,0,147895,2023
4500000,77830,ECHOUBOULAINS,77,Local industriel. commercial ou assimilé,321,0,147895,2023
4500000,77830,ECHOUBOULAINS,77,Local industriel. commercial ou assimilé,243,0,158,2023
4500000,77830,ECHOUBOULAINS,77,Local industriel. commercial ou assimilé,243,0,164131,2023
4500000,77830,ECHOUBOULAINS,77,Appartement,45,2,3680,2023
4500000,77830,ECHOUBOULAINS,77,Local industriel. commercial ou assimilé,196,0,3680,2023
4500000,77830,ECHOUBOULAINS,77,Appartement,151,5,3680,2023
4500000,77830,ECHOUBOULAINS,77,Appartement,20,2,3680,2023
4500000,77830,ECHOUBOULAINS,77,Dépendance,0,0,3680,2023
4500000,77830,ECHOUBOULAINS,77,Appartement,72,4,3680,2023
4500000,77830,ECHOUBOULAINS,77,Local industriel. commercial ou assimilé,15,0,3680,2023
503000,77330,OZOIR LA FERRIERE,77,Maison,122,4,677,2023
503000,77330,OZOIR LA FERRIERE,77,Dépendance,0,0,677,2023
342000,77340,PONTAULT COMBAULT,77,Maison,80,4,192,2023
383000,77340,PONTAULT COMBAULT,77,Maison,117,5,290,2023
129343,77140,MONCOURT FROMONVILLE,77,Maison,88,4,500,2023
120000,77250,MORET-LOING-ET-ORVANNE,77,Dépendance,0,0,332,2023
163000,77140,NEMOURS,77,Maison,88,5,232,2023
140000,77140,NEMOURS,77,Local industriel. commercial ou assimilé,154,0,142,2023
220000,77880,GREZ-SUR-LOING,77,Maison,75,3,439,2023
46000,77670,SAINT-MAMMES,77,Maison,38,2,186,2023
299000,77720,MORMANT,77,Maison,113,6,500,2023
290000,77000,MELUN,77,Appartement,22,2,75,2023
290000,77000,MELUN,77,Appartement,62,2,75,2023
339200,77550,REAU,77,Maison,126,7,369,2023
480000,77000,ROCHETTE(LA),77,Local industriel. commercial ou assimilé,235,0,698,2023
480000,77000,ROCHETTE(LA),77,Maison,160,5,698,2023
645000,77210,AVON,77,Maison,140,7,439,2023
110000,77140,NEMOURS,77,Dépendance,0,0,230,2023
110000,77140,NEMOURS,77,Maison,70,3,230,2023
165000,77890,ICHY,77,Dépendance,0,0,495,2023
165000,77890,ICHY,77,Maison,142,6,495,2023
640000,77250,MORET-LOING-ET-ORVANNE,77,Dépendance,0,0,240,2023
640000,77250,MORET-LOING-ET-ORVANNE,77,Local industriel. commercial ou assimilé,46,0,240,2023
640000,77250,MORET-LOING-ET-ORVANNE,77,Maison,215,8,240,2023
170000,77460,SOUPPES-SUR-LOING,77,Maison,90,5,881,2023
170000,77460,SOUPPES-SUR-LOING,77,Dépendance,0,0,881,2023
520000,77300,FONTAINEBLEAU,77,Maison,68,3,82,2023
520000,77300,FONTAINEBLEAU,77,Dépendance,0,0,82,2023
446500,77780,BOURRON-MARLOTTE,77,Dépendance,0,0,91,2023
446500,77780,BOURRON-MARLOTTE,77,Dépendance,0,0,441,2023
446500,77780,BOURRON-MARLOTTE,77,Maison,215,4,441,2023
370000,77950,RUBELLES,77,Maison,104,6,321,2023
4348000,77300,FONTAINEBLEAU,77,Maison,20,1,1000,2023
4348000,77300,FONTAINEBLEAU,77,Maison,614,11,1000,2023
4348000,77300,FONTAINEBLEAU,77,Maison,20,1,3497,2023
4348000,77300,FONTAINEBLEAU,77,Maison,614,11,3497,2023
4348000,77300,FONTAINEBLEAU,77,Dépendance,0,0,3497,2023
4348000,77300,FONTAINEBLEAU,77,Dépendance,0,0,1000,2023
410000,77760,URY,77,Maison,180,6,174,2023
410000,77760,URY,77,Dépendance,0,0,112,2023
295500,77140,SAINT-PIERRE-LES-NEMOURS,77,Maison,100,4,528,2023
295500,77140,SAINT-PIERRE-LES-NEMOURS,77,Dépendance,0,0,528,2023
180000,77670,VERNOU-LA-CELLE-SUR-SEINE,77,Maison,130,6,441,2023
370000,77670,SAINT-MAMMES,77,Maison,139,5,785,2023
380000,77310,BOISSISE-LE-ROI,77,Maison,107,4,840,2023
204000,77140,SAINT-PIERRE-LES-NEMOURS,77,Maison,78,4,229,2023
290000,77140,SAINT-PIERRE-LES-NEMOURS,77,Maison,100,5,639,2023
148000,77140,NEMOURS,77,Maison,81,4,200,2023
131000,77940,BROSSE-MONTCEAUX (LA),77,Dépendance,0,0,600,2023
131000,77940,BROSSE-MONTCEAUX (LA),77,Maison,129,5,600,2023
50000,77940,VOULX,77,Maison,52,2,120,2023
280000,77310,SAINT-FARGEAU-PONTHIERRY,77,Maison,44,3,880,2023
280000,77310,SAINT-FARGEAU-PONTHIERRY,77,Maison,44,3,75,2023
380000,77166,EVRY-GREGY-SUR-YERRE,77,Dépendance,0,0,980,2023
380000,77166,EVRY-GREGY-SUR-YERRE,77,Maison,105,4,500,2023
380000,77166,EVRY-GREGY-SUR-YERRE,77,Dépendance,0,0,500,2023
380000,77166,EVRY-GREGY-SUR-YERRE,77,Maison,105,4,980,2023
232000,77150,FEROLLES-ATTILLY,77,Maison,70,3,66,2023
550000,77130,MONTEREAU FAULT YONNE,77,Local industriel. commercial ou assimilé,556,0,9000,2023
550000,77130,MONTEREAU FAULT YONNE,77,Local industriel. commercial ou assimilé,608,0,9000,2023
440000,77330,OZOIR LA FERRIERE,77,Appartement,63,3,571,2023
440000,77330,OZOIR LA FERRIERE,77,Appartement,33,2,571,2023
440000,77330,OZOIR LA FERRIERE,77,Appartement,63,2,571,2023
209410,77350,LE MEE SUR SEINE,77,Maison,67,3,133,2023
209410,77350,LE MEE SUR SEINE,77,Dépendance,0,0,25,2023
295500,77111,SOLERS,77,Maison,84,5,375,2023
167000,77720,MORMANT,77,Dépendance,0,0,122,2023
250000,77330,OZOIR LA FERRIERE,77,Maison,31,2,398,2023
314000,77135,PONTCARRE,77,Maison,87,5,277,2023
300000,77590,FONTAINE-LE-PORT,77,Maison,81,3,328,2023
316950,77166,EVRY-GREGY-SUR-YERRE,77,Dépendance,0,0,500,2023
495000,77590,BOIS LE ROI,77,Maison,140,5,813,2023
495000,77590,BOIS LE ROI,77,Maison,140,5,102,2023
275000,77250,MORET-LOING-ET-ORVANNE,77,Dépendance,0,0,277,2023
275000,77250,MORET-LOING-ET-ORVANNE,77,Maison,125,5,277,2023
285900,77310,BOISSISE-LE-ROI,77,Maison,81,5,867,2023
213500,77670,SAINT-MAMMES,77,Appartement,27,1,67,2023
213500,77670,SAINT-MAMMES,77,Appartement,32,1,67,2023
213500,77670,SAINT-MAMMES,77,Dépendance,0,0,67,2023
300000,77300,FONTAINEBLEAU,77,Maison,75,3,350,2023
300000,77300,FONTAINEBLEAU,77,Dépendance,0,0,350,2023
690000,77850,HERICY,77,Appartement,28,2,900,2023
690000,77850,HERICY,77,Dépendance,0,0,900,2023
690000,77850,HERICY,77,Appartement,34,2,900,2023
169000,77130,MONTEREAU FAULT YONNE,77,Maison,71,3,508,2023
244000,77760,URY,77,Maison,64,4,1058,2023
244000,77760,URY,77,Maison,64,4,500,2023
130000,77140,SAINT-PIERRE-LES-NEMOURS,77,Dépendance,0,0,221,2023
130000,77140,SAINT-PIERRE-LES-NEMOURS,77,Maison,78,4,221,2023
327000,77380,COMBS LA VILLE,77,Dépendance,0,0,470,2023
327000,77380,COMBS LA VILLE,77,Maison,105,5,470,2023
169000,77670,SAINT-MAMMES,77,Maison,46,3,388,2023
169000,77670,SAINT-MAMMES,77,Dépendance,0,0,388,2023
340000,77380,COMBS LA VILLE,77,Maison,96,5,317,2023
297000,77310,PRINGY,77,Maison,89,5,219,2023
395000,77300,FONTAINEBLEAU,77,Maison,66,3,124,2023
395000,77300,FONTAINEBLEAU,77,Dépendance,0,0,124,2023
250000,77350,LE MEE SUR SEINE,77,Maison,155,6,1542,2023
400000,77920,SAMOIS SUR SEINE,77,Maison,34,2,30,2023
400000,77920,SAMOIS SUR SEINE,77,Dépendance,0,0,341,2023
400000,77920,SAMOIS SUR SEINE,77,Maison,92,2,341,2023
440000,77310,BOISSISE-LE-ROI,77,Maison,106,5,669,2023
440000,77310,BOISSISE-LE-ROI,77,Maison,106,5,500,2023
252911,77240,CESSON,77,Local industriel. commercial ou assimilé,946,0,2880,2023
729290,77300,FONTAINEBLEAU,77,Dépendance,0,0,385,2023
729290,77300,FONTAINEBLEAU,77,Appartement,54,3,385,2023
215000,77240,VERT-SAINT-DENIS,77,Maison,52,3,249,2023
150000,77176,SAVIGNY-LE-TEMPLE,77,Maison,80,4,49,2023
285000,77720,QUIERS,77,Maison,110,5,199,2023
1160000,77250,MORET-LOING-ET-ORVANNE,77,Maison,245,5,580,2023
612007,77310,SAINT-FARGEAU-PONTHIERRY,77,Dépendance,0,0,487,2023
612007,77310,SAINT-FARGEAU-PONTHIERRY,77,Maison,259,5,487,2023
285000,77000,ROCHETTE(LA),77,Dépendance,0,0,362,2023
285000,77000,ROCHETTE(LA),77,Maison,77,3,362,2023
436000,77950,SAINT-GERMAIN-LAXIS,77,Maison,140,5,602,2023
762000,77300,FONTAINEBLEAU,77,Maison,173,7,243,2023
762000,77300,FONTAINEBLEAU,77,Dépendance,0,0,243,2023
762000,77300,FONTAINEBLEAU,77,Maison,173,7,480,2023
762000,77300,FONTAINEBLEAU,77,Dépendance,0,0,480,2023
410000,77111,SOIGNOLLES-EN-BRIE,77,Maison,73,4,500,2023
410000,77111,SOIGNOLLES-EN-BRIE,77,Maison,73,4,570,2023
15000,77240,CESSON,77,Dépendance,0,0,14,2023
270000,77940,VOULX,77,Maison,121,5,364,2023
292000,77240,CESSON,77,Maison,118,5,385,2023
236000,77430,CHAMPAGNE SUR SEINE,77,Dépendance,0,0,177,2023
236000,77430,CHAMPAGNE SUR SEINE,77,Maison,72,4,177,2023
155000,77140,NEMOURS,77,Maison,43,2,396,2023
680000,77930,CHAILLY-EN-BIERE,77,Dépendance,0,0,1158,2023
680000,77930,CHAILLY-EN-BIERE,77,Dépendance,0,0,500,2023
680000,77930,CHAILLY-EN-BIERE,77,Maison,190,5,1158,2023
680000,77930,CHAILLY-EN-BIERE,77,Maison,190,5,500,2023
220000,77880,GREZ-SUR-LOING,77,Dépendance,0,0,401,2023
220000,77880,GREZ-SUR-LOING,77,Dépendance,0,0,1123,2023
220000,77880,GREZ-SUR-LOING,77,Maison,90,4,1123,2023
220000,77880,GREZ-SUR-LOING,77,Maison,90,4,401,2023
499900,77340,PONTAULT COMBAULT,77,Maison,107,5,375,2023
499900,77340,PONTAULT COMBAULT,77,Maison,107,5,500,2023
575000,77590,BOIS LE ROI,77,Maison,143,5,224,2023
127000,77820,CHATELET-EN-BRIE (LE),77,Maison,53,3,3,2023
325000,77300,FONTAINEBLEAU,77,Local industriel. commercial ou assimilé,95,0,57,2023
325000,77300,FONTAINEBLEAU,77,Appartement,30,1,57,2023
325000,77300,FONTAINEBLEAU,77,Appartement,50,3,57,2023
505000,77330,OZOIR LA FERRIERE,77,Maison,111,4,480,2023
274000,77350,LE MEE SUR SEINE,77,Maison,120,7,408,2023
550000,77830,PAMFOU,77,Dépendance,0,0,1365,2023
550000,77830,PAMFOU,77,Dépendance,0,0,1158,2023
550000,77830,PAMFOU,77,Maison,199,7,1365,2023
550000,77830,PAMFOU,77,Maison,199,7,1158,2023
285000,77550,MOISSY-CRAMAYEL,77,Local industriel. commercial ou assimilé,218,0,152,2023
147000,77940,THOURY FEROTTES,77,Dépendance,0,0,87,2023
147000,77940,THOURY FEROTTES,77,Maison,53,4,87,2023
470000,77630,BARBIZON,77,Maison,36,4,95,2023
226400,77350,LE MEE SUR SEINE,77,Maison,62,3,161,2023
226400,77350,LE MEE SUR SEINE,77,Dépendance,0,0,161,2023
330000,77930,PERTHES,77,Maison,87,3,434,2023
278200,77310,SAINT-FARGEAU-PONTHIERRY,77,Maison,85,4,606,2023
290000,77760,BUTHIERS,77,Maison,133,5,290,2023
290000,77760,BUTHIERS,77,Maison,133,5,500,2023
300000,77173,CHEVRY-COSSIGNY,77,Maison,99,5,468,2023
560000,77170,BRIE COMTE ROBERT,77,Local industriel. commercial ou assimilé,110,0,559,2023
560000,77170,BRIE COMTE ROBERT,77,Appartement,33,2,559,2023
250000,77390,GUIGNES,77,Maison,262,5,177,2023
320000,77380,COMBS LA VILLE,77,Maison,85,5,345,2023
145000,77760,NANTEAU-SUR-ESSONNE,77,Maison,105,3,492,2023
145000,77760,NANTEAU-SUR-ESSONNE,77,Dépendance,0,0,492,2023
351400,77330,OZOIR LA FERRIERE,77,Maison,90,5,559,2023
800000,77123,NOISY-SUR-ECOLE,77,Maison,245,6,1800,2023
395400,77220,GRETZ-ARMAINVILLIERS,77,Dépendance,0,0,559,2023
395400,77220,GRETZ-ARMAINVILLIERS,77,Maison,161,5,559,2023
233000,77570,CHATEAU-LANDON,77,Maison,102,4,785,2023
337000,77390,CHAUMES-EN-BRIE,77,Maison,124,5,500,2023
337000,77390,CHAUMES-EN-BRIE,77,Maison,124,5,800,2023
169000,77250,MORET-LOING-ET-ORVANNE,77,Maison,55,2,43,2023
367500,77250,MORET-LOING-ET-ORVANNE,77,Maison,160,7,500,2023
290000,77000,VAUX-LE-PENIL,77,Dépendance,0,0,714,2023
290000,77000,VAUX-LE-PENIL,77,Maison,138,6,714,2023
345000,77220,GRETZ-ARMAINVILLIERS,77,Dépendance,0,0,500,2023
345000,77220,GRETZ-ARMAINVILLIERS,77,Dépendance,0,0,210,2023
345000,77220,GRETZ-ARMAINVILLIERS,77,Maison,120,5,500,2023
345000,77220,GRETZ-ARMAINVILLIERS,77,Maison,120,5,210,2023
290000,77170,BRIE COMTE ROBERT,77,Maison,90,5,550,2023
945750,77123,VAUDOUE (LE),77,Maison,110,5,303,2023
945750,77123,VAUDOUE (LE),77,Dépendance,0,0,303,2023
945750,77123,VAUDOUE (LE),77,Maison,110,5,859,2023
945750,77123,VAUDOUE (LE),77,Dépendance,0,0,859,2023
204500,77000,MELUN,77,Maison,44,2,147,2023
204500,77000,MELUN,77,Dépendance,0,0,147,2023
70000,77570,CHATEAU-LANDON,77,Maison,61,4,475,2023
70000,77570,CHATEAU-LANDON,77,Dépendance,0,0,475,2023
300000,77130,MONTEREAU FAULT YONNE,77,Local industriel. commercial ou assimilé,145,0,144,2023
300000,77130,MONTEREAU FAULT YONNE,77,Local industriel. commercial ou assimilé,77,0,77,2023
70000,77720,BOMBON,77,Dépendance,0,0,57,2023
882000,77930,FLEURY-EN-BIERE,77,Dépendance,0,0,805,2023
882000,77930,FLEURY-EN-BIERE,77,Maison,137,4,805,2023
310000,77240,VERT-SAINT-DENIS,77,Maison,80,4,299,2023
399130,77330,OZOIR LA FERRIERE,77,Dépendance,0,0,711,2023
399130,77330,OZOIR LA FERRIERE,77,Maison,78,4,711,2023
318000,77123,VAUDOUE (LE),77,Maison,130,6,625,2023
318000,77123,VAUDOUE (LE),77,Maison,130,6,400,2023
255000,77000,LIVRY-SUR-SEINE,77,Dépendance,0,0,350,2023
255000,77000,LIVRY-SUR-SEINE,77,Maison,74,4,350,2023
380000,77760,RECLOSES,77,Maison,141,5,200,2023
380000,77760,RECLOSES,77,Maison,141,5,573,2023
335000,77340,PONTAULT COMBAULT,77,Maison,82,5,400,2023
190000,77720,BREAU,77,Maison,80,3,276,2023
190000,77720,BREAU,77,Dépendance,0,0,276,2023
310000,77680,ROISSY-EN-BRIE,77,Maison,108,6,510,2023
191000,77710,VILLEMARECHAL,77,Dépendance,0,0,1437,2023
191000,77710,VILLEMARECHAL,77,Maison,120,7,1437,2023
327000,77950,MOISENAY,77,Maison,109,4,533,2023
444900,77680,ROISSY-EN-BRIE,77,Maison,137,7,749,2023
600000,77130,GRANDE-PAROISSE (LA),77,Local industriel. commercial ou assimilé,317,0,1507,2023
239000,77720,SAINT-OUEN-EN-BRIE,77,Maison,95,4,576,2023
99990,77240,VERT-SAINT-DENIS,77,Dépendance,0,0,14,2023
170000,77173,CHEVRY-COSSIGNY,77,Maison,80,5,498,2023
380000,77240,CESSON,77,Maison,165,7,740,2023
380000,77240,CESSON,77,Maison,165,7,500,2023
20000,77167,BAGNEAUX-SUR-LOING,77,Maison,10,1,448,2023
305000,77240,VERT-SAINT-DENIS,77,Maison,98,5,355,2023
305000,77240,VERT-SAINT-DENIS,77,Dépendance,0,0,355,2023
280000,77176,NANDY,77,Maison,116,5,641,2023
280000,77176,NANDY,77,Dépendance,0,0,641,2023
305000,77240,VERT-SAINT-DENIS,77,Maison,93,5,139,2023
230850,77460,SOUPPES-SUR-LOING,77,Dépendance,0,0,233,2023
230850,77460,SOUPPES-SUR-LOING,77,Maison,70,3,233,2023
365000,77240,VERT-SAINT-DENIS,77,Maison,75,5,561,2023
365000,77240,VERT-SAINT-DENIS,77,Maison,75,5,500,2023
365000,77240,VERT-SAINT-DENIS,77,Dépendance,0,0,561,2023
365000,77240,VERT-SAINT-DENIS,77,Dépendance,0,0,500,2023
218000,77140,SAINT-PIERRE-LES-NEMOURS,77,Maison,94,5,328,2023
133000,77930,PERTHES,77,Maison,51,2,42,2023
880000,77570,CHATEAU-LANDON,77,Appartement,55,3,1875,2023
880000,77570,CHATEAU-LANDON,77,Appartement,58,3,1875,2023
880000,77570,CHATEAU-LANDON,77,Local industriel. commercial ou assimilé,312,0,1875,2023
880000,77570,CHATEAU-LANDON,77,Appartement,53,3,1875,2023
235000,77130,MONTEREAU FAULT YONNE,77,Dépendance,0,0,887,2023
235000,77130,MONTEREAU FAULT YONNE,77,Maison,90,4,887,2023
222000,77240,VERT-SAINT-DENIS,77,Dépendance,0,0,489,2023
222000,77240,VERT-SAINT-DENIS,77,Maison,63,3,489,2023
175700,77950,MONTEREAU-SUR-LE-JARD,77,Maison,142,5,596,2023
827000,77300,FONTAINEBLEAU,77,Maison,118,6,442,2023
399800,77810,THOMERY,77,Maison,103,6,299,2023
399800,77810,THOMERY,77,Dépendance,0,0,299,2023
240000,77250,MORET-LOING-ET-ORVANNE,77,Maison,59,3,413,2023
1335000,77630,BARBIZON,77,Dépendance,0,0,2052,2023
1335000,77630,BARBIZON,77,Maison,234,5,2052,2023
1335000,77630,BARBIZON,77,Dépendance,0,0,500,2023
1335000,77630,BARBIZON,77,Maison,234,5,500,2023
85000,77140,SAINT-PIERRE-LES-NEMOURS,77,Maison,67,3,132,2023
165000,77950,MOISENAY,77,Maison,94,3,395,2023
165000,77950,MOISENAY,77,Maison,94,3,665,2023
658000,77000,MELUN,77,Local industriel. commercial ou assimilé,38,0,509,2023
658000,77000,MELUN,77,Local industriel. commercial ou assimilé,52,0,509,2023
658000,77000,MELUN,77,Appartement,35,2,509,2023
658000,77000,MELUN,77,Local industriel. commercial ou assimilé,92,0,509,2023
658000,77000,MELUN,77,Dépendance,0,0,509,2023
658000,77000,MELUN,77,Appartement,38,2,509,2023
658000,77000,MELUN,77,Appartement,82,3,509,2023
505280,77850,HERICY,77,Maison,130,5,128,2023
505280,77850,HERICY,77,Dépendance,0,0,128,2023
180000,77460,SOUPPES-SUR-LOING,77,Maison,76,3,920,2023
180000,77460,SOUPPES-SUR-LOING,77,Dépendance,0,0,920,2023
80000,77130,VARENNES-SUR-SEINE,77,Local industriel. commercial ou assimilé,400,0,257,2023
80000,77130,VARENNES-SUR-SEINE,77,Local industriel. commercial ou assimilé,1000,0,203,2023
207125,77570,CHATEAU-LANDON,77,Maison,145,6,281,2023
207125,77570,CHATEAU-LANDON,77,Dépendance,0,0,281,2023
230500,77350,LE MEE SUR SEINE,77,Maison,77,4,153,2023
220000,77930,FLEURY-EN-BIERE,77,Maison,58,3,65,2023
220000,77930,FLEURY-EN-BIERE,77,Maison,69,3,582,2023
250000,77176,SAVIGNY-LE-TEMPLE,77,Maison,85,4,335,2023
362000,77340,PONTAULT COMBAULT,77,Maison,93,4,646,2023
299000,77176,SAVIGNY-LE-TEMPLE,77,Maison,87,4,160,2023
299000,77176,SAVIGNY-LE-TEMPLE,77,Dépendance,0,0,160,2023
227100,77460,SOUPPES-SUR-LOING,77,Maison,133,6,985,2023
227100,77460,SOUPPES-SUR-LOING,77,Maison,133,6,150,2023
58000,77250,MORET-LOING-ET-ORVANNE,77,Dépendance,0,0,166,2023
158000,77460,SOUPPES-SUR-LOING,77,Dépendance,0,0,504,2023
158000,77460,SOUPPES-SUR-LOING,77,Maison,83,4,504,2023
250000,77350,LE MEE SUR SEINE,77,Maison,88,5,145,2023
297000,77240,VERT-SAINT-DENIS,77,Maison,102,6,356,2023
170247,77240,VERT-SAINT-DENIS,77,Local industriel. commercial ou assimilé,245,0,972,2023
170247,77240,VERT-SAINT-DENIS,77,Local industriel. commercial ou assimilé,1003,0,972,2023
370000,77220,LIVERDY-EN-BRIE,77,Maison,100,5,677,2023
370000,77220,LIVERDY-EN-BRIE,77,Dépendance,0,0,500,2023
370000,77220,LIVERDY-EN-BRIE,77,Maison,100,5,500,2023
370000,77220,LIVERDY-EN-BRIE,77,Dépendance,0,0,677,2023
320000,77590,BOIS LE ROI,77,Appartement,57,2,72,2023
320000,77590,BOIS LE ROI,77,Appartement,74,4,224,2023
312000,77310,SAINT-FARGEAU-PONTHIERRY,77,Maison,92,5,165,2023
215000,77140,SAINT-PIERRE-LES-NEMOURS,77,Maison,94,5,445,2023
162000,77140,NEMOURS,77,Maison,84,4,82,2023
7225,77940,BLENNES,77,Maison,56,1,283,2023
265000,77140,NEMOURS,77,Dépendance,0,0,282,2023
265000,77140,NEMOURS,77,Maison,100,5,282,2023
265000,77140,NEMOURS,77,Dépendance,0,0,116,2023
280000,77140,NEMOURS,77,Appartement,49,3,286,2023
280000,77140,NEMOURS,77,Appartement,28,2,286,2023
280000,77140,NEMOURS,77,Appartement,80,4,286,2023
280000,77140,NEMOURS,77,Dépendance,0,0,286,2023
120000,77167,POLIGNY,77,Dépendance,0,0,595,2023
120000,77167,POLIGNY,77,Maison,62,3,595,2023
418600,77300,FONTAINEBLEAU,77,Dépendance,0,0,106,2023
418600,77300,FONTAINEBLEAU,77,Appartement,20,1,106,2023
418600,77300,FONTAINEBLEAU,77,Appartement,36,2,106,2023
179000,77570,MADELEINE-SUR-LOING (LA),77,Dépendance,0,0,464,2023
179000,77570,MADELEINE-SUR-LOING (LA),77,Maison,110,3,464,2023
425000,77170,BRIE COMTE ROBERT,77,Maison,145,5,540,2023
1000000,77820,ECRENNES (LES),77,Dépendance,0,0,575,2023
1000000,77820,ECRENNES (LES),77,Maison,64,3,575,2023
1000000,77820,ECRENNES (LES),77,Maison,195,5,575,2023
1000000,77820,ECRENNES (LES),77,Dépendance,0,0,171551,2023
1000000,77820,ECRENNES (LES),77,Maison,64,3,171551,2023
1000000,77820,ECRENNES (LES),77,Maison,195,5,171551,2023
145000,77570,CHATEAU-LANDON,77,Maison,92,4,256,2023
435000,77170,SERVON,77,Maison,98,5,600,2023
435000,77170,SERVON,77,Dépendance,0,0,600,2023
289900,77240,CESSON,77,Maison,63,4,536,2023
295000,77240,VERT-SAINT-DENIS,77,Maison,97,5,328,2023
410611,77210,AVON,77,Maison,91,4,350,2023
479000,77710,VILLEBEON,77,Dépendance,0,0,1205,2023
479000,77710,VILLEBEON,77,Maison,174,4,1205,2023
149000,77390,VERNEUIL-L ETANG,77,Maison,140,5,151,2023
75000,77940,VOULX,77,Maison,80,4,35,2023
270500,77380,COMBS LA VILLE,77,Maison,88,5,502,2023
300000,77780,BOURRON-MARLOTTE,77,Maison,90,4,464,2023
299000,77000,LIVRY-SUR-SEINE,77,Maison,68,5,683,2023
266000,77760,RECLOSES,77,Maison,113,5,127,2023
664500,77220,FAVIERES,77,Maison,154,6,1310,2023
664500,77220,FAVIERES,77,Dépendance,0,0,557,2023
664500,77220,FAVIERES,77,Maison,154,6,557,2023
664500,77220,FAVIERES,77,Dépendance,0,0,374,2023
664500,77220,FAVIERES,77,Maison,154,6,374,2023
664500,77220,FAVIERES,77,Dépendance,0,0,1310,2023
377800,77830,PAMFOU,77,Dépendance,0,0,169,2023
377800,77830,PAMFOU,77,Maison,146,4,169,2023
377800,77830,PAMFOU,77,Dépendance,0,0,963,2023
305000,77130,VARENNES-SUR-SEINE,77,Maison,130,6,854,2023
434500,77340,PONTAULT COMBAULT,77,Maison,103,5,363,2023
370000,77111,SOLERS,77,Maison,128,6,130,2023
370000,77111,SOLERS,77,Maison,128,6,500,2023
144000,77570,BOUGLIGNY,77,Maison,24,2,365,2023
144000,77570,BOUGLIGNY,77,Maison,90,3,365,2023
144000,77570,BOUGLIGNY,77,Dépendance,0,0,365,2023
345000,77720,MORMANT,77,Maison,113,4,553,2023
345000,77720,MORMANT,77,Maison,113,4,200,2023
265000,77000,VAUX-LE-PENIL,77,Maison,90,4,461,2023
265000,77000,VAUX-LE-PENIL,77,Dépendance,0,0,461,2023
385000,77590,BOIS LE ROI,77,Maison,84,3,519,2023
385000,77590,BOIS LE ROI,77,Maison,84,3,200,2023
385000,77850,HERICY,77,Maison,116,4,219,2023
92500,77390,GUIGNES,77,Dépendance,0,0,679,2023
92500,77390,GUIGNES,77,Maison,81,2,500,2023
92500,77390,GUIGNES,77,Dépendance,0,0,500,2023
92500,77390,GUIGNES,77,Maison,81,2,679,2023
180000,77130,BARBEY,77,Dépendance,0,0,378,2023
180000,77130,BARBEY,77,Maison,68,3,378,2023
237800,77550,MOISSY-CRAMAYEL,77,Maison,143,6,298,2023
345000,77340,PONTAULT COMBAULT,77,Maison,115,5,179,2023
318500,77380,COMBS LA VILLE,77,Maison,98,3,523,2023
318500,77380,COMBS LA VILLE,77,Dépendance,0,0,523,2023
328000,77350,LE MEE SUR SEINE,77,Maison,76,4,480,2023
250000,77680,ROISSY-EN-BRIE,77,Dépendance,0,0,195,2023
250000,77680,ROISSY-EN-BRIE,77,Maison,81,4,195,2023
300000,77240,VERT-SAINT-DENIS,77,Maison,143,6,154,2023
332000,77310,BOISSISE-LE-ROI,77,Maison,119,5,500,2023
332000,77310,BOISSISE-LE-ROI,77,Maison,119,5,503,2023
264505,77380,COMBS LA VILLE,77,Maison,124,4,268,2023
425000,77170,BRIE COMTE ROBERT,77,Maison,121,6,352,2023
376000,77111,SOIGNOLLES-EN-BRIE,77,Maison,99,4,13,2023
274000,77250,MORET-LOING-ET-ORVANNE,77,Maison,114,5,438,2023
1,77350,LE MEE SUR SEINE,77,Local industriel. commercial ou assimilé,858,0,2250,2023
320000,77340,PONTAULT COMBAULT,77,Maison,83,5,310,2023
314500,77210,AVON,77,Maison,35,2,241,2023
360000,77350,LE MEE SUR SEINE,77,Dépendance,0,0,449,2023
360000,77350,LE MEE SUR SEINE,77,Maison,111,4,449,2023
426000,77240,VERT-SAINT-DENIS,77,Maison,126,5,398,2023
260000,77350,LE MEE SUR SEINE,77,Maison,105,6,458,2023
245000,77176,SAVIGNY-LE-TEMPLE,77,Maison,102,4,478,2023
352000,77310,BOISSISE-LE-ROI,77,Maison,150,5,673,2023
300000,77610,CHATRES,77,Maison,78,4,467,2023
227000,77115,SIVRY-COURTRY,77,Maison,101,5,501,2023
330600,77330,OZOIR LA FERRIERE,77,Maison,78,5,317,2023
204000,77850,HERICY,77,Appartement,33,2,65,2023
204000,77850,HERICY,77,Dépendance,0,0,65,2023
204000,77850,HERICY,77,Appartement,36,2,65,2023
5000,77430,CHAMPAGNE SUR SEINE,77,Dépendance,0,0,21,2023
5000,77430,CHAMPAGNE SUR SEINE,77,Dépendance,0,0,1255,2023
436500,77000,MELUN,77,Dépendance,0,0,783,2023
436500,77000,MELUN,77,Maison,160,5,783,2023
298000,77240,CESSON,77,Maison,150,8,303,2023
502000,77330,OZOIR LA FERRIERE,77,Maison,90,5,446,2023
75000,77620,EGREVILLE,77,Dépendance,0,0,852,2023
75000,77620,EGREVILLE,77,Maison,63,3,852,2023
219420,77720,BOMBON,77,Maison,84,5,488,2023
219420,77720,BOMBON,77,Dépendance,0,0,488,2023
292000,77550,MOISSY-CRAMAYEL,77,Dépendance,0,0,142,2023
292000,77550,MOISSY-CRAMAYEL,77,Maison,90,5,142,2023
303000,77176,SAVIGNY-LE-TEMPLE,77,Maison,80,4,158,2023
233280,77720,CHAMPEAUX,77,Maison,68,4,614,2023
233280,77720,CHAMPEAUX,77,Maison,68,4,108,2023
210000,77000,VAUX-LE-PENIL,77,Maison,81,5,548,2023
292000,77760,RECLOSES,77,Maison,115,4,93,2023
151000,77130,VARENNES-SUR-SEINE,77,Maison,120,4,118,2023
286000,77250,MORET-LOING-ET-ORVANNE,77,Dépendance,0,0,64,2023
286000,77250,MORET-LOING-ET-ORVANNE,77,Maison,61,4,64,2023
169000,77250,VILLECERF,77,Maison,75,3,110,2023
610000,77630,ARBONNE-LA-FORET,77,Dépendance,0,0,2931,2023
610000,77630,ARBONNE-LA-FORET,77,Maison,192,7,2931,2023
610000,77630,ARBONNE-LA-FORET,77,Maison,192,7,500,2023
610000,77630,ARBONNE-LA-FORET,77,Dépendance,0,0,500,2023
159000,77310,SAINT-FARGEAU-PONTHIERRY,77,Maison,68,3,248,2023
325000,77220,TOURNAN-EN-BRIE,77,Maison,76,3,293,2023
357000,77220,TOURNAN-EN-BRIE,77,Maison,136,7,561,2023
357000,77220,TOURNAN-EN-BRIE,77,Dépendance,0,0,561,2023
340000,77220,TOURNAN-EN-BRIE,77,Maison,98,5,420,2023
340000,77220,TOURNAN-EN-BRIE,77,Local industriel. commercial ou assimilé,0,0,27,2023
370000,77220,TOURNAN-EN-BRIE,77,Maison,88,5,506,2023
160000,77111,SOLERS,77,Dépendance,0,0,676,2023
160000,77111,SOLERS,77,Maison,30,2,676,2023
235000,77720,MORMANT,77,Maison,84,4,391,2023
230000,77190,DAMMARIE LES LYS,77,Dépendance,0,0,362,2023
230000,77190,DAMMARIE LES LYS,77,Maison,57,4,362,2023
209000,77810,THOMERY,77,Dépendance,0,0,284,2023
209000,77810,THOMERY,77,Maison,100,3,284,2023
500000,77720,MORMANT,77,Local industriel. commercial ou assimilé,225,0,800,2023
500000,77720,MORMANT,77,Local industriel. commercial ou assimilé,225,0,1121,2023
292530,77310,SAINT-FARGEAU-PONTHIERRY,77,Maison,120,6,259,2023
200000,77670,VERNOU-LA-CELLE-SUR-SEINE,77,Maison,94,5,385,2023
293000,77000,VAUX-LE-PENIL,77,Maison,99,5,539,2023
357345,77300,FONTAINEBLEAU,77,Maison,110,3,996,2023
357345,77300,FONTAINEBLEAU,77,Dépendance,0,0,996,2023
357345,77300,FONTAINEBLEAU,77,Maison,92,5,1595,2023
357345,77300,FONTAINEBLEAU,77,Maison,92,5,1000,2023
275500,77630,ARBONNE-LA-FORET,77,Maison,137,6,626,2023
20000,77760,VILLIERS-SOUS-GREZ,77,Dépendance,0,0,17,2023
441000,77170,BRIE COMTE ROBERT,77,Maison,96,6,683,2023
441000,77170,BRIE COMTE ROBERT,77,Dépendance,0,0,683,2023
329000,77390,CHAUMES-EN-BRIE,77,Maison,94,4,449,2023
350000,77170,BRIE COMTE ROBERT,77,Maison,85,5,651,2023
350000,77170,BRIE COMTE ROBERT,77,Dépendance,0,0,651,2023
354000,77550,MOISSY-CRAMAYEL,77,Maison,119,6,253,2023
132000,77130,MONTEREAU FAULT YONNE,77,Dépendance,0,0,73,2023
132000,77130,MONTEREAU FAULT YONNE,77,Appartement,23,1,73,2023
132000,77130,MONTEREAU FAULT YONNE,77,Appartement,35,2,73,2023
797000,77250,MORET-LOING-ET-ORVANNE,77,Dépendance,0,0,5648,2023
797000,77250,MORET-LOING-ET-ORVANNE,77,Maison,210,7,5648,2023
3300000,77340,PONTAULT COMBAULT,77,Local industriel. commercial ou assimilé,3250,0,1878,2023
3300000,77340,PONTAULT COMBAULT,77,Local industriel. commercial ou assimilé,3340,0,4296,2023
385000,77350,LE MEE SUR SEINE,77,Maison,144,5,500,2023
385000,77350,LE MEE SUR SEINE,77,Maison,144,5,700,2023
290000,77170,COUBERT,77,Maison,156,6,519,2023
644000,77950,MAINCY,77,Maison,162,6,500,2023
644000,77950,MAINCY,77,Dépendance,0,0,500,2023
644000,77950,MAINCY,77,Dépendance,0,0,294,2023
644000,77950,MAINCY,77,Maison,162,6,1143,2023
644000,77950,MAINCY,77,Dépendance,0,0,1143,2023
644000,77950,MAINCY,77,Maison,162,6,294,2023
394180,77590,CHARTRETTES,77,Maison,99,4,750,2023
429150,77550,REAU,77,Maison,82,3,500,2023
429150,77550,REAU,77,Maison,82,3,506,2023
315000,77000,MELUN,77,Dépendance,0,0,457,2023
315000,77000,MELUN,77,Maison,92,5,457,2023
643000,77000,MELUN,77,Local industriel. commercial ou assimilé,37,0,226,2023
643000,77000,MELUN,77,Maison,140,3,226,2023
460000,77000,MELUN,77,Appartement,38,2,122,2023
460000,77000,MELUN,77,Dépendance,0,0,122,2023
460000,77000,MELUN,77,Appartement,20,1,122,2023
460000,77000,MELUN,77,Appartement,34,2,122,2023
460000,77000,MELUN,77,Appartement,33,1,122,2023
270000,77240,CESSON,77,Maison,91,5,426,2023
270000,77240,CESSON,77,Dépendance,0,0,426,2023
220000,77000,VAUX-LE-PENIL,77,Maison,101,5,438,2023
170000,77820,CHATILLON-LA-BORDE,77,Appartement,94,4,554,2023
170000,77820,CHATILLON-LA-BORDE,77,Dépendance,0,0,554,2023
170000,77820,CHATILLON-LA-BORDE,77,Dépendance,0,0,500,2023
170000,77820,CHATILLON-LA-BORDE,77,Appartement,94,4,500,2023
170000,77820,CHATILLON-LA-BORDE,77,Appartement,124,5,554,2023
170000,77820,CHATILLON-LA-BORDE,77,Appartement,124,5,500,2023
34000,77250,MORET-LOING-ET-ORVANNE,77,Dépendance,0,0,46,2023
4250,77250,VILLEMER,77,Dépendance,0,0,24,2023
4250,77250,VILLEMER,77,Dépendance,0,0,3181,2023
265000,77130,CANNES-ECLUSE,77,Maison,84,3,555,2023
265000,77130,CANNES-ECLUSE,77,Dépendance,0,0,555,2023
83000,77710,CHEVRY-EN-SEREINE,77,Maison,112,4,260,2023
269190,77130,MONTEREAU FAULT YONNE,77,Maison,178,7,500,2023
269190,77130,MONTEREAU FAULT YONNE,77,Maison,178,7,349,2023
379800,77250,MORET-LOING-ET-ORVANNE,77,Dépendance,0,0,274,2023
379800,77250,MORET-LOING-ET-ORVANNE,77,Maison,115,3,274,2023
59319672,77610,CHATRES,77,Local industriel. commercial ou assimilé,62218,0,146649,2023
270974,77820,CHATELET-EN-BRIE (LE),77,Local industriel. commercial ou assimilé,2618,0,7000,2023
270974,77820,CHATELET-EN-BRIE (LE),77,Local industriel. commercial ou assimilé,2618,0,1000,2023
550000,77170,COUBERT,77,Maison,258,7,280,2023
550000,77170,COUBERT,77,Dépendance,0,0,280,2023
230000,77176,SAVIGNY-LE-TEMPLE,77,Dépendance,0,0,603,2023
230000,77176,SAVIGNY-LE-TEMPLE,77,Maison,85,5,603,2023
378000,77176,SAVIGNY-LE-TEMPLE,77,Maison,103,5,397,2023
325000,77127,LIEUSAINT,77,Maison,89,6,189,2023
100000,77130,MONTEREAU FAULT YONNE,77,Maison,74,4,180,2023
195000,77130,VARENNES-SUR-SEINE,77,Maison,90,4,520,2023
825000,77590,BOIS LE ROI,77,Local industriel. commercial ou assimilé,20,0,400,2023
825000,77590,BOIS LE ROI,77,Maison,177,5,400,2023
280000,77760,ACHERES-LA-FORET,77,Maison,154,6,495,2023
382000,77760,URY,77,Maison,135,6,500,2023
382000,77760,URY,77,Maison,135,6,571,2023
52000,77890,BEAUMONT-DU-GATINAIS,77,Maison,40,2,101,2023
320000,77940,BROSSE-MONTCEAUX (LA),77,Maison,157,5,675,2023
320000,77940,BROSSE-MONTCEAUX (LA),77,Dépendance,0,0,675,2023
145000,77133,FERICY,77,Maison,70,3,709,2023
319000,77176,SAVIGNY-LE-TEMPLE,77,Maison,205,6,807,2023
300000,77380,COMBS LA VILLE,77,Maison,88,5,222,2023
158000,77130,MONTEREAU FAULT YONNE,77,Maison,63,3,861,2023
158000,77130,MONTEREAU FAULT YONNE,77,Dépendance,0,0,861,2023
382840,77240,CESSON,77,Maison,85,4,555,2023
830000,77760,ACHERES-LA-FORET,77,Dépendance,0,0,630,2023
830000,77760,ACHERES-LA-FORET,77,Maison,110,5,630,2023
830000,77760,ACHERES-LA-FORET,77,Maison,243,7,630,2023
620000,77220,LIVERDY-EN-BRIE,77,Dépendance,0,0,500,2023
620000,77220,LIVERDY-EN-BRIE,77,Maison,171,5,500,2023
620000,77220,LIVERDY-EN-BRIE,77,Maison,171,5,399,2023
620000,77220,LIVERDY-EN-BRIE,77,Dépendance,0,0,399,2023
420109,77170,BRIE COMTE ROBERT,77,Maison,127,6,701,2023
327000,77176,SAVIGNY-LE-TEMPLE,77,Maison,101,4,283,2023
285000,77240,CESSON,77,Maison,63,3,491,2023
445200,77780,BOURRON-MARLOTTE,77,Maison,98,4,760,2023
416000,77590,CHARTRETTES,77,Maison,137,5,1000,2023
450000,77173,CHEVRY-COSSIGNY,77,Maison,103,6,582,2023
253589,77390,CHAUMES-EN-BRIE,77,Maison,106,5,500,2023
253589,77390,CHAUMES-EN-BRIE,77,Maison,106,5,470,2023
215000,77350,LE MEE SUR SEINE,77,Maison,85,5,153,2023
330000,77550,MOISSY-CRAMAYEL,77,Maison,106,5,278,2023
315000,77340,PONTAULT COMBAULT,77,Maison,78,4,187,2023
618125,77760,RECLOSES,77,Dépendance,0,0,638,2023
618125,77760,RECLOSES,77,Dépendance,0,0,2862,2023
618125,77760,RECLOSES,77,Maison,193,5,2862,2023
618125,77760,RECLOSES,77,Maison,193,5,638,2023
517000,77150,LESIGNY,77,Dépendance,0,0,577,2023
517000,77150,LESIGNY,77,Maison,163,7,577,2023
285000,77390,GUIGNES,77,Maison,100,5,247,2023
130000,77690,MONTIGNY-SUR-LOING,77,Maison,48,3,742,2023
513400,77220,PRESLES-EN-BRIE,77,Dépendance,0,0,48,2023
513400,77220,PRESLES-EN-BRIE,77,Maison,152,5,365,2023
260000,77166,EVRY-GREGY-SUR-YERRE,77,Maison,64,2,770,2023
260000,77166,EVRY-GREGY-SUR-YERRE,77,Maison,64,2,70,2023
250000,77380,COMBS LA VILLE,77,Maison,87,4,99,2023
247500,77130,DORMELLES,77,Maison,109,4,500,2023
247500,77130,DORMELLES,77,Maison,109,4,883,2023
400000,77166,EVRY-GREGY-SUR-YERRE,77,Maison,130,4,1061,2023
413000,77340,PONTAULT COMBAULT,77,Dépendance,0,0,398,2023
413000,77340,PONTAULT COMBAULT,77,Maison,84,5,398,2023
450000,77170,BRIE COMTE ROBERT,77,Maison,137,7,428,2023
80000,77670,SAINT-MAMMES,77,Maison,58,2,199,2023
285000,77330,OZOIR LA FERRIERE,77,Maison,77,4,183,2023
339000,77330,OZOIR LA FERRIERE,77,Maison,80,4,362,2023
440000,77300,FONTAINEBLEAU,77,Maison,66,4,193,2023
676680,77000,MELUN,77,Local industriel. commercial ou assimilé,485,0,693,2023
334300,77850,HERICY,77,Maison,95,6,447,2023
333358,77680,ROISSY-EN-BRIE,77,Dépendance,0,0,175,2023
333358,77680,ROISSY-EN-BRIE,77,Maison,80,4,175,2023
345000,77680,ROISSY-EN-BRIE,77,Maison,91,5,311,2023
665000,77310,SAINT-FARGEAU-PONTHIERRY,77,Maison,228,6,1323,2023
665000,77310,SAINT-FARGEAU-PONTHIERRY,77,Maison,228,6,500,2023
665000,77310,SAINT-FARGEAU-PONTHIERRY,77,Dépendance,0,0,500,2023
665000,77310,SAINT-FARGEAU-PONTHIERRY,77,Dépendance,0,0,1323,2023
255000,77720,GRANDPUITS-BAILLY-CARROIS,77,Maison,115,5,872,2023
255000,77720,GRANDPUITS-BAILLY-CARROIS,77,Maison,115,5,286,2023
337335,77310,BOISSISE-LE-ROI,77,Maison,124,6,514,2023
690000,77340,PONTAULT COMBAULT,77,Maison,87,4,1500,2023
690000,77340,PONTAULT COMBAULT,77,Local industriel. commercial ou assimilé,172,0,1500,2023
1500000,77300,FONTAINEBLEAU,77,Dépendance,0,0,133,2023
1500000,77300,FONTAINEBLEAU,77,Maison,340,12,1826,2023
1500000,77300,FONTAINEBLEAU,77,Local industriel. commercial ou assimilé,97,0,1826,2023
1500000,77300,FONTAINEBLEAU,77,Dépendance,0,0,1826,2023
1500000,77300,FONTAINEBLEAU,77,Maison,340,12,133,2023
1500000,77300,FONTAINEBLEAU,77,Local industriel. commercial ou assimilé,97,0,133,2023
168000,77250,MORET-LOING-ET-ORVANNE,77,Maison,55,2,127,2023
13000,77570,CHATEAU-LANDON,77,Maison,26,1,22,2023
440000,77250,MORET-LOING-ET-ORVANNE,77,Maison,120,5,202,2023
300000,77220,GRETZ-ARMAINVILLIERS,77,Maison,100,4,625,2023
300000,77220,GRETZ-ARMAINVILLIERS,77,Dépendance,0,0,625,2023
290000,77590,BOIS LE ROI,77,Maison,78,4,308,2023
290000,77590,BOIS LE ROI,77,Maison,78,4,200,2023
405250,77135,PONTCARRE,77,Maison,104,4,213,2023
430000,77680,ROISSY-EN-BRIE,77,Maison,76,4,474,2023
379900,77170,BRIE COMTE ROBERT,77,Maison,105,6,242,2023
467000,77330,OZOIR LA FERRIERE,77,Maison,93,5,420,2023
125000,77390,CRISENOY,77,Maison,65,3,500,2023
125000,77390,CRISENOY,77,Maison,65,3,155,2023
870000,77680,ROISSY-EN-BRIE,77,Local industriel. commercial ou assimilé,235,0,448,2023
870000,77680,ROISSY-EN-BRIE,77,Maison,92,3,448,2023
299000,77390,GUIGNES,77,Maison,82,4,279,2023
350000,77130,GRANDE-PAROISSE (LA),77,Maison,70,3,539,2023
350000,77130,GRANDE-PAROISSE (LA),77,Dépendance,0,0,539,2023
161000,77115,BLANDY,77,Maison,40,1,128,2023
240000,77130,CANNES-ECLUSE,77,Maison,94,6,1064,2023
153000,77940,VOULX,77,Dépendance,0,0,1278,2023
153000,77940,VOULX,77,Dépendance,0,0,312,2023
153000,77940,VOULX,77,Maison,75,4,1278,2023
153000,77940,VOULX,77,Maison,75,4,312,2023
255000,77140,NEMOURS,77,Maison,134,6,408,2023
150000,77130,MAROLLES-SUR-SEINE,77,Appartement,54,3,329,2023
150000,77130,MAROLLES-SUR-SEINE,77,Dépendance,0,0,329,2023
150000,77130,MAROLLES-SUR-SEINE,77,Local industriel. commercial ou assimilé,73,0,329,2023
191000,77620,EGREVILLE,77,Dépendance,0,0,882,2023
191000,77620,EGREVILLE,77,Maison,106,5,882,2023
191000,77620,EGREVILLE,77,Maison,106,5,500,2023
191000,77620,EGREVILLE,77,Dépendance,0,0,500,2023
350000,77950,MOISENAY,77,Maison,80,5,717,2023
350000,77950,MOISENAY,77,Dépendance,0,0,500,2023
350000,77950,MOISENAY,77,Maison,80,5,500,2023
350000,77950,MOISENAY,77,Dépendance,0,0,717,2023
280000,77250,MORET-LOING-ET-ORVANNE,77,Maison,95,5,192,2023
280000,77250,MORET-LOING-ET-ORVANNE,77,Dépendance,0,0,192,2023
155000,77720,GRANDPUITS-BAILLY-CARROIS,77,Maison,126,6,500,2023
155000,77720,GRANDPUITS-BAILLY-CARROIS,77,Maison,126,6,552,2023
240600,77830,PAMFOU,77,Maison,89,5,473,2023
322000,77240,VERT-SAINT-DENIS,77,Local industriel. commercial ou assimilé,0,0,64,2023
322000,77240,VERT-SAINT-DENIS,77,Maison,98,5,487,2023
350000,77176,SAVIGNY-LE-TEMPLE,77,Maison,104,4,640,2023
432950,77940,DIANT,77,Maison,155,5,306,2023
432950,77940,DIANT,77,Dépendance,0,0,306,2023
326900,77220,FAVIERES,77,Maison,79,4,86,2023
370000,77940,ESMANS,77,Maison,154,6,1000,2023
370000,77940,ESMANS,77,Local industriel. commercial ou assimilé,15,0,1000,2023
370000,77940,ESMANS,77,Maison,156,5,1000,2023
404000,77340,PONTAULT COMBAULT,77,Maison,106,5,410,2023
351000,77220,TOURNAN-EN-BRIE,77,Maison,108,5,389,2023
1400000,77300,FONTAINEBLEAU,77,Local industriel. commercial ou assimilé,1900,0,1633,2023
137000,77167,BAGNEAUX-SUR-LOING,77,Maison,59,3,72,2023
250000,77190,DAMMARIE LES LYS,77,Local industriel. commercial ou assimilé,154,0,630,2023
310000,77390,GUIGNES,77,Maison,75,3,300,2023
310000,77390,GUIGNES,77,Dépendance,0,0,375,2023
310000,77390,GUIGNES,77,Maison,75,3,375,2023
310000,77390,GUIGNES,77,Dépendance,0,0,300,2023
282850,77000,VAUX-LE-PENIL,77,Maison,98,5,386,2023
1700000,77240,CESSON,77,Appartement,79,3,3262,2023
1700000,77240,CESSON,77,Local industriel. commercial ou assimilé,2022,0,3262,2023
1700000,77240,CESSON,77,Maison,60,3,3262,2023
1700000,77240,CESSON,77,Dépendance,0,0,3262,2023
1700000,77240,CESSON,77,Appartement,44,1,3262,2023
430000,77590,BOIS LE ROI,77,Dépendance,0,0,563,2023
430000,77590,BOIS LE ROI,77,Maison,133,5,563,2023
430000,77590,BOIS LE ROI,77,Maison,133,5,200,2023
430000,77590,BOIS LE ROI,77,Dépendance,0,0,200,2023
145000,77130,CANNES-ECLUSE,77,Maison,73,4,521,2023
240000,77000,VAUX-LE-PENIL,77,Maison,48,3,433,2023
348000,77250,MORET-LOING-ET-ORVANNE,77,Maison,140,8,328,2023
431000,77173,CHEVRY-COSSIGNY,77,Maison,99,5,654,2023
689150,77590,BOIS LE ROI,77,Maison,175,7,1293,2023
689150,77590,BOIS LE ROI,77,Maison,175,7,200,2023
230856,77240,CESSON,77,Dépendance,0,0,47,2023
195000,77148,SALINS,77,Appartement,51,3,254,2023
195000,77148,SALINS,77,Appartement,35,2,254,2023
195000,77148,SALINS,77,Appartement,41,2,254,2023
195000,77148,SALINS,77,Dépendance,0,0,254,2023
300000,77950,MAINCY,77,Maison,120,4,140,2023
396000,77330,OZOIR LA FERRIERE,77,Maison,140,5,481,2023
235000,77310,BOISSISE-LE-ROI,77,Maison,72,4,162,2023
419000,77330,OZOIR LA FERRIERE,77,Maison,109,5,433,2023
250000,77340,PONTAULT COMBAULT,77,Maison,110,4,148,2023
236300,77220,PRESLES-EN-BRIE,77,Maison,172,6,385,2023
345000,77240,CESSON,77,Maison,97,5,117,2023
212000,77460,SOUPPES-SUR-LOING,77,Maison,67,4,614,2023
4400000,77127,LIEUSAINT,77,Local industriel. commercial ou assimilé,3347,0,4528,2023
260000,77000,MELUN,77,Appartement,61,3,175,2023
260000,77000,MELUN,77,Appartement,45,2,175,2023
186400,77150,LESIGNY,77,Appartement,32,1,10,2023
300000,77690,MONTIGNY-SUR-LOING,77,Maison,160,7,172,2023
300000,77690,MONTIGNY-SUR-LOING,77,Dépendance,0,0,93,2023
300000,77690,MONTIGNY-SUR-LOING,77,Maison,30,1,246,2023
160000,77250,MORET-LOING-ET-ORVANNE,77,Appartement,50,3,101,2023
160000,77250,MORET-LOING-ET-ORVANNE,77,Appartement,56,3,101,2023
160000,77250,MORET-LOING-ET-ORVANNE,77,Dépendance,0,0,101,2023
550000,77680,ROISSY-EN-BRIE,77,Dépendance,0,0,419,2023
550000,77680,ROISSY-EN-BRIE,77,Maison,75,4,419,2023
275000,77350,LE MEE SUR SEINE,77,Maison,102,5,129,2023
275000,77350,LE MEE SUR SEINE,77,Dépendance,0,0,18,2023
200000,77140,SAINT-PIERRE-LES-NEMOURS,77,Dépendance,0,0,500,2023
200000,77140,SAINT-PIERRE-LES-NEMOURS,77,Maison,79,4,500,2023
40000,77760,CHEVRAINVILLIERS,77,Maison,81,3,129,2023
70000,77760,RECLOSES,77,Dépendance,0,0,88,2023
70000,77760,RECLOSES,77,Dépendance,0,0,68,2023
1910000,77390,CHAUMES-EN-BRIE,77,Local industriel. commercial ou assimilé,1239,0,10000,2023
318000,77950,RUBELLES,77,Maison,104,4,605,2023
92400,77820,CHATELET-EN-BRIE (LE),77,Maison,110,4,632,2023
600000,77780,BOURRON-MARLOTTE,77,Maison,174,7,978,2023
600000,77780,BOURRON-MARLOTTE,77,Maison,174,7,500,2023
255000,77167,POLIGNY,77,Maison,63,2,500,2023
255000,77167,POLIGNY,77,Maison,63,2,2284,2023
305000,77130,VARENNES-SUR-SEINE,77,Local industriel. commercial ou assimilé,70,0,424,2023
305000,77130,VARENNES-SUR-SEINE,77,Appartement,39,2,424,2023
305000,77130,VARENNES-SUR-SEINE,77,Appartement,30,1,424,2023
65000,77140,NEMOURS,77,Maison,65,4,118,2023
319000,77140,NEMOURS,77,Maison,95,3,401,2023
221000,77130,DORMELLES,77,Maison,130,6,1600,2023
221000,77130,DORMELLES,77,Dépendance,0,0,1600,2023
209000,77000,MELUN,77,Maison,70,4,423,2023
209000,77000,MELUN,77,Dépendance,0,0,423,2023
615250,77170,BRIE COMTE ROBERT,77,Maison,166,5,451,2023
265000,77590,CHARTRETTES,77,Dépendance,0,0,665,2023
265000,77590,CHARTRETTES,77,Maison,83,2,665,2023
310000,77870,VULAINES-SUR-SEINE,77,Maison,117,6,527,2023
486300,77590,BOIS LE ROI,77,Dépendance,0,0,730,2023
486300,77590,BOIS LE ROI,77,Maison,76,4,730,2023
355000,77190,DAMMARIE LES LYS,77,Maison,100,4,600,2023
355000,77190,DAMMARIE LES LYS,77,Dépendance,0,0,600,2023
289500,77950,RUBELLES,77,Maison,82,4,210,2023
1028238,77190,DAMMARIE LES LYS,77,Local industriel. commercial ou assimilé,1097,0,2735,2023
1028238,77190,DAMMARIE LES LYS,77,Local industriel. commercial ou assimilé,495,0,2250,2023
1028238,77190,DAMMARIE LES LYS,77,Local industriel. commercial ou assimilé,474,0,2250,2023
330000,77350,LE MEE SUR SEINE,77,Maison,107,6,415,2023
503000,77330,OZOIR LA FERRIERE,77,Maison,140,5,500,2023
503000,77330,OZOIR LA FERRIERE,77,Maison,140,5,157,2023
285000,77380,COMBS LA VILLE,77,Maison,80,5,393,2023
377000,77127,LIEUSAINT,77,Maison,105,5,257,2023
439900,77170,BRIE COMTE ROBERT,77,Maison,86,5,464,2023
300000,77340,PONTAULT COMBAULT,77,Maison,88,4,137,2023
1625000,77820,CHATELET-EN-BRIE (LE),77,Local industriel. commercial ou assimilé,2618,0,1000,2023
1625000,77820,CHATELET-EN-BRIE (LE),77,Local industriel. commercial ou assimilé,2618,0,7000,2023
371771,77390,FOUJU,77,Maison,157,5,805,2023
371771,77390,FOUJU,77,Dépendance,0,0,805,2023
150000,77930,CHAILLY-EN-BIERE,77,Maison,78,3,92,2023
150000,77930,CHAILLY-EN-BIERE,77,Maison,26,2,35,2023
180000,77350,LE MEE SUR SEINE,77,Maison,60,3,662,2023
558250,77150,LESIGNY,77,Maison,104,5,500,2023
558250,77150,LESIGNY,77,Maison,104,5,383,2023
218150,77430,CHAMPAGNE SUR SEINE,77,Maison,66,3,517,2023
438450,77173,CHEVRY-COSSIGNY,77,Maison,137,6,694,2023
137500,77760,RECLOSES,77,Dépendance,0,0,72,2023
137500,77760,RECLOSES,77,Maison,56,2,44,2023
137500,77760,RECLOSES,77,Dépendance,0,0,44,2023
269765,77240,VERT-SAINT-DENIS,77,Maison,74,3,398,2023
240000,77240,VERT-SAINT-DENIS,77,Maison,40,3,430,2023
328000,77240,SEINE-PORT,77,Dépendance,0,0,680,2023
328000,77240,SEINE-PORT,77,Maison,80,4,680,2023
1333800,77130,MONTEREAU FAULT YONNE,77,Maison,69,4,6336,2023
1333800,77130,MONTEREAU FAULT YONNE,77,Local industriel. commercial ou assimilé,1789,0,6336,2023
250000,77940,VOULX,77,Maison,132,4,500,2023
250000,77940,VOULX,77,Maison,132,4,1477,2023
60400,77350,LE MEE SUR SEINE,77,Local industriel. commercial ou assimilé,136,0,260,2023
395000,77390,YEBLES,77,Maison,135,5,604,2023
594550,77590,CHARTRETTES,77,Maison,95,5,505,2023
360000,77380,COMBS LA VILLE,77,Maison,92,5,225,2023
315000,77310,PRINGY,77,Maison,100,5,252,2023
315000,77310,PRINGY,77,Dépendance,0,0,252,2023
380000,77250,MORET-LOING-ET-ORVANNE,77,Dépendance,0,0,544,2023
380000,77250,MORET-LOING-ET-ORVANNE,77,Maison,106,5,544,2023
280000,77220,FAVIERES,77,Maison,60,1,181,2023
230000,77880,GREZ-SUR-LOING,77,Maison,65,3,794,2023
337800,77310,SAINT-FARGEAU-PONTHIERRY,77,Maison,136,6,774,2023
278000,77170,BRIE COMTE ROBERT,77,Maison,95,5,143,2023
410000,77140,MONCOURT FROMONVILLE,77,Maison,136,5,1000,2023
410000,77140,MONCOURT FROMONVILLE,77,Maison,136,5,1644,2023
410000,77140,MONCOURT FROMONVILLE,77,Dépendance,0,0,1644,2023
410000,77140,MONCOURT FROMONVILLE,77,Dépendance,0,0,1000,2023
214770,77680,ROISSY-EN-BRIE,77,Dépendance,0,0,25,2023
370000,77220,GRETZ-ARMAINVILLIERS,77,Maison,120,5,508,2023
370000,77220,GRETZ-ARMAINVILLIERS,77,Dépendance,0,0,508,2023
225000,77940,NOISY-RUDIGNON,77,Dépendance,0,0,793,2023
225000,77940,NOISY-RUDIGNON,77,Maison,74,4,793,2023
157500,77140,NEMOURS,77,Appartement,12,1,37,2023
157500,77140,NEMOURS,77,Dépendance,0,0,37,2023
340000,77176,SAVIGNY-LE-TEMPLE,77,Maison,120,5,375,2023
185000,77310,SAINT-FARGEAU-PONTHIERRY,77,Maison,65,3,66,2023
354000,77760,ACHERES-LA-FORET,77,Maison,78,3,98,2023
354000,77760,ACHERES-LA-FORET,77,Dépendance,0,0,98,2023
276000,77300,FONTAINEBLEAU,77,Appartement,56,2,77,2023
276000,77300,FONTAINEBLEAU,77,Dépendance,0,0,77,2023
300000,77760,ACHERES-LA-FORET,77,Dépendance,0,0,471,2023
300000,77760,ACHERES-LA-FORET,77,Maison,75,3,471,2023
220000,77850,HERICY,77,Dépendance,0,0,330,2023
220000,77850,HERICY,77,Maison,145,4,330,2023
310000,77240,CESSON,77,Maison,70,4,474,2023
622850,77930,CHAILLY-EN-BIERE,77,Maison,130,4,111,2023
415000,77130,FORGES,77,Local industriel. commercial ou assimilé,0,0,3000,2023
415000,77130,FORGES,77,Local industriel. commercial ou assimilé,0,0,2108,2023
199000,77940,VOULX,77,Maison,157,5,147,2023
199000,77940,VOULX,77,Maison,157,5,1700,2023
175000,77140,NEMOURS,77,Maison,76,4,250,2023
182500,77940,THOURY FEROTTES,77,Maison,97,4,372,2023
182500,77940,THOURY FEROTTES,77,Dépendance,0,0,372,2023
345000,77930,CHAILLY-EN-BIERE,77,Maison,125,7,839,2023
265300,77720,AUBEPIERRE-OZOUER-LE-REPOS,77,Maison,73,4,1412,2023
290000,77127,LIEUSAINT,77,Maison,96,4,228,2023
294500,77240,VERT-SAINT-DENIS,77,Maison,92,5,173,2023
149600,77720,MORMANT,77,Appartement,41,2,68,2023
348000,77340,PONTAULT COMBAULT,77,Maison,83,3,413,2023
290000,77310,SAINT-FARGEAU-PONTHIERRY,77,Local industriel. commercial ou assimilé,86,0,354,2023
285000,77240,VERT-SAINT-DENIS,77,Maison,80,5,266,2023
285000,77240,VERT-SAINT-DENIS,77,Dépendance,0,0,266,2023
262000,77190,DAMMARIE LES LYS,77,Maison,83,5,701,2023
355000,77220,TOURNAN-EN-BRIE,77,Maison,113,6,379,2023
218000,77620,BRANSLES,77,Dépendance,0,0,595,2023
218000,77620,BRANSLES,77,Maison,55,2,595,2023
454000,77340,PONTAULT COMBAULT,77,Maison,120,4,406,2023
454000,77340,PONTAULT COMBAULT,77,Dépendance,0,0,406,2023
350700,77380,COMBS LA VILLE,77,Dépendance,0,0,497,2023
350700,77380,COMBS LA VILLE,77,Maison,74,4,497,2023
310000,77720,GRANDPUITS-BAILLY-CARROIS,77,Maison,141,5,959,2023
315000,77190,DAMMARIE LES LYS,77,Dépendance,0,0,408,2023
315000,77190,DAMMARIE LES LYS,77,Maison,80,3,408,2023
3000000,77630,BARBIZON,77,Maison,160,6,500,2023
3000000,77630,BARBIZON,77,Dépendance,0,0,500,2023
3000000,77630,BARBIZON,77,Maison,160,6,630,2023
3000000,77630,BARBIZON,77,Dépendance,0,0,630,2023
76566,77130,MONTEREAU FAULT YONNE,77,Maison,93,4,508,2023
237000,77250,MORET-LOING-ET-ORVANNE,77,Dépendance,0,0,285,2023
237000,77250,MORET-LOING-ET-ORVANNE,77,Maison,72,3,285,2023
465000,77590,BOIS LE ROI,77,Maison,90,5,257,2023
6667965,77127,LIEUSAINT,77,Local industriel. commercial ou assimilé,180,0,2840,2023
6667965,77127,LIEUSAINT,77,Local industriel. commercial ou assimilé,110,0,2840,2023
6667965,77127,LIEUSAINT,77,Local industriel. commercial ou assimilé,30,0,2840,2023
6667965,77550,MOISSY-CRAMAYEL,77,Local industriel. commercial ou assimilé,3932,0,6672,2023
6667965,77550,MOISSY-CRAMAYEL,77,Local industriel. commercial ou assimilé,2036,0,6672,2023
6667965,77550,MOISSY-CRAMAYEL,77,Local industriel. commercial ou assimilé,607,0,6672,2023
6667965,77550,MOISSY-CRAMAYEL,77,Local industriel. commercial ou assimilé,1709,0,6672,2023
6667965,77550,MOISSY-CRAMAYEL,77,Local industriel. commercial ou assimilé,28,0,6672,2023
6667965,77550,MOISSY-CRAMAYEL,77,Local industriel. commercial ou assimilé,1044,0,6672,2023
6667965,77550,MOISSY-CRAMAYEL,77,Local industriel. commercial ou assimilé,337,0,6672,2023
6667965,77550,MOISSY-CRAMAYEL,77,Local industriel. commercial ou assimilé,385,0,6672,2023
6667965,77550,MOISSY-CRAMAYEL,77,Local industriel. commercial ou assimilé,525,0,6672,2023
325000,77340,PONTAULT COMBAULT,77,Dépendance,0,0,403,2023
325000,77340,PONTAULT COMBAULT,77,Maison,45,3,403,2023
310000,77310,SAINT-FARGEAU-PONTHIERRY,77,Dépendance,0,0,420,2023
310000,77310,SAINT-FARGEAU-PONTHIERRY,77,Maison,70,3,420,2023
295000,77176,SAVIGNY-LE-TEMPLE,77,Maison,93,5,279,2023
286000,77000,VAUX-LE-PENIL,77,Maison,98,4,662,2023
355000,77330,OZOIR LA FERRIERE,77,Maison,99,5,429,2023
230000,77310,BOISSISE-LE-ROI,77,Dépendance,0,0,567,2023
230000,77310,BOISSISE-LE-ROI,77,Maison,95,4,567,2023
333000,77380,COMBS LA VILLE,77,Maison,82,5,419,2023
213000,77380,COMBS LA VILLE,77,Maison,101,6,121,2023
230000,77140,SAINT-PIERRE-LES-NEMOURS,77,Maison,120,5,355,2023
230000,77140,SAINT-PIERRE-LES-NEMOURS,77,Dépendance,0,0,355,2023
230000,77140,SAINT-PIERRE-LES-NEMOURS,77,Maison,28,2,355,2023
285000,77220,PRESLES-EN-BRIE,77,Maison,99,6,267,2023
150000,77460,SOUPPES-SUR-LOING,77,Maison,71,3,527,2023
362000,77140,DARVAULT,77,Maison,137,4,817,2023
502500,77390,CHAMPDEUIL,77,Maison,144,5,620,2023
502500,77390,CHAMPDEUIL,77,Dépendance,0,0,620,2023
240000,77380,COMBS LA VILLE,77,Maison,82,5,58,2023
226000,77166,GRISY-SUISNES,77,Maison,103,4,860,2023
277000,77123,VAUDOUE (LE),77,Maison,85,3,836,2023
210300,77390,GUIGNES,77,Maison,80,3,105,2023
334000,77720,SAINT-OUEN-EN-BRIE,77,Maison,278,10,534,2023
542000,77780,BOURRON-MARLOTTE,77,Dépendance,0,0,392,2023
542000,77780,BOURRON-MARLOTTE,77,Maison,131,7,392,2023
205000,77176,NANDY,77,Maison,78,4,203,2023
310000,77190,DAMMARIE LES LYS,77,Maison,70,3,509,2023
530000,77330,OZOIR LA FERRIERE,77,Maison,101,4,150,2023
530000,77330,OZOIR LA FERRIERE,77,Maison,101,4,500,2023
312000,77170,BRIE COMTE ROBERT,77,Maison,87,5,182,2023
440000,77590,BOIS LE ROI,77,Maison,72,5,723,2023
350000,77460,CHAINTREAUX,77,Dépendance,0,0,818,2023
350000,77460,CHAINTREAUX,77,Maison,95,2,818,2023
246120,77000,LIVRY-SUR-SEINE,77,Maison,70,2,221,2023
394990,77127,LIEUSAINT,77,Maison,92,5,585,2023
315000,77127,LIEUSAINT,77,Maison,84,4,318,2023
280000,77350,BOISSISE-LA-BERTRAND,77,Dépendance,0,0,613,2023
280000,77350,BOISSISE-LA-BERTRAND,77,Maison,62,4,613,2023
240000,77380,COMBS LA VILLE,77,Maison,77,3,532,2023
240000,77380,COMBS LA VILLE,77,Dépendance,0,0,532,2023
460000,77210,AVON,77,Appartement,20,1,331,2023
460000,77210,AVON,77,Appartement,19,1,331,2023
460000,77210,AVON,77,Appartement,17,1,331,2023
460000,77210,AVON,77,Appartement,22,1,331,2023
460000,77210,AVON,77,Appartement,26,1,331,2023
470000,77930,CHAILLY-EN-BIERE,77,Maison,90,3,296,2023
248000,77350,LE MEE SUR SEINE,77,Maison,89,4,152,2023
220000,77130,MONTEREAU FAULT YONNE,77,Maison,94,4,494,2023
220000,77130,MONTEREAU FAULT YONNE,77,Maison,94,4,803,2023
260000,77176,SAVIGNY-LE-TEMPLE,77,Maison,93,5,294,2023
230000,77130,MONTEREAU FAULT YONNE,77,Maison,63,4,244,2023
349000,77340,PONTAULT COMBAULT,77,Maison,76,4,396,2023
211000,77127,LIEUSAINT,77,Maison,100,3,38,2023
369000,77135,PONTCARRE,77,Maison,106,4,233,2023
166500,77130,VARENNES-SUR-SEINE,77,Maison,90,5,549,2023
166000,77570,MONDREVILLE,77,Maison,106,4,1140,2023
420000,77250,MORET-LOING-ET-ORVANNE,77,Dépendance,0,0,35,2023
420000,77250,MORET-LOING-ET-ORVANNE,77,Dépendance,0,0,30,2023
420000,77250,MORET-LOING-ET-ORVANNE,77,Maison,103,4,132,2023
285000,77250,MORET-LOING-ET-ORVANNE,77,Maison,91,5,150,2023
179000,77130,MONTEREAU FAULT YONNE,77,Dépendance,0,0,355,2023
179000,77130,MONTEREAU FAULT YONNE,77,Maison,72,3,355,2023
139000,77148,SALINS,77,Maison,50,3,101,2023
308000,77340,PONTAULT COMBAULT,77,Maison,86,5,178,2023
640000,77300,FONTAINEBLEAU,77,Local industriel. commercial ou assimilé,30,0,189,2023
640000,77300,FONTAINEBLEAU,77,Maison,126,6,189,2023
325000,77170,BRIE COMTE ROBERT,77,Maison,101,4,277,2023
403000,77170,BRIE COMTE ROBERT,77,Dépendance,0,0,459,2023
403000,77170,BRIE COMTE ROBERT,77,Maison,107,5,459,2023
422200,77170,SERVON,77,Maison,82,3,1055,2023
475000,77130,MONTEREAU FAULT YONNE,77,Local industriel. commercial ou assimilé,2200,0,752,2023
412000,77760,CHAPELLE-LA-REINE (LA),77,Maison,180,6,200,2023
412000,77760,CHAPELLE-LA-REINE (LA),77,Maison,180,6,1540,2023
230000,77590,BOIS LE ROI,77,Maison,86,4,112,2023
520000,77170,SERVON,77,Dépendance,0,0,407,2023
520000,77170,SERVON,77,Dépendance,0,0,500,2023
520000,77170,SERVON,77,Maison,162,6,407,2023
520000,77170,SERVON,77,Maison,162,6,500,2023
355000,77210,AVON,77,Maison,94,4,196,2023
337500,77170,SERVON,77,Maison,64,3,588,2023
337500,77170,SERVON,77,Dépendance,0,0,588,2023
80000,77250,VILLECERF,77,Maison,80,3,192,2023
562000,77340,PONTAULT COMBAULT,77,Dépendance,0,0,203,2023
562000,77340,PONTAULT COMBAULT,77,Dépendance,0,0,200,2023
562000,77340,PONTAULT COMBAULT,77,Maison,131,5,203,2023
562000,77340,PONTAULT COMBAULT,77,Maison,131,5,200,2023
164000,77880,GREZ-SUR-LOING,77,Maison,64,4,486,2023
272000,77550,MOISSY-CRAMAYEL,77,Maison,88,4,376,2023
3477270,77590,FONTAINE-LE-PORT,77,Maison,182,8,6770,2023
3477270,77590,FONTAINE-LE-PORT,77,Local industriel. commercial ou assimilé,594,0,6770,2023
3477270,77590,FONTAINE-LE-PORT,77,Local industriel. commercial ou assimilé,18,0,6770,2023
3477270,77590,FONTAINE-LE-PORT,77,Maison,75,3,6770,2023
3477270,77590,FONTAINE-LE-PORT,77,Maison,60,2,6770,2023
3477270,77590,FONTAINE-LE-PORT,77,Maison,113,5,6770,2023
3477270,77590,FONTAINE-LE-PORT,77,Maison,90,4,6770,2023
3477270,77590,FONTAINE-LE-PORT,77,Maison,70,3,2206,2023
3477270,77590,FONTAINE-LE-PORT,77,Maison,585,16,2206,2023
205000,77670,SAINT-MAMMES,77,Maison,70,3,181,2023
205000,77670,SAINT-MAMMES,77,Dépendance,0,0,181,2023
250000,77810,THOMERY,77,Dépendance,0,0,462,2023
250000,77810,THOMERY,77,Maison,84,3,462,2023
290000,77760,AMPONVILLE,77,Local industriel. commercial ou assimilé,0,0,608,2023
290000,77760,AMPONVILLE,77,Dépendance,0,0,422,2023
290000,77760,AMPONVILLE,77,Maison,168,5,422,2023
2633130,77000,ROCHETTE(LA),77,Local industriel. commercial ou assimilé,12250,0,15081,2023
2633130,77000,ROCHETTE(LA),77,Local industriel. commercial ou assimilé,0,0,15081,2023
155000,77130,SAINT-GERMAIN-LAVAL,77,Maison,88,5,648,2023
337000,77950,MOISENAY,77,Maison,117,4,422,2023
398000,77930,CHAILLY-EN-BIERE,77,Maison,120,4,278,2023
398000,77930,CHAILLY-EN-BIERE,77,Dépendance,0,0,278,2023
519090,77690,MONTIGNY-SUR-LOING,77,Maison,179,6,702,2023
519090,77690,MONTIGNY-SUR-LOING,77,Maison,179,6,500,2023
80000,77220,PRESLES-EN-BRIE,77,Dépendance,0,0,611,2023
150000,77760,LARCHANT,77,Maison,70,3,2426,2023
150000,77760,LARCHANT,77,Maison,70,3,81,2023
555000,77166,GRISY-SUISNES,77,Maison,177,5,500,2023
379000,77135,PONTCARRE,77,Maison,93,4,579,2023
285000,77240,SEINE-PORT,77,Maison,98,5,113,2023
160000,77130,CANNES-ECLUSE,77,Maison,65,4,396,2023
164286,77250,MORET-LOING-ET-ORVANNE,77,Dépendance,0,0,207,2023
164286,77250,MORET-LOING-ET-ORVANNE,77,Maison,56,3,207,2023
70000,77380,COMBS LA VILLE,77,Local industriel. commercial ou assimilé,45,0,89,2023
220000,77111,SOIGNOLLES-EN-BRIE,77,Maison,85,4,860,2023
170000,77000,MELUN,77,Dépendance,0,0,423,2023
356000,77850,HERICY,77,Maison,120,3,902,2023
348100,77176,SAVIGNY-LE-TEMPLE,77,Maison,110,5,266,2023
418000,77310,SAINT-FARGEAU-PONTHIERRY,77,Dépendance,0,0,405,2023
418000,77310,SAINT-FARGEAU-PONTHIERRY,77,Maison,147,5,405,2023
335000,77380,COMBS LA VILLE,77,Dépendance,0,0,484,2023
335000,77380,COMBS LA VILLE,77,Maison,86,5,484,2023
187000,77350,LE MEE SUR SEINE,77,Maison,91,5,664,2023
187000,77350,LE MEE SUR SEINE,77,Dépendance,0,0,664,2023
252900,77550,MOISSY-CRAMAYEL,77,Maison,80,4,190,2023
472360,77590,BOIS LE ROI,77,Dépendance,0,0,696,2023
472360,77590,BOIS LE ROI,77,Maison,95,4,696,2023
133125,77340,PONTAULT COMBAULT,77,Maison,68,4,400,2023
295000,77370,FONTENAILLES,77,Maison,80,5,401,2023
295000,77370,FONTENAILLES,77,Dépendance,0,0,401,2023
405000,77680,ROISSY-EN-BRIE,77,Maison,128,6,631,2023
405000,77680,ROISSY-EN-BRIE,77,Dépendance,0,0,631,2023
172500,77850,HERICY,77,Maison,108,5,970,2023
260000,77720,QUIERS,77,Maison,93,6,450,2023
160000,77140,NEMOURS,77,Local industriel. commercial ou assimilé,798,0,2868,2023
160000,77140,NEMOURS,77,Maison,72,3,2868,2023
220000,77130,SAINT-GERMAIN-LAVAL,77,Maison,82,5,500,2023
220000,77130,SAINT-GERMAIN-LAVAL,77,Maison,82,5,183,2023
290000,77780,BOURRON-MARLOTTE,77,Maison,100,4,972,2023
290000,77780,BOURRON-MARLOTTE,77,Dépendance,0,0,200,2023
290000,77780,BOURRON-MARLOTTE,77,Dépendance,0,0,972,2023
290000,77780,BOURRON-MARLOTTE,77,Maison,100,4,200,2023
380000,77630,BARBIZON,77,Maison,120,3,280,2023
268000,77140,MONCOURT FROMONVILLE,77,Maison,107,4,612,2023
388010,77690,MONTIGNY-SUR-LOING,77,Maison,112,5,824,2023
388010,77690,MONTIGNY-SUR-LOING,77,Dépendance,0,0,824,2023
358000,77330,OZOIR LA FERRIERE,77,Maison,150,5,545,2023
358000,77330,OZOIR LA FERRIERE,77,Dépendance,0,0,545,2023
310000,77240,CESSON,77,Maison,120,5,245,2023
180000,77148,SALINS,77,Maison,91,4,623,2023
175000,77130,VILLE-SAINT-JACQUES,77,Dépendance,0,0,229,2023
175000,77130,VILLE-SAINT-JACQUES,77,Maison,180,6,229,2023
262480,77130,VARENNES-SUR-SEINE,77,Maison,99,4,872,2023
228000,77570,CHATEAU-LANDON,77,Maison,148,4,1535,2023
228000,77570,CHATEAU-LANDON,77,Dépendance,0,0,1535,2023
188000,77390,CHAUMES-EN-BRIE,77,Dépendance,0,0,190,2023
80000,77690,MONTIGNY-SUR-LOING,77,Maison,48,3,97,2023
80000,77690,MONTIGNY-SUR-LOING,77,Dépendance,0,0,97,2023
196000,77126,COURCELLES-EN-BASSEE,77,Maison,87,4,130,2023
196000,77126,COURCELLES-EN-BASSEE,77,Maison,87,4,1990,2023
215000,77210,SAMOREAU,77,Maison,88,5,189,2023
215000,77210,SAMOREAU,77,Maison,88,5,500,2023
280000,77111,SOLERS,77,Maison,64,2,690,2023
280000,77111,SOLERS,77,Dépendance,0,0,690,2023
475000,77111,SOLERS,77,Maison,159,6,500,2023
475000,77111,SOLERS,77,Maison,159,6,545,2023
388000,77380,COMBS LA VILLE,77,Maison,94,5,416,2023
254400,77720,MORMANT,77,Maison,88,5,299,2023
408050,77166,GRISY-SUISNES,77,Dépendance,0,0,316,2023
408050,77166,GRISY-SUISNES,77,Maison,160,6,1324,2023
408050,77166,GRISY-SUISNES,77,Dépendance,0,0,1324,2023
408050,77166,GRISY-SUISNES,77,Maison,160,6,316,2023
130000,77000,MELUN,77,Maison,53,3,252,2023
211000,77173,CHEVRY-COSSIGNY,77,Dépendance,0,0,27,2023
318000,77390,ANDREZEL,77,Maison,117,6,661,2023
274500,77380,COMBS LA VILLE,77,Maison,83,5,130,2023
305000,77390,GUIGNES,77,Maison,86,5,700,2023
135000,77950,MAINCY,77,Maison,106,2,28,2023
88000,77390,OZOUER-LE-VOULGIS,77,Dépendance,0,0,85,2023
770000,77590,BOIS LE ROI,77,Maison,178,7,128,2023
760000,77300,FONTAINEBLEAU,77,Dépendance,0,0,227,2023
760000,77300,FONTAINEBLEAU,77,Maison,120,5,227,2023
188679,77123,NOISY-SUR-ECOLE,77,Maison,59,3,75,2023
188679,77123,NOISY-SUR-ECOLE,77,Dépendance,0,0,75,2023
430000,77340,PONTAULT COMBAULT,77,Maison,141,7,390,2023
108000,77220,LIVERDY-EN-BRIE,77,Appartement,27,2,197,2023
108000,77220,LIVERDY-EN-BRIE,77,Dépendance,0,0,197,2023
108000,77220,LIVERDY-EN-BRIE,77,Appartement,19,1,197,2023
360000,77590,BOIS LE ROI,77,Maison,82,3,447,2023
360000,77590,BOIS LE ROI,77,Dépendance,0,0,447,2023
260000,77310,PRINGY,77,Dépendance,0,0,151,2023
260000,77310,PRINGY,77,Maison,81,5,151,2023
260000,77310,PRINGY,77,Maison,17,1,151,2023
492400,77127,LIEUSAINT,77,Maison,155,8,467,2023
199000,77167,FAY-LES-NEMOURS,77,Dépendance,0,0,482,2023
199000,77167,FAY-LES-NEMOURS,77,Maison,107,5,482,2023
7330000,77550,MOISSY-CRAMAYEL,77,Local industriel. commercial ou assimilé,447,0,5990,2023
7330000,77550,MOISSY-CRAMAYEL,77,Maison,47,3,5990,2023
7330000,77550,MOISSY-CRAMAYEL,77,Local industriel. commercial ou assimilé,76,0,5990,2023
7330000,77550,MOISSY-CRAMAYEL,77,Local industriel. commercial ou assimilé,60,0,5990,2023
7330000,77550,MOISSY-CRAMAYEL,77,Local industriel. commercial ou assimilé,329,0,5990,2023
7330000,77550,MOISSY-CRAMAYEL,77,Local industriel. commercial ou assimilé,473,0,5990,2023
7330000,77550,MOISSY-CRAMAYEL,77,Local industriel. commercial ou assimilé,148,0,5990,2023
7330000,77550,MOISSY-CRAMAYEL,77,Local industriel. commercial ou assimilé,97,0,5990,2023
7330000,77550,MOISSY-CRAMAYEL,77,Local industriel. commercial ou assimilé,145,0,5990,2023
7330000,77550,MOISSY-CRAMAYEL,77,Local industriel. commercial ou assimilé,100,0,5990,2023
7330000,77550,MOISSY-CRAMAYEL,77,Local industriel. commercial ou assimilé,90,0,5990,2023
7330000,77550,MOISSY-CRAMAYEL,77,Local industriel. commercial ou assimilé,120,0,5990,2023
7330000,77550,MOISSY-CRAMAYEL,77,Maison,92,3,5990,2023
7330000,77550,MOISSY-CRAMAYEL,77,Local industriel. commercial ou assimilé,0,0,6177,2023
7330000,77550,MOISSY-CRAMAYEL,77,Local industriel. commercial ou assimilé,621,0,1500,2023
7330000,77550,MOISSY-CRAMAYEL,77,Local industriel. commercial ou assimilé,0,0,1500,2023
7330000,77550,MOISSY-CRAMAYEL,77,Local industriel. commercial ou assimilé,621,0,6177,2023
345000,77127,LIEUSAINT,77,Maison,83,4,490,2023
228500,77140,SAINT-PIERRE-LES-NEMOURS,77,Maison,90,4,565,2023
400000,77000,VAUX-LE-PENIL,77,Dépendance,0,0,351,2023
400000,77000,VAUX-LE-PENIL,77,Maison,200,9,351,2023
225000,77620,BRANSLES,77,Maison,110,6,550,2023
225000,77620,BRANSLES,77,Maison,110,6,750,2023
225000,77620,BRANSLES,77,Dépendance,0,0,550,2023
225000,77620,BRANSLES,77,Dépendance,0,0,750,2023
135000,77140,MONCOURT FROMONVILLE,77,Dépendance,0,0,1000,2023
135000,77140,MONCOURT FROMONVILLE,77,Dépendance,0,0,535,2023
135000,77140,MONCOURT FROMONVILLE,77,Maison,63,3,535,2023
135000,77140,MONCOURT FROMONVILLE,77,Maison,63,3,1000,2023
270000,77550,MOISSY-CRAMAYEL,77,Maison,77,4,216,2023
320000,77380,COMBS LA VILLE,77,Maison,71,4,260,2023
475000,77250,MORET-LOING-ET-ORVANNE,77,Maison,115,5,145,2023
135000,77250,MORET-LOING-ET-ORVANNE,77,Maison,60,2,42,2023
889920,77590,BOIS LE ROI,77,Maison,214,7,665,2023
340000,77550,MOISSY-CRAMAYEL,77,Local industriel. commercial ou assimilé,129,0,146,2023
340000,77550,MOISSY-CRAMAYEL,77,Dépendance,0,0,146,2023
340000,77550,MOISSY-CRAMAYEL,77,Maison,60,3,146,2023
340000,77550,MOISSY-CRAMAYEL,77,Appartement,100,4,146,2023
340000,77550,MOISSY-CRAMAYEL,77,Dépendance,0,0,138,2023
240750,77000,MELUN,77,Appartement,74,3,132,2023
390000,77166,GRISY-SUISNES,77,Dépendance,0,0,266,2023
390000,77166,GRISY-SUISNES,77,Maison,60,3,266,2023
330000,77240,CESSON,77,Dépendance,0,0,294,2023
330000,77240,CESSON,77,Maison,99,5,294,2023
330000,77310,SAINT-FARGEAU-PONTHIERRY,77,Maison,88,5,411,2023
275000,77820,CHATELET-EN-BRIE (LE),77,Maison,72,3,864,2023
275000,77820,CHATELET-EN-BRIE (LE),77,Maison,72,3,500,2023
407700,77340,PONTAULT COMBAULT,77,Maison,120,5,237,2023
310000,77176,SAVIGNY-LE-TEMPLE,77,Maison,80,5,500,2023
310000,77176,SAVIGNY-LE-TEMPLE,77,Maison,80,5,518,2023
332182,77000,MELUN,77,Maison,89,3,388,2023
332182,77000,MELUN,77,Dépendance,0,0,388,2023
2950000,77000,MELUN,77,Local industriel. commercial ou assimilé,1053,0,2283,2023
2950000,77000,MELUN,77,Local industriel. commercial ou assimilé,347,0,2283,2023
2950000,77000,MELUN,77,Local industriel. commercial ou assimilé,700,0,2283,2023
472000,77550,MOISSY-CRAMAYEL,77,Maison,168,6,475,2023
270000,77176,SAVIGNY-LE-TEMPLE,77,Maison,85,4,292,2023
354000,77690,GENEVRAYE (LA),77,Maison,127,5,500,2023
354000,77690,GENEVRAYE (LA),77,Maison,127,5,631,2023
352400,77710,NANTEAU-SUR-LUNAIN,77,Maison,117,5,713,2023
352400,77710,NANTEAU-SUR-LUNAIN,77,Dépendance,0,0,713,2023
352400,77710,NANTEAU-SUR-LUNAIN,77,Maison,117,5,239,2023
352400,77710,NANTEAU-SUR-LUNAIN,77,Dépendance,0,0,239,2023
260000,77140,NEMOURS,77,Maison,120,4,319,2023
50000,77310,SAINT-FARGEAU-PONTHIERRY,77,Dépendance,0,0,202,2023
50000,77310,SAINT-FARGEAU-PONTHIERRY,77,Maison,80,5,202,2023
245000,77210,AVON,77,Maison,75,5,26,2023
2173534,77190,DAMMARIE LES LYS,77,Local industriel. commercial ou assimilé,1097,0,2735,2023
2173534,77190,DAMMARIE LES LYS,77,Local industriel. commercial ou assimilé,474,0,2250,2023
2173534,77190,DAMMARIE LES LYS,77,Local industriel. commercial ou assimilé,495,0,2250,2023
277670,77111,SOLERS,77,Maison,140,5,198,2023
385000,77220,LIVERDY-EN-BRIE,77,Maison,114,4,512,2023
417000,77340,PONTAULT COMBAULT,77,Dépendance,0,0,408,2023
417000,77340,PONTAULT COMBAULT,77,Maison,58,3,408,2023
142500,77133,FERICY,77,Dépendance,0,0,218,2023
142500,77133,FERICY,77,Maison,114,3,218,2023
441800,77173,CHEVRY-COSSIGNY,77,Maison,165,5,618,2023
441800,77173,CHEVRY-COSSIGNY,77,Dépendance,0,0,618,2023
530000,77340,PONTAULT COMBAULT,77,Maison,40,2,334,2023
530000,77340,PONTAULT COMBAULT,77,Dépendance,0,0,334,2023
530000,77340,PONTAULT COMBAULT,77,Dépendance,0,0,500,2023
530000,77340,PONTAULT COMBAULT,77,Maison,40,2,500,2023
387000,77870,VULAINES-SUR-SEINE,77,Maison,130,5,650,2023
105000,77570,MONDREVILLE,77,Maison,69,2,497,2023
180000,77570,MONDREVILLE,77,Dépendance,0,0,1090,2023
180000,77570,MONDREVILLE,77,Maison,177,6,1090,2023
542000,77330,OZOIR LA FERRIERE,77,Maison,185,6,614,2023
542000,77330,OZOIR LA FERRIERE,77,Dépendance,0,0,614,2023
95000,77220,TOURNAN-EN-BRIE,77,Maison,20,2,22,2023
283000,77176,NANDY,77,Maison,76,5,210,2023
251000,77550,MOISSY-CRAMAYEL,77,Dépendance,0,0,186,2023
251000,77550,MOISSY-CRAMAYEL,77,Maison,87,4,186,2023
264900,77176,NANDY,77,Maison,60,3,218,2023
850000,77310,SAINT-FARGEAU-PONTHIERRY,77,Local industriel. commercial ou assimilé,525,0,600,2023
217000,77550,MOISSY-CRAMAYEL,77,Maison,76,4,186,2023
422000,77210,AVON,77,Maison,80,3,694,2023
422000,77210,AVON,77,Maison,80,3,100,2023
355000,77680,ROISSY-EN-BRIE,77,Maison,95,5,193,2023
514845,77340,PONTAULT COMBAULT,77,Maison,99,6,400,2023
490000,77240,CESSON,77,Maison,128,6,1014,2023
490000,77240,CESSON,77,Dépendance,0,0,1014,2023
299115,77690,MONTIGNY-SUR-LOING,77,Maison,96,4,125,2023
420000,77220,TOURNAN-EN-BRIE,77,Maison,110,4,862,2023
550000,77220,FAVIERES,77,Maison,141,4,360,2023
550000,77220,FAVIERES,77,Maison,141,4,500,2023
550000,77220,FAVIERES,77,Dépendance,0,0,360,2023
550000,77220,FAVIERES,77,Dépendance,0,0,500,2023
365000,77220,TOURNAN-EN-BRIE,77,Maison,75,5,428,2023
1334105,77930,CELY EN BIERE,77,Local industriel. commercial ou assimilé,38,0,63,2023
1334105,77930,CELY EN BIERE,77,Maison,368,12,563,2023
1334105,77930,CELY EN BIERE,77,Dépendance,0,0,563,2023
227000,77220,FAVIERES,77,Dépendance,0,0,91,2023
227000,77220,FAVIERES,77,Maison,91,4,91,2023
475000,77220,GRETZ-ARMAINVILLIERS,77,Maison,130,7,253,2023
760000,77123,NOISY-SUR-ECOLE,77,Maison,142,5,2200,2023
760000,77123,NOISY-SUR-ECOLE,77,Dépendance,0,0,2200,2023
760000,77123,NOISY-SUR-ECOLE,77,Maison,142,5,797,2023
760000,77123,NOISY-SUR-ECOLE,77,Dépendance,0,0,797,2023
296900,77176,SAVIGNY-LE-TEMPLE,77,Dépendance,0,0,482,2023
296900,77176,SAVIGNY-LE-TEMPLE,77,Maison,98,6,482,2023
312000,77176,SAVIGNY-LE-TEMPLE,77,Maison,104,5,338,2023
363700,77115,SIVRY-COURTRY,77,Maison,164,7,600,2023
400000,77000,MELUN,77,Maison,181,6,812,2023
400000,77000,MELUN,77,Dépendance,0,0,812,2023
400000,77000,MELUN,77,Maison,30,1,812,2023
840000,77300,FONTAINEBLEAU,77,Maison,150,6,274,2023
840000,77300,FONTAINEBLEAU,77,Dépendance,0,0,274,2023
265000,77250,MORET-LOING-ET-ORVANNE,77,Maison,124,4,49,2023
330000,77111,SOLERS,77,Maison,100,4,639,2023
276000,77220,TOURNAN-EN-BRIE,77,Maison,90,3,225,2023
276000,77220,TOURNAN-EN-BRIE,77,Dépendance,0,0,225,2023
273000,77190,DAMMARIE LES LYS,77,Maison,89,4,218,2023
431380,77390,CHAUMES-EN-BRIE,77,Maison,151,6,1292,2023
431380,77390,CHAUMES-EN-BRIE,77,Maison,151,6,500,2023
259900,77550,MOISSY-CRAMAYEL,77,Dépendance,0,0,293,2023
259900,77550,MOISSY-CRAMAYEL,77,Maison,53,3,293,2023
378000,77310,SAINT-FARGEAU-PONTHIERRY,77,Maison,106,6,453,2023
328000,77330,OZOIR LA FERRIERE,77,Maison,89,4,219,2023
160000,77130,GRANDE-PAROISSE (LA),77,Maison,52,2,488,2023
160000,77130,GRANDE-PAROISSE (LA),77,Dépendance,0,0,488,2023
100000,77930,PERTHES,77,Maison,155,9,582,2023
295000,77115,SIVRY-COURTRY,77,Maison,110,6,510,2023
565000,77150,LESIGNY,77,Maison,140,4,301,2023
565000,77150,LESIGNY,77,Maison,140,4,500,2023
240000,77170,BRIE COMTE ROBERT,77,Maison,84,4,386,2023
202000,77720,MORMANT,77,Dépendance,0,0,14,2023
303940,77710,PALEY,77,Maison,140,4,2921,2023
303940,77710,PALEY,77,Maison,140,4,500,2023
303940,77710,PALEY,77,Dépendance,0,0,500,2023
303940,77710,PALEY,77,Dépendance,0,0,2921,2023
105000,77130,MONTEREAU FAULT YONNE,77,Maison,67,3,595,2023
145350,77920,SAMOIS SUR SEINE,77,Dépendance,0,0,494,2023
145350,77920,SAMOIS SUR SEINE,77,Maison,61,3,494,2023
115000,77940,VOULX,77,Maison,95,3,87,2023
415000,77950,VOISENON,77,Maison,110,5,200,2023
415000,77950,VOISENON,77,Maison,110,5,564,2023
160000,77460,CHAINTREAUX,77,Maison,77,4,500,2023
295100,77340,PONTAULT COMBAULT,77,Maison,102,4,205,2023
209350,77130,MISY-SUR-YONNE,77,Maison,105,5,505,2023
145500,77130,MONTEREAU FAULT YONNE,77,Maison,51,3,529,2023
430300,77940,VOULX,77,Maison,145,5,670,2023
210000,77130,MAROLLES-SUR-SEINE,77,Maison,93,3,647,2023
210000,77130,MAROLLES-SUR-SEINE,77,Dépendance,0,0,647,2023
210000,77130,MAROLLES-SUR-SEINE,77,Local industriel. commercial ou assimilé,2140,0,3012,2023
210000,77130,MAROLLES-SUR-SEINE,77,Local industriel. commercial ou assimilé,2140,0,696,2023
335000,77350,BOISSISE-LA-BERTRAND,77,Maison,65,4,789,2023
335000,77350,BOISSISE-LA-BERTRAND,77,Dépendance,0,0,615,2023
335000,77350,BOISSISE-LA-BERTRAND,77,Maison,24,1,615,2023
300000,77630,BARBIZON,77,Maison,70,3,268,2023
300000,77630,BARBIZON,77,Maison,70,3,271,2023
267600,77390,ARGENTIERES,77,Maison,72,5,284,2023
267600,77390,ARGENTIERES,77,Dépendance,0,0,284,2023
190000,77130,MONTEREAU FAULT YONNE,77,Maison,82,5,664,2023
229000,77940,VOULX,77,Maison,120,5,280,2023
883970,77250,VILLEMER,77,Maison,185,5,1415,2023
883970,77250,VILLEMER,77,Maison,98,5,1415,2023
883970,77250,VILLEMER,77,Dépendance,0,0,748,2023
883970,77250,VILLEMER,77,Maison,45,2,748,2023
883970,77250,VILLEMER,77,Maison,98,5,748,2023
883970,77250,VILLEMER,77,Maison,185,5,748,2023
883970,77250,VILLEMER,77,Dépendance,0,0,1415,2023
883970,77250,VILLEMER,77,Maison,45,2,1415,2023
80000,77760,LARCHANT,77,Maison,35,3,249,2023
420000,77550,MOISSY-CRAMAYEL,77,Maison,122,6,539,2023
210000,77760,CHAPELLE-LA-REINE (LA),77,Maison,60,4,717,2023
210000,77760,CHAPELLE-LA-REINE (LA),77,Dépendance,0,0,639,2023
210000,77760,CHAPELLE-LA-REINE (LA),77,Maison,60,4,639,2023
210000,77760,CHAPELLE-LA-REINE (LA),77,Dépendance,0,0,717,2023
239000,77220,FAVIERES,77,Maison,86,2,86,2023
67500,77890,BEAUMONT-DU-GATINAIS,77,Maison,138,5,69,2023
325000,77170,BRIE COMTE ROBERT,77,Maison,88,5,252,2023
303040,77680,ROISSY-EN-BRIE,77,Maison,82,5,507,2023
303040,77680,ROISSY-EN-BRIE,77,Dépendance,0,0,507,2023
386600,77330,OZOIR LA FERRIERE,77,Maison,78,4,504,2023
580000,77340,PONTAULT COMBAULT,77,Dépendance,0,0,793,2023
580000,77340,PONTAULT COMBAULT,77,Maison,155,6,793,2023
315000,77550,MOISSY-CRAMAYEL,77,Maison,83,5,375,2023
455800,77130,DORMELLES,77,Maison,174,5,144,2023
455800,77130,DORMELLES,77,Maison,174,5,209,2023
455800,77130,DORMELLES,77,Maison,174,5,2783,2023
559600,77340,PONTAULT COMBAULT,77,Dépendance,0,0,376,2023
559600,77340,PONTAULT COMBAULT,77,Maison,90,4,376,2023
310000,77220,GRETZ-ARMAINVILLIERS,77,Dépendance,0,0,449,2023
310000,77220,GRETZ-ARMAINVILLIERS,77,Maison,74,4,449,2023
294600,77340,PONTAULT COMBAULT,77,Maison,60,3,293,2023
400000,77330,OZOIR LA FERRIERE,77,Maison,100,6,736,2023
160000,77820,CHATELET-EN-BRIE (LE),77,Maison,107,6,582,2023
338000,77380,COMBS LA VILLE,77,Maison,69,4,360,2023
260000,77430,CHAMPAGNE SUR SEINE,77,Dépendance,0,0,360,2023
260000,77430,CHAMPAGNE SUR SEINE,77,Maison,91,4,360,2023
244000,77760,CHAPELLE-LA-REINE (LA),77,Maison,114,3,59,2023
135000,77300,FONTAINEBLEAU,77,Maison,27,2,40,2023
269900,77176,SAVIGNY-LE-TEMPLE,77,Maison,86,4,192,2023
343150,77680,ROISSY-EN-BRIE,77,Maison,132,6,471,2023
343150,77680,ROISSY-EN-BRIE,77,Dépendance,0,0,471,2023
170000,77460,SOUPPES-SUR-LOING,77,Maison,88,4,556,2023
170000,77460,SOUPPES-SUR-LOING,77,Maison,88,4,500,2023
737965,77240,CESSON,77,Maison,128,6,1014,2023
737965,77240,CESSON,77,Dépendance,0,0,1014,2023
347500,77880,GREZ-SUR-LOING,77,Maison,126,5,654,2023
347500,77880,GREZ-SUR-LOING,77,Dépendance,0,0,654,2023
308000,77710,NANTEAU-SUR-LUNAIN,77,Dépendance,0,0,500,2023
308000,77710,NANTEAU-SUR-LUNAIN,77,Maison,44,2,472,2023
308000,77710,NANTEAU-SUR-LUNAIN,77,Dépendance,0,0,472,2023
308000,77710,NANTEAU-SUR-LUNAIN,77,Maison,44,2,500,2023
308000,77710,NANTEAU-SUR-LUNAIN,77,Maison,125,4,500,2023
308000,77710,NANTEAU-SUR-LUNAIN,77,Maison,125,4,472,2023
116888,77167,POLIGNY,77,Maison,47,2,196,2023
116888,77167,POLIGNY,77,Dépendance,0,0,196,2023
138000,77140,SAINT-PIERRE-LES-NEMOURS,77,Maison,75,4,462,2023
253000,77720,AUBEPIERRE-OZOUER-LE-REPOS,77,Dépendance,0,0,600,2023
253000,77720,AUBEPIERRE-OZOUER-LE-REPOS,77,Maison,84,5,600,2023
164280,77590,CHARTRETTES,77,Maison,75,3,347,2023
164280,77590,CHARTRETTES,77,Dépendance,0,0,347,2023
536000,77166,GRISY-SUISNES,77,Maison,129,5,867,2023
75000,77930,PERTHES,77,Maison,45,2,45,2023
320000,77390,GUIGNES,77,Maison,124,5,744,2023
320000,77390,GUIGNES,77,Maison,124,5,500,2023
250000,77000,MELUN,77,Dépendance,0,0,113,2023
250000,77000,MELUN,77,Maison,80,4,113,2023
423000,77170,SERVON,77,Maison,80,5,471,2023
423000,77170,SERVON,77,Dépendance,0,0,471,2023
220000,77140,NEMOURS,77,Appartement,12,1,148,2023
220000,77140,NEMOURS,77,Dépendance,0,0,148,2023
220000,77140,NEMOURS,77,Maison,90,3,148,2023
275000,77720,MORMANT,77,Maison,120,6,350,2023
290000,77140,NEMOURS,77,Dépendance,0,0,253,2023
290000,77140,NEMOURS,77,Appartement,41,2,253,2023
290000,77140,NEMOURS,77,Appartement,40,2,253,2023
290000,77140,NEMOURS,77,Appartement,35,2,253,2023
630169,77690,MONTIGNY-SUR-LOING,77,Maison,179,6,500,2023
630169,77690,MONTIGNY-SUR-LOING,77,Maison,179,6,702,2023
553750,77150,LESIGNY,77,Maison,104,5,305,2023
553750,77150,LESIGNY,77,Maison,104,5,500,2023
146180,77250,VILLEMER,77,Maison,150,3,479,2023
13912000,77127,LIEUSAINT,77,Local industriel. commercial ou assimilé,30,0,2840,2023
13912000,77127,LIEUSAINT,77,Local industriel. commercial ou assimilé,180,0,2840,2023
13912000,77127,LIEUSAINT,77,Local industriel. commercial ou assimilé,110,0,2840,2023
13912000,77550,MOISSY-CRAMAYEL,77,Local industriel. commercial ou assimilé,1709,0,6672,2023
13912000,77550,MOISSY-CRAMAYEL,77,Local industriel. commercial ou assimilé,607,0,6672,2023
13912000,77550,MOISSY-CRAMAYEL,77,Local industriel. commercial ou assimilé,3932,0,6672,2023
13912000,77550,MOISSY-CRAMAYEL,77,Local industriel. commercial ou assimilé,2036,0,6672,2023
13912000,77550,MOISSY-CRAMAYEL,77,Local industriel. commercial ou assimilé,28,0,6672,2023
13912000,77550,MOISSY-CRAMAYEL,77,Local industriel. commercial ou assimilé,337,0,6672,2023
13912000,77550,MOISSY-CRAMAYEL,77,Local industriel. commercial ou assimilé,1044,0,6672,2023
13912000,77550,MOISSY-CRAMAYEL,77,Local industriel. commercial ou assimilé,525,0,6672,2023
13912000,77550,MOISSY-CRAMAYEL,77,Local industriel. commercial ou assimilé,385,0,6672,2023
528000,77111,SOLERS,77,Appartement,70,3,804,2023
528000,77111,SOLERS,77,Local industriel. commercial ou assimilé,25,0,804,2023
528000,77111,SOLERS,77,Maison,228,5,804,2023
528000,77111,SOLERS,77,Dépendance,0,0,804,2023
335000,77240,VERT-SAINT-DENIS,77,Maison,109,6,833,2023
410000,77690,MONTIGNY-SUR-LOING,77,Maison,108,6,1400,2023
410000,77690,MONTIGNY-SUR-LOING,77,Maison,108,6,154,2023
245000,77670,SAINT-MAMMES,77,Maison,112,5,592,2023
297000,77210,AVON,77,Maison,99,5,105,2023
297000,77210,AVON,77,Dépendance,0,0,105,2023
533000,77123,NOISY-SUR-ECOLE,77,Maison,158,6,766,2023
533000,77123,NOISY-SUR-ECOLE,77,Maison,158,6,2000,2023
300000,77176,SAVIGNY-LE-TEMPLE,77,Maison,90,5,463,2023
302000,77176,SAVIGNY-LE-TEMPLE,77,Maison,96,6,410,2023
317000,77380,COMBS LA VILLE,77,Maison,85,4,1000,2023
317000,77380,COMBS LA VILLE,77,Maison,85,4,830,2023
245000,77000,MELUN,77,Maison,96,4,221,2023
245000,77000,MELUN,77,Dépendance,0,0,221,2023
410000,77310,SAINT-FARGEAU-PONTHIERRY,77,Maison,179,5,500,2023
410000,77310,SAINT-FARGEAU-PONTHIERRY,77,Maison,179,5,1906,2023
297000,77430,CHAMPAGNE SUR SEINE,77,Local industriel. commercial ou assimilé,617,0,1058,2023
250000,77920,SAMOIS SUR SEINE,77,Maison,66,3,43,2023
480000,77850,HERICY,77,Dépendance,0,0,1350,2023
480000,77850,HERICY,77,Maison,120,6,1350,2023
480000,77850,HERICY,77,Dépendance,0,0,900,2023
480000,77850,HERICY,77,Maison,120,6,500,2023
480000,77850,HERICY,77,Maison,120,6,900,2023
480000,77850,HERICY,77,Dépendance,0,0,500,2023
480000,77850,HERICY,77,Maison,120,6,1598,2023
480000,77850,HERICY,77,Dépendance,0,0,1598,2023
440000,77390,CHAUMES-EN-BRIE,77,Maison,128,4,2614,2023
440000,77390,CHAUMES-EN-BRIE,77,Maison,128,4,200,2023
281430,77250,MORET-LOING-ET-ORVANNE,77,Maison,85,4,1015,2023
281430,77250,MORET-LOING-ET-ORVANNE,77,Maison,85,4,65,2023
207000,77130,GRANDE-PAROISSE (LA),77,Maison,84,5,489,2023
207000,77130,GRANDE-PAROISSE (LA),77,Dépendance,0,0,489,2023
199000,77720,AUBEPIERRE-OZOUER-LE-REPOS,77,Maison,91,3,113,2023
80000,77720,GRANDPUITS-BAILLY-CARROIS,77,Local industriel. commercial ou assimilé,709,0,21175,2023
1007150,77760,URY,77,Dépendance,0,0,435,2023
1007150,77760,URY,77,Maison,258,7,435,2023
50000,77370,FONTENAILLES,77,Dépendance,0,0,344,2023
50000,77370,FONTENAILLES,77,Maison,45,1,344,2023
40000,77620,BRANSLES,77,Dépendance,0,0,70,2023
275000,77115,BLANDY,77,Maison,74,3,150,2023
275000,77115,BLANDY,77,Maison,50,2,163,2023
269000,77176,SAVIGNY-LE-TEMPLE,77,Maison,100,5,389,2023
264000,77240,VERT-SAINT-DENIS,77,Maison,110,4,139,2023
264000,77240,VERT-SAINT-DENIS,77,Dépendance,0,0,139,2023
350000,77220,GRETZ-ARMAINVILLIERS,77,Maison,89,3,560,2023
315500,77380,COMBS LA VILLE,77,Maison,104,5,356,2023
315500,77000,MELUN,77,Maison,102,5,322,2023
395000,77310,PRINGY,77,Maison,86,4,703,2023
310000,77550,MOISSY-CRAMAYEL,77,Maison,88,5,360,2023
429000,77166,GRISY-SUISNES,77,Maison,136,6,447,2023
3477456,77550,LIMOGES-FOURCHES,77,Appartement,54,2,398,2023
1100000,77350,LE MEE SUR SEINE,77,Appartement,21,1,797,2023
1100000,77350,LE MEE SUR SEINE,77,Appartement,136,3,797,2023
1100000,77350,LE MEE SUR SEINE,77,Appartement,180,3,797,2023
1100000,77350,LE MEE SUR SEINE,77,Appartement,39,1,797,2023
1100000,77350,LE MEE SUR SEINE,77,Dépendance,0,0,797,2023
1100000,77350,LE MEE SUR SEINE,77,Appartement,180,3,500,2023
1100000,77350,LE MEE SUR SEINE,77,Appartement,20,1,797,2023
1100000,77350,LE MEE SUR SEINE,77,Appartement,136,3,500,2023
1100000,77350,LE MEE SUR SEINE,77,Dépendance,0,0,500,2023
1100000,77350,LE MEE SUR SEINE,77,Appartement,39,1,500,2023
1100000,77350,LE MEE SUR SEINE,77,Appartement,20,1,500,2023
1100000,77350,LE MEE SUR SEINE,77,Appartement,21,1,500,2023
297000,77550,MOISSY-CRAMAYEL,77,Maison,60,3,396,2023
328000,77250,VILLECERF,77,Maison,140,6,1209,2023
328000,77250,VILLECERF,77,Maison,140,6,96,2023
200000,77176,SAVIGNY-LE-TEMPLE,77,Dépendance,0,0,558,2023
200000,77176,SAVIGNY-LE-TEMPLE,77,Maison,57,3,558,2023
905853,77140,NEMOURS,77,Local industriel. commercial ou assimilé,18,0,2420,2023
905853,77140,NEMOURS,77,Local industriel. commercial ou assimilé,1986,0,2420,2023
905853,77140,NEMOURS,77,Dépendance,0,0,6908,2023
335000,77680,ROISSY-EN-BRIE,77,Maison,91,5,419,2023
350720,77590,BOIS LE ROI,77,Dépendance,0,0,64,2023
350720,77590,BOIS LE ROI,77,Maison,148,7,64,2023
430000,77330,OZOIR LA FERRIERE,77,Maison,120,6,314,2023
405000,77310,SAINT-FARGEAU-PONTHIERRY,77,Maison,158,5,901,2023
275000,77950,MAINCY,77,Maison,75,4,86,2023
160000,77176,SAVIGNY-LE-TEMPLE,77,Dépendance,0,0,12,2023
337000,77930,CHAILLY-EN-BIERE,77,Maison,91,5,409,2023
275000,77190,DAMMARIE LES LYS,77,Dépendance,0,0,435,2023
275000,77190,DAMMARIE LES LYS,77,Maison,46,2,435,2023
400000,77590,FONTAINE-LE-PORT,77,Maison,150,6,150,2023
400000,77590,FONTAINE-LE-PORT,77,Dépendance,0,0,137,2023
708000,77350,BOISSISE-LA-BERTRAND,77,Maison,140,7,960,2023
708000,77350,BOISSISE-LA-BERTRAND,77,Dépendance,0,0,960,2023
205000,77930,SAINT-GERMAIN-SUR-ECOLE,77,Maison,50,3,626,2023
320000,77850,HERICY,77,Maison,104,5,166,2023
170000,77130,GRANDE-PAROISSE (LA),77,Maison,94,5,902,2023
212500,77720,SAINT-OUEN-EN-BRIE,77,Maison,69,3,632,2023
383500,77135,PONTCARRE,77,Maison,88,5,284,2023
274085,77170,BRIE COMTE ROBERT,77,Maison,76,4,321,2023
105769,77890,GARENTREVILLE,77,Maison,105,5,722,2023
105769,77890,GARENTREVILLE,77,Local industriel. commercial ou assimilé,250,0,722,2023
175000,77620,EGREVILLE,77,Dépendance,0,0,460,2023
175000,77620,EGREVILLE,77,Maison,82,4,460,2023
325000,77330,OZOIR LA FERRIERE,77,Maison,78,4,300,2023
410000,77680,ROISSY-EN-BRIE,77,Maison,101,4,465,2023
755000,77220,PRESLES-EN-BRIE,77,Dépendance,0,0,1536,2023
755000,77220,PRESLES-EN-BRIE,77,Local industriel. commercial ou assimilé,46,0,1536,2023
755000,77220,PRESLES-EN-BRIE,77,Dépendance,0,0,1000,2023
755000,77220,PRESLES-EN-BRIE,77,Maison,191,7,1536,2023
755000,77220,PRESLES-EN-BRIE,77,Local industriel. commercial ou assimilé,46,0,1000,2023
755000,77220,PRESLES-EN-BRIE,77,Maison,191,7,1000,2023
210600,77000,MELUN,77,Maison,75,4,798,2023
210600,77000,MELUN,77,Dépendance,0,0,798,2023
307000,77170,SERVON,77,Dépendance,0,0,471,2023
307000,77170,SERVON,77,Maison,80,5,471,2023
170000,77130,VARENNES-SUR-SEINE,77,Maison,65,3,76,2023
170000,77130,VARENNES-SUR-SEINE,77,Maison,65,3,790,2023
2265000,77148,SALINS,77,Local industriel. commercial ou assimilé,0,0,292,2023
2265000,77148,SALINS,77,Local industriel. commercial ou assimilé,153,0,12103,2023
2265000,77148,SALINS,77,Local industriel. commercial ou assimilé,136,0,19700,2023
363000,77340,PONTAULT COMBAULT,77,Maison,81,4,300,2023
340000,77590,BOIS LE ROI,77,Maison,98,4,360,2023
340000,77590,BOIS LE ROI,77,Dépendance,0,0,360,2023
305000,77810,THOMERY,77,Maison,120,4,192,2023
230000,77710,PALEY,77,Dépendance,0,0,371,2023
230000,77710,PALEY,77,Maison,68,4,371,2023
250000,77810,THOMERY,77,Maison,50,3,445,2023
250000,77810,THOMERY,77,Dépendance,0,0,445,2023
297500,77166,EVRY-GREGY-SUR-YERRE,77,Maison,74,4,580,2023
27000,77460,SOUPPES-SUR-LOING,77,Dépendance,0,0,16,2023
27000,77460,SOUPPES-SUR-LOING,77,Dépendance,0,0,215,2023
621000,77590,BOIS LE ROI,77,Maison,173,7,610,2023
621000,77590,BOIS LE ROI,77,Maison,173,7,200,2023
621000,77590,BOIS LE ROI,77,Dépendance,0,0,200,2023
621000,77590,BOIS LE ROI,77,Dépendance,0,0,610,2023
440000,77870,VULAINES-SUR-SEINE,77,Maison,105,5,1066,2023
440000,77870,VULAINES-SUR-SEINE,77,Dépendance,0,0,500,2023
440000,77870,VULAINES-SUR-SEINE,77,Maison,105,5,500,2023
440000,77870,VULAINES-SUR-SEINE,77,Dépendance,0,0,1066,2023
245500,77760,CHEVRAINVILLIERS,77,Dépendance,0,0,723,2023
245500,77760,CHEVRAINVILLIERS,77,Dépendance,0,0,702,2023
245500,77760,CHEVRAINVILLIERS,77,Maison,165,4,702,2023
245500,77760,CHEVRAINVILLIERS,77,Maison,165,4,723,2023
200000,77670,VERNOU-LA-CELLE-SUR-SEINE,77,Maison,82,4,52,2023
200000,77670,VERNOU-LA-CELLE-SUR-SEINE,77,Dépendance,0,0,52,2023
255000,77350,LE MEE SUR SEINE,77,Dépendance,0,0,400,2023
255000,77350,LE MEE SUR SEINE,77,Maison,85,4,400,2023
450450,77115,SIVRY-COURTRY,77,Maison,145,3,500,2023
450450,77115,SIVRY-COURTRY,77,Dépendance,0,0,500,2023
450450,77115,SIVRY-COURTRY,77,Maison,145,3,825,2023
450450,77115,SIVRY-COURTRY,77,Dépendance,0,0,825,2023
440000,77710,VILLEMARECHAL,77,Maison,140,4,333,2023
440000,77710,VILLEMARECHAL,77,Dépendance,0,0,333,2023
440000,77710,VILLEMARECHAL,77,Maison,140,4,1190,2023
440000,77710,VILLEMARECHAL,77,Dépendance,0,0,1190,2023
155000,77720,SAINT-OUEN-EN-BRIE,77,Maison,60,3,519,2023
1844700,77300,FONTAINEBLEAU,77,Maison,416,7,679,2023
1844700,77300,FONTAINEBLEAU,77,Dépendance,0,0,322,2023
1844700,77300,FONTAINEBLEAU,77,Dépendance,0,0,415,2023
1844700,77300,FONTAINEBLEAU,77,Maison,416,7,415,2023
1844700,77300,FONTAINEBLEAU,77,Dépendance,0,0,679,2023
1844700,77300,FONTAINEBLEAU,77,Maison,416,7,322,2023
360000,77000,LIVRY-SUR-SEINE,77,Dépendance,0,0,518,2023
360000,77000,LIVRY-SUR-SEINE,77,Maison,149,5,518,2023
358000,77240,VERT-SAINT-DENIS,77,Local industriel. commercial ou assimilé,0,0,64,2023
358000,77240,VERT-SAINT-DENIS,77,Maison,110,6,441,2023
2450000,77240,CESSON,77,Local industriel. commercial ou assimilé,2741,0,6000,2023
305000,77000,VAUX-LE-PENIL,77,Maison,103,4,265,2023
106800,77570,CHATEAU-LANDON,77,Maison,56,3,406,2023
106800,77570,CHATEAU-LANDON,77,Dépendance,0,0,406,2023
300000,77111,SOLERS,77,Maison,92,5,641,2023
300000,77111,SOLERS,77,Dépendance,0,0,641,2023
432150,77135,PONTCARRE,77,Maison,154,5,329,2023
295000,77390,CRISENOY,77,Dépendance,0,0,300,2023
295000,77390,CRISENOY,77,Maison,35,2,300,2023
319000,77220,LIVERDY-EN-BRIE,77,Maison,80,4,500,2023
317000,77340,PONTAULT COMBAULT,77,Dépendance,0,0,123,2023
317000,77340,PONTAULT COMBAULT,77,Maison,73,4,123,2023
168000,77130,MAROLLES-SUR-SEINE,77,Maison,55,3,412,2023
168000,77130,MAROLLES-SUR-SEINE,77,Dépendance,0,0,412,2023
154212,77130,GRANDE-PAROISSE (LA),77,Appartement,50,3,224,2023
154212,77130,GRANDE-PAROISSE (LA),77,Dépendance,0,0,224,2023
208500,77130,SAINT-GERMAIN-LAVAL,77,Maison,95,5,582,2023
318000,77176,SAVIGNY-LE-TEMPLE,77,Maison,96,4,217,2023
320000,77380,COMBS LA VILLE,77,Maison,102,5,487,2023
320000,77380,COMBS LA VILLE,77,Dépendance,0,0,487,2023
335000,77310,BOISSISE-LE-ROI,77,Maison,78,3,500,2023
335000,77310,BOISSISE-LE-ROI,77,Maison,78,3,614,2023
280000,77250,MORET-LOING-ET-ORVANNE,77,Maison,110,4,657,2023
250000,77140,SAINT-PIERRE-LES-NEMOURS,77,Appartement,43,1,334,2023
250000,77140,SAINT-PIERRE-LES-NEMOURS,77,Appartement,63,3,334,2023
250000,77140,SAINT-PIERRE-LES-NEMOURS,77,Appartement,46,2,334,2023
283450,77130,MAROLLES-SUR-SEINE,77,Maison,160,4,650,2023
120000,77350,LE MEE SUR SEINE,77,Dépendance,0,0,8617,2023
585100,77870,VULAINES-SUR-SEINE,77,Maison,140,7,703,2023
348000,77310,PRINGY,77,Maison,104,4,441,2023
432500,77111,SOIGNOLLES-EN-BRIE,77,Maison,136,4,500,2023
432500,77111,SOIGNOLLES-EN-BRIE,77,Dépendance,0,0,500,2023
432500,77111,SOIGNOLLES-EN-BRIE,77,Maison,136,4,465,2023
432500,77111,SOIGNOLLES-EN-BRIE,77,Dépendance,0,0,465,2023
335000,77390,OZOUER-LE-VOULGIS,77,Maison,72,4,487,2023
335000,77390,OZOUER-LE-VOULGIS,77,Maison,72,4,116,2023
335000,77390,OZOUER-LE-VOULGIS,77,Dépendance,0,0,116,2023
335000,77390,OZOUER-LE-VOULGIS,77,Dépendance,0,0,487,2023
120000,77720,MORMANT,77,Appartement,49,2,106,2023
120000,77720,MORMANT,77,Appartement,49,3,106,2023
120000,77720,MORMANT,77,Dépendance,0,0,106,2023
72000,77000,MELUN,77,Appartement,19,1,16,2023
255000,77000,VAUX-LE-PENIL,77,Dépendance,0,0,451,2023
255000,77000,VAUX-LE-PENIL,77,Maison,90,5,451,2023
170500,77950,RUBELLES,77,Maison,88,4,306,2023
80000,77890,GIRONVILLE,77,Dépendance,0,0,580,2023
80000,77890,GIRONVILLE,77,Maison,150,6,580,2023
227000,77720,MORMANT,77,Appartement,32,1,50,2023
227000,77720,MORMANT,77,Dépendance,0,0,50,2023
227000,77720,MORMANT,77,Local industriel. commercial ou assimilé,24,0,50,2023
227000,77720,MORMANT,77,Appartement,30,1,50,2023
640000,77170,BRIE COMTE ROBERT,77,Appartement,44,2,349,2023
640000,77170,BRIE COMTE ROBERT,77,Dépendance,0,0,349,2023
640000,77170,BRIE COMTE ROBERT,77,Appartement,38,2,349,2023
640000,77170,BRIE COMTE ROBERT,77,Appartement,39,2,349,2023
640000,77170,BRIE COMTE ROBERT,77,Appartement,31,2,349,2023
640000,77170,BRIE COMTE ROBERT,77,Appartement,50,2,349,2023
369000,77170,BRIE COMTE ROBERT,77,Maison,110,6,420,2023
420000,77950,VOISENON,77,Maison,137,4,511,2023
495000,77190,DAMMARIE LES LYS,77,Maison,148,6,1151,2023
405000,77590,BOIS LE ROI,77,Maison,98,4,557,2023
545000,77123,NOISY-SUR-ECOLE,77,Dépendance,0,0,4229,2023
545000,77123,NOISY-SUR-ECOLE,77,Maison,170,5,4229,2023
545000,77123,NOISY-SUR-ECOLE,77,Maison,170,5,252,2023
545000,77123,NOISY-SUR-ECOLE,77,Dépendance,0,0,252,2023
50000,77148,SALINS,77,Local industriel. commercial ou assimilé,123,0,381,2023
50000,77148,SALINS,77,Maison,88,5,381,2023
105000,77430,CHAMPAGNE SUR SEINE,77,Local industriel. commercial ou assimilé,200,0,158,2023
345000,77240,CESSON,77,Maison,112,6,837,2023
419000,77330,OZOIR LA FERRIERE,77,Maison,111,5,633,2023
305000,77000,VAUX-LE-PENIL,77,Maison,91,6,423,2023
262570,77130,GRANDE-PAROISSE (LA),77,Maison,104,4,361,2023
262570,77130,GRANDE-PAROISSE (LA),77,Dépendance,0,0,361,2023
165000,77680,ROISSY-EN-BRIE,77,Maison,64,5,407,2023
959100,77930,PERTHES,77,Dépendance,0,0,500,2023
959100,77930,PERTHES,77,Maison,199,6,2529,2023
959100,77930,PERTHES,77,Maison,199,6,500,2023
959100,77930,PERTHES,77,Dépendance,0,0,2529,2023
277000,77630,BARBIZON,77,Maison,54,2,710,2023
345000,77250,VILLEMER,77,Dépendance,0,0,841,2023
345000,77250,VILLEMER,77,Maison,300,8,841,2023
39000,77690,MONTIGNY-SUR-LOING,77,Maison,115,6,45,2023
39000,77690,MONTIGNY-SUR-LOING,77,Dépendance,0,0,22,2023
315000,77690,MONTIGNY-SUR-LOING,77,Maison,40,3,331,2023
315000,77690,MONTIGNY-SUR-LOING,77,Maison,40,3,55,2023
429000,77340,PONTAULT COMBAULT,77,Maison,120,5,659,2023
429000,77340,PONTAULT COMBAULT,77,Dépendance,0,0,659,2023
334000,77570,AUFFERVILLE,77,Maison,200,6,707,2023
250000,77135,PONTCARRE,77,Maison,82,4,294,2023
483700,77210,AVON,77,Maison,90,5,1273,2023
483700,77210,AVON,77,Maison,90,5,1000,2023
220000,77390,CHAUMES-EN-BRIE,77,Maison,140,7,102,2023
220000,77390,CHAUMES-EN-BRIE,77,Maison,140,7,1911,2023
185000,77720,GRANDPUITS-BAILLY-CARROIS,77,Maison,60,3,251,2023
185000,77720,GRANDPUITS-BAILLY-CARROIS,77,Dépendance,0,0,251,2023
347500,77330,OZOIR LA FERRIERE,77,Maison,110,5,204,2023
264900,77176,SAVIGNY-LE-TEMPLE,77,Maison,103,5,116,2023
285000,77390,CHAUMES-EN-BRIE,77,Dépendance,0,0,672,2023
285000,77390,CHAUMES-EN-BRIE,77,Maison,100,5,672,2023
342430,77220,GRETZ-ARMAINVILLIERS,77,Maison,110,5,356,2023
562500,77590,BOIS LE ROI,77,Maison,139,6,711,2023
336000,77350,LE MEE SUR SEINE,77,Maison,90,5,500,2023
336000,77350,LE MEE SUR SEINE,77,Maison,90,5,243,2023
290000,77135,PONTCARRE,77,Dépendance,0,0,337,2023
290000,77135,PONTCARRE,77,Maison,98,5,337,2023
400000,77380,COMBS LA VILLE,77,Maison,94,6,405,2023
275000,77130,GRANDE-PAROISSE (LA),77,Maison,130,4,501,2023
290000,77380,COMBS LA VILLE,77,Maison,110,6,234,2023
145000,77130,VARENNES-SUR-SEINE,77,Dépendance,0,0,372,2023
145000,77130,VARENNES-SUR-SEINE,77,Maison,60,3,372,2023
395000,77240,VERT-SAINT-DENIS,77,Maison,164,7,471,2023
170000,77850,HERICY,77,Dépendance,0,0,867,2023
170000,77850,HERICY,77,Maison,70,3,867,2023
288000,77760,RECLOSES,77,Maison,85,3,168,2023
288000,77760,RECLOSES,77,Dépendance,0,0,168,2023
274600,77380,COMBS LA VILLE,77,Maison,135,6,157,2023
230000,77930,PERTHES,77,Maison,69,3,500,2023
230000,77930,PERTHES,77,Maison,69,3,583,2023
80000,77690,MONTIGNY-SUR-LOING,77,Local industriel. commercial ou assimilé,75,0,165,2023
250000,77250,MORET-LOING-ET-ORVANNE,77,Maison,90,4,102,2023
292000,77350,LE MEE SUR SEINE,77,Maison,68,4,200,2023
755000,77930,SAINT-SAUVEUR-SUR-ECOLE,77,Dépendance,0,0,440,2023
755000,77930,SAINT-SAUVEUR-SUR-ECOLE,77,Maison,166,5,440,2023
1750000,77680,ROISSY-EN-BRIE,77,Local industriel. commercial ou assimilé,483,0,2436,2023
1750000,77680,ROISSY-EN-BRIE,77,Local industriel. commercial ou assimilé,2374,0,2436,2023
1750000,77680,ROISSY-EN-BRIE,77,Appartement,82,3,2436,2023
305000,77140,NEMOURS,77,Appartement,50,3,171,2023
305000,77140,NEMOURS,77,Local industriel. commercial ou assimilé,45,0,171,2023
305000,77140,NEMOURS,77,Local industriel. commercial ou assimilé,44,0,171,2023
300000,77300,FONTAINEBLEAU,77,Dépendance,0,0,255,2023
300000,77300,FONTAINEBLEAU,77,Dépendance,0,0,600,2023
300000,77680,ROISSY-EN-BRIE,77,Maison,62,4,345,2023
10000,77430,CHAMPAGNE SUR SEINE,77,Dépendance,0,0,22,2023
260000,77250,MORET-LOING-ET-ORVANNE,77,Maison,92,6,600,2023
260000,77250,MORET-LOING-ET-ORVANNE,77,Maison,92,6,345,2023
320000,77920,SAMOIS SUR SEINE,77,Maison,36,2,265,2023
320000,77920,SAMOIS SUR SEINE,77,Local industriel. commercial ou assimilé,40,0,265,2023
190000,77680,ROISSY-EN-BRIE,77,Dépendance,0,0,20,2023
190000,77680,ROISSY-EN-BRIE,77,Maison,50,3,36,2023
190000,77680,ROISSY-EN-BRIE,77,Dépendance,0,0,36,2023
180000,77680,ROISSY-EN-BRIE,77,Dépendance,0,0,23,2023
335000,77680,ROISSY-EN-BRIE,77,Maison,62,4,394,2023
330000,77710,NANTEAU-SUR-LUNAIN,77,Maison,140,4,416,2023
330000,77710,NANTEAU-SUR-LUNAIN,77,Maison,140,4,700,2023
285000,77140,MONCOURT FROMONVILLE,77,Maison,93,5,899,2023
220000,77760,VILLIERS-SOUS-GREZ,77,Maison,85,3,900,2023
220000,77760,VILLIERS-SOUS-GREZ,77,Maison,85,3,100,2023
215000,77140,MONCOURT FROMONVILLE,77,Local industriel. commercial ou assimilé,56,0,119,2023
215000,77140,MONCOURT FROMONVILLE,77,Local industriel. commercial ou assimilé,59,0,119,2023
215000,77140,MONCOURT FROMONVILLE,77,Local industriel. commercial ou assimilé,40,0,172,2023
272500,77130,DORMELLES,77,Maison,135,4,124,2023
295000,77240,VERT-SAINT-DENIS,77,Maison,92,5,219,2023
126000,77140,NEMOURS,77,Dépendance,0,0,357,2023
126000,77140,NEMOURS,77,Maison,58,3,357,2023
250000,77250,MORET-LOING-ET-ORVANNE,77,Maison,63,4,534,2023
292000,77176,SAVIGNY-LE-TEMPLE,77,Maison,100,6,285,2023
272100,77250,MORET-LOING-ET-ORVANNE,77,Maison,81,5,418,2023
360000,77780,BOURRON-MARLOTTE,77,Maison,99,5,700,2023
360000,77780,BOURRON-MARLOTTE,77,Maison,99,5,256,2023
100000,77890,BEAUMONT-DU-GATINAIS,77,Maison,85,3,1513,2023
100000,77890,BEAUMONT-DU-GATINAIS,77,Dépendance,0,0,1513,2023
196800,77690,GENEVRAYE (LA),77,Maison,150,5,203,2023
295000,77250,MORET-LOING-ET-ORVANNE,77,Maison,143,4,633,2023
248000,77670,VERNOU-LA-CELLE-SUR-SEINE,77,Maison,84,4,681,2023
485000,77140,SAINT-PIERRE-LES-NEMOURS,77,Maison,167,6,1591,2023
485000,77140,SAINT-PIERRE-LES-NEMOURS,77,Dépendance,0,0,500,2023
485000,77140,SAINT-PIERRE-LES-NEMOURS,77,Maison,167,6,500,2023
485000,77140,SAINT-PIERRE-LES-NEMOURS,77,Dépendance,0,0,1591,2023
267000,77140,NEMOURS,77,Maison,113,5,437,2023
203890,77140,DARVAULT,77,Maison,87,5,607,2023
320000,77140,SAINT-PIERRE-LES-NEMOURS,77,Maison,144,7,516,2023
715000,77170,SERVON,77,Dépendance,0,0,500,2023
715000,77170,SERVON,77,Maison,178,7,292,2023
715000,77170,SERVON,77,Dépendance,0,0,292,2023
715000,77170,SERVON,77,Maison,178,7,500,2023
225000,77167,FAY-LES-NEMOURS,77,Maison,130,6,701,2023
699000,77140,DARVAULT,77,Maison,372,10,365,2023
395000,77173,CHEVRY-COSSIGNY,77,Maison,100,5,700,2023
215000,77390,CHAUMES-EN-BRIE,77,Maison,132,4,103,2023
215000,77390,CHAUMES-EN-BRIE,77,Dépendance,0,0,103,2023
550000,77000,MELUN,77,Appartement,22,1,169,2023
550000,77000,MELUN,77,Appartement,32,1,169,2023
550000,77000,MELUN,77,Local industriel. commercial ou assimilé,93,0,169,2023
550000,77000,MELUN,77,Appartement,19,1,169,2023
550000,77000,MELUN,77,Appartement,26,1,169,2023
550000,77000,MELUN,77,Appartement,48,2,169,2023
550000,77000,MELUN,77,Appartement,34,1,169,2023
225000,77210,AVON,77,Maison,102,4,85,2023
560650,77590,CHARTRETTES,77,Dépendance,0,0,1009,2023
560650,77590,CHARTRETTES,77,Maison,130,5,1009,2023
185000,77390,CRISENOY,77,Maison,68,4,653,2023
280000,77300,FONTAINEBLEAU,77,Maison,52,3,119,2023
155000,77111,SOLERS,77,Dépendance,0,0,690,2023
155000,77111,SOLERS,77,Maison,64,2,690,2023
570000,77690,MONTIGNY-SUR-LOING,77,Maison,161,6,189,2023
742000,77590,BOIS LE ROI,77,Maison,176,5,46,2023
742000,77590,BOIS LE ROI,77,Maison,51,2,46,2023
168300,77780,BOURRON-MARLOTTE,77,Dépendance,0,0,381,2023
168300,77780,BOURRON-MARLOTTE,77,Maison,60,3,381,2023
168300,77780,BOURRON-MARLOTTE,77,Dépendance,0,0,176,2023
750500,77590,BOIS LE ROI,77,Maison,183,6,164,2023
750500,77590,BOIS LE ROI,77,Maison,183,6,1900,2023
398542,77240,VERT-SAINT-DENIS,77,Maison,109,6,833,2023
347100,77310,SAINT-FARGEAU-PONTHIERRY,77,Appartement,47,3,502,2023
347100,77310,SAINT-FARGEAU-PONTHIERRY,77,Dépendance,0,0,502,2023
731850,77930,SAINT-SAUVEUR-SUR-ECOLE,77,Maison,134,5,545,2023
731850,77930,SAINT-SAUVEUR-SUR-ECOLE,77,Dépendance,0,0,545,2023
521000,77170,SERVON,77,Maison,120,6,300,2023
521000,77170,SERVON,77,Maison,120,6,432,2023
360000,77176,SAVIGNY-LE-TEMPLE,77,Maison,121,6,492,2023
637000,77150,LESIGNY,77,Maison,122,6,183,2023
637000,77150,LESIGNY,77,Maison,122,6,500,2023
355000,77140,NEMOURS,77,Dépendance,0,0,793,2023
355000,77140,NEMOURS,77,Maison,105,5,793,2023
355000,77140,NEMOURS,77,Maison,28,1,793,2023
198000,77140,SAINT-PIERRE-LES-NEMOURS,77,Maison,80,5,566,2023
225000,77140,DARVAULT,77,Dépendance,0,0,500,2023
225000,77140,DARVAULT,77,Maison,106,4,500,2023
349000,77370,CLOS-FONTAINE,77,Maison,114,7,688,2023
349000,77370,CLOS-FONTAINE,77,Dépendance,0,0,688,2023
590000,77150,LESIGNY,77,Maison,104,5,231,2023
590000,77150,LESIGNY,77,Maison,104,5,500,2023
242500,77720,GRANDPUITS-BAILLY-CARROIS,77,Maison,94,5,380,2023
242000,77140,SAINT-PIERRE-LES-NEMOURS,77,Maison,75,4,327,2023
225000,77130,MONTEREAU FAULT YONNE,77,Maison,80,4,200,2023
225000,77130,MONTEREAU FAULT YONNE,77,Maison,80,4,524,2023
371000,77000,VAUX-LE-PENIL,77,Maison,126,7,464,2023
242000,77176,SAVIGNY-LE-TEMPLE,77,Maison,101,6,292,2023
263000,77240,VERT-SAINT-DENIS,77,Maison,93,5,321,2023
300000,77176,NANDY,77,Maison,82,4,313,2023
173000,77140,SAINT-PIERRE-LES-NEMOURS,77,Maison,95,5,401,2023
347500,77140,SAINT-PIERRE-LES-NEMOURS,77,Maison,230,8,600,2023
347500,77140,SAINT-PIERRE-LES-NEMOURS,77,Dépendance,0,0,951,2023
347500,77140,SAINT-PIERRE-LES-NEMOURS,77,Dépendance,0,0,600,2023
347500,77140,SAINT-PIERRE-LES-NEMOURS,77,Maison,230,8,951,2023
590000,77140,SAINT-PIERRE-LES-NEMOURS,77,Dépendance,0,0,885,2023
590000,77140,SAINT-PIERRE-LES-NEMOURS,77,Maison,151,7,885,2023
590000,77140,SAINT-PIERRE-LES-NEMOURS,77,Dépendance,0,0,780,2023
224410,77210,AVON,77,Maison,24,1,58,2023
236000,77570,MADELEINE-SUR-LOING (LA),77,Dépendance,0,0,441,2023
236000,77570,MADELEINE-SUR-LOING (LA),77,Maison,177,4,441,2023
368851,77930,CHAILLY-EN-BIERE,77,Maison,119,5,694,2023
331000,77390,VERNEUIL-L ETANG,77,Maison,75,4,600,2023
319000,77140,SAINT-PIERRE-LES-NEMOURS,77,Maison,112,5,564,2023
319000,77140,SAINT-PIERRE-LES-NEMOURS,77,Maison,112,5,500,2023
361000,77140,MONCOURT FROMONVILLE,77,Dépendance,0,0,802,2023
361000,77140,MONCOURT FROMONVILLE,77,Maison,147,5,802,2023
338000,77720,MORMANT,77,Maison,129,6,407,2023
338000,77720,MORMANT,77,Dépendance,0,0,407,2023
690000,77123,NOISY-SUR-ECOLE,77,Dépendance,0,0,445,2023
690000,77123,NOISY-SUR-ECOLE,77,Dépendance,0,0,3000,2023
690000,77123,NOISY-SUR-ECOLE,77,Maison,177,6,445,2023
690000,77123,NOISY-SUR-ECOLE,77,Maison,177,6,3000,2023
295000,77170,BRIE COMTE ROBERT,77,Maison,95,5,299,2023
106000,77670,SAINT-MAMMES,77,Dépendance,0,0,22,2023
106000,77670,SAINT-MAMMES,77,Dépendance,0,0,493,2023
272000,77140,SAINT-PIERRE-LES-NEMOURS,77,Dépendance,0,0,515,2023
272000,77140,SAINT-PIERRE-LES-NEMOURS,77,Maison,136,9,515,2023
265000,77140,NEMOURS,77,Dépendance,0,0,800,2023
265000,77140,NEMOURS,77,Maison,125,7,800,2023
190000,77210,AVON,77,Dépendance,0,0,282,2023
190000,77210,AVON,77,Maison,58,3,282,2023
350000,77210,SAMOREAU,77,Maison,131,6,500,2023
350000,77210,SAMOREAU,77,Maison,131,6,1060,2023
212000,77760,VILLIERS-SOUS-GREZ,77,Maison,113,5,500,2023
212000,77760,VILLIERS-SOUS-GREZ,77,Dépendance,0,0,1523,2023
212000,77760,VILLIERS-SOUS-GREZ,77,Maison,113,5,1523,2023
212000,77760,VILLIERS-SOUS-GREZ,77,Dépendance,0,0,500,2023
320000,77330,OZOIR LA FERRIERE,77,Dépendance,0,0,550,2023
320000,77330,OZOIR LA FERRIERE,77,Maison,120,4,550,2023
319100,77167,POLIGNY,77,Maison,150,5,821,2023
319100,77167,POLIGNY,77,Dépendance,0,0,500,2023
319100,77167,POLIGNY,77,Maison,150,5,500,2023
319100,77167,POLIGNY,77,Dépendance,0,0,821,2023
301250,77330,OZOIR LA FERRIERE,77,Maison,75,4,191,2023
727000,77123,NOISY-SUR-ECOLE,77,Dépendance,0,0,1000,2023
727000,77123,NOISY-SUR-ECOLE,77,Maison,190,6,1000,2023
727000,77123,NOISY-SUR-ECOLE,77,Dépendance,0,0,2185,2023
727000,77123,NOISY-SUR-ECOLE,77,Maison,190,6,2185,2023
229810,77210,AVON,77,Maison,55,3,412,2023
340000,77590,BOIS LE ROI,77,Maison,86,3,282,2023
340000,77590,BOIS LE ROI,77,Dépendance,0,0,282,2023
355000,77590,BOIS LE ROI,77,Maison,83,4,329,2023
453000,77210,AVON,77,Dépendance,0,0,200,2023
453000,77210,AVON,77,Maison,121,5,200,2023
230000,77000,MELUN,77,Maison,60,4,384,2023
238000,77240,VERT-SAINT-DENIS,77,Maison,89,5,302,2023
178000,77460,SOUPPES-SUR-LOING,77,Maison,88,5,110,2023
178000,77460,SOUPPES-SUR-LOING,77,Maison,88,5,1311,2023
272800,77250,VILLECERF,77,Maison,83,4,200,2023
272800,77250,VILLECERF,77,Maison,83,4,690,2023
311370,77930,PERTHES,77,Maison,120,5,91,2023
285000,77340,PONTAULT COMBAULT,77,Maison,57,2,374,2023
245000,77250,MORET-LOING-ET-ORVANNE,77,Maison,100,3,25,2023
329000,77950,MAINCY,77,Maison,98,4,518,2023
225000,77310,PRINGY,77,Maison,88,3,286,2023
225000,77310,PRINGY,77,Local industriel. commercial ou assimilé,198,0,286,2023
225000,77310,PRINGY,77,Dépendance,0,0,286,2023
577000,77950,MAINCY,77,Dépendance,0,0,604,2023
577000,77950,MAINCY,77,Maison,251,11,604,2023
476000,77250,MORET-LOING-ET-ORVANNE,77,Maison,120,4,589,2023
479000,77310,SAINT-FARGEAU-PONTHIERRY,77,Maison,157,4,82,2023
330000,77250,MORET-LOING-ET-ORVANNE,77,Maison,107,6,460,2023
380000,77550,MOISSY-CRAMAYEL,77,Local industriel. commercial ou assimilé,127,0,228,2023
380000,77550,MOISSY-CRAMAYEL,77,Appartement,124,5,228,2023
380000,77550,MOISSY-CRAMAYEL,77,Dépendance,0,0,228,2023
130000,77130,CANNES-ECLUSE,77,Maison,90,6,586,2023
440000,77220,TOURNAN-EN-BRIE,77,Maison,127,7,500,2023
440000,77220,TOURNAN-EN-BRIE,77,Maison,127,7,600,2023
630000,77330,OZOIR LA FERRIERE,77,Maison,157,7,500,2023
630000,77330,OZOIR LA FERRIERE,77,Maison,157,7,605,2023
630000,77330,OZOIR LA FERRIERE,77,Dépendance,0,0,500,2023
630000,77330,OZOIR LA FERRIERE,77,Dépendance,0,0,605,2023
288950,77000,MELUN,77,Maison,92,4,407,2023
428900,77135,PONTCARRE,77,Maison,101,6,716,2023
430000,77190,DAMMARIE LES LYS,77,Maison,134,5,500,2023
430000,77190,DAMMARIE LES LYS,77,Maison,134,5,433,2023
290000,77390,GUIGNES,77,Maison,90,4,318,2023
286000,77340,PONTAULT COMBAULT,77,Dépendance,0,0,406,2023
286000,77340,PONTAULT COMBAULT,77,Maison,57,3,406,2023
174000,77710,VILLEMARECHAL,77,Maison,54,2,966,2023
45000,77930,CHAILLY-EN-BIERE,77,Maison,70,3,1043,2023
45000,77930,CHAILLY-EN-BIERE,77,Maison,70,3,600,2023
302000,77250,MORET-LOING-ET-ORVANNE,77,Maison,115,4,264,2023
430000,77000,LIVRY-SUR-SEINE,77,Local industriel. commercial ou assimilé,215,0,731,2023
242200,77310,SAINT-FARGEAU-PONTHIERRY,77,Dépendance,0,0,255,2023
242200,77310,SAINT-FARGEAU-PONTHIERRY,77,Maison,68,3,255,2023
124500,77250,MORET-LOING-ET-ORVANNE,77,Maison,55,3,29,2023
211000,77166,EVRY-GREGY-SUR-YERRE,77,Maison,62,3,552,2023
260000,77390,OZOUER-LE-VOULGIS,77,Maison,84,4,62,2023
260000,77140,MONCOURT FROMONVILLE,77,Maison,107,5,595,2023
190000,77720,CHAPELLE-GAUTHIER (LA),77,Maison,98,4,408,2023
190000,77720,CHAPELLE-GAUTHIER (LA),77,Dépendance,0,0,408,2023
190000,77720,CHAPELLE-GAUTHIER (LA),77,Dépendance,0,0,522,2023
190000,77720,CHAPELLE-GAUTHIER (LA),77,Maison,98,4,522,2023
110000,77850,HERICY,77,Maison,62,4,165,2023
519000,77330,OZOIR LA FERRIERE,77,Dépendance,0,0,416,2023
519000,77330,OZOIR LA FERRIERE,77,Maison,156,4,416,2023
338000,77127,LIEUSAINT,77,Maison,99,5,335,2023
238000,77240,VERT-SAINT-DENIS,77,Maison,67,3,192,2023
238000,77240,VERT-SAINT-DENIS,77,Dépendance,0,0,13,2023
196900,77570,CHATEAU-LANDON,77,Dépendance,0,0,74,2023
196900,77570,CHATEAU-LANDON,77,Dépendance,0,0,18,2023
196900,77570,CHATEAU-LANDON,77,Maison,90,3,758,2023
286000,77140,NEMOURS,77,Maison,116,4,500,2023
286000,77140,NEMOURS,77,Maison,116,4,1346,2023
285000,77390,CRISENOY,77,Maison,118,7,513,2023
291000,77390,FOUJU,77,Maison,105,5,207,2023
220000,77390,YEBLES,77,Maison,89,5,555,2023
220000,77390,YEBLES,77,Dépendance,0,0,555,2023
300000,77240,CESSON,77,Maison,88,5,447,2023
275000,77310,SAINT-FARGEAU-PONTHIERRY,77,Maison,75,4,114,2023
297000,77176,SAVIGNY-LE-TEMPLE,77,Maison,82,4,234,2023
378500,77340,PONTAULT COMBAULT,77,Maison,92,5,281,2023
354000,77220,PRESLES-EN-BRIE,77,Maison,113,7,897,2023
185000,77130,SAINT-GERMAIN-LAVAL,77,Maison,100,6,517,2023
329900,77380,COMBS LA VILLE,77,Maison,89,4,348,2023
149000,77250,VILLEMER,77,Maison,110,4,421,2023
408000,77590,BOIS LE ROI,77,Maison,93,5,245,2023
408000,77590,BOIS LE ROI,77,Dépendance,0,0,245,2023
340000,77170,BRIE COMTE ROBERT,77,Maison,108,6,236,2023
493500,77173,CHEVRY-COSSIGNY,77,Maison,134,6,409,2023
415000,77670,SAINT-MAMMES,77,Local industriel. commercial ou assimilé,38,0,194,2023
415000,77670,SAINT-MAMMES,77,Maison,114,3,194,2023
415000,77670,SAINT-MAMMES,77,Dépendance,0,0,194,2023
270000,77550,LISSY,77,Maison,50,2,100,2023
244000,77176,SAVIGNY-LE-TEMPLE,77,Maison,86,4,136,2023
312000,77250,MORET-LOING-ET-ORVANNE,77,Maison,151,5,636,2023
312000,77250,MORET-LOING-ET-ORVANNE,77,Maison,151,5,500,2023
394500,77250,MORET-LOING-ET-ORVANNE,77,Maison,143,5,610,2023
422800,77170,BRIE COMTE ROBERT,77,Maison,120,6,472,2023
180000,77130,SAINT-GERMAIN-LAVAL,77,Dépendance,0,0,520,2023
180000,77130,SAINT-GERMAIN-LAVAL,77,Maison,84,5,520,2023
294500,77720,CHAMPEAUX,77,Maison,123,5,214,2023
294500,77720,CHAMPEAUX,77,Maison,123,5,500,2023
590000,77330,OZOIR LA FERRIERE,77,Maison,160,6,725,2023
590000,77330,OZOIR LA FERRIERE,77,Maison,160,6,500,2023
413400,77680,ROISSY-EN-BRIE,77,Maison,103,5,624,2023
365000,77930,PERTHES,77,Local industriel. commercial ou assimilé,55,0,228,2023
365000,77930,PERTHES,77,Appartement,80,4,228,2023
365000,77930,PERTHES,77,Dépendance,0,0,228,2023
489000,77330,OZOIR LA FERRIERE,77,Maison,167,7,494,2023
355000,77330,OZOIR LA FERRIERE,77,Maison,123,4,412,2023
261863,77176,SAVIGNY-LE-TEMPLE,77,Maison,110,5,352,2023
355000,77176,SAVIGNY-LE-TEMPLE,77,Maison,117,5,546,2023
420000,77250,MORET-LOING-ET-ORVANNE,77,Maison,127,6,627,2023
269900,77176,SAVIGNY-LE-TEMPLE,77,Maison,75,4,224,2023
308000,77176,SAVIGNY-LE-TEMPLE,77,Maison,87,4,355,2023
360000,77310,SAINT-FARGEAU-PONTHIERRY,77,Maison,90,4,304,2023
354300,77127,LIEUSAINT,77,Maison,104,5,398,2023
237000,77140,SAINT-PIERRE-LES-NEMOURS,77,Maison,100,5,557,2023
235000,77430,CHAMPAGNE SUR SEINE,77,Dépendance,0,0,163,2023
235000,77430,CHAMPAGNE SUR SEINE,77,Maison,58,3,163,2023
235000,77430,CHAMPAGNE SUR SEINE,77,Dépendance,0,0,172,2023
270000,77310,PRINGY,77,Maison,83,4,235,2023
342900,77127,LIEUSAINT,77,Maison,77,4,223,2023
392000,77127,LIEUSAINT,77,Maison,142,8,489,2023
273586,77720,MORMANT,77,Dépendance,0,0,503,2023
273586,77720,MORMANT,77,Maison,102,5,503,2023
390000,77310,SAINT-FARGEAU-PONTHIERRY,77,Maison,112,4,101,2023
390000,77310,SAINT-FARGEAU-PONTHIERRY,77,Dépendance,0,0,1483,2023
390000,77310,SAINT-FARGEAU-PONTHIERRY,77,Maison,112,4,1483,2023
390000,77310,SAINT-FARGEAU-PONTHIERRY,77,Dépendance,0,0,101,2023
280000,77950,MAINCY,77,Maison,84,3,354,2023
280000,77950,MAINCY,77,Maison,84,3,500,2023
308650,77380,COMBS LA VILLE,77,Maison,118,7,488,2023
364550,77240,VERT-SAINT-DENIS,77,Maison,137,7,500,2023
348000,77390,CRISENOY,77,Maison,80,5,539,2023
140000,77720,MORMANT,77,Maison,68,3,227,2023
36000,77570,CHATEAU-LANDON,77,Maison,20,1,509,2023
36000,77570,CHATEAU-LANDON,77,Maison,6,1,1518,2023
831000,77760,VILLIERS-SOUS-GREZ,77,Maison,220,6,358,2023
831000,77760,VILLIERS-SOUS-GREZ,77,Dépendance,0,0,358,2023
425000,77310,SAINT-FARGEAU-PONTHIERRY,77,Dépendance,0,0,410,2023
425000,77310,SAINT-FARGEAU-PONTHIERRY,77,Maison,105,5,410,2023
187000,77670,VERNOU-LA-CELLE-SUR-SEINE,77,Maison,81,4,250,2023
187000,77670,VERNOU-LA-CELLE-SUR-SEINE,77,Maison,81,4,986,2023
277000,77140,MONCOURT FROMONVILLE,77,Maison,168,6,800,2023
277000,77140,MONCOURT FROMONVILLE,77,Dépendance,0,0,800,2023
285000,77176,SAVIGNY-LE-TEMPLE,77,Maison,101,6,317,2023
300000,77370,FONTENAILLES,77,Maison,108,4,844,2023
317000,77176,SAVIGNY-LE-TEMPLE,77,Maison,83,5,236,2023
542850,77000,LIVRY-SUR-SEINE,77,Dépendance,0,0,709,2023
542850,77000,LIVRY-SUR-SEINE,77,Maison,121,4,709,2023
334850,77390,VERNEUIL-L ETANG,77,Maison,150,6,706,2023
576000,77310,SAINT-FARGEAU-PONTHIERRY,77,Maison,178,7,925,2023
576000,77310,SAINT-FARGEAU-PONTHIERRY,77,Maison,178,7,200,2023
255000,77130,CANNES-ECLUSE,77,Local industriel. commercial ou assimilé,293,0,680,2023
305000,77140,NEMOURS,77,Local industriel. commercial ou assimilé,164,0,102,2023
305000,77140,NEMOURS,77,Maison,45,3,102,2023
76000,77167,BAGNEAUX-SUR-LOING,77,Dépendance,0,0,448,2023
76000,77167,BAGNEAUX-SUR-LOING,77,Maison,60,3,448,2023
314500,77810,THOMERY,77,Dépendance,0,0,254,2023
314500,77810,THOMERY,77,Maison,62,2,254,2023
110000,77130,GRANDE-PAROISSE (LA),77,Dépendance,0,0,701,2023
110000,77130,GRANDE-PAROISSE (LA),77,Maison,84,5,701,2023
280000,77890,BEAUMONT-DU-GATINAIS,77,Maison,178,6,296,2023
280000,77890,BEAUMONT-DU-GATINAIS,77,Dépendance,0,0,177,2023
376600,77127,LIEUSAINT,77,Maison,111,5,245,2023
390000,77380,COMBS LA VILLE,77,Maison,95,4,495,2023
360000,77240,CESSON,77,Maison,219,7,565,2023
156500,77720,BREAU,77,Maison,30,1,420,2023
250000,77590,CHARTRETTES,77,Local industriel. commercial ou assimilé,1709,0,4584,2023
315000,77190,DAMMARIE LES LYS,77,Maison,160,8,315,2023
175000,77460,SOUPPES-SUR-LOING,77,Dépendance,0,0,400,2023
175000,77460,SOUPPES-SUR-LOING,77,Maison,140,5,400,2023
175000,77460,SOUPPES-SUR-LOING,77,Dépendance,0,0,672,2023
175000,77460,SOUPPES-SUR-LOING,77,Maison,140,5,672,2023
238450,77210,SAMOREAU,77,Maison,78,3,584,2023
130000,77123,TOUSSON,77,Maison,190,6,76,2023
130000,77123,TOUSSON,77,Maison,52,2,76,2023
130000,77123,TOUSSON,77,Dépendance,0,0,76,2023
345000,77720,MORMANT,77,Maison,155,6,870,2023
345000,77720,MORMANT,77,Maison,155,6,300,2023
580770,77380,COMBS LA VILLE,77,Maison,95,4,495,2023
409000,77220,TOURNAN-EN-BRIE,77,Maison,108,4,500,2023
409000,77220,TOURNAN-EN-BRIE,77,Maison,108,4,296,2023
348000,77340,PONTAULT COMBAULT,77,Maison,87,4,266,2023
381400,77330,OZOIR LA FERRIERE,77,Maison,102,5,424,2023
366500,77380,COMBS LA VILLE,77,Local industriel. commercial ou assimilé,90,0,214,2023
366500,77380,COMBS LA VILLE,77,Appartement,76,2,214,2023
366500,77380,COMBS LA VILLE,77,Dépendance,0,0,214,2023
600000,77130,MONTEREAU FAULT YONNE,77,Maison,290,9,1101,2023
600000,77130,MONTEREAU FAULT YONNE,77,Dépendance,0,0,1101,2023
600000,77130,MONTEREAU FAULT YONNE,77,Dépendance,0,0,1464,2023
600000,77130,MONTEREAU FAULT YONNE,77,Maison,290,9,1464,2023
335000,77000,LIVRY-SUR-SEINE,77,Maison,79,4,151,2023
300000,77820,CHATELET-EN-BRIE (LE),77,Maison,95,3,520,2023
300000,77820,CHATELET-EN-BRIE (LE),77,Dépendance,0,0,520,2023
300000,77820,CHATELET-EN-BRIE (LE),77,Maison,95,3,1292,2023
300000,77820,CHATELET-EN-BRIE (LE),77,Dépendance,0,0,1292,2023
605900,77920,SAMOIS SUR SEINE,77,Maison,125,5,920,2023
301080,77720,MORMANT,77,Maison,121,5,354,2023
142900,77130,VILLE-SAINT-JACQUES,77,Dépendance,0,0,161,2023
142900,77130,VILLE-SAINT-JACQUES,77,Maison,130,7,161,2023
392000,77111,SOIGNOLLES-EN-BRIE,77,Maison,107,6,500,2023
392000,77111,SOIGNOLLES-EN-BRIE,77,Maison,107,6,499,2023
572300,77930,PERTHES,77,Maison,93,3,839,2023
572300,77930,PERTHES,77,Dépendance,0,0,839,2023
265000,77190,DAMMARIE LES LYS,77,Appartement,55,3,157,2023
265000,77190,DAMMARIE LES LYS,77,Appartement,50,3,157,2023
265000,77190,DAMMARIE LES LYS,77,Dépendance,0,0,157,2023
265000,77190,DAMMARIE LES LYS,77,Local industriel. commercial ou assimilé,20,0,157,2023
505500,77000,MELUN,77,Maison,118,4,318,2023
505500,77000,MELUN,77,Dépendance,0,0,318,2023
285150,77720,BOMBON,77,Dépendance,0,0,772,2023
285150,77720,BOMBON,77,Maison,94,5,772,2023
351500,77127,LIEUSAINT,77,Maison,81,4,429,2023
300000,77127,LIEUSAINT,77,Maison,89,4,314,2023
327400,77390,CHAUMES-EN-BRIE,77,Maison,104,5,400,2023
231200,77570,CHATEAU-LANDON,77,Maison,90,3,400,2023
231200,77570,CHATEAU-LANDON,77,Dépendance,0,0,400,2023
196154,77570,AUFFERVILLE,77,Dépendance,0,0,465,2023
196154,77570,AUFFERVILLE,77,Maison,122,5,465,2023
182500,77130,VARENNES-SUR-SEINE,77,Dépendance,0,0,400,2023
182500,77130,VARENNES-SUR-SEINE,77,Maison,60,4,400,2023
604500,77930,CELY EN BIERE,77,Dépendance,0,0,492,2023
604500,77930,CELY EN BIERE,77,Maison,175,6,492,2023
408000,77127,LIEUSAINT,77,Maison,103,5,318,2023
215000,77940,ESMANS,77,Maison,92,4,425,2023
177000,77140,SAINT-PIERRE-LES-NEMOURS,77,Maison,74,4,1420,2023
177000,77140,SAINT-PIERRE-LES-NEMOURS,77,Maison,74,4,200,2023
270000,77670,SAINT-MAMMES,77,Maison,122,4,469,2023
255000,77710,LORREZ-LE-BOCAGE-PREAUX,77,Maison,123,5,639,2023
697300,77250,MORET-LOING-ET-ORVANNE,77,Dépendance,0,0,1328,2023
697300,77250,MORET-LOING-ET-ORVANNE,77,Maison,142,5,116,2023
697300,77250,MORET-LOING-ET-ORVANNE,77,Maison,142,5,1328,2023
697300,77250,MORET-LOING-ET-ORVANNE,77,Dépendance,0,0,116,2023
168000,77140,NEMOURS,77,Maison,128,4,126,2023
85000,77710,CHEVRY-EN-SEREINE,77,Maison,56,2,534,2023
85000,77710,CHEVRY-EN-SEREINE,77,Dépendance,0,0,534,2023
253000,77430,CHAMPAGNE SUR SEINE,77,Maison,64,4,410,2023
253000,77430,CHAMPAGNE SUR SEINE,77,Dépendance,0,0,410,2023
275000,77390,COURTOMER,77,Dépendance,0,0,135,2023
275000,77390,COURTOMER,77,Maison,110,6,135,2023
240000,77133,MACHAULT,77,Maison,70,3,261,2023
260000,77176,SAVIGNY-LE-TEMPLE,77,Maison,91,4,236,2023
419500,77950,MONTEREAU-SUR-LE-JARD,77,Dépendance,0,0,443,2023
419500,77950,MONTEREAU-SUR-LE-JARD,77,Maison,270,6,443,2023
140000,77000,MELUN,77,Dépendance,0,0,342,2023
140000,77000,MELUN,77,Maison,112,4,342,2023
380000,77620,EGREVILLE,77,Dépendance,0,0,978,2023
380000,77620,EGREVILLE,77,Maison,325,8,978,2023
380000,77620,EGREVILLE,77,Maison,39,1,978,2023
260000,77940,MONTMACHOUX,77,Dépendance,0,0,1119,2023
260000,77940,MONTMACHOUX,77,Maison,89,3,1119,2023
260000,77940,MONTMACHOUX,77,Local industriel. commercial ou assimilé,86,0,1119,2023
287000,77680,ROISSY-EN-BRIE,77,Maison,91,5,444,2023
245000,77810,THOMERY,77,Dépendance,0,0,218,2023
245000,77810,THOMERY,77,Maison,90,5,218,2023
115000,77940,ESMANS,77,Maison,78,2,76,2023
115000,77940,ESMANS,77,Dépendance,0,0,26,2023
230000,77550,MOISSY-CRAMAYEL,77,Maison,83,5,305,2023
144000,77570,CHATEAU-LANDON,77,Maison,56,3,65,2023
250000,77190,DAMMARIE LES LYS,77,Maison,78,5,571,2023
307000,77720,CHAPELLE-GAUTHIER (LA),77,Maison,116,5,611,2023
1066200,77300,FONTAINEBLEAU,77,Maison,150,6,336,2023
205900,77190,DAMMARIE LES LYS,77,Maison,68,2,312,2023
235000,77810,THOMERY,77,Maison,62,4,173,2023
235000,77810,THOMERY,77,Maison,62,4,550,2023
240750,77850,HERICY,77,Maison,60,3,126,2023
535000,77810,THOMERY,77,Dépendance,0,0,600,2023
535000,77810,THOMERY,77,Maison,150,7,600,2023
275000,77240,CESSON,77,Maison,68,3,456,2023
190000,77570,BOUGLIGNY,77,Dépendance,0,0,683,2023
190000,77570,BOUGLIGNY,77,Maison,135,4,135,2023
190000,77570,BOUGLIGNY,77,Dépendance,0,0,135,2023
190000,77570,BOUGLIGNY,77,Maison,135,4,683,2023
349763,77760,VILLIERS-SOUS-GREZ,77,Maison,66,5,153,2023
136500,77130,GRANDE-PAROISSE (LA),77,Maison,104,5,634,2023
271100,77430,CHAMPAGNE SUR SEINE,77,Maison,90,4,237,2023
271100,77430,CHAMPAGNE SUR SEINE,77,Dépendance,0,0,237,2023
355000,77330,OZOIR LA FERRIERE,77,Maison,66,3,421,2023
10000,77890,OBSONVILLE,77,Local industriel. commercial ou assimilé,1200,0,9012,2023
10000,77890,OBSONVILLE,77,Local industriel. commercial ou assimilé,1200,0,9884,2023
395000,77590,BOIS LE ROI,77,Maison,85,3,322,2023
266000,77850,HERICY,77,Maison,72,4,341,2023
782000,77150,FEROLLES-ATTILLY,77,Dépendance,0,0,1321,2023
782000,77150,FEROLLES-ATTILLY,77,Maison,166,6,500,2023
782000,77150,FEROLLES-ATTILLY,77,Dépendance,0,0,500,2023
782000,77150,FEROLLES-ATTILLY,77,Maison,166,6,1321,2023
230000,77850,HERICY,77,Maison,72,4,341,2023
236000,77720,QUIERS,77,Maison,110,5,800,2023
467000,77920,SAMOIS SUR SEINE,77,Maison,157,6,593,2023
824400,77240,SEINE-PORT,77,Dépendance,0,0,500,2023
824400,77240,SEINE-PORT,77,Maison,190,6,500,2023
824400,77240,SEINE-PORT,77,Dépendance,0,0,564,2023
824400,77240,SEINE-PORT,77,Maison,190,6,564,2023
370000,77000,ROCHETTE(LA),77,Maison,140,7,758,2023
315000,77170,COUBERT,77,Maison,89,4,534,2023
147000,77720,CHAPELLE-GAUTHIER (LA),77,Maison,45,2,209,2023
625000,77300,FONTAINEBLEAU,77,Maison,75,4,439,2023
510000,77590,BOIS LE ROI,77,Maison,115,4,624,2023
300000,77135,PONTCARRE,77,Maison,73,4,225,2023
237000,77430,CHAMPAGNE SUR SEINE,77,Maison,101,4,328,2023
383800,77170,SERVON,77,Maison,87,5,745,2023
355000,77220,TOURNAN-EN-BRIE,77,Maison,90,5,402,2023
235500,77140,MONCOURT FROMONVILLE,77,Maison,95,3,343,2023
188000,77123,NOISY-SUR-ECOLE,77,Maison,48,3,50,2023
188000,77123,NOISY-SUR-ECOLE,77,Dépendance,0,0,50,2023
205000,77830,ECHOUBOULAINS,77,Maison,93,6,514,2023
328000,77166,GRISY-SUISNES,77,Dépendance,0,0,572,2023
328000,77166,GRISY-SUISNES,77,Maison,131,4,572,2023
410000,77590,BOIS LE ROI,77,Maison,100,4,300,2023
410000,77590,BOIS LE ROI,77,Maison,100,4,573,2023
293150,77590,CHARTRETTES,77,Maison,75,5,540,2023
170000,77430,CHAMPAGNE SUR SEINE,77,Dépendance,0,0,359,2023
170000,77430,CHAMPAGNE SUR SEINE,77,Maison,53,3,359,2023
530000,77330,OZOIR LA FERRIERE,77,Maison,111,5,500,2023
530000,77330,OZOIR LA FERRIERE,77,Maison,111,5,190,2023
420000,77340,PONTAULT COMBAULT,77,Dépendance,0,0,322,2023
420000,77340,PONTAULT COMBAULT,77,Maison,102,4,322,2023
274000,77830,PAMFOU,77,Maison,137,4,112,2023
274000,77830,PAMFOU,77,Maison,137,4,2403,2023
326000,77610,CHATRES,77,Maison,119,6,530,2023
150000,77760,RECLOSES,77,Maison,115,3,185,2023
345000,77340,PONTAULT COMBAULT,77,Maison,86,4,367,2023
291000,77340,PONTAULT COMBAULT,77,Maison,86,4,133,2023
170000,77940,FLAGY,77,Maison,160,5,438,2023
170000,77940,FLAGY,77,Dépendance,0,0,438,2023
412000,77170,BRIE COMTE ROBERT,77,Maison,155,7,712,2023
624500,77123,NOISY-SUR-ECOLE,77,Maison,128,5,647,2023
624500,77123,NOISY-SUR-ECOLE,77,Maison,128,5,2300,2023
345000,77170,BRIE COMTE ROBERT,77,Maison,89,5,418,2023
276500,77240,VERT-SAINT-DENIS,77,Maison,85,4,243,2023
276500,77240,VERT-SAINT-DENIS,77,Dépendance,0,0,13,2023
280000,77140,MONCOURT FROMONVILLE,77,Maison,120,4,840,2023
280000,77140,MONCOURT FROMONVILLE,77,Dépendance,0,0,840,2023
298650,77176,NANDY,77,Maison,83,4,291,2023
179000,77940,VOULX,77,Maison,85,3,262,2023
234900,77940,ESMANS,77,Maison,72,4,349,2023
234900,77940,ESMANS,77,Dépendance,0,0,349,2023
365000,77000,LIVRY-SUR-SEINE,77,Maison,104,5,583,2023
540000,77340,PONTAULT COMBAULT,77,Maison,107,5,490,2023
265000,77240,CESSON,77,Maison,128,8,229,2023
430500,77760,NANTEAU-SUR-ESSONNE,77,Maison,80,3,306,2023
629000,77123,NOISY-SUR-ECOLE,77,Maison,160,4,2840,2023
629000,77123,NOISY-SUR-ECOLE,77,Maison,160,4,1000,2023
190000,77460,SOUPPES-SUR-LOING,77,Maison,100,5,500,2023
179000,77460,CHAINTREAUX,77,Dépendance,0,0,1165,2023
179000,77460,CHAINTREAUX,77,Maison,120,4,1165,2023
95000,77590,FONTAINE-LE-PORT,77,Maison,50,4,43,2023
460000,77240,CESSON,77,Maison,159,6,468,2023
110000,77940,ESMANS,77,Maison,78,2,76,2023
430500,77140,NEMOURS,77,Maison,176,7,393,2023
330000,77240,CESSON,77,Maison,84,4,267,2023
246000,77310,SAINT-FARGEAU-PONTHIERRY,77,Dépendance,0,0,244,2023
246000,77310,SAINT-FARGEAU-PONTHIERRY,77,Maison,68,3,244,2023
260000,77250,VILLECERF,77,Dépendance,0,0,547,2023
260000,77250,VILLECERF,77,Maison,81,5,547,2023
250000,77000,MELUN,77,Maison,70,4,427,2023
370000,77250,MORET-LOING-ET-ORVANNE,77,Maison,127,5,528,2023
370000,77250,MORET-LOING-ET-ORVANNE,77,Dépendance,0,0,528,2023
415000,77590,CHARTRETTES,77,Maison,103,5,462,2023
341000,77380,COMBS LA VILLE,77,Maison,90,5,409,2023
415000,77173,CHEVRY-COSSIGNY,77,Maison,116,5,609,2023
414600,77590,BOIS LE ROI,77,Maison,95,4,300,2023
414600,77590,BOIS LE ROI,77,Maison,95,4,400,2023
290200,77170,BRIE COMTE ROBERT,77,Maison,80,2,377,2023
544120,77300,FONTAINEBLEAU,77,Maison,101,3,442,2023
279000,77220,TOURNAN-EN-BRIE,77,Local industriel. commercial ou assimilé,0,0,27,2023
279000,77220,TOURNAN-EN-BRIE,77,Maison,98,5,293,2023
344355,77920,SAMOIS SUR SEINE,77,Maison,65,3,69,2023
344355,77920,SAMOIS SUR SEINE,77,Dépendance,0,0,38,2023
820000,77300,FONTAINEBLEAU,77,Maison,98,4,491,2023
250000,77123,NOISY-SUR-ECOLE,77,Maison,150,5,495,2023
250000,77123,NOISY-SUR-ECOLE,77,Dépendance,0,0,495,2023
360000,77340,PONTAULT COMBAULT,77,Dépendance,0,0,1390,2023
360000,77340,PONTAULT COMBAULT,77,Maison,260,10,1390,2023
360000,77340,PONTAULT COMBAULT,77,Maison,64,2,1390,2023
336228,77166,EVRY-GREGY-SUR-YERRE,77,Maison,89,4,402,2023
380000,77170,BRIE COMTE ROBERT,77,Maison,113,5,360,2023
180000,77167,BAGNEAUX-SUR-LOING,77,Maison,68,3,147,2023
360000,77170,BRIE COMTE ROBERT,77,Maison,100,4,580,2023
260000,77380,COMBS LA VILLE,77,Maison,113,4,494,2023
401005,77111,SOLERS,77,Maison,140,5,329,2023
342000,77111,SOLERS,77,Maison,120,6,585,2023
404375,77127,LIEUSAINT,77,Maison,150,7,636,2023
359000,77380,COMBS LA VILLE,77,Maison,164,4,433,2023
7000,77930,CHAILLY-EN-BIERE,77,Dépendance,0,0,22,2023
346700,77950,RUBELLES,77,Maison,151,5,145,2023
346700,77950,RUBELLES,77,Maison,151,5,768,2023
493630,77340,PONTAULT COMBAULT,77,Maison,122,5,346,2023
493630,77340,PONTAULT COMBAULT,77,Dépendance,0,0,346,2023
273400,77190,DAMMARIE LES LYS,77,Maison,100,5,267,2023
298000,77190,DAMMARIE LES LYS,77,Maison,86,5,520,2023
471500,77176,SAVIGNY-LE-TEMPLE,77,Maison,178,6,509,2023
325000,77390,CRISENOY,77,Maison,100,6,545,2023
393000,77000,ROCHETTE(LA),77,Maison,110,5,303,2023
110000,77720,CHAMPEAUX,77,Maison,147,3,262,2023
504000,77000,ROCHETTE(LA),77,Maison,196,7,500,2023
504000,77000,ROCHETTE(LA),77,Maison,196,7,504,2023
240000,77190,DAMMARIE LES LYS,77,Maison,88,4,802,2023
360000,77150,FEROLLES-ATTILLY,77,Maison,89,4,140,2023
360000,77150,FEROLLES-ATTILLY,77,Maison,89,4,500,2023
370000,77000,MELUN,77,Maison,130,6,334,2023
470000,77330,OZOIR LA FERRIERE,77,Maison,60,3,431,2023
470000,77330,OZOIR LA FERRIERE,77,Local industriel. commercial ou assimilé,42,0,431,2023
338000,77340,PONTAULT COMBAULT,77,Maison,88,4,248,2023
255000,77390,GUIGNES,77,Maison,82,2,603,2023
340000,77127,LIEUSAINT,77,Maison,125,5,515,2023
255000,77000,MELUN,77,Maison,104,5,525,2023
432900,77135,PONTCARRE,77,Maison,106,5,415,2023
320000,77176,NANDY,77,Maison,93,5,246,2023
338000,77127,LIEUSAINT,77,Maison,95,5,202,2023
275000,77670,VERNOU-LA-CELLE-SUR-SEINE,77,Maison,100,4,1059,2023
275000,77670,VERNOU-LA-CELLE-SUR-SEINE,77,Maison,100,4,200,2023
258000,77220,GRETZ-ARMAINVILLIERS,77,Maison,47,2,500,2023
258000,77220,GRETZ-ARMAINVILLIERS,77,Maison,47,2,170,2023
205000,77810,THOMERY,77,Maison,56,3,613,2023
313000,77710,VILLEMARECHAL,77,Dépendance,0,0,759,2023
313000,77710,VILLEMARECHAL,77,Maison,172,5,759,2023
137500,77620,EGREVILLE,77,Dépendance,0,0,307,2023
137500,77620,EGREVILLE,77,Maison,66,4,307,2023
350000,77240,CESSON,77,Maison,200,8,266,2023
267750,77190,DAMMARIE LES LYS,77,Maison,75,4,163,2023
233000,77390,GUIGNES,77,Maison,96,6,630,2023
230000,77550,MOISSY-CRAMAYEL,77,Dépendance,0,0,333,2023
230000,77550,MOISSY-CRAMAYEL,77,Maison,111,4,333,2023
338000,77000,MELUN,77,Dépendance,0,0,498,2023
338000,77000,MELUN,77,Appartement,55,3,498,2023
338000,77000,MELUN,77,Appartement,25,1,414,2023
338000,77000,MELUN,77,Appartement,18,1,414,2023
338000,77000,MELUN,77,Dépendance,0,0,414,2023
338000,77000,MELUN,77,Appartement,18,1,498,2023
338000,77000,MELUN,77,Appartement,55,3,414,2023
338000,77000,MELUN,77,Appartement,25,1,498,2023
340000,77780,BOURRON-MARLOTTE,77,Maison,91,4,124,2023
440000,77130,MONTEREAU FAULT YONNE,77,Appartement,35,2,144,2023
440000,77130,MONTEREAU FAULT YONNE,77,Appartement,30,1,144,2023
440000,77130,MONTEREAU FAULT YONNE,77,Appartement,41,2,144,2023
440000,77130,MONTEREAU FAULT YONNE,77,Appartement,39,2,144,2023
440000,77130,MONTEREAU FAULT YONNE,77,Dépendance,0,0,144,2023
440000,77130,MONTEREAU FAULT YONNE,77,Appartement,37,2,144,2023
472500,77140,MONCOURT FROMONVILLE,77,Maison,80,4,361,2023
244600,77240,VERT-SAINT-DENIS,77,Maison,76,4,157,2023
145000,77620,EGREVILLE,77,Maison,99,4,375,2023
145000,77620,EGREVILLE,77,Dépendance,0,0,500,2023
145000,77620,EGREVILLE,77,Maison,99,4,500,2023
145000,77620,EGREVILLE,77,Dépendance,0,0,375,2023
289000,77166,EVRY-GREGY-SUR-YERRE,77,Maison,200,7,1440,2023
289000,77166,EVRY-GREGY-SUR-YERRE,77,Maison,200,7,500,2023
300000,77340,PONTAULT COMBAULT,77,Maison,80,4,450,2023
310000,77176,SAVIGNY-LE-TEMPLE,77,Maison,119,5,349,2023
95000,77140,SAINT-PIERRE-LES-NEMOURS,77,Maison,42,2,161,2023
95000,77140,SAINT-PIERRE-LES-NEMOURS,77,Dépendance,0,0,161,2023
532000,77173,CHEVRY-COSSIGNY,77,Maison,169,6,741,2023
166367,77550,MOISSY-CRAMAYEL,77,Maison,86,4,490,2023
330000,77240,VERT-SAINT-DENIS,77,Maison,92,6,536,2023
700000,77300,FONTAINEBLEAU,77,Maison,188,11,285,2023
267500,77460,SOUPPES-SUR-LOING,77,Dépendance,0,0,490,2023
267500,77460,SOUPPES-SUR-LOING,77,Maison,160,6,490,2023
280000,77830,PAMFOU,77,Maison,86,4,100,2023
280000,77830,PAMFOU,77,Maison,86,4,1250,2023
280000,77830,PAMFOU,77,Dépendance,0,0,1250,2023
280000,77830,PAMFOU,77,Dépendance,0,0,100,2023
123000,77630,ARBONNE-LA-FORET,77,Dépendance,0,0,414,2023
285000,77176,SAVIGNY-LE-TEMPLE,77,Maison,90,4,158,2023
290000,77310,SAINT-FARGEAU-PONTHIERRY,77,Maison,102,5,92,2023
240050,77140,SAINT-PIERRE-LES-NEMOURS,77,Maison,100,5,476,2023
706820,77123,NOISY-SUR-ECOLE,77,Maison,200,4,500,2023
706820,77123,NOISY-SUR-ECOLE,77,Maison,200,4,1850,2023
402120,77310,PRINGY,77,Dépendance,0,0,806,2023
402120,77310,PRINGY,77,Maison,128,5,806,2023
394800,77330,OZOIR LA FERRIERE,77,Maison,101,5,548,2023
276500,77240,VERT-SAINT-DENIS,77,Maison,88,5,216,2023
449010,77340,PONTAULT COMBAULT,77,Maison,120,5,634,2023
195000,77240,CESSON,77,Maison,92,5,329,2023
380000,77760,LARCHANT,77,Maison,166,6,1328,2023
300000,77930,SAINT-SAUVEUR-SUR-ECOLE,77,Maison,80,5,803,2023
700000,77170,BRIE COMTE ROBERT,77,Maison,152,5,687,2023
700000,77170,BRIE COMTE ROBERT,77,Dépendance,0,0,687,2023
500000,77170,SERVON,77,Maison,92,4,905,2023
500000,77170,SERVON,77,Maison,92,4,500,2023
580800,77173,CHEVRY-COSSIGNY,77,Maison,165,7,562,2023
690000,77250,MORET-LOING-ET-ORVANNE,77,Maison,45,2,185,2023
690000,77250,MORET-LOING-ET-ORVANNE,77,Maison,250,1,2750,2023
690000,77250,MORET-LOING-ET-ORVANNE,77,Dépendance,0,0,2750,2023
690000,77250,MORET-LOING-ET-ORVANNE,77,Maison,45,2,2750,2023
690000,77250,MORET-LOING-ET-ORVANNE,77,Maison,250,1,185,2023
690000,77250,MORET-LOING-ET-ORVANNE,77,Dépendance,0,0,185,2023
211000,77720,CHAMPEAUX,77,Maison,116,6,487,2023
292000,77220,GRETZ-ARMAINVILLIERS,77,Maison,90,4,490,2023
292000,77220,GRETZ-ARMAINVILLIERS,77,Dépendance,0,0,490,2023
210000,77430,CHAMPAGNE SUR SEINE,77,Maison,64,4,416,2023
365000,77000,MELUN,77,Dépendance,0,0,515,2023
365000,77000,MELUN,77,Maison,160,5,515,2023
498000,77590,BOIS LE ROI,77,Maison,103,4,200,2023
498000,77590,BOIS LE ROI,77,Maison,103,4,502,2023
340000,77220,GRETZ-ARMAINVILLIERS,77,Dépendance,0,0,533,2023
340000,77220,GRETZ-ARMAINVILLIERS,77,Maison,140,5,533,2023
245000,77140,SAINT-PIERRE-LES-NEMOURS,77,Maison,97,4,542,2023
399500,77130,DORMELLES,77,Maison,131,6,1652,2023
399500,77130,DORMELLES,77,Maison,131,6,628,2023
399500,77130,DORMELLES,77,Dépendance,0,0,1652,2023
399500,77130,DORMELLES,77,Dépendance,0,0,628,2023
85000,77250,VILLEMER,77,Maison,80,2,684,2023
300000,77390,GUIGNES,77,Maison,97,4,221,2023
254000,77820,CHATELET-EN-BRIE (LE),77,Maison,65,4,200,2023
185000,77390,CHAUMES-EN-BRIE,77,Dépendance,0,0,318,2023
185000,77390,CHAUMES-EN-BRIE,77,Maison,62,3,318,2023
320000,77000,LIVRY-SUR-SEINE,77,Maison,93,4,587,2023
240000,77000,MELUN,77,Maison,80,3,428,2023
240000,77000,MELUN,77,Maison,80,3,447,2023
285000,77390,ANDREZEL,77,Maison,84,5,700,2023
285000,77390,ANDREZEL,77,Dépendance,0,0,700,2023
329100,77590,CHARTRETTES,77,Maison,87,5,135,2023
335000,77350,LE MEE SUR SEINE,77,Dépendance,0,0,500,2023
335000,77350,LE MEE SUR SEINE,77,Dépendance,0,0,272,2023
335000,77350,LE MEE SUR SEINE,77,Maison,117,6,272,2023
335000,77350,LE MEE SUR SEINE,77,Maison,117,6,500,2023
1475000,77820,ECRENNES (LES),77,Maison,108,7,3404,2023
1475000,77820,ECRENNES (LES),77,Maison,54,2,3404,2023
305000,77000,LIVRY-SUR-SEINE,77,Maison,73,4,493,2023
585000,77000,MELUN,77,Maison,168,5,371,2023
585000,77000,MELUN,77,Dépendance,0,0,371,2023
385000,77340,PONTAULT COMBAULT,77,Maison,110,5,327,2023
471000,77340,PONTAULT COMBAULT,77,Dépendance,0,0,439,2023
471000,77340,PONTAULT COMBAULT,77,Maison,129,5,439,2023
250000,77000,MELUN,77,Maison,67,4,83,2023
250000,77000,MELUN,77,Dépendance,0,0,83,2023
250000,77000,MELUN,77,Maison,67,4,681,2023
250000,77000,MELUN,77,Dépendance,0,0,681,2023
240500,77220,TOURNAN-EN-BRIE,77,Maison,67,4,204,2023
347361,77680,ROISSY-EN-BRIE,77,Maison,62,4,361,2023
300000,77930,CHAILLY-EN-BIERE,77,Dépendance,0,0,221,2023
300000,77930,CHAILLY-EN-BIERE,77,Maison,95,4,221,2023
260000,77680,ROISSY-EN-BRIE,77,Maison,69,4,432,2023
275000,77166,GRISY-SUISNES,77,Maison,60,4,3728,2023
275000,77166,GRISY-SUISNES,77,Maison,60,4,5000,2023
275000,77166,GRISY-SUISNES,77,Local industriel. commercial ou assimilé,60,0,3728,2023
275000,77166,GRISY-SUISNES,77,Local industriel. commercial ou assimilé,60,0,5000,2023
35000,77430,CHAMPAGNE SUR SEINE,77,Local industriel. commercial ou assimilé,88,0,176,2023
315000,77390,CHAUMES-EN-BRIE,77,Maison,114,4,420,2023
422000,77340,PONTAULT COMBAULT,77,Maison,126,5,436,2023
90000,77940,VOULX,77,Maison,70,4,981,2023
90000,77940,VOULX,77,Maison,70,4,200,2023
236000,77130,MONTEREAU FAULT YONNE,77,Maison,114,6,524,2023
235000,77130,MONTEREAU FAULT YONNE,77,Appartement,58,3,385,2023
235000,77130,MONTEREAU FAULT YONNE,77,Dépendance,0,0,385,2023
235000,77130,MONTEREAU FAULT YONNE,77,Appartement,60,2,385,2023
235000,77130,MONTEREAU FAULT YONNE,77,Appartement,71,4,385,2023
235000,77130,MONTEREAU FAULT YONNE,77,Appartement,70,3,385,2023
235000,77130,MONTEREAU FAULT YONNE,77,Local industriel. commercial ou assimilé,40,0,385,2023
165000,77430,CHAMPAGNE SUR SEINE,77,Maison,63,4,391,2023
120000,77940,ESMANS,77,Maison,30,2,347,2023
120000,77940,ESMANS,77,Dépendance,0,0,347,2023
280000,77220,GRETZ-ARMAINVILLIERS,77,Maison,84,4,447,2023
245000,77250,VILLECERF,77,Dépendance,0,0,532,2023
245000,77250,VILLECERF,77,Maison,83,5,532,2023
210000,77370,FONTENAILLES,77,Dépendance,0,0,522,2023
210000,77370,FONTENAILLES,77,Maison,104,5,522,2023
415000,77130,FORGES,77,Local industriel. commercial ou assimilé,0,0,3000,2023
415000,77130,FORGES,77,Local industriel. commercial ou assimilé,0,0,2108,2023
750000,77300,FONTAINEBLEAU,77,Appartement,49,3,153,2023
750000,77300,FONTAINEBLEAU,77,Local industriel. commercial ou assimilé,85,0,153,2023
750000,77300,FONTAINEBLEAU,77,Dépendance,0,0,153,2023
750000,77300,FONTAINEBLEAU,77,Appartement,30,3,153,2023
230000,77140,NEMOURS,77,Maison,80,3,438,2023
288450,77720,CHAMPEAUX,77,Maison,95,4,375,2023
551900,77150,LESIGNY,77,Maison,144,6,500,2023
551900,77150,LESIGNY,77,Maison,144,6,132,2023
269500,77370,FONTENAILLES,77,Maison,95,5,500,2023
269500,77370,FONTENAILLES,77,Maison,95,5,616,2023
210000,77430,CHAMPAGNE SUR SEINE,77,Maison,84,4,273,2023
217450,77390,YEBLES,77,Maison,95,5,850,2023
353000,77610,CHATRES,77,Maison,84,4,392,2023
337250,77760,VILLIERS-SOUS-GREZ,77,Maison,130,4,218,2023
556850,77150,LESIGNY,77,Maison,141,7,226,2023
556850,77150,LESIGNY,77,Maison,141,7,500,2023
160000,77130,MISY-SUR-YONNE,77,Maison,35,2,489,2023
300000,77176,NANDY,77,Maison,100,5,239,2023
330000,77920,SAMOIS SUR SEINE,77,Maison,87,3,113,2023
330000,77430,CHAMPAGNE SUR SEINE,77,Dépendance,0,0,1024,2023
330000,77430,CHAMPAGNE SUR SEINE,77,Maison,135,5,1024,2023
330000,77430,CHAMPAGNE SUR SEINE,77,Maison,135,5,500,2023
330000,77430,CHAMPAGNE SUR SEINE,77,Dépendance,0,0,500,2023
210000,77130,SAINT-GERMAIN-LAVAL,77,Maison,115,4,336,2023
210000,77130,SAINT-GERMAIN-LAVAL,77,Dépendance,0,0,336,2023
327000,77176,NANDY,77,Maison,103,4,148,2023
327000,77176,NANDY,77,Maison,103,4,500,2023
411184,77670,SAINT-MAMMES,77,Maison,169,5,480,2023
290000,77310,BOISSISE-LE-ROI,77,Maison,85,4,754,2023
307000,77176,SAVIGNY-LE-TEMPLE,77,Maison,133,6,503,2023
307000,77176,SAVIGNY-LE-TEMPLE,77,Dépendance,0,0,503,2023
1,77130,MONTEREAU FAULT YONNE,77,Local industriel. commercial ou assimilé,915,0,500,2023
1,77130,MONTEREAU FAULT YONNE,77,Local industriel. commercial ou assimilé,915,0,1335,2023
150000,77176,NANDY,77,Maison,109,6,451,2023
323000,77880,GREZ-SUR-LOING,77,Dépendance,0,0,108,2023
323000,77880,GREZ-SUR-LOING,77,Maison,135,5,108,2023
323000,77880,GREZ-SUR-LOING,77,Dépendance,0,0,2492,2023
323000,77880,GREZ-SUR-LOING,77,Maison,135,5,2492,2023
613250,77760,LARCHANT,77,Dépendance,0,0,462,2023
613250,77760,LARCHANT,77,Maison,180,5,462,2023
230000,77310,SAINT-FARGEAU-PONTHIERRY,77,Maison,82,4,213,2023
230000,77310,SAINT-FARGEAU-PONTHIERRY,77,Dépendance,0,0,18,2023
320000,77310,SAINT-FARGEAU-PONTHIERRY,77,Dépendance,0,0,602,2023
320000,77310,SAINT-FARGEAU-PONTHIERRY,77,Maison,115,5,602,2023
337000,77870,VULAINES-SUR-SEINE,77,Maison,101,5,351,2023
440000,77550,MOISSY-CRAMAYEL,77,Maison,123,5,500,2023
440000,77550,MOISSY-CRAMAYEL,77,Dépendance,0,0,500,2023
440000,77550,MOISSY-CRAMAYEL,77,Dépendance,0,0,230,2023
440000,77550,MOISSY-CRAMAYEL,77,Maison,123,5,230,2023
258150,77950,RUBELLES,77,Maison,101,6,297,2023
105000,77210,SAMOREAU,77,Maison,42,2,177,2023
425550,77550,LIMOGES-FOURCHES,77,Maison,132,6,718,2023
708500,77630,SAINT-MARTIN-EN-BIERE,77,Maison,215,6,1127,2023
708500,77630,SAINT-MARTIN-EN-BIERE,77,Maison,215,6,500,2023
708500,77630,SAINT-MARTIN-EN-BIERE,77,Dépendance,0,0,500,2023
708500,77630,SAINT-MARTIN-EN-BIERE,77,Dépendance,0,0,1127,2023
254500,77550,MOISSY-CRAMAYEL,77,Maison,60,2,87,2023
648000,77780,BOURRON-MARLOTTE,77,Maison,181,6,869,2023
283874,77690,MONTIGNY-SUR-LOING,77,Maison,159,5,205,2023
115000,77130,CANNES-ECLUSE,77,Dépendance,0,0,518,2023
115000,77130,CANNES-ECLUSE,77,Maison,84,4,518,2023
465898,77000,MELUN,77,Local industriel. commercial ou assimilé,109,0,2986,2023
465898,77000,MELUN,77,Local industriel. commercial ou assimilé,10,0,2986,2023
465898,77000,MELUN,77,Local industriel. commercial ou assimilé,141,0,2986,2023
465898,77000,MELUN,77,Appartement,40,3,2986,2023
465898,77000,MELUN,77,Appartement,34,3,2986,2023
465898,77000,MELUN,77,Appartement,24,1,2986,2023
465898,77000,MELUN,77,Local industriel. commercial ou assimilé,85,0,2986,2023
533750,77240,VERT-SAINT-DENIS,77,Maison,22,1,1119,2023
533750,77240,VERT-SAINT-DENIS,77,Maison,159,5,1119,2023
533750,77240,VERT-SAINT-DENIS,77,Dépendance,0,0,1119,2023
275000,77670,VERNOU-LA-CELLE-SUR-SEINE,77,Maison,94,5,500,2023
275000,77670,VERNOU-LA-CELLE-SUR-SEINE,77,Maison,94,5,284,2023
446000,77340,PONTAULT COMBAULT,77,Maison,117,6,491,2023
330000,77190,DAMMARIE LES LYS,77,Maison,122,6,441,2023
225000,77115,SIVRY-COURTRY,77,Maison,84,4,505,2023
422750,77000,VAUX-LE-PENIL,77,Dépendance,0,0,49,2023
422750,77000,VAUX-LE-PENIL,77,Maison,141,7,869,2023
422750,77000,VAUX-LE-PENIL,77,Dépendance,0,0,869,2023
422750,77000,VAUX-LE-PENIL,77,Maison,141,7,49,2023
210000,77550,MOISSY-CRAMAYEL,77,Maison,88,5,398,2023
436500,77310,BOISSISE-LE-ROI,77,Maison,161,6,1056,2023
270787,77380,COMBS LA VILLE,77,Maison,76,4,173,2023
355000,77380,COMBS LA VILLE,77,Maison,123,6,598,2023
280000,77176,SAVIGNY-LE-TEMPLE,77,Maison,113,5,273,2023
280000,77176,SAVIGNY-LE-TEMPLE,77,Dépendance,0,0,273,2023
460000,77330,OZOIR LA FERRIERE,77,Maison,120,5,684,2023
337000,77720,CHAMPEAUX,77,Maison,165,5,200,2023
337000,77720,CHAMPEAUX,77,Maison,165,5,611,2023
314000,77250,MORET-LOING-ET-ORVANNE,77,Maison,90,4,348,2023
492434,77390,YEBLES,77,Local industriel. commercial ou assimilé,0,0,5229,2023
61000,77590,BOIS LE ROI,77,Dépendance,0,0,1411,2023
61000,77590,BOIS LE ROI,77,Maison,260,14,1411,2023
224275,77210,AVON,77,Maison,67,3,77,2023
289500,77240,VERT-SAINT-DENIS,77,Maison,100,4,567,2023
281000,77220,GRETZ-ARMAINVILLIERS,77,Maison,68,4,344,2023
361200,77310,BOISSISE-LE-ROI,77,Maison,117,6,510,2023
390000,77173,CHEVRY-COSSIGNY,77,Maison,90,4,280,2023
273250,77590,CHARTRETTES,77,Maison,79,5,323,2023
273250,77590,CHARTRETTES,77,Dépendance,0,0,323,2023
273250,77590,CHARTRETTES,77,Maison,79,5,155,2023
273250,77590,CHARTRETTES,77,Dépendance,0,0,155,2023
305850,77000,VAUX-LE-PENIL,77,Maison,90,4,230,2023
305850,77000,VAUX-LE-PENIL,77,Maison,90,4,500,2023
568000,77166,GRISY-SUISNES,77,Maison,142,6,500,2023
568000,77166,GRISY-SUISNES,77,Dépendance,0,0,500,2023
300000,77170,BRIE COMTE ROBERT,77,Maison,77,4,160,2023
210000,77390,CHAUMES-EN-BRIE,77,Maison,75,3,98,2023
127000,77130,MAROLLES-SUR-SEINE,77,Dépendance,0,0,6,2023
127000,77130,MAROLLES-SUR-SEINE,77,Maison,130,6,6,2023
276000,77130,VARENNES-SUR-SEINE,77,Maison,130,5,314,2023
276000,77130,VARENNES-SUR-SEINE,77,Maison,130,5,300,2023
330000,77130,MONTEREAU FAULT YONNE,77,Maison,138,5,704,2023
431030,77123,VAUDOUE (LE),77,Dépendance,0,0,500,2023
431030,77123,VAUDOUE (LE),77,Dépendance,0,0,666,2023
431030,77123,VAUDOUE (LE),77,Maison,117,6,666,2023
431030,77123,VAUDOUE (LE),77,Maison,117,6,500,2023
310000,77220,TOURNAN-EN-BRIE,77,Maison,82,4,546,2023
130000,77310,SAINT-FARGEAU-PONTHIERRY,77,Maison,30,2,49,2023
337000,77220,TOURNAN-EN-BRIE,77,Maison,70,4,341,2023
315000,77950,MAINCY,77,Maison,105,5,116,2023
461600,77140,SAINT-PIERRE-LES-NEMOURS,77,Maison,126,5,1025,2023
330000,77250,MORET-LOING-ET-ORVANNE,77,Maison,103,5,72,2023
330000,77250,MORET-LOING-ET-ORVANNE,77,Dépendance,0,0,72,2023
290000,77760,RECLOSES,77,Maison,150,5,1437,2023
290000,77760,RECLOSES,77,Maison,150,5,140,2023
155000,77940,DIANT,77,Maison,63,2,818,2023
155000,77940,DIANT,77,Dépendance,0,0,818,2023
351000,77115,SIVRY-COURTRY,77,Maison,132,5,131,2023
351000,77115,SIVRY-COURTRY,77,Dépendance,0,0,407,2023
351000,77115,SIVRY-COURTRY,77,Maison,132,5,407,2023
351000,77115,SIVRY-COURTRY,77,Dépendance,0,0,131,2023
235000,77460,SOUPPES-SUR-LOING,77,Dépendance,0,0,540,2023
235000,77460,SOUPPES-SUR-LOING,77,Maison,79,3,540,2023
280000,77210,SAMOREAU,77,Maison,160,6,500,2023
280000,77210,SAMOREAU,77,Maison,160,6,351,2023
180000,77820,CHATILLON-LA-BORDE,77,Maison,138,5,526,2023
490150,77123,VAUDOUE (LE),77,Maison,134,4,1940,2023
490150,77123,VAUDOUE (LE),77,Dépendance,0,0,1940,2023
490150,77123,VAUDOUE (LE),77,Maison,134,4,150,2023
490150,77123,VAUDOUE (LE),77,Dépendance,0,0,150,2023
305000,77590,CHARTRETTES,77,Maison,90,4,311,2023
305000,77590,CHARTRETTES,77,Dépendance,0,0,311,2023
190000,77390,FOUJU,77,Maison,136,7,500,2023
190000,77390,FOUJU,77,Dépendance,0,0,500,2023
628500,77300,FONTAINEBLEAU,77,Maison,90,4,359,2023
213000,77190,DAMMARIE LES LYS,77,Dépendance,0,0,622,2023
213000,77190,DAMMARIE LES LYS,77,Maison,84,5,622,2023
230000,77000,ROCHETTE(LA),77,Maison,80,1,468,2023
335000,77000,VAUX-LE-PENIL,77,Maison,64,3,364,2023
280000,77190,DAMMARIE LES LYS,77,Maison,100,6,517,2023
280000,77190,DAMMARIE LES LYS,77,Local industriel. commercial ou assimilé,0,0,1318,2023
218500,77130,MAROLLES-SUR-SEINE,77,Maison,113,5,547,2023
270000,77430,CHAMPAGNE SUR SEINE,77,Maison,95,5,322,2023
183887,77210,AVON,77,Maison,118,6,422,2023
183887,77210,AVON,77,Dépendance,0,0,422,2023
452000,77000,MELUN,77,Maison,188,7,210,2023
285000,77250,MORET-LOING-ET-ORVANNE,77,Maison,134,6,339,2023
315000,77760,NANTEAU-SUR-ESSONNE,77,Dépendance,0,0,570,2023
315000,77760,NANTEAU-SUR-ESSONNE,77,Maison,93,4,570,2023
240000,77590,CHARTRETTES,77,Maison,131,6,503,2023
250000,77430,CHAMPAGNE SUR SEINE,77,Local industriel. commercial ou assimilé,175,0,581,2023
250000,77430,CHAMPAGNE SUR SEINE,77,Appartement,80,3,581,2023
250000,77430,CHAMPAGNE SUR SEINE,77,Local industriel. commercial ou assimilé,520,0,581,2023
250000,77430,CHAMPAGNE SUR SEINE,77,Appartement,85,4,581,2023
250000,77430,CHAMPAGNE SUR SEINE,77,Appartement,60,3,581,2023
250000,77430,CHAMPAGNE SUR SEINE,77,Dépendance,0,0,581,2023
360680,77690,MONTIGNY-SUR-LOING,77,Maison,93,5,512,2023
360680,77690,MONTIGNY-SUR-LOING,77,Appartement,16,1,512,2023
335000,77130,DORMELLES,77,Dépendance,0,0,593,2023
335000,77130,DORMELLES,77,Maison,170,7,593,2023
340000,77340,PONTAULT COMBAULT,77,Maison,92,5,180,2023
175000,77127,LIEUSAINT,77,Maison,98,5,353,2023
429350,77340,PONTAULT COMBAULT,77,Dépendance,0,0,495,2023
429350,77340,PONTAULT COMBAULT,77,Maison,130,6,495,2023
250000,77550,MOISSY-CRAMAYEL,77,Maison,74,4,229,2023
110000,77140,SAINT-PIERRE-LES-NEMOURS,77,Maison,43,3,340,2023
79000,77620,BRANSLES,77,Local industriel. commercial ou assimilé,50,0,107,2023
280000,77240,VERT-SAINT-DENIS,77,Maison,94,5,472,2023
549000,77330,OZOIR LA FERRIERE,77,Maison,108,5,498,2023
549000,77330,OZOIR LA FERRIERE,77,Appartement,36,2,498,2023
549000,77330,OZOIR LA FERRIERE,77,Dépendance,0,0,498,2023
200000,77240,VERT-SAINT-DENIS,77,Maison,92,5,281,2023
250000,77680,ROISSY-EN-BRIE,77,Maison,107,5,292,2023
315000,77190,DAMMARIE LES LYS,77,Maison,102,6,1065,2023
315000,77190,DAMMARIE LES LYS,77,Dépendance,0,0,1065,2023
315000,77220,PRESLES-EN-BRIE,77,Maison,89,4,598,2023
148700,77720,MORMANT,77,Maison,86,4,195,2023
273500,77820,ECRENNES (LES),77,Maison,110,6,600,2023
190000,77850,HERICY,77,Maison,67,3,480,2023
190000,77850,HERICY,77,Dépendance,0,0,480,2023
300000,77460,SOUPPES-SUR-LOING,77,Dépendance,0,0,900,2023
300000,77460,SOUPPES-SUR-LOING,77,Maison,128,4,525,2023
300000,77460,SOUPPES-SUR-LOING,77,Dépendance,0,0,525,2023
300000,77460,SOUPPES-SUR-LOING,77,Maison,128,4,900,2023
140000,77140,SAINT-PIERRE-LES-NEMOURS,77,Maison,49,3,85,2023
138000,77140,NEMOURS,77,Maison,70,4,111,2023
138000,77140,NEMOURS,77,Dépendance,0,0,111,2023
522000,77630,SAINT-MARTIN-EN-BIERE,77,Maison,168,6,579,2023
256000,77130,GRANDE-PAROISSE (LA),77,Maison,136,5,1080,2023
238000,77940,BLENNES,77,Dépendance,0,0,535,2023
238000,77940,BLENNES,77,Maison,121,5,500,2023
238000,77940,BLENNES,77,Dépendance,0,0,500,2023
238000,77940,BLENNES,77,Maison,121,5,535,2023
179525,77940,VOULX,77,Dépendance,0,0,148,2023
179525,77940,VOULX,77,Maison,78,3,148,2023
122000,77390,VERNEUIL-L ETANG,77,Local industriel. commercial ou assimilé,108,0,88,2023
122000,77390,VERNEUIL-L ETANG,77,Local industriel. commercial ou assimilé,100,0,223,2023
122000,77390,VERNEUIL-L ETANG,77,Local industriel. commercial ou assimilé,1287,0,1287,2023
553000,77390,COURQUETAINE,77,Maison,180,4,448,2023
553000,77390,COURQUETAINE,77,Maison,180,4,1400,2023
257000,77390,OZOUER-LE-VOULGIS,77,Maison,72,3,405,2023
257000,77390,OZOUER-LE-VOULGIS,77,Dépendance,0,0,405,2023
276000,77380,COMBS LA VILLE,77,Maison,97,5,245,2023
276000,77380,COMBS LA VILLE,77,Dépendance,0,0,245,2023
280000,77220,GRETZ-ARMAINVILLIERS,77,Maison,68,3,290,2023
450000,77930,CHAILLY-EN-BIERE,77,Maison,200,7,500,2023
450000,77930,CHAILLY-EN-BIERE,77,Maison,200,7,1500,2023
290000,77240,VERT-SAINT-DENIS,77,Maison,122,6,375,2023
360000,77780,BOURRON-MARLOTTE,77,Maison,105,5,421,2023
275000,77380,COMBS LA VILLE,77,Maison,77,4,218,2023
280000,77167,BAGNEAUX-SUR-LOING,77,Maison,106,5,715,2023
144000,77940,THOURY FEROTTES,77,Dépendance,0,0,747,2023
144000,77940,THOURY FEROTTES,77,Maison,35,2,747,2023
144000,77940,THOURY FEROTTES,77,Appartement,85,4,747,2023
842497,77300,FONTAINEBLEAU,77,Dépendance,0,0,240,2023
842497,77300,FONTAINEBLEAU,77,Maison,120,6,240,2023
507000,77930,FLEURY-EN-BIERE,77,Dépendance,0,0,345,2023
507000,77930,FLEURY-EN-BIERE,77,Maison,110,4,345,2023
507000,77930,FLEURY-EN-BIERE,77,Maison,9,1,345,2023
185700,77890,BEAUMONT-DU-GATINAIS,77,Maison,120,5,500,2023
185700,77890,BEAUMONT-DU-GATINAIS,77,Maison,120,5,866,2023
555900,77150,LESIGNY,77,Maison,179,6,527,2023
310000,77590,BOIS LE ROI,77,Maison,67,3,504,2023
290000,77880,GREZ-SUR-LOING,77,Maison,94,5,175,2023
212900,77810,THOMERY,77,Maison,65,3,146,2023
212900,77810,THOMERY,77,Dépendance,0,0,14,2023
212900,77810,THOMERY,77,Dépendance,0,0,13,2023
480000,77240,CESSON,77,Maison,171,3,864,2023
255000,77176,SAVIGNY-LE-TEMPLE,77,Maison,93,6,581,2023
312000,77127,LIEUSAINT,77,Maison,75,4,356,2023
597000,77850,HERICY,77,Dépendance,0,0,1000,2023
597000,77850,HERICY,77,Dépendance,0,0,403,2023
597000,77850,HERICY,77,Maison,115,5,403,2023
597000,77850,HERICY,77,Maison,115,5,1000,2023
399070,77166,GRISY-SUISNES,77,Maison,74,3,379,2023
399070,77166,GRISY-SUISNES,77,Maison,74,3,500,2023
255500,77000,VAUX-LE-PENIL,77,Maison,122,4,208,2023
106000,77460,SOUPPES-SUR-LOING,77,Dépendance,0,0,657,2023
106000,77460,SOUPPES-SUR-LOING,77,Maison,68,4,657,2023
237500,77430,CHAMPAGNE SUR SEINE,77,Maison,105,4,315,2023
325000,77176,SAVIGNY-LE-TEMPLE,77,Maison,81,4,563,2023
772800,77300,FONTAINEBLEAU,77,Dépendance,0,0,386,2023
772800,77300,FONTAINEBLEAU,77,Maison,187,8,386,2023
90000,77930,FLEURY-EN-BIERE,77,Maison,36,1,35,2023
310000,77620,BRANSLES,77,Maison,155,5,1000,2023
310000,77620,BRANSLES,77,Maison,155,5,439,2023
240000,77166,EVRY-GREGY-SUR-YERRE,77,Maison,69,3,419,2023
180000,77940,NOISY-RUDIGNON,77,Maison,84,5,828,2023
180000,77940,NOISY-RUDIGNON,77,Dépendance,0,0,828,2023
350000,77130,MAROLLES-SUR-SEINE,77,Dépendance,0,0,2219,2023
350000,77130,MAROLLES-SUR-SEINE,77,Maison,167,5,2219,2023
350000,77130,MAROLLES-SUR-SEINE,77,Maison,167,5,81,2023
350000,77130,MAROLLES-SUR-SEINE,77,Dépendance,0,0,81,2023
440000,77150,LESIGNY,77,Maison,123,4,500,2023
440000,77150,LESIGNY,77,Maison,123,4,336,2023
212000,77240,VERT-SAINT-DENIS,77,Maison,76,4,151,2023
370000,77330,OZOIR LA FERRIERE,77,Maison,160,6,645,2023
77500,77570,BOUGLIGNY,77,Maison,70,3,355,2023
517940,77590,BOIS LE ROI,77,Maison,135,5,200,2023
517940,77590,BOIS LE ROI,77,Maison,135,5,835,2023
265000,77760,ACHERES-LA-FORET,77,Maison,102,4,613,2023
347000,77550,MOISSY-CRAMAYEL,77,Dépendance,0,0,631,2023
347000,77550,MOISSY-CRAMAYEL,77,Maison,116,6,631,2023
272500,77830,PAMFOU,77,Maison,89,4,671,2023
275000,77620,EGREVILLE,77,Dépendance,0,0,668,2023
275000,77620,EGREVILLE,77,Maison,59,2,668,2023
361000,77170,BRIE COMTE ROBERT,77,Maison,76,4,472,2023
450900,77123,NOISY-SUR-ECOLE,77,Maison,126,6,1000,2023
450900,77123,NOISY-SUR-ECOLE,77,Maison,126,6,2451,2023
98000,77140,SAINT-PIERRE-LES-NEMOURS,77,Appartement,65,2,76,2023
98000,77140,SAINT-PIERRE-LES-NEMOURS,77,Appartement,70,3,76,2023
319000,77340,PONTAULT COMBAULT,77,Maison,63,3,406,2023
235000,77710,TREUZY-LEVELAY,77,Maison,90,3,615,2023
143500,77220,PRESLES-EN-BRIE,77,Maison,50,3,34,2023
100000,77570,CHATEAU-LANDON,77,Maison,55,2,563,2023
167150,77890,BEAUMONT-DU-GATINAIS,77,Maison,127,5,204,2023
167150,77890,BEAUMONT-DU-GATINAIS,77,Dépendance,0,0,204,2023
303000,77710,NANTEAU-SUR-LUNAIN,77,Maison,204,5,500,2023
303000,77710,NANTEAU-SUR-LUNAIN,77,Maison,204,5,1165,2023
335000,77130,CANNES-ECLUSE,77,Appartement,25,2,349,2023
335000,77130,CANNES-ECLUSE,77,Appartement,32,2,349,2023
335000,77130,CANNES-ECLUSE,77,Appartement,15,1,349,2023
220000,77380,COMBS LA VILLE,77,Maison,64,4,313,2023
220000,77380,COMBS LA VILLE,77,Dépendance,0,0,313,2023
378000,77760,CHAPELLE-LA-REINE (LA),77,Maison,126,4,1453,2023
300000,77350,BOISSISE-LA-BERTRAND,77,Dépendance,0,0,585,2023
300000,77350,BOISSISE-LA-BERTRAND,77,Maison,98,3,585,2023
245000,77130,GRANDE-PAROISSE (LA),77,Maison,97,5,185,2023
245000,77130,GRANDE-PAROISSE (LA),77,Dépendance,0,0,185,2023
95338,77000,LIVRY-SUR-SEINE,77,Appartement,25,1,59,2023
299500,77680,ROISSY-EN-BRIE,77,Maison,83,4,191,2023
285000,77220,LIVERDY-EN-BRIE,77,Maison,103,6,594,2023
222000,77430,CHAMPAGNE SUR SEINE,77,Maison,116,6,311,2023
336000,77390,OZOUER-LE-VOULGIS,77,Maison,124,5,400,2023
600000,77930,CELY EN BIERE,77,Maison,162,6,2396,2023
600000,77930,CELY EN BIERE,77,Maison,162,6,500,2023
184370,77430,CHAMPAGNE SUR SEINE,77,Maison,70,5,406,2023
180000,77130,MONTEREAU FAULT YONNE,77,Maison,168,6,282,2023
570550,77330,OZOIR LA FERRIERE,77,Maison,143,4,500,2023
570550,77330,OZOIR LA FERRIERE,77,Maison,143,4,238,2023
285000,77680,ROISSY-EN-BRIE,77,Maison,90,5,341,2023
1658000,77630,BARBIZON,77,Maison,550,10,6906,2023
1658000,77630,BARBIZON,77,Dépendance,0,0,6906,2023
273000,77720,MORMANT,77,Dépendance,0,0,566,2023
273000,77720,MORMANT,77,Dépendance,0,0,500,2023
273000,77720,MORMANT,77,Appartement,98,4,500,2023
273000,77720,MORMANT,77,Appartement,30,1,500,2023
273000,77720,MORMANT,77,Appartement,98,4,566,2023
273000,77720,MORMANT,77,Appartement,30,1,566,2023
450000,77300,FONTAINEBLEAU,77,Maison,60,3,339,2023
120000,77760,RECLOSES,77,Maison,90,3,200,2023
120000,77760,RECLOSES,77,Dépendance,0,0,200,2023
120000,77760,RECLOSES,77,Dépendance,0,0,23,2023
360000,77000,MELUN,77,Appartement,32,1,367,2023
360000,77000,MELUN,77,Appartement,21,1,367,2023
360000,77000,MELUN,77,Appartement,22,1,367,2023
360000,77000,MELUN,77,Dépendance,0,0,367,2023
360000,77000,MELUN,77,Appartement,24,1,367,2023
360000,77000,MELUN,77,Appartement,40,1,367,2023
654000,77380,COMBS LA VILLE,77,Maison,100,4,247,2023
251000,77000,VAUX-LE-PENIL,77,Maison,77,4,361,2023
275000,77210,SAMOREAU,77,Dépendance,0,0,593,2023
275000,77210,SAMOREAU,77,Maison,91,5,593,2023
250000,77140,MONCOURT FROMONVILLE,77,Maison,135,6,956,2023
130000,77720,MORMANT,77,Maison,77,3,126,2023
349150,77950,SAINT-GERMAIN-LAXIS,77,Maison,78,4,612,2023
134393,77173,CHEVRY-COSSIGNY,77,Maison,102,5,330,2023
278000,77930,CHAILLY-EN-BIERE,77,Maison,91,5,548,2023
379000,77220,GRETZ-ARMAINVILLIERS,77,Maison,130,6,602,2023
416000,77220,GRETZ-ARMAINVILLIERS,77,Dépendance,0,0,536,2023
416000,77220,GRETZ-ARMAINVILLIERS,77,Maison,107,5,536,2023
325000,77115,SIVRY-COURTRY,77,Maison,97,6,471,2023
466000,77330,OZOIR LA FERRIERE,77,Maison,136,5,436,2023
335000,77240,VERT-SAINT-DENIS,77,Maison,101,5,501,2023
385000,77930,SAINT-SAUVEUR-SUR-ECOLE,77,Maison,99,5,740,2023
119500,77670,SAINT-MAMMES,77,Maison,83,3,67,2023
180000,77380,COMBS LA VILLE,77,Dépendance,0,0,500,2023
72000,77310,SAINT-FARGEAU-PONTHIERRY,77,Dépendance,0,0,389,2023
72000,77310,SAINT-FARGEAU-PONTHIERRY,77,Maison,78,5,389,2023
242000,77760,BUTHIERS,77,Dépendance,0,0,200,2023
242000,77760,BUTHIERS,77,Dépendance,0,0,445,2023
242000,77760,BUTHIERS,77,Maison,115,4,445,2023
242000,77760,BUTHIERS,77,Maison,115,4,200,2023
263000,77166,GRISY-SUISNES,77,Maison,83,3,497,2023
263000,77166,GRISY-SUISNES,77,Maison,83,3,800,2023
50000,77720,QUIERS,77,Maison,50,2,113,2023
197000,77140,MONCOURT FROMONVILLE,77,Maison,85,4,356,2023
135000,77250,MORET-LOING-ET-ORVANNE,77,Maison,48,3,87,2023
135000,77250,MORET-LOING-ET-ORVANNE,77,Maison,7,1,87,2023
385000,77150,LESIGNY,77,Maison,108,5,474,2023
455000,77330,OZOIR LA FERRIERE,77,Appartement,48,2,343,2023
455000,77330,OZOIR LA FERRIERE,77,Local industriel. commercial ou assimilé,88,0,343,2023
455000,77330,OZOIR LA FERRIERE,77,Appartement,40,2,343,2023
474000,77220,TOURNAN-EN-BRIE,77,Maison,125,6,62,2023
515000,77330,OZOIR LA FERRIERE,77,Local industriel. commercial ou assimilé,15,0,500,2023
515000,77330,OZOIR LA FERRIERE,77,Maison,111,4,500,2023
515000,77330,OZOIR LA FERRIERE,77,Local industriel. commercial ou assimilé,15,0,129,2023
515000,77330,OZOIR LA FERRIERE,77,Maison,111,4,129,2023
360000,77340,PONTAULT COMBAULT,77,Maison,89,4,250,2023
230015,77820,CHATELET-EN-BRIE (LE),77,Maison,107,5,681,2023
440000,77340,PONTAULT COMBAULT,77,Maison,116,6,468,2023
255000,77176,SAVIGNY-LE-TEMPLE,77,Maison,103,6,217,2023
255000,77176,SAVIGNY-LE-TEMPLE,77,Dépendance,0,0,217,2023
300000,77340,PONTAULT COMBAULT,77,Maison,206,7,207,2023
300000,77340,PONTAULT COMBAULT,77,Local industriel. commercial ou assimilé,133,0,207,2023
300000,77340,PONTAULT COMBAULT,77,Maison,206,7,500,2023
300000,77340,PONTAULT COMBAULT,77,Local industriel. commercial ou assimilé,133,0,500,2023
374000,77240,SEINE-PORT,77,Maison,100,4,401,2023
374000,77240,SEINE-PORT,77,Maison,100,4,500,2023
246000,77340,PONTAULT COMBAULT,77,Dépendance,0,0,212,2023
246000,77340,PONTAULT COMBAULT,77,Maison,72,4,212,2023
185000,77130,MONTEREAU FAULT YONNE,77,Appartement,35,2,475,2023
185000,77130,MONTEREAU FAULT YONNE,77,Local industriel. commercial ou assimilé,25,0,475,2023
185000,77130,MONTEREAU FAULT YONNE,77,Appartement,38,2,475,2023
375000,77310,BOISSISE-LE-ROI,77,Maison,115,5,740,2023
175000,77370,FONTENAILLES,77,Maison,95,5,317,2023
175000,77370,FONTENAILLES,77,Dépendance,0,0,317,2023
278800,77176,NANDY,77,Maison,102,5,454,2023
353000,77330,OZOIR LA FERRIERE,77,Maison,78,4,443,2023
1000000,77000,ROCHETTE(LA),77,Local industriel. commercial ou assimilé,0,0,33,2023
1000000,77000,ROCHETTE(LA),77,Local industriel. commercial ou assimilé,6300,0,9433,2023
892600,77690,MONTIGNY-SUR-LOING,77,Maison,160,7,1577,2023
892600,77690,MONTIGNY-SUR-LOING,77,Dépendance,0,0,9,2023
892600,77690,MONTIGNY-SUR-LOING,77,Maison,160,7,9,2023
892600,77690,MONTIGNY-SUR-LOING,77,Dépendance,0,0,1577,2023
274100,77115,SIVRY-COURTRY,77,Maison,108,5,474,2023
402520,77340,PONTAULT COMBAULT,77,Dépendance,0,0,351,2023
402520,77340,PONTAULT COMBAULT,77,Maison,143,6,351,2023
360000,77460,SOUPPES-SUR-LOING,77,Dépendance,0,0,460,2023
360000,77460,SOUPPES-SUR-LOING,77,Dépendance,0,0,368,2023
360000,77460,SOUPPES-SUR-LOING,77,Maison,85,5,308,2023
360000,77460,SOUPPES-SUR-LOING,77,Dépendance,0,0,308,2023
360000,77460,SOUPPES-SUR-LOING,77,Dépendance,0,0,163,2023
155000,77190,DAMMARIE LES LYS,77,Maison,88,5,307,2023
204700,77350,LE MEE SUR SEINE,77,Maison,89,4,154,2023
170000,77760,ACHERES-LA-FORET,77,Maison,65,4,82,2023
170000,77760,ACHERES-LA-FORET,77,Maison,65,4,621,2023
265000,77210,AVON,77,Maison,67,3,71,2023
357190,77173,CHEVRY-COSSIGNY,77,Maison,90,4,577,2023
389900,77590,BOIS LE ROI,77,Maison,82,4,312,2023
260000,77550,MOISSY-CRAMAYEL,77,Maison,96,5,298,2023
780000,77590,BOIS LE ROI,77,Dépendance,0,0,1411,2023
780000,77590,BOIS LE ROI,77,Maison,260,14,1411,2023
267943,77390,CHAUMES-EN-BRIE,77,Dépendance,0,0,159,2023
267943,77390,CHAUMES-EN-BRIE,77,Maison,70,3,159,2023
267943,77390,CHAUMES-EN-BRIE,77,Maison,70,3,2604,2023
267943,77390,CHAUMES-EN-BRIE,77,Dépendance,0,0,2604,2023
315000,77780,BOURRON-MARLOTTE,77,Maison,102,4,215,2023
1,77390,ANDREZEL,77,Local industriel. commercial ou assimilé,0,0,3492,2023
380000,77930,FLEURY-EN-BIERE,77,Maison,61,3,271,2023
380000,77930,FLEURY-EN-BIERE,77,Dépendance,0,0,271,2023
160000,77220,GRETZ-ARMAINVILLIERS,77,Maison,38,2,460,2023
160000,77220,GRETZ-ARMAINVILLIERS,77,Dépendance,0,0,460,2023
270000,77930,CHAILLY-EN-BIERE,77,Maison,113,5,225,2023
135000,77570,BOUGLIGNY,77,Maison,82,4,293,2023
135000,77570,BOUGLIGNY,77,Dépendance,0,0,293,2023
135000,77570,BOUGLIGNY,77,Maison,16,1,156,2023
230000,77550,REAU,77,Maison,155,5,525,2023
230000,77550,REAU,77,Dépendance,0,0,525,2023
165000,77130,MONTEREAU FAULT YONNE,77,Maison,65,3,580,2023
165000,77130,MONTEREAU FAULT YONNE,77,Maison,65,3,132,2023
8000,77830,PAMFOU,77,Dépendance,0,0,2290,2023
182000,77590,BOIS LE ROI,77,Maison,47,2,112,2023
232000,77710,PALEY,77,Dépendance,0,0,988,2023
232000,77710,PALEY,77,Maison,112,6,1092,2023
232000,77710,PALEY,77,Dépendance,0,0,1092,2023
232000,77710,PALEY,77,Maison,112,6,988,2023
160000,77820,CHATELET-EN-BRIE (LE),77,Dépendance,0,0,292,2023
160000,77820,CHATELET-EN-BRIE (LE),77,Maison,63,3,292,2023
110000,77130,MONTEREAU FAULT YONNE,77,Dépendance,0,0,346,2023
110000,77130,MONTEREAU FAULT YONNE,77,Maison,60,3,346,2023
42500,77940,THOURY FEROTTES,77,Dépendance,0,0,122,2023
42500,77940,THOURY FEROTTES,77,Maison,60,2,122,2023
215760,77111,SOLERS,77,Dépendance,0,0,63,2023
215760,77111,SOLERS,77,Maison,75,3,667,2023
215760,77111,SOLERS,77,Dépendance,0,0,667,2023
215760,77111,SOLERS,77,Maison,75,3,63,2023
364080,77220,GRETZ-ARMAINVILLIERS,77,Dépendance,0,0,710,2023
364080,77220,GRETZ-ARMAINVILLIERS,77,Maison,113,6,710,2023
225000,77140,NEMOURS,77,Maison,85,5,548,2023
225000,77140,NEMOURS,77,Dépendance,0,0,548,2023
450000,77680,ROISSY-EN-BRIE,77,Maison,70,3,396,2023
200000,77240,VERT-SAINT-DENIS,77,Maison,72,3,155,2023
180000,77570,CHATEAU-LANDON,77,Local industriel. commercial ou assimilé,150,0,123,2023
180000,77570,CHATEAU-LANDON,77,Appartement,70,4,123,2023
180000,77570,CHATEAU-LANDON,77,Appartement,55,3,123,2023
180000,77570,CHATEAU-LANDON,77,Dépendance,0,0,123,2023
149000,77940,VOULX,77,Maison,65,4,1043,2023
149000,77940,VOULX,77,Maison,36,2,1043,2023
394131,77210,AVON,77,Dépendance,0,0,346,2023
394131,77210,AVON,77,Maison,57,4,346,2023
338000,77127,LIEUSAINT,77,Maison,120,4,75,2023
220000,77340,PONTAULT COMBAULT,77,Dépendance,0,0,341,2023
220000,77340,PONTAULT COMBAULT,77,Maison,72,4,341,2023
950000,77170,BRIE COMTE ROBERT,77,Local industriel. commercial ou assimilé,400,0,2887,2023
950000,77170,BRIE COMTE ROBERT,77,Local industriel. commercial ou assimilé,716,0,2887,2023
365600,77760,URY,77,Dépendance,0,0,105,2023
365600,77760,URY,77,Maison,133,4,861,2023
365600,77760,URY,77,Maison,133,4,105,2023
365600,77760,URY,77,Dépendance,0,0,861,2023
414200,77167,POLIGNY,77,Maison,220,4,800,2023
414200,77167,POLIGNY,77,Dépendance,0,0,800,2023
414200,77167,POLIGNY,77,Dépendance,0,0,628,2023
414200,77167,POLIGNY,77,Maison,220,4,628,2023
310000,77220,GRETZ-ARMAINVILLIERS,77,Dépendance,0,0,390,2023
310000,77220,GRETZ-ARMAINVILLIERS,77,Maison,115,6,390,2023
342000,77670,SAINT-MAMMES,77,Maison,130,4,242,2023
330000,77127,LIEUSAINT,77,Maison,87,4,210,2023
200000,77940,BROSSE-MONTCEAUX (LA),77,Maison,66,3,703,2023
200000,77940,BROSSE-MONTCEAUX (LA),77,Maison,66,3,704,2023
205000,77000,LIVRY-SUR-SEINE,77,Maison,58,2,197,2023
205000,77000,LIVRY-SUR-SEINE,77,Dépendance,0,0,197,2023
205000,77000,LIVRY-SUR-SEINE,77,Local industriel. commercial ou assimilé,0,0,270,2023
205000,77000,LIVRY-SUR-SEINE,77,Maison,95,4,270,2023
205000,77000,LIVRY-SUR-SEINE,77,Dépendance,0,0,270,2023
275000,77130,MONTEREAU FAULT YONNE,77,Maison,96,4,425,2023
275000,77130,MONTEREAU FAULT YONNE,77,Appartement,66,3,425,2023
225000,77710,REMAUVILLE,77,Maison,118,5,500,2023
225000,77710,REMAUVILLE,77,Maison,118,5,503,2023
267000,77176,SAVIGNY-LE-TEMPLE,77,Maison,100,5,136,2023
343000,77680,ROISSY-EN-BRIE,77,Maison,86,4,417,2023
360000,77000,MELUN,77,Maison,140,4,342,2023
169000,77250,VILLECERF,77,Maison,58,2,75,2023
169000,77250,VILLECERF,77,Dépendance,0,0,75,2023
95000,77130,MONTEREAU FAULT YONNE,77,Local industriel. commercial ou assimilé,80,0,215,2023
95000,77130,MONTEREAU FAULT YONNE,77,Maison,70,1,215,2023
1660000,77340,PONTAULT COMBAULT,77,Appartement,61,3,318,2023
1660000,77340,PONTAULT COMBAULT,77,Local industriel. commercial ou assimilé,40,0,318,2023
1660000,77340,PONTAULT COMBAULT,77,Appartement,44,2,318,2023
1660000,77340,PONTAULT COMBAULT,77,Appartement,39,2,318,2023
1660000,77340,PONTAULT COMBAULT,77,Appartement,32,1,318,2023
1660000,77340,PONTAULT COMBAULT,77,Appartement,45,2,318,2023
1660000,77340,PONTAULT COMBAULT,77,Appartement,36,2,318,2023
1660000,77340,PONTAULT COMBAULT,77,Appartement,25,1,318,2023
1660000,77340,PONTAULT COMBAULT,77,Local industriel. commercial ou assimilé,12,0,318,2023
1660000,77340,PONTAULT COMBAULT,77,Local industriel. commercial ou assimilé,82,0,318,2023
1660000,77340,PONTAULT COMBAULT,77,Local industriel. commercial ou assimilé,28,0,318,2023
305000,77380,COMBS LA VILLE,77,Maison,90,4,551,2023
305000,77380,COMBS LA VILLE,77,Dépendance,0,0,551,2023
148000,77111,SOLERS,77,Dépendance,0,0,196,2023
148000,77111,SOLERS,77,Maison,90,3,196,2023
148000,77111,SOLERS,77,Maison,30,1,196,2023
293000,77720,GRANDPUITS-BAILLY-CARROIS,77,Maison,117,4,662,2023
280255,77340,PONTAULT COMBAULT,77,Maison,68,4,518,2023
280255,77340,PONTAULT COMBAULT,77,Dépendance,0,0,518,2023
142500,77000,VAUX-LE-PENIL,77,Maison,103,4,518,2023
312000,77240,VERT-SAINT-DENIS,77,Maison,98,4,337,2023
428090,77127,LIEUSAINT,77,Dépendance,0,0,534,2023
428090,77127,LIEUSAINT,77,Maison,123,6,534,2023
115000,77250,MORET-LOING-ET-ORVANNE,77,Maison,33,1,21,2023
276000,77550,MOISSY-CRAMAYEL,77,Maison,76,4,186,2023
446000,77330,OZOIR LA FERRIERE,77,Maison,151,6,354,2023
270000,77000,VAUX-LE-PENIL,77,Maison,103,5,334,2023
214205,77127,LIEUSAINT,77,Maison,76,4,153,2023
380000,77380,COMBS LA VILLE,77,Maison,130,7,540,2023
575000,77300,FONTAINEBLEAU,77,Dépendance,0,0,84,2023
575000,77300,FONTAINEBLEAU,77,Appartement,116,4,84,2023
70000,77130,MONTEREAU FAULT YONNE,77,Maison,50,3,68,2023
1182500,77760,VILLIERS-SOUS-GREZ,77,Maison,150,6,5645,2023
1182500,77760,VILLIERS-SOUS-GREZ,77,Maison,150,6,220,2023
280000,77000,MELUN,77,Maison,87,5,505,2023
220000,77720,SAINT-OUEN-EN-BRIE,77,Maison,98,5,500,2023
220000,77720,SAINT-OUEN-EN-BRIE,77,Dépendance,0,0,500,2023
220000,77720,SAINT-OUEN-EN-BRIE,77,Dépendance,0,0,371,2023
220000,77720,SAINT-OUEN-EN-BRIE,77,Maison,98,5,371,2023
350000,77380,COMBS LA VILLE,77,Dépendance,0,0,367,2023
350000,77380,COMBS LA VILLE,77,Maison,103,5,367,2023
200000,77350,LE MEE SUR SEINE,77,Maison,65,3,91,2023
180000,77167,POLIGNY,77,Local industriel. commercial ou assimilé,80,0,1359,2023
180000,77167,POLIGNY,77,Dépendance,0,0,1359,2023
205000,77690,MONTIGNY-SUR-LOING,77,Maison,60,3,105,2023
104000,77570,CHATEAU-LANDON,77,Maison,82,4,509,2023
367500,77111,SOLERS,77,Maison,106,4,477,2023
240000,77310,SAINT-FARGEAU-PONTHIERRY,77,Maison,116,6,16,2023
175000,77570,CHATEAU-LANDON,77,Maison,121,4,648,2023
340000,77173,CHEVRY-COSSIGNY,77,Maison,88,4,420,2023
303500,77176,SAVIGNY-LE-TEMPLE,77,Maison,107,6,445,2023
50000,77570,CHATEAU-LANDON,77,Maison,40,2,416,2023
484500,77930,PERTHES,77,Dépendance,0,0,1107,2023
484500,77930,PERTHES,77,Maison,160,3,500,2023
484500,77930,PERTHES,77,Dépendance,0,0,500,2023
484500,77930,PERTHES,77,Maison,160,3,1107,2023
235000,77720,MORMANT,77,Maison,84,5,315,2023
415000,77190,DAMMARIE LES LYS,77,Maison,154,6,781,2023
562000,77820,CHATELET-EN-BRIE (LE),77,Maison,72,2,500,2023
562000,77820,CHATELET-EN-BRIE (LE),77,Maison,72,2,562,2023
270000,77115,SIVRY-COURTRY,77,Maison,88,5,671,2023
270000,77115,SIVRY-COURTRY,77,Dépendance,0,0,671,2023
436000,77590,CHARTRETTES,77,Maison,118,6,578,2023
128000,77830,VALENCE-EN-BRIE,77,Maison,92,4,183,2023
315000,77310,SAINT-FARGEAU-PONTHIERRY,77,Maison,80,3,230,2023
310000,77950,MOISENAY,77,Maison,79,4,662,2023
135000,77130,VARENNES-SUR-SEINE,77,Dépendance,0,0,472,2023
135000,77130,VARENNES-SUR-SEINE,77,Maison,56,3,472,2023
750000,77680,ROISSY-EN-BRIE,77,Appartement,40,1,648,2023
750000,77680,ROISSY-EN-BRIE,77,Dépendance,0,0,648,2023
750000,77680,ROISSY-EN-BRIE,77,Appartement,43,3,648,2023
750000,77680,ROISSY-EN-BRIE,77,Appartement,43,2,648,2023
244900,77240,VERT-SAINT-DENIS,77,Maison,77,4,181,2023
330000,77220,GRETZ-ARMAINVILLIERS,77,Dépendance,0,0,418,2023
330000,77220,GRETZ-ARMAINVILLIERS,77,Maison,147,5,418,2023
280000,77250,MORET-LOING-ET-ORVANNE,77,Dépendance,0,0,433,2023
280000,77250,MORET-LOING-ET-ORVANNE,77,Maison,75,3,433,2023
400000,77550,MOISSY-CRAMAYEL,77,Maison,96,5,745,2023
346100,77240,CESSON,77,Maison,112,4,664,2023
346100,77240,CESSON,77,Dépendance,0,0,664,2023
395000,77130,MONTEREAU FAULT YONNE,77,Maison,160,7,934,2023
240000,77000,MELUN,77,Maison,100,5,600,2023
240000,77000,MELUN,77,Maison,100,5,65,2023
246000,77133,MACHAULT,77,Dépendance,0,0,529,2023
246000,77133,MACHAULT,77,Maison,142,5,529,2023
59800,77130,VILLE-SAINT-JACQUES,77,Maison,80,2,561,2023
195000,77940,BLENNES,77,Maison,92,4,388,2023
215000,77130,GRANDE-PAROISSE (LA),77,Maison,81,4,424,2023
215000,77130,GRANDE-PAROISSE (LA),77,Dépendance,0,0,424,2023
215000,77670,SAINT-MAMMES,77,Dépendance,0,0,479,2023
215000,77670,SAINT-MAMMES,77,Maison,90,4,479,2023
355000,77630,ARBONNE-LA-FORET,77,Maison,90,4,472,2023
290000,77240,VERT-SAINT-DENIS,77,Maison,94,5,380,2023
230500,77130,SAINT-GERMAIN-LAVAL,77,Maison,115,4,280,2023
230500,77130,SAINT-GERMAIN-LAVAL,77,Dépendance,0,0,280,2023
155000,77460,SOUPPES-SUR-LOING,77,Dépendance,0,0,152,2023
155000,77460,SOUPPES-SUR-LOING,77,Maison,100,4,152,2023
461775,77115,SIVRY-COURTRY,77,Dépendance,0,0,676,2023
461775,77115,SIVRY-COURTRY,77,Maison,162,7,676,2023
435000,77150,LESIGNY,77,Maison,110,5,630,2023
191000,77000,MELUN,77,Dépendance,0,0,285,2023
191000,77000,MELUN,77,Dépendance,0,0,19,2023
191000,77000,MELUN,77,Appartement,53,2,19,2023
191000,77000,MELUN,77,Appartement,53,2,285,2023
348360,77240,CESSON,77,Maison,123,7,479,2023
185000,77810,THOMERY,77,Maison,98,4,489,2023
414860,77570,CHENOU,77,Maison,200,6,626,2023
414860,77570,CHENOU,77,Maison,200,6,500,2023
439000,77680,ROISSY-EN-BRIE,77,Maison,43,2,464,2023
439000,77680,ROISSY-EN-BRIE,77,Dépendance,0,0,464,2023
570000,77680,ROISSY-EN-BRIE,77,Dépendance,0,0,419,2023
570000,77680,ROISSY-EN-BRIE,77,Maison,52,3,419,2023
500000,77680,ROISSY-EN-BRIE,77,Local industriel. commercial ou assimilé,9,0,406,2023
500000,77680,ROISSY-EN-BRIE,77,Maison,72,4,406,2023
513800,77590,CHARTRETTES,77,Maison,110,6,2854,2023
513800,77590,CHARTRETTES,77,Maison,110,6,500,2023
60000,77250,VILLEMER,77,Dépendance,0,0,176,2023
244000,77140,SAINT-PIERRE-LES-NEMOURS,77,Maison,100,4,300,2023
244000,77140,SAINT-PIERRE-LES-NEMOURS,77,Maison,100,4,751,2023
114000,77570,MADELEINE-SUR-LOING (LA),77,Maison,49,2,90,2023
114000,77570,MADELEINE-SUR-LOING (LA),77,Maison,49,2,807,2023
115000,77350,LE MEE SUR SEINE,77,Dépendance,0,0,8617,2023
385000,77135,PONTCARRE,77,Maison,85,3,452,2023
385000,77135,PONTCARRE,77,Dépendance,0,0,400,2023
385000,77135,PONTCARRE,77,Dépendance,0,0,452,2023
385000,77135,PONTCARRE,77,Maison,85,3,400,2023
276700,77250,VILLECERF,77,Maison,126,7,500,2023
310000,77330,OZOIR LA FERRIERE,77,Maison,81,5,412,2023
60500,77570,CHATEAU-LANDON,77,Maison,43,2,26,2023
350000,77950,MOISENAY,77,Maison,106,5,602,2023
165000,77140,NEMOURS,77,Dépendance,0,0,357,2023
165000,77140,NEMOURS,77,Maison,68,4,357,2023
175000,77123,VAUDOUE (LE),77,Maison,80,4,2000,2023
175000,77123,VAUDOUE (LE),77,Maison,50,1,2000,2023
175000,77123,VAUDOUE (LE),77,Dépendance,0,0,2000,2023
175000,77123,VAUDOUE (LE),77,Maison,80,4,840,2023
175000,77123,VAUDOUE (LE),77,Maison,50,1,840,2023
175000,77123,VAUDOUE (LE),77,Dépendance,0,0,840,2023
35000,77140,SAINT-PIERRE-LES-NEMOURS,77,Dépendance,0,0,333,2023
320000,77220,TOURNAN-EN-BRIE,77,Maison,104,5,219,2023
1000,77760,CHEVRAINVILLIERS,77,Dépendance,0,0,13,2023
389000,77610,CHATRES,77,Maison,180,5,614,2023
389000,77610,CHATRES,77,Dépendance,0,0,614,2023
168000,77570,BOUGLIGNY,77,Maison,100,3,904,2023
542000,77310,BOISSISE-LE-ROI,77,Maison,40,2,1503,2023
542000,77310,BOISSISE-LE-ROI,77,Maison,40,2,500,2023
542000,77310,BOISSISE-LE-ROI,77,Dépendance,0,0,500,2023
542000,77310,BOISSISE-LE-ROI,77,Maison,112,4,1503,2023
542000,77310,BOISSISE-LE-ROI,77,Maison,112,4,500,2023
542000,77310,BOISSISE-LE-ROI,77,Dépendance,0,0,1503,2023
612400,77250,MORET-LOING-ET-ORVANNE,77,Dépendance,0,0,1500,2023
612400,77250,MORET-LOING-ET-ORVANNE,77,Dépendance,0,0,403,2023
612400,77250,MORET-LOING-ET-ORVANNE,77,Maison,165,5,403,2023
612400,77250,MORET-LOING-ET-ORVANNE,77,Maison,165,5,1500,2023
285000,77820,CHATELET-EN-BRIE (LE),77,Maison,69,4,481,2023
200000,77820,CHATELET-EN-BRIE (LE),77,Maison,70,3,121,2023
180000,77148,LAVAL-EN-BRIE,77,Maison,65,3,814,2023
147000,77710,TREUZY-LEVELAY,77,Maison,82,5,977,2023
320000,77170,BRIE COMTE ROBERT,77,Maison,104,4,491,2023
281000,77140,NEMOURS,77,Dépendance,0,0,66,2023
281000,77140,NEMOURS,77,Maison,140,4,66,2023
480000,77590,CHARTRETTES,77,Maison,155,6,700,2023
480000,77590,CHARTRETTES,77,Maison,155,6,753,2023
190000,77940,THOURY FEROTTES,77,Maison,78,3,200,2023
190000,77940,THOURY FEROTTES,77,Maison,78,3,2019,2023
338000,77166,GRISY-SUISNES,77,Maison,168,6,694,2023
338000,77166,GRISY-SUISNES,77,Maison,168,6,1300,2023
305000,77140,NEMOURS,77,Local industriel. commercial ou assimilé,370,0,2000,2023
305000,77140,NEMOURS,77,Local industriel. commercial ou assimilé,20,0,2000,2023
135000,77460,CHAINTREAUX,77,Maison,64,3,136,2023
308000,77830,PAMFOU,77,Maison,113,5,524,2023
308000,77830,PAMFOU,77,Dépendance,0,0,524,2023
505000,77590,BOIS LE ROI,77,Maison,136,5,201,2023
325000,77127,LIEUSAINT,77,Maison,86,5,221,2023
1000000,77950,RUBELLES,77,Local industriel. commercial ou assimilé,266,0,1500,2023
295000,77176,SAVIGNY-LE-TEMPLE,77,Maison,96,6,412,2023
230000,77590,FONTAINE-LE-PORT,77,Dépendance,0,0,500,2023
230000,77590,FONTAINE-LE-PORT,77,Maison,109,7,546,2023
230000,77590,FONTAINE-LE-PORT,77,Dépendance,0,0,546,2023
230000,77590,FONTAINE-LE-PORT,77,Maison,109,7,500,2023
492401,77130,MONTEREAU FAULT YONNE,77,Maison,160,7,934,2023
27000,77810,THOMERY,77,Local industriel. commercial ou assimilé,1282,0,1371,2023
130000,77130,MONTEREAU FAULT YONNE,77,Local industriel. commercial ou assimilé,215,0,249,2023
119600,77550,MOISSY-CRAMAYEL,77,Maison,37,1,210,2023
212500,77350,LE MEE SUR SEINE,77,Maison,75,4,180,2023
298000,77930,CHAILLY-EN-BIERE,77,Maison,116,6,494,2023
265000,77930,CHAILLY-EN-BIERE,77,Maison,79,3,500,2023
300500,77930,CHAILLY-EN-BIERE,77,Maison,146,6,509,2023
484000,77250,MORET-LOING-ET-ORVANNE,77,Maison,112,5,349,2023
484000,77250,MORET-LOING-ET-ORVANNE,77,Dépendance,0,0,349,2023
355000,77130,MONTEREAU FAULT YONNE,77,Appartement,23,1,224,2023
355000,77130,MONTEREAU FAULT YONNE,77,Appartement,26,1,224,2023
355000,77130,MONTEREAU FAULT YONNE,77,Appartement,34,2,224,2023
355000,77130,MONTEREAU FAULT YONNE,77,Appartement,14,1,224,2023
355000,77130,MONTEREAU FAULT YONNE,77,Appartement,44,2,224,2023
355000,77130,MONTEREAU FAULT YONNE,77,Appartement,25,1,224,2023
355000,77130,MONTEREAU FAULT YONNE,77,Appartement,17,1,224,2023
355000,77130,MONTEREAU FAULT YONNE,77,Dépendance,0,0,224,2023
215000,77780,BOURRON-MARLOTTE,77,Maison,100,4,110,2023
215000,77780,BOURRON-MARLOTTE,77,Dépendance,0,0,110,2023
325000,77000,LIVRY-SUR-SEINE,77,Maison,102,5,448,2023
80088,77380,COMBS LA VILLE,77,Dépendance,0,0,16,2023
3802712,77140,NEMOURS,77,Local industriel. commercial ou assimilé,545,0,1649,2023
67000,77620,EGREVILLE,77,Maison,70,3,56,2023
67000,77620,EGREVILLE,77,Dépendance,0,0,84,2023
67000,77620,EGREVILLE,77,Appartement,64,3,84,2023
299000,77127,LIEUSAINT,77,Maison,79,4,214,2023
335000,77340,PONTAULT COMBAULT,77,Maison,110,5,464,2023
170000,77950,MAINCY,77,Maison,61,3,50,2023
145000,77460,SOUPPES-SUR-LOING,77,Maison,71,4,429,2023
380000,77670,VERNOU-LA-CELLE-SUR-SEINE,77,Maison,104,6,200,2023
380000,77670,VERNOU-LA-CELLE-SUR-SEINE,77,Maison,104,6,14525,2023
1200000,77310,PRINGY,77,Local industriel. commercial ou assimilé,538,0,2610,2023
1200000,77310,PRINGY,77,Local industriel. commercial ou assimilé,380,0,2610,2023
290000,77680,ROISSY-EN-BRIE,77,Dépendance,0,0,326,2023
290000,77680,ROISSY-EN-BRIE,77,Maison,89,4,326,2023
310000,77190,DAMMARIE LES LYS,77,Maison,90,4,680,2023
270000,77390,CHAMPDEUIL,77,Maison,81,4,665,2023
314000,77330,OZOIR LA FERRIERE,77,Maison,70,3,374,2023
324750,77240,CESSON,77,Maison,92,5,223,2023
335000,77111,SOIGNOLLES-EN-BRIE,77,Maison,183,6,699,2023
335000,77111,SOIGNOLLES-EN-BRIE,77,Maison,183,6,141,2023
330000,77330,OZOIR LA FERRIERE,77,Maison,130,5,458,2023
95000,77710,CHEVRY-EN-SEREINE,77,Dépendance,0,0,287,2023
95000,77710,CHEVRY-EN-SEREINE,77,Maison,42,2,287,2023
300000,77250,MORET-LOING-ET-ORVANNE,77,Maison,116,5,290,2023
245000,77630,BARBIZON,77,Local industriel. commercial ou assimilé,74,0,118,2023
245000,77630,BARBIZON,77,Maison,25,1,118,2023
390000,77240,CESSON,77,Maison,106,5,497,2023
355000,77000,ROCHETTE(LA),77,Dépendance,0,0,617,2023
355000,77000,ROCHETTE(LA),77,Maison,84,4,617,2023
460000,77240,SEINE-PORT,77,Maison,90,4,494,2023
460000,77240,SEINE-PORT,77,Dépendance,0,0,500,2023
460000,77240,SEINE-PORT,77,Dépendance,0,0,494,2023
460000,77240,SEINE-PORT,77,Maison,90,4,500,2023
460000,77240,SEINE-PORT,77,Maison,66,2,209,2023
460000,77240,SEINE-PORT,77,Local industriel. commercial ou assimilé,35,0,209,2023
364000,77930,FLEURY-EN-BIERE,77,Maison,97,4,500,2023
364000,77930,FLEURY-EN-BIERE,77,Maison,97,4,515,2023
205000,77140,NEMOURS,77,Dépendance,0,0,642,2023
205000,77140,NEMOURS,77,Maison,120,4,408,2023
205000,77140,NEMOURS,77,Dépendance,0,0,408,2023
40000,77890,BEAUMONT-DU-GATINAIS,77,Maison,40,2,159,2023
40000,77890,BEAUMONT-DU-GATINAIS,77,Dépendance,0,0,159,2023
147000,77620,EGREVILLE,77,Maison,228,9,140,2023
513000,77550,LIMOGES-FOURCHES,77,Maison,182,4,585,2023
513000,77550,LIMOGES-FOURCHES,77,Dépendance,0,0,585,2023
624000,77570,CHENOU,77,Local industriel. commercial ou assimilé,146,0,500,2023
624000,77570,CHENOU,77,Dépendance,0,0,500,2023
624000,77570,CHENOU,77,Local industriel. commercial ou assimilé,0,0,241,2023
624000,77570,CHENOU,77,Local industriel. commercial ou assimilé,146,0,241,2023
624000,77570,CHENOU,77,Dépendance,0,0,241,2023
624000,77570,CHENOU,77,Local industriel. commercial ou assimilé,0,0,500,2023
133500,77250,MORET-LOING-ET-ORVANNE,77,Maison,64,3,75,2023
233000,77170,BRIE COMTE ROBERT,77,Maison,84,4,381,2023
589700,77920,SAMOIS SUR SEINE,77,Maison,69,3,1058,2023
589700,77920,SAMOIS SUR SEINE,77,Dépendance,0,0,1058,2023
760000,77760,CHAPELLE-LA-REINE (LA),77,Maison,195,7,740,2023
760000,77760,CHAPELLE-LA-REINE (LA),77,Dépendance,0,0,740,2023
320000,77130,MONTEREAU FAULT YONNE,77,Dépendance,0,0,844,2023
320000,77130,MONTEREAU FAULT YONNE,77,Dépendance,0,0,15,2023
320000,77130,MONTEREAU FAULT YONNE,77,Dépendance,0,0,17,2023
275500,77220,FAVIERES,77,Maison,90,4,243,2023
600000,77140,NEMOURS,77,Local industriel. commercial ou assimilé,554,0,4000,2023
950000,77820,CHATELET-EN-BRIE (LE),77,Maison,56,2,3444,2023
129500,77780,BOURRON-MARLOTTE,77,Dépendance,0,0,1211,2023
129500,77780,BOURRON-MARLOTTE,77,Maison,148,9,1211,2023
1700000,77550,REAU,77,Appartement,55,5,386,2023
1700000,77550,REAU,77,Appartement,19,1,386,2023
1700000,77550,REAU,77,Local industriel. commercial ou assimilé,738,0,386,2023
1700000,77550,REAU,77,Appartement,62,3,739,2023
355600,77240,CESSON,77,Maison,135,6,382,2023
185000,77890,BEAUMONT-DU-GATINAIS,77,Maison,160,6,415,2023
185000,77890,BEAUMONT-DU-GATINAIS,77,Maison,160,6,878,2023
185000,77890,BEAUMONT-DU-GATINAIS,77,Dépendance,0,0,878,2023
185000,77890,BEAUMONT-DU-GATINAIS,77,Dépendance,0,0,415,2023
305000,77240,VERT-SAINT-DENIS,77,Dépendance,0,0,449,2023
305000,77240,VERT-SAINT-DENIS,77,Maison,112,5,449,2023
355000,77000,ROCHETTE(LA),77,Maison,150,4,523,2023
382750,77350,BOISSISE-LA-BERTRAND,77,Maison,92,4,677,2023
312000,77380,COMBS LA VILLE,77,Maison,80,5,313,2023
445000,77310,SAINT-FARGEAU-PONTHIERRY,77,Maison,115,5,500,2023
445000,77310,SAINT-FARGEAU-PONTHIERRY,77,Dépendance,0,0,500,2023
445000,77310,SAINT-FARGEAU-PONTHIERRY,77,Maison,115,5,520,2023
445000,77310,SAINT-FARGEAU-PONTHIERRY,77,Dépendance,0,0,520,2023
334000,77310,SAINT-FARGEAU-PONTHIERRY,77,Maison,82,3,219,2023
334000,77310,SAINT-FARGEAU-PONTHIERRY,77,Dépendance,0,0,219,2023
176000,77000,MELUN,77,Maison,67,4,138,2023
242230,77880,GREZ-SUR-LOING,77,Dépendance,0,0,600,2023
242230,77880,GREZ-SUR-LOING,77,Dépendance,0,0,141,2023
242230,77880,GREZ-SUR-LOING,77,Maison,63,3,141,2023
242230,77880,GREZ-SUR-LOING,77,Maison,63,3,600,2023
198000,77370,FONTENAILLES,77,Maison,74,4,459,2023
198000,77370,FONTENAILLES,77,Dépendance,0,0,459,2023
770000,77870,VULAINES-SUR-SEINE,77,Maison,137,5,1357,2023
770000,77870,VULAINES-SUR-SEINE,77,Dépendance,0,0,500,2023
770000,77870,VULAINES-SUR-SEINE,77,Appartement,34,1,500,2023
770000,77870,VULAINES-SUR-SEINE,77,Maison,137,5,500,2023
770000,77870,VULAINES-SUR-SEINE,77,Appartement,34,1,1357,2023
770000,77870,VULAINES-SUR-SEINE,77,Dépendance,0,0,1357,2023
700000,77166,GRISY-SUISNES,77,Local industriel. commercial ou assimilé,650,0,1000,2023
750000,77300,FONTAINEBLEAU,77,Appartement,70,3,99,2023
750000,77300,FONTAINEBLEAU,77,Appartement,50,2,99,2023
750000,77300,FONTAINEBLEAU,77,Local industriel. commercial ou assimilé,33,0,99,2023
190000,77550,MOISSY-CRAMAYEL,77,Dépendance,0,0,12,2023
361200,77190,DAMMARIE LES LYS,77,Maison,80,5,492,2023
238000,77130,DORMELLES,77,Maison,69,2,480,2023
238000,77130,DORMELLES,77,Maison,69,2,400,2023
1,77350,LE MEE SUR SEINE,77,Local industriel. commercial ou assimilé,4100,0,2424,2023
1,77350,LE MEE SUR SEINE,77,Local industriel. commercial ou assimilé,4100,0,3576,2023
1,77350,LE MEE SUR SEINE,77,Local industriel. commercial ou assimilé,1150,0,4752,2023
1368500,77123,VAUDOUE (LE),77,Dépendance,0,0,1037,2023
1368500,77123,VAUDOUE (LE),77,Maison,248,6,1037,2023
378000,77680,ROISSY-EN-BRIE,77,Maison,91,5,325,2023
170000,77130,MAROLLES-SUR-SEINE,77,Maison,80,4,735,2023
170000,77130,MAROLLES-SUR-SEINE,77,Maison,80,4,130,2023
436000,77680,ROISSY-EN-BRIE,77,Maison,155,8,668,2023
400000,77870,VULAINES-SUR-SEINE,77,Local industriel. commercial ou assimilé,320,0,1246,2023
400000,77870,VULAINES-SUR-SEINE,77,Local industriel. commercial ou assimilé,186,0,1246,2023
600000,77130,CANNES-ECLUSE,77,Maison,300,6,8069,2023
90000,77130,FORGES,77,Dépendance,0,0,600,2023
90000,77130,FORGES,77,Maison,96,2,600,2023
160000,77140,NEMOURS,77,Maison,97,5,355,2023
359900,77220,GRETZ-ARMAINVILLIERS,77,Dépendance,0,0,315,2023
359900,77220,GRETZ-ARMAINVILLIERS,77,Maison,106,5,315,2023
12595440,77130,MONTEREAU FAULT YONNE,77,Local industriel. commercial ou assimilé,890,0,4202,2023
12595440,77130,MONTEREAU FAULT YONNE,77,Local industriel. commercial ou assimilé,1150,0,3023,2023
12595440,77130,MONTEREAU FAULT YONNE,77,Local industriel. commercial ou assimilé,1150,0,500,2023
283000,77210,SAMOREAU,77,Maison,68,4,378,2023
140000,77780,BOURRON-MARLOTTE,77,Dépendance,0,0,115,2023
140000,77780,BOURRON-MARLOTTE,77,Maison,48,3,115,2023
345440,77310,SAINT-FARGEAU-PONTHIERRY,77,Maison,80,3,500,2023
345440,77310,SAINT-FARGEAU-PONTHIERRY,77,Dépendance,0,0,500,2023
335000,77220,GRETZ-ARMAINVILLIERS,77,Maison,72,4,441,2023
395000,77190,DAMMARIE LES LYS,77,Dépendance,0,0,170,2023
395000,77190,DAMMARIE LES LYS,77,Appartement,115,5,170,2023
395000,77190,DAMMARIE LES LYS,77,Dépendance,0,0,1231,2023
395000,77190,DAMMARIE LES LYS,77,Appartement,85,3,1231,2023
395000,77190,DAMMARIE LES LYS,77,Appartement,85,3,170,2023
395000,77190,DAMMARIE LES LYS,77,Appartement,115,5,1231,2023
29000,77310,SAINT-FARGEAU-PONTHIERRY,77,Maison,25,2,585,2023
320000,77148,SALINS,77,Dépendance,0,0,449,2023
320000,77148,SALINS,77,Maison,94,3,449,2023
250000,77350,LE MEE SUR SEINE,77,Maison,88,4,499,2023
238000,77810,THOMERY,77,Maison,43,2,338,2023
153000,77166,GRISY-SUISNES,77,Maison,86,4,316,2023
153000,77166,GRISY-SUISNES,77,Dépendance,0,0,316,2023
313400,77390,CHAUMES-EN-BRIE,77,Dépendance,0,0,463,2023
313400,77390,CHAUMES-EN-BRIE,77,Maison,110,4,463,2023
225000,77240,VERT-SAINT-DENIS,77,Maison,54,2,401,2023
225000,77240,VERT-SAINT-DENIS,77,Dépendance,0,0,401,2023
800000,77310,SAINT-FARGEAU-PONTHIERRY,77,Local industriel. commercial ou assimilé,195,0,726,2023
330000,77000,MELUN,77,Local industriel. commercial ou assimilé,316,0,159,2023
267000,77240,VERT-SAINT-DENIS,77,Maison,81,5,147,2023
130000,77390,OZOUER-LE-VOULGIS,77,Maison,58,2,622,2023
283000,77000,VAUX-LE-PENIL,77,Maison,88,4,587,2023
179000,77130,CANNES-ECLUSE,77,Appartement,15,1,168,2023
179000,77130,CANNES-ECLUSE,77,Appartement,25,2,168,2023
179000,77130,CANNES-ECLUSE,77,Appartement,32,2,168,2023
530000,77330,OZOIR LA FERRIERE,77,Maison,167,7,610,2023
160000,77210,AVON,77,Dépendance,0,0,33,2023
160000,77210,AVON,77,Maison,68,3,33,2023
524000,77850,HERICY,77,Maison,100,5,331,2023
524000,77850,HERICY,77,Dépendance,0,0,331,2023
22000,77570,MADELEINE-SUR-LOING (LA),77,Dépendance,0,0,1400,2023
22000,77570,MADELEINE-SUR-LOING (LA),77,Dépendance,0,0,146,2023
262500,77720,GRANDPUITS-BAILLY-CARROIS,77,Maison,70,4,937,2023
262500,77720,GRANDPUITS-BAILLY-CARROIS,77,Maison,70,4,92,2023
310000,77220,TOURNAN-EN-BRIE,77,Dépendance,0,0,500,2023
310000,77220,TOURNAN-EN-BRIE,77,Dépendance,0,0,294,2023
310000,77220,TOURNAN-EN-BRIE,77,Maison,112,5,294,2023
310000,77220,TOURNAN-EN-BRIE,77,Maison,112,5,500,2023
249000,77123,NOISY-SUR-ECOLE,77,Maison,81,3,275,2023
249000,77123,NOISY-SUR-ECOLE,77,Maison,31,1,275,2023
124000,77760,BUTHIERS,77,Dépendance,0,0,856,2023
124000,77760,BUTHIERS,77,Maison,54,2,856,2023
145000,77430,CHAMPAGNE SUR SEINE,77,Maison,100,6,179,2023
265000,77930,PERTHES,77,Maison,70,4,643,2023
277000,77173,CHEVRY-COSSIGNY,77,Maison,76,4,473,2023
22565,77220,LIVERDY-EN-BRIE,77,Maison,64,4,17614,2023
22565,77220,LIVERDY-EN-BRIE,77,Maison,64,4,436,2023
305650,77166,EVRY-GREGY-SUR-YERRE,77,Maison,81,4,441,2023
465000,77220,TOURNAN-EN-BRIE,77,Maison,110,5,167,2023
465000,77220,TOURNAN-EN-BRIE,77,Maison,110,5,500,2023
325000,77760,BUTHIERS,77,Maison,142,5,1000,2023
325000,77760,BUTHIERS,77,Maison,142,5,453,2023
325000,77760,BUTHIERS,77,Dépendance,0,0,453,2023
325000,77760,BUTHIERS,77,Dépendance,0,0,1000,2023
143000,77940,BLENNES,77,Maison,174,2,346,2023
420000,77190,DAMMARIE LES LYS,77,Maison,170,6,500,2023
420000,77190,DAMMARIE LES LYS,77,Maison,170,6,546,2023
420000,77190,DAMMARIE LES LYS,77,Dépendance,0,0,546,2023
420000,77190,DAMMARIE LES LYS,77,Dépendance,0,0,500,2023
215000,77130,GRANDE-PAROISSE (LA),77,Maison,94,6,552,2023
215000,77130,GRANDE-PAROISSE (LA),77,Maison,30,2,552,2023
30000,77620,EGREVILLE,77,Local industriel. commercial ou assimilé,173,0,158,2023
80000,77760,BOULANCOURT,77,Maison,65,3,428,2023
80000,77760,BOULANCOURT,77,Dépendance,0,0,428,2023
299000,77690,MONTIGNY-SUR-LOING,77,Dépendance,0,0,78,2023
299000,77690,MONTIGNY-SUR-LOING,77,Maison,100,5,78,2023
767450,77810,THOMERY,77,Maison,127,3,290,2023
240000,77130,GRANDE-PAROISSE (LA),77,Local industriel. commercial ou assimilé,255,0,530,2023
240000,77130,GRANDE-PAROISSE (LA),77,Appartement,56,3,530,2023
291000,77390,GUIGNES,77,Maison,98,6,421,2023
188000,77780,BOURRON-MARLOTTE,77,Dépendance,0,0,151,2023
188000,77780,BOURRON-MARLOTTE,77,Maison,68,3,151,2023
120000,77940,NOISY-RUDIGNON,77,Dépendance,0,0,542,2023
120000,77940,NOISY-RUDIGNON,77,Maison,118,3,925,2023
120000,77940,NOISY-RUDIGNON,77,Dépendance,0,0,925,2023
120000,77940,NOISY-RUDIGNON,77,Maison,118,3,542,2023
130000,77130,MISY-SUR-YONNE,77,Dépendance,0,0,200,2023
130000,77130,MISY-SUR-YONNE,77,Maison,63,4,654,2023
130000,77130,MISY-SUR-YONNE,77,Dépendance,0,0,654,2023
130000,77130,MISY-SUR-YONNE,77,Maison,63,4,200,2023
95000,77123,VAUDOUE (LE),77,Maison,65,4,2068,2023
95000,77123,VAUDOUE (LE),77,Maison,65,4,32,2023
266000,77176,SAVIGNY-LE-TEMPLE,77,Maison,69,3,500,2023
266000,77176,SAVIGNY-LE-TEMPLE,77,Maison,69,3,544,2023
175000,77720,MORMANT,77,Maison,96,5,220,2023
170000,77690,MONTIGNY-SUR-LOING,77,Maison,92,2,46,2023
211200,77820,CHATELET-EN-BRIE (LE),77,Maison,97,4,746,2023
211200,77820,CHATELET-EN-BRIE (LE),77,Maison,97,4,500,2023
219500,77350,LE MEE SUR SEINE,77,Maison,85,4,200,2023
881680,77930,FLEURY-EN-BIERE,77,Maison,140,3,985,2023
880000,77630,ARBONNE-LA-FORET,77,Dépendance,0,0,500,2023
880000,77630,ARBONNE-LA-FORET,77,Maison,260,6,500,2023
880000,77630,ARBONNE-LA-FORET,77,Dépendance,0,0,819,2023
880000,77630,ARBONNE-LA-FORET,77,Maison,260,6,819,2023
277000,77130,DORMELLES,77,Maison,69,3,677,2023
277000,77130,DORMELLES,77,Dépendance,0,0,536,2023
277000,77130,DORMELLES,77,Maison,69,3,536,2023
277000,77130,DORMELLES,77,Dépendance,0,0,677,2023
35000,77000,ROCHETTE(LA),77,Local industriel. commercial ou assimilé,140,0,1000,2023
35000,77000,ROCHETTE(LA),77,Maison,55,3,1000,2023
35000,77000,ROCHETTE(LA),77,Maison,55,3,2087,2023
35000,77000,ROCHETTE(LA),77,Local industriel. commercial ou assimilé,900,0,2087,2023
35000,77000,ROCHETTE(LA),77,Local industriel. commercial ou assimilé,900,0,1000,2023
35000,77000,ROCHETTE(LA),77,Local industriel. commercial ou assimilé,140,0,2087,2023
732300,77240,SEINE-PORT,77,Dépendance,0,0,988,2023
732300,77240,SEINE-PORT,77,Maison,165,5,988,2023
528700,77850,HERICY,77,Maison,200,5,1305,2023
528700,77850,HERICY,77,Maison,200,5,500,2023
349000,77000,VAUX-LE-PENIL,77,Maison,100,5,500,2023
164000,77850,HERICY,77,Maison,40,2,487,2023
307000,77850,HERICY,77,Maison,83,3,717,2023
320000,77176,SAVIGNY-LE-TEMPLE,77,Maison,122,5,1003,2023
332740,77340,PONTAULT COMBAULT,77,Maison,75,5,528,2023
280000,77111,SOLERS,77,Maison,91,4,547,2023
280000,77111,SOLERS,77,Dépendance,0,0,547,2023
140000,77176,NANDY,77,Maison,84,5,524,2023
400500,77310,BOISSISE-LE-ROI,77,Maison,107,4,992,2023
202500,77340,PONTAULT COMBAULT,77,Maison,102,4,569,2023
67000,77710,PALEY,77,Maison,60,3,200,2023
67000,77710,PALEY,77,Maison,60,3,1198,2023
275000,77000,VAUX-LE-PENIL,77,Maison,101,4,484,2023
382005,77550,LIMOGES-FOURCHES,77,Maison,155,7,500,2023
382005,77550,LIMOGES-FOURCHES,77,Maison,155,7,300,2023
297000,77176,SAVIGNY-LE-TEMPLE,77,Dépendance,0,0,289,2023
297000,77176,SAVIGNY-LE-TEMPLE,77,Maison,107,5,289,2023
416950,77380,COMBS LA VILLE,77,Dépendance,0,0,843,2023
416950,77380,COMBS LA VILLE,77,Maison,137,5,843,2023
279000,77380,COMBS LA VILLE,77,Maison,91,5,125,2023
350000,77920,SAMOIS SUR SEINE,77,Maison,128,5,944,2023
133000,77250,MORET-LOING-ET-ORVANNE,77,Maison,73,4,29,2023
629500,77630,SAINT-MARTIN-EN-BIERE,77,Maison,135,6,500,2023
629500,77630,SAINT-MARTIN-EN-BIERE,77,Maison,135,6,998,2023
245000,77850,HERICY,77,Appartement,87,3,117,2023
150000,77720,MORMANT,77,Maison,78,3,219,2023
120000,77140,DARVAULT,77,Dépendance,0,0,30,2023
120000,77140,DARVAULT,77,Maison,85,3,2487,2023
120000,77140,DARVAULT,77,Dépendance,0,0,2487,2023
120000,77140,DARVAULT,77,Maison,85,3,30,2023
465000,77310,PRINGY,77,Maison,130,6,812,2023
465000,77310,PRINGY,77,Dépendance,0,0,812,2023
374000,77111,SOIGNOLLES-EN-BRIE,77,Maison,71,3,720,2023
374000,77111,SOIGNOLLES-EN-BRIE,77,Dépendance,0,0,720,2023
177000,77170,BRIE COMTE ROBERT,77,Dépendance,0,0,11,2023
177000,77170,BRIE COMTE ROBERT,77,Dépendance,0,0,14,2023
431000,77150,LESIGNY,77,Maison,140,7,500,2023
431000,77150,LESIGNY,77,Maison,140,7,416,2023
307342,77220,PRESLES-EN-BRIE,77,Maison,100,6,2000,2023
307342,77220,PRESLES-EN-BRIE,77,Maison,100,6,497,2023
325000,77166,EVRY-GREGY-SUR-YERRE,77,Dépendance,0,0,747,2023
325000,77166,EVRY-GREGY-SUR-YERRE,77,Maison,74,3,747,2023
458000,77940,ESMANS,77,Dépendance,0,0,610,2023
458000,77940,ESMANS,77,Maison,163,4,610,2023
390000,77340,PONTAULT COMBAULT,77,Dépendance,0,0,407,2023
390000,77340,PONTAULT COMBAULT,77,Maison,90,5,407,2023
145000,77350,LE MEE SUR SEINE,77,Dépendance,0,0,8617,2023
295000,77210,SAMOREAU,77,Dépendance,0,0,155,2023
295000,77210,SAMOREAU,77,Appartement,48,2,500,2023
295000,77210,SAMOREAU,77,Appartement,48,2,155,2023
295000,77210,SAMOREAU,77,Dépendance,0,0,500,2023
240000,77250,MORET-LOING-ET-ORVANNE,77,Maison,95,4,484,2023
210000,77190,DAMMARIE LES LYS,77,Dépendance,0,0,400,2023
210000,77190,DAMMARIE LES LYS,77,Maison,77,4,400,2023
212000,77140,SAINT-PIERRE-LES-NEMOURS,77,Maison,112,5,222,2023
212000,77140,SAINT-PIERRE-LES-NEMOURS,77,Maison,112,5,800,2023
470000,77630,ARBONNE-LA-FORET,77,Maison,157,6,395,2023
365000,77550,MOISSY-CRAMAYEL,77,Maison,92,4,300,2023
184000,77620,EGREVILLE,77,Maison,89,3,304,2023
240000,77430,CHAMPAGNE SUR SEINE,77,Maison,66,3,788,2023
240000,77430,CHAMPAGNE SUR SEINE,77,Maison,66,3,983,2023
260000,77166,EVRY-GREGY-SUR-YERRE,77,Maison,50,2,246,2023
160000,77140,SAINT-PIERRE-LES-NEMOURS,77,Dépendance,0,0,651,2023
160000,77140,SAINT-PIERRE-LES-NEMOURS,77,Maison,53,3,651,2023
220000,77140,SAINT-PIERRE-LES-NEMOURS,77,Maison,143,5,519,2023
220000,77140,SAINT-PIERRE-LES-NEMOURS,77,Dépendance,0,0,519,2023
202000,77760,CHEVRAINVILLIERS,77,Maison,76,4,121,2023
202000,77760,CHEVRAINVILLIERS,77,Dépendance,0,0,13,2023
195000,77940,VOULX,77,Maison,66,5,459,2023
190000,77940,VOULX,77,Maison,96,5,1426,2023
190000,77940,VOULX,77,Maison,96,5,94,2023
401500,77760,FROMONT,77,Maison,106,5,1088,2023
401500,77760,FROMONT,77,Dépendance,0,0,474,2023
401500,77760,FROMONT,77,Maison,106,5,474,2023
401500,77760,FROMONT,77,Dépendance,0,0,1088,2023
140778,77166,GRISY-SUISNES,77,Maison,224,9,238,2023
140778,77166,GRISY-SUISNES,77,Maison,224,9,500,2023
164920,77720,CHAPELLE-GAUTHIER (LA),77,Maison,73,3,127,2023
446000,77240,VERT-SAINT-DENIS,77,Maison,140,4,990,2023
278000,77760,BOISSY-AUX-CAILLES,77,Maison,98,4,758,2023
278000,77760,BOISSY-AUX-CAILLES,77,Dépendance,0,0,300,2023
278000,77760,BOISSY-AUX-CAILLES,77,Maison,98,4,300,2023
278000,77760,BOISSY-AUX-CAILLES,77,Dépendance,0,0,758,2023
25500,77123,TOUSSON,77,Dépendance,0,0,25,2023
4041446,77220,TOURNAN-EN-BRIE,77,Local industriel. commercial ou assimilé,19518,0,7858,2023
252000,77000,LIVRY-SUR-SEINE,77,Dépendance,0,0,170,2023
252000,77000,LIVRY-SUR-SEINE,77,Maison,66,3,170,2023
135000,77710,CHEVRY-EN-SEREINE,77,Maison,59,3,411,2023
135000,77710,CHEVRY-EN-SEREINE,77,Maison,59,3,500,2023
169000,77940,THOURY FEROTTES,77,Dépendance,0,0,410,2023
169000,77940,THOURY FEROTTES,77,Maison,65,3,410,2023
320950,77170,BRIE COMTE ROBERT,77,Maison,90,5,186,2023
14000,77240,CESSON,77,Dépendance,0,0,14,2023
305000,77240,VERT-SAINT-DENIS,77,Local industriel. commercial ou assimilé,0,0,64,2023
305000,77240,VERT-SAINT-DENIS,77,Maison,112,7,534,2023
205500,77950,RUBELLES,77,Maison,97,5,301,2023
175600,77390,CHAUMES-EN-BRIE,77,Maison,38,2,305,2023
262000,77240,CESSON,77,Maison,99,5,363,2023
203000,77140,NEMOURS,77,Maison,78,4,407,2023
308000,77310,PRINGY,77,Maison,76,3,667,2023
141000,77390,CHAUMES-EN-BRIE,77,Maison,86,5,500,2023
141000,77390,CHAUMES-EN-BRIE,77,Maison,86,5,1690,2023
265000,77930,CHAILLY-EN-BIERE,77,Dépendance,0,0,630,2023
265000,77930,CHAILLY-EN-BIERE,77,Maison,160,5,630,2023
196000,77140,NEMOURS,77,Dépendance,0,0,174,2023
196000,77140,NEMOURS,77,Maison,62,3,174,2023
275600,77130,SAINT-GERMAIN-LAVAL,77,Maison,132,4,108,2023
275600,77130,SAINT-GERMAIN-LAVAL,77,Maison,132,4,682,2023
367860,77115,BLANDY,77,Maison,139,4,29,2023
130000,77940,THOURY FEROTTES,77,Maison,80,4,95,2023
300000,77170,BRIE COMTE ROBERT,77,Maison,106,5,518,2023
299000,77430,CHAMPAGNE SUR SEINE,77,Maison,200,4,283,2023
235000,77140,NEMOURS,77,Dépendance,0,0,133,2023
235000,77140,NEMOURS,77,Appartement,43,3,133,2023
235000,77140,NEMOURS,77,Appartement,40,3,133,2023
840000,77130,VARENNES-SUR-SEINE,77,Local industriel. commercial ou assimilé,900,0,3834,2023
404000,77170,BRIE COMTE ROBERT,77,Maison,112,6,335,2023
170000,77760,CHAPELLE-LA-REINE (LA),77,Maison,81,3,786,2023
170000,77760,CHAPELLE-LA-REINE (LA),77,Maison,81,3,50,2023
155000,77133,FERICY,77,Maison,79,3,124,2023
155000,77133,FERICY,77,Dépendance,0,0,124,2023
255000,77115,SIVRY-COURTRY,77,Maison,108,6,571,2023
644000,77300,FONTAINEBLEAU,77,Maison,78,5,224,2023
644000,77300,FONTAINEBLEAU,77,Dépendance,0,0,224,2023
360000,77000,MELUN,77,Dépendance,0,0,489,2023
360000,77000,MELUN,77,Maison,266,12,489,2023
360000,77000,MELUN,77,Dépendance,0,0,310,2023
360000,77000,MELUN,77,Maison,266,12,310,2023
290700,77130,MONTEREAU FAULT YONNE,77,Appartement,117,6,115,2023
290700,77130,MONTEREAU FAULT YONNE,77,Dépendance,0,0,115,2023
290700,77130,MONTEREAU FAULT YONNE,77,Local industriel. commercial ou assimilé,37,0,115,2023
305000,77760,BUTHIERS,77,Maison,193,7,602,2023
305000,77760,BUTHIERS,77,Dépendance,0,0,602,2023
167500,77210,AVON,77,Appartement,26,1,167,2023
167500,77210,AVON,77,Dépendance,0,0,167,2023
167500,77210,AVON,77,Dépendance,0,0,647,2023
167500,77210,AVON,77,Appartement,26,1,647,2023
167500,77210,AVON,77,Appartement,36,2,647,2023
167500,77210,AVON,77,Appartement,35,2,647,2023
167500,77210,AVON,77,Appartement,36,2,167,2023
167500,77210,AVON,77,Appartement,35,2,167,2023
320000,77170,BRIE COMTE ROBERT,77,Maison,60,3,466,2023
458000,77170,BRIE COMTE ROBERT,77,Maison,164,6,407,2023
300000,77380,COMBS LA VILLE,77,Maison,120,6,480,2023
245000,77000,VAUX-LE-PENIL,77,Maison,64,3,74,2023
245000,77000,VAUX-LE-PENIL,77,Maison,64,3,916,2023
40000,77950,VOISENON,77,Dépendance,0,0,219,2023
260000,77000,LIVRY-SUR-SEINE,77,Maison,91,5,452,2023
232000,77950,VOISENON,77,Maison,85,5,93,2023
954978,77300,FONTAINEBLEAU,77,Dépendance,0,0,360,2023
954978,77300,FONTAINEBLEAU,77,Maison,150,6,360,2023
168000,77220,FAVIERES,77,Maison,47,2,47,2023
185000,77570,CHATEAU-LANDON,77,Dépendance,0,0,1029,2023
185000,77570,CHATEAU-LANDON,77,Maison,101,5,1029,2023
208295,77620,EGREVILLE,77,Maison,75,4,165,2023
200000,77130,VARENNES-SUR-SEINE,77,Maison,81,6,424,2023
280000,77210,AVON,77,Maison,60,4,674,2023
280000,77210,AVON,77,Dépendance,0,0,674,2023
180500,77140,NEMOURS,77,Maison,88,5,501,2023
10000,77710,NANTEAU-SUR-LUNAIN,77,Dépendance,0,0,673,2023
195000,77670,VERNOU-LA-CELLE-SUR-SEINE,77,Maison,95,5,200,2023
195000,77670,VERNOU-LA-CELLE-SUR-SEINE,77,Maison,95,5,300,2023
570000,77130,VARENNES-SUR-SEINE,77,Local industriel. commercial ou assimilé,235,0,500,2023
570000,77130,VARENNES-SUR-SEINE,77,Local industriel. commercial ou assimilé,235,0,2618,2023
570000,77130,VARENNES-SUR-SEINE,77,Local industriel. commercial ou assimilé,1660,0,732,2023
355000,77170,BRIE COMTE ROBERT,77,Maison,89,4,162,2023
220000,77130,SAINT-GERMAIN-LAVAL,77,Dépendance,0,0,754,2023
220000,77130,SAINT-GERMAIN-LAVAL,77,Maison,125,7,754,2023
313000,77310,PRINGY,77,Maison,200,5,1071,2023
150000,77570,CHATEAU-LANDON,77,Maison,120,5,527,2023
2600000,77170,BRIE COMTE ROBERT,77,Local industriel. commercial ou assimilé,2450,0,2000,2023
10000,77430,CHAMPAGNE SUR SEINE,77,Dépendance,0,0,29,2023
393500,77340,PONTAULT COMBAULT,77,Maison,94,4,271,2023
55000,77570,CHATEAU-LANDON,77,Appartement,27,1,500,2023
55000,77570,CHATEAU-LANDON,77,Appartement,27,1,1556,2023
350000,77460,SOUPPES-SUR-LOING,77,Appartement,36,2,564,2023
350000,77460,SOUPPES-SUR-LOING,77,Appartement,56,3,564,2023
350000,77460,SOUPPES-SUR-LOING,77,Appartement,43,2,564,2023
350000,77460,SOUPPES-SUR-LOING,77,Appartement,47,2,564,2023
350000,77460,SOUPPES-SUR-LOING,77,Appartement,46,2,564,2023
350000,77460,SOUPPES-SUR-LOING,77,Appartement,17,1,564,2023
133000,77570,CHATEAU-LANDON,77,Dépendance,0,0,181,2023
133000,77570,CHATEAU-LANDON,77,Maison,101,3,181,2023
133000,77570,CHATEAU-LANDON,77,Local industriel. commercial ou assimilé,44,0,181,2023
139000,77570,CHATEAU-LANDON,77,Dépendance,0,0,578,2023
139000,77570,CHATEAU-LANDON,77,Maison,93,5,578,2023
199900,77570,MADELEINE-SUR-LOING (LA),77,Maison,90,5,263,2023
379900,77176,NANDY,77,Maison,100,5,287,2023
220000,77430,CHAMPAGNE SUR SEINE,77,Dépendance,0,0,55,2023
220000,77430,CHAMPAGNE SUR SEINE,77,Maison,90,3,149,2023
140000,77570,CHATEAU-LANDON,77,Maison,116,5,597,2023
70000,77140,SAINT-PIERRE-LES-NEMOURS,77,Maison,48,3,299,2023
70000,77140,SAINT-PIERRE-LES-NEMOURS,77,Dépendance,0,0,299,2023
540000,77680,ROISSY-EN-BRIE,77,Maison,130,5,607,2023
265000,77720,AUBEPIERRE-OZOUER-LE-REPOS,77,Maison,94,3,179,2023
265000,77720,AUBEPIERRE-OZOUER-LE-REPOS,77,Dépendance,0,0,179,2023
265000,77720,AUBEPIERRE-OZOUER-LE-REPOS,77,Maison,94,3,336,2023
265000,77720,AUBEPIERRE-OZOUER-LE-REPOS,77,Dépendance,0,0,336,2023
228000,77000,LIVRY-SUR-SEINE,77,Maison,102,3,151,2023
228000,77000,LIVRY-SUR-SEINE,77,Dépendance,0,0,227,2023
228000,77000,LIVRY-SUR-SEINE,77,Maison,83,4,227,2023
335000,77690,MONTIGNY-SUR-LOING,77,Maison,110,6,300,2023
335000,77690,MONTIGNY-SUR-LOING,77,Maison,110,6,761,2023
174000,77140,NEMOURS,77,Maison,86,4,458,2023
215000,77670,SAINT-MAMMES,77,Dépendance,0,0,939,2023
215000,77670,SAINT-MAMMES,77,Local industriel. commercial ou assimilé,70,0,200,2023
215000,77670,SAINT-MAMMES,77,Local industriel. commercial ou assimilé,70,0,939,2023
215000,77670,SAINT-MAMMES,77,Dépendance,0,0,200,2023
215000,77670,SAINT-MAMMES,77,Maison,200,7,200,2023
215000,77670,SAINT-MAMMES,77,Maison,200,7,939,2023
218300,77130,VILLE-SAINT-JACQUES,77,Maison,98,4,206,2023
425000,77380,COMBS LA VILLE,77,Maison,76,4,534,2023
285700,77340,PONTAULT COMBAULT,77,Dépendance,0,0,405,2023
285700,77340,PONTAULT COMBAULT,77,Maison,52,4,405,2023
3000,77940,ESMANS,77,Maison,17,1,38,2023
3000,77940,ESMANS,77,Maison,17,1,2562,2023
720000,77130,SAINT-GERMAIN-LAVAL,77,Local industriel. commercial ou assimilé,550,0,6474,2023
720000,77130,SAINT-GERMAIN-LAVAL,77,Appartement,95,3,6474,2023
720000,77130,SAINT-GERMAIN-LAVAL,77,Appartement,95,3,640,2023
720000,77130,SAINT-GERMAIN-LAVAL,77,Local industriel. commercial ou assimilé,550,0,640,2023
198000,77111,SOLERS,77,Maison,47,2,581,2023
244000,77760,AMPONVILLE,77,Maison,160,3,500,2023
244000,77760,AMPONVILLE,77,Maison,160,3,439,2023
275000,77550,MOISSY-CRAMAYEL,77,Maison,113,5,215,2023
435000,77760,RECLOSES,77,Maison,154,6,332,2023
158000,77380,COMBS LA VILLE,77,Maison,65,3,261,2023
300000,77390,VERNEUIL-L ETANG,77,Maison,114,5,501,2023
327750,77340,PONTAULT COMBAULT,77,Maison,87,4,113,2023
359000,77340,PONTAULT COMBAULT,77,Maison,69,4,450,2023
228000,77390,GUIGNES,77,Maison,100,4,337,2023
228000,77390,GUIGNES,77,Maison,100,4,500,2023
356900,77680,ROISSY-EN-BRIE,77,Maison,89,4,467,2023
312146,77250,MORET-LOING-ET-ORVANNE,77,Maison,145,5,545,2023
312146,77250,MORET-LOING-ET-ORVANNE,77,Dépendance,0,0,545,2023
190000,77166,GRISY-SUISNES,77,Dépendance,0,0,442,2023
190000,77166,GRISY-SUISNES,77,Maison,82,3,442,2023
238000,77190,DAMMARIE LES LYS,77,Maison,81,4,293,2023
255000,77176,SAVIGNY-LE-TEMPLE,77,Maison,124,5,294,2023
341500,77330,OZOIR LA FERRIERE,77,Dépendance,0,0,569,2023
341500,77330,OZOIR LA FERRIERE,77,Maison,84,5,569,2023
564500,77123,NOISY-SUR-ECOLE,77,Maison,121,6,535,2023
564500,77123,NOISY-SUR-ECOLE,77,Maison,121,6,2000,2023
10000,77940,VOULX,77,Dépendance,0,0,1,2023
305000,77390,FOUJU,77,Dépendance,0,0,257,2023
305000,77390,FOUJU,77,Maison,176,4,257,2023
250000,77760,URY,77,Maison,100,4,1782,2023
250000,77760,URY,77,Local industriel. commercial ou assimilé,130,0,1782,2023
300000,77250,MORET-LOING-ET-ORVANNE,77,Local industriel. commercial ou assimilé,560,0,700,2023
300000,77250,MORET-LOING-ET-ORVANNE,77,Maison,86,4,700,2023
585000,77630,BARBIZON,77,Maison,100,7,304,2023
220000,77250,VILLECERF,77,Maison,99,4,258,2023
220000,77250,VILLECERF,77,Dépendance,0,0,258,2023
380120,77220,TOURNAN-EN-BRIE,77,Maison,145,8,544,2023
464000,77930,CELY EN BIERE,77,Maison,158,5,800,2023
352500,77130,DORMELLES,77,Dépendance,0,0,11460,2023
352500,77130,DORMELLES,77,Maison,160,6,11460,2023
352500,77130,DORMELLES,77,Dépendance,0,0,480,2023
352500,77130,DORMELLES,77,Maison,160,6,480,2023
428000,77430,CHAMPAGNE SUR SEINE,77,Maison,119,5,59,2023
116000,77130,SAINT-GERMAIN-LAVAL,77,Local industriel. commercial ou assimilé,2,0,32,2023
116000,77130,SAINT-GERMAIN-LAVAL,77,Local industriel. commercial ou assimilé,2,0,60,2023
116000,77130,SAINT-GERMAIN-LAVAL,77,Local industriel. commercial ou assimilé,217,0,187,2023
370000,77140,NEMOURS,77,Maison,64,3,765,2023
370000,77140,NEMOURS,77,Maison,118,3,765,2023
452100,77850,HERICY,77,Maison,109,6,667,2023
440000,77250,MORET-LOING-ET-ORVANNE,77,Dépendance,0,0,1000,2023
440000,77250,MORET-LOING-ET-ORVANNE,77,Dépendance,0,0,420,2023
440000,77250,MORET-LOING-ET-ORVANNE,77,Maison,98,7,420,2023
440000,77250,MORET-LOING-ET-ORVANNE,77,Maison,98,7,1000,2023
270000,77250,MORET-LOING-ET-ORVANNE,77,Local industriel. commercial ou assimilé,98,0,282,2023
270000,77250,MORET-LOING-ET-ORVANNE,77,Dépendance,0,0,282,2023
75000,77890,BEAUMONT-DU-GATINAIS,77,Maison,80,4,115,2023
245000,77140,MONCOURT FROMONVILLE,77,Maison,137,5,501,2023
269000,77370,FONTENAILLES,77,Maison,100,3,888,2023
269000,77370,FONTENAILLES,77,Dépendance,0,0,888,2023
369000,77680,ROISSY-EN-BRIE,77,Maison,98,5,436,2023
369000,77680,ROISSY-EN-BRIE,77,Local industriel. commercial ou assimilé,121,0,436,2023
500000,77680,ROISSY-EN-BRIE,77,Maison,133,5,432,2023
270000,77350,BOISSISE-LA-BERTRAND,77,Maison,99,4,772,2023
270000,77350,BOISSISE-LA-BERTRAND,77,Dépendance,0,0,772,2023
290000,77390,CRISENOY,77,Maison,61,2,500,2023
293000,77220,GRETZ-ARMAINVILLIERS,77,Dépendance,0,0,366,2023
293000,77220,GRETZ-ARMAINVILLIERS,77,Maison,72,4,366,2023
265000,77680,ROISSY-EN-BRIE,77,Maison,95,5,434,2023
269900,77680,ROISSY-EN-BRIE,77,Dépendance,0,0,367,2023
269900,77680,ROISSY-EN-BRIE,77,Maison,85,4,367,2023
300000,77250,MORET-LOING-ET-ORVANNE,77,Maison,100,4,253,2023
1200000,77870,VULAINES-SUR-SEINE,77,Local industriel. commercial ou assimilé,950,0,2691,2023
215000,77710,LORREZ-LE-BOCAGE-PREAUX,77,Maison,90,3,726,2023
215000,77710,LORREZ-LE-BOCAGE-PREAUX,77,Dépendance,0,0,726,2023
319900,77680,ROISSY-EN-BRIE,77,Maison,108,5,141,2023
320000,77310,PRINGY,77,Maison,110,4,385,2023
130000,77130,VARENNES-SUR-SEINE,77,Maison,55,3,438,2023
85000,77710,LORREZ-LE-BOCAGE-PREAUX,77,Maison,16,1,147,2023
85000,77710,LORREZ-LE-BOCAGE-PREAUX,77,Maison,94,3,225,2023
320000,77250,MORET-LOING-ET-ORVANNE,77,Local industriel. commercial ou assimilé,295,0,432,2023
175000,77000,MELUN,77,Appartement,50,3,122,2023
275000,77930,CHAILLY-EN-BIERE,77,Maison,110,5,625,2023
399000,77950,MONTEREAU-SUR-LE-JARD,77,Dépendance,0,0,337,2023
399000,77950,MONTEREAU-SUR-LE-JARD,77,Maison,180,5,337,2023
370000,77610,CHATRES,77,Maison,120,7,523,2023
305000,77148,SALINS,77,Maison,163,7,2709,2023
120000,77670,SAINT-MAMMES,77,Maison,150,4,63,2023
601725,77330,OZOIR LA FERRIERE,77,Maison,197,5,500,2023
601725,77330,OZOIR LA FERRIERE,77,Dépendance,0,0,500,2023
601725,77330,OZOIR LA FERRIERE,77,Dépendance,0,0,237,2023
601725,77330,OZOIR LA FERRIERE,77,Maison,197,5,237,2023
165000,77176,SAVIGNY-LE-TEMPLE,77,Dépendance,0,0,379,2023
282000,77173,CHEVRY-COSSIGNY,77,Maison,76,4,611,2023
137900,77000,MELUN,77,Maison,47,2,598,2023
124000,77430,CHAMPAGNE SUR SEINE,77,Maison,67,4,395,2023
43333,77170,COUBERT,77,Maison,80,4,103,2023
323000,77170,BRIE COMTE ROBERT,77,Maison,99,5,480,2023
335000,77950,MAINCY,77,Maison,104,6,870,2023
345000,77340,PONTAULT COMBAULT,77,Maison,89,5,270,2023
295000,77680,ROISSY-EN-BRIE,77,Dépendance,0,0,144,2023
295000,77680,ROISSY-EN-BRIE,77,Maison,97,5,144,2023
266250,77390,CHAUMES-EN-BRIE,77,Maison,94,5,466,2023
180000,77390,CRISENOY,77,Dépendance,0,0,781,2023
180000,77390,CRISENOY,77,Maison,184,6,781,2023
210000,77190,DAMMARIE LES LYS,77,Maison,56,3,474,2023
210000,77190,DAMMARIE LES LYS,77,Dépendance,0,0,474,2023
150000,77590,BOIS LE ROI,77,Dépendance,0,0,358,2023
150000,77590,BOIS LE ROI,77,Maison,48,2,358,2023
325300,77390,CHAUMES-EN-BRIE,77,Maison,74,4,96,2023
325300,77390,CHAUMES-EN-BRIE,77,Maison,74,4,1659,2023
210000,77930,CHAILLY-EN-BIERE,77,Maison,139,7,110,2023
210000,77930,CHAILLY-EN-BIERE,77,Dépendance,0,0,120,2023
210000,77930,CHAILLY-EN-BIERE,77,Maison,11,1,20,2023
282402,77176,SAVIGNY-LE-TEMPLE,77,Maison,80,4,158,2023
318000,77000,MELUN,77,Maison,98,5,251,2023
355000,77190,DAMMARIE LES LYS,77,Dépendance,0,0,250,2023
355000,77190,DAMMARIE LES LYS,77,Maison,98,4,250,2023
355000,77190,DAMMARIE LES LYS,77,Maison,98,4,850,2023
355000,77190,DAMMARIE LES LYS,77,Dépendance,0,0,850,2023
185000,77240,CESSON,77,Dépendance,0,0,37,2023
225000,77720,GRANDPUITS-BAILLY-CARROIS,77,Dépendance,0,0,550,2023
225000,77720,GRANDPUITS-BAILLY-CARROIS,77,Maison,84,5,500,2023
225000,77720,GRANDPUITS-BAILLY-CARROIS,77,Maison,84,5,550,2023
225000,77720,GRANDPUITS-BAILLY-CARROIS,77,Dépendance,0,0,500,2023
250000,77610,CHATRES,77,Maison,68,2,930,2023
250000,77610,CHATRES,77,Maison,68,2,500,2023
362000,77310,SAINT-FARGEAU-PONTHIERRY,77,Dépendance,0,0,542,2023
362000,77310,SAINT-FARGEAU-PONTHIERRY,77,Maison,160,7,542,2023
155000,77570,BOUGLIGNY,77,Dépendance,0,0,424,2023
155000,77570,BOUGLIGNY,77,Maison,100,3,424,2023
350000,77000,VAUX-LE-PENIL,77,Maison,87,2,319,2023
350000,77000,VAUX-LE-PENIL,77,Local industriel. commercial ou assimilé,47,0,319,2023
200000,77630,ARBONNE-LA-FORET,77,Maison,137,5,101,2023
200000,77630,ARBONNE-LA-FORET,77,Dépendance,0,0,101,2023
230000,77250,MORET-LOING-ET-ORVANNE,77,Maison,68,4,256,2023
230000,77250,MORET-LOING-ET-ORVANNE,77,Dépendance,0,0,256,2023
450000,77880,GREZ-SUR-LOING,77,Dépendance,0,0,1549,2023
450000,77880,GREZ-SUR-LOING,77,Maison,105,4,1549,2023
450000,77880,GREZ-SUR-LOING,77,Maison,28,1,1549,2023
940000,77780,BOURRON-MARLOTTE,77,Maison,260,9,109,2023
940000,77780,BOURRON-MARLOTTE,77,Dépendance,0,0,109,2023
330000,77890,ICHY,77,Maison,210,5,1061,2023
330000,77890,ICHY,77,Dépendance,0,0,1061,2023
175000,77127,LIEUSAINT,77,Appartement,25,2,131,2023
175000,77127,LIEUSAINT,77,Maison,50,4,131,2023
155000,77130,MISY-SUR-YONNE,77,Maison,80,5,158,2023
203000,77350,LE MEE SUR SEINE,77,Maison,89,5,122,2023
195000,77130,MAROLLES-SUR-SEINE,77,Maison,52,3,379,2023
201000,77130,GRANDE-PAROISSE (LA),77,Maison,125,4,633,2023
157000,77670,SAINT-MAMMES,77,Dépendance,0,0,740,2023
157000,77670,SAINT-MAMMES,77,Maison,120,5,740,2023
380000,77760,CHAPELLE-LA-REINE (LA),77,Appartement,89,4,475,2023
380000,77760,CHAPELLE-LA-REINE (LA),77,Local industriel. commercial ou assimilé,170,0,475,2023
235000,77830,ECHOUBOULAINS,77,Maison,72,3,200,2023
235000,77830,ECHOUBOULAINS,77,Maison,72,3,770,2023
5000,77760,VILLIERS-SOUS-GREZ,77,Dépendance,0,0,21,2023
315000,77190,DAMMARIE LES LYS,77,Maison,66,3,397,2023
435000,77920,SAMOIS SUR SEINE,77,Maison,190,5,880,2023
395000,77810,THOMERY,77,Maison,120,3,705,2023
395000,77810,THOMERY,77,Dépendance,0,0,705,2023
285000,77330,OZOIR LA FERRIERE,77,Maison,130,4,418,2023
630000,77176,SAVIGNY-LE-TEMPLE,77,Local industriel. commercial ou assimilé,501,0,1336,2023
520000,77710,PALEY,77,Maison,94,4,2391,2023
520000,77710,PALEY,77,Dépendance,0,0,116,2023
520000,77710,PALEY,77,Maison,94,4,116,2023
520000,77710,PALEY,77,Dépendance,0,0,2312,2023
520000,77710,PALEY,77,Maison,94,4,2312,2023
520000,77710,PALEY,77,Dépendance,0,0,2391,2023
520000,77710,PALEY,77,Dépendance,0,0,4781,2023
520000,77710,PALEY,77,Maison,94,4,4781,2023
91250,77130,CANNES-ECLUSE,77,Maison,63,3,497,2023
257000,77390,CRISENOY,77,Maison,80,6,709,2023
18000,77148,LAVAL-EN-BRIE,77,Maison,90,2,658,2023
278000,77176,SAVIGNY-LE-TEMPLE,77,Maison,84,5,219,2023
285000,77220,GRETZ-ARMAINVILLIERS,77,Maison,69,4,543,2023
285000,77220,GRETZ-ARMAINVILLIERS,77,Dépendance,0,0,543,2023
230000,77430,CHAMPAGNE SUR SEINE,77,Maison,90,4,80,2023
230000,77430,CHAMPAGNE SUR SEINE,77,Maison,90,4,781,2023
266500,77000,LIVRY-SUR-SEINE,77,Maison,90,4,694,2023
290000,77170,SERVON,77,Maison,62,4,671,2023
290000,77170,SERVON,77,Dépendance,0,0,671,2023
76000,77670,SAINT-MAMMES,77,Maison,38,3,292,2023
404208,77000,MELUN,77,Dépendance,0,0,520,2023
404208,77000,MELUN,77,Maison,63,3,520,2023
245000,77390,CHAMPDEUIL,77,Maison,84,4,503,2023
360000,77390,FOUJU,77,Dépendance,0,0,561,2023
360000,77390,FOUJU,77,Maison,149,5,561,2023
240000,77820,CHATELET-EN-BRIE (LE),77,Local industriel. commercial ou assimilé,404,0,235,2023
780000,77940,ESMANS,77,Maison,68,3,392,2023
780000,77940,ESMANS,77,Maison,68,3,1206,2023
780000,77940,ESMANS,77,Local industriel. commercial ou assimilé,60,0,200,2023
780000,77940,ESMANS,77,Maison,73,4,200,2023
780000,77940,ESMANS,77,Maison,73,4,4089,2023
780000,77940,ESMANS,77,Local industriel. commercial ou assimilé,60,0,4089,2023
320000,77380,COMBS LA VILLE,77,Maison,115,5,311,2023
291000,77340,PONTAULT COMBAULT,77,Maison,102,5,400,2023
380650,77310,SAINT-FARGEAU-PONTHIERRY,77,Maison,73,4,780,2023
380650,77310,SAINT-FARGEAU-PONTHIERRY,77,Maison,73,4,95,2023
482000,77115,SIVRY-COURTRY,77,Dépendance,0,0,512,2023
482000,77115,SIVRY-COURTRY,77,Maison,140,7,500,2023
482000,77115,SIVRY-COURTRY,77,Dépendance,0,0,500,2023
482000,77115,SIVRY-COURTRY,77,Maison,140,7,512,2023
285500,77166,EVRY-GREGY-SUR-YERRE,77,Maison,72,4,634,2023
285500,77166,EVRY-GREGY-SUR-YERRE,77,Maison,72,4,500,2023
680000,77310,SAINT-FARGEAU-PONTHIERRY,77,Dépendance,0,0,900,2023
680000,77310,SAINT-FARGEAU-PONTHIERRY,77,Dépendance,0,0,512,2023
680000,77310,SAINT-FARGEAU-PONTHIERRY,77,Maison,236,8,512,2023
680000,77310,SAINT-FARGEAU-PONTHIERRY,77,Maison,236,8,900,2023
34000,77130,DORMELLES,77,Maison,65,2,220,2023
2610000,77350,LE MEE SUR SEINE,77,Local industriel. commercial ou assimilé,250,0,2782,2023
2610000,77350,LE MEE SUR SEINE,77,Local industriel. commercial ou assimilé,277,0,2782,2023
2610000,77350,LE MEE SUR SEINE,77,Local industriel. commercial ou assimilé,162,0,2782,2023
2610000,77350,LE MEE SUR SEINE,77,Local industriel. commercial ou assimilé,412,0,2782,2023
2610000,77350,LE MEE SUR SEINE,77,Local industriel. commercial ou assimilé,276,0,2782,2023
2610000,77350,LE MEE SUR SEINE,77,Local industriel. commercial ou assimilé,350,0,2782,2023
420000,77330,OZOIR LA FERRIERE,77,Maison,88,4,510,2023
445385,77000,VAUX-LE-PENIL,77,Maison,150,7,659,2023
260000,77130,VARENNES-SUR-SEINE,77,Maison,130,5,399,2023
260000,77130,VARENNES-SUR-SEINE,77,Dépendance,0,0,399,2023
722770,77690,MONTIGNY-SUR-LOING,77,Maison,110,4,1095,2023
722770,77690,MONTIGNY-SUR-LOING,77,Dépendance,0,0,1095,2023
1,77870,VULAINES-SUR-SEINE,77,Local industriel. commercial ou assimilé,1250,0,2819,2023
155500,77720,MORMANT,77,Maison,91,5,267,2023
250000,77130,MONTEREAU FAULT YONNE,77,Appartement,33,2,107,2023
250000,77130,MONTEREAU FAULT YONNE,77,Appartement,30,1,107,2023
250000,77130,MONTEREAU FAULT YONNE,77,Appartement,24,1,107,2023
250000,77130,MONTEREAU FAULT YONNE,77,Local industriel. commercial ou assimilé,59,0,107,2023
250000,77130,MONTEREAU FAULT YONNE,77,Appartement,35,2,107,2023
160000,77130,MONTEREAU FAULT YONNE,77,Maison,72,3,85,2023
150000,77630,BARBIZON,77,Maison,90,4,500,2023
360000,77250,MORET-LOING-ET-ORVANNE,77,Dépendance,0,0,1138,2023
360000,77250,MORET-LOING-ET-ORVANNE,77,Dépendance,0,0,112,2023
360000,77250,MORET-LOING-ET-ORVANNE,77,Maison,150,5,1138,2023
360000,77250,MORET-LOING-ET-ORVANNE,77,Maison,150,5,112,2023
270000,77710,VILLEMARECHAL,77,Dépendance,0,0,215,2023
270000,77710,VILLEMARECHAL,77,Maison,116,5,215,2023
165000,77780,BOURRON-MARLOTTE,77,Maison,58,2,58,2023
399000,77590,BOIS LE ROI,77,Maison,91,4,599,2023
399000,77590,BOIS LE ROI,77,Maison,91,4,100,2023
172000,77710,LORREZ-LE-BOCAGE-PREAUX,77,Maison,69,4,284,2023
172000,77710,LORREZ-LE-BOCAGE-PREAUX,77,Dépendance,0,0,284,2023
855500,77880,GREZ-SUR-LOING,77,Maison,249,7,372,2023
274550,77167,POLIGNY,77,Maison,101,4,263,2023
290000,77210,SAMOREAU,77,Maison,101,4,286,2023
290000,77210,SAMOREAU,77,Maison,101,4,500,2023
265000,77550,MOISSY-CRAMAYEL,77,Maison,82,4,214,2023
447050,77170,BRIE COMTE ROBERT,77,Maison,129,5,1200,2023
447050,77170,BRIE COMTE ROBERT,77,Dépendance,0,0,154,2023
447050,77170,BRIE COMTE ROBERT,77,Maison,129,5,154,2023
447050,77170,BRIE COMTE ROBERT,77,Dépendance,0,0,1200,2023
213500,77350,LE MEE SUR SEINE,77,Maison,140,5,200,2023
304000,77340,PONTAULT COMBAULT,77,Maison,62,3,714,2023
335000,77680,ROISSY-EN-BRIE,77,Maison,101,4,413,2023
255000,77820,CHATELET-EN-BRIE (LE),77,Dépendance,0,0,663,2023
255000,77820,CHATELET-EN-BRIE (LE),77,Maison,117,6,663,2023
255000,77820,CHATELET-EN-BRIE (LE),77,Dépendance,0,0,500,2023
255000,77820,CHATELET-EN-BRIE (LE),77,Maison,117,6,500,2023
200000,77000,MELUN,77,Maison,55,3,87,2023
200000,77000,MELUN,77,Maison,55,3,267,2023
268000,77550,MOISSY-CRAMAYEL,77,Maison,90,4,207,2023
450000,77340,PONTAULT COMBAULT,77,Maison,111,5,495,2023
1210000,77140,MONCOURT FROMONVILLE,77,Local industriel. commercial ou assimilé,4261,0,7408,2023
1210000,77140,MONCOURT FROMONVILLE,77,Local industriel. commercial ou assimilé,132,0,1520,2023
1210000,77140,MONCOURT FROMONVILLE,77,Local industriel. commercial ou assimilé,4305,0,4289,2023
1210000,77140,MONCOURT FROMONVILLE,77,Local industriel. commercial ou assimilé,3880,0,7590,2023
208000,77176,NANDY,77,Maison,91,5,173,2023
190000,77000,LIVRY-SUR-SEINE,77,Maison,76,3,116,2023
200000,77130,CANNES-ECLUSE,77,Dépendance,0,0,489,2023
200000,77130,CANNES-ECLUSE,77,Maison,74,3,489,2023
218500,77130,MONTEREAU FAULT YONNE,77,Maison,80,4,278,2023
288000,77830,PAMFOU,77,Maison,91,5,620,2023
158000,77460,SOUPPES-SUR-LOING,77,Appartement,46,3,102,2023
158000,77460,SOUPPES-SUR-LOING,77,Dépendance,0,0,102,2023
228900,77000,VAUX-LE-PENIL,77,Maison,40,2,702,2023
228900,77000,VAUX-LE-PENIL,77,Maison,63,4,702,2023
332000,77220,LIVERDY-EN-BRIE,77,Maison,98,5,1294,2023
332000,77220,LIVERDY-EN-BRIE,77,Dépendance,0,0,1294,2023
242250,77720,CHAPELLE-GAUTHIER (LA),77,Maison,81,4,145,2023
242250,77720,CHAPELLE-GAUTHIER (LA),77,Maison,66,2,145,2023
242250,77720,CHAPELLE-GAUTHIER (LA),77,Dépendance,0,0,145,2023
97000,77140,NEMOURS,77,Maison,39,2,39,2023
460000,77590,CHARTRETTES,77,Dépendance,0,0,340,2023
460000,77590,CHARTRETTES,77,Maison,80,1,340,2023
240000,77140,SAINT-PIERRE-LES-NEMOURS,77,Maison,65,3,81,2023
240000,77140,SAINT-PIERRE-LES-NEMOURS,77,Maison,65,3,675,2023
300000,77340,PONTAULT COMBAULT,77,Maison,82,4,229,2023
362000,77680,ROISSY-EN-BRIE,77,Maison,90,4,458,2023
400000,77680,ROISSY-EN-BRIE,77,Maison,120,6,406,2023
337000,77220,FAVIERES,77,Maison,120,6,346,2023
3875000,77340,PONTAULT COMBAULT,77,Maison,45,3,945,2023
3875000,77340,PONTAULT COMBAULT,77,Appartement,100,3,496,2023
3875000,77340,PONTAULT COMBAULT,77,Dépendance,0,0,496,2023
3875000,77340,PONTAULT COMBAULT,77,Local industriel. commercial ou assimilé,260,0,567,2023
108000,77220,LIVERDY-EN-BRIE,77,Dépendance,0,0,237,2023
315000,77176,SAVIGNY-LE-TEMPLE,77,Maison,106,6,461,2023
200000,77620,EGREVILLE,77,Dépendance,0,0,744,2023
200000,77620,EGREVILLE,77,Maison,120,6,744,2023
200000,77620,EGREVILLE,77,Dépendance,0,0,500,2023
200000,77620,EGREVILLE,77,Maison,120,6,500,2023
185370,77890,ICHY,77,Maison,96,4,88,2023
185370,77890,ICHY,77,Maison,62,1,572,2023
160000,77310,SAINT-FARGEAU-PONTHIERRY,77,Maison,68,3,387,2023
273000,77130,CANNES-ECLUSE,77,Maison,123,4,720,2023
285000,77123,TOUSSON,77,Maison,132,4,199,2023
285000,77123,TOUSSON,77,Dépendance,0,0,199,2023
700000,77760,CHAPELLE-LA-REINE (LA),77,Local industriel. commercial ou assimilé,982,0,1723,2023
235000,77130,CANNES-ECLUSE,77,Appartement,25,2,181,2023
95000,77173,CHEVRY-COSSIGNY,77,Dépendance,0,0,40,2023
95000,77173,CHEVRY-COSSIGNY,77,Maison,76,4,1912,2023
95000,77173,CHEVRY-COSSIGNY,77,Dépendance,0,0,1912,2023
95000,77173,CHEVRY-COSSIGNY,77,Maison,76,4,40,2023
145750,77176,SAVIGNY-LE-TEMPLE,77,Maison,84,5,402,2023
145750,77176,SAVIGNY-LE-TEMPLE,77,Dépendance,0,0,402,2023
165000,77350,BOISSISE-LA-BERTRAND,77,Dépendance,0,0,637,2023
155000,77130,CANNES-ECLUSE,77,Maison,96,5,725,2023
155000,77130,CANNES-ECLUSE,77,Dépendance,0,0,725,2023
28770,77130,MONTEREAU FAULT YONNE,77,Local industriel. commercial ou assimilé,0,0,822,2023
275000,77550,MOISSY-CRAMAYEL,77,Maison,75,4,236,2023
80000,77173,CHEVRY-COSSIGNY,77,Maison,76,4,1912,2023
80000,77173,CHEVRY-COSSIGNY,77,Dépendance,0,0,40,2023
80000,77173,CHEVRY-COSSIGNY,77,Maison,76,4,40,2023
80000,77173,CHEVRY-COSSIGNY,77,Dépendance,0,0,1912,2023
460000,77330,OZOIR LA FERRIERE,77,Maison,110,5,390,2023
176000,77760,NANTEAU-SUR-ESSONNE,77,Maison,70,3,88,2023
176000,77760,NANTEAU-SUR-ESSONNE,77,Maison,70,3,1412,2023
430000,77240,CESSON,77,Maison,32,2,870,2023
430000,77240,CESSON,77,Maison,143,5,870,2023
430000,77240,CESSON,77,Dépendance,0,0,870,2023
200000,77780,BOURRON-MARLOTTE,77,Maison,70,4,999,2023
181000,77670,VERNOU-LA-CELLE-SUR-SEINE,77,Maison,85,4,1417,2023
181000,77670,VERNOU-LA-CELLE-SUR-SEINE,77,Maison,85,4,92,2023
290000,77390,OZOUER-LE-VOULGIS,77,Maison,163,5,378,2023
220000,77930,CHAILLY-EN-BIERE,77,Maison,91,5,753,2023
189900,77460,SOUPPES-SUR-LOING,77,Maison,76,3,416,2023
650000,77340,PONTAULT COMBAULT,77,Local industriel. commercial ou assimilé,306,0,581,2023
215000,77000,MELUN,77,Dépendance,0,0,419,2023
215000,77000,MELUN,77,Maison,108,6,419,2023
226500,77148,SALINS,77,Maison,93,4,315,2023
246175,77820,CHATELET-EN-BRIE (LE),77,Maison,83,4,118,2023
465300,77000,VAUX-LE-PENIL,77,Maison,160,5,500,2023
465300,77000,VAUX-LE-PENIL,77,Maison,160,5,655,2023
600000,77210,AVON,77,Local industriel. commercial ou assimilé,88,0,474,2023
600000,77210,AVON,77,Appartement,40,2,474,2023
600000,77210,AVON,77,Appartement,32,1,474,2023
600000,77210,AVON,77,Appartement,45,2,474,2023
600000,77210,AVON,77,Appartement,43,2,474,2023
600000,77210,AVON,77,Appartement,41,2,474,2023
302500,77310,SAINT-FARGEAU-PONTHIERRY,77,Maison,160,7,542,2023
302500,77310,SAINT-FARGEAU-PONTHIERRY,77,Dépendance,0,0,542,2023
175000,77570,CHENOU,77,Maison,98,5,701,2023
130000,77130,GRANDE-PAROISSE (LA),77,Dépendance,0,0,362,2023
120000,77130,MONTEREAU FAULT YONNE,77,Maison,109,6,339,2023
210000,77460,SOUPPES-SUR-LOING,77,Maison,109,5,639,2023
292000,77176,SAVIGNY-LE-TEMPLE,77,Maison,84,5,483,2023
190000,77940,ESMANS,77,Maison,51,3,452,2023
441750,77170,COUBERT,77,Dépendance,0,0,1000,2023
441750,77170,COUBERT,77,Maison,105,4,1000,2023
250000,77220,GRETZ-ARMAINVILLIERS,77,Maison,76,4,414,2023
382000,77340,PONTAULT COMBAULT,77,Maison,105,4,406,2023
248000,77870,VULAINES-SUR-SEINE,77,Maison,72,4,523,2023
303000,77330,OZOIR LA FERRIERE,77,Maison,89,4,217,2023
138000,77710,REMAUVILLE,77,Maison,62,2,136,2023
352000,77550,MOISSY-CRAMAYEL,77,Dépendance,0,0,822,2023
352000,77550,MOISSY-CRAMAYEL,77,Maison,126,6,822,2023
103992,77130,VARENNES-SUR-SEINE,77,Local industriel. commercial ou assimilé,0,0,1238,2023
538000,77176,NANDY,77,Maison,149,6,1000,2023
538000,77176,NANDY,77,Maison,149,6,481,2023
140000,77130,SAINT-GERMAIN-LAVAL,77,Maison,46,3,215,2023
140000,77130,SAINT-GERMAIN-LAVAL,77,Dépendance,0,0,215,2023
245000,77000,VAUX-LE-PENIL,77,Maison,80,4,847,2023
239500,77167,POLIGNY,77,Maison,105,5,405,2023
164500,77130,VARENNES-SUR-SEINE,77,Maison,65,4,413,2023
155000,77000,VAUX-LE-PENIL,77,Maison,59,3,651,2023
155000,77000,VAUX-LE-PENIL,77,Dépendance,0,0,651,2023
58000,77820,CHATILLON-LA-BORDE,77,Dépendance,0,0,369,2023
170000,77140,NEMOURS,77,Maison,90,4,67,2023
421000,77240,VERT-SAINT-DENIS,77,Maison,121,5,1000,2023
421000,77240,VERT-SAINT-DENIS,77,Dépendance,0,0,1000,2023
227500,77130,MONTEREAU FAULT YONNE,77,Maison,95,4,512,2023
248000,77630,SAINT-MARTIN-EN-BIERE,77,Maison,84,5,826,2023
270000,77190,DAMMARIE LES LYS,77,Maison,127,6,416,2023
197990,77130,MAROLLES-SUR-SEINE,77,Maison,52,3,379,2023
380000,77170,COUBERT,77,Local industriel. commercial ou assimilé,670,0,1269,2023
380000,77170,COUBERT,77,Appartement,35,2,1269,2023
1495300,77300,FONTAINEBLEAU,77,Dépendance,0,0,41,2023
1495300,77300,FONTAINEBLEAU,77,Maison,254,8,41,2023
1495300,77300,FONTAINEBLEAU,77,Dépendance,0,0,833,2023
1495300,77300,FONTAINEBLEAU,77,Maison,254,8,833,2023
6000,77430,CHAMPAGNE SUR SEINE,77,Dépendance,0,0,22,2023
292150,77250,MORET-LOING-ET-ORVANNE,77,Maison,87,3,160,2023
292000,77176,SAVIGNY-LE-TEMPLE,77,Maison,107,5,222,2023
750500,77710,VILLEMARECHAL,77,Maison,138,4,658,2023
310000,77850,HERICY,77,Maison,65,3,508,2023
320125,77150,LESIGNY,77,Maison,108,5,433,2023
244000,77890,GARENTREVILLE,77,Maison,110,4,1171,2023
231000,77570,CHATEAU-LANDON,77,Maison,93,5,138,2023
225000,77166,GRISY-SUISNES,77,Maison,50,2,375,2023
150000,77310,BOISSISE-LE-ROI,77,Dépendance,0,0,816,2023
150000,77310,BOISSISE-LE-ROI,77,Maison,120,6,816,2023
225000,77390,CHAMPDEUIL,77,Maison,67,3,282,2023
225000,77390,CHAMPDEUIL,77,Maison,13,1,282,2023
58102,77115,SIVRY-COURTRY,77,Maison,104,5,623,2023
58102,77115,SIVRY-COURTRY,77,Dépendance,0,0,623,2023
8000,77820,CHATILLON-LA-BORDE,77,Dépendance,0,0,73,2023
295000,77870,VULAINES-SUR-SEINE,77,Maison,93,4,664,2023
618400,77170,SERVON,77,Dépendance,0,0,500,2023
618400,77170,SERVON,77,Maison,94,5,500,2023
618400,77170,SERVON,77,Dépendance,0,0,2800,2023
618400,77170,SERVON,77,Maison,94,5,2800,2023
1358100,77210,AVON,77,Maison,200,6,122,2023
488121,77220,TOURNAN-EN-BRIE,77,Maison,131,7,599,2023
185000,77250,MORET-LOING-ET-ORVANNE,77,Maison,68,3,285,2023
275000,77240,CESSON,77,Maison,92,5,196,2023
300000,77170,BRIE COMTE ROBERT,77,Maison,100,5,185,2023
119000,77460,SOUPPES-SUR-LOING,77,Maison,114,5,293,2023
640000,77330,OZOIR LA FERRIERE,77,Maison,154,7,500,2023
640000,77330,OZOIR LA FERRIERE,77,Maison,154,7,545,2023
60000,77130,SAINT-GERMAIN-LAVAL,77,Local industriel. commercial ou assimilé,133,0,1213,2023
257000,77240,CESSON,77,Dépendance,0,0,399,2023
257000,77240,CESSON,77,Maison,84,5,399,2023
210000,77240,CESSON,77,Local industriel. commercial ou assimilé,1600,0,1671,2023
210000,77240,CESSON,77,Local industriel. commercial ou assimilé,459,0,1671,2023
228000,77950,RUBELLES,77,Maison,143,5,614,2023
305000,77390,CHAMPDEUIL,77,Maison,94,4,702,2023
275000,77135,PONTCARRE,77,Maison,96,6,387,2023
38000,77460,SOUPPES-SUR-LOING,77,Maison,55,1,366,2023
415000,77111,SOIGNOLLES-EN-BRIE,77,Maison,127,5,600,2023
153500,77460,CHAINTREAUX,77,Maison,75,3,593,2023
125000,77173,CHEVRY-COSSIGNY,77,Dépendance,0,0,500,2023
125000,77173,CHEVRY-COSSIGNY,77,Maison,55,3,406,2023
125000,77173,CHEVRY-COSSIGNY,77,Dépendance,0,0,406,2023
125000,77173,CHEVRY-COSSIGNY,77,Maison,55,3,500,2023
265000,77000,MELUN,77,Maison,64,5,647,2023
285000,77000,VAUX-LE-PENIL,77,Maison,89,3,304,2023
150000,77140,DARVAULT,77,Maison,73,4,326,2023
113000,77710,VILLEMARECHAL,77,Maison,73,4,200,2023
113000,77710,VILLEMARECHAL,77,Maison,73,4,1020,2023
236580,77130,MAROLLES-SUR-SEINE,77,Maison,104,4,940,2023
300000,77000,MELUN,77,Local industriel. commercial ou assimilé,310,0,417,2023
364000,77240,CESSON,77,Maison,167,7,241,2023
250000,77940,BLENNES,77,Maison,150,4,1005,2023
250000,77940,BLENNES,77,Dépendance,0,0,1005,2023
380000,77380,COMBS LA VILLE,77,Maison,103,4,398,2023
380000,77380,COMBS LA VILLE,77,Dépendance,0,0,398,2023
380000,77380,COMBS LA VILLE,77,Maison,103,4,230,2023
380000,77380,COMBS LA VILLE,77,Dépendance,0,0,230,2023
100000,77710,REMAUVILLE,77,Dépendance,0,0,257,2023
100000,77710,REMAUVILLE,77,Maison,24,3,703,2023
100000,77710,REMAUVILLE,77,Dépendance,0,0,703,2023
100000,77710,REMAUVILLE,77,Maison,24,3,257,2023
175000,77130,MONTEREAU FAULT YONNE,77,Maison,60,4,51,2023
134000,77620,BRANSLES,77,Maison,56,2,1412,2023
1000,77350,LE MEE SUR SEINE,77,Dépendance,0,0,8617,2023
335000,77630,BARBIZON,77,Maison,71,3,90,2023
347000,77240,CESSON,77,Maison,167,7,627,2023
280000,77000,LIVRY-SUR-SEINE,77,Maison,140,6,536,2023
267000,77380,COMBS LA VILLE,77,Maison,76,5,130,2023
231000,77890,BEAUMONT-DU-GATINAIS,77,Maison,200,8,598,2023
2300000,77148,SALINS,77,Local industriel. commercial ou assimilé,0,0,292,2023
2300000,77148,SALINS,77,Local industriel. commercial ou assimilé,153,0,12103,2023
2300000,77148,SALINS,77,Local industriel. commercial ou assimilé,136,0,19700,2023
400000,77220,TOURNAN-EN-BRIE,77,Maison,150,5,489,2023
400000,77220,TOURNAN-EN-BRIE,77,Dépendance,0,0,489,2023
210000,77720,AUBEPIERRE-OZOUER-LE-REPOS,77,Maison,104,6,158,2023
140000,77140,SAINT-PIERRE-LES-NEMOURS,77,Appartement,65,2,76,2023
140000,77140,SAINT-PIERRE-LES-NEMOURS,77,Appartement,70,3,76,2023
70000,77720,BOMBON,77,Dépendance,0,0,325,2023
70000,77720,BOMBON,77,Maison,72,3,325,2023
70000,77720,BOMBON,77,Dépendance,0,0,209,2023
70000,77720,BOMBON,77,Maison,72,3,209,2023
400000,77330,OZOIR LA FERRIERE,77,Maison,106,5,578,2023
311470,77140,NEMOURS,77,Dépendance,0,0,1056,2023
311470,77140,NEMOURS,77,Maison,120,7,7800,2023
311470,77140,NEMOURS,77,Dépendance,0,0,7800,2023
311470,77140,NEMOURS,77,Maison,120,7,1056,2023
312000,77220,GRETZ-ARMAINVILLIERS,77,Maison,67,4,368,2023
202000,77220,GRETZ-ARMAINVILLIERS,77,Maison,144,7,512,2023
415040,77390,OZOUER-LE-VOULGIS,77,Maison,143,6,444,2023
415040,77390,OZOUER-LE-VOULGIS,77,Dépendance,0,0,444,2023
450000,77220,GRETZ-ARMAINVILLIERS,77,Maison,100,3,712,2023
450000,77220,GRETZ-ARMAINVILLIERS,77,Dépendance,0,0,712,2023
131000,77460,SOUPPES-SUR-LOING,77,Dépendance,0,0,660,2023
131000,77460,SOUPPES-SUR-LOING,77,Maison,63,4,660,2023
580000,77220,FAVIERES,77,Maison,105,5,403,2023
185000,77890,BEAUMONT-DU-GATINAIS,77,Maison,175,6,829,2023
1,77190,DAMMARIE LES LYS,77,Local industriel. commercial ou assimilé,8,0,188,2023
356000,77330,OZOIR LA FERRIERE,77,Maison,90,4,214,2023
200000,77115,SIVRY-COURTRY,77,Local industriel. commercial ou assimilé,474,0,116,2023
200000,77115,SIVRY-COURTRY,77,Local industriel. commercial ou assimilé,474,0,348,2023
200000,77115,SIVRY-COURTRY,77,Local industriel. commercial ou assimilé,474,0,414,2023
110000,77890,OBSONVILLE,77,Maison,70,3,725,2023
1346100,77590,BOIS LE ROI,77,Dépendance,0,0,500,2023
1346100,77590,BOIS LE ROI,77,Dépendance,0,0,1396,2023
1346100,77590,BOIS LE ROI,77,Maison,330,4,500,2023
1346100,77590,BOIS LE ROI,77,Maison,330,4,1396,2023
266500,77176,SAVIGNY-LE-TEMPLE,77,Dépendance,0,0,402,2023
266500,77176,SAVIGNY-LE-TEMPLE,77,Maison,84,5,402,2023
179000,77390,OZOUER-LE-VOULGIS,77,Maison,90,5,80,2023
280000,77190,DAMMARIE LES LYS,77,Maison,120,5,592,2023
420000,77690,MONTIGNY-SUR-LOING,77,Maison,160,5,96,2023
140000,77880,GREZ-SUR-LOING,77,Maison,64,4,425,2023
140000,77930,CELY EN BIERE,77,Maison,140,3,431,2023
140000,77930,CELY EN BIERE,77,Dépendance,0,0,431,2023
324500,77340,PONTAULT COMBAULT,77,Maison,88,4,244,2023
324500,77340,PONTAULT COMBAULT,77,Dépendance,0,0,244,2023
297000,77430,CHAMPAGNE SUR SEINE,77,Local industriel. commercial ou assimilé,614,0,872,2023
252000,77140,SAINT-PIERRE-LES-NEMOURS,77,Maison,131,4,640,2023
252000,77140,SAINT-PIERRE-LES-NEMOURS,77,Dépendance,0,0,640,2023
300000,77380,COMBS LA VILLE,77,Maison,130,4,392,2023
345000,77950,VOISENON,77,Maison,112,5,502,2023
335000,77240,SEINE-PORT,77,Maison,99,4,521,2023
124304,77760,ACHERES-LA-FORET,77,Maison,103,5,1003,2023
450000,77130,MONTEREAU FAULT YONNE,77,Dépendance,0,0,555,2023
450000,77130,MONTEREAU FAULT YONNE,77,Appartement,38,2,555,2023
450000,77130,MONTEREAU FAULT YONNE,77,Appartement,148,4,555,2023
450000,77130,MONTEREAU FAULT YONNE,77,Appartement,31,1,555,2023
450000,77130,MONTEREAU FAULT YONNE,77,Appartement,39,1,555,2023
450000,77130,MONTEREAU FAULT YONNE,77,Appartement,22,1,555,2023
450000,77130,MONTEREAU FAULT YONNE,77,Appartement,32,1,555,2023
450000,77130,MONTEREAU FAULT YONNE,77,Dépendance,0,0,337,2023
450000,77130,MONTEREAU FAULT YONNE,77,Appartement,32,1,337,2023
450000,77130,MONTEREAU FAULT YONNE,77,Appartement,22,1,337,2023
450000,77130,MONTEREAU FAULT YONNE,77,Appartement,39,1,337,2023
450000,77130,MONTEREAU FAULT YONNE,77,Appartement,31,1,337,2023
450000,77130,MONTEREAU FAULT YONNE,77,Appartement,148,4,337,2023
450000,77130,MONTEREAU FAULT YONNE,77,Appartement,38,2,337,2023
270000,77390,GUIGNES,77,Maison,109,3,300,2023
270000,77390,GUIGNES,77,Dépendance,0,0,311,2023
270000,77390,GUIGNES,77,Maison,109,3,311,2023
270000,77390,GUIGNES,77,Dépendance,0,0,300,2023
2450000,77630,BARBIZON,77,Local industriel. commercial ou assimilé,1392,0,3043,2023
2450000,77630,BARBIZON,77,Local industriel. commercial ou assimilé,189,0,3043,2023
920000,77630,BARBIZON,77,Maison,222,7,523,2023
155000,77890,ICHY,77,Dépendance,0,0,255,2023
155000,77890,ICHY,77,Maison,85,4,255,2023
469120,77710,NANTEAU-SUR-LUNAIN,77,Maison,230,5,3800,2023
469120,77710,NANTEAU-SUR-LUNAIN,77,Maison,230,5,1000,2023
469120,77710,NANTEAU-SUR-LUNAIN,77,Dépendance,0,0,3800,2023
469120,77710,NANTEAU-SUR-LUNAIN,77,Maison,230,5,3500,2023
469120,77710,NANTEAU-SUR-LUNAIN,77,Dépendance,0,0,3500,2023
469120,77710,NANTEAU-SUR-LUNAIN,77,Dépendance,0,0,1000,2023
340000,77950,VOISENON,77,Dépendance,0,0,1068,2023
340000,77950,VOISENON,77,Maison,60,4,1068,2023
436000,77950,SAINT-GERMAIN-LAXIS,77,Dépendance,0,0,863,2023
436000,77950,SAINT-GERMAIN-LAXIS,77,Maison,160,8,863,2023
15000,77150,FEROLLES-ATTILLY,77,Dépendance,0,0,53,2023
353000,77000,ROCHETTE(LA),77,Maison,115,6,444,2023
230000,77380,COMBS LA VILLE,77,Dépendance,0,0,393,2023
230000,77380,COMBS LA VILLE,77,Maison,41,2,393,2023
379000,77176,SAVIGNY-LE-TEMPLE,77,Maison,90,4,532,2023
260000,77240,CESSON,77,Dépendance,0,0,446,2023
260000,77240,CESSON,77,Maison,84,5,446,2023
200500,77670,VERNOU-LA-CELLE-SUR-SEINE,77,Maison,74,4,200,2023
200500,77670,VERNOU-LA-CELLE-SUR-SEINE,77,Maison,74,4,454,2023
460000,77150,LESIGNY,77,Maison,122,6,500,2023
460000,77150,LESIGNY,77,Maison,122,6,315,2023
336500,77670,VERNOU-LA-CELLE-SUR-SEINE,77,Maison,117,6,523,2023
313000,77166,EVRY-GREGY-SUR-YERRE,77,Maison,80,3,288,2023
311640,77176,SAVIGNY-LE-TEMPLE,77,Maison,95,5,507,2023
408000,77166,EVRY-GREGY-SUR-YERRE,77,Maison,120,5,170,2023
263200,77166,EVRY-GREGY-SUR-YERRE,77,Maison,68,3,187,2023
180000,77140,NONVILLE,77,Dépendance,0,0,575,2023
180000,77140,NONVILLE,77,Maison,55,3,575,2023
110000,77130,VILLE-SAINT-JACQUES,77,Maison,89,4,129,2023
804100,77300,FONTAINEBLEAU,77,Maison,180,7,415,2023
190000,77340,PONTAULT COMBAULT,77,Maison,55,4,94,2023
129500,77190,DAMMARIE LES LYS,77,Maison,68,2,405,2023
290000,77780,BOURRON-MARLOTTE,77,Maison,102,5,494,2023
290000,77780,BOURRON-MARLOTTE,77,Dépendance,0,0,494,2023
80000,77760,URY,77,Maison,77,3,615,2023
80000,77760,URY,77,Dépendance,0,0,615,2023
149040,77130,MISY-SUR-YONNE,77,Maison,48,2,496,2023
1130000,77630,BARBIZON,77,Maison,200,7,4392,2023
1130000,77630,BARBIZON,77,Dépendance,0,0,148,2023
1130000,77630,BARBIZON,77,Dépendance,0,0,4392,2023
1130000,77630,BARBIZON,77,Maison,200,7,148,2023
140000,77130,GRANDE-PAROISSE (LA),77,Maison,73,4,144,2023
312000,77940,THOURY FEROTTES,77,Maison,120,4,567,2023
305000,77460,SOUPPES-SUR-LOING,77,Local industriel. commercial ou assimilé,142,0,513,2023
130000,77140,NEMOURS,77,Maison,80,4,84,2023
130000,77140,NEMOURS,77,Local industriel. commercial ou assimilé,78,0,84,2023
115000,77000,VAUX-LE-PENIL,77,Maison,98,5,618,2023
376200,77135,PONTCARRE,77,Maison,103,6,285,2023
150491,77123,VAUDOUE (LE),77,Maison,94,3,500,2023
150491,77123,VAUDOUE (LE),77,Maison,94,3,1383,2023
255000,77920,SAMOIS SUR SEINE,77,Maison,80,4,133,2023
317303,77000,MELUN,77,Maison,55,3,87,2023
317303,77000,MELUN,77,Maison,55,3,267,2023
220000,77760,CHAPELLE-LA-REINE (LA),77,Dépendance,0,0,157,2023
220000,77760,CHAPELLE-LA-REINE (LA),77,Maison,137,5,157,2023
120000,77760,LARCHANT,77,Maison,160,6,154,2023
247130,77176,SAVIGNY-LE-TEMPLE,77,Maison,98,4,259,2023
230000,77220,FAVIERES,77,Maison,105,4,500,2023
230000,77220,FAVIERES,77,Dépendance,0,0,500,2023
230000,77220,FAVIERES,77,Dépendance,0,0,442,2023
230000,77220,FAVIERES,77,Maison,105,4,442,2023
302710,77830,ECHOUBOULAINS,77,Dépendance,0,0,205,2023
302710,77830,ECHOUBOULAINS,77,Maison,95,4,205,2023
305000,77680,ROISSY-EN-BRIE,77,Maison,93,5,423,2023
287600,77680,ROISSY-EN-BRIE,77,Maison,95,5,215,2023
258500,77350,LE MEE SUR SEINE,77,Maison,98,5,420,2023
258500,77350,LE MEE SUR SEINE,77,Dépendance,0,0,420,2023
600000,77170,BRIE COMTE ROBERT,77,Maison,130,5,2855,2023
600000,77170,BRIE COMTE ROBERT,77,Maison,85,4,1410,2023
600000,77170,BRIE COMTE ROBERT,77,Local industriel. commercial ou assimilé,500,0,1410,2023
203000,77350,LE MEE SUR SEINE,77,Maison,69,3,123,2023
126000,77620,BRANSLES,77,Dépendance,0,0,540,2023
126000,77620,BRANSLES,77,Maison,128,7,540,2023
213000,77710,NANTEAU-SUR-LUNAIN,77,Maison,68,5,469,2023
190000,77590,BOIS LE ROI,77,Maison,55,2,382,2023
430000,77760,NANTEAU-SUR-ESSONNE,77,Dépendance,0,0,3905,2023
430000,77760,NANTEAU-SUR-ESSONNE,77,Maison,180,5,140,2023
430000,77760,NANTEAU-SUR-ESSONNE,77,Maison,180,5,3905,2023
430000,77760,NANTEAU-SUR-ESSONNE,77,Dépendance,0,0,140,2023
294550,77176,SAVIGNY-LE-TEMPLE,77,Maison,105,5,440,2023
275000,77550,MOISSY-CRAMAYEL,77,Maison,83,5,368,2023
310000,77310,SAINT-FARGEAU-PONTHIERRY,77,Maison,144,7,500,2023
310000,77310,SAINT-FARGEAU-PONTHIERRY,77,Maison,144,7,1244,2023
522500,77350,BOISSETTES,77,Maison,166,6,500,2023
522500,77350,BOISSETTES,77,Maison,166,6,1455,2023
260000,77000,ROCHETTE(LA),77,Maison,80,4,510,2023
150000,77130,CANNES-ECLUSE,77,Maison,74,5,401,2023
284000,77176,SAVIGNY-LE-TEMPLE,77,Maison,101,6,289,2023
180000,77000,MELUN,77,Maison,56,3,44,2023
300000,77000,VAUX-LE-PENIL,77,Maison,103,4,380,2023
1,77127,LIEUSAINT,77,Local industriel. commercial ou assimilé,0,0,498,2023
250000,77220,FAVIERES,77,Maison,117,2,55,2023
680300,77630,ARBONNE-LA-FORET,77,Maison,100,4,809,2023
680300,77630,ARBONNE-LA-FORET,77,Dépendance,0,0,810,2023
680300,77630,ARBONNE-LA-FORET,77,Maison,100,4,810,2023
680300,77630,ARBONNE-LA-FORET,77,Maison,40,2,810,2023
680300,77630,ARBONNE-LA-FORET,77,Dépendance,0,0,809,2023
680300,77630,ARBONNE-LA-FORET,77,Maison,40,2,809,2023
284250,77240,VERT-SAINT-DENIS,77,Maison,143,6,190,2023
399000,77240,SEINE-PORT,77,Maison,36,3,500,2023
399000,77240,SEINE-PORT,77,Maison,36,3,807,2023
165000,77130,MISY-SUR-YONNE,77,Maison,109,4,363,2023
172000,77140,NEMOURS,77,Maison,61,3,501,2023
320000,77000,MELUN,77,Maison,134,7,494,2023
230000,77850,HERICY,77,Maison,80,3,1225,2023
230000,77850,HERICY,77,Maison,80,3,500,2023
230000,77570,MADELEINE-SUR-LOING (LA),77,Dépendance,0,0,1110,2023
230000,77570,MADELEINE-SUR-LOING (LA),77,Maison,162,7,1110,2023
325000,77820,CHATILLON-LA-BORDE,77,Maison,80,3,791,2023
1227000,77930,CHAILLY-EN-BIERE,77,Local industriel. commercial ou assimilé,1080,0,5246,2023
1227000,77930,CHAILLY-EN-BIERE,77,Dépendance,0,0,2026,2023
1227000,77930,CHAILLY-EN-BIERE,77,Maison,188,5,5246,2023
1227000,77930,CHAILLY-EN-BIERE,77,Local industriel. commercial ou assimilé,327,0,5246,2023
1227000,77930,CHAILLY-EN-BIERE,77,Dépendance,0,0,5246,2023
1227000,77930,CHAILLY-EN-BIERE,77,Local industriel. commercial ou assimilé,327,0,2026,2023
1227000,77930,CHAILLY-EN-BIERE,77,Maison,188,5,2026,2023
1227000,77930,CHAILLY-EN-BIERE,77,Local industriel. commercial ou assimilé,1080,0,2026,2023
162000,77550,LISSY,77,Maison,102,4,522,2023
278000,77380,COMBS LA VILLE,77,Local industriel. commercial ou assimilé,0,0,20,2023
278000,77380,COMBS LA VILLE,77,Maison,96,5,248,2023
359504,77111,SOLERS,77,Maison,122,7,600,2023
215000,77250,MORET-LOING-ET-ORVANNE,77,Maison,90,4,158,2023
390000,77920,SAMOIS SUR SEINE,77,Maison,193,5,236,2023
390000,77920,SAMOIS SUR SEINE,77,Dépendance,0,0,236,2023
330000,77950,MAINCY,77,Maison,118,5,653,2023
330000,77950,MAINCY,77,Maison,118,5,500,2023
270000,77310,BOISSISE-LE-ROI,77,Maison,40,3,851,2023
235000,77167,BAGNEAUX-SUR-LOING,77,Dépendance,0,0,2587,2023
235000,77167,BAGNEAUX-SUR-LOING,77,Maison,122,5,2587,2023
235000,77167,BAGNEAUX-SUR-LOING,77,Maison,122,5,96,2023
235000,77167,BAGNEAUX-SUR-LOING,77,Dépendance,0,0,96,2023
308350,77176,NANDY,77,Maison,107,5,660,2023
318000,77590,BOIS LE ROI,77,Dépendance,0,0,609,2023
318000,77590,BOIS LE ROI,77,Maison,63,3,609,2023
318000,77590,BOIS LE ROI,77,Dépendance,0,0,500,2023
318000,77590,BOIS LE ROI,77,Maison,63,3,500,2023
360000,77930,PERTHES,77,Maison,77,3,521,2023
360000,77930,PERTHES,77,Maison,77,3,859,2023
430000,77950,MOISENAY,77,Maison,150,6,1336,2023
430000,77950,MOISENAY,77,Dépendance,0,0,1336,2023
312000,77390,OZOUER-LE-VOULGIS,77,Maison,155,5,465,2023
202000,77000,LIVRY-SUR-SEINE,77,Maison,101,4,500,2023
202000,77000,LIVRY-SUR-SEINE,77,Maison,101,4,572,2023
295000,77380,COMBS LA VILLE,77,Maison,60,3,382,2023
295000,77380,COMBS LA VILLE,77,Dépendance,0,0,382,2023
223990,77380,COMBS LA VILLE,77,Maison,55,4,97,2023
223990,77380,COMBS LA VILLE,77,Dépendance,0,0,97,2023
180000,77310,SAINT-FARGEAU-PONTHIERRY,77,Maison,78,5,199,2023
200000,77250,MORET-LOING-ET-ORVANNE,77,Appartement,38,2,892,2023
200000,77250,MORET-LOING-ET-ORVANNE,77,Appartement,82,4,892,2023
200000,77250,MORET-LOING-ET-ORVANNE,77,Appartement,37,2,892,2023
291000,77380,COMBS LA VILLE,77,Maison,81,3,500,2023
448050,77173,CHEVRY-COSSIGNY,77,Maison,131,5,580,2023
265500,77176,SAVIGNY-LE-TEMPLE,77,Maison,98,4,246,2023
405000,77300,FONTAINEBLEAU,77,Maison,102,6,115,2023
405000,77300,FONTAINEBLEAU,77,Dépendance,0,0,115,2023
332266,77820,CHATELET-EN-BRIE (LE),77,Maison,82,6,680,2023
221000,77190,DAMMARIE LES LYS,77,Maison,88,5,363,2023
221000,77190,DAMMARIE LES LYS,77,Dépendance,0,0,363,2023
215000,77140,SAINT-PIERRE-LES-NEMOURS,77,Maison,61,3,515,2023
601000,77690,MONTIGNY-SUR-LOING,77,Dépendance,0,0,460,2023
601000,77690,MONTIGNY-SUR-LOING,77,Maison,180,6,460,2023
601000,77690,MONTIGNY-SUR-LOING,77,Dépendance,0,0,52,2023
347000,77590,CHARTRETTES,77,Maison,69,4,398,2023
347000,77590,CHARTRETTES,77,Maison,69,4,500,2023
285000,77550,MOISSY-CRAMAYEL,77,Maison,89,4,218,2023
624600,77550,LIMOGES-FOURCHES,77,Dépendance,0,0,720,2023
624600,77550,LIMOGES-FOURCHES,77,Maison,287,6,720,2023
445000,77150,LESIGNY,77,Maison,128,6,640,2023
445000,77150,LESIGNY,77,Maison,128,6,500,2023
427000,77123,NOISY-SUR-ECOLE,77,Maison,137,7,1492,2023
360000,77220,PRESLES-EN-BRIE,77,Maison,101,6,574,2023
230000,77130,SAINT-GERMAIN-LAVAL,77,Maison,98,6,525,2023
315000,77123,NOISY-SUR-ECOLE,77,Maison,150,5,1351,2023
395000,77590,BOIS LE ROI,77,Maison,100,3,758,2023
395000,77590,BOIS LE ROI,77,Maison,100,3,99,2023
150000,77300,FONTAINEBLEAU,77,Maison,76,5,139,2023
150000,77300,FONTAINEBLEAU,77,Dépendance,0,0,139,2023
210000,77950,MAINCY,77,Maison,60,4,38,2023
249000,77140,MONCOURT FROMONVILLE,77,Maison,72,4,601,2023
265000,77720,MORMANT,77,Maison,76,4,626,2023
293000,77390,GUIGNES,77,Maison,77,4,368,2023
142200,77300,FONTAINEBLEAU,77,Maison,82,4,1257,2023
142200,77300,FONTAINEBLEAU,77,Dépendance,0,0,1257,2023
298000,77170,SERVON,77,Maison,77,4,340,2023
200000,77166,GRISY-SUISNES,77,Maison,89,4,281,2023
200000,77166,GRISY-SUISNES,77,Maison,89,4,500,2023
336000,77930,PERTHES,77,Maison,120,5,500,2023
336000,77930,PERTHES,77,Dépendance,0,0,500,2023
336000,77930,PERTHES,77,Maison,120,5,1285,2023
336000,77930,PERTHES,77,Dépendance,0,0,1285,2023
236000,77176,SAVIGNY-LE-TEMPLE,77,Maison,80,4,140,2023
240000,77310,SAINT-FARGEAU-PONTHIERRY,77,Maison,70,4,522,2023
427380,77310,SAINT-FARGEAU-PONTHIERRY,77,Maison,79,3,1656,2023
427380,77310,SAINT-FARGEAU-PONTHIERRY,77,Maison,79,3,85,2023
195000,77190,DAMMARIE LES LYS,77,Maison,75,3,428,2023
850000,77780,BOURRON-MARLOTTE,77,Maison,220,7,518,2023
344000,77340,PONTAULT COMBAULT,77,Maison,94,4,311,2023
1120000,77300,FONTAINEBLEAU,77,Dépendance,0,0,428,2023
1120000,77300,FONTAINEBLEAU,77,Maison,162,8,428,2023
270400,77380,COMBS LA VILLE,77,Maison,77,4,160,2023
257800,77670,VERNOU-LA-CELLE-SUR-SEINE,77,Maison,93,4,926,2023
294000,77210,AVON,77,Maison,80,3,255,2023
294000,77210,AVON,77,Dépendance,0,0,255,2023
280000,77140,MONCOURT FROMONVILLE,77,Maison,112,6,1173,2023
280000,77140,MONCOURT FROMONVILLE,77,Dépendance,0,0,1173,2023
375000,77380,COMBS LA VILLE,77,Maison,90,3,555,2023
310000,77380,COMBS LA VILLE,77,Maison,96,5,513,2023
310000,77680,ROISSY-EN-BRIE,77,Dépendance,0,0,272,2023
310000,77680,ROISSY-EN-BRIE,77,Maison,110,6,272,2023
323000,77760,ACHERES-LA-FORET,77,Maison,104,4,365,2023
323000,77760,ACHERES-LA-FORET,77,Maison,104,4,2000,2023
660000,77880,GREZ-SUR-LOING,77,Maison,80,4,832,2023
235000,77140,SAINT-PIERRE-LES-NEMOURS,77,Dépendance,0,0,576,2023
235000,77140,SAINT-PIERRE-LES-NEMOURS,77,Maison,114,5,576,2023
210000,77140,NEMOURS,77,Maison,114,4,798,2023
115000,77390,CRISENOY,77,Dépendance,0,0,660,2023
270000,77240,CESSON,77,Maison,87,4,180,2023
230000,77000,MELUN,77,Maison,35,3,99,2023
230000,77000,MELUN,77,Local industriel. commercial ou assimilé,99,0,99,2023
210000,77390,ARGENTIERES,77,Maison,50,2,234,2023
416500,77930,SAINT-SAUVEUR-SUR-ECOLE,77,Dépendance,0,0,1196,2023
416500,77930,SAINT-SAUVEUR-SUR-ECOLE,77,Maison,133,6,1196,2023
345000,77000,MELUN,77,Dépendance,0,0,91,2023
345000,77000,MELUN,77,Appartement,41,2,91,2023
345000,77000,MELUN,77,Appartement,29,1,91,2023
345000,77000,MELUN,77,Appartement,32,2,91,2023
345000,77000,MELUN,77,Dépendance,0,0,57,2023
345000,77000,MELUN,77,Local industriel. commercial ou assimilé,39,0,57,2023
345000,77000,MELUN,77,Appartement,33,2,57,2023
170000,77390,OZOUER-LE-VOULGIS,77,Local industriel. commercial ou assimilé,400,0,544,2023
170000,77390,OZOUER-LE-VOULGIS,77,Maison,75,6,544,2023
269000,77190,DAMMARIE LES LYS,77,Maison,120,4,659,2023
269000,77190,DAMMARIE LES LYS,77,Maison,120,4,500,2023
272000,77240,VERT-SAINT-DENIS,77,Maison,85,4,394,2023
536200,77000,ROCHETTE(LA),77,Maison,200,6,877,2023
301950,77250,MORET-LOING-ET-ORVANNE,77,Maison,98,6,387,2023
832570,77123,NOISY-SUR-ECOLE,77,Maison,220,4,200,2023
832570,77123,NOISY-SUR-ECOLE,77,Maison,220,4,1697,2023
30000,77430,CHAMPAGNE SUR SEINE,77,Dépendance,0,0,529,2023
170000,77130,CANNES-ECLUSE,77,Maison,98,5,718,2023
170000,77130,CANNES-ECLUSE,77,Dépendance,0,0,718,2023
486000,77930,FLEURY-EN-BIERE,77,Appartement,100,2,413,2023
486000,77930,FLEURY-EN-BIERE,77,Appartement,20,1,413,2023
486000,77930,FLEURY-EN-BIERE,77,Dépendance,0,0,413,2023
706746,77123,NOISY-SUR-ECOLE,77,Maison,148,5,5511,2023
244000,77176,NANDY,77,Dépendance,0,0,336,2023
244000,77176,NANDY,77,Maison,85,3,336,2023
1000000,77220,PRESLES-EN-BRIE,77,Local industriel. commercial ou assimilé,805,0,1793,2023
529214,77170,BRIE COMTE ROBERT,77,Maison,173,7,855,2023
529214,77170,BRIE COMTE ROBERT,77,Dépendance,0,0,855,2023
181000,77950,RUBELLES,77,Maison,97,5,316,2023
560000,77176,SAVIGNY-LE-TEMPLE,77,Local industriel. commercial ou assimilé,1453,0,3500,2023
1038000,77760,ACHERES-LA-FORET,77,Maison,316,7,1138,2023
1038000,77760,ACHERES-LA-FORET,77,Dépendance,0,0,1000,2023
1038000,77760,ACHERES-LA-FORET,77,Dépendance,0,0,1138,2023
1038000,77760,ACHERES-LA-FORET,77,Maison,316,7,1000,2023
400000,77630,BARBIZON,77,Maison,143,6,580,2023
110000,77760,ACHERES-LA-FORET,77,Maison,48,2,87,2023
339900,77680,ROISSY-EN-BRIE,77,Maison,110,5,233,2023
190000,77570,BOUGLIGNY,77,Dépendance,0,0,200,2023
190000,77570,BOUGLIGNY,77,Maison,86,4,200,2023
190000,77570,BOUGLIGNY,77,Maison,86,4,995,2023
190000,77570,BOUGLIGNY,77,Dépendance,0,0,995,2023
314000,77330,OZOIR LA FERRIERE,77,Maison,75,4,641,2023
217100,77140,SAINT-PIERRE-LES-NEMOURS,77,Appartement,74,3,718,2023
217100,77140,SAINT-PIERRE-LES-NEMOURS,77,Dépendance,0,0,718,2023
217100,77140,SAINT-PIERRE-LES-NEMOURS,77,Appartement,90,4,718,2023
229000,77620,EGREVILLE,77,Maison,144,6,908,2023
375000,77680,ROISSY-EN-BRIE,77,Maison,91,5,398,2023
283100,77950,MOISENAY,77,Maison,102,5,469,2023
283100,77950,MOISENAY,77,Dépendance,0,0,469,2023
283100,77950,MOISENAY,77,Dépendance,0,0,500,2023
283100,77950,MOISENAY,77,Maison,102,5,500,2023
175000,77940,FLAGY,77,Local industriel. commercial ou assimilé,94,0,645,2023
175000,77940,FLAGY,77,Local industriel. commercial ou assimilé,324,0,645,2023
175000,77940,FLAGY,77,Appartement,28,1,645,2023
290000,77810,THOMERY,77,Maison,81,5,2517,2023
290000,77810,THOMERY,77,Dépendance,0,0,2517,2023
270000,77720,CHAPELLE-GAUTHIER (LA),77,Dépendance,0,0,1000,2023
270000,77720,CHAPELLE-GAUTHIER (LA),77,Maison,79,4,1000,2023
272000,77720,MORMANT,77,Maison,115,5,741,2023
1300000,77250,MORET-LOING-ET-ORVANNE,77,Maison,120,5,4277,2023
1300000,77250,MORET-LOING-ET-ORVANNE,77,Maison,116,5,4277,2023
1300000,77250,MORET-LOING-ET-ORVANNE,77,Local industriel. commercial ou assimilé,2179,0,4277,2023
1300000,77250,MORET-LOING-ET-ORVANNE,77,Maison,160,8,4277,2023
1300000,77250,MORET-LOING-ET-ORVANNE,77,Dépendance,0,0,4277,2023
6638072,77300,FONTAINEBLEAU,77,Local industriel. commercial ou assimilé,130,0,282,2023
1100000,77350,BOISSETTES,77,Maison,366,9,4444,2023
1100000,77350,BOISSETTES,77,Maison,366,9,1500,2023
291000,77350,BOISSETTES,77,Maison,97,4,473,2023
264000,77760,NANTEAU-SUR-ESSONNE,77,Maison,100,5,2808,2023
264000,77760,NANTEAU-SUR-ESSONNE,77,Maison,100,5,1000,2023
269800,77000,LIVRY-SUR-SEINE,77,Maison,90,4,500,2023
333000,77550,MOISSY-CRAMAYEL,77,Maison,99,4,273,2023
330000,77123,NOISY-SUR-ECOLE,77,Maison,74,4,55,2023
531900,77760,RECLOSES,77,Dépendance,0,0,868,2023
531900,77760,RECLOSES,77,Maison,184,5,868,2023
336000,77570,BOUGLIGNY,77,Dépendance,0,0,484,2023
336000,77570,BOUGLIGNY,77,Maison,250,7,484,2023
5495,77150,LESIGNY,77,Maison,127,4,500,2023
5495,77150,LESIGNY,77,Maison,127,4,1113,2023
60567,77430,CHAMPAGNE SUR SEINE,77,Dépendance,0,0,248,2023
60567,77430,CHAMPAGNE SUR SEINE,77,Maison,80,5,248,2023
315000,77127,LIEUSAINT,77,Maison,73,4,159,2023
440000,77127,LIEUSAINT,77,Maison,134,4,689,2023
340000,77780,BOURRON-MARLOTTE,77,Maison,85,4,500,2023
340000,77780,BOURRON-MARLOTTE,77,Maison,85,4,423,2023
186200,77720,GRANDPUITS-BAILLY-CARROIS,77,Dépendance,0,0,147,2023
186200,77720,GRANDPUITS-BAILLY-CARROIS,77,Maison,80,4,147,2023
415150,77950,RUBELLES,77,Maison,143,5,949,2023
243000,77150,LESIGNY,77,Maison,113,4,342,2023
243000,77150,LESIGNY,77,Maison,113,4,500,2023
329000,77340,PONTAULT COMBAULT,77,Maison,90,5,184,2023
388000,77330,OZOIR LA FERRIERE,77,Maison,120,5,355,2023
214000,77220,GRETZ-ARMAINVILLIERS,77,Maison,95,5,514,2023
214000,77220,GRETZ-ARMAINVILLIERS,77,Dépendance,0,0,514,2023
144000,77940,VOULX,77,Maison,45,3,165,2023
348900,77220,PRESLES-EN-BRIE,77,Maison,111,7,263,2023
207600,77950,SAINT-GERMAIN-LAXIS,77,Maison,66,4,478,2023
207600,77950,SAINT-GERMAIN-LAXIS,77,Dépendance,0,0,478,2023
69000,77250,MORET-LOING-ET-ORVANNE,77,Dépendance,0,0,61,2023
69000,77250,MORET-LOING-ET-ORVANNE,77,Dépendance,0,0,42,2023
240000,77210,SAMOREAU,77,Dépendance,0,0,447,2023
240000,77210,SAMOREAU,77,Maison,104,6,500,2023
240000,77210,SAMOREAU,77,Maison,104,6,447,2023
240000,77210,SAMOREAU,77,Dépendance,0,0,500,2023
40000,77670,SAINT-MAMMES,77,Dépendance,0,0,62,2023
40000,77670,SAINT-MAMMES,77,Maison,74,3,62,2023
299000,77111,SOIGNOLLES-EN-BRIE,77,Maison,73,4,383,2023
299000,77111,SOIGNOLLES-EN-BRIE,77,Maison,73,4,1300,2023
283000,77000,ROCHETTE(LA),77,Maison,82,4,584,2023
597600,77760,ACHERES-LA-FORET,77,Maison,171,7,800,2023
597600,77760,ACHERES-LA-FORET,77,Maison,171,7,1400,2023
721000,77920,SAMOIS SUR SEINE,77,Appartement,101,5,404,2023
721000,77920,SAMOIS SUR SEINE,77,Appartement,57,2,404,2023
721000,77920,SAMOIS SUR SEINE,77,Dépendance,0,0,404,2023
400000,77950,MAINCY,77,Maison,230,7,460,2023
267000,77130,CANNES-ECLUSE,77,Maison,146,6,500,2023
1,77176,SAVIGNY-LE-TEMPLE,77,Local industriel. commercial ou assimilé,2206,0,3500,2023
233000,77880,GREZ-SUR-LOING,77,Dépendance,0,0,1038,2023
233000,77880,GREZ-SUR-LOING,77,Dépendance,0,0,539,2023
233000,77880,GREZ-SUR-LOING,77,Maison,81,4,539,2023
233000,77880,GREZ-SUR-LOING,77,Maison,81,4,1038,2023
75000,77190,DAMMARIE LES LYS,77,Dépendance,0,0,230,2023
135000,77760,BOULANCOURT,77,Maison,46,3,340,2023
285000,77590,BOIS LE ROI,77,Maison,70,5,267,2023
530000,77920,SAMOIS SUR SEINE,77,Maison,250,7,500,2023
530000,77920,SAMOIS SUR SEINE,77,Dépendance,0,0,5381,2023
530000,77920,SAMOIS SUR SEINE,77,Dépendance,0,0,500,2023
530000,77920,SAMOIS SUR SEINE,77,Maison,250,7,5381,2023
286000,77930,SAINT-GERMAIN-SUR-ECOLE,77,Dépendance,0,0,1185,2023
286000,77930,SAINT-GERMAIN-SUR-ECOLE,77,Maison,97,2,1185,2023
275000,77590,FONTAINE-LE-PORT,77,Maison,151,6,656,2023
190000,77130,MONTEREAU FAULT YONNE,77,Maison,94,5,1045,2023
125000,77430,CHAMPAGNE SUR SEINE,77,Local industriel. commercial ou assimilé,110,0,110,2023
150000,77148,SALINS,77,Maison,52,3,449,2023
150000,77148,SALINS,77,Dépendance,0,0,207,2023
150000,77148,SALINS,77,Dépendance,0,0,449,2023
150000,77148,SALINS,77,Maison,52,3,207,2023
255000,77940,BROSSE-MONTCEAUX (LA),77,Maison,120,7,237,2023
255000,77940,BROSSE-MONTCEAUX (LA),77,Maison,120,7,600,2023
211800,77130,MISY-SUR-YONNE,77,Maison,89,5,1000,2023
211800,77130,MISY-SUR-YONNE,77,Maison,89,5,482,2023
130000,77130,MISY-SUR-YONNE,77,Maison,58,2,42,2023
400000,77590,BOIS LE ROI,77,Maison,96,4,756,2023
47000,77167,FAY-LES-NEMOURS,77,Maison,35,2,92,2023
290000,77123,NOISY-SUR-ECOLE,77,Maison,150,3,335,2023
290000,77123,NOISY-SUR-ECOLE,77,Dépendance,0,0,335,2023
160000,77760,URY,77,Dépendance,0,0,436,2023
160000,77760,URY,77,Maison,80,3,436,2023
290000,77000,MELUN,77,Maison,84,3,185,2023
585000,77760,RECLOSES,77,Dépendance,0,0,526,2023
585000,77760,RECLOSES,77,Dépendance,0,0,150,2023
585000,77760,RECLOSES,77,Maison,140,6,526,2023
585000,77760,RECLOSES,77,Maison,140,6,150,2023
200000,77220,LIVERDY-EN-BRIE,77,Maison,58,3,208,2023
40000,77460,SOUPPES-SUR-LOING,77,Dépendance,0,0,48,2023
40000,77460,SOUPPES-SUR-LOING,77,Dépendance,0,0,69,2023
260000,77140,NEMOURS,77,Dépendance,0,0,399,2023
260000,77140,NEMOURS,77,Maison,58,3,399,2023
260000,77140,NEMOURS,77,Local industriel. commercial ou assimilé,90,0,399,2023
450000,77310,SAINT-FARGEAU-PONTHIERRY,77,Maison,147,7,416,2023
450000,77310,SAINT-FARGEAU-PONTHIERRY,77,Maison,147,7,500,2023
345000,77550,REAU,77,Maison,101,4,358,2023
233000,77350,LE MEE SUR SEINE,77,Maison,87,5,110,2023
171200,77670,SAINT-MAMMES,77,Dépendance,0,0,267,2023
171200,77670,SAINT-MAMMES,77,Maison,61,3,267,2023
40000,77710,CHEVRY-EN-SEREINE,77,Maison,70,4,73,2023
167000,77940,VOULX,77,Maison,120,5,176,2023
50000,77130,MISY-SUR-YONNE,77,Dépendance,0,0,41,2023
215000,77140,SAINT-PIERRE-LES-NEMOURS,77,Maison,93,5,217,2023
171400,77460,SOUPPES-SUR-LOING,77,Maison,86,3,530,2023
290000,77190,DAMMARIE LES LYS,77,Dépendance,0,0,363,2023
290000,77190,DAMMARIE LES LYS,77,Maison,88,5,363,2023
310000,77176,SAVIGNY-LE-TEMPLE,77,Maison,84,4,317,2023
274635,77250,MORET-LOING-ET-ORVANNE,77,Maison,143,5,428,2023
560000,77380,COMBS LA VILLE,77,Maison,140,4,339,2023
357650,77390,OZOUER-LE-VOULGIS,77,Maison,118,1,931,2023
294600,77390,OZOUER-LE-VOULGIS,77,Maison,90,5,197,2023
294600,77390,OZOUER-LE-VOULGIS,77,Dépendance,0,0,197,2023
250000,77430,CHAMPAGNE SUR SEINE,77,Maison,98,5,540,2023
28904358,77210,AVON,77,Dépendance,0,0,22410,2023
28904358,77210,AVON,77,Appartement,69,4,22410,2023
28904358,77210,AVON,77,Appartement,60,3,22410,2023
28904358,77210,AVON,77,Appartement,85,5,22410,2023
28904358,77210,AVON,77,Appartement,51,2,22410,2023
28904358,77210,AVON,77,Appartement,70,4,22410,2023
28904358,77210,AVON,77,Appartement,58,3,22410,2023
28904358,77210,AVON,77,Appartement,49,2,22410,2023
28904358,77210,AVON,77,Appartement,49,3,22410,2023
28904358,77210,AVON,77,Appartement,58,1,22410,2023
28904358,77210,AVON,77,Appartement,52,3,22410,2023
28904358,77210,AVON,77,Appartement,50,2,22410,2023
10512000,77176,SAVIGNY-LE-TEMPLE,77,Local industriel. commercial ou assimilé,5089,0,25015,2023
255000,77550,MOISSY-CRAMAYEL,77,Maison,98,5,566,2023
255000,77550,MOISSY-CRAMAYEL,77,Dépendance,0,0,566,2023
80000,77760,URY,77,Maison,80,2,195,2023
80000,77760,URY,77,Dépendance,0,0,195,2023
2220000,77240,CESSON,77,Dépendance,0,0,970,2023
2220000,77240,CESSON,77,Maison,240,7,970,2023
2220000,77240,CESSON,77,Local industriel. commercial ou assimilé,405,0,3242,2023
2220000,77240,CESSON,77,Local industriel. commercial ou assimilé,550,0,3242,2023
372000,77380,COMBS LA VILLE,77,Dépendance,0,0,587,2023
372000,77380,COMBS LA VILLE,77,Maison,137,7,587,2023
192000,77550,MOISSY-CRAMAYEL,77,Dépendance,0,0,185,2023
192000,77550,MOISSY-CRAMAYEL,77,Maison,87,4,185,2023
8519817,77310,PRINGY,77,Maison,170,5,500,2023
8519817,77310,PRINGY,77,Local industriel. commercial ou assimilé,48,0,500,2023
8519817,77310,PRINGY,77,Maison,170,5,2213,2023
8519817,77310,PRINGY,77,Local industriel. commercial ou assimilé,48,0,2213,2023
275000,77176,NANDY,77,Maison,86,4,275,2023
310000,77760,VILLIERS-SOUS-GREZ,77,Maison,95,5,300,2023
310000,77760,VILLIERS-SOUS-GREZ,77,Maison,95,5,1285,2023
2000000,77380,COMBS LA VILLE,77,Maison,161,5,1085,2023
2000000,77380,COMBS LA VILLE,77,Dépendance,0,0,1085,2023
2000000,77380,COMBS LA VILLE,77,Maison,161,5,348,2023
2000000,77380,COMBS LA VILLE,77,Dépendance,0,0,348,2023
2000000,77380,COMBS LA VILLE,77,Local industriel. commercial ou assimilé,0,0,1500,2023
2000000,77380,COMBS LA VILLE,77,Local industriel. commercial ou assimilé,0,0,1462,2023
2000000,77380,COMBS LA VILLE,77,Dépendance,0,0,1335,2023
2000000,77380,COMBS LA VILLE,77,Local industriel. commercial ou assimilé,0,0,1335,2023
2000000,77380,COMBS LA VILLE,77,Maison,40,1,1335,2023
2000000,77380,COMBS LA VILLE,77,Maison,67,3,1335,2023
2000000,77380,COMBS LA VILLE,77,Maison,28,1,1335,2023
2000000,77380,COMBS LA VILLE,77,Maison,70,1,1335,2023
2000000,77380,COMBS LA VILLE,77,Dépendance,0,0,3000,2023
2000000,77380,COMBS LA VILLE,77,Local industriel. commercial ou assimilé,0,0,3000,2023
2000000,77380,COMBS LA VILLE,77,Maison,40,1,3000,2023
2000000,77380,COMBS LA VILLE,77,Maison,67,3,3000,2023
2000000,77380,COMBS LA VILLE,77,Maison,28,1,3000,2023
2000000,77380,COMBS LA VILLE,77,Maison,70,1,3000,2023
400000,77340,PONTAULT COMBAULT,77,Maison,63,3,577,2023
850000,77330,OZOIR LA FERRIERE,77,Maison,150,7,303,2023
850000,77330,OZOIR LA FERRIERE,77,Maison,150,7,690,2023
190000,77810,THOMERY,77,Maison,85,4,62,2023
322800,77780,BOURRON-MARLOTTE,77,Maison,94,4,314,2023
713000,77123,VAUDOUE (LE),77,Maison,220,5,918,2023
713000,77123,VAUDOUE (LE),77,Dépendance,0,0,918,2023
713000,77123,VAUDOUE (LE),77,Appartement,39,1,918,2023
300000,77176,SAVIGNY-LE-TEMPLE,77,Maison,101,5,430,2023
282000,77930,PERTHES,77,Maison,90,3,805,2023
529116,77340,PONTAULT COMBAULT,77,Maison,86,4,416,2023
80000,77350,LE MEE SUR SEINE,77,Dépendance,0,0,8617,2023
440000,77680,ROISSY-EN-BRIE,77,Maison,115,4,90,2023
583678,77810,THOMERY,77,Maison,200,7,641,2023
770000,77680,ROISSY-EN-BRIE,77,Maison,92,6,558,2023
410000,77220,GRETZ-ARMAINVILLIERS,77,Maison,160,6,585,2023
410000,77220,GRETZ-ARMAINVILLIERS,77,Dépendance,0,0,585,2023
185000,77680,ROISSY-EN-BRIE,77,Dépendance,0,0,13,2023
840000,77680,ROISSY-EN-BRIE,77,Maison,112,4,659,2023
1000000,77680,ROISSY-EN-BRIE,77,Appartement,65,3,458,2023
277000,77380,COMBS LA VILLE,77,Maison,83,4,141,2023
193000,77720,BREAU,77,Dépendance,0,0,400,2023
193000,77720,BREAU,77,Maison,184,8,400,2023
195000,77390,OZOUER-LE-VOULGIS,77,Appartement,110,5,382,2023
195000,77390,OZOUER-LE-VOULGIS,77,Dépendance,0,0,382,2023
195000,77390,OZOUER-LE-VOULGIS,77,Local industriel. commercial ou assimilé,55,0,382,2023
1050000,77300,FONTAINEBLEAU,77,Local industriel. commercial ou assimilé,165,0,345,2023
1050000,77300,FONTAINEBLEAU,77,Local industriel. commercial ou assimilé,165,0,618,2023
325000,77940,FLAGY,77,Maison,168,6,522,2023
90000,77940,ESMANS,77,Maison,46,2,156,2023
327000,77870,VULAINES-SUR-SEINE,77,Maison,94,4,630,2023
202850,77148,LAVAL-EN-BRIE,77,Maison,88,4,750,2023
235000,77140,SAINT-PIERRE-LES-NEMOURS,77,Maison,92,6,959,2023
235000,77140,SAINT-PIERRE-LES-NEMOURS,77,Dépendance,0,0,959,2023
235000,77140,SAINT-PIERRE-LES-NEMOURS,77,Maison,92,6,45,2023
235000,77140,SAINT-PIERRE-LES-NEMOURS,77,Dépendance,0,0,45,2023
192000,77460,SOUPPES-SUR-LOING,77,Maison,78,4,253,2023
150000,77570,CHATEAU-LANDON,77,Maison,72,4,558,2023
150000,77570,CHATEAU-LANDON,77,Dépendance,0,0,558,2023
115000,77460,CHAINTREAUX,77,Maison,49,1,392,2023
115000,77460,CHAINTREAUX,77,Maison,49,1,48,2023
182000,77130,SAINT-GERMAIN-LAVAL,77,Maison,82,5,619,2023
320000,77720,CHAPELLE-GAUTHIER (LA),77,Dépendance,0,0,192,2023
320000,77720,CHAPELLE-GAUTHIER (LA),77,Maison,120,6,192,2023
174500,77130,GRANDE-PAROISSE (LA),77,Maison,85,5,434,2023
465290,77220,GRETZ-ARMAINVILLIERS,77,Maison,172,5,500,2023
465290,77220,GRETZ-ARMAINVILLIERS,77,Maison,172,5,219,2023
409000,77000,VAUX-LE-PENIL,77,Maison,146,6,490,2023
409000,77000,VAUX-LE-PENIL,77,Maison,146,6,846,2023
290000,77310,BOISSISE-LE-ROI,77,Dépendance,0,0,302,2023
290000,77310,BOISSISE-LE-ROI,77,Appartement,55,3,302,2023
290000,77310,BOISSISE-LE-ROI,77,Appartement,29,2,302,2023
290000,77310,BOISSISE-LE-ROI,77,Appartement,53,3,302,2023
290000,77310,BOISSISE-LE-ROI,77,Appartement,60,3,302,2023
311750,77340,PONTAULT COMBAULT,77,Maison,77,4,130,2023
800000,77220,TOURNAN-EN-BRIE,77,Appartement,40,2,4615,2023
800000,77220,TOURNAN-EN-BRIE,77,Local industriel. commercial ou assimilé,1900,0,4615,2023
180000,77130,VARENNES-SUR-SEINE,77,Maison,32,2,200,2023
180000,77130,VARENNES-SUR-SEINE,77,Dépendance,0,0,811,2023
180000,77130,VARENNES-SUR-SEINE,77,Maison,32,2,811,2023
180000,77130,VARENNES-SUR-SEINE,77,Dépendance,0,0,200,2023
775000,77310,SAINT-FARGEAU-PONTHIERRY,77,Dépendance,0,0,500,2023
775000,77310,SAINT-FARGEAU-PONTHIERRY,77,Dépendance,0,0,1367,2023
775000,77310,SAINT-FARGEAU-PONTHIERRY,77,Maison,190,7,1367,2023
775000,77310,SAINT-FARGEAU-PONTHIERRY,77,Maison,190,7,500,2023
285000,77760,URY,77,Maison,90,4,690,2023
285000,77760,URY,77,Maison,90,4,200,2023
115000,77130,GRANDE-PAROISSE (LA),77,Maison,86,4,538,2023
160000,77130,VARENNES-SUR-SEINE,77,Dépendance,0,0,472,2023
160000,77130,VARENNES-SUR-SEINE,77,Maison,140,4,472,2023
580000,77300,FONTAINEBLEAU,77,Maison,74,4,350,2023
580000,77300,FONTAINEBLEAU,77,Dépendance,0,0,350,2023
90000,77130,VARENNES-SUR-SEINE,77,Maison,50,4,333,2023
125000,77140,NEMOURS,77,Maison,63,5,161,2023
125000,77140,NEMOURS,77,Dépendance,0,0,161,2023
336000,77930,PERTHES,77,Maison,95,3,350,2023
215000,77130,SAINT-GERMAIN-LAVAL,77,Dépendance,0,0,635,2023
215000,77130,SAINT-GERMAIN-LAVAL,77,Maison,145,7,635,2023
110000,77130,MAROLLES-SUR-SEINE,77,Local industriel. commercial ou assimilé,276,0,2000,2023
362700,77390,OZOUER-LE-VOULGIS,77,Dépendance,0,0,333,2023
362700,77390,OZOUER-LE-VOULGIS,77,Maison,151,6,333,2023
415000,77590,BOIS LE ROI,77,Maison,90,4,539,2023
1,77000,VAUX-LE-PENIL,77,Local industriel. commercial ou assimilé,4557,0,2832,2023
121272,77000,VAUX-LE-PENIL,77,Maison,99,4,369,2023
121272,77000,VAUX-LE-PENIL,77,Maison,99,4,1019,2023
440000,77148,LAVAL-EN-BRIE,77,Dépendance,0,0,2295,2023
440000,77148,LAVAL-EN-BRIE,77,Maison,210,7,2295,2023
448975,77150,LESIGNY,77,Maison,105,4,540,2023
168000,77380,COMBS LA VILLE,77,Maison,152,4,1181,2023
420000,77760,VILLIERS-SOUS-GREZ,77,Maison,90,5,451,2023
95000,77123,NOISY-SUR-ECOLE,77,Maison,91,3,94,2023
150000,77430,CHAMPAGNE SUR SEINE,77,Maison,54,3,469,2023
1022733,77176,SAVIGNY-LE-TEMPLE,77,Local industriel. commercial ou assimilé,480,0,2744,2023
122798,77460,SOUPPES-SUR-LOING,77,Maison,140,5,660,2023
122798,77460,SOUPPES-SUR-LOING,77,Dépendance,0,0,660,2023
360000,77310,BOISSISE-LE-ROI,77,Maison,107,4,1010,2023
433000,77170,BRIE COMTE ROBERT,77,Maison,143,7,521,2023
433000,77170,BRIE COMTE ROBERT,77,Dépendance,0,0,521,2023
290000,77690,MONTIGNY-SUR-LOING,77,Maison,162,5,94,2023
160000,77130,VARENNES-SUR-SEINE,77,Dépendance,0,0,528,2023
160000,77130,VARENNES-SUR-SEINE,77,Maison,91,5,528,2023
250000,77220,TOURNAN-EN-BRIE,77,Dépendance,0,0,67,2023
250000,77220,TOURNAN-EN-BRIE,77,Maison,56,2,67,2023
257200,77220,FAVIERES,77,Dépendance,0,0,86,2023
257200,77220,FAVIERES,77,Maison,66,3,86,2023
257200,77220,FAVIERES,77,Dépendance,0,0,675,2023
257200,77220,FAVIERES,77,Maison,66,3,675,2023
50000,77940,VOULX,77,Maison,56,3,50,2023
285000,77140,NONVILLE,77,Maison,95,3,170,2023
285000,77140,NONVILLE,77,Dépendance,0,0,170,2023
285000,77140,NONVILLE,77,Maison,95,3,884,2023
285000,77140,NONVILLE,77,Dépendance,0,0,884,2023
185431,77720,SAINT-OUEN-EN-BRIE,77,Maison,37,2,65,2023
185431,77720,SAINT-OUEN-EN-BRIE,77,Dépendance,0,0,65,2023
30000,77940,DIANT,77,Maison,80,4,320,2023
30000,77940,DIANT,77,Dépendance,0,0,320,2023
150000,77190,DAMMARIE LES LYS,77,Appartement,46,2,40,2023
215000,77690,MONTIGNY-SUR-LOING,77,Maison,72,3,475,2023
311580,77690,MONTIGNY-SUR-LOING,77,Maison,83,4,63,2023
300000,77690,MONTIGNY-SUR-LOING,77,Dépendance,0,0,13,2023
140000,77950,MAINCY,77,Maison,86,5,207,2023
685000,77340,PONTAULT COMBAULT,77,Maison,113,5,560,2023
685000,77340,PONTAULT COMBAULT,77,Maison,113,5,500,2023
120000,77710,REMAUVILLE,77,Maison,120,5,500,2023
750000,77340,PONTAULT COMBAULT,77,Maison,85,4,620,2023
160000,77390,CRISENOY,77,Maison,122,4,275,2023
880000,77820,CHATELET-EN-BRIE (LE),77,Local industriel. commercial ou assimilé,2618,0,7000,2023
880000,77820,CHATELET-EN-BRIE (LE),77,Local industriel. commercial ou assimilé,2618,0,1000,2023
280000,77950,MAINCY,77,Maison,80,4,568,2023
260000,77190,DAMMARIE LES LYS,77,Maison,61,4,376,2023
260000,77190,DAMMARIE LES LYS,77,Dépendance,0,0,376,2023
315000,77340,PONTAULT COMBAULT,77,Dépendance,0,0,408,2023
315000,77340,PONTAULT COMBAULT,77,Maison,62,3,408,2023
7400000,77140,NEMOURS,77,Local industriel. commercial ou assimilé,4030,0,11525,2023
7400000,77140,NEMOURS,77,Local industriel. commercial ou assimilé,48,0,11525,2023
655755,77123,NOISY-SUR-ECOLE,77,Maison,191,5,2730,2023
3640000,77380,COMBS LA VILLE,77,Local industriel. commercial ou assimilé,57,0,305,2023
3640000,77380,COMBS LA VILLE,77,Dépendance,0,0,305,2023
3640000,77380,COMBS LA VILLE,77,Appartement,37,1,305,2023
3640000,77380,COMBS LA VILLE,77,Appartement,44,2,305,2023
3640000,77380,COMBS LA VILLE,77,Local industriel. commercial ou assimilé,237,0,550,2023
3640000,77380,COMBS LA VILLE,77,Local industriel. commercial ou assimilé,178,0,550,2023
3640000,77380,COMBS LA VILLE,77,Appartement,29,2,594,2023
3640000,77380,COMBS LA VILLE,77,Appartement,30,2,594,2023
197240,77720,MORMANT,77,Maison,51,3,162,2023
232000,77176,SAVIGNY-LE-TEMPLE,77,Maison,67,3,134,2023
232000,77176,SAVIGNY-LE-TEMPLE,77,Dépendance,0,0,134,2023
70000,77250,MORET-LOING-ET-ORVANNE,77,Dépendance,0,0,18,2023
70000,77250,MORET-LOING-ET-ORVANNE,77,Dépendance,0,0,682,2023
103000,77940,VOULX,77,Maison,110,5,136,2023
103000,77940,VOULX,77,Maison,110,5,1322,2023
500000,77150,LESIGNY,77,Maison,140,7,500,2023
500000,77150,LESIGNY,77,Maison,140,7,430,2023
257000,77550,REAU,77,Maison,105,5,617,2023
257000,77550,REAU,77,Maison,105,5,500,2023
610000,77590,BOIS LE ROI,77,Maison,130,4,500,2023
610000,77590,BOIS LE ROI,77,Maison,130,4,51,2023
152000,77670,SAINT-MAMMES,77,Maison,55,3,361,2023
152000,77670,SAINT-MAMMES,77,Dépendance,0,0,361,2023
510000,77250,MORET-LOING-ET-ORVANNE,77,Appartement,63,3,805,2023
510000,77250,MORET-LOING-ET-ORVANNE,77,Appartement,70,3,805,2023
510000,77250,MORET-LOING-ET-ORVANNE,77,Appartement,61,3,805,2023
510000,77250,MORET-LOING-ET-ORVANNE,77,Appartement,63,3,241,2023
510000,77250,MORET-LOING-ET-ORVANNE,77,Appartement,41,2,241,2023
510000,77250,MORET-LOING-ET-ORVANNE,77,Appartement,29,2,241,2023
510000,77250,MORET-LOING-ET-ORVANNE,77,Appartement,70,3,241,2023
510000,77250,MORET-LOING-ET-ORVANNE,77,Appartement,61,3,241,2023
510000,77250,MORET-LOING-ET-ORVANNE,77,Appartement,41,2,805,2023
510000,77250,MORET-LOING-ET-ORVANNE,77,Appartement,29,2,805,2023
190000,77670,VERNOU-LA-CELLE-SUR-SEINE,77,Maison,90,5,771,2023
305260,77250,MORET-LOING-ET-ORVANNE,77,Dépendance,0,0,52,2023
305260,77250,MORET-LOING-ET-ORVANNE,77,Maison,88,2,52,2023
1661399,77170,SERVON,77,Local industriel. commercial ou assimilé,5850,0,20790,2023
1661399,77170,SERVON,77,Maison,70,4,20790,2023
300000,77390,VERNEUIL-L ETANG,77,Maison,67,4,621,2023
290000,77250,MORET-LOING-ET-ORVANNE,77,Appartement,47,2,266,2023
290000,77250,MORET-LOING-ET-ORVANNE,77,Appartement,46,2,266,2023
265000,77115,SIVRY-COURTRY,77,Maison,90,5,506,2023
200000,77130,GRANDE-PAROISSE (LA),77,Maison,87,4,298,2023
420000,77340,PONTAULT COMBAULT,77,Maison,116,7,420,2023
420000,77340,PONTAULT COMBAULT,77,Dépendance,0,0,420,2023
265000,77680,ROISSY-EN-BRIE,77,Maison,91,5,249,2023
418000,77340,PONTAULT COMBAULT,77,Maison,89,3,538,2023
185000,77140,MONCOURT FROMONVILLE,77,Maison,85,4,509,2023
217500,77760,FROMONT,77,Maison,183,6,227,2023
217500,77760,FROMONT,77,Local industriel. commercial ou assimilé,0,0,227,2023
1,77380,COMBS LA VILLE,77,Local industriel. commercial ou assimilé,8724,0,17044,2023
1,77380,COMBS LA VILLE,77,Appartement,76,3,17044,2023
260000,77166,EVRY-GREGY-SUR-YERRE,77,Local industriel. commercial ou assimilé,141,0,104,2023
184000,77390,COURTOMER,77,Maison,123,6,1251,2023
241000,77220,GRETZ-ARMAINVILLIERS,77,Maison,100,4,461,2023
302000,77210,SAMOREAU,77,Maison,104,4,814,2023
485000,77210,AVON,77,Maison,108,4,208,2023
485000,77210,AVON,77,Dépendance,0,0,208,2023
155000,77440,LIZY-SUR-OURCQ,77,Maison,85,4,117,2023
415000,77700,SERRIS,77,Dépendance,0,0,147,2023
415000,77700,SERRIS,77,Maison,80,4,147,2023
330000,77124,VILLENOY,77,Maison,89,5,433,2023
290000,77650,LONGUEVILLE,77,Dépendance,0,0,500,2023
290000,77650,LONGUEVILLE,77,Maison,160,7,500,2023
290000,77650,LONGUEVILLE,77,Maison,160,7,300,2023
290000,77650,LONGUEVILLE,77,Dépendance,0,0,300,2023
179000,77480,MOUSSEAUX-LES-BRAY,77,Maison,66,3,107,2023
179000,77480,MOUSSEAUX-LES-BRAY,77,Maison,66,3,908,2023
460000,77500,CHELLES,77,Dépendance,0,0,409,2023
460000,77500,CHELLES,77,Maison,153,7,409,2023
305000,77400,LAGNY-SUR-MARNE,77,Maison,120,4,678,2023
360000,77410,VILLEROY,77,Maison,88,4,398,2023
360000,77410,VILLEROY,77,Maison,88,4,500,2023
338000,77370,GASTINS,77,Dépendance,0,0,341,2023
338000,77370,GASTINS,77,Maison,80,4,341,2023
174000,77540,VOINSLES,77,Maison,117,5,197,2023
376586,77164,FERRIERES-EN-BRIE,77,Maison,84,5,506,2023
376586,77164,FERRIERES-EN-BRIE,77,Dépendance,0,0,506,2023
505045,77400,LAGNY-SUR-MARNE,77,Maison,76,4,396,2023
352000,77141,VAUDOY-EN-BRIE,77,Maison,156,5,763,2023
352000,77141,VAUDOY-EN-BRIE,77,Maison,156,5,250,2023
260000,77580,VILLIERS-SUR-MORIN,77,Maison,64,3,500,2023
260000,77580,VILLIERS-SUR-MORIN,77,Maison,64,3,589,2023
382500,77360,VAIRES SUR MARNE,77,Maison,50,4,357,2023
375000,77400,DAMPMART,77,Maison,92,4,470,2023
375000,77400,DAMPMART,77,Dépendance,0,0,470,2023
355000,77178,SAINT-PATHUS,77,Maison,118,3,378,2023
355000,77178,SAINT-PATHUS,77,Dépendance,0,0,378,2023
355000,77178,SAINT-PATHUS,77,Maison,118,3,500,2023
355000,77178,SAINT-PATHUS,77,Dépendance,0,0,500,2023
348000,77700,CHESSY,77,Maison,80,4,599,2023
348000,77700,CHESSY,77,Dépendance,0,0,599,2023
80000,77580,VILLIERS-SUR-MORIN,77,Maison,23,2,1150,2023
80000,77580,VILLIERS-SUR-MORIN,77,Maison,23,2,297,2023
345000,77200,TORCY,77,Maison,100,5,129,2023
180000,77370,NANGIS,77,Maison,87,6,202,2023
180000,77370,NANGIS,77,Dépendance,0,0,202,2023
165000,77120,CHAILLY-EN-BRIE,77,Maison,61,3,558,2023
320000,77120,BEAUTHEIL-SAINTS,77,Maison,80,3,2085,2023
320000,77120,BEAUTHEIL-SAINTS,77,Maison,80,3,500,2023
347000,77610,CREVECOEUR-EN-BRIE,77,Dépendance,0,0,672,2023
347000,77610,CREVECOEUR-EN-BRIE,77,Maison,104,5,672,2023
232000,77730,CITRY,77,Dépendance,0,0,500,2023
232000,77730,CITRY,77,Maison,116,5,2500,2023
232000,77730,CITRY,77,Dépendance,0,0,2500,2023
232000,77730,CITRY,77,Maison,116,5,500,2023
588000,77700,MAGNY-LE-HONGRE,77,Maison,173,7,505,2023
295000,77290,MITRY MORY,77,Maison,100,5,280,2023
295000,77290,MITRY MORY,77,Dépendance,0,0,280,2023
135000,77520,MONTIGNY-LENCOUP,77,Maison,110,2,624,2023
512000,77600,BUSSY-SAINT-GEORGES,77,Maison,104,4,370,2023
57000,77320,SAINT-MARTIN-DES-CHAMPS,77,Maison,41,2,297,2023
1308000,77600,CHANTELOUP EN BRIE,77,Local industriel. commercial ou assimilé,405,0,925,2023
1308000,77600,CHANTELOUP EN BRIE,77,Local industriel. commercial ou assimilé,100,0,833,2023
372000,77400,THORIGNY SUR MARNE,77,Maison,80,4,364,2023
49500,77510,VILLENEUVE-SUR-BELLOT,77,Dépendance,0,0,685,2023
350000,77410,CLAYE-SOUILLY,77,Dépendance,0,0,646,2023
350000,77410,CLAYE-SOUILLY,77,Maison,76,4,646,2023
192000,77160,CHENOISE-CUCHARMOY,77,Maison,78,4,527,2023
6075600,77181,COURTRY,77,Local industriel. commercial ou assimilé,2154,0,8926,2023
6075600,77181,COURTRY,77,Local industriel. commercial ou assimilé,0,0,87,2023
280000,77181,LE PIN,77,Appartement,45,2,740,2023
280000,77181,LE PIN,77,Appartement,103,4,740,2023
280000,77181,LE PIN,77,Appartement,58,3,740,2023
280000,77181,LE PIN,77,Appartement,33,1,740,2023
185000,77160,PROVINS,77,Maison,92,5,189,2023
315000,77270,VILLEPARISIS,77,Maison,78,2,386,2023
315000,77270,VILLEPARISIS,77,Dépendance,0,0,386,2023
267650,77840,GERMIGNY-SOUS-COULOMBS,77,Maison,90,4,500,2023
267650,77840,GERMIGNY-SOUS-COULOMBS,77,Maison,90,4,260,2023
267650,77840,GERMIGNY-SOUS-COULOMBS,77,Dépendance,0,0,260,2023
267650,77840,GERMIGNY-SOUS-COULOMBS,77,Dépendance,0,0,500,2023
110000,77730,SAACY-SUR-MARNE,77,Maison,52,2,33,2023
390000,77144,CHALIFERT,77,Maison,98,4,574,2023
390000,77144,CHALIFERT,77,Maison,98,4,958,2023
460000,77500,CHELLES,77,Maison,110,4,456,2023
330000,77450,ISLES-LES-VILLENOY,77,Maison,77,4,830,2023
80000,77270,VILLEPARISIS,77,Maison,24,2,23,2023
178670,77515,FAREMOUTIERS,77,Maison,49,3,38,2023
265000,77270,VILLEPARISIS,77,Dépendance,0,0,422,2023
265000,77270,VILLEPARISIS,77,Maison,73,4,422,2023
164500,77750,SAINT-CYR-SUR-MORIN,77,Dépendance,0,0,434,2023
164500,77750,SAINT-CYR-SUR-MORIN,77,Maison,135,4,434,2023
75000,77160,PROVINS,77,Local industriel. commercial ou assimilé,140,0,170,2023
196500,77139,MARCILLY,77,Maison,50,2,58,2023
630000,77700,MAGNY-LE-HONGRE,77,Maison,110,5,441,2023
630000,77700,MAGNY-LE-HONGRE,77,Dépendance,0,0,441,2023
330000,77500,CHELLES,77,Maison,63,3,205,2023
317000,77910,BARCY,77,Maison,95,4,290,2023
317000,77910,BARCY,77,Maison,95,4,500,2023
141500,77151,MONTCEAUX-LES-PROVINS,77,Maison,79,4,1135,2023
141500,77151,MONTCEAUX-LES-PROVINS,77,Dépendance,0,0,1135,2023
270000,77154,VILLENEUVE-LES-BORDES,77,Dépendance,0,0,500,2023
270000,77154,VILLENEUVE-LES-BORDES,77,Maison,98,4,500,2023
270000,77154,VILLENEUVE-LES-BORDES,77,Maison,98,4,639,2023
270000,77154,VILLENEUVE-LES-BORDES,77,Dépendance,0,0,639,2023
510000,77410,CHARMENTRAY,77,Dépendance,0,0,720,2023
510000,77410,CHARMENTRAY,77,Maison,350,9,720,2023
162000,77169,BOISSY-LE-CHATEL,77,Maison,50,2,87,2023
200000,77320,SANCY LES PROVINS,77,Maison,80,3,287,2023
200000,77320,SANCY LES PROVINS,77,Maison,80,3,500,2023
309000,77370,NANGIS,77,Maison,110,7,165,2023
309000,77370,NANGIS,77,Dépendance,0,0,165,2023
189000,77320,MEILLERAY,77,Maison,65,3,250,2023
189000,77320,MEILLERAY,77,Maison,65,3,758,2023
350000,77750,BASSEVELLE,77,Dépendance,0,0,503,2023
350000,77750,BASSEVELLE,77,Maison,250,5,503,2023
210000,77124,CHAUCONIN-NEUFMONTIERS,77,Maison,85,5,53,2023
338476,77174,VILLENEUVE-LE-COMTE,77,Maison,79,4,144,2023
338476,77174,VILLENEUVE-LE-COMTE,77,Dépendance,0,0,144,2023
675000,77700,BAILLY-ROMAINVILLIERS,77,Maison,132,5,500,2023
675000,77700,BAILLY-ROMAINVILLIERS,77,Maison,132,5,52,2023
62500,77165,LE PLESSIS-L EVEQUE,77,Maison,123,5,151,2023
176000,77124,VILLENOY,77,Dépendance,0,0,613,2023
338000,77270,VILLEPARISIS,77,Dépendance,0,0,483,2023
338000,77270,VILLEPARISIS,77,Maison,94,4,483,2023
338000,77270,VILLEPARISIS,77,Dépendance,0,0,152,2023
338000,77270,VILLEPARISIS,77,Maison,94,4,152,2023
164000,77480,SAINT-SAUVEUR-LES-BRAY,77,Dépendance,0,0,555,2023
164000,77480,SAINT-SAUVEUR-LES-BRAY,77,Maison,42,3,555,2023
126580,77560,BEAUCHERY-SAINT-MARTIN,77,Maison,76,4,870,2023
205000,77650,CHALMAISON,77,Maison,114,4,506,2023
120000,77560,MARETS (LES),77,Maison,117,4,500,2023
120000,77560,MARETS (LES),77,Maison,117,4,2068,2023
395000,77600,BUSSY-SAINT-GEORGES,77,Maison,87,5,193,2023
813000,77600,BUSSY-SAINT-GEORGES,77,Maison,170,6,500,2023
813000,77600,BUSSY-SAINT-GEORGES,77,Maison,170,6,253,2023
385000,77186,NOISIEL,77,Maison,84,4,143,2023
690000,77470,MONTCEAUX-LES-MEAUX,77,Dépendance,0,0,2039,2023
690000,77470,MONTCEAUX-LES-MEAUX,77,Maison,180,4,2039,2023
202000,77520,MONS-EN-MONTOIS,77,Maison,140,4,711,2023
202000,77520,MONS-EN-MONTOIS,77,Dépendance,0,0,711,2023
202000,77520,MONS-EN-MONTOIS,77,Dépendance,0,0,450,2023
202000,77520,MONS-EN-MONTOIS,77,Maison,140,4,450,2023
175000,77169,BOISSY-LE-CHATEL,77,Maison,75,3,380,2023
175000,77169,BOISSY-LE-CHATEL,77,Dépendance,0,0,380,2023
253200,77120,AMILLIS,77,Maison,161,4,142,2023
300000,77290,MITRY MORY,77,Maison,113,7,406,2023
300000,77290,MITRY MORY,77,Dépendance,0,0,406,2023
417000,77610,NEUFMOUTIERS-EN-BRIE,77,Maison,162,6,408,2023
426000,77090,COLLEGIEN,77,Maison,94,5,616,2023
363000,77290,MITRY MORY,77,Maison,120,4,409,2023
266000,77120,CHAILLY-EN-BRIE,77,Dépendance,0,0,685,2023
266000,77120,CHAILLY-EN-BRIE,77,Maison,117,6,685,2023
335000,77290,MITRY MORY,77,Maison,125,6,450,2023
300000,77500,CHELLES,77,Maison,130,5,349,2023
206790,77124,VILLENOY,77,Maison,60,3,31,2023
243000,77144,MONTEVRAIN,77,Maison,85,3,62,2023
393000,77400,LAGNY-SUR-MARNE,77,Dépendance,0,0,335,2023
393000,77400,LAGNY-SUR-MARNE,77,Maison,66,5,335,2023
260000,77860,SAINT-GERMAIN-SUR-MORIN,77,Maison,75,2,740,2023
260000,77860,SAINT-GERMAIN-SUR-MORIN,77,Dépendance,0,0,740,2023
1175000,77700,MAGNY-LE-HONGRE,77,Maison,171,6,500,2023
1175000,77700,MAGNY-LE-HONGRE,77,Dépendance,0,0,1138,2023
1175000,77700,MAGNY-LE-HONGRE,77,Maison,171,6,1138,2023
1175000,77700,MAGNY-LE-HONGRE,77,Dépendance,0,0,500,2023
395000,77400,THORIGNY SUR MARNE,77,Maison,96,4,351,2023
395000,77400,THORIGNY SUR MARNE,77,Dépendance,0,0,351,2023
402000,77184,EMERAINVILLE,77,Maison,96,5,310,2023
316000,77450,MONTRY,77,Maison,80,4,568,2023
15000,77640,JOUARRE,77,Dépendance,0,0,104,2023
500000,77090,COLLEGIEN,77,Dépendance,0,0,596,2023
500000,77090,COLLEGIEN,77,Maison,87,5,596,2023
65000,77120,MOUROUX,77,Maison,60,3,49,2023
160000,77500,CHELLES,77,Local industriel. commercial ou assimilé,11,0,616,2023
160000,77500,CHELLES,77,Maison,75,5,616,2023
420000,77120,COULOMMIERS,77,Maison,120,3,660,2023
420000,77120,COULOMMIERS,77,Dépendance,0,0,660,2023
330000,77120,COULOMMIERS,77,Maison,83,5,626,2023
330000,77120,COULOMMIERS,77,Dépendance,0,0,626,2023
163000,77450,ESBLY,77,Maison,20,2,365,2023
178000,77640,JOUARRE,77,Maison,80,5,702,2023
910000,77700,CHESSY,77,Maison,198,7,500,2023
910000,77700,CHESSY,77,Maison,198,7,918,2023
440000,77144,MONTEVRAIN,77,Dépendance,0,0,752,2023
440000,77144,MONTEVRAIN,77,Maison,168,6,752,2023
58000,77650,SAINTE-COLOMBE,77,Dépendance,0,0,338,2023
55000,77650,SAINTE-COLOMBE,77,Dépendance,0,0,355,2023
55000,77650,SAINTE-COLOMBE,77,Maison,45,3,355,2023
455000,77600,BUSSY-SAINT-GEORGES,77,Maison,84,5,211,2023
291500,77270,VILLEPARISIS,77,Maison,55,2,500,2023
291500,77270,VILLEPARISIS,77,Maison,55,2,300,2023
334000,77177,BROU-SUR-CHANTEREINE,77,Maison,64,3,389,2023
215000,77145,MAY-EN-MULTIEN,77,Maison,94,4,236,2023
425000,77450,ESBLY,77,Maison,87,5,437,2023
425000,77450,ESBLY,77,Dépendance,0,0,437,2023
363000,77500,CHELLES,77,Maison,84,5,232,2023
306000,77290,MITRY MORY,77,Maison,119,7,408,2023
325000,77100,NANTEUIL-LES-MEAUX,77,Maison,116,6,174,2023
812000,77700,MAGNY-LE-HONGRE,77,Maison,166,5,291,2023
812000,77700,MAGNY-LE-HONGRE,77,Maison,166,5,500,2023
100000,77450,ESBLY,77,Maison,22,1,22,2023
370000,77400,THORIGNY SUR MARNE,77,Maison,149,5,454,2023
315000,77400,SAINT THIBAULT DES VIGNES,77,Maison,56,4,500,2023
315000,77400,SAINT THIBAULT DES VIGNES,77,Maison,56,4,370,2023
211000,77260,REUIL-EN-BRIE,77,Maison,75,3,1412,2023
211000,77260,REUIL-EN-BRIE,77,Dépendance,0,0,1412,2023
211000,77260,REUIL-EN-BRIE,77,Maison,75,3,500,2023
211000,77260,REUIL-EN-BRIE,77,Dépendance,0,0,500,2023
300000,77410,FRESNES-SUR-MARNE,77,Dépendance,0,0,279,2023
300000,77410,FRESNES-SUR-MARNE,77,Maison,105,4,279,2023
470000,77580,VILLIERS-SUR-MORIN,77,Maison,130,4,1637,2023
470000,77580,VILLIERS-SUR-MORIN,77,Maison,130,4,127,2023
408000,77165,CUISY,77,Dépendance,0,0,79,2023
408000,77165,CUISY,77,Maison,221,9,79,2023
202500,77580,VILLIERS-SUR-MORIN,77,Maison,20,1,491,2023
421000,77400,GOUVERNES,77,Maison,130,5,542,2023
370000,77410,CLAYE-SOUILLY,77,Maison,90,5,590,2023
270000,77440,LIZY-SUR-OURCQ,77,Maison,88,5,160,2023
270000,77440,LIZY-SUR-OURCQ,77,Maison,88,5,500,2023
550000,77700,MAGNY-LE-HONGRE,77,Maison,104,5,429,2023
290000,77230,VILLENEUVE SOUS DAMMARTIN,77,Dépendance,0,0,1299,2023
445000,77186,NOISIEL,77,Maison,111,6,461,2023
335000,77420,CHAMPS-SUR-MARNE,77,Maison,91,5,107,2023
195000,77169,BOISSY-LE-CHATEL,77,Maison,74,4,458,2023
195000,77169,BOISSY-LE-CHATEL,77,Dépendance,0,0,458,2023
348000,77178,OISSERY,77,Maison,92,4,500,2023
348000,77178,OISSERY,77,Maison,92,4,131,2023
152000,77515,FAREMOUTIERS,77,Maison,56,3,27,2023
600000,77230,NANTOUILLET,77,Dépendance,0,0,902,2023
600000,77230,NANTOUILLET,77,Maison,250,10,902,2023
600000,77230,NANTOUILLET,77,Dépendance,0,0,500,2023
600000,77230,NANTOUILLET,77,Maison,250,10,500,2023
560000,77360,VAIRES SUR MARNE,77,Maison,100,4,417,2023
560000,77360,VAIRES SUR MARNE,77,Dépendance,0,0,417,2023
249000,77138,LUZANCY,77,Maison,107,7,359,2023
249000,77138,LUZANCY,77,Dépendance,0,0,500,2023
249000,77138,LUZANCY,77,Maison,107,7,500,2023
249000,77138,LUZANCY,77,Dépendance,0,0,359,2023
347800,77910,GERMIGNY-L EVEQUE,77,Maison,103,5,457,2023
240000,77840,GERMIGNY-SOUS-COULOMBS,77,Maison,97,5,500,2023
240000,77840,GERMIGNY-SOUS-COULOMBS,77,Maison,97,5,527,2023
127008,77970,PECY,77,Maison,140,4,310,2023
140000,77580,CRECY LA CHAPELLE,77,Maison,30,1,436,2023
20000,77510,VILLENEUVE-SUR-BELLOT,77,Dépendance,0,0,82,2023
299505,77370,VANVILLE,77,Maison,117,6,796,2023
299505,77370,VANVILLE,77,Maison,117,6,500,2023
65000,77230,DAMMARTIN-EN-GOELE,77,Dépendance,0,0,125,2023
2000000,77660,CHANGIS-SUR-MARNE,77,Maison,20,1,520,2023
98250,77440,VENDREST,77,Dépendance,0,0,298,2023
1203800,77700,BAILLY-ROMAINVILLIERS,77,Maison,214,8,500,2023
1203800,77700,BAILLY-ROMAINVILLIERS,77,Maison,214,8,888,2023
349000,77860,QUINCY-VOISINS,77,Maison,90,4,363,2023
240000,77580,VILLIERS-SUR-MORIN,77,Maison,99,5,43,2023
291050,77270,VILLEPARISIS,77,Maison,120,6,221,2023
230000,77730,SAACY-SUR-MARNE,77,Local industriel. commercial ou assimilé,250,0,500,2023
230000,77730,SAACY-SUR-MARNE,77,Local industriel. commercial ou assimilé,250,0,2463,2023
240000,77260,LA FERTE SOUS JOUARRE,77,Dépendance,0,0,202,2023
240000,77260,LA FERTE SOUS JOUARRE,77,Local industriel. commercial ou assimilé,51,0,202,2023
240000,77260,LA FERTE SOUS JOUARRE,77,Appartement,70,3,202,2023
220500,77730,SAACY-SUR-MARNE,77,Maison,25,2,28,2023
220500,77730,SAACY-SUR-MARNE,77,Maison,123,4,29,2023
220500,77730,SAACY-SUR-MARNE,77,Maison,123,4,1673,2023
220500,77730,SAACY-SUR-MARNE,77,Dépendance,0,0,1673,2023
220500,77730,SAACY-SUR-MARNE,77,Dépendance,0,0,29,2023
190000,77730,SAACY-SUR-MARNE,77,Maison,84,4,500,2023
190000,77730,SAACY-SUR-MARNE,77,Dépendance,0,0,500,2023
190000,77730,SAACY-SUR-MARNE,77,Maison,84,4,703,2023
190000,77730,SAACY-SUR-MARNE,77,Dépendance,0,0,703,2023
175000,77650,LONGUEVILLE,77,Maison,91,5,331,2023
175000,77650,LONGUEVILLE,77,Maison,91,5,500,2023
257300,77650,LONGUEVILLE,77,Dépendance,0,0,262,2023
257300,77650,LONGUEVILLE,77,Maison,132,5,262,2023
257300,77650,LONGUEVILLE,77,Maison,132,5,1113,2023
257300,77650,LONGUEVILLE,77,Dépendance,0,0,1113,2023
650000,77580,CRECY LA CHAPELLE,77,Maison,170,5,700,2023
650000,77580,CRECY LA CHAPELLE,77,Dépendance,0,0,700,2023
79000,77480,BABY,77,Dépendance,0,0,540,2023
79000,77480,BABY,77,Maison,65,3,540,2023
528000,77370,NANGIS,77,Dépendance,0,0,385,2023
528000,77370,NANGIS,77,Maison,64,3,385,2023
528000,77370,RAMPILLON,77,Maison,80,4,1734,2023
528000,77370,RAMPILLON,77,Maison,80,4,375,2023
528000,77370,RAMPILLON,77,Maison,80,4,914,2023
528000,77370,RAMPILLON,77,Dépendance,0,0,3025,2023
528000,77370,RAMPILLON,77,Dépendance,0,0,3765,2023
528000,77370,RAMPILLON,77,Local industriel. commercial ou assimilé,300,0,3765,2023
528000,77370,RAMPILLON,77,Local industriel. commercial ou assimilé,300,0,3025,2023
379000,77600,BUSSY-SAINT-GEORGES,77,Maison,75,4,94,2023
379000,77600,BUSSY-SAINT-GEORGES,77,Dépendance,0,0,11,2023
149000,77650,SAINTE-COLOMBE,77,Dépendance,0,0,580,2023
149000,77650,SAINTE-COLOMBE,77,Maison,73,4,607,2023
149000,77650,SAINTE-COLOMBE,77,Maison,73,4,580,2023
149000,77650,SAINTE-COLOMBE,77,Dépendance,0,0,607,2023
252000,77580,GUERARD,77,Maison,73,4,813,2023
100000,77730,SAACY-SUR-MARNE,77,Maison,125,6,64,2023
100000,77730,SAACY-SUR-MARNE,77,Dépendance,0,0,41,2023
92500,77370,RAMPILLON,77,Maison,84,3,441,2023
92500,77370,RAMPILLON,77,Dépendance,0,0,441,2023
92500,77370,RAMPILLON,77,Maison,84,3,500,2023
92500,77370,RAMPILLON,77,Dépendance,0,0,500,2023
530000,77400,THORIGNY SUR MARNE,77,Maison,123,5,440,2023
530000,77400,THORIGNY SUR MARNE,77,Maison,123,5,710,2023
150000,77520,MONTIGNY-LENCOUP,77,Dépendance,0,0,734,2023
150000,77520,MONTIGNY-LENCOUP,77,Maison,48,3,734,2023
820000,77600,BUSSY-SAINT-GEORGES,77,Maison,164,7,500,2023
820000,77600,BUSSY-SAINT-GEORGES,77,Maison,164,7,647,2023
328000,77410,CLAYE-SOUILLY,77,Maison,108,5,590,2023
465000,77700,BAILLY-ROMAINVILLIERS,77,Maison,100,5,290,2023
465000,77700,BAILLY-ROMAINVILLIERS,77,Dépendance,0,0,290,2023
154000,77260,LA FERTE SOUS JOUARRE,77,Maison,75,5,68,2023
470250,77500,CHELLES,77,Maison,117,5,480,2023
138843,77165,IVERNY,77,Maison,87,4,500,2023
138843,77165,IVERNY,77,Maison,87,4,109,2023
307400,77410,FRESNES-SUR-MARNE,77,Maison,83,4,263,2023
297400,77400,GOUVERNES,77,Maison,76,3,120,2023
489000,77450,MONTRY,77,Maison,62,1,500,2023
489000,77450,MONTRY,77,Maison,62,1,2458,2023
355000,77186,NOISIEL,77,Maison,109,5,255,2023
235000,77122,MONTHYON,77,Maison,75,4,296,2023
235000,77122,MONTHYON,77,Dépendance,0,0,296,2023
550000,77600,CONCHES SUR GONDOIRE,77,Maison,149,3,500,2023
550000,77600,CONCHES SUR GONDOIRE,77,Maison,149,3,747,2023
257954,77470,TRILPORT,77,Maison,87,5,231,2023
223800,77515,POMMEUSE,77,Maison,95,4,163,2023
320000,77100,MEAUX,77,Maison,96,5,482,2023
212500,77560,CHAMPCENEST,77,Maison,80,3,591,2023
220000,77120,MOUROUX,77,Maison,93,5,469,2023
220000,77120,MOUROUX,77,Dépendance,0,0,469,2023
170000,77515,POMMEUSE,77,Maison,79,4,490,2023
399000,77610,NEUFMOUTIERS-EN-BRIE,77,Maison,98,4,339,2023
379900,77510,SAINT-DENIS-LES-REBAIS,77,Maison,111,4,1582,2023
379900,77510,SAINT-DENIS-LES-REBAIS,77,Maison,111,4,500,2023
360000,77100,MEAUX,77,Maison,108,5,752,2023
210000,77270,VILLEPARISIS,77,Maison,42,1,457,2023
210000,77270,VILLEPARISIS,77,Dépendance,0,0,457,2023
306000,77640,JOUARRE,77,Maison,139,6,500,2023
306000,77640,JOUARRE,77,Maison,139,6,215,2023
740000,77400,LAGNY-SUR-MARNE,77,Appartement,47,2,70,2023
740000,77400,LAGNY-SUR-MARNE,77,Appartement,22,2,70,2023
740000,77400,LAGNY-SUR-MARNE,77,Appartement,34,2,70,2023
740000,77400,LAGNY-SUR-MARNE,77,Local industriel. commercial ou assimilé,42,0,70,2023
310000,77860,SAINT-GERMAIN-SUR-MORIN,77,Maison,90,3,175,2023
310000,77860,SAINT-GERMAIN-SUR-MORIN,77,Dépendance,0,0,175,2023
413500,77230,DAMMARTIN-EN-GOELE,77,Dépendance,0,0,350,2023
413500,77230,DAMMARTIN-EN-GOELE,77,Maison,102,7,350,2023
413500,77230,DAMMARTIN-EN-GOELE,77,Maison,102,7,500,2023
413500,77230,DAMMARTIN-EN-GOELE,77,Dépendance,0,0,500,2023
200000,77270,VILLEPARISIS,77,Maison,42,3,382,2023
200000,77270,VILLEPARISIS,77,Dépendance,0,0,382,2023
210000,77169,BOISSY-LE-CHATEL,77,Maison,53,3,109,2023
1650000,77200,TORCY,77,Local industriel. commercial ou assimilé,1740,0,3045,2023
270000,77450,ESBLY,77,Maison,38,4,203,2023
319000,77260,SAINTE-AULDE,77,Maison,118,6,2036,2023
319000,77260,SAINTE-AULDE,77,Maison,118,6,500,2023
140000,77450,ESBLY,77,Maison,36,2,315,2023
662446,77400,GOUVERNES,77,Maison,149,5,356,2023
662446,77400,GOUVERNES,77,Maison,149,5,500,2023
349000,77124,PENCHARD,77,Maison,101,5,555,2023
160000,77650,JUTIGNY,77,Maison,126,4,245,2023
160000,77650,JUTIGNY,77,Dépendance,0,0,245,2023
199000,77450,CONDE-SAINTE-LIBIAIRE,77,Maison,41,2,37,2023
110000,77120,COULOMMIERS,77,Maison,64,5,304,2023
150000,77165,SAINT-SOUPPLETS,77,Dépendance,0,0,477,2023
375000,77100,MEAUX,77,Dépendance,0,0,500,2023
375000,77100,MEAUX,77,Maison,90,4,500,2023
375000,77100,MEAUX,77,Maison,90,4,720,2023
375000,77100,MEAUX,77,Dépendance,0,0,720,2023
342000,77270,VILLEPARISIS,77,Maison,110,6,507,2023
225000,77600,BUSSY-SAINT-GEORGES,77,Maison,60,3,65,2023
320000,77580,GUERARD,77,Dépendance,0,0,500,2023
320000,77580,GUERARD,77,Maison,120,6,500,2023
320000,77580,GUERARD,77,Dépendance,0,0,566,2023
320000,77580,GUERARD,77,Maison,120,6,566,2023
226000,77515,FAREMOUTIERS,77,Maison,204,6,385,2023
168000,77515,POMMEUSE,77,Maison,100,5,212,2023
160000,77320,CHOISY-EN-BRIE,77,Maison,72,4,385,2023
160000,77320,CHOISY-EN-BRIE,77,Maison,72,4,250,2023
525000,77100,NANTEUIL-LES-MEAUX,77,Dépendance,0,0,445,2023
525000,77100,NANTEUIL-LES-MEAUX,77,Maison,265,9,445,2023
205000,77450,MONTRY,77,Maison,56,3,623,2023
205000,77450,MONTRY,77,Maison,56,3,500,2023
265000,77515,FAREMOUTIERS,77,Maison,100,4,600,2023
265000,77515,FAREMOUTIERS,77,Maison,100,4,500,2023
265000,77515,FAREMOUTIERS,77,Dépendance,0,0,500,2023
265000,77515,FAREMOUTIERS,77,Dépendance,0,0,600,2023
89900,77560,VILLIERS-SAINT-GEORGES,77,Appartement,57,3,62,2023
89900,77560,VILLIERS-SAINT-GEORGES,77,Dépendance,0,0,62,2023
95000,77515,FAREMOUTIERS,77,Dépendance,0,0,98,2023
349000,77270,VILLEPARISIS,77,Maison,85,4,273,2023
410000,77700,CHESSY,77,Dépendance,0,0,794,2023
410000,77700,CHESSY,77,Maison,42,2,794,2023
264000,77410,ANNET-SUR-MARNE,77,Maison,92,2,336,2023
231000,77730,SAACY-SUR-MARNE,77,Maison,160,6,73,2023
415000,77610,NEUFMOUTIERS-EN-BRIE,77,Maison,67,3,400,2023
190000,77640,JOUARRE,77,Maison,90,4,121,2023
387000,77290,COMPANS,77,Maison,120,6,500,2023
387000,77290,COMPANS,77,Maison,120,6,241,2023
291680,77320,SAINT-MARTIN-DES-CHAMPS,77,Maison,100,3,500,2023
291680,77320,SAINT-MARTIN-DES-CHAMPS,77,Maison,100,3,442,2023
215000,77500,CHELLES,77,Dépendance,0,0,748,2023
215000,77500,CHELLES,77,Maison,71,4,748,2023
278400,77410,CLAYE-SOUILLY,77,Maison,76,4,501,2023
278400,77410,CLAYE-SOUILLY,77,Dépendance,0,0,501,2023
15000000,77185,LOGNES,77,Local industriel. commercial ou assimilé,4553,0,3787,2023
15000000,77185,LOGNES,77,Local industriel. commercial ou assimilé,13878,0,1675,2023
230000,77580,COULOMMES,77,Maison,136,4,177,2023
275000,77400,GOUVERNES,77,Maison,48,3,125,2023
337000,77230,LONGPERRIER,77,Maison,97,5,389,2023
290000,77260,CHAMIGNY,77,Maison,107,6,500,2023
290000,77260,CHAMIGNY,77,Maison,107,6,538,2023
80000,77260,LA FERTE SOUS JOUARRE,77,Dépendance,0,0,344,2023
80000,77260,LA FERTE SOUS JOUARRE,77,Maison,70,2,344,2023
120000,77650,LIZINES,77,Dépendance,0,0,684,2023
120000,77650,LIZINES,77,Maison,73,4,684,2023
205000,77270,VILLEPARISIS,77,Maison,34,2,300,2023
230000,77450,ESBLY,77,Dépendance,0,0,245,2023
230000,77450,ESBLY,77,Maison,56,3,500,2023
230000,77450,ESBLY,77,Dépendance,0,0,500,2023
230000,77450,ESBLY,77,Maison,56,3,245,2023
446000,77600,BUSSY-SAINT-GEORGES,77,Maison,100,4,347,2023
249000,77510,REBAIS,77,Maison,71,4,667,2023
695000,77600,BUSSY-SAINT-GEORGES,77,Maison,147,6,309,2023
695000,77600,BUSSY-SAINT-GEORGES,77,Maison,147,6,500,2023
345000,77124,CREGY-LES-MEAUX,77,Maison,100,4,508,2023
320000,77420,CHAMPS-SUR-MARNE,77,Maison,97,3,422,2023
2550000,77450,ISLES-LES-VILLENOY,77,Local industriel. commercial ou assimilé,1253,0,2202,2023
2550000,77450,ISLES-LES-VILLENOY,77,Local industriel. commercial ou assimilé,387,0,2202,2023
2550000,77450,ISLES-LES-VILLENOY,77,Local industriel. commercial ou assimilé,800,0,1049,2023
386000,77290,MITRY MORY,77,Maison,110,4,229,2023
415000,77420,CHAMPS-SUR-MARNE,77,Maison,106,4,97,2023
245000,77169,CHAUFFRY,77,Maison,75,4,859,2023
245000,77169,CHAUFFRY,77,Maison,75,4,500,2023
370000,77600,CHANTELOUP EN BRIE,77,Maison,80,4,145,2023
52000,77510,VILLENEUVE-SUR-BELLOT,77,Maison,77,4,81,2023
200000,77510,REBAIS,77,Maison,91,5,294,2023
100000,77520,DONNEMARIE-DONTILLY,77,Appartement,85,5,232,2023
100000,77520,DONNEMARIE-DONTILLY,77,Local industriel. commercial ou assimilé,80,0,146,2023
260000,77510,REBAIS,77,Dépendance,0,0,250,2023
260000,77510,REBAIS,77,Dépendance,0,0,625,2023
260000,77510,REBAIS,77,Maison,99,5,250,2023
260000,77510,REBAIS,77,Maison,99,5,625,2023
330000,77580,VILLIERS-SUR-MORIN,77,Maison,60,5,327,2023
325000,77120,MOUROUX,77,Dépendance,0,0,110,2023
325000,77120,MOUROUX,77,Maison,183,5,110,2023
210000,77370,CROIX-EN-BRIE (LA),77,Dépendance,0,0,120,2023
210000,77370,CROIX-EN-BRIE (LA),77,Maison,100,5,120,2023
341000,77500,CHELLES,77,Maison,120,5,499,2023
325000,77230,VINANTES,77,Maison,100,4,385,2023
325000,77230,VINANTES,77,Maison,100,4,500,2023
502125,77420,CHAMPS-SUR-MARNE,77,Maison,106,4,97,2023
250000,77165,FORFRY,77,Maison,97,6,169,2023
240000,77600,BUSSY-SAINT-MARTIN,77,Maison,32,2,63,2023
240000,77600,BUSSY-SAINT-MARTIN,77,Maison,32,2,584,2023
290000,77230,JUILLY,77,Maison,87,4,40,2023
290000,77230,JUILLY,77,Maison,87,4,262,2023
340000,77230,DAMMARTIN-EN-GOELE,77,Dépendance,0,0,506,2023
340000,77230,DAMMARTIN-EN-GOELE,77,Maison,90,5,76,2023
340000,77230,DAMMARTIN-EN-GOELE,77,Dépendance,0,0,76,2023
340000,77230,DAMMARTIN-EN-GOELE,77,Maison,90,5,506,2023
110000,77160,ROUILLY,77,Dépendance,0,0,486,2023
110000,77160,ROUILLY,77,Maison,60,3,486,2023
299000,77141,VAUDOY-EN-BRIE,77,Maison,111,6,707,2023
299000,77141,VAUDOY-EN-BRIE,77,Maison,111,6,328,2023
299000,77141,VAUDOY-EN-BRIE,77,Local industriel. commercial ou assimilé,360,0,284,2023
175000,77178,SAINT-PATHUS,77,Dépendance,0,0,63,2023
175000,77178,SAINT-PATHUS,77,Maison,48,2,63,2023
175000,77178,SAINT-PATHUS,77,Dépendance,0,0,534,2023
175000,77178,SAINT-PATHUS,77,Maison,48,2,534,2023
265000,77370,NANGIS,77,Maison,104,5,477,2023
170000,77154,VILLENEUVE-LES-BORDES,77,Maison,80,2,305,2023
170000,77154,VILLENEUVE-LES-BORDES,77,Dépendance,0,0,305,2023
285000,77540,ROZAY-EN-BRIE,77,Maison,95,4,441,2023
980000,77610,FONTENAY-TRESIGNY,77,Local industriel. commercial ou assimilé,998,0,1855,2023
135200,77580,VILLIERS-SUR-MORIN,77,Maison,38,2,93,2023
630000,77200,TORCY,77,Maison,160,4,1359,2023
630000,77200,TORCY,77,Maison,160,4,500,2023
398000,77178,SAINT-PATHUS,77,Maison,111,5,743,2023
185000,77151,MONTCEAUX-LES-PROVINS,77,Maison,86,4,572,2023
340000,77270,VILLEPARISIS,77,Maison,123,6,498,2023
280000,77660,SAINT JEAN LES DEUX JUMEAUX,77,Maison,57,3,104,2023
280000,77660,SAINT JEAN LES DEUX JUMEAUX,77,Dépendance,0,0,104,2023
280000,77660,SAINT JEAN LES DEUX JUMEAUX,77,Dépendance,0,0,1711,2023
280000,77660,SAINT JEAN LES DEUX JUMEAUX,77,Maison,57,3,1711,2023
6500,77320,JOUY-SUR-MORIN,77,Dépendance,0,0,30,2023
565000,77400,LAGNY-SUR-MARNE,77,Maison,99,4,233,2023
340000,77660,CHANGIS-SUR-MARNE,77,Maison,122,4,500,2023
340000,77660,CHANGIS-SUR-MARNE,77,Maison,122,4,461,2023
412000,77145,MAY-EN-MULTIEN,77,Dépendance,0,0,1255,2023
412000,77145,MAY-EN-MULTIEN,77,Dépendance,0,0,500,2023
412000,77145,MAY-EN-MULTIEN,77,Maison,350,10,500,2023
412000,77145,MAY-EN-MULTIEN,77,Maison,350,10,1255,2023
335000,77500,CHELLES,77,Maison,65,3,253,2023
245000,77510,DOUE,77,Dépendance,0,0,193,2023
245000,77510,DOUE,77,Maison,111,4,193,2023
319100,77320,CHOISY-EN-BRIE,77,Maison,120,5,1347,2023
319100,77320,CHOISY-EN-BRIE,77,Maison,120,5,250,2023
330000,77100,NANTEUIL-LES-MEAUX,77,Maison,77,4,537,2023
105000,77124,CREGY-LES-MEAUX,77,Dépendance,0,0,438,2023
105000,77124,CREGY-LES-MEAUX,77,Dépendance,0,0,10,2023
140000,77410,CHARNY,77,Dépendance,0,0,512,2023
536000,77515,CELLE-SUR-MORIN (LA),77,Dépendance,0,0,2183,2023
536000,77515,CELLE-SUR-MORIN (LA),77,Dépendance,0,0,250,2023
536000,77515,CELLE-SUR-MORIN (LA),77,Maison,180,6,2183,2023
536000,77515,CELLE-SUR-MORIN (LA),77,Maison,180,6,250,2023
91000,77515,POMMEUSE,77,Maison,75,3,430,2023
670000,77420,CHAMPS-SUR-MARNE,77,Maison,157,5,593,2023
670000,77420,CHAMPS-SUR-MARNE,77,Maison,157,5,500,2023
670000,77420,CHAMPS-SUR-MARNE,77,Dépendance,0,0,500,2023
670000,77420,CHAMPS-SUR-MARNE,77,Dépendance,0,0,593,2023
190000,77126,CHATENAY-SUR-SEINE,77,Maison,140,4,354,2023
190000,77126,CHATENAY-SUR-SEINE,77,Dépendance,0,0,354,2023
367000,77420,CHAMPS-SUR-MARNE,77,Maison,95,5,217,2023
365000,77230,SAINT-MARD,77,Maison,104,3,500,2023
365000,77230,SAINT-MARD,77,Maison,104,3,607,2023
365000,77230,SAINT-MARD,77,Dépendance,0,0,500,2023
365000,77230,SAINT-MARD,77,Dépendance,0,0,607,2023
174500,77320,SANCY LES PROVINS,77,Maison,172,7,559,2023
174500,77320,SANCY LES PROVINS,77,Dépendance,0,0,559,2023
605200,77420,CHAMPS-SUR-MARNE,77,Maison,119,5,338,2023
270000,77100,MEAUX,77,Maison,130,6,450,2023
201000,77580,VOULANGIS,77,Maison,69,4,26,2023
750000,77290,MITRY MORY,77,Local industriel. commercial ou assimilé,464,0,666,2023
279800,77910,VARREDDES,77,Dépendance,0,0,751,2023
279800,77910,VARREDDES,77,Maison,94,4,751,2023
314900,77178,SAINT-PATHUS,77,Maison,89,5,226,2023
275000,77200,TORCY,77,Maison,100,4,348,2023
275000,77200,TORCY,77,Dépendance,0,0,348,2023
382000,77100,MEAUX,77,Maison,110,5,252,2023
382000,77100,MEAUX,77,Maison,110,5,477,2023
103000,77510,BELLOT,77,Maison,70,2,52,2023
103000,77510,BELLOT,77,Dépendance,0,0,52,2023
144000,77370,MAISON-ROUGE,77,Maison,110,3,396,2023
250000,77100,MEAUX,77,Maison,112,5,274,2023
380000,77290,MITRY MORY,77,Maison,147,6,391,2023
210000,77750,ORLY-SUR-MORIN,77,Maison,145,4,92,2023
155000,77540,COURPALAY,77,Maison,96,5,64,2023
700000,77400,DAMPMART,77,Maison,130,7,616,2023
700000,77400,DAMPMART,77,Dépendance,0,0,616,2023
318500,77100,MAREUIL-LES-MEAUX,77,Maison,117,5,432,2023
680000,77700,MAGNY-LE-HONGRE,77,Maison,138,5,137,2023
680000,77700,MAGNY-LE-HONGRE,77,Maison,138,5,500,2023
405900,77400,THORIGNY SUR MARNE,77,Dépendance,0,0,500,2023
405900,77400,THORIGNY SUR MARNE,77,Maison,95,5,500,2023
405900,77400,THORIGNY SUR MARNE,77,Dépendance,0,0,1129,2023
405900,77400,THORIGNY SUR MARNE,77,Maison,95,5,1129,2023
423500,77124,PENCHARD,77,Maison,108,5,500,2023
423500,77124,PENCHARD,77,Maison,108,5,447,2023
213000,77440,LIZY-SUR-OURCQ,77,Maison,80,3,667,2023
572550,77700,SERRIS,77,Maison,108,4,500,2023
572550,77700,SERRIS,77,Dépendance,0,0,500,2023
572550,77700,SERRIS,77,Dépendance,0,0,167,2023
572550,77700,SERRIS,77,Maison,108,4,167,2023
342000,77610,FONTENAY-TRESIGNY,77,Dépendance,0,0,335,2023
342000,77610,FONTENAY-TRESIGNY,77,Maison,140,6,335,2023
280000,77610,FONTENAY-TRESIGNY,77,Maison,81,3,265,2023
280000,77610,FONTENAY-TRESIGNY,77,Dépendance,0,0,265,2023
370000,77910,GERMIGNY-L EVEQUE,77,Maison,85,5,500,2023
370000,77910,GERMIGNY-L EVEQUE,77,Maison,85,5,1752,2023
285000,77470,TRILPORT,77,Maison,92,4,379,2023
285000,77470,TRILPORT,77,Dépendance,0,0,379,2023
480000,77100,NANTEUIL-LES-MEAUX,77,Maison,144,4,201,2023
480000,77100,NANTEUIL-LES-MEAUX,77,Maison,144,4,200,2023
270000,77163,TIGEAUX,77,Dépendance,0,0,250,2023
270000,77163,TIGEAUX,77,Maison,264,9,4012,2023
270000,77163,TIGEAUX,77,Dépendance,0,0,4012,2023
270000,77163,TIGEAUX,77,Maison,264,9,250,2023
170000,77650,SAINTE-COLOMBE,77,Dépendance,0,0,500,2023
170000,77650,SAINTE-COLOMBE,77,Maison,88,5,500,2023
340000,77100,MEAUX,77,Maison,107,5,500,2023
340000,77100,MEAUX,77,Maison,107,5,699,2023
405000,77600,CHANTELOUP EN BRIE,77,Maison,83,4,268,2023
405000,77600,CHANTELOUP EN BRIE,77,Dépendance,0,0,268,2023
336000,77580,BOULEURS,77,Maison,101,5,446,2023
221000,77360,VAIRES SUR MARNE,77,Dépendance,0,0,351,2023
221000,77360,VAIRES SUR MARNE,77,Maison,43,3,351,2023
356400,77100,MEAUX,77,Maison,90,4,350,2023
350000,77100,MEAUX,77,Dépendance,0,0,450,2023
350000,77100,MEAUX,77,Maison,127,5,450,2023
230000,77270,VILLEPARISIS,77,Maison,71,4,336,2023
230000,77270,VILLEPARISIS,77,Dépendance,0,0,336,2023
219000,77860,QUINCY-VOISINS,77,Maison,55,3,43,2023
1,77700,SERRIS,77,Local industriel. commercial ou assimilé,131,0,15,2023
345000,77124,VILLENOY,77,Maison,115,5,162,2023
220000,77410,VILLEROY,77,Maison,71,3,205,2023
354500,77270,VILLEPARISIS,77,Maison,101,5,344,2023
354500,77270,VILLEPARISIS,77,Maison,101,5,100,2023
170000,77100,MEAUX,77,Maison,21,1,405,2023
170000,77100,MEAUX,77,Maison,42,3,405,2023
170000,77100,MEAUX,77,Dépendance,0,0,245,2023
170000,77100,MEAUX,77,Maison,21,1,245,2023
170000,77100,MEAUX,77,Dépendance,0,0,405,2023
170000,77100,MEAUX,77,Maison,42,3,245,2023
263725,77450,ESBLY,77,Dépendance,0,0,470,2023
263725,77450,ESBLY,77,Maison,71,3,470,2023
427500,77178,SAINT-PATHUS,77,Maison,203,5,502,2023
427500,77178,SAINT-PATHUS,77,Maison,203,5,500,2023
325240,77440,CONGIS-SUR-THEROUANNE,77,Maison,120,6,100,2023
325240,77440,CONGIS-SUR-THEROUANNE,77,Maison,120,6,500,2023
325240,77440,CONGIS-SUR-THEROUANNE,77,Dépendance,0,0,500,2023
325240,77440,CONGIS-SUR-THEROUANNE,77,Dépendance,0,0,100,2023
300000,77470,TRILPORT,77,Maison,98,5,454,2023
300000,77470,TRILPORT,77,Dépendance,0,0,454,2023
545000,77200,TORCY,77,Maison,106,5,432,2023
170000,77470,MONTCEAUX-LES-MEAUX,77,Maison,60,2,17,2023
525000,77500,CHELLES,77,Dépendance,0,0,445,2023
525000,77500,CHELLES,77,Maison,138,6,445,2023
390000,77138,LUZANCY,77,Local industriel. commercial ou assimilé,102,0,685,2023
390000,77138,LUZANCY,77,Dépendance,0,0,685,2023
390000,77138,LUZANCY,77,Maison,120,4,685,2023
266000,77290,MITRY MORY,77,Maison,76,4,79,2023
150000,77163,MORTCERF,77,Maison,160,6,544,2023
150000,77163,MORTCERF,77,Dépendance,0,0,544,2023
570000,77400,THORIGNY SUR MARNE,77,Local industriel. commercial ou assimilé,1393,0,2000,2023
285000,77500,CHELLES,77,Maison,91,5,425,2023
285000,77500,CHELLES,77,Local industriel. commercial ou assimilé,0,0,74,2023
280000,77500,CHELLES,77,Maison,110,4,471,2023
264450,77440,LIZY-SUR-OURCQ,77,Maison,92,4,500,2023
264450,77440,LIZY-SUR-OURCQ,77,Maison,92,4,99,2023
350000,77610,HOUSSAYE-EN-BRIE (LA),77,Dépendance,0,0,250,2023
350000,77610,HOUSSAYE-EN-BRIE (LA),77,Maison,88,4,250,2023
350000,77610,HOUSSAYE-EN-BRIE (LA),77,Maison,88,4,693,2023
350000,77610,HOUSSAYE-EN-BRIE (LA),77,Dépendance,0,0,693,2023
587500,77500,CHELLES,77,Maison,123,6,501,2023
587500,77500,CHELLES,77,Dépendance,0,0,501,2023
587500,77500,CHELLES,77,Maison,123,6,296,2023
587500,77500,CHELLES,77,Dépendance,0,0,296,2023
310000,77230,ROUVRES,77,Maison,89,4,427,2023
265000,77500,CHELLES,77,Maison,63,4,221,2023
250000,77120,COULOMMIERS,77,Maison,101,5,613,2023
327800,77100,MEAUX,77,Maison,89,4,539,2023
239000,77440,COCHEREL,77,Maison,124,7,70,2023
239000,77440,COCHEREL,77,Dépendance,0,0,70,2023
579000,77540,LUMIGNY NESLES ORMEAUX,77,Maison,204,7,700,2023
579000,77540,LUMIGNY NESLES ORMEAUX,77,Dépendance,0,0,700,2023
288000,77178,SAINT-PATHUS,77,Maison,83,5,252,2023
173000,77610,FONTENAY-TRESIGNY,77,Dépendance,0,0,13,2023
318000,77160,PROVINS,77,Maison,103,4,630,2023
318000,77160,PROVINS,77,Dépendance,0,0,630,2023
329000,77230,MOUSSY-LE-NEUF,77,Maison,84,5,556,2023
210000,77650,SAVINS,77,Maison,127,5,2142,2023
210000,77650,SAVINS,77,Maison,127,5,112,2023
410000,77860,SAINT-GERMAIN-SUR-MORIN,77,Maison,134,5,660,2023
470000,77500,CHELLES,77,Maison,109,5,99,2023
470000,77500,CHELLES,77,Maison,109,5,500,2023
185000,77970,BANNOST-VILLEGAGNON,77,Maison,90,4,300,2023
305000,77450,MONTRY,77,Appartement,30,2,102,2023
238000,77840,CROUY-SUR-OURCQ,77,Dépendance,0,0,679,2023
238000,77840,CROUY-SUR-OURCQ,77,Maison,100,4,679,2023
345000,77400,LAGNY-SUR-MARNE,77,Maison,104,6,293,2023
650000,77610,FONTENAY-TRESIGNY,77,Maison,205,6,1220,2023
650000,77610,FONTENAY-TRESIGNY,77,Maison,205,6,680,2023
650000,77610,FONTENAY-TRESIGNY,77,Dépendance,0,0,680,2023
650000,77610,FONTENAY-TRESIGNY,77,Dépendance,0,0,600,2023
650000,77610,FONTENAY-TRESIGNY,77,Dépendance,0,0,1220,2023
650000,77610,FONTENAY-TRESIGNY,77,Maison,205,6,600,2023
159000,77171,CHALAUTRE-LA-GRANDE,77,Dépendance,0,0,1135,2023
159000,77171,CHALAUTRE-LA-GRANDE,77,Maison,76,4,1135,2023
280000,77100,MEAUX,77,Dépendance,0,0,189,2023
280000,77100,MEAUX,77,Maison,85,4,189,2023
375000,77515,FAREMOUTIERS,77,Maison,133,5,1602,2023
375000,77515,FAREMOUTIERS,77,Dépendance,0,0,250,2023
375000,77515,FAREMOUTIERS,77,Maison,133,5,250,2023
375000,77515,FAREMOUTIERS,77,Dépendance,0,0,1602,2023
294500,77131,TOUQUIN,77,Dépendance,0,0,103,2023
294500,77131,TOUQUIN,77,Maison,101,3,103,2023
404450,77163,MORTCERF,77,Maison,139,6,88,2023
282000,77580,VOULANGIS,77,Maison,105,5,368,2023
282000,77580,VOULANGIS,77,Dépendance,0,0,368,2023
282000,77580,VOULANGIS,77,Maison,105,5,500,2023
282000,77580,VOULANGIS,77,Dépendance,0,0,500,2023
282000,77580,VOULANGIS,77,Maison,105,5,1500,2023
282000,77580,VOULANGIS,77,Dépendance,0,0,1500,2023
319000,77440,ARMENTIERES-EN-BRIE,77,Maison,130,5,1151,2023
319000,77440,ARMENTIERES-EN-BRIE,77,Maison,130,5,500,2023
371000,77100,MEAUX,77,Maison,113,5,91,2023
371000,77100,MEAUX,77,Dépendance,0,0,91,2023
339539,77100,MEAUX,77,Maison,98,5,237,2023
258000,77120,BEAUTHEIL-SAINTS,77,Maison,113,4,242,2023
180000,77160,ROUILLY,77,Dépendance,0,0,372,2023
180000,77160,ROUILLY,77,Maison,76,4,372,2023
180000,77160,ROUILLY,77,Dépendance,0,0,1000,2023
180000,77160,ROUILLY,77,Maison,76,4,1000,2023
230000,77120,MOUROUX,77,Dépendance,0,0,444,2023
230000,77120,MOUROUX,77,Maison,98,5,444,2023
175000,77650,SAINT-LOUP-DE-NAUD,77,Dépendance,0,0,752,2023
175000,77650,SAINT-LOUP-DE-NAUD,77,Maison,106,3,752,2023
344000,77450,TRILBARDOU,77,Maison,85,3,123,2023
344000,77450,TRILBARDOU,77,Dépendance,0,0,500,2023
344000,77450,TRILBARDOU,77,Maison,85,3,500,2023
344000,77450,TRILBARDOU,77,Dépendance,0,0,123,2023
249100,77520,MEIGNEUX,77,Maison,140,5,685,2023
287000,77540,ROZAY-EN-BRIE,77,Maison,125,6,507,2023
380000,77480,MOUSSEAUX-LES-BRAY,77,Local industriel. commercial ou assimilé,455,0,1188,2023
280000,77370,NANGIS,77,Local industriel. commercial ou assimilé,0,0,205,2023
280000,77370,NANGIS,77,Local industriel. commercial ou assimilé,265,0,205,2023
284000,77910,BARCY,77,Maison,128,7,516,2023
260000,77260,LA FERTE SOUS JOUARRE,77,Appartement,85,3,124,2023
260000,77260,LA FERTE SOUS JOUARRE,77,Appartement,80,3,124,2023
260000,77260,LA FERTE SOUS JOUARRE,77,Dépendance,0,0,124,2023
266000,77230,SAINT-MARD,77,Maison,56,3,298,2023
310000,77131,TOUQUIN,77,Maison,100,4,750,2023
310000,77131,TOUQUIN,77,Maison,100,4,250,2023
239000,77320,SAINT-MARTIN-DES-CHAMPS,77,Maison,117,4,866,2023
239000,77320,SAINT-MARTIN-DES-CHAMPS,77,Maison,117,4,250,2023
240000,77120,MAUPERTHUIS,77,Maison,90,4,514,2023
240000,77120,MAUPERTHUIS,77,Dépendance,0,0,514,2023
339000,77230,DAMMARTIN-EN-GOELE,77,Maison,106,6,389,2023
260000,77163,DAMMARTIN-SUR-TIGEAUX,77,Maison,115,4,35,2023
260000,77163,DAMMARTIN-SUR-TIGEAUX,77,Dépendance,0,0,35,2023
216000,77580,GUERARD,77,Maison,64,3,94,2023
216000,77580,GUERARD,77,Dépendance,0,0,94,2023
745000,77700,CHESSY,77,Maison,149,5,175,2023
745000,77700,CHESSY,77,Dépendance,0,0,175,2023
745000,77700,CHESSY,77,Dépendance,0,0,500,2023
745000,77700,CHESSY,77,Maison,149,5,500,2023
307000,77610,FONTENAY-TRESIGNY,77,Dépendance,0,0,91,2023
307000,77610,FONTENAY-TRESIGNY,77,Maison,83,5,802,2023
307000,77610,FONTENAY-TRESIGNY,77,Dépendance,0,0,802,2023
307000,77610,FONTENAY-TRESIGNY,77,Maison,83,5,91,2023
134500,77138,LUZANCY,77,Dépendance,0,0,500,2023
134500,77138,LUZANCY,77,Dépendance,0,0,607,2023
134500,77138,LUZANCY,77,Maison,70,4,607,2023
134500,77138,LUZANCY,77,Maison,70,4,500,2023
250000,77122,MONTHYON,77,Maison,75,4,580,2023
144000,77440,MARY-SUR-MARNE,77,Maison,60,3,45,2023
232040,77320,CHEVRU,77,Maison,89,5,504,2023
185000,77910,VARREDDES,77,Maison,110,3,305,2023
185000,77910,VARREDDES,77,Dépendance,0,0,305,2023
295384,77410,CLAYE-SOUILLY,77,Maison,67,3,117,2023
295384,77410,CLAYE-SOUILLY,77,Dépendance,0,0,17,2023
28000,77730,CITRY,77,Dépendance,0,0,394,2023
28000,77730,CITRY,77,Dépendance,0,0,500,2023
260750,77410,MESSY,77,Maison,53,2,407,2023
230000,77260,LA FERTE SOUS JOUARRE,77,Maison,87,4,453,2023
203000,77440,TANCROU,77,Dépendance,0,0,500,2023
203000,77440,TANCROU,77,Maison,105,4,500,2023
203000,77440,TANCROU,77,Dépendance,0,0,704,2023
203000,77440,TANCROU,77,Maison,105,4,704,2023
376430,77290,MITRY MORY,77,Maison,83,3,452,2023
173550,77470,TRILPORT,77,Maison,120,4,69,2023
260000,77100,NANTEUIL-LES-MEAUX,77,Maison,65,4,642,2023
350000,77410,CLAYE-SOUILLY,77,Maison,119,5,590,2023
519000,77230,DAMMARTIN-EN-GOELE,77,Maison,207,6,235,2023
519000,77230,DAMMARTIN-EN-GOELE,77,Maison,207,6,500,2023
330000,77700,BAILLY-ROMAINVILLIERS,77,Maison,64,3,130,2023
450000,77500,CHELLES,77,Maison,104,5,289,2023
160000,77260,LA FERTE SOUS JOUARRE,77,Maison,74,3,433,2023
182000,77320,JOUY-SUR-MORIN,77,Dépendance,0,0,862,2023
182000,77320,JOUY-SUR-MORIN,77,Maison,64,3,399,2023
182000,77320,JOUY-SUR-MORIN,77,Maison,64,3,862,2023
182000,77320,JOUY-SUR-MORIN,77,Dépendance,0,0,399,2023
491000,77700,MAGNY-LE-HONGRE,77,Maison,106,4,384,2023
517575,77860,QUINCY-VOISINS,77,Maison,155,4,500,2023
517575,77860,QUINCY-VOISINS,77,Maison,155,4,502,2023
370000,77400,POMPONNE,77,Maison,78,5,488,2023
299000,77290,MITRY MORY,77,Maison,89,4,226,2023
299000,77290,MITRY MORY,77,Dépendance,0,0,226,2023
334000,77230,SAINT-MARD,77,Maison,132,8,503,2023
90000,77230,LONGPERRIER,77,Dépendance,0,0,194,2023
426000,77100,NANTEUIL-LES-MEAUX,77,Maison,143,5,379,2023
426000,77100,NANTEUIL-LES-MEAUX,77,Maison,143,5,500,2023
530650,77160,PROVINS,77,Maison,172,6,618,2023
530650,77160,PROVINS,77,Maison,172,6,470,2023
330000,77280,OTHIS,77,Maison,104,5,852,2023
834000,77600,BUSSY-SAINT-GEORGES,77,Dépendance,0,0,500,2023
834000,77600,BUSSY-SAINT-GEORGES,77,Maison,171,6,500,2023
834000,77600,BUSSY-SAINT-GEORGES,77,Dépendance,0,0,319,2023
834000,77600,BUSSY-SAINT-GEORGES,77,Maison,171,6,319,2023
170000,77580,CRECY LA CHAPELLE,77,Local industriel. commercial ou assimilé,244,0,446,2023
170000,77580,CRECY LA CHAPELLE,77,Local industriel. commercial ou assimilé,129,0,253,2023
210000,77120,COULOMMIERS,77,Maison,69,3,351,2023
225000,77120,MOUROUX,77,Maison,97,3,295,2023
915000,77165,SAINT-SOUPPLETS,77,Local industriel. commercial ou assimilé,3218,0,1000,2023
915000,77165,SAINT-SOUPPLETS,77,Local industriel. commercial ou assimilé,3218,0,2494,2023
160000,77120,COULOMMIERS,77,Local industriel. commercial ou assimilé,200,0,306,2023
330000,77124,CHAUCONIN-NEUFMONTIERS,77,Dépendance,0,0,507,2023
330000,77124,CHAUCONIN-NEUFMONTIERS,77,Maison,138,6,507,2023
302935,77230,DAMMARTIN-EN-GOELE,77,Maison,102,5,438,2023
53000,77320,FERTE-GAUCHER (LA),77,Dépendance,0,0,70,2023
382000,77230,DAMMARTIN-EN-GOELE,77,Maison,138,6,351,2023
316500,77230,DAMMARTIN-EN-GOELE,77,Maison,59,2,427,2023
316500,77230,DAMMARTIN-EN-GOELE,77,Local industriel. commercial ou assimilé,0,0,427,2023
810000,77450,ESBLY,77,Dépendance,0,0,1062,2023
810000,77450,ESBLY,77,Maison,191,6,500,2023
810000,77450,ESBLY,77,Dépendance,0,0,500,2023
810000,77450,ESBLY,77,Maison,191,6,1062,2023
273000,77124,PENCHARD,77,Maison,67,4,536,2023
185000,77260,USSY-SUR-MARNE,77,Maison,101,4,1230,2023
185000,77260,USSY-SUR-MARNE,77,Maison,101,4,160,2023
10000,77540,LUMIGNY NESLES ORMEAUX,77,Dépendance,0,0,684,2023
491700,77230,DAMMARTIN-EN-GOELE,77,Maison,151,6,567,2023
145000,77515,CELLE-SUR-MORIN (LA),77,Maison,215,8,318,2023
388000,77540,BERNAY VILBERT,77,Dépendance,0,0,748,2023
388000,77540,BERNAY VILBERT,77,Maison,233,7,748,2023
393720,77580,VOULANGIS,77,Dépendance,0,0,500,2023
393720,77580,VOULANGIS,77,Dépendance,0,0,174,2023
393720,77580,VOULANGIS,77,Maison,103,5,174,2023
393720,77580,VOULANGIS,77,Maison,103,5,500,2023
436500,77600,CONCHES SUR GONDOIRE,77,Maison,106,4,675,2023
385000,77500,CHELLES,77,Maison,93,6,500,2023
242000,77580,BOULEURS,77,Maison,75,4,333,2023
80000,77124,CHAUCONIN-NEUFMONTIERS,77,Maison,45,2,35,2023
80000,77124,CHAUCONIN-NEUFMONTIERS,77,Dépendance,0,0,64,2023
10000,77160,CHENOISE-CUCHARMOY,77,Dépendance,0,0,100,2023
400000,77270,VILLEPARISIS,77,Dépendance,0,0,551,2023
400000,77270,VILLEPARISIS,77,Maison,107,5,551,2023
576266,77174,VILLENEUVE-SAINT-DENIS,77,Maison,140,7,500,2023
576266,77174,VILLENEUVE-SAINT-DENIS,77,Maison,140,7,155,2023
375000,77610,NEUFMOUTIERS-EN-BRIE,77,Maison,102,5,512,2023
500000,77410,VILLEVAUDE,77,Appartement,79,3,347,2023
500000,77410,VILLEVAUDE,77,Dépendance,0,0,250,2023
500000,77410,VILLEVAUDE,77,Appartement,93,4,250,2023
500000,77410,VILLEVAUDE,77,Appartement,79,3,250,2023
500000,77410,VILLEVAUDE,77,Appartement,58,3,250,2023
500000,77410,VILLEVAUDE,77,Appartement,58,3,347,2023
500000,77410,VILLEVAUDE,77,Appartement,93,4,347,2023
500000,77410,VILLEVAUDE,77,Dépendance,0,0,347,2023
180000,77515,SAINT-AUGUSTIN,77,Dépendance,0,0,590,2023
180000,77515,SAINT-AUGUSTIN,77,Dépendance,0,0,250,2023
180000,77515,SAINT-AUGUSTIN,77,Maison,66,3,590,2023
180000,77515,SAINT-AUGUSTIN,77,Maison,66,3,250,2023
130000,77320,JOUY-SUR-MORIN,77,Maison,85,3,340,2023
130000,77320,JOUY-SUR-MORIN,77,Maison,85,3,1238,2023
265000,77120,BEAUTHEIL-SAINTS,77,Maison,96,4,620,2023
290000,77270,VILLEPARISIS,77,Maison,84,5,373,2023
389000,77181,LE PIN,77,Maison,90,4,352,2023
360000,77290,MITRY MORY,77,Local industriel. commercial ou assimilé,31,0,163,2023
360000,77290,MITRY MORY,77,Appartement,45,2,163,2023
245000,77120,MOUROUX,77,Dépendance,0,0,250,2023
245000,77120,MOUROUX,77,Maison,72,3,250,2023
245000,77120,MOUROUX,77,Dépendance,0,0,700,2023
245000,77120,MOUROUX,77,Maison,72,3,700,2023
227000,77160,CHENOISE-CUCHARMOY,77,Maison,61,2,199,2023
725400,77420,CHAMPS-SUR-MARNE,77,Maison,125,4,533,2023
424650,77320,FERTE-GAUCHER (LA),77,Maison,210,8,752,2023
424650,77320,FERTE-GAUCHER (LA),77,Dépendance,0,0,752,2023
610000,77230,DAMMARTIN-EN-GOELE,77,Maison,70,4,500,2023
610000,77230,DAMMARTIN-EN-GOELE,77,Maison,70,4,1939,2023
580000,77230,DAMMARTIN-EN-GOELE,77,Maison,104,6,478,2023
650000,77230,DAMMARTIN-EN-GOELE,77,Maison,88,6,700,2023
650000,77230,DAMMARTIN-EN-GOELE,77,Maison,88,6,500,2023
483000,77610,HOUSSAYE-EN-BRIE (LA),77,Maison,160,5,940,2023
483000,77610,HOUSSAYE-EN-BRIE (LA),77,Dépendance,0,0,940,2023
483000,77610,HOUSSAYE-EN-BRIE (LA),77,Maison,160,5,250,2023
483000,77610,HOUSSAYE-EN-BRIE (LA),77,Dépendance,0,0,250,2023
340000,77610,FONTENAY-TRESIGNY,77,Maison,130,4,617,2023
379000,77600,CHANTELOUP EN BRIE,77,Dépendance,0,0,242,2023
379000,77600,CHANTELOUP EN BRIE,77,Maison,90,4,242,2023
20000,77120,COULOMMIERS,77,Dépendance,0,0,53,2023
135000,77160,PROVINS,77,Maison,78,5,394,2023
330000,77750,ORLY-SUR-MORIN,77,Dépendance,0,0,1359,2023
330000,77750,ORLY-SUR-MORIN,77,Dépendance,0,0,531,2023
330000,77750,ORLY-SUR-MORIN,77,Maison,133,5,531,2023
330000,77750,ORLY-SUR-MORIN,77,Maison,133,5,1359,2023
472000,77470,POINCY,77,Maison,156,5,500,2023
472000,77470,POINCY,77,Maison,156,5,334,2023
260000,77560,COURTACON,77,Maison,102,5,621,2023
260000,77560,COURTACON,77,Dépendance,0,0,621,2023
350000,77120,CHAILLY-EN-BRIE,77,Maison,160,7,2267,2023
350000,77120,CHAILLY-EN-BRIE,77,Dépendance,0,0,2267,2023
350000,77120,CHAILLY-EN-BRIE,77,Dépendance,0,0,1350,2023
350000,77120,CHAILLY-EN-BRIE,77,Maison,160,7,1350,2023
442000,77280,OTHIS,77,Maison,100,5,500,2023
442000,77280,OTHIS,77,Maison,100,5,884,2023
444000,77400,DAMPMART,77,Maison,105,6,480,2023
444000,77400,DAMPMART,77,Maison,105,6,500,2023
387135,77700,CHESSY,77,Maison,60,3,308,2023
125000,77118,BALLOY,77,Dépendance,0,0,319,2023
125000,77118,BALLOY,77,Maison,77,3,319,2023
328100,77100,MEAUX,77,Dépendance,0,0,79,2023
328100,77100,MEAUX,77,Maison,83,4,79,2023
250000,77410,VILLEVAUDE,77,Local industriel. commercial ou assimilé,970,0,1024,2023
330000,77410,VILLEVAUDE,77,Dépendance,0,0,316,2023
330000,77410,VILLEVAUDE,77,Maison,154,4,316,2023
330000,77184,EMERAINVILLE,77,Maison,64,4,501,2023
330000,77184,EMERAINVILLE,77,Maison,64,4,324,2023
363850,77410,CLAYE-SOUILLY,77,Maison,128,6,202,2023
280000,77100,MEAUX,77,Appartement,21,1,38,2023
280000,77100,MEAUX,77,Local industriel. commercial ou assimilé,20,0,38,2023
280000,77100,MEAUX,77,Appartement,20,1,38,2023
410000,77100,MEAUX,77,Maison,142,5,1874,2023
410000,77100,MEAUX,77,Dépendance,0,0,500,2023
410000,77100,MEAUX,77,Maison,142,5,500,2023
410000,77100,MEAUX,77,Dépendance,0,0,1874,2023
432560,77500,CHELLES,77,Maison,161,7,328,2023
290000,77860,SAINT-GERMAIN-SUR-MORIN,77,Maison,57,4,307,2023
348000,77100,NANTEUIL-LES-MEAUX,77,Maison,88,4,571,2023
206000,77230,MOUSSY-LE-NEUF,77,Dépendance,0,0,92,2023
206000,77230,MOUSSY-LE-NEUF,77,Maison,69,3,92,2023
449720,77290,MITRY MORY,77,Maison,145,5,399,2023
300000,77410,VILLEROY,77,Local industriel. commercial ou assimilé,65,0,195,2023
300000,77410,VILLEROY,77,Maison,92,5,195,2023
300000,77410,VILLEROY,77,Local industriel. commercial ou assimilé,65,0,800,2023
300000,77410,VILLEROY,77,Maison,92,5,800,2023
302240,77139,MARCILLY,77,Maison,85,5,240,2023
169000,77260,SAMMERON,77,Maison,85,4,407,2023
169000,77260,SAMMERON,77,Dépendance,0,0,407,2023
169000,77260,SAMMERON,77,Maison,85,4,568,2023
169000,77260,SAMMERON,77,Dépendance,0,0,568,2023
332000,77610,FONTENAY-TRESIGNY,77,Dépendance,0,0,500,2023
332000,77610,FONTENAY-TRESIGNY,77,Maison,120,7,500,2023
387000,77600,GUERMANTES,77,Maison,75,4,382,2023
35000,77510,VILLENEUVE-SUR-BELLOT,77,Dépendance,0,0,652,2023
35000,77510,VILLENEUVE-SUR-BELLOT,77,Maison,51,3,652,2023
170000,77139,VINCY-MANOEUVRE,77,Maison,108,4,1090,2023
170000,77139,VINCY-MANOEUVRE,77,Maison,108,4,500,2023
187250,77440,OCQUERRE,77,Appartement,28,1,65,2023
187250,77440,OCQUERRE,77,Appartement,60,2,65,2023
187250,77440,OCQUERRE,77,Dépendance,0,0,65,2023
269650,77500,CHELLES,77,Maison,55,4,575,2023
269650,77500,CHELLES,77,Maison,55,4,45,2023
470000,77500,CHELLES,77,Dépendance,0,0,368,2023
470000,77500,CHELLES,77,Maison,100,5,368,2023
503000,77500,CHELLES,77,Maison,106,4,442,2023
120000,77640,JOUARRE,77,Maison,45,3,41,2023
120000,77640,JOUARRE,77,Dépendance,0,0,26,2023
237000,77860,COUILLY-PONT-AUX-DAMES,77,Maison,84,3,69,2023
237000,77860,COUILLY-PONT-AUX-DAMES,77,Dépendance,0,0,69,2023
280000,77320,SAINT-MARTIN-DES-CHAMPS,77,Maison,89,3,250,2023
280000,77320,SAINT-MARTIN-DES-CHAMPS,77,Maison,89,3,933,2023
280000,77320,SAINT-MARTIN-DES-CHAMPS,77,Dépendance,0,0,933,2023
280000,77320,SAINT-MARTIN-DES-CHAMPS,77,Dépendance,0,0,250,2023
213000,77320,CHARTRONGES,77,Maison,86,4,626,2023
213000,77320,CHARTRONGES,77,Maison,86,4,280,2023
229000,77169,BOISSY-LE-CHATEL,77,Dépendance,0,0,112,2023
229000,77169,BOISSY-LE-CHATEL,77,Maison,113,5,112,2023
427000,77500,CHELLES,77,Dépendance,0,0,460,2023
427000,77500,CHELLES,77,Maison,55,3,460,2023
540000,77500,CHELLES,77,Maison,184,7,586,2023
21000,77118,BAZOCHES LES BRAY,77,Maison,14,1,500,2023
21000,77118,BAZOCHES LES BRAY,77,Maison,14,1,703,2023
280000,77515,FAREMOUTIERS,77,Maison,122,6,319,2023
207000,77520,SOGNOLLES-EN-MONTOIS,77,Dépendance,0,0,564,2023
207000,77520,SOGNOLLES-EN-MONTOIS,77,Maison,195,6,141,2023
207000,77520,SOGNOLLES-EN-MONTOIS,77,Dépendance,0,0,141,2023
207000,77520,SOGNOLLES-EN-MONTOIS,77,Maison,195,6,564,2023
168000,77320,CHOISY-EN-BRIE,77,Dépendance,0,0,540,2023
168000,77320,CHOISY-EN-BRIE,77,Maison,108,5,1960,2023
168000,77320,CHOISY-EN-BRIE,77,Maison,108,5,540,2023
168000,77320,CHOISY-EN-BRIE,77,Dépendance,0,0,1960,2023
142000,77520,SOGNOLLES-EN-MONTOIS,77,Maison,126,5,274,2023
142000,77520,SOGNOLLES-EN-MONTOIS,77,Dépendance,0,0,274,2023
430882,77200,TORCY,77,Maison,73,3,700,2023
430882,77200,TORCY,77,Maison,73,3,397,2023
255000,77139,PUISIEUX,77,Maison,100,5,500,2023
450000,77580,GUERARD,77,Maison,140,5,398,2023
157548,77160,PROVINS,77,Maison,78,5,394,2023
278000,77970,JOUY-LE-CHATEL,77,Maison,62,3,582,2023
355000,77640,JOUARRE,77,Maison,91,6,2280,2023
349000,77540,PLESSIS-FEU-AUSSOUS (LE),77,Maison,100,5,250,2023
349000,77540,PLESSIS-FEU-AUSSOUS (LE),77,Maison,100,5,2209,2023
220000,77370,NANGIS,77,Maison,80,5,225,2023
180000,77730,CITRY,77,Maison,144,8,124,2023
220000,77450,TRILBARDOU,77,Maison,74,3,212,2023
327520,77600,CHANTELOUP EN BRIE,77,Maison,84,4,105,2023
327520,77600,CHANTELOUP EN BRIE,77,Dépendance,0,0,105,2023
108000,77510,DOUE,77,Maison,108,5,1403,2023
108000,77510,DOUE,77,Maison,108,5,530,2023
108000,77510,DOUE,77,Local industriel. commercial ou assimilé,56,0,530,2023
108000,77510,DOUE,77,Local industriel. commercial ou assimilé,56,0,1403,2023
308000,77178,SAINT-PATHUS,77,Maison,80,4,548,2023
267000,77230,MOUSSY-LE-VIEUX,77,Maison,79,4,266,2023
36000,77560,LOUAN-VILLEGRUIS-FONTAINE,77,Dépendance,0,0,752,2023
36000,77560,LOUAN-VILLEGRUIS-FONTAINE,77,Maison,42,2,752,2023
166000,77320,CERNEUX,77,Dépendance,0,0,798,2023
166000,77320,CERNEUX,77,Maison,65,3,798,2023
195000,77910,CHAMBRY,77,Maison,70,3,32,2023
767000,77700,MAGNY-LE-HONGRE,77,Maison,484,10,500,2023
767000,77700,MAGNY-LE-HONGRE,77,Maison,484,10,233,2023
215000,77260,REUIL-EN-BRIE,77,Maison,100,5,364,2023
220000,77260,LA FERTE SOUS JOUARRE,77,Maison,103,5,128,2023
100000,77230,MONTGE-EN-GOELE,77,Maison,50,3,50,2023
355000,77260,LA FERTE SOUS JOUARRE,77,Maison,85,5,104,2023
355000,77260,LA FERTE SOUS JOUARRE,77,Local industriel. commercial ou assimilé,59,0,104,2023
355000,77260,LA FERTE SOUS JOUARRE,77,Local industriel. commercial ou assimilé,35,0,104,2023
355000,77260,LA FERTE SOUS JOUARRE,77,Maison,56,4,47,2023
355000,77260,LA FERTE SOUS JOUARRE,77,Local industriel. commercial ou assimilé,80,0,47,2023
380000,77540,ROZAY-EN-BRIE,77,Dépendance,0,0,500,2023
380000,77540,ROZAY-EN-BRIE,77,Maison,255,11,500,2023
380000,77540,ROZAY-EN-BRIE,77,Maison,255,11,933,2023
380000,77540,ROZAY-EN-BRIE,77,Dépendance,0,0,933,2023
130000,77480,BRAY-SUR-SEINE,77,Maison,121,3,84,2023
444000,77400,DAMPMART,77,Maison,120,4,500,2023
444000,77400,DAMPMART,77,Maison,120,4,112,2023
220000,77515,POMMEUSE,77,Maison,73,4,121,2023
389000,77410,CLAYE-SOUILLY,77,Maison,88,5,187,2023
200000,77270,VILLEPARISIS,77,Maison,53,2,503,2023
200000,77270,VILLEPARISIS,77,Dépendance,0,0,503,2023
285000,77440,LIZY-SUR-OURCQ,77,Maison,105,6,70,2023
285000,77440,LIZY-SUR-OURCQ,77,Maison,105,6,962,2023
285000,77440,LIZY-SUR-OURCQ,77,Dépendance,0,0,962,2023
285000,77440,LIZY-SUR-OURCQ,77,Dépendance,0,0,70,2023
150000,77650,SAINTE-COLOMBE,77,Maison,57,3,427,2023
549000,77500,CHELLES,77,Maison,75,4,500,2023
549000,77500,CHELLES,77,Maison,75,4,460,2023
350760,77515,CELLE-SUR-MORIN (LA),77,Dépendance,0,0,156,2023
350760,77515,CELLE-SUR-MORIN (LA),77,Dépendance,0,0,180,2023
350760,77515,CELLE-SUR-MORIN (LA),77,Maison,122,5,180,2023
2750000,77185,LOGNES,77,Local industriel. commercial ou assimilé,2890,0,1826,2023
295000,77100,MEAUX,77,Maison,83,4,123,2023
408000,77440,TANCROU,77,Maison,185,7,500,2023
408000,77440,TANCROU,77,Dépendance,0,0,500,2023
408000,77440,TANCROU,77,Dépendance,0,0,1939,2023
408000,77440,TANCROU,77,Maison,185,7,1939,2023
86000,77134,ORMES-SUR-VOULZIE (LES),77,Maison,51,3,353,2023
86000,77134,ORMES-SUR-VOULZIE (LES),77,Dépendance,0,0,353,2023
55000,77120,CHAILLY-EN-BRIE,77,Dépendance,0,0,500,2023
55000,77120,CHAILLY-EN-BRIE,77,Dépendance,0,0,278,2023
55000,77120,CHAILLY-EN-BRIE,77,Maison,222,7,500,2023
55000,77120,CHAILLY-EN-BRIE,77,Maison,222,7,278,2023
163000,77120,MAROLLES-EN-BRIE,77,Dépendance,0,0,918,2023
163000,77120,MAROLLES-EN-BRIE,77,Maison,58,2,918,2023
127000,77171,CHALAUTRE-LA-GRANDE,77,Maison,105,4,361,2023
357000,77970,JOUY-LE-CHATEL,77,Maison,90,3,351,2023
265000,77440,CONGIS-SUR-THEROUANNE,77,Maison,42,3,103,2023
265000,77440,CONGIS-SUR-THEROUANNE,77,Dépendance,0,0,40,2023
340000,77118,BALLOY,77,Maison,153,3,738,2023
520000,77700,CHESSY,77,Maison,145,7,568,2023
520000,77700,CHESSY,77,Maison,145,7,500,2023
200000,77160,CHENOISE-CUCHARMOY,77,Maison,147,5,525,2023
350000,77290,MITRY MORY,77,Maison,145,6,73,2023
332150,77470,TRILPORT,77,Dépendance,0,0,555,2023
332150,77470,TRILPORT,77,Dépendance,0,0,500,2023
332150,77470,TRILPORT,77,Maison,102,4,555,2023
332150,77470,TRILPORT,77,Maison,102,4,500,2023
175000,77480,SAINT-SAUVEUR-LES-BRAY,77,Maison,54,2,604,2023
38000,77520,SOGNOLLES-EN-MONTOIS,77,Dépendance,0,0,1131,2023
255000,77910,VARREDDES,77,Maison,148,5,403,2023
255000,77910,VARREDDES,77,Dépendance,0,0,403,2023
180000,77840,COULOMBS-EN-VALOIS,77,Dépendance,0,0,181,2023
180000,77840,COULOMBS-EN-VALOIS,77,Maison,110,4,181,2023
382904,77970,JOUY-LE-CHATEL,77,Maison,89,5,830,2023
382904,77970,JOUY-LE-CHATEL,77,Dépendance,0,0,830,2023
382904,77970,JOUY-LE-CHATEL,77,Maison,156,5,830,2023
382904,77970,JOUY-LE-CHATEL,77,Dépendance,0,0,890,2023
382904,77970,JOUY-LE-CHATEL,77,Maison,156,5,890,2023
382904,77970,JOUY-LE-CHATEL,77,Maison,89,5,890,2023
337000,77515,SAINT-AUGUSTIN,77,Maison,50,3,120,2023
337000,77515,SAINT-AUGUSTIN,77,Dépendance,0,0,120,2023
159900,77160,CHENOISE-CUCHARMOY,77,Appartement,62,3,406,2023
435300,77183,CROISSY-BEAUBOURG,77,Maison,101,5,280,2023
273200,77610,HOUSSAYE-EN-BRIE (LA),77,Maison,90,5,250,2023
273200,77610,HOUSSAYE-EN-BRIE (LA),77,Dépendance,0,0,250,2023
273200,77610,HOUSSAYE-EN-BRIE (LA),77,Dépendance,0,0,1119,2023
273200,77610,HOUSSAYE-EN-BRIE (LA),77,Maison,90,5,1119,2023
255000,77440,TANCROU,77,Dépendance,0,0,164,2023
255000,77440,TANCROU,77,Maison,98,4,164,2023
255000,77440,TANCROU,77,Maison,66,3,365,2023
255000,77440,TANCROU,77,Dépendance,0,0,365,2023
375000,77410,CLAYE-SOUILLY,77,Dépendance,0,0,277,2023
375000,77410,CLAYE-SOUILLY,77,Dépendance,0,0,497,2023
375000,77410,CLAYE-SOUILLY,77,Maison,142,5,497,2023
326445,77500,CHELLES,77,Maison,66,3,267,2023
145000,77560,LOUAN-VILLEGRUIS-FONTAINE,77,Dépendance,0,0,405,2023
145000,77560,LOUAN-VILLEGRUIS-FONTAINE,77,Maison,60,3,405,2023
327000,77860,SAINT-GERMAIN-SUR-MORIN,77,Maison,96,6,276,2023
389000,77860,QUINCY-VOISINS,77,Maison,107,4,404,2023
360000,77290,MITRY MORY,77,Maison,100,3,380,2023
360000,77290,MITRY MORY,77,Dépendance,0,0,380,2023
229600,77270,VILLEPARISIS,77,Maison,73,3,162,2023
148000,77260,LA FERTE SOUS JOUARRE,77,Dépendance,0,0,593,2023
148000,77260,LA FERTE SOUS JOUARRE,77,Maison,80,4,593,2023
148000,77260,LA FERTE SOUS JOUARRE,77,Dépendance,0,0,500,2023
148000,77260,LA FERTE SOUS JOUARRE,77,Maison,80,4,500,2023
612800,77700,CHESSY,77,Dépendance,0,0,500,2023
612800,77700,CHESSY,77,Maison,135,6,567,2023
612800,77700,CHESSY,77,Dépendance,0,0,567,2023
612800,77700,CHESSY,77,Maison,135,6,500,2023
505000,77290,MITRY MORY,77,Maison,138,5,703,2023
505000,77290,MITRY MORY,77,Maison,138,5,500,2023
522500,77500,CHELLES,77,Local industriel. commercial ou assimilé,153,0,570,2023
150000,77510,SABLONNIERES,77,Maison,90,4,483,2023
254000,77840,CROUY-SUR-OURCQ,77,Maison,136,6,497,2023
330000,77120,COULOMMIERS,77,Maison,141,4,195,2023
330000,77120,COULOMMIERS,77,Maison,141,4,990,2023
255000,77290,MITRY MORY,77,Maison,60,3,395,2023
440000,77400,THORIGNY SUR MARNE,77,Appartement,34,2,277,2023
440000,77400,THORIGNY SUR MARNE,77,Appartement,15,1,277,2023
440000,77400,THORIGNY SUR MARNE,77,Appartement,31,2,277,2023
440000,77400,THORIGNY SUR MARNE,77,Appartement,35,2,277,2023
735000,77400,GOUVERNES,77,Maison,198,6,458,2023
735000,77400,GOUVERNES,77,Maison,198,6,500,2023
345000,77230,ROUVRES,77,Maison,114,6,697,2023
58000,77260,CHAMIGNY,77,Dépendance,0,0,230,2023
425000,77500,CHELLES,77,Maison,102,5,401,2023
150000,77120,COULOMMIERS,77,Maison,84,4,322,2023
420000,77200,TORCY,77,Local industriel. commercial ou assimilé,177,0,401,2023
930000,77120,MOUROUX,77,Local industriel. commercial ou assimilé,120,0,496,2023
930000,77120,MOUROUX,77,Local industriel. commercial ou assimilé,50,0,857,2023
930000,77120,MOUROUX,77,Local industriel. commercial ou assimilé,42,0,857,2023
930000,77120,MOUROUX,77,Local industriel. commercial ou assimilé,220,0,857,2023
199900,77470,BOUTIGNY,77,Maison,70,3,87,2023
470000,77400,POMPONNE,77,Maison,101,5,536,2023
425000,77410,VILLEVAUDE,77,Maison,87,5,500,2023
425000,77410,VILLEVAUDE,77,Maison,87,5,416,2023
144000,77650,SAINT-LOUP-DE-NAUD,77,Dépendance,0,0,407,2023
144000,77650,SAINT-LOUP-DE-NAUD,77,Maison,90,4,407,2023
380000,77410,CHARNY,77,Maison,107,6,600,2023
323250,77270,VILLEPARISIS,77,Maison,67,3,419,2023
140000,77650,SAINTE-COLOMBE,77,Maison,82,5,822,2023
140000,77650,SAINTE-COLOMBE,77,Dépendance,0,0,822,2023
640000,77700,BAILLY-ROMAINVILLIERS,77,Maison,135,5,500,2023
640000,77700,BAILLY-ROMAINVILLIERS,77,Maison,135,5,211,2023
375000,77700,BAILLY-ROMAINVILLIERS,77,Maison,86,4,347,2023
262500,77450,LESCHES,77,Dépendance,0,0,148,2023
262500,77450,LESCHES,77,Maison,160,3,148,2023
60000,77580,GUERARD,77,Dépendance,0,0,93,2023
745000,77700,BAILLY-ROMAINVILLIERS,77,Maison,160,7,635,2023
745000,77700,BAILLY-ROMAINVILLIERS,77,Maison,160,7,500,2023
480000,77100,MEAUX,77,Local industriel. commercial ou assimilé,325,0,130,2023
253587,77400,LAGNY-SUR-MARNE,77,Maison,48,3,478,2023
253587,77400,LAGNY-SUR-MARNE,77,Dépendance,0,0,478,2023
99000,77139,DOUY-LA-RAMEE,77,Dépendance,0,0,13,2023
99000,77139,DOUY-LA-RAMEE,77,Dépendance,0,0,12,2023
374933,77580,VOULANGIS,77,Dépendance,0,0,581,2023
374933,77580,VOULANGIS,77,Maison,107,5,581,2023
465000,77860,SAINT-GERMAIN-SUR-MORIN,77,Maison,153,6,500,2023
465000,77860,SAINT-GERMAIN-SUR-MORIN,77,Maison,153,6,1012,2023
396250,77400,LAGNY-SUR-MARNE,77,Maison,80,5,384,2023
195000,77515,CELLE-SUR-MORIN (LA),77,Maison,46,3,219,2023
195000,77515,CELLE-SUR-MORIN (LA),77,Dépendance,0,0,219,2023
435000,77580,CRECY LA CHAPELLE,77,Dépendance,0,0,295,2023
435000,77580,CRECY LA CHAPELLE,77,Maison,115,7,295,2023
435000,77580,CRECY LA CHAPELLE,77,Dépendance,0,0,38,2023
288000,77290,MITRY MORY,77,Dépendance,0,0,505,2023
288000,77290,MITRY MORY,77,Maison,100,3,505,2023
225000,77122,MONTHYON,77,Maison,70,4,183,2023
230000,77580,VOULANGIS,77,Maison,45,2,848,2023
230000,77580,VOULANGIS,77,Dépendance,0,0,500,2023
230000,77580,VOULANGIS,77,Dépendance,0,0,848,2023
230000,77580,VOULANGIS,77,Maison,45,2,500,2023
403870,77470,TRILPORT,77,Maison,91,5,526,2023
403870,77470,TRILPORT,77,Dépendance,0,0,526,2023
655000,77600,BUSSY-SAINT-GEORGES,77,Maison,151,5,554,2023
683830,77400,THORIGNY SUR MARNE,77,Maison,130,5,726,2023
555000,77600,BUSSY-SAINT-GEORGES,77,Maison,148,5,428,2023
162000,77520,SOGNOLLES-EN-MONTOIS,77,Maison,76,4,496,2023
162000,77520,SOGNOLLES-EN-MONTOIS,77,Dépendance,0,0,496,2023
415000,77600,BUSSY-SAINT-GEORGES,77,Maison,87,4,311,2023
404000,77290,MITRY MORY,77,Maison,92,4,570,2023
545000,77164,FERRIERES-EN-BRIE,77,Maison,88,6,564,2023
249000,77470,TRILPORT,77,Maison,64,4,403,2023
110000,77151,MONTCEAUX-LES-PROVINS,77,Maison,87,3,240,2023
281450,77120,CHAILLY-EN-BRIE,77,Maison,89,4,500,2023
281450,77120,CHAILLY-EN-BRIE,77,Maison,89,4,600,2023
267000,77420,CHAMPS-SUR-MARNE,77,Maison,77,4,105,2023
880000,77600,BUSSY-SAINT-GEORGES,77,Maison,156,6,675,2023
880000,77600,BUSSY-SAINT-GEORGES,77,Dépendance,0,0,675,2023
274000,77270,VILLEPARISIS,77,Maison,85,4,600,2023
274000,77270,VILLEPARISIS,77,Dépendance,0,0,600,2023
399000,77090,COLLEGIEN,77,Maison,77,3,438,2023
48000,77580,BOULEURS,77,Dépendance,0,0,40,2023
12000,77320,FERTE-GAUCHER (LA),77,Dépendance,0,0,46,2023
145000,77320,LESCHEROLLES,77,Maison,153,6,471,2023
328000,77500,CHELLES,77,Dépendance,0,0,134,2023
328000,77500,CHELLES,77,Maison,90,5,134,2023
422000,77600,BUSSY-SAINT-GEORGES,77,Maison,85,4,192,2023
245000,77860,SAINT-GERMAIN-SUR-MORIN,77,Maison,114,5,585,2023
870000,77144,CHALIFERT,77,Dépendance,0,0,2145,2023
870000,77144,CHALIFERT,77,Appartement,141,4,500,2023
870000,77144,CHALIFERT,77,Appartement,70,3,500,2023
870000,77144,CHALIFERT,77,Dépendance,0,0,500,2023
870000,77144,CHALIFERT,77,Appartement,141,4,2145,2023
870000,77144,CHALIFERT,77,Appartement,70,3,2145,2023
315000,77510,VERDELOT,77,Dépendance,0,0,270,2023
315000,77510,VERDELOT,77,Maison,202,7,270,2023
333000,77124,CREGY-LES-MEAUX,77,Maison,87,4,122,2023
90000,77370,MAISON-ROUGE,77,Maison,28,2,151,2023
90000,77370,MAISON-ROUGE,77,Maison,28,2,993,2023
300000,77470,VILLEMAREUIL,77,Maison,73,5,1142,2023
300000,77470,VILLEMAREUIL,77,Maison,53,3,1142,2023
300000,77470,VILLEMAREUIL,77,Maison,373,13,1142,2023
323500,77181,COURTRY,77,Maison,93,3,231,2023
264000,77400,LAGNY-SUR-MARNE,77,Maison,81,3,490,2023
110000,77520,THENISY,77,Maison,90,4,90,2023
372000,77580,VOULANGIS,77,Maison,108,5,507,2023
412000,77700,MAGNY-LE-HONGRE,77,Dépendance,0,0,21,2023
412000,77700,MAGNY-LE-HONGRE,77,Dépendance,0,0,19,2023
412000,77700,MAGNY-LE-HONGRE,77,Maison,86,4,175,2023
412000,77700,MAGNY-LE-HONGRE,77,Dépendance,0,0,175,2023
238000,77510,REBAIS,77,Maison,77,2,457,2023
187500,77515,SAINT-AUGUSTIN,77,Dépendance,0,0,97,2023
187500,77515,SAINT-AUGUSTIN,77,Maison,90,3,97,2023
422000,77580,GUERARD,77,Dépendance,0,0,1668,2023
422000,77580,GUERARD,77,Maison,174,6,250,2023
422000,77580,GUERARD,77,Maison,174,6,1668,2023
422000,77580,GUERARD,77,Dépendance,0,0,250,2023
495750,77400,SAINT THIBAULT DES VIGNES,77,Maison,168,7,500,2023
495750,77400,SAINT THIBAULT DES VIGNES,77,Maison,168,7,709,2023
170000,77660,SAINT JEAN LES DEUX JUMEAUX,77,Dépendance,0,0,26,2023
170000,77660,SAINT JEAN LES DEUX JUMEAUX,77,Maison,54,4,34,2023
125000,77114,GOUAIX,77,Dépendance,0,0,457,2023
125000,77114,GOUAIX,77,Maison,36,2,457,2023
332000,77165,SAINT-SOUPPLETS,77,Maison,125,6,372,2023
332000,77165,SAINT-SOUPPLETS,77,Maison,125,6,500,2023
340500,77400,POMPONNE,77,Maison,90,5,232,2023
340500,77400,POMPONNE,77,Dépendance,0,0,232,2023
195000,77730,NANTEUIL-SUR-MARNE,77,Maison,120,3,153,2023
287000,77178,SAINT-PATHUS,77,Dépendance,0,0,240,2023
287000,77178,SAINT-PATHUS,77,Maison,83,5,240,2023
410000,77450,TRILBARDOU,77,Maison,90,3,345,2023
520000,77400,GOUVERNES,77,Maison,148,5,281,2023
520000,77400,GOUVERNES,77,Dépendance,0,0,281,2023
427600,77700,COUPVRAY,77,Dépendance,0,0,723,2023
427600,77700,COUPVRAY,77,Maison,74,4,723,2023
424000,77400,THORIGNY SUR MARNE,77,Maison,74,4,506,2023
335000,77700,CHESSY,77,Appartement,20,2,358,2023
335000,77700,CHESSY,77,Dépendance,0,0,358,2023
335000,77700,CHESSY,77,Appartement,35,2,358,2023
335000,77700,CHESSY,77,Maison,120,6,358,2023
395000,77650,JUTIGNY,77,Dépendance,0,0,886,2023
395000,77650,JUTIGNY,77,Maison,292,9,1287,2023
235000,77139,ETREPILLY,77,Maison,48,2,35,2023
235000,77139,ETREPILLY,77,Maison,48,2,33,2023
240000,77580,PIERRE-LEVEE,77,Dépendance,0,0,1120,2023
240000,77580,PIERRE-LEVEE,77,Dépendance,0,0,1000,2023
240000,77580,PIERRE-LEVEE,77,Maison,92,4,1000,2023
240000,77580,PIERRE-LEVEE,77,Maison,31,2,1000,2023
240000,77580,PIERRE-LEVEE,77,Maison,92,4,1120,2023
240000,77580,PIERRE-LEVEE,77,Maison,31,2,1120,2023
367000,77400,GOUVERNES,77,Maison,97,4,362,2023
170000,77440,CONGIS-SUR-THEROUANNE,77,Dépendance,0,0,92,2023
170000,77440,CONGIS-SUR-THEROUANNE,77,Maison,80,3,92,2023
313500,77230,JUILLY,77,Maison,70,5,500,2023
313500,77230,JUILLY,77,Maison,70,5,249,2023
1,77400,SAINT THIBAULT DES VIGNES,77,Local industriel. commercial ou assimilé,3285,0,6230,2023
1,77400,SAINT THIBAULT DES VIGNES,77,Local industriel. commercial ou assimilé,50,0,6230,2023
337000,77860,SAINT-GERMAIN-SUR-MORIN,77,Maison,105,5,261,2023
169000,77139,MARCILLY,77,Maison,62,2,42,2023
169000,77139,MARCILLY,77,Dépendance,0,0,42,2023
9027230,77164,FERRIERES-EN-BRIE,77,Local industriel. commercial ou assimilé,30200,0,77738,2023
320000,77186,NOISIEL,77,Appartement,110,5,125,2023
320000,77186,NOISIEL,77,Dépendance,0,0,125,2023
214000,77370,NANGIS,77,Maison,83,4,226,2023
310000,77860,QUINCY-VOISINS,77,Maison,112,4,444,2023
310000,77860,QUINCY-VOISINS,77,Maison,112,4,766,2023
330000,77580,COUTEVROULT,77,Maison,112,5,456,2023
251000,77520,DONNEMARIE-DONTILLY,77,Maison,90,4,11,2023
251000,77520,DONNEMARIE-DONTILLY,77,Maison,90,4,500,2023
185000,77440,MARY-SUR-MARNE,77,Maison,106,4,500,2023
185000,77440,MARY-SUR-MARNE,77,Maison,106,4,147,2023
380000,77290,MITRY MORY,77,Appartement,118,7,416,2023
380000,77290,MITRY MORY,77,Appartement,36,2,416,2023
380000,77290,MITRY MORY,77,Appartement,29,1,416,2023
420000,77500,CHELLES,77,Maison,90,4,485,2023
534400,77515,POMMEUSE,77,Maison,260,10,1000,2023
534400,77515,POMMEUSE,77,Dépendance,0,0,1000,2023
534400,77515,POMMEUSE,77,Maison,260,10,2868,2023
534400,77515,POMMEUSE,77,Dépendance,0,0,2868,2023
343500,77290,MITRY MORY,77,Dépendance,0,0,368,2023
343500,77290,MITRY MORY,77,Maison,71,4,368,2023
640000,77090,COLLEGIEN,77,Dépendance,0,0,610,2023
640000,77090,COLLEGIEN,77,Maison,116,7,610,2023
1200000,77360,VAIRES SUR MARNE,77,Appartement,80,4,853,2023
1200000,77360,VAIRES SUR MARNE,77,Local industriel. commercial ou assimilé,460,0,853,2023
684000,77700,BAILLY-ROMAINVILLIERS,77,Dépendance,0,0,104,2023
684000,77700,BAILLY-ROMAINVILLIERS,77,Maison,125,5,104,2023
684000,77700,BAILLY-ROMAINVILLIERS,77,Maison,125,5,500,2023
684000,77700,BAILLY-ROMAINVILLIERS,77,Dépendance,0,0,500,2023
205000,77480,MOUY-SUR-SEINE,77,Maison,87,5,120,2023
205000,77480,MOUY-SUR-SEINE,77,Dépendance,0,0,669,2023
205000,77480,MOUY-SUR-SEINE,77,Dépendance,0,0,120,2023
205000,77480,MOUY-SUR-SEINE,77,Maison,87,5,669,2023
232000,77370,NANGIS,77,Maison,101,5,315,2023
420000,77700,BAILLY-ROMAINVILLIERS,77,Maison,94,6,677,2023
420000,77700,BAILLY-ROMAINVILLIERS,77,Dépendance,0,0,677,2023
320000,77450,MONTRY,77,Dépendance,0,0,466,2023
320000,77450,MONTRY,77,Maison,75,3,466,2023
340000,77440,JAIGNES,77,Local industriel. commercial ou assimilé,1198,0,2015,2023
340000,77440,JAIGNES,77,Local industriel. commercial ou assimilé,1198,0,1814,2023
340000,77440,JAIGNES,77,Maison,80,4,1814,2023
340000,77440,JAIGNES,77,Maison,80,4,2015,2023
558000,77860,SAINT-GERMAIN-SUR-MORIN,77,Dépendance,0,0,500,2023
558000,77860,SAINT-GERMAIN-SUR-MORIN,77,Maison,143,5,500,2023
558000,77860,SAINT-GERMAIN-SUR-MORIN,77,Dépendance,0,0,160,2023
558000,77860,SAINT-GERMAIN-SUR-MORIN,77,Maison,143,5,160,2023
325000,77580,BOULEURS,77,Dépendance,0,0,259,2023
325000,77580,BOULEURS,77,Maison,79,4,259,2023
125000,77290,COMPANS,77,Maison,51,2,217,2023
125000,77290,COMPANS,77,Dépendance,0,0,217,2023
354000,77290,MITRY MORY,77,Maison,72,4,439,2023
560000,77181,COURTRY,77,Maison,120,7,500,2023
560000,77181,COURTRY,77,Maison,120,7,862,2023
270000,77500,CHELLES,77,Maison,72,4,434,2023
270000,77500,CHELLES,77,Dépendance,0,0,434,2023
332000,77500,CHELLES,77,Maison,97,5,231,2023
299000,77500,CHELLES,77,Maison,76,4,151,2023
264000,77500,CHELLES,77,Maison,64,3,354,2023
1220000,77120,MOUROUX,77,Local industriel. commercial ou assimilé,370,0,2010,2023
1220000,77120,MOUROUX,77,Appartement,136,6,2010,2023
192463,77560,VILLIERS-SAINT-GEORGES,77,Maison,91,4,430,2023
220000,77410,MESSY,77,Maison,75,4,271,2023
355000,77290,MITRY MORY,77,Maison,88,5,407,2023
720000,77700,BAILLY-ROMAINVILLIERS,77,Maison,148,6,517,2023
2800000,77500,CHELLES,77,Local industriel. commercial ou assimilé,3939,0,4234,2023
440000,77120,COULOMMIERS,77,Dépendance,0,0,317,2023
440000,77120,COULOMMIERS,77,Maison,220,7,540,2023
440000,77120,COULOMMIERS,77,Dépendance,0,0,540,2023
440000,77120,COULOMMIERS,77,Maison,220,7,317,2023
860000,77320,CHEVRU,77,Maison,285,10,500,2023
860000,77320,CHEVRU,77,Dépendance,0,0,1562,2023
860000,77320,CHEVRU,77,Maison,285,10,1562,2023
860000,77320,CHEVRU,77,Dépendance,0,0,500,2023
25000,77370,MAISON-ROUGE,77,Dépendance,0,0,537,2023
449000,77420,CHAMPS-SUR-MARNE,77,Maison,111,5,241,2023
260000,77290,MITRY MORY,77,Dépendance,0,0,501,2023
260000,77290,MITRY MORY,77,Maison,75,3,501,2023
209000,77163,MORTCERF,77,Dépendance,0,0,57,2023
209000,77163,MORTCERF,77,Maison,54,3,57,2023
375000,77184,EMERAINVILLE,77,Maison,109,5,234,2023
375000,77184,EMERAINVILLE,77,Local industriel. commercial ou assimilé,0,0,21927,2023
328000,77270,VILLEPARISIS,77,Appartement,60,3,121,2023
328000,77270,VILLEPARISIS,77,Dépendance,0,0,121,2023
328000,77270,VILLEPARISIS,77,Appartement,40,2,121,2023
328000,77270,VILLEPARISIS,77,Appartement,50,3,121,2023
160000,77320,CHOISY-EN-BRIE,77,Dépendance,0,0,160,2023
160000,77320,CHOISY-EN-BRIE,77,Maison,58,2,160,2023
154000,77165,SAINT-SOUPPLETS,77,Maison,50,4,59,2023
122000,77320,SAINT-MARS-VIEUX-MAISONS,77,Dépendance,0,0,795,2023
122000,77320,SAINT-MARS-VIEUX-MAISONS,77,Maison,142,6,795,2023
122000,77320,SAINT-MARS-VIEUX-MAISONS,77,Maison,142,6,250,2023
122000,77320,SAINT-MARS-VIEUX-MAISONS,77,Dépendance,0,0,250,2023
405000,77181,COURTRY,77,Maison,85,4,379,2023
259000,77160,PROVINS,77,Maison,150,5,717,2023
259000,77160,PROVINS,77,Dépendance,0,0,717,2023
259000,77160,PROVINS,77,Maison,150,5,348,2023
259000,77160,PROVINS,77,Dépendance,0,0,348,2023
853600,77700,COUPVRAY,77,Maison,241,7,500,2023
853600,77700,COUPVRAY,77,Maison,241,7,431,2023
299900,77165,SAINT-SOUPPLETS,77,Maison,89,5,196,2023
195000,77230,LONGPERRIER,77,Maison,75,4,58,2023
180000,77154,VILLENEUVE-LES-BORDES,77,Maison,80,3,235,2023
250000,77440,ISLES-LES-MELDEUSES,77,Maison,100,4,719,2023
250000,77440,ISLES-LES-MELDEUSES,77,Dépendance,0,0,719,2023
250000,77440,ISLES-LES-MELDEUSES,77,Maison,100,4,500,2023
250000,77440,ISLES-LES-MELDEUSES,77,Dépendance,0,0,500,2023
222000,77120,COULOMMIERS,77,Maison,100,4,722,2023
222000,77120,COULOMMIERS,77,Dépendance,0,0,722,2023
250000,77440,ISLES-LES-MELDEUSES,77,Dépendance,0,0,513,2023
250000,77440,ISLES-LES-MELDEUSES,77,Maison,75,4,513,2023
185000,77120,COULOMMIERS,77,Maison,133,6,144,2023
285000,77100,MEAUX,77,Maison,87,4,177,2023
270978,77270,VILLEPARISIS,77,Maison,95,5,79,2023
300000,77500,CHELLES,77,Dépendance,0,0,353,2023
300000,77500,CHELLES,77,Maison,85,4,353,2023
210000,77290,MITRY MORY,77,Maison,124,5,406,2023
177000,77520,MONTIGNY-LENCOUP,77,Maison,120,4,85,2023
324350,77280,OTHIS,77,Maison,125,6,253,2023
324350,77280,OTHIS,77,Dépendance,0,0,253,2023
280000,77270,VILLEPARISIS,77,Local industriel. commercial ou assimilé,105,0,105,2023
537000,77500,CHELLES,77,Maison,120,6,574,2023
554928,77500,CHELLES,77,Maison,90,4,485,2023
4000,77600,BUSSY-SAINT-MARTIN,77,Dépendance,0,0,25,2023
460000,77500,CHELLES,77,Maison,86,5,500,2023
460000,77500,CHELLES,77,Dépendance,0,0,1000,2023
460000,77500,CHELLES,77,Dépendance,0,0,500,2023
460000,77500,CHELLES,77,Maison,86,5,1000,2023
338000,77124,CREGY-LES-MEAUX,77,Maison,90,5,381,2023
350000,77500,CHELLES,77,Maison,70,3,480,2023
350000,77500,CHELLES,77,Dépendance,0,0,480,2023
780000,77700,BAILLY-ROMAINVILLIERS,77,Maison,222,7,500,2023
780000,77700,BAILLY-ROMAINVILLIERS,77,Maison,222,7,244,2023
45000,77520,SOGNOLLES-EN-MONTOIS,77,Maison,45,3,133,2023
355000,77400,LAGNY-SUR-MARNE,77,Maison,101,5,506,2023
224900,77320,FERTE-GAUCHER (LA),77,Maison,75,4,626,2023
224900,77320,FERTE-GAUCHER (LA),77,Local industriel. commercial ou assimilé,0,0,24,2023
256500,77120,COULOMMIERS,77,Dépendance,0,0,621,2023
256500,77120,COULOMMIERS,77,Maison,65,3,621,2023
245000,77120,COULOMMIERS,77,Maison,88,4,195,2023
117000,77260,LA FERTE SOUS JOUARRE,77,Dépendance,0,0,576,2023
117000,77260,LA FERTE SOUS JOUARRE,77,Maison,38,2,576,2023
313600,77120,COULOMMIERS,77,Maison,118,6,440,2023
171000,77515,FAREMOUTIERS,77,Maison,96,3,68,2023
255000,77169,SAINT-GERMAIN-SOUS-DOUE,77,Maison,123,5,600,2023
255000,77169,SAINT-GERMAIN-SOUS-DOUE,77,Dépendance,0,0,600,2023
484100,77400,LAGNY-SUR-MARNE,77,Maison,132,6,500,2023
484100,77400,LAGNY-SUR-MARNE,77,Maison,132,6,541,2023
610000,77440,COCHEREL,77,Maison,110,6,2000,2023
610000,77440,COCHEREL,77,Maison,110,6,10577,2023
140000,77165,SAINT-SOUPPLETS,77,Dépendance,0,0,114,2023
150000,77910,VARREDDES,77,Maison,66,3,32,2023
248000,77640,JOUARRE,77,Maison,113,5,1287,2023
248000,77640,JOUARRE,77,Dépendance,0,0,500,2023
248000,77640,JOUARRE,77,Maison,113,5,500,2023
248000,77640,JOUARRE,77,Dépendance,0,0,1287,2023
89000,77230,MONTGE-EN-GOELE,77,Maison,42,2,28,2023
244380,77470,TRILPORT,77,Maison,100,4,473,2023
300000,77160,PROVINS,77,Maison,170,7,438,2023
263500,77120,MAUPERTHUIS,77,Maison,81,5,1019,2023
263500,77120,MAUPERTHUIS,77,Maison,81,5,473,2023
265000,77165,SAINT-SOUPPLETS,77,Maison,120,4,237,2023
170000,77320,FERTE-GAUCHER (LA),77,Dépendance,0,0,541,2023
170000,77320,FERTE-GAUCHER (LA),77,Maison,50,3,541,2023
264000,77370,CHAPELLE-RABLAIS (LA),77,Maison,140,5,1023,2023
264000,77370,CHAPELLE-RABLAIS (LA),77,Dépendance,0,0,1023,2023
234200,77510,DOUE,77,Maison,114,5,500,2023
234200,77510,DOUE,77,Maison,114,5,404,2023
230000,77230,MARCHEMORET,77,Maison,66,3,280,2023
260000,77165,SAINT-SOUPPLETS,77,Maison,121,5,288,2023
260000,77165,SAINT-SOUPPLETS,77,Maison,121,5,164,2023
94000,77157,EVERLY,77,Maison,96,5,244,2023
94000,77157,EVERLY,77,Dépendance,0,0,668,2023
94000,77157,EVERLY,77,Appartement,68,3,668,2023
94000,77157,EVERLY,77,Appartement,98,4,668,2023
138000,77480,MOUSSEAUX-LES-BRAY,77,Maison,90,5,2084,2023
138000,77480,MOUSSEAUX-LES-BRAY,77,Dépendance,0,0,2084,2023
630000,77500,CHELLES,77,Dépendance,0,0,621,2023
630000,77500,CHELLES,77,Maison,159,6,621,2023
315000,77120,MOUROUX,77,Maison,83,4,614,2023
315000,77120,MOUROUX,77,Maison,83,4,194,2023
520000,77580,CRECY LA CHAPELLE,77,Maison,144,7,973,2023
520000,77580,CRECY LA CHAPELLE,77,Dépendance,0,0,973,2023
520000,77580,CRECY LA CHAPELLE,77,Maison,144,7,500,2023
520000,77580,CRECY LA CHAPELLE,77,Dépendance,0,0,500,2023
143500,77100,MEAUX,77,Dépendance,0,0,320,2023
143500,77100,MEAUX,77,Maison,35,2,320,2023
195000,77139,VINCY-MANOEUVRE,77,Dépendance,0,0,549,2023
195000,77139,VINCY-MANOEUVRE,77,Maison,100,4,549,2023
2000,77260,LA FERTE SOUS JOUARRE,77,Local industriel. commercial ou assimilé,0,0,2670,2023
469000,77410,FRESNES-SUR-MARNE,77,Maison,118,5,530,2023
220000,77124,VILLENOY,77,Local industriel. commercial ou assimilé,187,0,500,2023
241000,77440,CONGIS-SUR-THEROUANNE,77,Maison,90,4,135,2023
241000,77440,CONGIS-SUR-THEROUANNE,77,Dépendance,0,0,135,2023
618100,77600,BUSSY-SAINT-GEORGES,77,Maison,138,5,438,2023
618100,77600,BUSSY-SAINT-GEORGES,77,Dépendance,0,0,438,2023
337000,77440,CONGIS-SUR-THEROUANNE,77,Maison,82,4,408,2023
337000,77440,CONGIS-SUR-THEROUANNE,77,Maison,82,4,500,2023
140000,77370,RAMPILLON,77,Maison,137,4,83,2023
258000,77260,LA FERTE SOUS JOUARRE,77,Maison,89,5,708,2023
328000,77230,MARCHEMORET,77,Maison,95,4,467,2023
373000,77580,CRECY LA CHAPELLE,77,Maison,120,7,500,2023
373000,77580,CRECY LA CHAPELLE,77,Maison,120,7,622,2023
282000,77178,SAINT-PATHUS,77,Maison,83,5,252,2023
349900,77230,DAMMARTIN-EN-GOELE,77,Maison,98,6,391,2023
322000,77280,OTHIS,77,Maison,103,5,787,2023
360000,77160,PROVINS,77,Maison,127,9,371,2023
415000,77420,CHAMPS-SUR-MARNE,77,Maison,80,4,219,2023
324000,77540,ROZAY-EN-BRIE,77,Maison,77,4,200,2023
324000,77540,ROZAY-EN-BRIE,77,Maison,77,4,516,2023
420808,77860,QUINCY-VOISINS,77,Maison,87,5,500,2023
607000,77410,ANNET-SUR-MARNE,77,Maison,157,6,299,2023
607000,77410,ANNET-SUR-MARNE,77,Maison,157,6,500,2023
622000,77600,GUERMANTES,77,Maison,153,5,630,2023
622000,77600,GUERMANTES,77,Maison,153,5,500,2023
1100000,77700,CHESSY,77,Maison,219,7,125,2023
340973,77500,CHELLES,77,Dépendance,0,0,168,2023
340973,77500,CHELLES,77,Maison,75,4,168,2023
185000,77730,SAACY-SUR-MARNE,77,Dépendance,0,0,305,2023
185000,77730,SAACY-SUR-MARNE,77,Maison,82,4,305,2023
275000,77440,TROCY-EN-MULTIEN,77,Maison,81,3,535,2023
320000,77400,LAGNY-SUR-MARNE,77,Maison,62,3,500,2023
320000,77400,LAGNY-SUR-MARNE,77,Maison,62,3,351,2023
322500,77500,CHELLES,77,Maison,142,6,135,2023
322500,77500,CHELLES,77,Dépendance,0,0,135,2023
385000,77600,CONCHES SUR GONDOIRE,77,Maison,84,4,383,2023
385000,77600,CONCHES SUR GONDOIRE,77,Dépendance,0,0,383,2023
78000,77120,AMILLIS,77,Maison,15,0,250,2023
78000,77120,AMILLIS,77,Maison,15,0,963,2023
35000,77510,REBAIS,77,Dépendance,0,0,282,2023
1850000,77580,CRECY LA CHAPELLE,77,Local industriel. commercial ou assimilé,4831,0,3328,2023
242000,77510,REBAIS,77,Maison,91,4,250,2023
242000,77510,REBAIS,77,Maison,91,4,933,2023
380000,77181,COURTRY,77,Maison,120,5,350,2023
130000,77169,SAINT-GERMAIN-SOUS-DOUE,77,Maison,66,4,430,2023
130000,77169,SAINT-GERMAIN-SOUS-DOUE,77,Maison,66,4,655,2023
2300,77260,LA FERTE SOUS JOUARRE,77,Dépendance,0,0,269,2023
408000,77410,VILLEROY,77,Maison,162,5,27,2023
270000,77410,FRESNES-SUR-MARNE,77,Dépendance,0,0,170,2023
270000,77410,FRESNES-SUR-MARNE,77,Dépendance,0,0,500,2023
270000,77410,FRESNES-SUR-MARNE,77,Maison,93,5,500,2023
270000,77410,FRESNES-SUR-MARNE,77,Maison,93,5,170,2023
269000,77400,THORIGNY SUR MARNE,77,Dépendance,0,0,466,2023
269000,77400,THORIGNY SUR MARNE,77,Maison,57,3,466,2023
6000000,77100,NANTEUIL-LES-MEAUX,77,Local industriel. commercial ou assimilé,1313,0,6000,2023
6000000,77100,NANTEUIL-LES-MEAUX,77,Local industriel. commercial ou assimilé,1200,0,6000,2023
6000000,77100,NANTEUIL-LES-MEAUX,77,Local industriel. commercial ou assimilé,310,0,6000,2023
6000000,77100,NANTEUIL-LES-MEAUX,77,Local industriel. commercial ou assimilé,490,0,6000,2023
6000000,77100,NANTEUIL-LES-MEAUX,77,Local industriel. commercial ou assimilé,450,0,6000,2023
6000000,77100,NANTEUIL-LES-MEAUX,77,Local industriel. commercial ou assimilé,750,0,6000,2023
6000000,77100,NANTEUIL-LES-MEAUX,77,Local industriel. commercial ou assimilé,798,0,6000,2023
6000000,77100,NANTEUIL-LES-MEAUX,77,Local industriel. commercial ou assimilé,0,0,6000,2023
429000,77500,CHELLES,77,Maison,122,6,370,2023
148000,77320,SAINT-MARTIN-DU-BOSCHET,77,Dépendance,0,0,355,2023
148000,77320,SAINT-MARTIN-DU-BOSCHET,77,Maison,110,4,355,2023
170000,77410,CLAYE-SOUILLY,77,Dépendance,0,0,797,2023
170000,77410,CLAYE-SOUILLY,77,Dépendance,0,0,500,2023
170000,77410,CLAYE-SOUILLY,77,Maison,140,5,797,2023
170000,77410,CLAYE-SOUILLY,77,Maison,140,5,500,2023
263000,77230,DAMMARTIN-EN-GOELE,77,Maison,83,5,371,2023
263000,77230,DAMMARTIN-EN-GOELE,77,Dépendance,0,0,371,2023
245000,77370,CHAPELLE-RABLAIS (LA),77,Maison,117,6,364,2023
245000,77370,CHAPELLE-RABLAIS (LA),77,Maison,117,6,671,2023
315000,77230,DAMMARTIN-EN-GOELE,77,Maison,60,3,293,2023
315000,77230,DAMMARTIN-EN-GOELE,77,Dépendance,0,0,293,2023
304000,77860,QUINCY-VOISINS,77,Maison,65,3,293,2023
417000,77181,COURTRY,77,Maison,103,4,215,2023
109900,77260,CHAMIGNY,77,Maison,70,3,42,2023
312000,77860,QUINCY-VOISINS,77,Maison,73,4,319,2023
418000,77163,TIGEAUX,77,Maison,148,5,500,2023
418000,77163,TIGEAUX,77,Maison,148,5,133,2023
470000,77400,THORIGNY SUR MARNE,77,Maison,80,5,948,2023
220000,77860,SAINT-GERMAIN-SUR-MORIN,77,Maison,78,4,380,2023
220000,77860,SAINT-GERMAIN-SUR-MORIN,77,Dépendance,0,0,380,2023
415950,77600,CONCHES SUR GONDOIRE,77,Maison,148,7,662,2023
292100,77580,GUERARD,77,Maison,89,5,250,2023
292100,77580,GUERARD,77,Maison,89,5,551,2023
292000,77320,ST REMY DE LA VANNE,77,Maison,146,6,710,2023
292000,77320,ST REMY DE LA VANNE,77,Maison,146,6,250,2023
433000,77500,CHELLES,77,Maison,62,4,488,2023
235000,77120,BEAUTHEIL-SAINTS,77,Maison,80,5,202,2023
235000,77120,BEAUTHEIL-SAINTS,77,Dépendance,0,0,202,2023
394500,77500,CHELLES,77,Maison,78,4,389,2023
394500,77500,CHELLES,77,Maison,78,4,284,2023
369000,77230,MOUSSY-LE-NEUF,77,Maison,90,4,226,2023
364000,77178,OISSERY,77,Maison,104,5,500,2023
364000,77178,OISSERY,77,Maison,104,5,203,2023
274000,77540,BERNAY VILBERT,77,Maison,99,5,499,2023
200000,77260,LA FERTE SOUS JOUARRE,77,Local industriel. commercial ou assimilé,110,0,142,2023
252000,77230,LONGPERRIER,77,Maison,80,4,395,2023
210000,77510,VERDELOT,77,Maison,136,4,450,2023
210000,77510,VERDELOT,77,Dépendance,0,0,500,2023
210000,77510,VERDELOT,77,Dépendance,0,0,450,2023
210000,77510,VERDELOT,77,Maison,136,4,500,2023
680000,77420,CHAMPS-SUR-MARNE,77,Maison,160,7,500,2023
680000,77420,CHAMPS-SUR-MARNE,77,Maison,160,7,79,2023
230000,77470,VILLEMAREUIL,77,Maison,92,4,251,2023
270000,77470,TRILPORT,77,Maison,78,3,438,2023
220000,77100,MEAUX,77,Maison,63,4,317,2023
220000,77100,MEAUX,77,Dépendance,0,0,500,2023
220000,77100,MEAUX,77,Maison,63,4,500,2023
220000,77100,MEAUX,77,Dépendance,0,0,317,2023
270000,77260,CHAMIGNY,77,Dépendance,0,0,500,2023
270000,77260,CHAMIGNY,77,Maison,115,5,1639,2023
270000,77260,CHAMIGNY,77,Dépendance,0,0,1639,2023
270000,77260,CHAMIGNY,77,Maison,115,5,500,2023
385000,77860,QUINCY-VOISINS,77,Maison,187,7,102,2023
284200,77290,MITRY MORY,77,Dépendance,0,0,470,2023
284200,77290,MITRY MORY,77,Maison,36,2,470,2023
135000,77510,VILLENEUVE-SUR-BELLOT,77,Dépendance,0,0,49,2023
135000,77510,VILLENEUVE-SUR-BELLOT,77,Maison,42,2,49,2023
135000,77510,VILLENEUVE-SUR-BELLOT,77,Dépendance,0,0,19,2023
475000,77090,COLLEGIEN,77,Maison,114,6,431,2023
475000,77090,COLLEGIEN,77,Dépendance,0,0,431,2023
192000,77730,SAACY-SUR-MARNE,77,Dépendance,0,0,28,2023
192000,77730,SAACY-SUR-MARNE,77,Maison,80,4,110,2023
350000,77580,CRECY LA CHAPELLE,77,Maison,352,13,1283,2023
350000,77580,CRECY LA CHAPELLE,77,Dépendance,0,0,1283,2023
240000,77200,TORCY,77,Maison,53,3,129,2023
240000,77200,TORCY,77,Local industriel. commercial ou assimilé,66,0,129,2023
175000,77260,LA FERTE SOUS JOUARRE,77,Maison,65,3,465,2023
305000,77410,CLAYE-SOUILLY,77,Maison,70,3,498,2023
400000,77360,VAIRES SUR MARNE,77,Maison,86,5,532,2023
169000,77100,NANTEUIL-LES-MEAUX,77,Maison,31,1,105,2023
240000,77290,MITRY MORY,77,Dépendance,0,0,162,2023
240000,77290,MITRY MORY,77,Appartement,93,5,162,2023
146000,77120,COULOMMIERS,77,Maison,40,1,301,2023
250000,77660,SAINT JEAN LES DEUX JUMEAUX,77,Maison,160,5,319,2023
250000,77660,SAINT JEAN LES DEUX JUMEAUX,77,Dépendance,0,0,319,2023
500000,77410,CLAYE-SOUILLY,77,Local industriel. commercial ou assimilé,247,0,457,2023
500000,77410,CLAYE-SOUILLY,77,Local industriel. commercial ou assimilé,182,0,251,2023
279000,77169,BOISSY-LE-CHATEL,77,Maison,80,4,510,2023
210000,77100,NANTEUIL-LES-MEAUX,77,Maison,65,3,284,2023
210000,77100,NANTEUIL-LES-MEAUX,77,Dépendance,0,0,284,2023
295000,77600,BUSSY-SAINT-MARTIN,77,Dépendance,0,0,121,2023
295000,77600,BUSSY-SAINT-MARTIN,77,Maison,87,4,121,2023
75000,77114,GOUAIX,77,Maison,45,3,36,2023
288600,77114,GOUAIX,77,Maison,157,5,413,2023
288600,77114,GOUAIX,77,Dépendance,0,0,413,2023
405000,77183,CROISSY-BEAUBOURG,77,Dépendance,0,0,350,2023
405000,77183,CROISSY-BEAUBOURG,77,Maison,105,6,350,2023
440000,77183,CROISSY-BEAUBOURG,77,Dépendance,0,0,807,2023
440000,77183,CROISSY-BEAUBOURG,77,Maison,125,7,807,2023
419910,77200,TORCY,77,Maison,91,6,428,2023
150000,77515,FAREMOUTIERS,77,Dépendance,0,0,530,2023
150000,77515,FAREMOUTIERS,77,Maison,74,3,530,2023
246000,77160,PROVINS,77,Maison,65,4,299,2023
494000,77174,VILLENEUVE-LE-COMTE,77,Dépendance,0,0,925,2023
494000,77174,VILLENEUVE-LE-COMTE,77,Maison,220,6,925,2023
173835,77100,MEAUX,77,Maison,70,4,66,2023
400000,77600,BUSSY-SAINT-GEORGES,77,Maison,123,5,338,2023
149000,77450,ESBLY,77,Dépendance,0,0,199,2023
149000,77450,ESBLY,77,Maison,36,2,199,2023
230000,77320,LESCHEROLLES,77,Maison,94,3,1810,2023
92500,77100,MEAUX,77,Dépendance,0,0,33,2023
92500,77100,MEAUX,77,Appartement,24,1,33,2023
317000,77174,VILLENEUVE-SAINT-DENIS,77,Maison,114,5,293,2023
317000,77174,VILLENEUVE-SAINT-DENIS,77,Dépendance,0,0,293,2023
403730,77169,CHAUFFRY,77,Maison,125,4,1090,2023
403730,77169,CHAUFFRY,77,Maison,125,4,250,2023
403730,77169,CHAUFFRY,77,Dépendance,0,0,250,2023
403730,77169,CHAUFFRY,77,Dépendance,0,0,1090,2023
215000,77320,FERTE-GAUCHER (LA),77,Maison,82,4,664,2023
200000,77160,ROUILLY,77,Maison,98,4,500,2023
200000,77160,ROUILLY,77,Maison,98,4,350,2023
580000,77230,DAMMARTIN-EN-GOELE,77,Dépendance,0,0,825,2023
580000,77230,DAMMARTIN-EN-GOELE,77,Maison,101,6,825,2023
95000,77230,DAMMARTIN-EN-GOELE,77,Maison,56,3,140,2023
410000,77120,COULOMMIERS,77,Maison,152,4,5042,2023
410000,77120,COULOMMIERS,77,Maison,152,4,500,2023
157000,77440,OCQUERRE,77,Dépendance,0,0,42,2023
157000,77440,OCQUERRE,77,Maison,110,4,42,2023
360000,77165,SAINT-SOUPPLETS,77,Appartement,20,1,96,2023
360000,77165,SAINT-SOUPPLETS,77,Dépendance,0,0,96,2023
360000,77165,SAINT-SOUPPLETS,77,Appartement,31,1,96,2023
360000,77165,SAINT-SOUPPLETS,77,Appartement,37,1,96,2023
360000,77165,SAINT-SOUPPLETS,77,Appartement,25,1,96,2023
270000,77169,BOISSY-LE-CHATEL,77,Maison,112,5,730,2023
270000,77169,BOISSY-LE-CHATEL,77,Maison,112,5,1446,2023
340000,77500,CHELLES,77,Maison,106,5,566,2023
340000,77500,CHELLES,77,Dépendance,0,0,566,2023
304800,77450,ESBLY,77,Maison,85,4,424,2023
873196,77144,MONTEVRAIN,77,Maison,150,5,148,2023
873196,77144,MONTEVRAIN,77,Dépendance,0,0,148,2023
185000,77580,CRECY LA CHAPELLE,77,Maison,73,3,315,2023
309000,77400,DAMPMART,77,Maison,102,5,100,2023
1920000,77138,LUZANCY,77,Maison,80,2,247,2023
1920000,77138,LUZANCY,77,Dépendance,0,0,78,2023
1920000,77138,LUZANCY,77,Maison,397,7,170,2023
1920000,77138,LUZANCY,77,Dépendance,0,0,120,2023
1920000,77138,LUZANCY,77,Maison,57,2,120,2023
1920000,77138,LUZANCY,77,Dépendance,0,0,11606,2023
240000,77100,MAREUIL-LES-MEAUX,77,Local industriel. commercial ou assimilé,164,0,644,2023
25000,77730,SAACY-SUR-MARNE,77,Dépendance,0,0,45,2023
585000,77700,MAGNY-LE-HONGRE,77,Maison,122,6,500,2023
585000,77700,MAGNY-LE-HONGRE,77,Maison,122,6,462,2023
499500,77120,MAROLLES-EN-BRIE,77,Dépendance,0,0,250,2023
499500,77120,MAROLLES-EN-BRIE,77,Maison,150,6,3940,2023
499500,77120,MAROLLES-EN-BRIE,77,Dépendance,0,0,3940,2023
499500,77120,MAROLLES-EN-BRIE,77,Maison,150,6,4667,2023
499500,77120,MAROLLES-EN-BRIE,77,Dépendance,0,0,4667,2023
499500,77120,MAROLLES-EN-BRIE,77,Maison,150,6,758,2023
499500,77120,MAROLLES-EN-BRIE,77,Dépendance,0,0,758,2023
499500,77120,MAROLLES-EN-BRIE,77,Maison,150,6,250,2023
252000,77120,COULOMMIERS,77,Dépendance,0,0,35,2023
252000,77120,COULOMMIERS,77,Maison,78,4,167,2023
310000,77270,VILLEPARISIS,77,Maison,94,3,583,2023
310000,77270,VILLEPARISIS,77,Dépendance,0,0,583,2023
78500,77124,VILLENOY,77,Maison,42,3,365,2023
183000,77260,LA FERTE SOUS JOUARRE,77,Maison,53,3,140,2023
183000,77260,LA FERTE SOUS JOUARRE,77,Dépendance,0,0,140,2023
95000,77440,TROCY-EN-MULTIEN,77,Maison,98,6,40,2023
95000,77440,TROCY-EN-MULTIEN,77,Dépendance,0,0,40,2023
285000,77100,MEAUX,77,Maison,140,6,443,2023
508000,77600,CHANTELOUP EN BRIE,77,Maison,67,2,479,2023
146000,77260,CHAMIGNY,77,Maison,65,3,67,2023
216667,77440,ARMENTIERES-EN-BRIE,77,Maison,51,4,142,2023
475000,77515,POMMEUSE,77,Dépendance,0,0,500,2023
475000,77515,POMMEUSE,77,Maison,15,2,2095,2023
475000,77515,POMMEUSE,77,Maison,200,6,2095,2023
475000,77515,POMMEUSE,77,Dépendance,0,0,2095,2023
475000,77515,POMMEUSE,77,Maison,15,2,500,2023
475000,77515,POMMEUSE,77,Maison,200,6,500,2023
213000,77100,MEAUX,77,Maison,79,4,168,2023
213000,77100,MEAUX,77,Dépendance,0,0,168,2023
272000,77970,JOUY-LE-CHATEL,77,Maison,108,5,361,2023
272000,77970,JOUY-LE-CHATEL,77,Maison,108,5,770,2023
272000,77970,JOUY-LE-CHATEL,77,Dépendance,0,0,361,2023
272000,77970,JOUY-LE-CHATEL,77,Dépendance,0,0,770,2023
225000,77540,LUMIGNY NESLES ORMEAUX,77,Maison,12,1,500,2023
225000,77540,LUMIGNY NESLES ORMEAUX,77,Maison,12,1,1976,2023
225000,77540,LUMIGNY NESLES ORMEAUX,77,Dépendance,0,0,500,2023
225000,77540,LUMIGNY NESLES ORMEAUX,77,Dépendance,0,0,1976,2023
225000,77540,LUMIGNY NESLES ORMEAUX,77,Maison,88,5,500,2023
225000,77540,LUMIGNY NESLES ORMEAUX,77,Maison,88,5,1976,2023
240000,77120,COULOMMIERS,77,Maison,74,4,434,2023
417000,77169,BOISSY-LE-CHATEL,77,Dépendance,0,0,2806,2023
417000,77169,BOISSY-LE-CHATEL,77,Maison,167,5,2806,2023
417000,77169,BOISSY-LE-CHATEL,77,Maison,167,5,250,2023
417000,77169,BOISSY-LE-CHATEL,77,Dépendance,0,0,250,2023
102500,77860,COUILLY-PONT-AUX-DAMES,77,Dépendance,0,0,295,2023
102500,77860,COUILLY-PONT-AUX-DAMES,77,Maison,88,4,295,2023
1936000,77230,DAMMARTIN-EN-GOELE,77,Maison,116,5,500,2023
1936000,77230,DAMMARTIN-EN-GOELE,77,Maison,116,5,3019,2023
1936000,77230,DAMMARTIN-EN-GOELE,77,Dépendance,0,0,38,2023
1936000,77230,DAMMARTIN-EN-GOELE,77,Maison,27,2,38,2023
178000,77510,REBAIS,77,Maison,84,5,615,2023
178000,77510,REBAIS,77,Dépendance,0,0,615,2023
186000,77750,ORLY-SUR-MORIN,77,Maison,89,3,677,2023
186000,77750,ORLY-SUR-MORIN,77,Maison,89,3,3380,2023
199500,77840,COULOMBS-EN-VALOIS,77,Maison,66,3,637,2023
710000,77600,BUSSY-SAINT-GEORGES,77,Appartement,110,4,519,2023
710000,77600,BUSSY-SAINT-GEORGES,77,Local industriel. commercial ou assimilé,319,0,519,2023
275000,77440,COCHEREL,77,Maison,133,6,435,2023
275000,77440,COCHEREL,77,Dépendance,0,0,137,2023
275000,77440,COCHEREL,77,Maison,133,6,137,2023
275000,77440,COCHEREL,77,Dépendance,0,0,435,2023
487260,77840,CROUY-SUR-OURCQ,77,Dépendance,0,0,1095,2023
487260,77840,CROUY-SUR-OURCQ,77,Maison,150,6,1095,2023
580000,77420,CHAMPS-SUR-MARNE,77,Maison,120,5,307,2023
310300,77124,CREGY-LES-MEAUX,77,Maison,78,4,301,2023
496000,77410,CLAYE-SOUILLY,77,Dépendance,0,0,39,2023
496000,77410,CLAYE-SOUILLY,77,Maison,175,4,39,2023
89000,77515,CELLE-SUR-MORIN (LA),77,Maison,44,2,280,2023
89000,77515,CELLE-SUR-MORIN (LA),77,Dépendance,0,0,280,2023
115000,77120,COULOMMIERS,77,Dépendance,0,0,425,2023
217000,77320,JOUY-SUR-MORIN,77,Maison,60,3,630,2023
405000,77450,MONTRY,77,Maison,81,4,553,2023
250000,77120,COULOMMIERS,77,Maison,88,4,647,2023
268300,77100,MEAUX,77,Maison,87,4,154,2023
350000,77360,VAIRES SUR MARNE,77,Maison,80,4,510,2023
350000,77360,VAIRES SUR MARNE,77,Dépendance,0,0,510,2023
180000,77400,SAINT THIBAULT DES VIGNES,77,Maison,89,5,705,2023
180000,77400,SAINT THIBAULT DES VIGNES,77,Dépendance,0,0,705,2023
345000,77700,CHESSY,77,Maison,75,2,218,2023
290000,77230,MOUSSY-LE-NEUF,77,Maison,91,6,461,2023
227000,77970,PECY,77,Maison,153,8,339,2023
392420,77500,CHELLES,77,Maison,105,4,627,2023
190000,77171,SOURDUN,77,Maison,91,4,689,2023
583000,77410,CLAYE-SOUILLY,77,Maison,151,7,500,2023
583000,77410,CLAYE-SOUILLY,77,Maison,151,7,563,2023
300000,77270,VILLEPARISIS,77,Dépendance,0,0,460,2023
300000,77270,VILLEPARISIS,77,Maison,88,4,460,2023
955000,77600,GUERMANTES,77,Dépendance,0,0,676,2023
955000,77600,GUERMANTES,77,Maison,240,5,676,2023
196000,77650,CHALMAISON,77,Maison,150,7,750,2023
196000,77650,CHALMAISON,77,Dépendance,0,0,750,2023
85000,77650,SAINTE-COLOMBE,77,Maison,104,6,1036,2023
85000,77650,SAINTE-COLOMBE,77,Dépendance,0,0,1036,2023
85000,77650,SAINTE-COLOMBE,77,Maison,104,6,544,2023
85000,77650,SAINTE-COLOMBE,77,Dépendance,0,0,544,2023
562600,77360,VAIRES SUR MARNE,77,Maison,95,5,463,2023
87500,77650,SAINTE-COLOMBE,77,Maison,84,5,516,2023
87500,77650,SAINTE-COLOMBE,77,Maison,84,5,2313,2023
243500,77160,SAINT-BRICE,77,Maison,105,5,596,2023
540000,77360,VAIRES SUR MARNE,77,Maison,151,5,432,2023
250000,77120,MOUROUX,77,Maison,86,5,573,2023
109000,77510,TRETOIRE (LA),77,Dépendance,0,0,447,2023
109000,77510,TRETOIRE (LA),77,Maison,76,2,59,2023
400000,77500,CHELLES,77,Maison,83,4,435,2023
279000,77540,ROZAY-EN-BRIE,77,Maison,88,4,179,2023
772740,77174,VILLENEUVE-SAINT-DENIS,77,Maison,183,5,500,2023
772740,77174,VILLENEUVE-SAINT-DENIS,77,Maison,183,5,1089,2023
210000,77370,SAINT-JUST-EN-BRIE,77,Maison,124,6,500,2023
210000,77370,SAINT-JUST-EN-BRIE,77,Maison,124,6,987,2023
320000,77100,MEAUX,77,Maison,93,5,476,2023
530000,77440,LIZY-SUR-OURCQ,77,Local industriel. commercial ou assimilé,651,0,1350,2023
111000,77840,CROUY-SUR-OURCQ,77,Dépendance,0,0,17,2023
329800,77230,DAMMARTIN-EN-GOELE,77,Maison,90,4,404,2023
208000,77700,COUPVRAY,77,Maison,88,4,88,2023
317000,77280,OTHIS,77,Maison,104,6,545,2023
317000,77280,OTHIS,77,Maison,84,2,545,2023
179167,77440,LIZY-SUR-OURCQ,77,Maison,72,4,325,2023
100000,77118,BAZOCHES LES BRAY,77,Maison,89,3,404,2023
100000,77118,BAZOCHES LES BRAY,77,Dépendance,0,0,404,2023
407000,77500,CHELLES,77,Maison,124,6,456,2023
407000,77500,CHELLES,77,Dépendance,0,0,456,2023
150000,77480,BRAY-SUR-SEINE,77,Maison,108,5,525,2023
290000,77600,BUSSY-SAINT-MARTIN,77,Maison,82,4,60,2023
140000,77100,MEAUX,77,Dépendance,0,0,177,2023
140000,77100,MEAUX,77,Maison,93,5,177,2023
192000,77120,MOUROUX,77,Maison,85,3,85,2023
165000,77230,MARCHEMORET,77,Maison,80,2,16,2023
340000,77230,DAMMARTIN-EN-GOELE,77,Maison,92,4,712,2023
340000,77230,DAMMARTIN-EN-GOELE,77,Maison,92,4,500,2023
340000,77230,DAMMARTIN-EN-GOELE,77,Dépendance,0,0,712,2023
340000,77230,DAMMARTIN-EN-GOELE,77,Dépendance,0,0,500,2023
200000,77138,LUZANCY,77,Maison,95,4,579,2023
200000,77138,LUZANCY,77,Maison,95,4,800,2023
37500,77440,CONGIS-SUR-THEROUANNE,77,Dépendance,0,0,248,2023
37500,77440,CONGIS-SUR-THEROUANNE,77,Maison,109,6,248,2023
420000,77860,QUINCY-VOISINS,77,Maison,104,5,602,2023
420000,77860,QUINCY-VOISINS,77,Dépendance,0,0,602,2023
420000,77860,QUINCY-VOISINS,77,Dépendance,0,0,500,2023
420000,77860,QUINCY-VOISINS,77,Maison,104,5,500,2023
130000,77139,VINCY-MANOEUVRE,77,Dépendance,0,0,500,2023
130000,77139,VINCY-MANOEUVRE,77,Dépendance,0,0,168,2023
130000,77139,VINCY-MANOEUVRE,77,Maison,88,3,500,2023
130000,77139,VINCY-MANOEUVRE,77,Maison,88,3,168,2023
200000,77650,SAINTE-COLOMBE,77,Maison,81,4,500,2023
200000,77650,SAINTE-COLOMBE,77,Maison,81,4,614,2023
300000,77580,GUERARD,77,Maison,91,3,2726,2023
300000,77580,GUERARD,77,Maison,91,3,116,2023
230000,77410,CHARMENTRAY,77,Dépendance,0,0,56,2023
230000,77410,CHARMENTRAY,77,Maison,77,3,56,2023
166300,77510,REBAIS,77,Dépendance,0,0,681,2023
166300,77510,REBAIS,77,Maison,93,3,681,2023
260000,77163,DAMMARTIN-SUR-TIGEAUX,77,Maison,87,4,1670,2023
260000,77163,DAMMARTIN-SUR-TIGEAUX,77,Dépendance,0,0,1670,2023
260000,77163,DAMMARTIN-SUR-TIGEAUX,77,Maison,87,4,106,2023
260000,77163,DAMMARTIN-SUR-TIGEAUX,77,Dépendance,0,0,106,2023
560000,77580,BOULEURS,77,Maison,159,4,500,2023
560000,77580,BOULEURS,77,Dépendance,0,0,300,2023
560000,77580,BOULEURS,77,Maison,159,4,300,2023
560000,77580,BOULEURS,77,Dépendance,0,0,500,2023
172000,77520,VIMPELLES,77,Maison,63,3,448,2023
172000,77520,VIMPELLES,77,Dépendance,0,0,448,2023
582000,77410,VILLEVAUDE,77,Maison,210,5,500,2023
582000,77410,VILLEVAUDE,77,Maison,210,5,389,2023
582000,77410,VILLEVAUDE,77,Dépendance,0,0,389,2023
582000,77410,VILLEVAUDE,77,Dépendance,0,0,500,2023
460000,77410,CLAYE-SOUILLY,77,Maison,144,6,6667,2023
460000,77410,CLAYE-SOUILLY,77,Dépendance,0,0,6667,2023
460000,77410,CLAYE-SOUILLY,77,Maison,144,6,500,2023
460000,77410,CLAYE-SOUILLY,77,Dépendance,0,0,500,2023
225000,77320,BETON-BAZOCHES,77,Maison,82,5,198,2023
225000,77320,BETON-BAZOCHES,77,Maison,82,5,500,2023
800000,77230,DAMMARTIN-EN-GOELE,77,Maison,200,6,500,2023
800000,77230,DAMMARTIN-EN-GOELE,77,Maison,200,6,703,2023
800000,77230,DAMMARTIN-EN-GOELE,77,Dépendance,0,0,703,2023
800000,77230,DAMMARTIN-EN-GOELE,77,Dépendance,0,0,500,2023
508500,77450,ESBLY,77,Dépendance,0,0,508,2023
508500,77450,ESBLY,77,Maison,93,6,508,2023
450000,77230,DAMMARTIN-EN-GOELE,77,Maison,118,6,162,2023
450000,77230,DAMMARTIN-EN-GOELE,77,Maison,118,6,500,2023
379000,77500,CHELLES,77,Maison,104,3,379,2023
100000,77120,MOUROUX,77,Dépendance,0,0,18,2023
355000,77910,CHAMBRY,77,Dépendance,0,0,2000,2023
355000,77910,CHAMBRY,77,Maison,127,5,2000,2023
600000,77400,THORIGNY SUR MARNE,77,Maison,128,6,649,2023
600000,77400,THORIGNY SUR MARNE,77,Dépendance,0,0,649,2023
362290,77400,POMPONNE,77,Maison,82,4,470,2023
242000,77440,ARMENTIERES-EN-BRIE,77,Dépendance,0,0,379,2023
242000,77440,ARMENTIERES-EN-BRIE,77,Maison,102,5,379,2023
162000,77520,DONNEMARIE-DONTILLY,77,Maison,77,2,2225,2023
162000,77520,DONNEMARIE-DONTILLY,77,Maison,77,2,600,2023
317000,77181,COURTRY,77,Maison,95,4,161,2023
229000,77169,BOISSY-LE-CHATEL,77,Maison,100,4,196,2023
186900,77450,CONDE-SAINTE-LIBIAIRE,77,Maison,65,3,34,2023
354000,77120,CHAILLY-EN-BRIE,77,Dépendance,0,0,1261,2023
354000,77120,CHAILLY-EN-BRIE,77,Dépendance,0,0,500,2023
354000,77120,CHAILLY-EN-BRIE,77,Maison,290,10,500,2023
354000,77120,CHAILLY-EN-BRIE,77,Maison,290,10,1261,2023
663799,77400,LAGNY-SUR-MARNE,77,Dépendance,0,0,152,2023
663799,77400,LAGNY-SUR-MARNE,77,Maison,134,7,152,2023
663799,77400,LAGNY-SUR-MARNE,77,Dépendance,0,0,500,2023
663799,77400,LAGNY-SUR-MARNE,77,Maison,134,7,500,2023
112000,77320,SAINT-MARTIN-DES-CHAMPS,77,Dépendance,0,0,615,2023
112000,77320,SAINT-MARTIN-DES-CHAMPS,77,Dépendance,0,0,250,2023
112000,77320,SAINT-MARTIN-DES-CHAMPS,77,Maison,75,4,250,2023
112000,77320,SAINT-MARTIN-DES-CHAMPS,77,Maison,75,4,615,2023
200000,77580,VOULANGIS,77,Dépendance,0,0,892,2023
200000,77580,VOULANGIS,77,Maison,64,3,500,2023
200000,77580,VOULANGIS,77,Maison,64,3,892,2023
200000,77580,VOULANGIS,77,Dépendance,0,0,500,2023
367750,77320,ST REMY DE LA VANNE,77,Dépendance,0,0,495,2023
367750,77320,ST REMY DE LA VANNE,77,Maison,110,3,495,2023
312500,77186,NOISIEL,77,Maison,101,5,228,2023
600000,77700,SERRIS,77,Maison,114,6,500,2023
600000,77700,SERRIS,77,Dépendance,0,0,500,2023
600000,77700,SERRIS,77,Maison,114,6,210,2023
600000,77700,SERRIS,77,Dépendance,0,0,210,2023
225000,77120,AMILLIS,77,Maison,74,4,1900,2023
292000,77280,OTHIS,77,Maison,85,4,315,2023
325000,77178,SAINT-PATHUS,77,Maison,60,3,500,2023
325000,77178,SAINT-PATHUS,77,Dépendance,0,0,500,2023
325000,77178,SAINT-PATHUS,77,Maison,60,3,111,2023
325000,77178,SAINT-PATHUS,77,Dépendance,0,0,111,2023
192000,77370,RAMPILLON,77,Maison,130,4,442,2023
192000,77370,RAMPILLON,77,Maison,130,4,507,2023
262000,77260,SAMMERON,77,Maison,88,4,214,2023
300000,77610,HOUSSAYE-EN-BRIE (LA),77,Maison,89,4,788,2023
300000,77610,HOUSSAYE-EN-BRIE (LA),77,Maison,89,4,250,2023
566950,77400,LAGNY-SUR-MARNE,77,Dépendance,0,0,430,2023
566950,77400,LAGNY-SUR-MARNE,77,Maison,110,4,430,2023
440000,77500,CHELLES,77,Maison,140,5,480,2023
117000,77400,DAMPMART,77,Appartement,21,1,367,2023
117000,77400,DAMPMART,77,Dépendance,0,0,367,2023
117000,77400,DAMPMART,77,Appartement,27,2,367,2023
160000,77163,DAMMARTIN-SUR-TIGEAUX,77,Dépendance,0,0,55,2023
160000,77163,DAMMARTIN-SUR-TIGEAUX,77,Maison,70,3,55,2023
360000,77144,MONTEVRAIN,77,Dépendance,0,0,291,2023
360000,77144,MONTEVRAIN,77,Maison,82,4,291,2023
261000,77515,CELLE-SUR-MORIN (LA),77,Maison,132,5,127,2023
345000,77270,VILLEPARISIS,77,Dépendance,0,0,652,2023
345000,77270,VILLEPARISIS,77,Maison,107,4,652,2023
100000,77114,GOUAIX,77,Maison,115,4,869,2023
100000,77114,GOUAIX,77,Dépendance,0,0,869,2023
214000,77600,JOSSIGNY,77,Maison,48,3,33,2023
214000,77600,JOSSIGNY,77,Dépendance,0,0,27,2023
410000,77440,LIZY-SUR-OURCQ,77,Appartement,28,2,278,2023
410000,77440,LIZY-SUR-OURCQ,77,Local industriel. commercial ou assimilé,180,0,278,2023
410000,77440,LIZY-SUR-OURCQ,77,Appartement,54,3,278,2023
410000,77440,LIZY-SUR-OURCQ,77,Appartement,31,2,278,2023
410000,77440,LIZY-SUR-OURCQ,77,Appartement,27,1,278,2023
190000,77174,VILLENEUVE-LE-COMTE,77,Maison,100,4,32,2023
185000,77580,GUERARD,77,Maison,25,2,526,2023
373700,77360,VAIRES SUR MARNE,77,Maison,120,6,247,2023
160000,77120,MOUROUX,77,Maison,90,4,108,2023
326000,77174,VILLENEUVE-LE-COMTE,77,Maison,80,3,102,2023
326000,77174,VILLENEUVE-LE-COMTE,77,Dépendance,0,0,102,2023
3720000,77230,MOUSSY-LE-VIEUX,77,Local industriel. commercial ou assimilé,2517,0,1836,2023
200000,77515,POMMEUSE,77,Dépendance,0,0,205,2023
200000,77515,POMMEUSE,77,Maison,85,4,205,2023
204000,77320,FERTE-GAUCHER (LA),77,Maison,92,5,382,2023
520000,77174,VILLENEUVE-LE-COMTE,77,Dépendance,0,0,250,2023
520000,77174,VILLENEUVE-LE-COMTE,77,Maison,157,7,250,2023
520000,77174,VILLENEUVE-LE-COMTE,77,Maison,157,7,555,2023
520000,77174,VILLENEUVE-LE-COMTE,77,Dépendance,0,0,555,2023
230000,77650,SAVINS,77,Maison,148,4,625,2023
188400,77730,SAACY-SUR-MARNE,77,Maison,80,4,464,2023
188400,77730,SAACY-SUR-MARNE,77,Local industriel. commercial ou assimilé,485,0,464,2023
385000,77700,COUPVRAY,77,Maison,74,4,468,2023
203000,77230,DAMMARTIN-EN-GOELE,77,Dépendance,0,0,38,2023
203000,77230,DAMMARTIN-EN-GOELE,77,Dépendance,0,0,39,2023
203000,77230,DAMMARTIN-EN-GOELE,77,Maison,54,2,39,2023
70000,77320,DAGNY,77,Maison,77,4,250,2023
70000,77320,DAGNY,77,Maison,77,4,750,2023
465000,77600,BUSSY-SAINT-GEORGES,77,Maison,75,4,183,2023
542450,77700,COUPVRAY,77,Dépendance,0,0,255,2023
542450,77700,COUPVRAY,77,Maison,183,8,255,2023
542450,77700,COUPVRAY,77,Dépendance,0,0,500,2023
542450,77700,COUPVRAY,77,Maison,183,8,500,2023
550000,77400,SAINT THIBAULT DES VIGNES,77,Maison,112,5,347,2023
75000,77750,SAINT-CYR-SUR-MORIN,77,Dépendance,0,0,393,2023
284200,77540,ROZAY-EN-BRIE,77,Maison,101,5,542,2023
395000,77230,LONGPERRIER,77,Dépendance,0,0,522,2023
395000,77230,LONGPERRIER,77,Maison,128,6,522,2023
195000,77230,MOUSSY-LE-VIEUX,77,Appartement,65,3,319,2023
305000,77178,OISSERY,77,Maison,88,6,326,2023
305000,77178,OISSERY,77,Maison,88,6,500,2023
347000,77230,MOUSSY-LE-NEUF,77,Maison,123,6,530,2023
110000,77144,CHALIFERT,77,Maison,112,1,89,2023
245000,77118,BALLOY,77,Dépendance,0,0,500,2023
245000,77118,BALLOY,77,Maison,98,4,590,2023
245000,77118,BALLOY,77,Dépendance,0,0,590,2023
245000,77118,BALLOY,77,Maison,98,4,500,2023
289000,77178,SAINT-PATHUS,77,Maison,82,5,319,2023
263000,77515,FAREMOUTIERS,77,Maison,79,4,301,2023
190000,77360,VAIRES SUR MARNE,77,Maison,65,3,211,2023
299000,77131,TOUQUIN,77,Dépendance,0,0,613,2023
299000,77131,TOUQUIN,77,Maison,88,4,613,2023
420000,77186,NOISIEL,77,Maison,103,5,411,2023
249900,77450,MONTRY,77,Maison,64,3,300,2023
108000,77260,CHAMIGNY,77,Maison,116,4,77,2023
49500,77540,COURPALAY,77,Dépendance,0,0,118,2023
49500,77540,COURPALAY,77,Maison,81,3,118,2023
353000,77320,BETON-BAZOCHES,77,Maison,120,6,280,2023
300000,77400,SAINT THIBAULT DES VIGNES,77,Maison,82,5,583,2023
274000,77600,CHANTELOUP EN BRIE,77,Dépendance,0,0,89,2023
274000,77600,CHANTELOUP EN BRIE,77,Maison,51,3,89,2023
274000,77600,CHANTELOUP EN BRIE,77,Dépendance,0,0,514,2023
274000,77600,CHANTELOUP EN BRIE,77,Maison,51,3,514,2023
485000,77360,VAIRES SUR MARNE,77,Maison,129,5,414,2023
250000,77270,VILLEPARISIS,77,Maison,94,4,365,2023
250000,77270,VILLEPARISIS,77,Dépendance,0,0,365,2023
299000,77124,CREGY-LES-MEAUX,77,Maison,120,5,208,2023
299000,77124,CREGY-LES-MEAUX,77,Dépendance,0,0,208,2023
405000,77700,BAILLY-ROMAINVILLIERS,77,Maison,85,5,208,2023
207000,77470,SAINT-FIACRE,77,Maison,88,4,79,2023
207000,77470,SAINT-FIACRE,77,Dépendance,0,0,43,2023
150000,77840,CROUY-SUR-OURCQ,77,Dépendance,0,0,12,2023
150000,77840,CROUY-SUR-OURCQ,77,Dépendance,0,0,60,2023
150000,77840,CROUY-SUR-OURCQ,77,Appartement,45,2,60,2023
279100,77470,TRILPORT,77,Maison,73,4,476,2023
279100,77470,TRILPORT,77,Dépendance,0,0,476,2023
258000,77370,NANGIS,77,Maison,120,5,211,2023
380660,77410,CLAYE-SOUILLY,77,Dépendance,0,0,125,2023
380660,77410,CLAYE-SOUILLY,77,Maison,98,4,183,2023
14000,77440,JAIGNES,77,Maison,19,1,201,2023
392300,77410,CLAYE-SOUILLY,77,Maison,128,5,269,2023
392300,77410,CLAYE-SOUILLY,77,Dépendance,0,0,269,2023
360000,77500,CHELLES,77,Maison,67,4,186,2023
310000,77280,OTHIS,77,Maison,88,4,232,2023
189000,77114,GOUAIX,77,Maison,129,5,550,2023
180000,77450,ESBLY,77,Maison,47,3,71,2023
180000,77450,ESBLY,77,Dépendance,0,0,71,2023
200000,77171,CHALAUTRE-LA-GRANDE,77,Maison,131,5,328,2023
180900,77230,MONTGE-EN-GOELE,77,Appartement,35,2,170,2023
180900,77230,MONTGE-EN-GOELE,77,Dépendance,0,0,170,2023
632330,77500,CHELLES,77,Maison,138,5,70,2023
632330,77500,CHELLES,77,Dépendance,0,0,70,2023
632330,77500,CHELLES,77,Dépendance,0,0,345,2023
632330,77500,CHELLES,77,Maison,138,5,345,2023
290000,77100,NANTEUIL-LES-MEAUX,77,Maison,81,5,163,2023
338000,77100,MEAUX,77,Maison,108,4,101,2023
338000,77100,MEAUX,77,Maison,108,4,500,2023
150000,77181,LE PIN,77,Dépendance,0,0,22,2023
150000,77181,LE PIN,77,Maison,35,2,22,2023
250000,77410,MESSY,77,Maison,110,5,307,2023
250000,77410,MESSY,77,Dépendance,0,0,307,2023
259000,77260,SAINTE-AULDE,77,Maison,99,4,500,2023
259000,77260,SAINTE-AULDE,77,Maison,99,4,1572,2023
205000,77580,GUERARD,77,Dépendance,0,0,601,2023
205000,77580,GUERARD,77,Maison,80,3,601,2023
255000,77580,CRECY LA CHAPELLE,77,Maison,100,3,140,2023
255000,77580,CRECY LA CHAPELLE,77,Dépendance,0,0,140,2023
108620,77480,SAINT-SAUVEUR-LES-BRAY,77,Maison,24,2,336,2023
275000,77260,SAINTE-AULDE,77,Maison,88,4,500,2023
275000,77260,SAINTE-AULDE,77,Maison,88,4,775,2023
802300,77700,MAGNY-LE-HONGRE,77,Maison,179,5,214,2023
802300,77700,MAGNY-LE-HONGRE,77,Maison,179,5,500,2023
85000,77515,POMMEUSE,77,Maison,40,2,226,2023
95000,77320,BETON-BAZOCHES,77,Local industriel. commercial ou assimilé,114,0,55,2023
300000,77181,COURTRY,77,Maison,84,4,112,2023
300000,77181,COURTRY,77,Dépendance,0,0,112,2023
165000,77260,USSY-SUR-MARNE,77,Dépendance,0,0,314,2023
165000,77260,USSY-SUR-MARNE,77,Maison,74,4,314,2023
301400,77860,SAINT-GERMAIN-SUR-MORIN,77,Maison,83,5,293,2023
423000,77580,CRECY LA CHAPELLE,77,Maison,149,5,1042,2023
423000,77580,CRECY LA CHAPELLE,77,Maison,149,5,500,2023
441750,77270,VILLEPARISIS,77,Maison,131,5,594,2023
562000,77700,CHESSY,77,Maison,112,5,380,2023
562000,77700,CHESSY,77,Dépendance,0,0,380,2023
172500,77730,CITRY,77,Dépendance,0,0,304,2023
172500,77730,CITRY,77,Maison,106,4,304,2023
226300,77540,BERNAY VILBERT,77,Maison,85,4,124,2023
110000,77370,NANGIS,77,Local industriel. commercial ou assimilé,20,0,128,2023
110000,77370,NANGIS,77,Appartement,50,3,128,2023
390539,77290,MITRY MORY,77,Dépendance,0,0,505,2023
390539,77290,MITRY MORY,77,Maison,100,3,505,2023
430000,77420,CHAMPS-SUR-MARNE,77,Maison,82,4,571,2023
430000,77420,CHAMPS-SUR-MARNE,77,Dépendance,0,0,571,2023
925000,77700,MAGNY-LE-HONGRE,77,Maison,233,8,500,2023
925000,77700,MAGNY-LE-HONGRE,77,Maison,233,8,413,2023
540000,77600,BUSSY-SAINT-GEORGES,77,Maison,142,6,168,2023
279800,77120,BEAUTHEIL-SAINTS,77,Maison,96,6,635,2023
279800,77120,BEAUTHEIL-SAINTS,77,Dépendance,0,0,635,2023
272000,77181,COURTRY,77,Dépendance,0,0,539,2023
272000,77181,COURTRY,77,Maison,42,3,539,2023
680000,77600,BUSSY-SAINT-GEORGES,77,Maison,150,6,500,2023
680000,77600,BUSSY-SAINT-GEORGES,77,Maison,150,6,70,2023
228572,77120,COULOMMIERS,77,Maison,99,3,95,2023
228572,77120,COULOMMIERS,77,Maison,99,3,1787,2023
285080,77400,THORIGNY SUR MARNE,77,Maison,71,4,347,2023
285080,77400,THORIGNY SUR MARNE,77,Dépendance,0,0,347,2023
300000,77470,VILLEMAREUIL,77,Maison,83,5,549,2023
121000,77515,POMMEUSE,77,Maison,47,2,440,2023
229000,77120,MOUROUX,77,Maison,108,4,297,2023
146000,77320,FERTE-GAUCHER (LA),77,Dépendance,0,0,898,2023
146000,77320,FERTE-GAUCHER (LA),77,Maison,48,3,316,2023
146000,77320,FERTE-GAUCHER (LA),77,Dépendance,0,0,316,2023
146000,77320,FERTE-GAUCHER (LA),77,Maison,48,3,898,2023
276000,77186,NOISIEL,77,Maison,60,3,290,2023
155000,77510,REBAIS,77,Maison,63,3,841,2023
355000,77186,NOISIEL,77,Maison,109,5,226,2023
200000,77118,BALLOY,77,Maison,93,5,509,2023
200000,77118,BALLOY,77,Maison,93,5,500,2023
165500,77440,DHUISY,77,Dépendance,0,0,78,2023
165500,77440,DHUISY,77,Maison,95,5,78,2023
368000,77270,VILLEPARISIS,77,Maison,64,4,415,2023
368000,77270,VILLEPARISIS,77,Dépendance,0,0,415,2023
225000,77470,FUBLAINES,77,Maison,128,4,610,2023
140000,77540,BERNAY VILBERT,77,Dépendance,0,0,617,2023
140000,77540,BERNAY VILBERT,77,Maison,78,5,617,2023
250000,77165,SAINT-SOUPPLETS,77,Dépendance,0,0,88,2023
250000,77165,SAINT-SOUPPLETS,77,Maison,92,4,88,2023
367000,77230,DAMMARTIN-EN-GOELE,77,Maison,128,5,30,2023
367000,77230,DAMMARTIN-EN-GOELE,77,Maison,128,5,500,2023
434000,77400,LAGNY-SUR-MARNE,77,Maison,82,4,283,2023
155000,77450,TRILBARDOU,77,Maison,48,2,44,2023
155000,77450,TRILBARDOU,77,Dépendance,0,0,695,2023
155000,77450,TRILBARDOU,77,Maison,48,2,695,2023
155000,77450,TRILBARDOU,77,Dépendance,0,0,44,2023
319900,77280,OTHIS,77,Maison,125,6,296,2023
319900,77280,OTHIS,77,Dépendance,0,0,296,2023
362000,77560,VOULTON,77,Maison,150,5,1112,2023
362000,77560,VOULTON,77,Dépendance,0,0,541,2023
362000,77560,VOULTON,77,Maison,150,5,541,2023
362000,77560,VOULTON,77,Dépendance,0,0,1112,2023
400000,77500,CHELLES,77,Maison,83,3,186,2023
400000,77500,CHELLES,77,Maison,83,3,500,2023
100000,77120,AMILLIS,77,Local industriel. commercial ou assimilé,47,0,235,2023
100000,77120,AMILLIS,77,Maison,187,6,235,2023
900000,77500,CHELLES,77,Maison,34,3,288,2023
900000,77500,CHELLES,77,Dépendance,0,0,288,2023
900000,77500,CHELLES,77,Maison,186,8,178,2023
660000,77600,BUSSY-SAINT-GEORGES,77,Maison,161,7,470,2023
267000,77450,ISLES-LES-VILLENOY,77,Maison,60,4,595,2023
267000,77450,ISLES-LES-VILLENOY,77,Dépendance,0,0,595,2023
351900,77510,SAINT-DENIS-LES-REBAIS,77,Maison,86,4,549,2023
351900,77510,SAINT-DENIS-LES-REBAIS,77,Maison,86,4,500,2023
390000,77181,LE PIN,77,Maison,99,4,500,2023
390000,77181,LE PIN,77,Maison,99,4,94,2023
110000,77120,BEAUTHEIL-SAINTS,77,Maison,90,3,82,2023
307000,77114,NOYEN-SUR-SEINE,77,Dépendance,0,0,451,2023
307000,77114,NOYEN-SUR-SEINE,77,Maison,144,4,451,2023
110000,77650,LONGUEVILLE,77,Dépendance,0,0,362,2023
110000,77650,LONGUEVILLE,77,Maison,64,3,362,2023
156000,77171,CHALAUTRE-LA-GRANDE,77,Maison,114,4,381,2023
173000,77370,RAMPILLON,77,Maison,80,5,342,2023
250000,77270,VILLEPARISIS,77,Maison,88,4,460,2023
8000,77730,CITRY,77,Maison,62,2,29,2023
8000,77730,CITRY,77,Maison,62,2,1400,2023
113000,77100,NANTEUIL-LES-MEAUX,77,Maison,37,2,22,2023
165000,77260,LA FERTE SOUS JOUARRE,77,Maison,60,3,155,2023
150000,77560,AUGERS-EN-BRIE,77,Maison,77,4,534,2023
150000,77560,AUGERS-EN-BRIE,77,Maison,77,4,500,2023
260000,77171,SOURDUN,77,Maison,134,6,262,2023
260000,77171,SOURDUN,77,Maison,134,6,605,2023
420000,77580,BOULEURS,77,Maison,127,5,722,2023
35000,77560,BEAUCHERY-SAINT-MARTIN,77,Maison,54,2,404,2023
35000,77560,BEAUCHERY-SAINT-MARTIN,77,Dépendance,0,0,404,2023
307500,77160,PROVINS,77,Maison,91,5,621,2023
190000,77160,PROVINS,77,Maison,166,6,500,2023
190000,77160,PROVINS,77,Dépendance,0,0,775,2023
190000,77160,PROVINS,77,Maison,166,6,775,2023
190000,77160,PROVINS,77,Dépendance,0,0,500,2023
225000,77120,AMILLIS,77,Maison,90,3,124,2023
310000,77540,LUMIGNY NESLES ORMEAUX,77,Maison,114,5,96,2023
275000,77860,QUINCY-VOISINS,77,Maison,75,4,241,2023
275000,77860,QUINCY-VOISINS,77,Dépendance,0,0,241,2023
293000,77500,CHELLES,77,Dépendance,0,0,345,2023
293000,77500,CHELLES,77,Maison,95,4,345,2023
345000,77270,VILLEPARISIS,77,Dépendance,0,0,395,2023
345000,77270,VILLEPARISIS,77,Maison,104,5,395,2023
424950,77410,CLAYE-SOUILLY,77,Maison,97,5,781,2023
366000,77410,FRESNES-SUR-MARNE,77,Maison,80,5,500,2023
366000,77410,FRESNES-SUR-MARNE,77,Maison,80,5,345,2023
366000,77410,FRESNES-SUR-MARNE,77,Dépendance,0,0,345,2023
366000,77410,FRESNES-SUR-MARNE,77,Dépendance,0,0,500,2023
670340,77410,ANNET-SUR-MARNE,77,Dépendance,0,0,469,2023
670340,77410,ANNET-SUR-MARNE,77,Maison,152,6,469,2023
670340,77410,ANNET-SUR-MARNE,77,Dépendance,0,0,500,2023
670340,77410,ANNET-SUR-MARNE,77,Maison,152,6,500,2023
250000,77450,CONDE-SAINTE-LIBIAIRE,77,Maison,73,4,516,2023
87275,77650,CHALMAISON,77,Maison,99,5,500,2023
87275,77650,CHALMAISON,77,Maison,99,5,1021,2023
435100,77700,MAGNY-LE-HONGRE,77,Maison,180,5,1087,2023
406000,77370,RAMPILLON,77,Maison,234,6,533,2023
131250,77134,ORMES-SUR-VOULZIE (LES),77,Maison,273,7,1105,2023
131250,77134,ORMES-SUR-VOULZIE (LES),77,Dépendance,0,0,1105,2023
131250,77134,ORMES-SUR-VOULZIE (LES),77,Local industriel. commercial ou assimilé,36,0,35,2023
269000,77270,VILLEPARISIS,77,Maison,67,3,497,2023
125000,77600,CONCHES SUR GONDOIRE,77,Maison,23,1,218,2023
110000,77160,PROVINS,77,Maison,62,4,541,2023
578500,77600,BUSSY-SAINT-GEORGES,77,Maison,130,5,315,2023
138000,77144,CHALIFERT,77,Maison,33,3,38,2023
570000,77100,NANTEUIL-LES-MEAUX,77,Maison,140,6,779,2023
570000,77100,NANTEUIL-LES-MEAUX,77,Dépendance,0,0,779,2023
570000,77100,NANTEUIL-LES-MEAUX,77,Dépendance,0,0,500,2023
570000,77100,NANTEUIL-LES-MEAUX,77,Maison,140,6,500,2023
235000,77230,MOUSSY-LE-VIEUX,77,Appartement,99,4,82,2023
235000,77230,MOUSSY-LE-VIEUX,77,Dépendance,0,0,43,2023
347500,77230,LONGPERRIER,77,Maison,127,6,454,2023
273000,77500,CHELLES,77,Dépendance,0,0,513,2023
273000,77500,CHELLES,77,Maison,48,3,513,2023
203000,77660,SAINT JEAN LES DEUX JUMEAUX,77,Maison,68,4,31,2023
475000,77100,MAREUIL-LES-MEAUX,77,Dépendance,0,0,278,2023
475000,77100,MAREUIL-LES-MEAUX,77,Dépendance,0,0,500,2023
475000,77100,MAREUIL-LES-MEAUX,77,Maison,120,6,500,2023
475000,77100,MAREUIL-LES-MEAUX,77,Maison,120,6,278,2023
395000,77270,VILLEPARISIS,77,Maison,108,5,442,2023
467000,77400,SAINT THIBAULT DES VIGNES,77,Maison,102,5,406,2023
347000,77410,CHARNY,77,Maison,84,4,365,2023
580000,77200,TORCY,77,Maison,150,6,539,2023
580000,77200,TORCY,77,Maison,150,6,500,2023
261000,77230,MOUSSY-LE-VIEUX,77,Maison,84,5,400,2023
261000,77230,MOUSSY-LE-VIEUX,77,Dépendance,0,0,400,2023
315000,77290,MITRY MORY,77,Dépendance,0,0,331,2023
315000,77290,MITRY MORY,77,Maison,100,5,331,2023
240000,77141,VAUDOY-EN-BRIE,77,Dépendance,0,0,827,2023
240000,77141,VAUDOY-EN-BRIE,77,Dépendance,0,0,495,2023
240000,77141,VAUDOY-EN-BRIE,77,Maison,92,3,827,2023
240000,77141,VAUDOY-EN-BRIE,77,Maison,92,3,495,2023
465150,77230,MOUSSY-LE-NEUF,77,Maison,141,5,500,2023
465150,77230,MOUSSY-LE-NEUF,77,Maison,141,5,365,2023
398000,77230,VINANTES,77,Maison,151,5,500,2023
398000,77230,VINANTES,77,Maison,151,5,1323,2023
66000,77520,DONNEMARIE-DONTILLY,77,Local industriel. commercial ou assimilé,63,0,115,2023
181000,77163,MORTCERF,77,Dépendance,0,0,468,2023
181000,77163,MORTCERF,77,Maison,40,2,468,2023
180000,77580,VILLIERS-SUR-MORIN,77,Dépendance,0,0,69,2023
180000,77580,VILLIERS-SUR-MORIN,77,Maison,110,4,69,2023
180920,77100,MEAUX,77,Maison,80,4,321,2023
360000,77120,BEAUTHEIL-SAINTS,77,Maison,170,6,390,2023
210000,77120,COULOMMIERS,77,Maison,139,7,660,2023
210000,77120,COULOMMIERS,77,Dépendance,0,0,660,2023
210000,77120,COULOMMIERS,77,Maison,139,7,260,2023
210000,77120,COULOMMIERS,77,Dépendance,0,0,260,2023
295000,77120,MOUROUX,77,Maison,103,5,401,2023
300,77580,GUERARD,77,Maison,47,3,137,2023
328000,77280,OTHIS,77,Maison,92,4,253,2023
245000,77230,DAMMARTIN-EN-GOELE,77,Dépendance,0,0,271,2023
245000,77230,DAMMARTIN-EN-GOELE,77,Maison,82,5,271,2023
315000,77230,THIEUX,77,Maison,96,4,372,2023
215800,77320,FERTE-GAUCHER (LA),77,Appartement,51,3,166,2023
215800,77320,FERTE-GAUCHER (LA),77,Appartement,44,2,166,2023
215800,77320,FERTE-GAUCHER (LA),77,Appartement,41,2,166,2023
215800,77320,FERTE-GAUCHER (LA),77,Appartement,33,2,166,2023
215800,77320,FERTE-GAUCHER (LA),77,Appartement,59,3,166,2023
215800,77320,FERTE-GAUCHER (LA),77,Dépendance,0,0,166,2023
44000,77100,MEAUX,77,Dépendance,0,0,28,2023
33000,77520,LUISETAINES,77,Dépendance,0,0,368,2023
259000,77370,RAMPILLON,77,Maison,133,6,553,2023
259000,77370,RAMPILLON,77,Maison,133,6,500,2023
269800,77169,BOISSY-LE-CHATEL,77,Maison,99,5,250,2023
269800,77169,BOISSY-LE-CHATEL,77,Maison,99,5,625,2023
150000,77750,SAINT-CYR-SUR-MORIN,77,Maison,79,4,79,2023
275000,77122,MONTHYON,77,Maison,82,4,692,2023
252000,77470,TRILPORT,77,Maison,92,5,470,2023
252000,77470,TRILPORT,77,Dépendance,0,0,470,2023
55000,77169,SAINT-SIMEON,77,Dépendance,0,0,159,2023
520000,77420,CHAMPS-SUR-MARNE,77,Maison,115,6,500,2023
520000,77420,CHAMPS-SUR-MARNE,77,Maison,115,6,308,2023
210000,77100,MEAUX,77,Dépendance,0,0,71,2023
210000,77100,MEAUX,77,Maison,68,4,71,2023
180000,77480,BRAY-SUR-SEINE,77,Local industriel. commercial ou assimilé,160,0,870,2023
180000,77480,BRAY-SUR-SEINE,77,Local industriel. commercial ou assimilé,160,0,1602,2023
321689,77910,GERMIGNY-L EVEQUE,77,Maison,160,7,122,2023
321689,77910,GERMIGNY-L EVEQUE,77,Dépendance,0,0,22,2023
145000,77200,TORCY,77,Maison,47,2,50,2023
145000,77200,TORCY,77,Dépendance,0,0,50,2023
239000,77400,SAINT THIBAULT DES VIGNES,77,Maison,47,2,178,2023
350000,77178,SAINT-PATHUS,77,Maison,117,5,658,2023
16000,77160,PROVINS,77,Local industriel. commercial ou assimilé,59,0,115,2023
224000,77320,FERTE-GAUCHER (LA),77,Dépendance,0,0,477,2023
224000,77320,FERTE-GAUCHER (LA),77,Maison,138,4,477,2023
352500,77580,GUERARD,77,Maison,147,6,1095,2023
352500,77580,GUERARD,77,Maison,147,6,114,2023
552000,77600,CONCHES SUR GONDOIRE,77,Maison,254,8,238,2023
552000,77600,CONCHES SUR GONDOIRE,77,Dépendance,0,0,238,2023
220000,77510,HONDEVILLIERS,77,Maison,90,5,716,2023
220000,77510,HONDEVILLIERS,77,Maison,90,5,875,2023
220000,77510,HONDEVILLIERS,77,Dépendance,0,0,875,2023
220000,77510,HONDEVILLIERS,77,Local industriel. commercial ou assimilé,80,0,716,2023
220000,77510,HONDEVILLIERS,77,Dépendance,0,0,716,2023
220000,77510,HONDEVILLIERS,77,Local industriel. commercial ou assimilé,80,0,875,2023
1800000,77185,LOGNES,77,Local industriel. commercial ou assimilé,1090,0,111,2023
1800000,77185,LOGNES,77,Local industriel. commercial ou assimilé,1090,0,500,2023
318000,77750,SAINT-CYR-SUR-MORIN,77,Maison,160,6,741,2023
318000,77750,SAINT-CYR-SUR-MORIN,77,Dépendance,0,0,741,2023
260000,77860,SAINT-GERMAIN-SUR-MORIN,77,Maison,83,5,340,2023
400000,77440,ISLES-LES-MELDEUSES,77,Dépendance,0,0,312,2023
400000,77440,ISLES-LES-MELDEUSES,77,Dépendance,0,0,500,2023
400000,77440,ISLES-LES-MELDEUSES,77,Maison,200,5,500,2023
400000,77440,ISLES-LES-MELDEUSES,77,Maison,200,5,312,2023
44000,77100,NANTEUIL-LES-MEAUX,77,Dépendance,0,0,93,2023
320000,77141,VAUDOY-EN-BRIE,77,Maison,123,6,243,2023
320000,77141,VAUDOY-EN-BRIE,77,Dépendance,0,0,103,2023
320000,77141,VAUDOY-EN-BRIE,77,Maison,64,2,103,2023
440000,77420,CHAMPS-SUR-MARNE,77,Dépendance,0,0,407,2023
440000,77420,CHAMPS-SUR-MARNE,77,Maison,156,5,407,2023
210000,77510,REBAIS,77,Maison,104,5,791,2023
210000,77510,REBAIS,77,Maison,104,5,250,2023
282000,77178,SAINT-PATHUS,77,Maison,83,5,298,2023
250000,77450,ESBLY,77,Dépendance,0,0,384,2023
250000,77450,ESBLY,77,Maison,78,4,384,2023
140000,77141,VAUDOY-EN-BRIE,77,Dépendance,0,0,103,2023
140000,77141,VAUDOY-EN-BRIE,77,Maison,64,2,103,2023
30000,77520,DONNEMARIE-DONTILLY,77,Dépendance,0,0,38,2023
225000,77520,DONNEMARIE-DONTILLY,77,Maison,136,5,173,2023
175000,77480,BRAY-SUR-SEINE,77,Maison,88,5,260,2023
331000,77230,THIEUX,77,Maison,104,5,300,2023
331000,77230,THIEUX,77,Maison,104,5,500,2023
217000,77640,JOUARRE,77,Maison,116,4,509,2023
217000,77640,JOUARRE,77,Maison,116,4,500,2023
252000,77640,SIGNY-SIGNETS,77,Maison,109,5,501,2023
252000,77640,SIGNY-SIGNETS,77,Maison,109,5,500,2023
109000,77520,DONNEMARIE-DONTILLY,77,Maison,33,3,368,2023
35000,77410,PRECY-SUR-MARNE,77,Maison,24,3,375,2023
103000,77750,SAINT-CYR-SUR-MORIN,77,Dépendance,0,0,981,2023
103000,77750,SAINT-CYR-SUR-MORIN,77,Maison,65,3,981,2023
103000,77750,SAINT-CYR-SUR-MORIN,77,Dépendance,0,0,250,2023
103000,77750,SAINT-CYR-SUR-MORIN,77,Maison,65,3,250,2023
400000,77440,VENDREST,77,Maison,214,8,571,2023
430000,77860,SAINT-GERMAIN-SUR-MORIN,77,Dépendance,0,0,500,2023
430000,77860,SAINT-GERMAIN-SUR-MORIN,77,Maison,100,5,500,2023
195000,77120,MOUROUX,77,Dépendance,0,0,94,2023
195000,77120,MOUROUX,77,Maison,75,5,94,2023
123000,77520,MONTIGNY-LENCOUP,77,Dépendance,0,0,357,2023
123000,77520,MONTIGNY-LENCOUP,77,Maison,92,5,357,2023
415000,77420,CHAMPS-SUR-MARNE,77,Maison,96,4,456,2023
458473,77230,LONGPERRIER,77,Dépendance,0,0,522,2023
458473,77230,LONGPERRIER,77,Maison,128,6,522,2023
317650,77122,MONTHYON,77,Dépendance,0,0,500,2023
317650,77122,MONTHYON,77,Maison,84,4,500,2023
317650,77122,MONTHYON,77,Maison,84,4,882,2023
317650,77122,MONTHYON,77,Dépendance,0,0,882,2023
390000,77320,ST REMY DE LA VANNE,77,Maison,96,6,500,2023
390000,77320,ST REMY DE LA VANNE,77,Dépendance,0,0,500,2023
390000,77320,ST REMY DE LA VANNE,77,Dépendance,0,0,2000,2023
390000,77320,ST REMY DE LA VANNE,77,Maison,96,6,2000,2023
390000,77320,ST REMY DE LA VANNE,77,Dépendance,0,0,25735,2023
390000,77320,ST REMY DE LA VANNE,77,Maison,96,6,25735,2023
390000,77320,ST REMY DE LA VANNE,77,Dépendance,0,0,6077,2023
390000,77320,ST REMY DE LA VANNE,77,Maison,96,6,6077,2023
226500,77169,BOISSY-LE-CHATEL,77,Dépendance,0,0,309,2023
226500,77169,BOISSY-LE-CHATEL,77,Maison,129,5,309,2023
2500000,77290,MITRY MORY,77,Local industriel. commercial ou assimilé,2300,0,3762,2023
405000,77100,MEAUX,77,Maison,123,6,89,2023
405000,77100,MEAUX,77,Maison,123,6,127,2023
405000,77100,MEAUX,77,Dépendance,0,0,89,2023
405000,77100,MEAUX,77,Dépendance,0,0,127,2023
664100,77700,MAGNY-LE-HONGRE,77,Maison,131,4,348,2023
664100,77700,MAGNY-LE-HONGRE,77,Dépendance,0,0,348,2023
340000,77185,LOGNES,77,Dépendance,0,0,17,2023
409000,77144,MONTEVRAIN,77,Maison,89,5,432,2023
577000,77400,LAGNY-SUR-MARNE,77,Maison,121,4,348,2023
520000,77440,VENDREST,77,Maison,224,4,2151,2023
520000,77440,VENDREST,77,Maison,224,4,500,2023
272000,77440,MARY-SUR-MARNE,77,Maison,95,5,458,2023
327000,77124,CREGY-LES-MEAUX,77,Maison,75,3,400,2023
327000,77124,CREGY-LES-MEAUX,77,Dépendance,0,0,400,2023
438000,77280,OTHIS,77,Maison,166,7,756,2023
438000,77280,OTHIS,77,Maison,166,7,500,2023
273700,77510,SABLONNIERES,77,Maison,176,5,500,2023
273700,77510,SABLONNIERES,77,Dépendance,0,0,500,2023
273700,77510,SABLONNIERES,77,Maison,176,5,652,2023
273700,77510,SABLONNIERES,77,Dépendance,0,0,652,2023
469500,77860,COUILLY-PONT-AUX-DAMES,77,Maison,182,6,500,2023
469500,77860,COUILLY-PONT-AUX-DAMES,77,Dépendance,0,0,500,2023
469500,77860,COUILLY-PONT-AUX-DAMES,77,Dépendance,0,0,300,2023
469500,77860,COUILLY-PONT-AUX-DAMES,77,Maison,182,6,300,2023
350000,77515,SAINT-AUGUSTIN,77,Dépendance,0,0,313,2023
350000,77515,SAINT-AUGUSTIN,77,Maison,185,5,975,2023
350000,77515,SAINT-AUGUSTIN,77,Maison,185,5,313,2023
350000,77515,SAINT-AUGUSTIN,77,Dépendance,0,0,975,2023
216200,77134,ORMES-SUR-VOULZIE (LES),77,Maison,109,6,487,2023
208000,77480,FONTAINE-FOURCHES,77,Maison,118,5,711,2023
208000,77480,FONTAINE-FOURCHES,77,Dépendance,0,0,711,2023
119000,77730,NANTEUIL-SUR-MARNE,77,Maison,70,3,45,2023
350000,77860,QUINCY-VOISINS,77,Dépendance,0,0,500,2023
350000,77860,QUINCY-VOISINS,77,Dépendance,0,0,562,2023
350000,77860,QUINCY-VOISINS,77,Maison,90,4,562,2023
350000,77860,QUINCY-VOISINS,77,Maison,90,4,500,2023
324000,77186,NOISIEL,77,Maison,98,5,118,2023
169500,77124,CREGY-LES-MEAUX,77,Maison,40,2,239,2023
169500,77124,CREGY-LES-MEAUX,77,Dépendance,0,0,239,2023
205000,77440,MARY-SUR-MARNE,77,Maison,90,4,212,2023
290000,77120,MOUROUX,77,Maison,147,7,374,2023
290000,77120,MOUROUX,77,Maison,147,7,2005,2023
288176,77100,MEAUX,77,Maison,141,6,595,2023
440000,77169,BOISSY-LE-CHATEL,77,Maison,253,7,682,2023
440000,77169,BOISSY-LE-CHATEL,77,Dépendance,0,0,682,2023
279000,77100,MAREUIL-LES-MEAUX,77,Maison,72,4,332,2023
279000,77100,MAREUIL-LES-MEAUX,77,Dépendance,0,0,332,2023
279000,77100,MAREUIL-LES-MEAUX,77,Dépendance,0,0,112,2023
210000,77260,LA FERTE SOUS JOUARRE,77,Dépendance,0,0,567,2023
210000,77260,LA FERTE SOUS JOUARRE,77,Maison,89,3,567,2023
312000,77160,PROVINS,77,Dépendance,0,0,430,2023
312000,77160,PROVINS,77,Appartement,50,3,430,2023
312000,77160,PROVINS,77,Appartement,41,2,430,2023
312000,77160,PROVINS,77,Appartement,48,1,430,2023
312000,77160,PROVINS,77,Appartement,43,2,430,2023
310000,77100,MEAUX,77,Maison,105,4,410,2023
184000,77520,MEIGNEUX,77,Maison,66,2,304,2023
150000,77970,JOUY-LE-CHATEL,77,Maison,62,3,801,2023
150000,77970,JOUY-LE-CHATEL,77,Dépendance,0,0,801,2023
615000,77120,COULOMMIERS,77,Maison,223,6,250,2023
615000,77120,COULOMMIERS,77,Maison,223,6,1017,2023
222400,77185,LOGNES,77,Maison,100,5,305,2023
245000,77124,CREGY-LES-MEAUX,77,Maison,75,4,143,2023
245000,77124,CREGY-LES-MEAUX,77,Dépendance,0,0,143,2023
323000,77139,MARCILLY,77,Maison,98,1,76,2023
326000,77184,EMERAINVILLE,77,Maison,96,4,245,2023
326000,77184,EMERAINVILLE,77,Local industriel. commercial ou assimilé,0,0,21927,2023
310000,77100,MEAUX,77,Maison,111,5,582,2023
348000,77580,CRECY LA CHAPELLE,77,Maison,133,4,457,2023
348000,77580,CRECY LA CHAPELLE,77,Maison,133,4,500,2023
470000,77144,MONTEVRAIN,77,Maison,120,4,93,2023
470000,77144,MONTEVRAIN,77,Appartement,56,3,93,2023
470000,77144,MONTEVRAIN,77,Dépendance,0,0,57,2023
284110,77120,MOUROUX,77,Dépendance,0,0,437,2023
284110,77120,MOUROUX,77,Maison,180,5,437,2023
365000,77500,CHELLES,77,Maison,99,5,487,2023
100000,77370,MAISON-ROUGE,77,Dépendance,0,0,123,2023
100000,77370,MAISON-ROUGE,77,Maison,82,6,123,2023
28000,77650,SOISY-BOUY,77,Dépendance,0,0,653,2023
28000,77650,SOISY-BOUY,77,Maison,110,4,653,2023
559000,77410,VILLEVAUDE,77,Maison,144,4,165,2023
140000,77120,CHAILLY-EN-BRIE,77,Maison,74,4,297,2023
175000,77450,ISLES-LES-VILLENOY,77,Maison,60,3,64,2023
175000,77450,ISLES-LES-VILLENOY,77,Dépendance,0,0,64,2023
192000,77160,SAINT-HILLIERS,77,Maison,87,4,232,2023
192000,77160,SAINT-HILLIERS,77,Maison,87,4,782,2023
192000,77160,SAINT-HILLIERS,77,Dépendance,0,0,782,2023
192000,77160,SAINT-HILLIERS,77,Dépendance,0,0,232,2023
310850,77450,LESCHES,77,Dépendance,0,0,415,2023
310850,77450,LESCHES,77,Maison,52,3,415,2023
255000,77450,ESBLY,77,Maison,97,5,414,2023
270000,77400,LAGNY-SUR-MARNE,77,Maison,46,4,365,2023
270000,77400,LAGNY-SUR-MARNE,77,Dépendance,0,0,365,2023
415000,77450,ESBLY,77,Maison,123,6,424,2023
321450,77260,CHAMIGNY,77,Maison,160,4,500,2023
321450,77260,CHAMIGNY,77,Maison,160,4,643,2023
285560,77580,GUERARD,77,Maison,88,4,502,2023
313918,77450,MONTRY,77,Maison,44,3,113,2023
235500,77400,THORIGNY SUR MARNE,77,Maison,92,5,516,2023
695000,77700,MAGNY-LE-HONGRE,77,Maison,230,6,500,2023
695000,77700,MAGNY-LE-HONGRE,77,Maison,230,6,1003,2023
425000,77400,DAMPMART,77,Maison,140,6,485,2023
239000,77370,NANGIS,77,Maison,81,4,542,2023
218500,77450,ESBLY,77,Maison,50,3,134,2023
291000,77470,TRILPORT,77,Maison,88,5,227,2023
404000,77500,CHELLES,77,Dépendance,0,0,840,2023
404000,77500,CHELLES,77,Maison,90,4,840,2023
273000,77440,LIZY-SUR-OURCQ,77,Maison,116,5,460,2023
246100,77370,NANGIS,77,Maison,108,6,306,2023
213000,77370,CHATEAUBLEAU,77,Maison,87,4,550,2023
213000,77370,CHATEAUBLEAU,77,Maison,87,4,450,2023
265000,77540,ROZAY-EN-BRIE,77,Dépendance,0,0,529,2023
265000,77540,ROZAY-EN-BRIE,77,Maison,64,4,529,2023
169900,77410,ANNET-SUR-MARNE,77,Dépendance,0,0,46,2023
169900,77410,ANNET-SUR-MARNE,77,Maison,53,3,40,2023
239900,77370,CROIX-EN-BRIE (LA),77,Maison,84,3,700,2023
215000,77700,CHESSY,77,Maison,30,2,552,2023
215000,77700,CHESSY,77,Dépendance,0,0,552,2023
147000,77840,GERMIGNY-SOUS-COULOMBS,77,Maison,90,4,600,2023
147000,77840,GERMIGNY-SOUS-COULOMBS,77,Dépendance,0,0,600,2023
374000,77420,CHAMPS-SUR-MARNE,77,Maison,112,5,377,2023
82500,77139,ETREPILLY,77,Maison,45,2,47,2023
389000,77510,REBAIS,77,Dépendance,0,0,584,2023
389000,77510,REBAIS,77,Maison,175,7,584,2023
389000,77510,REBAIS,77,Dépendance,0,0,250,2023
389000,77510,REBAIS,77,Maison,175,7,250,2023
269000,77320,LA CHAPELLE-MOUTILS,77,Maison,230,8,500,2023
269000,77320,LA CHAPELLE-MOUTILS,77,Maison,230,8,699,2023
2200000,77500,CHELLES,77,Appartement,33,2,314,2023
2200000,77500,CHELLES,77,Local industriel. commercial ou assimilé,103,0,314,2023
2200000,77500,CHELLES,77,Local industriel. commercial ou assimilé,40,0,314,2023
2200000,77500,CHELLES,77,Local industriel. commercial ou assimilé,24,0,314,2023
2200000,77500,CHELLES,77,Local industriel. commercial ou assimilé,144,0,314,2023
2200000,77500,CHELLES,77,Dépendance,0,0,314,2023
2200000,77500,CHELLES,77,Appartement,28,2,314,2023
2200000,77500,CHELLES,77,Appartement,27,2,314,2023
2200000,77500,CHELLES,77,Appartement,26,2,314,2023
2200000,77500,CHELLES,77,Appartement,57,3,314,2023
2200000,77500,CHELLES,77,Appartement,29,2,314,2023
2200000,77500,CHELLES,77,Appartement,40,2,314,2023
257000,77970,JOUY-LE-CHATEL,77,Maison,74,3,600,2023
165000,77320,MONTOLIVET,77,Maison,73,2,2013,2023
165000,77320,MONTOLIVET,77,Dépendance,0,0,500,2023
165000,77320,MONTOLIVET,77,Dépendance,0,0,2013,2023
165000,77320,MONTOLIVET,77,Maison,73,2,500,2023
270000,77500,CHELLES,77,Dépendance,0,0,500,2023
270000,77500,CHELLES,77,Maison,52,4,500,2023
224000,77560,CHAMPCENEST,77,Maison,137,5,661,2023
224000,77560,CHAMPCENEST,77,Maison,137,5,500,2023
367950,77580,GUERARD,77,Maison,139,5,680,2023
367950,77580,GUERARD,77,Dépendance,0,0,250,2023
367950,77580,GUERARD,77,Maison,139,5,250,2023
367950,77580,GUERARD,77,Dépendance,0,0,680,2023
110000,77440,CONGIS-SUR-THEROUANNE,77,Dépendance,0,0,345,2023
110000,77440,CONGIS-SUR-THEROUANNE,77,Maison,60,3,345,2023
260000,77580,CRECY LA CHAPELLE,77,Dépendance,0,0,103,2023
260000,77580,CRECY LA CHAPELLE,77,Maison,123,5,103,2023
440000,77860,SAINT-GERMAIN-SUR-MORIN,77,Maison,114,5,497,2023
346810,77124,PENCHARD,77,Maison,93,5,619,2023
680000,77120,COULOMMIERS,77,Local industriel. commercial ou assimilé,1395,0,3000,2023
336500,77400,THORIGNY SUR MARNE,77,Dépendance,0,0,348,2023
336500,77400,THORIGNY SUR MARNE,77,Maison,60,4,348,2023
450000,77184,EMERAINVILLE,77,Maison,115,6,571,2023
2846000,77100,MEAUX,77,Local industriel. commercial ou assimilé,456,0,200,2023
2846000,77100,MEAUX,77,Local industriel. commercial ou assimilé,101,0,57,2023
2846000,77100,MEAUX,77,Local industriel. commercial ou assimilé,712,0,406,2023
230000,77440,ISLES-LES-MELDEUSES,77,Maison,76,3,600,2023
230000,77440,ISLES-LES-MELDEUSES,77,Maison,76,3,502,2023
560000,77290,MITRY MORY,77,Maison,83,3,500,2023
560000,77290,MITRY MORY,77,Dépendance,0,0,901,2023
560000,77290,MITRY MORY,77,Dépendance,0,0,500,2023
560000,77290,MITRY MORY,77,Maison,83,3,901,2023
312000,77400,LAGNY-SUR-MARNE,77,Dépendance,0,0,364,2023
312000,77400,LAGNY-SUR-MARNE,77,Maison,90,5,364,2023
335000,77515,SAINT-AUGUSTIN,77,Maison,177,7,149,2023
370000,77580,GUERARD,77,Maison,100,5,187,2023
370000,77580,GUERARD,77,Dépendance,0,0,187,2023
360000,77160,PROVINS,77,Maison,136,5,512,2023
115000,77450,ESBLY,77,Maison,40,2,12,2023
545000,77410,CLAYE-SOUILLY,77,Maison,74,2,500,2023
545000,77410,CLAYE-SOUILLY,77,Maison,74,2,506,2023
258500,77169,BOISSY-LE-CHATEL,77,Maison,92,4,700,2023
13000,77122,MONTHYON,77,Dépendance,0,0,22,2023
240000,77370,MAISON-ROUGE,77,Maison,111,4,505,2023
240000,77370,MAISON-ROUGE,77,Maison,111,4,639,2023
455000,77420,CHAMPS-SUR-MARNE,77,Maison,115,5,470,2023
108000,77138,LUZANCY,77,Maison,104,5,426,2023
341800,77181,COURTRY,77,Maison,89,5,259,2023
235500,77100,MEAUX,77,Maison,70,4,343,2023
142240,77610,NEUFMOUTIERS-EN-BRIE,77,Maison,111,5,302,2023
324500,77184,EMERAINVILLE,77,Maison,92,5,233,2023
183000,77370,NANGIS,77,Maison,29,2,95,2023
113000,77640,SIGNY-SIGNETS,77,Dépendance,0,0,500,2023
113000,77640,SIGNY-SIGNETS,77,Maison,180,6,410,2023
113000,77640,SIGNY-SIGNETS,77,Dépendance,0,0,410,2023
113000,77640,SIGNY-SIGNETS,77,Maison,180,6,500,2023
350000,77181,COURTRY,77,Dépendance,0,0,530,2023
350000,77181,COURTRY,77,Maison,84,5,530,2023
221550,77270,VILLEPARISIS,77,Maison,85,4,163,2023
380000,77410,CLAYE-SOUILLY,77,Dépendance,0,0,584,2023
380000,77410,CLAYE-SOUILLY,77,Maison,86,5,584,2023
210000,77160,CHENOISE-CUCHARMOY,77,Maison,110,3,390,2023
120000,77840,CROUY-SUR-OURCQ,77,Dépendance,0,0,16,2023
203000,77120,COULOMMIERS,77,Dépendance,0,0,600,2023
203000,77120,COULOMMIERS,77,Maison,81,4,600,2023
400000,77090,COLLEGIEN,77,Maison,90,5,418,2023
400000,77090,COLLEGIEN,77,Maison,90,5,500,2023
440000,77450,ESBLY,77,Maison,152,5,442,2023
350000,77270,VILLEPARISIS,77,Maison,52,3,436,2023
350000,77270,VILLEPARISIS,77,Maison,52,3,62,2023
460000,77610,MARLES-EN-BRIE,77,Dépendance,0,0,500,2023
460000,77610,MARLES-EN-BRIE,77,Dépendance,0,0,248,2023
460000,77610,MARLES-EN-BRIE,77,Maison,324,8,500,2023
460000,77610,MARLES-EN-BRIE,77,Maison,324,8,248,2023
385500,77700,BAILLY-ROMAINVILLIERS,77,Dépendance,0,0,183,2023
385500,77700,BAILLY-ROMAINVILLIERS,77,Maison,80,4,183,2023
1650000,77171,LECHELLE,77,Dépendance,0,0,600,2023
1650000,77171,LECHELLE,77,Maison,420,5,600,2023
1650000,77171,LECHELLE,77,Dépendance,0,0,556,2023
1650000,77171,LECHELLE,77,Maison,420,5,556,2023
1650000,77171,LECHELLE,77,Dépendance,0,0,21095,2023
170000,77860,SAINT-GERMAIN-SUR-MORIN,77,Maison,101,5,250,2023
30000,77520,DONNEMARIE-DONTILLY,77,Dépendance,0,0,405,2023
275000,77650,CHALMAISON,77,Maison,105,4,552,2023
355000,77124,CHAUCONIN-NEUFMONTIERS,77,Maison,95,4,229,2023
355000,77124,CHAUCONIN-NEUFMONTIERS,77,Maison,95,4,801,2023
280000,77470,TRILPORT,77,Maison,79,4,562,2023
280000,77470,TRILPORT,77,Dépendance,0,0,562,2023
518900,77500,CHELLES,77,Maison,76,4,570,2023
518900,77500,CHELLES,77,Dépendance,0,0,570,2023
488000,77400,LAGNY-SUR-MARNE,77,Dépendance,0,0,387,2023
488000,77400,LAGNY-SUR-MARNE,77,Maison,150,6,387,2023
50000,77120,AMILLIS,77,Dépendance,0,0,280,2023
1040875,77183,CROISSY-BEAUBOURG,77,Local industriel. commercial ou assimilé,520,0,6489,2023
1040875,77183,CROISSY-BEAUBOURG,77,Local industriel. commercial ou assimilé,890,0,6489,2023
285000,77470,FUBLAINES,77,Maison,94,4,395,2023
80000,77400,LAGNY-SUR-MARNE,77,Maison,90,6,410,2023
325000,77181,COURTRY,77,Maison,80,3,500,2023
325000,77181,COURTRY,77,Maison,80,3,2725,2023
325000,77181,COURTRY,77,Maison,80,3,1297,2023
280000,77178,SAINT-PATHUS,77,Maison,105,4,111,2023
280000,77178,SAINT-PATHUS,77,Maison,105,4,500,2023
2270000,77186,NOISIEL,77,Local industriel. commercial ou assimilé,2921,0,6366,2023
425000,77270,VILLEPARISIS,77,Maison,160,5,355,2023
248000,77580,CRECY LA CHAPELLE,77,Maison,141,5,339,2023
441770,77410,ANNET-SUR-MARNE,77,Maison,134,5,400,2023
441770,77410,ANNET-SUR-MARNE,77,Dépendance,0,0,400,2023
441770,77410,ANNET-SUR-MARNE,77,Maison,134,5,584,2023
441770,77410,ANNET-SUR-MARNE,77,Dépendance,0,0,584,2023
360000,77144,MONTEVRAIN,77,Maison,82,5,354,2023
770000,77500,CHELLES,77,Maison,170,5,592,2023
770000,77500,CHELLES,77,Dépendance,0,0,592,2023
17000,77480,MOUSSEAUX-LES-BRAY,77,Maison,115,6,4737,2023
135000,77440,TROCY-EN-MULTIEN,77,Maison,80,5,40,2023
135000,77440,TROCY-EN-MULTIEN,77,Dépendance,0,0,152,2023
265000,77440,VENDREST,77,Maison,100,4,426,2023
339000,77120,BEAUTHEIL-SAINTS,77,Maison,125,3,691,2023
339000,77120,BEAUTHEIL-SAINTS,77,Dépendance,0,0,691,2023
339000,77120,BEAUTHEIL-SAINTS,77,Local industriel. commercial ou assimilé,55,0,1211,2023
339000,77120,BEAUTHEIL-SAINTS,77,Local industriel. commercial ou assimilé,55,0,30,2023
250000,77510,HONDEVILLIERS,77,Maison,120,5,698,2023
250000,77510,HONDEVILLIERS,77,Dépendance,0,0,698,2023
460000,77700,MAGNY-LE-HONGRE,77,Maison,94,4,420,2023
85000,77470,MONTCEAUX-LES-MEAUX,77,Local industriel. commercial ou assimilé,30,0,84,2023
262000,77320,SAINT-MARS-VIEUX-MAISONS,77,Dépendance,0,0,792,2023
262000,77320,SAINT-MARS-VIEUX-MAISONS,77,Maison,119,5,792,2023
262000,77320,SAINT-MARS-VIEUX-MAISONS,77,Maison,119,5,250,2023
262000,77320,SAINT-MARS-VIEUX-MAISONS,77,Dépendance,0,0,250,2023
22500,77120,MOUROUX,77,Dépendance,0,0,1452,2023
22500,77120,MOUROUX,77,Dépendance,0,0,250,2023
349000,77510,REBAIS,77,Maison,173,6,1235,2023
349000,77510,REBAIS,77,Dépendance,0,0,250,2023
349000,77510,REBAIS,77,Maison,173,6,250,2023
349000,77510,REBAIS,77,Dépendance,0,0,1235,2023
300000,77500,CHELLES,77,Dépendance,0,0,76,2023
300000,77500,CHELLES,77,Dépendance,0,0,388,2023
300000,77500,CHELLES,77,Maison,54,3,76,2023
300000,77500,CHELLES,77,Maison,54,3,388,2023
6571,77410,VILLEVAUDE,77,Maison,22,2,259,2023
6571,77410,VILLEVAUDE,77,Maison,22,2,500,2023
300000,77144,CHALIFERT,77,Maison,33,3,800,2023
300000,77144,CHALIFERT,77,Maison,244,4,4639,2023
300000,77144,CHALIFERT,77,Maison,33,3,4639,2023
300000,77144,CHALIFERT,77,Dépendance,0,0,4639,2023
300000,77144,CHALIFERT,77,Dépendance,0,0,800,2023
300000,77144,CHALIFERT,77,Maison,244,4,800,2023
565000,77160,PROVINS,77,Maison,220,9,796,2023
565000,77160,PROVINS,77,Dépendance,0,0,796,2023
565000,77160,PROVINS,77,Dépendance,0,0,511,2023
565000,77160,PROVINS,77,Maison,220,9,511,2023
315000,77500,CHELLES,77,Maison,76,4,165,2023
50000,77118,BAZOCHES LES BRAY,77,Maison,36,3,682,2023
150000,77610,FONTENAY-TRESIGNY,77,Maison,25,2,92,2023
222000,77520,DONNEMARIE-DONTILLY,77,Dépendance,0,0,327,2023
222000,77520,DONNEMARIE-DONTILLY,77,Maison,79,2,500,2023
222000,77520,DONNEMARIE-DONTILLY,77,Dépendance,0,0,500,2023
222000,77520,DONNEMARIE-DONTILLY,77,Maison,79,2,327,2023
80000,77400,DAMPMART,77,Local industriel. commercial ou assimilé,88,0,96,2023
135000,77610,FONTENAY-TRESIGNY,77,Maison,83,3,57,2023
236000,77480,VILLENAUXE-LA-PETITE,77,Maison,158,4,922,2023
236000,77480,VILLENAUXE-LA-PETITE,77,Dépendance,0,0,922,2023
140000,77500,CHELLES,77,Maison,25,2,450,2023
432500,77410,SAINT-MESMES,77,Maison,120,5,262,2023
323000,77230,SAINT-MARD,77,Maison,101,5,378,2023
180000,77151,MONTCEAUX-LES-PROVINS,77,Local industriel. commercial ou assimilé,900,0,900,2023
180000,77151,MONTCEAUX-LES-PROVINS,77,Local industriel. commercial ou assimilé,1875,0,1591,2023
270000,77650,SAINT-LOUP-DE-NAUD,77,Maison,107,4,515,2023
270000,77650,SAINT-LOUP-DE-NAUD,77,Local industriel. commercial ou assimilé,288,0,515,2023
150000,77160,PROVINS,77,Maison,61,2,249,2023
200000,77650,SOISY-BOUY,77,Maison,86,4,411,2023
440000,77400,THORIGNY SUR MARNE,77,Maison,168,7,234,2023
525000,77410,CLAYE-SOUILLY,77,Maison,96,5,500,2023
525000,77410,CLAYE-SOUILLY,77,Dépendance,0,0,1134,2023
525000,77410,CLAYE-SOUILLY,77,Maison,96,5,1134,2023
525000,77410,CLAYE-SOUILLY,77,Dépendance,0,0,500,2023
485000,77450,VIGNELY,77,Maison,162,6,500,2023
485000,77450,VIGNELY,77,Maison,162,6,1133,2023
5000,77580,CRECY LA CHAPELLE,77,Local industriel. commercial ou assimilé,0,0,79,2023
505000,77500,CHELLES,77,Dépendance,0,0,500,2023
505000,77500,CHELLES,77,Maison,112,4,572,2023
505000,77500,CHELLES,77,Dépendance,0,0,572,2023
505000,77500,CHELLES,77,Maison,112,4,500,2023
350050,77450,CONDE-SAINTE-LIBIAIRE,77,Maison,120,4,82,2023
350050,77450,CONDE-SAINTE-LIBIAIRE,77,Dépendance,0,0,82,2023
326789,77540,COURPALAY,77,Maison,128,6,250,2023
326789,77540,COURPALAY,77,Dépendance,0,0,250,2023
326789,77540,COURPALAY,77,Dépendance,0,0,551,2023
326789,77540,COURPALAY,77,Maison,128,6,551,2023
340000,77470,BOUTIGNY,77,Maison,103,4,213,2023
289000,77860,QUINCY-VOISINS,77,Maison,80,4,117,2023
289000,77860,QUINCY-VOISINS,77,Dépendance,0,0,117,2023
280000,77540,ROZAY-EN-BRIE,77,Maison,100,5,568,2023
275000,77540,COURPALAY,77,Dépendance,0,0,551,2023
275000,77540,COURPALAY,77,Maison,128,6,551,2023
275000,77540,COURPALAY,77,Dépendance,0,0,250,2023
275000,77540,COURPALAY,77,Maison,128,6,250,2023
348500,77500,CHELLES,77,Maison,108,6,305,2023
870000,77124,PENCHARD,77,Local industriel. commercial ou assimilé,269,0,1000,2023
870000,77124,PENCHARD,77,Maison,240,5,1000,2023
289000,77500,CHELLES,77,Maison,49,3,202,2023
310000,77410,SAINT-MESMES,77,Maison,113,5,207,2023
310000,77410,SAINT-MESMES,77,Maison,113,5,500,2023
447000,77181,LE PIN,77,Maison,138,7,497,2023
485000,77410,CLAYE-SOUILLY,77,Dépendance,0,0,596,2023
485000,77410,CLAYE-SOUILLY,77,Maison,100,8,596,2023
276000,77500,CHELLES,77,Dépendance,0,0,434,2023
276000,77500,CHELLES,77,Maison,74,4,434,2023
439000,77700,MAGNY-LE-HONGRE,77,Maison,90,6,238,2023
439000,77700,MAGNY-LE-HONGRE,77,Local industriel. commercial ou assimilé,22,0,238,2023
355250,77400,SAINT THIBAULT DES VIGNES,77,Maison,91,5,363,2023
320000,77515,FAREMOUTIERS,77,Local industriel. commercial ou assimilé,100,0,614,2023
320000,77515,FAREMOUTIERS,77,Maison,41,2,614,2023
320000,77515,FAREMOUTIERS,77,Appartement,31,2,614,2023
415000,77400,POMPONNE,77,Dépendance,0,0,403,2023
415000,77400,POMPONNE,77,Maison,125,4,403,2023
310000,77290,MITRY MORY,77,Dépendance,0,0,405,2023
310000,77290,MITRY MORY,77,Maison,104,5,405,2023
500000,77290,MITRY MORY,77,Maison,126,5,407,2023
260000,77400,LAGNY-SUR-MARNE,77,Maison,60,3,64,2023
260000,77400,LAGNY-SUR-MARNE,77,Dépendance,0,0,64,2023
90000,77515,CELLE-SUR-MORIN (LA),77,Maison,101,4,558,2023
90000,77515,CELLE-SUR-MORIN (LA),77,Maison,101,4,250,2023
358000,77230,SAINT-MARD,77,Maison,106,6,631,2023
349900,77500,CHELLES,77,Maison,54,3,235,2023
349900,77500,CHELLES,77,Dépendance,0,0,235,2023
215000,77160,PROVINS,77,Dépendance,0,0,417,2023
215000,77160,PROVINS,77,Local industriel. commercial ou assimilé,197,0,417,2023
215000,77160,PROVINS,77,Appartement,65,3,417,2023
215000,77160,PROVINS,77,Appartement,77,3,417,2023
180000,77230,MOUSSY-LE-VIEUX,77,Maison,49,3,160,2023
180000,77230,MOUSSY-LE-VIEUX,77,Dépendance,0,0,16,2023
260000,77500,CHELLES,77,Maison,45,3,179,2023
285000,77410,MESSY,77,Maison,75,4,226,2023
285000,77410,MESSY,77,Maison,75,4,500,2023
350000,77610,HOUSSAYE-EN-BRIE (LA),77,Maison,95,5,500,2023
350000,77610,HOUSSAYE-EN-BRIE (LA),77,Dépendance,0,0,500,2023
350000,77610,HOUSSAYE-EN-BRIE (LA),77,Maison,95,5,482,2023
350000,77610,HOUSSAYE-EN-BRIE (LA),77,Dépendance,0,0,482,2023
263842,77169,BOISSY-LE-CHATEL,77,Maison,115,4,165,2023
312000,77230,SAINT-MARD,77,Maison,138,5,200,2023
312000,77230,SAINT-MARD,77,Maison,138,5,500,2023
217300,77260,SAMMERON,77,Maison,47,3,578,2023
67000,77169,SAINT-GERMAIN-SOUS-DOUE,77,Maison,59,3,98,2023
95000,77730,SAACY-SUR-MARNE,77,Maison,40,2,29,2023
224000,77100,NANTEUIL-LES-MEAUX,77,Maison,61,4,180,2023
270000,77120,MOUROUX,77,Maison,117,5,312,2023
270000,77120,MOUROUX,77,Maison,117,5,500,2023
234000,77320,CHEVRU,77,Maison,62,4,500,2023
234000,77320,CHEVRU,77,Dépendance,0,0,1357,2023
234000,77320,CHEVRU,77,Maison,62,4,1357,2023
234000,77320,CHEVRU,77,Dépendance,0,0,500,2023
135000,77230,VINANTES,77,Maison,66,3,227,2023
240000,77370,NANGIS,77,Maison,127,4,421,2023
89749,77580,GUERARD,77,Maison,65,3,500,2023
89749,77580,GUERARD,77,Maison,65,3,94,2023
195000,77750,SAINT-OUEN-SUR-MORIN,77,Dépendance,0,0,990,2023
195000,77750,SAINT-OUEN-SUR-MORIN,77,Maison,88,4,990,2023
195000,77750,SAINT-OUEN-SUR-MORIN,77,Dépendance,0,0,250,2023
195000,77750,SAINT-OUEN-SUR-MORIN,77,Maison,88,4,250,2023
210000,77580,CRECY LA CHAPELLE,77,Maison,48,3,137,2023
312000,77124,PENCHARD,77,Maison,90,4,500,2023
312000,77124,PENCHARD,77,Maison,90,4,109,2023
100000,77510,BELLOT,77,Maison,102,5,810,2023
100000,77510,BELLOT,77,Dépendance,0,0,250,2023
100000,77510,BELLOT,77,Dépendance,0,0,810,2023
100000,77510,BELLOT,77,Maison,102,5,250,2023
278000,77260,LA FERTE SOUS JOUARRE,77,Dépendance,0,0,450,2023
278000,77260,LA FERTE SOUS JOUARRE,77,Maison,114,6,450,2023
235000,77120,COULOMMIERS,77,Dépendance,0,0,1320,2023
235000,77120,COULOMMIERS,77,Maison,85,4,1320,2023
235000,77120,COULOMMIERS,77,Dépendance,0,0,615,2023
235000,77120,COULOMMIERS,77,Maison,85,4,615,2023
222300,77470,FUBLAINES,77,Maison,42,3,126,2023
460000,77400,SAINT THIBAULT DES VIGNES,77,Dépendance,0,0,367,2023
460000,77400,SAINT THIBAULT DES VIGNES,77,Appartement,113,5,367,2023
354500,77500,CHELLES,77,Maison,103,6,422,2023
354500,77500,CHELLES,77,Dépendance,0,0,422,2023
298000,77124,PENCHARD,77,Maison,115,7,659,2023
321140,77100,NANTEUIL-LES-MEAUX,77,Maison,72,4,280,2023
175000,77910,VARREDDES,77,Maison,40,2,27,2023
175000,77910,VARREDDES,77,Maison,40,2,497,2023
350000,77120,COULOMMIERS,77,Maison,106,5,279,2023
350000,77120,COULOMMIERS,77,Dépendance,0,0,279,2023
350000,77120,COULOMMIERS,77,Maison,106,5,500,2023
350000,77120,COULOMMIERS,77,Dépendance,0,0,500,2023
640250,77420,CHAMPS-SUR-MARNE,77,Maison,107,5,458,2023
432700,77260,LA FERTE SOUS JOUARRE,77,Maison,222,8,500,2023
432700,77260,LA FERTE SOUS JOUARRE,77,Maison,222,8,307,2023
640000,77400,LAGNY-SUR-MARNE,77,Local industriel. commercial ou assimilé,900,0,479,2023
325000,77410,CHARNY,77,Maison,80,5,460,2023
295000,77500,CHELLES,77,Maison,52,3,480,2023
384880,77260,LA FERTE SOUS JOUARRE,77,Maison,106,4,193,2023
275000,77410,MESSY,77,Maison,45,2,48,2023
1000000,77700,MAGNY-LE-HONGRE,77,Maison,195,5,414,2023
1000000,77700,MAGNY-LE-HONGRE,77,Maison,195,5,500,2023
108000,77160,PROVINS,77,Appartement,39,3,99,2023
108000,77160,PROVINS,77,Appartement,24,2,99,2023
435000,77181,LE PIN,77,Maison,97,5,690,2023
277000,77260,CHAMIGNY,77,Maison,88,4,500,2023
277000,77260,CHAMIGNY,77,Maison,88,4,291,2023
315000,77165,SAINT-SOUPPLETS,77,Maison,75,5,394,2023
315000,77165,SAINT-SOUPPLETS,77,Dépendance,0,0,394,2023
605000,77700,MAGNY-LE-HONGRE,77,Maison,128,5,485,2023
605000,77700,MAGNY-LE-HONGRE,77,Dépendance,0,0,485,2023
520000,77700,CHESSY,77,Maison,88,4,500,2023
520000,77700,CHESSY,77,Maison,88,4,681,2023
190000,77120,BEAUTHEIL-SAINTS,77,Dépendance,0,0,194,2023
190000,77120,BEAUTHEIL-SAINTS,77,Maison,70,3,194,2023
155000,77260,LA FERTE SOUS JOUARRE,77,Maison,96,4,39,2023
470000,77144,CHALIFERT,77,Maison,158,6,459,2023
470000,77144,CHALIFERT,77,Dépendance,0,0,459,2023
355000,77420,CHAMPS-SUR-MARNE,77,Dépendance,0,0,231,2023
355000,77420,CHAMPS-SUR-MARNE,77,Maison,74,4,231,2023
355000,77580,CRECY LA CHAPELLE,77,Maison,56,2,164,2023
565500,77400,GOUVERNES,77,Maison,100,4,500,2023
565500,77400,GOUVERNES,77,Dépendance,0,0,500,2023
565500,77400,GOUVERNES,77,Maison,100,4,1001,2023
565500,77400,GOUVERNES,77,Dépendance,0,0,1001,2023
365000,77860,QUINCY-VOISINS,77,Dépendance,0,0,891,2023
365000,77860,QUINCY-VOISINS,77,Maison,116,5,891,2023
365000,77860,QUINCY-VOISINS,77,Maison,116,5,500,2023
365000,77860,QUINCY-VOISINS,77,Dépendance,0,0,500,2023
790000,77100,MEAUX,77,Local industriel. commercial ou assimilé,120,0,164,2023
790000,77100,MEAUX,77,Appartement,25,2,164,2023
449800,77610,FONTENAY-TRESIGNY,77,Maison,141,6,250,2023
449800,77610,FONTENAY-TRESIGNY,77,Maison,141,6,1136,2023
2264000,77500,CHELLES,77,Local industriel. commercial ou assimilé,0,0,2970,2023
2264000,77500,CHELLES,77,Local industriel. commercial ou assimilé,600,0,2970,2023
2264000,77500,CHELLES,77,Local industriel. commercial ou assimilé,400,0,2970,2023
265000,77260,LA FERTE SOUS JOUARRE,77,Maison,92,5,211,2023
295000,77470,TRILPORT,77,Maison,97,5,359,2023
335000,77230,SAINT-MARD,77,Maison,99,5,599,2023
335000,77230,SAINT-MARD,77,Dépendance,0,0,599,2023
257695,77440,MARY-SUR-MARNE,77,Maison,89,4,151,2023
257695,77440,MARY-SUR-MARNE,77,Dépendance,0,0,151,2023
257695,77440,MARY-SUR-MARNE,77,Maison,89,4,500,2023
257695,77440,MARY-SUR-MARNE,77,Dépendance,0,0,500,2023
873032,77610,FONTENAY-TRESIGNY,77,Local industriel. commercial ou assimilé,568,0,768,2023
873032,77610,FONTENAY-TRESIGNY,77,Local industriel. commercial ou assimilé,568,0,2500,2023
873032,77610,FONTENAY-TRESIGNY,77,Local industriel. commercial ou assimilé,600,0,768,2023
873032,77610,FONTENAY-TRESIGNY,77,Local industriel. commercial ou assimilé,600,0,2500,2023
505000,77124,PENCHARD,77,Maison,153,5,838,2023
505000,77124,PENCHARD,77,Maison,153,5,500,2023
350000,77280,OTHIS,77,Dépendance,0,0,538,2023
350000,77280,OTHIS,77,Maison,102,5,538,2023
400000,77840,CROUY-SUR-OURCQ,77,Appartement,58,2,790,2023
400000,77840,CROUY-SUR-OURCQ,77,Appartement,52,2,790,2023
400000,77840,CROUY-SUR-OURCQ,77,Appartement,53,2,790,2023
120000,77181,LE PIN,77,Maison,125,4,341,2023
120000,77181,LE PIN,77,Local industriel. commercial ou assimilé,100,0,341,2023
120000,77181,LE PIN,77,Dépendance,0,0,341,2023
220000,77450,MONTRY,77,Dépendance,0,0,236,2023
220000,77450,MONTRY,77,Maison,71,3,236,2023
295000,77160,PROVINS,77,Maison,96,3,500,2023
295000,77160,PROVINS,77,Maison,96,3,599,2023
510650,77160,POIGNY,77,Local industriel. commercial ou assimilé,422,0,5290,2023
510650,77160,POIGNY,77,Local industriel. commercial ou assimilé,103,0,5290,2023
510650,77160,POIGNY,77,Dépendance,0,0,5290,2023
510650,77160,POIGNY,77,Maison,195,6,5290,2023
285000,77560,AUGERS-EN-BRIE,77,Dépendance,0,0,920,2023
285000,77560,AUGERS-EN-BRIE,77,Maison,112,4,920,2023
125000,77520,MONTIGNY-LENCOUP,77,Maison,65,3,165,2023
125000,77520,MONTIGNY-LENCOUP,77,Dépendance,0,0,30,2023
375000,77100,MEAUX,77,Maison,127,6,209,2023
375000,77100,MEAUX,77,Dépendance,0,0,500,2023
375000,77100,MEAUX,77,Maison,127,6,500,2023
375000,77100,MEAUX,77,Dépendance,0,0,209,2023
179000,77171,CHALAUTRE-LA-GRANDE,77,Maison,72,4,730,2023
179000,77171,CHALAUTRE-LA-GRANDE,77,Maison,72,4,270,2023
59150,77510,SABLONNIERES,77,Dépendance,0,0,500,2023
59150,77510,SABLONNIERES,77,Dépendance,0,0,1542,2023
59150,77510,SABLONNIERES,77,Dépendance,0,0,824,2023
59150,77510,SABLONNIERES,77,Maison,220,7,824,2023
399000,77160,PROVINS,77,Maison,288,8,254,2023
399000,77160,PROVINS,77,Dépendance,0,0,254,2023
285000,77160,SAINT-BRICE,77,Maison,125,5,246,2023
285000,77160,SAINT-BRICE,77,Maison,125,5,500,2023
320000,77860,QUINCY-VOISINS,77,Maison,81,4,400,2023
172000,77515,POMMEUSE,77,Appartement,88,4,47,2023
290000,77515,FAREMOUTIERS,77,Maison,103,5,364,2023
1803200,77610,FONTENAY-TRESIGNY,77,Local industriel. commercial ou assimilé,600,0,2500,2023
1803200,77610,FONTENAY-TRESIGNY,77,Local industriel. commercial ou assimilé,568,0,2500,2023
1803200,77610,FONTENAY-TRESIGNY,77,Local industriel. commercial ou assimilé,600,0,768,2023
1803200,77610,FONTENAY-TRESIGNY,77,Local industriel. commercial ou assimilé,568,0,768,2023
198100,77560,VILLIERS-SAINT-GEORGES,77,Dépendance,0,0,144,2023
198100,77560,VILLIERS-SAINT-GEORGES,77,Maison,90,5,144,2023
198100,77560,VILLIERS-SAINT-GEORGES,77,Dépendance,0,0,565,2023
198100,77560,VILLIERS-SAINT-GEORGES,77,Maison,90,5,565,2023
185000,77480,BRAY-SUR-SEINE,77,Local industriel. commercial ou assimilé,173,0,1681,2023
283000,77450,ESBLY,77,Maison,85,4,373,2023
258000,77650,SAVINS,77,Maison,130,5,500,2023
258000,77650,SAVINS,77,Maison,130,5,347,2023
230000,77520,MONTIGNY-LENCOUP,77,Maison,82,4,659,2023
285000,77160,CHENOISE-CUCHARMOY,77,Maison,152,7,294,2023
320000,77600,GUERMANTES,77,Maison,75,4,328,2023
543000,77580,CRECY LA CHAPELLE,77,Maison,105,4,193,2023
265000,77580,GUERARD,77,Maison,72,3,302,2023
265000,77580,GUERARD,77,Dépendance,0,0,302,2023
265000,77580,GUERARD,77,Dépendance,0,0,598,2023
265000,77580,GUERARD,77,Maison,72,3,598,2023
357000,77230,MONTGE-EN-GOELE,77,Maison,165,6,518,2023
357000,77230,MONTGE-EN-GOELE,77,Dépendance,0,0,518,2023
357000,77230,MONTGE-EN-GOELE,77,Dépendance,0,0,35,2023
406000,77500,CHELLES,77,Maison,55,4,388,2023
406000,77500,CHELLES,77,Dépendance,0,0,388,2023
258000,77410,CHARNY,77,Maison,83,5,478,2023
495000,77360,VAIRES SUR MARNE,77,Dépendance,0,0,500,2023
495000,77360,VAIRES SUR MARNE,77,Maison,100,5,500,2023
495000,77360,VAIRES SUR MARNE,77,Dépendance,0,0,101,2023
495000,77360,VAIRES SUR MARNE,77,Maison,100,5,101,2023
239900,77160,PROVINS,77,Maison,80,4,450,2023
198000,77650,LONGUEVILLE,77,Dépendance,0,0,576,2023
198000,77650,LONGUEVILLE,77,Maison,77,4,576,2023
430450,77360,VAIRES SUR MARNE,77,Maison,40,3,300,2023
405000,77290,MITRY MORY,77,Maison,76,2,450,2023
370000,77124,CREGY-LES-MEAUX,77,Maison,118,5,495,2023
255000,77515,FAREMOUTIERS,77,Maison,95,5,319,2023
400000,77200,TORCY,77,Dépendance,0,0,343,2023
400000,77200,TORCY,77,Maison,72,3,343,2023
191000,77122,MONTHYON,77,Maison,76,4,63,2023
191000,77122,MONTHYON,77,Dépendance,0,0,25,2023
255000,77270,VILLEPARISIS,77,Dépendance,0,0,137,2023
255000,77270,VILLEPARISIS,77,Maison,79,4,137,2023
255000,77120,MOUROUX,77,Maison,82,3,500,2023
255000,77120,MOUROUX,77,Dépendance,0,0,500,2023
198000,77260,LA FERTE SOUS JOUARRE,77,Maison,72,3,380,2023
270000,77990,LE MESNIL-AMELOT,77,Maison,86,2,263,2023
215000,77515,FAREMOUTIERS,77,Dépendance,0,0,212,2023
215000,77515,FAREMOUTIERS,77,Maison,72,4,500,2023
215000,77515,FAREMOUTIERS,77,Dépendance,0,0,500,2023
215000,77515,FAREMOUTIERS,77,Maison,72,4,212,2023
679500,77400,SAINT THIBAULT DES VIGNES,77,Maison,154,7,497,2023
56000,77320,FERTE-GAUCHER (LA),77,Dépendance,0,0,387,2023
368885,77178,OISSERY,77,Maison,131,7,305,2023
368885,77178,OISSERY,77,Maison,131,7,500,2023
357000,77230,DAMMARTIN-EN-GOELE,77,Maison,99,5,500,2023
357000,77230,DAMMARTIN-EN-GOELE,77,Maison,99,5,221,2023
220000,77230,DAMMARTIN-EN-GOELE,77,Maison,90,4,102,2023
200000,77118,BALLOY,77,Maison,116,4,522,2023
200000,77118,BALLOY,77,Dépendance,0,0,522,2023
139000,77165,SAINT-SOUPPLETS,77,Maison,62,3,34,2023
220000,77230,MONTGE-EN-GOELE,77,Maison,90,5,693,2023
220000,77230,MONTGE-EN-GOELE,77,Dépendance,0,0,693,2023
630000,77600,CHANTELOUP EN BRIE,77,Maison,165,5,140,2023
630000,77600,CHANTELOUP EN BRIE,77,Maison,165,5,500,2023
289900,77178,SAINT-PATHUS,77,Maison,99,7,405,2023
375000,77450,MONTRY,77,Maison,110,5,500,2023
375000,77450,MONTRY,77,Maison,110,5,133,2023
250000,77500,CHELLES,77,Maison,60,3,86,2023
293800,77910,VARREDDES,77,Maison,100,3,122,2023
363500,77230,DAMMARTIN-EN-GOELE,77,Maison,157,5,338,2023
363500,77230,DAMMARTIN-EN-GOELE,77,Maison,157,5,500,2023
363500,77230,DAMMARTIN-EN-GOELE,77,Dépendance,0,0,500,2023
363500,77230,DAMMARTIN-EN-GOELE,77,Dépendance,0,0,338,2023
320000,77230,DAMMARTIN-EN-GOELE,77,Maison,84,4,449,2023
340000,77500,CHELLES,77,Maison,83,4,486,2023
275000,77280,OTHIS,77,Maison,75,4,493,2023
285000,77280,OTHIS,77,Maison,89,4,501,2023
285000,77280,OTHIS,77,Dépendance,0,0,501,2023
373020,77410,CLAYE-SOUILLY,77,Maison,94,5,370,2023
548000,77169,BOISSY-LE-CHATEL,77,Maison,168,7,686,2023
548000,77169,BOISSY-LE-CHATEL,77,Maison,168,7,500,2023
260000,77120,COULOMMIERS,77,Maison,88,3,580,2023
313000,77640,JOUARRE,77,Appartement,27,0,70,2023
313000,77640,JOUARRE,77,Appartement,12,1,70,2023
313000,77640,JOUARRE,77,Appartement,50,2,70,2023
313000,77640,JOUARRE,77,Appartement,40,2,70,2023
313000,77640,JOUARRE,77,Appartement,35,1,70,2023
416045,77120,COULOMMIERS,77,Dépendance,0,0,500,2023
416045,77120,COULOMMIERS,77,Dépendance,0,0,656,2023
416045,77120,COULOMMIERS,77,Maison,102,5,656,2023
416045,77120,COULOMMIERS,77,Maison,102,5,500,2023
616900,77230,VINANTES,77,Maison,172,5,500,2023
616900,77230,VINANTES,77,Maison,172,5,412,2023
870000,77600,CHANTELOUP EN BRIE,77,Local industriel. commercial ou assimilé,1175,0,1176,2023
870000,77600,CHANTELOUP EN BRIE,77,Maison,68,4,1176,2023
473530,77450,ESBLY,77,Maison,121,5,394,2023
360000,77410,CLAYE-SOUILLY,77,Maison,111,5,172,2023
360000,77270,VILLEPARISIS,77,Maison,111,5,772,2023
360000,77270,VILLEPARISIS,77,Dépendance,0,0,772,2023
155000,77124,CREGY-LES-MEAUX,77,Maison,78,3,500,2023
155000,77124,CREGY-LES-MEAUX,77,Maison,78,3,392,2023
348000,77181,LE PIN,77,Maison,80,4,197,2023
348000,77181,LE PIN,77,Dépendance,0,0,23,2023
92180,77650,SAVINS,77,Maison,138,5,352,2023
260000,77470,TRILPORT,77,Dépendance,0,0,253,2023
260000,77470,TRILPORT,77,Maison,68,3,253,2023
200000,77410,CLAYE-SOUILLY,77,Maison,67,3,32,2023
140000,77470,VILLEMAREUIL,77,Maison,78,3,380,2023
140000,77470,VILLEMAREUIL,77,Dépendance,0,0,380,2023
140000,77470,VILLEMAREUIL,77,Appartement,18,1,380,2023
225000,77480,SAINT-SAUVEUR-LES-BRAY,77,Maison,93,4,873,2023
358605,77124,CREGY-LES-MEAUX,77,Maison,117,4,337,2023
540000,77600,BUSSY-SAINT-GEORGES,77,Maison,136,6,365,2023
319650,77970,PECY,77,Maison,106,4,741,2023
319650,77970,PECY,77,Maison,106,4,500,2023
747457,77470,TRILPORT,77,Maison,154,5,1790,2023
747457,77470,TRILPORT,77,Maison,154,5,710,2023
84000,77114,NOYEN-SUR-SEINE,77,Dépendance,0,0,197,2023
84000,77114,NOYEN-SUR-SEINE,77,Maison,60,4,197,2023
545000,77400,LAGNY-SUR-MARNE,77,Dépendance,0,0,173,2023
545000,77400,LAGNY-SUR-MARNE,77,Dépendance,0,0,500,2023
545000,77400,LAGNY-SUR-MARNE,77,Maison,88,5,500,2023
545000,77400,LAGNY-SUR-MARNE,77,Maison,88,5,173,2023
440000,77100,MEAUX,77,Dépendance,0,0,319,2023
440000,77100,MEAUX,77,Maison,103,6,319,2023
248000,77650,JUTIGNY,77,Maison,101,5,518,2023
575000,77580,CRECY LA CHAPELLE,77,Maison,62,2,348,2023
403600,77100,MEAUX,77,Maison,174,8,507,2023
163000,77260,REUIL-EN-BRIE,77,Maison,60,3,132,2023
260000,77510,VILLENEUVE-SUR-BELLOT,77,Maison,55,2,308,2023
260000,77510,VILLENEUVE-SUR-BELLOT,77,Dépendance,0,0,308,2023
260000,77510,VILLENEUVE-SUR-BELLOT,77,Local industriel. commercial ou assimilé,140,0,1017,2023
260000,77510,VILLENEUVE-SUR-BELLOT,77,Local industriel. commercial ou assimilé,140,0,360,2023
260000,77510,VILLENEUVE-SUR-BELLOT,77,Maison,84,4,250,2023
260000,77510,VILLENEUVE-SUR-BELLOT,77,Dépendance,0,0,905,2023
260000,77510,VILLENEUVE-SUR-BELLOT,77,Maison,84,4,905,2023
260000,77510,VILLENEUVE-SUR-BELLOT,77,Dépendance,0,0,250,2023
260000,77510,VILLENEUVE-SUR-BELLOT,77,Dépendance,0,0,810,2023
120000,77320,MEILLERAY,77,Dépendance,0,0,75,2023
120000,77320,MEILLERAY,77,Maison,71,5,75,2023
23000,77470,MONTCEAUX-LES-MEAUX,77,Dépendance,0,0,105,2023
450000,77181,COURTRY,77,Maison,113,4,496,2023
230000,77580,PIERRE-LEVEE,77,Dépendance,0,0,344,2023
45000,77320,MONTOLIVET,77,Maison,96,5,690,2023
45000,77320,MONTOLIVET,77,Maison,96,5,250,2023
297000,77100,MEAUX,77,Maison,104,4,162,2023
145000,77160,PROVINS,77,Maison,66,3,502,2023
249000,77120,BEAUTHEIL-SAINTS,77,Maison,83,4,651,2023
76500,77320,FERTE-GAUCHER (LA),77,Maison,87,4,249,2023
400000,77580,CRECY LA CHAPELLE,77,Maison,112,5,500,2023
400000,77580,CRECY LA CHAPELLE,77,Maison,112,5,95,2023
185000,77580,GUERARD,77,Maison,35,2,316,2023
185000,77580,GUERARD,77,Maison,35,2,584,2023
230000,77100,NANTEUIL-LES-MEAUX,77,Maison,105,3,111,2023
557000,77400,LAGNY-SUR-MARNE,77,Maison,120,3,350,2023
170000,77270,VILLEPARISIS,77,Maison,42,1,475,2023
178000,77126,CHATENAY-SUR-SEINE,77,Maison,90,2,111,2023
178000,77126,CHATENAY-SUR-SEINE,77,Maison,90,2,510,2023
305000,77515,POMMEUSE,77,Maison,110,6,514,2023
290000,77610,HOUSSAYE-EN-BRIE (LA),77,Maison,130,5,206,2023
290000,77610,HOUSSAYE-EN-BRIE (LA),77,Dépendance,0,0,206,2023
137000,77230,LONGPERRIER,77,Maison,114,4,57,2023
205000,77510,BELLOT,77,Maison,169,5,2200,2023
205000,77510,BELLOT,77,Dépendance,0,0,2200,2023
205000,77510,BELLOT,77,Maison,169,5,830,2023
205000,77510,BELLOT,77,Dépendance,0,0,830,2023
344550,77470,SAINT-FIACRE,77,Maison,121,4,471,2023
344550,77470,SAINT-FIACRE,77,Maison,121,4,300,2023
88000,77610,NEUFMOUTIERS-EN-BRIE,77,Dépendance,0,0,75,2023
259000,77540,CHAPELLE-IGER (LA),77,Maison,100,4,240,2023
175000,77120,CHAILLY-EN-BRIE,77,Maison,78,3,528,2023
175000,77120,CHAILLY-EN-BRIE,77,Maison,78,3,250,2023
275000,77610,FONTENAY-TRESIGNY,77,Maison,69,4,695,2023
275000,77610,FONTENAY-TRESIGNY,77,Maison,69,4,95,2023
450000,77410,VILLEVAUDE,77,Maison,24,1,355,2023
450000,77410,VILLEVAUDE,77,Dépendance,0,0,355,2023
325000,77510,SAINT-DENIS-LES-REBAIS,77,Maison,167,5,903,2023
325000,77510,SAINT-DENIS-LES-REBAIS,77,Maison,167,5,250,2023
280400,77141,VAUDOY-EN-BRIE,77,Maison,85,4,500,2023
280400,77141,VAUDOY-EN-BRIE,77,Dépendance,0,0,500,2023
280400,77141,VAUDOY-EN-BRIE,77,Dépendance,0,0,185,2023
280400,77141,VAUDOY-EN-BRIE,77,Maison,85,4,185,2023
132000,77120,MOUROUX,77,Maison,45,0,1261,2023
132000,77120,MOUROUX,77,Maison,45,0,250,2023
449350,77100,MAREUIL-LES-MEAUX,77,Maison,155,5,500,2023
449350,77100,MAREUIL-LES-MEAUX,77,Maison,155,5,300,2023
446374,77410,CLAYE-SOUILLY,77,Maison,114,4,341,2023
442400,77540,COURPALAY,77,Maison,58,3,21325,2023
442400,77540,COURPALAY,77,Dépendance,0,0,21325,2023
290000,77610,FONTENAY-TRESIGNY,77,Maison,120,4,500,2023
290000,77610,FONTENAY-TRESIGNY,77,Dépendance,0,0,500,2023
290000,77610,FONTENAY-TRESIGNY,77,Maison,120,4,16094,2023
290000,77610,FONTENAY-TRESIGNY,77,Dépendance,0,0,16094,2023
124000,77580,LA HAUTE-MAISON,77,Maison,148,6,3600,2023
124000,77580,LA HAUTE-MAISON,77,Maison,148,6,2320,2023
162250,77440,CONGIS-SUR-THEROUANNE,77,Maison,100,4,158,2023
266500,77470,TRILPORT,77,Maison,68,5,294,2023
415000,77580,BOULEURS,77,Maison,104,6,766,2023
414000,77700,COUPVRAY,77,Maison,151,6,506,2023
414000,77700,COUPVRAY,77,Dépendance,0,0,506,2023
188000,77370,NANGIS,77,Maison,64,4,429,2023
336450,77540,LUMIGNY NESLES ORMEAUX,77,Dépendance,0,0,614,2023
336450,77540,LUMIGNY NESLES ORMEAUX,77,Dépendance,0,0,123,2023
336450,77540,LUMIGNY NESLES ORMEAUX,77,Maison,120,4,614,2023
336450,77540,LUMIGNY NESLES ORMEAUX,77,Maison,120,4,123,2023
499000,77100,MEAUX,77,Maison,140,4,435,2023
466670,77700,COUPVRAY,77,Maison,79,3,500,2023
466670,77700,COUPVRAY,77,Maison,79,3,230,2023
315000,77200,TORCY,77,Maison,99,4,121,2023
267000,77169,BOISSY-LE-CHATEL,77,Maison,90,3,242,2023
242000,77860,QUINCY-VOISINS,77,Dépendance,0,0,106,2023
242000,77860,QUINCY-VOISINS,77,Maison,100,5,106,2023
220000,77470,BOUTIGNY,77,Maison,94,4,201,2023
220000,77470,BOUTIGNY,77,Dépendance,0,0,201,2023
475000,77200,TORCY,77,Local industriel. commercial ou assimilé,54,0,412,2023
475000,77200,TORCY,77,Appartement,73,3,412,2023
475000,77200,TORCY,77,Appartement,75,3,412,2023
370100,77515,POMMEUSE,77,Dépendance,0,0,1288,2023
370100,77515,POMMEUSE,77,Maison,133,7,1288,2023
370100,77515,POMMEUSE,77,Dépendance,0,0,500,2023
370100,77515,POMMEUSE,77,Maison,133,7,500,2023
410000,77164,FERRIERES-EN-BRIE,77,Dépendance,0,0,700,2023
410000,77164,FERRIERES-EN-BRIE,77,Maison,93,6,700,2023
467400,77177,BROU-SUR-CHANTEREINE,77,Maison,97,5,519,2023
366200,77174,VILLENEUVE-SAINT-DENIS,77,Dépendance,0,0,559,2023
366200,77174,VILLENEUVE-SAINT-DENIS,77,Maison,190,7,559,2023
366200,77174,VILLENEUVE-SAINT-DENIS,77,Local industriel. commercial ou assimilé,20,0,559,2023
185000,77840,CROUY-SUR-OURCQ,77,Dépendance,0,0,332,2023
185000,77840,CROUY-SUR-OURCQ,77,Maison,85,3,332,2023
340000,77260,LA FERTE SOUS JOUARRE,77,Maison,130,6,136,2023
131000,77174,VILLENEUVE-LE-COMTE,77,Maison,65,3,61,2023
131000,77174,VILLENEUVE-LE-COMTE,77,Dépendance,0,0,29,2023
460000,77230,ROUVRES,77,Dépendance,0,0,991,2023
460000,77230,ROUVRES,77,Maison,104,5,500,2023
460000,77230,ROUVRES,77,Dépendance,0,0,500,2023
460000,77230,ROUVRES,77,Maison,104,5,991,2023
237000,77178,SAINT-PATHUS,77,Maison,96,4,110,2023
237000,77178,SAINT-PATHUS,77,Dépendance,0,0,110,2023
237000,77178,SAINT-PATHUS,77,Dépendance,0,0,30,2023
284000,77230,SAINT-MARD,77,Maison,66,4,157,2023
260000,77178,SAINT-PATHUS,77,Maison,84,5,582,2023
246300,77650,SAVINS,77,Maison,295,5,802,2023
200500,77580,PIERRE-LEVEE,77,Maison,81,5,610,2023
225000,77580,SANCY-LES-MEAUX,77,Maison,73,3,500,2023
225000,77580,SANCY-LES-MEAUX,77,Maison,73,3,262,2023
1150000,77400,DAMPMART,77,Maison,95,3,515,2023
1150000,77400,DAMPMART,77,Dépendance,0,0,515,2023
1150000,77400,DAMPMART,77,Dépendance,0,0,470,2023
1150000,77400,DAMPMART,77,Maison,35,2,470,2023
690000,77100,MEAUX,77,Maison,150,8,501,2023
175000,77700,SERRIS,77,Maison,60,2,74,2023
420000,77290,MITRY MORY,77,Maison,75,3,396,2023
181900,77160,PROVINS,77,Maison,89,5,160,2023
290000,77580,CRECY LA CHAPELLE,77,Local industriel. commercial ou assimilé,496,0,500,2023
290000,77580,CRECY LA CHAPELLE,77,Local industriel. commercial ou assimilé,496,0,451,2023
273000,77160,POIGNY,77,Maison,141,6,655,2023
178000,77160,PROVINS,77,Maison,73,4,324,2023
172000,77910,BARCY,77,Maison,102,5,703,2023
172000,77910,BARCY,77,Dépendance,0,0,703,2023
295000,77120,MOUROUX,77,Maison,106,5,550,2023
295000,77120,MOUROUX,77,Dépendance,0,0,550,2023
503000,77400,LAGNY-SUR-MARNE,77,Dépendance,0,0,462,2023
503000,77400,LAGNY-SUR-MARNE,77,Maison,140,6,462,2023
270000,77122,MONTHYON,77,Maison,153,4,328,2023
230000,77230,SAINT-MARD,77,Dépendance,0,0,316,2023
230000,77230,SAINT-MARD,77,Maison,83,4,316,2023
280000,77860,QUINCY-VOISINS,77,Maison,88,5,315,2023
119000,77260,LA FERTE SOUS JOUARRE,77,Dépendance,0,0,1613,2023
539000,77910,GERMIGNY-L EVEQUE,77,Dépendance,0,0,500,2023
539000,77910,GERMIGNY-L EVEQUE,77,Maison,140,5,500,2023
539000,77910,GERMIGNY-L EVEQUE,77,Dépendance,0,0,1281,2023
539000,77910,GERMIGNY-L EVEQUE,77,Maison,140,5,1281,2023
300000,77450,ESBLY,77,Maison,85,4,376,2023
300000,77470,FUBLAINES,77,Maison,86,4,493,2023
300000,77470,FUBLAINES,77,Maison,86,4,500,2023
248000,77320,ST REMY DE LA VANNE,77,Maison,110,4,521,2023
512220,77230,DAMMARTIN-EN-GOELE,77,Dépendance,0,0,500,2023
512220,77230,DAMMARTIN-EN-GOELE,77,Dépendance,0,0,286,2023
512220,77230,DAMMARTIN-EN-GOELE,77,Maison,131,6,500,2023
512220,77230,DAMMARTIN-EN-GOELE,77,Maison,131,6,286,2023
325000,77230,DAMMARTIN-EN-GOELE,77,Maison,92,4,539,2023
310000,77280,OTHIS,77,Maison,120,5,278,2023
250000,77154,VILLENEUVE-LES-BORDES,77,Maison,100,5,1252,2023
1100000,77100,MEAUX,77,Local industriel. commercial ou assimilé,1078,0,264,2023
365000,77420,CHAMPS-SUR-MARNE,77,Maison,91,4,134,2023
247000,77600,BUSSY-SAINT-GEORGES,77,Maison,74,4,50,2023
415000,77410,CLAYE-SOUILLY,77,Maison,100,6,351,2023
280000,77840,GERMIGNY-SOUS-COULOMBS,77,Maison,70,3,387,2023
280000,77840,GERMIGNY-SOUS-COULOMBS,77,Maison,114,4,218,2023
90000,77540,BERNAY VILBERT,77,Dépendance,0,0,858,2023
285000,77540,BERNAY VILBERT,77,Maison,110,5,334,2023
285000,77540,BERNAY VILBERT,77,Maison,110,5,500,2023
398500,77860,SAINT-GERMAIN-SUR-MORIN,77,Maison,92,3,371,2023
215000,77520,DONNEMARIE-DONTILLY,77,Dépendance,0,0,400,2023
215000,77520,DONNEMARIE-DONTILLY,77,Dépendance,0,0,125,2023
215000,77520,DONNEMARIE-DONTILLY,77,Maison,89,4,400,2023
215000,77520,DONNEMARIE-DONTILLY,77,Maison,89,4,125,2023
325000,77186,NOISIEL,77,Maison,98,5,119,2023
437500,77500,CHELLES,77,Maison,115,4,458,2023
302000,77580,VOULANGIS,77,Maison,84,5,300,2023
391950,77750,SAINT-CYR-SUR-MORIN,77,Maison,177,6,296,2023
391950,77750,SAINT-CYR-SUR-MORIN,77,Maison,177,6,369,2023
320000,77141,VAUDOY-EN-BRIE,77,Dépendance,0,0,2950,2023
320000,77141,VAUDOY-EN-BRIE,77,Dépendance,0,0,1506,2023
320000,77141,VAUDOY-EN-BRIE,77,Maison,80,4,2950,2023
320000,77141,VAUDOY-EN-BRIE,77,Maison,80,4,1506,2023
438000,77400,POMPONNE,77,Maison,140,7,252,2023
438000,77400,POMPONNE,77,Dépendance,0,0,252,2023
438000,77400,POMPONNE,77,Maison,140,7,500,2023
438000,77400,POMPONNE,77,Dépendance,0,0,500,2023
249100,77370,NANGIS,77,Maison,120,6,338,2023
215000,77370,CROIX-EN-BRIE (LA),77,Maison,78,4,385,2023
164000,77320,FERTE-GAUCHER (LA),77,Appartement,32,1,101,2023
164000,77320,FERTE-GAUCHER (LA),77,Appartement,50,1,101,2023
180000,77650,LONGUEVILLE,77,Maison,84,4,660,2023
207000,77320,CHEVRU,77,Maison,104,4,561,2023
322000,77500,CHELLES,77,Dépendance,0,0,456,2023
322000,77500,CHELLES,77,Maison,70,4,456,2023
184000,77560,VILLIERS-SAINT-GEORGES,77,Dépendance,0,0,899,2023
184000,77560,VILLIERS-SAINT-GEORGES,77,Appartement,96,3,899,2023
184000,77560,VILLIERS-SAINT-GEORGES,77,Appartement,101,2,899,2023
184000,77560,VILLIERS-SAINT-GEORGES,77,Maison,125,5,899,2023
184000,77560,VILLIERS-SAINT-GEORGES,77,Appartement,71,2,899,2023
198000,77144,MONTEVRAIN,77,Maison,69,3,77,2023
268600,77100,MEAUX,77,Maison,86,4,173,2023
270000,77100,MEAUX,77,Maison,63,4,424,2023
200000,77120,AULNOY,77,Maison,55,3,132,2023
125000,77120,COULOMMIERS,77,Dépendance,0,0,225,2023
125000,77120,COULOMMIERS,77,Maison,60,4,225,2023
450000,77580,VOULANGIS,77,Maison,132,6,500,2023
450000,77580,VOULANGIS,77,Maison,132,6,446,2023
495000,77230,DAMMARTIN-EN-GOELE,77,Maison,173,5,46,2023
455000,77860,SAINT-GERMAIN-SUR-MORIN,77,Maison,136,6,907,2023
455000,77860,SAINT-GERMAIN-SUR-MORIN,77,Maison,136,6,500,2023
250000,77540,PLESSIS-FEU-AUSSOUS (LE),77,Dépendance,0,0,500,2023
250000,77540,PLESSIS-FEU-AUSSOUS (LE),77,Maison,83,4,500,2023
250000,77540,PLESSIS-FEU-AUSSOUS (LE),77,Dépendance,0,0,607,2023
250000,77540,PLESSIS-FEU-AUSSOUS (LE),77,Maison,83,4,607,2023
1350000,77370,NANGIS,77,Local industriel. commercial ou assimilé,160,0,5000,2023
1350000,77370,NANGIS,77,Local industriel. commercial ou assimilé,2190,0,5000,2023
225000,77120,COULOMMIERS,77,Dépendance,0,0,612,2023
225000,77120,COULOMMIERS,77,Maison,66,4,612,2023
247000,77260,LA FERTE SOUS JOUARRE,77,Maison,189,6,500,2023
247000,77260,LA FERTE SOUS JOUARRE,77,Dépendance,0,0,500,2023
247000,77260,LA FERTE SOUS JOUARRE,77,Maison,189,6,401,2023
247000,77260,LA FERTE SOUS JOUARRE,77,Dépendance,0,0,401,2023
345500,77200,TORCY,77,Maison,77,4,202,2023
140000,77290,MITRY MORY,77,Dépendance,0,0,191,2023
140000,77290,MITRY MORY,77,Maison,60,3,191,2023
240000,77515,CELLE-SUR-MORIN (LA),77,Dépendance,0,0,341,2023
143000,77100,MEAUX,77,Dépendance,0,0,251,2023
250000,77540,LUMIGNY NESLES ORMEAUX,77,Maison,75,4,522,2023
250000,77540,LUMIGNY NESLES ORMEAUX,77,Dépendance,0,0,522,2023
250000,77540,LUMIGNY NESLES ORMEAUX,77,Maison,75,4,250,2023
250000,77540,LUMIGNY NESLES ORMEAUX,77,Dépendance,0,0,250,2023
249000,77169,BOISSY-LE-CHATEL,77,Maison,85,4,580,2023
249000,77169,BOISSY-LE-CHATEL,77,Dépendance,0,0,580,2023
225000,77860,SAINT-GERMAIN-SUR-MORIN,77,Maison,91,4,341,2023
8000,77169,SAINT-GERMAIN-SOUS-DOUE,77,Dépendance,0,0,42,2023
250000,77730,SAACY-SUR-MARNE,77,Maison,53,3,500,2023
250000,77730,SAACY-SUR-MARNE,77,Maison,53,3,1331,2023
247000,77120,CHAILLY-EN-BRIE,77,Maison,88,5,380,2023
285000,77500,CHELLES,77,Maison,140,4,500,2023
140000,77730,SAACY-SUR-MARNE,77,Maison,59,3,80,2023
210000,77580,VILLIERS-SUR-MORIN,77,Maison,47,2,349,2023
210000,77580,VILLIERS-SUR-MORIN,77,Dépendance,0,0,349,2023
30500,77260,SAINTE-AULDE,77,Dépendance,0,0,31,2023
279900,77154,COUTENCON,77,Maison,122,5,36,2023
190000,77320,CHOISY-EN-BRIE,77,Maison,78,3,184,2023
190000,77320,CHOISY-EN-BRIE,77,Maison,122,4,184,2023
190000,77320,CHOISY-EN-BRIE,77,Dépendance,0,0,100,2023
190000,77320,CHOISY-EN-BRIE,77,Dépendance,0,0,521,2023
127000,77320,FERTE-GAUCHER (LA),77,Maison,82,3,158,2023
716000,77600,BUSSY-SAINT-GEORGES,77,Maison,205,7,167,2023
716000,77600,BUSSY-SAINT-GEORGES,77,Maison,205,7,500,2023
463000,77410,ANNET-SUR-MARNE,77,Maison,122,5,500,2023
463000,77410,ANNET-SUR-MARNE,77,Maison,122,5,100,2023
250000,77120,COULOMMIERS,77,Maison,71,4,262,2023
250000,77120,COULOMMIERS,77,Maison,71,4,670,2023
312000,77100,NANTEUIL-LES-MEAUX,77,Maison,105,4,414,2023
150000,77120,COULOMMIERS,77,Appartement,34,2,53,2023
150000,77120,COULOMMIERS,77,Local industriel. commercial ou assimilé,30,0,53,2023
150000,77120,COULOMMIERS,77,Appartement,33,2,53,2023
375000,77500,CHELLES,77,Maison,105,6,504,2023
265000,77100,MEAUX,77,Maison,82,4,182,2023
130000,77320,BETON-BAZOCHES,77,Maison,73,3,438,2023
80000,77171,SOURDUN,77,Maison,52,2,46,2023
225000,77910,CHAMBRY,77,Dépendance,0,0,56,2023
249000,77500,CHELLES,77,Maison,54,4,129,2023
175000,77160,PROVINS,77,Maison,120,5,482,2023
175000,77160,PROVINS,77,Dépendance,0,0,482,2023
589100,77400,LAGNY-SUR-MARNE,77,Maison,163,5,564,2023
589100,77400,LAGNY-SUR-MARNE,77,Dépendance,0,0,500,2023
589100,77400,LAGNY-SUR-MARNE,77,Dépendance,0,0,564,2023
589100,77400,LAGNY-SUR-MARNE,77,Maison,163,5,500,2023
320000,77186,NOISIEL,77,Maison,109,5,276,2023
482200,77230,JUILLY,77,Dépendance,0,0,500,2023
482200,77230,JUILLY,77,Maison,109,6,500,2023
482200,77230,JUILLY,77,Maison,109,6,934,2023
482200,77230,JUILLY,77,Dépendance,0,0,934,2023
119008,77165,IVERNY,77,Maison,109,6,411,2023
230000,77270,VILLEPARISIS,77,Maison,70,2,299,2023
189000,77120,CHAILLY-EN-BRIE,77,Dépendance,0,0,248,2023
189000,77120,CHAILLY-EN-BRIE,77,Maison,80,4,155,2023
390000,77290,MITRY MORY,77,Maison,77,4,450,2023
390000,77290,MITRY MORY,77,Dépendance,0,0,450,2023
945000,77400,LAGNY-SUR-MARNE,77,Local industriel. commercial ou assimilé,1050,0,2765,2023
287000,77163,MORTCERF,77,Dépendance,0,0,579,2023
287000,77163,MORTCERF,77,Maison,108,4,579,2023
205000,77270,VILLEPARISIS,77,Dépendance,0,0,406,2023
205000,77270,VILLEPARISIS,77,Maison,47,3,406,2023
1100000,77100,MEAUX,77,Local industriel. commercial ou assimilé,1089,0,500,2023
1100000,77100,MEAUX,77,Local industriel. commercial ou assimilé,1089,0,1523,2023
332700,77580,GUERARD,77,Maison,110,5,574,2023
332700,77580,GUERARD,77,Dépendance,0,0,574,2023
260000,77450,ESBLY,77,Maison,68,3,455,2023
340000,77120,MAUPERTHUIS,77,Dépendance,0,0,250,2023
340000,77120,MAUPERTHUIS,77,Maison,109,5,1756,2023
340000,77120,MAUPERTHUIS,77,Maison,109,5,250,2023
340000,77120,MAUPERTHUIS,77,Dépendance,0,0,1756,2023
298990,77515,CELLE-SUR-MORIN (LA),77,Maison,88,4,567,2023
298990,77515,CELLE-SUR-MORIN (LA),77,Dépendance,0,0,567,2023
198924,77400,DAMPMART,77,Maison,50,3,1242,2023
198924,77400,DAMPMART,77,Dépendance,0,0,1242,2023
498000,77400,THORIGNY SUR MARNE,77,Maison,134,5,101,2023
498000,77400,THORIGNY SUR MARNE,77,Maison,134,5,500,2023
205000,77400,CARNETIN,77,Local industriel. commercial ou assimilé,0,0,726,2023
205000,77400,CARNETIN,77,Maison,77,4,604,2023
205000,77400,CARNETIN,77,Local industriel. commercial ou assimilé,0,0,604,2023
205000,77400,CARNETIN,77,Maison,77,4,726,2023
205000,77400,CARNETIN,77,Maison,77,4,605,2023
205000,77400,CARNETIN,77,Local industriel. commercial ou assimilé,0,0,605,2023
332000,77640,JOUARRE,77,Maison,124,4,500,2023
332000,77640,JOUARRE,77,Maison,124,4,1526,2023
170000,77520,MONTIGNY-LENCOUP,77,Maison,80,2,657,2023
260000,77100,NANTEUIL-LES-MEAUX,77,Maison,106,3,107,2023
260000,77100,NANTEUIL-LES-MEAUX,77,Maison,69,3,163,2023
333333,77580,BOULEURS,77,Maison,173,6,566,2023
1051350,77700,MAGNY-LE-HONGRE,77,Dépendance,0,0,641,2023
1051350,77700,MAGNY-LE-HONGRE,77,Maison,190,5,500,2023
1051350,77700,MAGNY-LE-HONGRE,77,Dépendance,0,0,500,2023
1051350,77700,MAGNY-LE-HONGRE,77,Maison,190,5,641,2023
400000,77410,CLAYE-SOUILLY,77,Maison,134,5,612,2023
320000,77280,OTHIS,77,Maison,103,5,913,2023
320000,77280,OTHIS,77,Dépendance,0,0,913,2023
980000,77600,CONCHES SUR GONDOIRE,77,Local industriel. commercial ou assimilé,333,0,433,2023
980000,77600,CONCHES SUR GONDOIRE,77,Local industriel. commercial ou assimilé,333,0,500,2023
150000,77480,BRAY-SUR-SEINE,77,Maison,100,4,600,2023
150000,77480,BRAY-SUR-SEINE,77,Dépendance,0,0,600,2023
150000,77480,BRAY-SUR-SEINE,77,Maison,100,4,376,2023
150000,77480,BRAY-SUR-SEINE,77,Dépendance,0,0,376,2023
215000,77120,COULOMMIERS,77,Maison,106,5,253,2023
210000,77100,MEAUX,77,Local industriel. commercial ou assimilé,90,0,284,2023
265000,77370,CHAPELLE-RABLAIS (LA),77,Maison,106,6,580,2023
265000,77370,CHAPELLE-RABLAIS (LA),77,Dépendance,0,0,580,2023
370000,77290,MITRY MORY,77,Maison,98,3,380,2023
295000,77480,BRAY-SUR-SEINE,77,Maison,147,6,540,2023
100000,77580,VILLIERS-SUR-MORIN,77,Appartement,38,2,72,2023
100000,77580,VILLIERS-SUR-MORIN,77,Dépendance,0,0,710,2023
100000,77580,VILLIERS-SUR-MORIN,77,Dépendance,0,0,342,2023
100000,77580,VILLIERS-SUR-MORIN,77,Maison,58,3,158,2023
100000,77580,VILLIERS-SUR-MORIN,77,Maison,40,2,158,2023
100000,77580,VILLIERS-SUR-MORIN,77,Appartement,95,4,158,2023
320000,77165,SAINT-SOUPPLETS,77,Dépendance,0,0,67,2023
320000,77165,SAINT-SOUPPLETS,77,Maison,85,4,67,2023
415000,77540,ROZAY-EN-BRIE,77,Maison,128,5,719,2023
415000,77540,ROZAY-EN-BRIE,77,Dépendance,0,0,719,2023
415000,77540,ROZAY-EN-BRIE,77,Dépendance,0,0,86,2023
415000,77540,ROZAY-EN-BRIE,77,Maison,128,5,86,2023
295000,77500,CHELLES,77,Maison,73,4,497,2023
212000,77480,VILLENAUXE-LA-PETITE,77,Maison,80,2,804,2023
232650,77470,POINCY,77,Maison,52,3,96,2023
232650,77470,POINCY,77,Dépendance,0,0,96,2023
279000,77910,CHAMBRY,77,Maison,95,5,500,2023
163500,77230,SAINT-MARD,77,Maison,133,5,567,2023
163500,77230,SAINT-MARD,77,Maison,133,5,68,2023
605000,77144,MONTEVRAIN,77,Maison,131,5,500,2023
605000,77144,MONTEVRAIN,77,Maison,131,5,27,2023
138500,77520,MONS-EN-MONTOIS,77,Dépendance,0,0,837,2023
138500,77520,MONS-EN-MONTOIS,77,Maison,110,4,837,2023
90000,77370,CROIX-EN-BRIE (LA),77,Maison,72,3,52,2023
507000,77200,TORCY,77,Maison,148,6,343,2023
269900,77280,OTHIS,77,Dépendance,0,0,337,2023
269900,77280,OTHIS,77,Maison,89,4,337,2023
270000,77450,MONTRY,77,Maison,49,3,150,2023
270000,77450,MONTRY,77,Dépendance,0,0,150,2023
262710,77500,CHELLES,77,Maison,76,4,349,2023
435000,77500,CHELLES,77,Maison,117,6,484,2023
208000,77230,VINANTES,77,Maison,100,3,401,2023
550000,77230,DAMMARTIN-EN-GOELE,77,Maison,197,6,169,2023
550000,77230,DAMMARTIN-EN-GOELE,77,Maison,197,6,500,2023
136323,77400,SAINT THIBAULT DES VIGNES,77,Maison,81,4,171,2023
215000,77510,BELLOT,77,Maison,121,5,447,2023
215000,77510,BELLOT,77,Dépendance,0,0,447,2023
30001,77440,OCQUERRE,77,Dépendance,0,0,40,2023
910200,77640,JOUARRE,77,Maison,350,9,1068,2023
910200,77640,JOUARRE,77,Dépendance,0,0,1068,2023
2550000,77610,HOUSSAYE-EN-BRIE (LA),77,Local industriel. commercial ou assimilé,1300,0,530,2023
2550000,77610,HOUSSAYE-EN-BRIE (LA),77,Local industriel. commercial ou assimilé,1300,0,3535,2023
2550000,77610,HOUSSAYE-EN-BRIE (LA),77,Dépendance,0,0,90,2023
2550000,77610,HOUSSAYE-EN-BRIE (LA),77,Maison,120,5,90,2023
2550000,77610,HOUSSAYE-EN-BRIE (LA),77,Dépendance,0,0,986,2023
2550000,77610,HOUSSAYE-EN-BRIE (LA),77,Maison,90,5,986,2023
2550000,77610,HOUSSAYE-EN-BRIE (LA),77,Local industriel. commercial ou assimilé,300,0,986,2023
2550000,77610,HOUSSAYE-EN-BRIE (LA),77,Maison,89,4,986,2023
2550000,77610,HOUSSAYE-EN-BRIE (LA),77,Maison,90,5,3500,2023
2550000,77610,HOUSSAYE-EN-BRIE (LA),77,Dépendance,0,0,3500,2023
2550000,77610,HOUSSAYE-EN-BRIE (LA),77,Maison,89,4,3500,2023
2550000,77610,HOUSSAYE-EN-BRIE (LA),77,Local industriel. commercial ou assimilé,300,0,3500,2023
255000,77660,SAINT JEAN LES DEUX JUMEAUX,77,Maison,83,4,500,2023
255000,77660,SAINT JEAN LES DEUX JUMEAUX,77,Maison,83,4,549,2023
315000,77610,FONTENAY-TRESIGNY,77,Maison,89,5,525,2023
184000,77440,JAIGNES,77,Maison,81,3,500,2023
184000,77440,JAIGNES,77,Maison,81,3,2400,2023
140000,77610,HOUSSAYE-EN-BRIE (LA),77,Dépendance,0,0,336,2023
116000,77480,JAULNES,77,Maison,48,3,502,2023
395000,77120,COULOMMIERS,77,Maison,130,5,535,2023
395000,77120,COULOMMIERS,77,Local industriel. commercial ou assimilé,600,0,535,2023
12000,77160,PROVINS,77,Dépendance,0,0,92,2023
240000,77515,SAINT-AUGUSTIN,77,Maison,108,6,314,2023
155339,77171,LECHELLE,77,Dépendance,0,0,369,2023
155339,77171,LECHELLE,77,Maison,80,4,240,2023
155339,77171,LECHELLE,77,Dépendance,0,0,240,2023
155339,77171,LECHELLE,77,Maison,80,4,369,2023
130000,77750,SAINT-OUEN-SUR-MORIN,77,Maison,92,6,500,2023
130000,77750,SAINT-OUEN-SUR-MORIN,77,Maison,92,6,449,2023
67000,77171,MELZ-SUR-SEINE,77,Dépendance,0,0,393,2023
67000,77171,MELZ-SUR-SEINE,77,Maison,56,2,393,2023
80000,77515,FAREMOUTIERS,77,Dépendance,0,0,46,2023
288300,77290,MITRY MORY,77,Maison,48,3,402,2023
1260000,77860,COUILLY-PONT-AUX-DAMES,77,Appartement,70,3,500,2023
1260000,77860,COUILLY-PONT-AUX-DAMES,77,Appartement,100,5,500,2023
1260000,77860,COUILLY-PONT-AUX-DAMES,77,Dépendance,0,0,500,2023
1260000,77860,COUILLY-PONT-AUX-DAMES,77,Appartement,96,4,500,2023
1260000,77860,COUILLY-PONT-AUX-DAMES,77,Appartement,105,3,500,2023
1260000,77860,COUILLY-PONT-AUX-DAMES,77,Appartement,70,3,1479,2023
1260000,77860,COUILLY-PONT-AUX-DAMES,77,Appartement,100,5,1479,2023
1260000,77860,COUILLY-PONT-AUX-DAMES,77,Dépendance,0,0,1479,2023
1260000,77860,COUILLY-PONT-AUX-DAMES,77,Appartement,96,4,1479,2023
1260000,77860,COUILLY-PONT-AUX-DAMES,77,Appartement,105,3,1479,2023
250000,77515,POMMEUSE,77,Maison,68,4,389,2023
250000,77515,POMMEUSE,77,Maison,68,4,500,2023
98000,77163,MORTCERF,77,Maison,31,2,25,2023
160000,77360,VAIRES SUR MARNE,77,Dépendance,0,0,166,2023
160000,77360,VAIRES SUR MARNE,77,Maison,50,4,166,2023
213000,77260,LA FERTE SOUS JOUARRE,77,Maison,89,4,42,2023
213000,77260,LA FERTE SOUS JOUARRE,77,Dépendance,0,0,500,2023
213000,77260,LA FERTE SOUS JOUARRE,77,Maison,89,4,500,2023
213000,77260,LA FERTE SOUS JOUARRE,77,Dépendance,0,0,42,2023
405000,77185,LOGNES,77,Maison,97,5,299,2023
372000,77400,LAGNY-SUR-MARNE,77,Maison,70,4,232,2023
372000,77400,LAGNY-SUR-MARNE,77,Dépendance,0,0,232,2023
108500,77560,VILLIERS-SAINT-GEORGES,77,Maison,80,3,127,2023
168000,77510,TRETOIRE (LA),77,Dépendance,0,0,2809,2023
168000,77510,TRETOIRE (LA),77,Maison,61,2,2809,2023
168000,77510,TRETOIRE (LA),77,Dépendance,0,0,106,2023
168000,77510,TRETOIRE (LA),77,Maison,61,2,106,2023
147500,77320,FERTE-GAUCHER (LA),77,Dépendance,0,0,44,2023
147500,77320,FERTE-GAUCHER (LA),77,Maison,80,3,44,2023
240000,77750,SAINT-CYR-SUR-MORIN,77,Local industriel. commercial ou assimilé,63,0,858,2023
240000,77750,SAINT-CYR-SUR-MORIN,77,Maison,63,3,250,2023
240000,77750,SAINT-CYR-SUR-MORIN,77,Local industriel. commercial ou assimilé,63,0,250,2023
240000,77750,SAINT-CYR-SUR-MORIN,77,Maison,63,3,858,2023
375000,77410,VILLEVAUDE,77,Maison,58,4,157,2023
375000,77410,VILLEVAUDE,77,Dépendance,0,0,157,2023
551500,77600,BUSSY-SAINT-GEORGES,77,Maison,104,5,142,2023
350000,77420,CHAMPS-SUR-MARNE,77,Maison,99,5,418,2023
350000,77420,CHAMPS-SUR-MARNE,77,Dépendance,0,0,418,2023
20000,77510,SABLONNIERES,77,Dépendance,0,0,4400,2023
150000,77515,POMMEUSE,77,Local industriel. commercial ou assimilé,485,0,570,2023
235000,77120,MOUROUX,77,Maison,71,3,117,2023
235000,77120,MOUROUX,77,Maison,71,3,2553,2023
297150,77120,COULOMMIERS,77,Maison,125,6,644,2023
297150,77120,COULOMMIERS,77,Local industriel. commercial ou assimilé,0,0,1863,2023
342000,77144,MONTEVRAIN,77,Dépendance,0,0,90,2023
342000,77144,MONTEVRAIN,77,Maison,84,3,90,2023
169000,77114,GOUAIX,77,Maison,70,4,513,2023
169000,77114,GOUAIX,77,Dépendance,0,0,513,2023
230000,77410,VILLEROY,77,Maison,140,6,371,2023
230000,77410,VILLEROY,77,Maison,140,6,500,2023
336000,77230,VILLENEUVE SOUS DAMMARTIN,77,Maison,95,4,306,2023
189000,77510,REBAIS,77,Appartement,56,3,739,2023
189000,77510,REBAIS,77,Appartement,50,2,739,2023
266000,77840,GERMIGNY-SOUS-COULOMBS,77,Maison,85,3,390,2023
200000,77120,COULOMMIERS,77,Maison,50,3,287,2023
315000,77120,COULOMMIERS,77,Maison,106,5,500,2023
315000,77120,COULOMMIERS,77,Dépendance,0,0,500,2023
315000,77120,COULOMMIERS,77,Dépendance,0,0,279,2023
315000,77120,COULOMMIERS,77,Maison,106,5,279,2023
248400,77470,SAINT-FIACRE,77,Dépendance,0,0,37,2023
248400,77470,SAINT-FIACRE,77,Maison,90,4,37,2023
70390,77510,BELLOT,77,Dépendance,0,0,17,2023
70390,77510,BELLOT,77,Maison,58,2,74,2023
313000,77610,FONTENAY-TRESIGNY,77,Maison,110,5,338,2023
300000,77184,EMERAINVILLE,77,Dépendance,0,0,207,2023
300000,77184,EMERAINVILLE,77,Maison,105,5,207,2023
554650,77420,CHAMPS-SUR-MARNE,77,Dépendance,0,0,470,2023
554650,77420,CHAMPS-SUR-MARNE,77,Maison,200,5,470,2023
1201273,77500,CHELLES,77,Local industriel. commercial ou assimilé,2768,0,2641,2023
400000,77410,CLAYE-SOUILLY,77,Maison,110,4,500,2023
400000,77410,CLAYE-SOUILLY,77,Maison,110,4,1110,2023
200000,77320,FERTE-GAUCHER (LA),77,Maison,82,4,1845,2023
320000,77500,CHELLES,77,Maison,97,5,462,2023
385000,77450,ESBLY,77,Local industriel. commercial ou assimilé,84,0,597,2023
296000,77280,OTHIS,77,Maison,97,5,262,2023
284000,77178,SAINT-PATHUS,77,Maison,95,4,298,2023
169000,77540,COURPALAY,77,Local industriel. commercial ou assimilé,129,0,136,2023
210000,77370,NANGIS,77,Maison,164,5,96,2023
3500000,77100,MEAUX,77,Local industriel. commercial ou assimilé,1122,0,593,2023
3500000,77100,MEAUX,77,Local industriel. commercial ou assimilé,0,0,1000,2023
1100000,77100,MEAUX,77,Local industriel. commercial ou assimilé,1140,0,1140,2023
425000,77420,CHAMPS-SUR-MARNE,77,Maison,134,6,487,2023
357100,77400,POMPONNE,77,Maison,106,5,432,2023
470000,77184,EMERAINVILLE,77,Maison,105,5,259,2023
339000,77610,CREVECOEUR-EN-BRIE,77,Maison,84,5,567,2023
339000,77610,CREVECOEUR-EN-BRIE,77,Maison,84,5,974,2023
175000,77171,SOURDUN,77,Maison,93,5,693,2023
175000,77171,SOURDUN,77,Dépendance,0,0,693,2023
380000,77120,MOUROUX,77,Dépendance,0,0,808,2023
380000,77120,MOUROUX,77,Maison,210,6,808,2023
390000,77420,CHAMPS-SUR-MARNE,77,Dépendance,0,0,470,2023
390000,77420,CHAMPS-SUR-MARNE,77,Maison,115,5,470,2023
226000,77100,MEAUX,77,Maison,68,4,93,2023
365000,77610,MARLES-EN-BRIE,77,Maison,88,5,250,2023
365000,77610,MARLES-EN-BRIE,77,Maison,88,5,550,2023
195000,77650,LONGUEVILLE,77,Maison,85,3,500,2023
195000,77650,LONGUEVILLE,77,Maison,85,3,370,2023
13000,77470,TRILPORT,77,Dépendance,0,0,27,2023
182500,77160,POIGNY,77,Local industriel. commercial ou assimilé,1065,0,112,2023
182500,77160,POIGNY,77,Appartement,20,1,112,2023
160000,77560,LOUAN-VILLEGRUIS-FONTAINE,77,Dépendance,0,0,668,2023
160000,77560,LOUAN-VILLEGRUIS-FONTAINE,77,Maison,83,3,668,2023
368000,77500,CHELLES,77,Maison,55,4,301,2023
368000,77500,CHELLES,77,Dépendance,0,0,301,2023
37500,77114,VILLIERS-SUR-SEINE,77,Maison,75,1,475,2023
210000,77420,CHAMPS-SUR-MARNE,77,Dépendance,0,0,274,2023
210000,77420,CHAMPS-SUR-MARNE,77,Maison,42,3,274,2023
323000,77178,SAINT-PATHUS,77,Maison,74,3,500,2023
323000,77178,SAINT-PATHUS,77,Dépendance,0,0,194,2023
323000,77178,SAINT-PATHUS,77,Maison,74,3,194,2023
323000,77178,SAINT-PATHUS,77,Dépendance,0,0,500,2023
85000,77970,BANNOST-VILLEGAGNON,77,Maison,87,4,250,2023
85000,77970,BANNOST-VILLEGAGNON,77,Maison,87,4,869,2023
105659,77515,CELLE-SUR-MORIN (LA),77,Dépendance,0,0,700,2023
105659,77515,CELLE-SUR-MORIN (LA),77,Maison,80,3,700,2023
337000,77260,USSY-SUR-MARNE,77,Maison,129,5,595,2023
337000,77260,USSY-SUR-MARNE,77,Dépendance,0,0,595,2023
355000,77910,GERMIGNY-L EVEQUE,77,Maison,119,5,500,2023
355000,77910,GERMIGNY-L EVEQUE,77,Maison,119,5,2740,2023
200000,77290,MITRY MORY,77,Maison,39,2,211,2023
167300,77470,TRILPORT,77,Dépendance,0,0,274,2023
167300,77470,TRILPORT,77,Maison,90,3,41,2023
247000,77410,CLAYE-SOUILLY,77,Maison,71,3,402,2023
138000,77860,COUILLY-PONT-AUX-DAMES,77,Local industriel. commercial ou assimilé,40,0,80,2023
360000,77270,VILLEPARISIS,77,Maison,89,5,399,2023
360000,77270,VILLEPARISIS,77,Dépendance,0,0,399,2023
250000,77230,SAINT-MARD,77,Maison,70,3,318,2023
387000,77400,THORIGNY SUR MARNE,77,Maison,112,6,531,2023
120000,77580,GUERARD,77,Dépendance,0,0,93,2023
120000,77580,GUERARD,77,Maison,49,4,93,2023
100000,77230,VILLENEUVE SOUS DAMMARTIN,77,Dépendance,0,0,57,2023
100000,77230,VILLENEUVE SOUS DAMMARTIN,77,Maison,81,4,57,2023
195000,77164,FERRIERES-EN-BRIE,77,Maison,92,4,551,2023
95500,77480,SAINT-SAUVEUR-LES-BRAY,77,Maison,33,2,370,2023
615000,77169,BOISSY-LE-CHATEL,77,Maison,181,5,506,2023
615000,77169,BOISSY-LE-CHATEL,77,Maison,181,5,500,2023
295000,77500,CHELLES,77,Maison,102,6,338,2023
295000,77500,CHELLES,77,Dépendance,0,0,338,2023
225000,77230,DAMMARTIN-EN-GOELE,77,Maison,83,4,246,2023
380200,77860,SAINT-GERMAIN-SUR-MORIN,77,Maison,104,6,360,2023
315000,77640,JOUARRE,77,Maison,83,4,201,2023
315000,77640,JOUARRE,77,Maison,83,4,500,2023
475000,77580,GUERARD,77,Maison,105,5,985,2023
475000,77580,GUERARD,77,Maison,105,5,164,2023
397700,77230,MOUSSY-LE-NEUF,77,Maison,124,5,500,2023
397700,77230,MOUSSY-LE-NEUF,77,Maison,124,5,259,2023
199000,77640,JOUARRE,77,Maison,85,3,136,2023
325000,77500,CHELLES,77,Local industriel. commercial ou assimilé,95,0,400,2023
340000,77410,SAINT-MESMES,77,Dépendance,0,0,500,2023
340000,77410,SAINT-MESMES,77,Maison,105,5,138,2023
340000,77410,SAINT-MESMES,77,Maison,105,5,500,2023
340000,77410,SAINT-MESMES,77,Dépendance,0,0,138,2023
328800,77910,GERMIGNY-L EVEQUE,77,Maison,125,6,350,2023
580000,77500,CHELLES,77,Maison,144,6,500,2023
580000,77500,CHELLES,77,Dépendance,0,0,500,2023
580000,77500,CHELLES,77,Maison,144,6,244,2023
580000,77500,CHELLES,77,Dépendance,0,0,244,2023
354000,77500,CHELLES,77,Maison,69,4,240,2023
395000,77400,THORIGNY SUR MARNE,77,Maison,88,5,248,2023
407255,77400,LAGNY-SUR-MARNE,77,Dépendance,0,0,454,2023
407255,77400,LAGNY-SUR-MARNE,77,Maison,92,4,454,2023
568500,77600,BUSSY-SAINT-GEORGES,77,Maison,128,5,447,2023
342000,77280,OTHIS,77,Maison,102,5,701,2023
342000,77280,OTHIS,77,Local industriel. commercial ou assimilé,0,0,51,2023
40000,77515,FAREMOUTIERS,77,Dépendance,0,0,105,2023
180000,77860,QUINCY-VOISINS,77,Appartement,85,3,169,2023
180000,77860,QUINCY-VOISINS,77,Appartement,54,2,169,2023
403100,77410,MESSY,77,Maison,155,6,364,2023
281750,77515,FAREMOUTIERS,77,Maison,105,5,447,2023
279000,77124,PENCHARD,77,Maison,68,4,547,2023
185000,77540,COURPALAY,77,Maison,86,3,242,2023
300000,77200,TORCY,77,Dépendance,0,0,379,2023
300000,77200,TORCY,77,Maison,75,4,379,2023
351000,77515,POMMEUSE,77,Maison,105,4,340,2023
269000,77640,JOUARRE,77,Dépendance,0,0,198,2023
269000,77640,JOUARRE,77,Maison,105,5,632,2023
269000,77640,JOUARRE,77,Dépendance,0,0,632,2023
269000,77640,JOUARRE,77,Maison,105,5,198,2023
114000,77730,CITRY,77,Dépendance,0,0,50,2023
114000,77730,CITRY,77,Maison,51,3,50,2023
427000,77970,JOUY-LE-CHATEL,77,Maison,80,3,500,2023
427000,77970,JOUY-LE-CHATEL,77,Maison,80,3,869,2023
205490,77139,ETREPILLY,77,Dépendance,0,0,34,2023
205490,77139,ETREPILLY,77,Maison,105,4,128,2023
205490,77139,ETREPILLY,77,Dépendance,0,0,128,2023
167000,77124,PENCHARD,77,Dépendance,0,0,35,2023
167000,77124,PENCHARD,77,Maison,99,5,45,2023
280000,77515,SAINT-AUGUSTIN,77,Maison,108,4,1417,2023
280000,77515,SAINT-AUGUSTIN,77,Maison,108,4,590,2023
340000,77580,GUERARD,77,Maison,79,4,579,2023
257500,77860,QUINCY-VOISINS,77,Maison,72,5,383,2023
257500,77860,QUINCY-VOISINS,77,Local industriel. commercial ou assimilé,11,0,383,2023
158000,77440,LIZY-SUR-OURCQ,77,Appartement,47,2,198,2023
158000,77440,LIZY-SUR-OURCQ,77,Maison,85,5,198,2023
158000,77440,LIZY-SUR-OURCQ,77,Local industriel. commercial ou assimilé,24,0,198,2023
158000,77440,LIZY-SUR-OURCQ,77,Dépendance,0,0,198,2023
52625,77370,NANGIS,77,Maison,54,4,122,2023
450000,77260,LA FERTE SOUS JOUARRE,77,Appartement,33,1,92,2023
450000,77260,LA FERTE SOUS JOUARRE,77,Dépendance,0,0,92,2023
450000,77260,LA FERTE SOUS JOUARRE,77,Appartement,30,1,92,2023
605000,77290,MITRY MORY,77,Maison,169,5,399,2023
310000,77230,ROUVRES,77,Maison,79,4,391,2023
264000,77280,OTHIS,77,Maison,117,5,148,2023
264000,77280,OTHIS,77,Dépendance,0,0,148,2023
420000,77230,MARCHEMORET,77,Maison,124,4,300,2023
272630,77910,VARREDDES,77,Maison,93,5,320,2023
55000,77730,CITRY,77,Dépendance,0,0,60,2023
232000,77100,NANTEUIL-LES-MEAUX,77,Maison,80,1,24,2023
264000,77100,MEAUX,77,Maison,112,3,132,2023
225000,77910,CHAMBRY,77,Maison,65,4,213,2023
225000,77910,CHAMBRY,77,Dépendance,0,0,213,2023
1426000,77100,MEAUX,77,Maison,126,4,306,2023
437000,77100,MEAUX,77,Maison,74,4,336,2023
235000,77730,SAACY-SUR-MARNE,77,Maison,95,3,255,2023
125000,77730,SAACY-SUR-MARNE,77,Maison,46,2,84,2023
148980,77450,MONTRY,77,Maison,68,2,504,2023
156400,77100,MEAUX,77,Maison,58,2,322,2023
156400,77100,MEAUX,77,Dépendance,0,0,322,2023
665000,77100,MEAUX,77,Dépendance,0,0,644,2023
665000,77100,MEAUX,77,Maison,106,6,644,2023
920000,77100,MEAUX,77,Maison,66,4,322,2023
1500000,77120,MOUROUX,77,Local industriel. commercial ou assimilé,150,0,496,2023
1500000,77120,MOUROUX,77,Maison,111,5,982,2023
1500000,77120,MOUROUX,77,Local industriel. commercial ou assimilé,320,0,982,2023
1500000,77120,MOUROUX,77,Maison,210,4,1248,2023
1500000,77120,MOUROUX,77,Maison,210,4,250,2023
374500,77230,DAMMARTIN-EN-GOELE,77,Maison,170,5,583,2023
567000,77100,MEAUX,77,Dépendance,0,0,705,2023
567000,77100,MEAUX,77,Maison,108,4,705,2023
347500,77400,THORIGNY SUR MARNE,77,Maison,162,6,624,2023
347500,77400,THORIGNY SUR MARNE,77,Dépendance,0,0,624,2023
347500,77400,THORIGNY SUR MARNE,77,Maison,162,6,500,2023
347500,77400,THORIGNY SUR MARNE,77,Dépendance,0,0,500,2023
380000,77290,MITRY MORY,77,Dépendance,0,0,500,2023
380000,77290,MITRY MORY,77,Maison,80,4,500,2023
380000,77290,MITRY MORY,77,Appartement,55,3,500,2023
380000,77290,MITRY MORY,77,Dépendance,0,0,940,2023
380000,77290,MITRY MORY,77,Maison,80,4,940,2023
380000,77290,MITRY MORY,77,Appartement,60,2,940,2023
380000,77290,MITRY MORY,77,Appartement,60,2,500,2023
380000,77290,MITRY MORY,77,Appartement,55,3,940,2023
302450,77124,CHAUCONIN-NEUFMONTIERS,77,Maison,75,4,501,2023
640000,77600,BUSSY-SAINT-GEORGES,77,Maison,147,6,64,2023
640000,77600,BUSSY-SAINT-GEORGES,77,Maison,147,6,500,2023
120000,77181,COURTRY,77,Maison,89,4,391,2023
190000,77750,ORLY-SUR-MORIN,77,Maison,97,3,250,2023
190000,77750,ORLY-SUR-MORIN,77,Maison,97,3,1220,2023
231500,77370,CROIX-EN-BRIE (LA),77,Dépendance,0,0,700,2023
231500,77370,CROIX-EN-BRIE (LA),77,Maison,88,5,700,2023
231500,77370,CROIX-EN-BRIE (LA),77,Maison,88,5,520,2023
231500,77370,CROIX-EN-BRIE (LA),77,Dépendance,0,0,520,2023
163000,77370,NANGIS,77,Maison,60,3,385,2023
163000,77370,NANGIS,77,Dépendance,0,0,385,2023
200000,77540,PLESSIS-FEU-AUSSOUS (LE),77,Maison,84,5,875,2023
200000,77540,PLESSIS-FEU-AUSSOUS (LE),77,Dépendance,0,0,875,2023
300000,77100,NANTEUIL-LES-MEAUX,77,Maison,65,4,177,2023
300000,77100,NANTEUIL-LES-MEAUX,77,Dépendance,0,0,177,2023
349900,77178,SAINT-PATHUS,77,Maison,82,4,500,2023
349900,77178,SAINT-PATHUS,77,Maison,82,4,363,2023
260800,77440,CONGIS-SUR-THEROUANNE,77,Dépendance,0,0,640,2023
260800,77440,CONGIS-SUR-THEROUANNE,77,Maison,130,5,640,2023
300000,77500,CHELLES,77,Maison,77,5,338,2023
405000,77500,CHELLES,77,Maison,111,5,321,2023
200000,77157,EVERLY,77,Maison,167,6,594,2023
200000,77157,EVERLY,77,Maison,167,6,500,2023
127300,77750,ORLY-SUR-MORIN,77,Maison,102,5,250,2023
127300,77750,ORLY-SUR-MORIN,77,Maison,102,5,1216,2023
436229,77200,TORCY,77,Local industriel. commercial ou assimilé,0,0,360,2023
436229,77200,TORCY,77,Maison,123,6,360,2023
186000,77650,CHALMAISON,77,Maison,98,5,469,2023
186000,77650,CHALMAISON,77,Dépendance,0,0,469,2023
186000,77650,CHALMAISON,77,Dépendance,0,0,500,2023
186000,77650,CHALMAISON,77,Maison,98,5,500,2023
308840,77840,CROUY-SUR-OURCQ,77,Maison,117,4,87,2023
308840,77840,CROUY-SUR-OURCQ,77,Dépendance,0,0,87,2023
80000,77320,BETON-BAZOCHES,77,Maison,75,4,56,2023
180000,77320,SAINT-MARTIN-DES-CHAMPS,77,Maison,91,5,1264,2023
180000,77320,SAINT-MARTIN-DES-CHAMPS,77,Dépendance,0,0,1264,2023
180000,77320,SAINT-MARTIN-DES-CHAMPS,77,Dépendance,0,0,304,2023
180000,77320,SAINT-MARTIN-DES-CHAMPS,77,Maison,91,5,304,2023
90000,77730,MERY-SUR-MARNE,77,Dépendance,0,0,1912,2023
90000,77730,MERY-SUR-MARNE,77,Maison,18,0,500,2023
90000,77730,MERY-SUR-MARNE,77,Dépendance,0,0,500,2023
90000,77730,MERY-SUR-MARNE,77,Maison,18,0,1912,2023
262000,77640,JOUARRE,77,Maison,90,5,515,2023
450400,77580,VAUCOURTOIS,77,Maison,171,5,193,2023
190000,77124,CHAUCONIN-NEUFMONTIERS,77,Maison,104,4,108,2023
160000,77131,TOUQUIN,77,Dépendance,0,0,767,2023
160000,77131,TOUQUIN,77,Dépendance,0,0,250,2023
160000,77131,TOUQUIN,77,Maison,93,4,250,2023
160000,77131,TOUQUIN,77,Maison,93,4,767,2023
190000,77260,SAINTE-AULDE,77,Dépendance,0,0,410,2023
190000,77260,SAINTE-AULDE,77,Maison,70,3,410,2023
328000,77510,TRETOIRE (LA),77,Dépendance,0,0,1995,2023
328000,77510,TRETOIRE (LA),77,Dépendance,0,0,595,2023
328000,77510,TRETOIRE (LA),77,Maison,180,8,595,2023
328000,77510,TRETOIRE (LA),77,Maison,180,8,1995,2023
255000,77580,CRECY LA CHAPELLE,77,Maison,150,6,172,2023
282000,77181,COURTRY,77,Maison,73,4,527,2023
501000,77174,VILLENEUVE-LE-COMTE,77,Maison,139,4,659,2023
501000,77174,VILLENEUVE-LE-COMTE,77,Maison,139,4,250,2023
280000,77440,CONGIS-SUR-THEROUANNE,77,Dépendance,0,0,12,2023
280000,77440,CONGIS-SUR-THEROUANNE,77,Dépendance,0,0,40,2023
280000,77440,CONGIS-SUR-THEROUANNE,77,Maison,91,4,58,2023
280000,77440,CONGIS-SUR-THEROUANNE,77,Dépendance,0,0,58,2023
185000,77260,LA FERTE SOUS JOUARRE,77,Dépendance,0,0,450,2023
185000,77260,LA FERTE SOUS JOUARRE,77,Maison,53,3,450,2023
225000,77120,COULOMMIERS,77,Dépendance,0,0,624,2023
225000,77120,COULOMMIERS,77,Maison,84,4,624,2023
324025,77260,LA FERTE SOUS JOUARRE,77,Maison,138,6,437,2023
1400000,77160,PROVINS,77,Local industriel. commercial ou assimilé,1142,0,2682,2023
1400000,77160,PROVINS,77,Maison,87,3,2682,2023
425730,77600,GUERMANTES,77,Maison,123,4,379,2023
425730,77600,GUERMANTES,77,Dépendance,0,0,379,2023
296000,77260,USSY-SUR-MARNE,77,Maison,130,7,495,2023
76000,77410,CHARNY,77,Maison,74,5,73,2023
180000,77560,BEAUCHERY-SAINT-MARTIN,77,Maison,125,5,575,2023
300000,77120,MOUROUX,77,Maison,142,6,774,2023
300000,77120,MOUROUX,77,Local industriel. commercial ou assimilé,70,0,774,2023
346000,77290,MITRY MORY,77,Maison,98,5,358,2023
400000,77124,VILLENOY,77,Maison,94,5,516,2023
265000,77440,MARY-SUR-MARNE,77,Maison,91,5,678,2023
322500,77500,CHELLES,77,Maison,48,3,425,2023
157000,77560,VILLIERS-SAINT-GEORGES,77,Maison,82,3,687,2023
157000,77560,VILLIERS-SAINT-GEORGES,77,Maison,82,3,500,2023
157000,77560,VILLIERS-SAINT-GEORGES,77,Dépendance,0,0,500,2023
157000,77560,VILLIERS-SAINT-GEORGES,77,Dépendance,0,0,687,2023
130000,77650,SAVINS,77,Dépendance,0,0,157,2023
130000,77650,SAVINS,77,Maison,107,3,157,2023
191606,77260,LA FERTE SOUS JOUARRE,77,Dépendance,0,0,633,2023
191606,77260,LA FERTE SOUS JOUARRE,77,Maison,88,5,633,2023
24690,77124,CREGY-LES-MEAUX,77,Local industriel. commercial ou assimilé,367,0,1646,2023
404000,77181,LE PIN,77,Maison,112,4,500,2023
404000,77181,LE PIN,77,Maison,112,4,738,2023
305000,77178,SAINT-PATHUS,77,Maison,87,5,408,2023
305000,77178,SAINT-PATHUS,77,Maison,87,5,500,2023
338000,77139,MARCILLY,77,Maison,231,8,400,2023
338000,77139,MARCILLY,77,Maison,231,8,353,2023
437000,77410,CLAYE-SOUILLY,77,Maison,148,5,595,2023
325000,77270,VILLEPARISIS,77,Maison,107,5,551,2023
325000,77270,VILLEPARISIS,77,Dépendance,0,0,551,2023
220000,77520,MONTIGNY-LENCOUP,77,Maison,61,3,1582,2023
220000,77520,MONTIGNY-LENCOUP,77,Dépendance,0,0,582,2023
220000,77520,MONTIGNY-LENCOUP,77,Dépendance,0,0,1582,2023
220000,77520,MONTIGNY-LENCOUP,77,Maison,61,3,582,2023
460300,77860,QUINCY-VOISINS,77,Maison,112,5,440,2023
207000,77370,MAISON-ROUGE,77,Maison,97,4,625,2023
325000,77450,MONTRY,77,Maison,84,5,630,2023
165000,77440,MARY-SUR-MARNE,77,Maison,100,3,43,2023
292500,77124,CREGY-LES-MEAUX,77,Maison,77,4,220,2023
185000,77515,FAREMOUTIERS,77,Maison,77,4,55,2023
335000,77124,CREGY-LES-MEAUX,77,Dépendance,0,0,408,2023
335000,77124,CREGY-LES-MEAUX,77,Maison,87,5,408,2023
515000,77164,FERRIERES-EN-BRIE,77,Maison,93,4,584,2023
310900,77470,TRILPORT,77,Maison,68,4,270,2023
310000,77230,DAMMARTIN-EN-GOELE,77,Maison,91,5,444,2023
379000,77230,DAMMARTIN-EN-GOELE,77,Maison,100,5,525,2023
26000,77515,POMMEUSE,77,Dépendance,0,0,36,2023
321640,77450,ESBLY,77,Maison,85,4,304,2023
472500,77230,MOUSSY-LE-NEUF,77,Maison,82,4,500,2023
472500,77230,MOUSSY-LE-NEUF,77,Local industriel. commercial ou assimilé,70,0,500,2023
472500,77230,MOUSSY-LE-NEUF,77,Maison,82,4,836,2023
472500,77230,MOUSSY-LE-NEUF,77,Local industriel. commercial ou assimilé,70,0,836,2023
472500,77230,MOUSSY-LE-NEUF,77,Local industriel. commercial ou assimilé,25,0,836,2023
472500,77230,MOUSSY-LE-NEUF,77,Local industriel. commercial ou assimilé,25,0,500,2023
570000,77260,LA FERTE SOUS JOUARRE,77,Appartement,37,2,582,2023
570000,77260,LA FERTE SOUS JOUARRE,77,Dépendance,0,0,582,2023
570000,77260,LA FERTE SOUS JOUARRE,77,Appartement,33,2,582,2023
570000,77260,LA FERTE SOUS JOUARRE,77,Appartement,46,3,582,2023
570000,77260,LA FERTE SOUS JOUARRE,77,Appartement,49,3,582,2023
570000,77260,LA FERTE SOUS JOUARRE,77,Appartement,32,2,582,2023
570000,77260,LA FERTE SOUS JOUARRE,77,Appartement,42,2,582,2023
570000,77260,LA FERTE SOUS JOUARRE,77,Appartement,48,3,582,2023
255000,77510,REBAIS,77,Dépendance,0,0,500,2023
255000,77510,REBAIS,77,Maison,140,6,788,2023
255000,77510,REBAIS,77,Maison,140,6,500,2023
255000,77510,REBAIS,77,Dépendance,0,0,788,2023
368000,77400,LAGNY-SUR-MARNE,77,Maison,99,4,266,2023
296150,77660,CHANGIS-SUR-MARNE,77,Maison,122,5,444,2023
158000,77169,SAINT-SIMEON,77,Maison,85,3,91,2023
230000,77750,SAINT-CYR-SUR-MORIN,77,Maison,100,4,679,2023
230000,77750,SAINT-CYR-SUR-MORIN,77,Maison,100,4,250,2023
234000,77450,ISLES-LES-VILLENOY,77,Maison,67,4,57,2023
220000,77230,SAINT-MARD,77,Dépendance,0,0,160,2023
220000,77230,SAINT-MARD,77,Maison,65,3,160,2023
300000,77500,CHELLES,77,Maison,72,4,332,2023
330000,77420,CHAMPS-SUR-MARNE,77,Dépendance,0,0,448,2023
330000,77420,CHAMPS-SUR-MARNE,77,Maison,75,4,448,2023
28100000,77420,CHAMPS-SUR-MARNE,77,Local industriel. commercial ou assimilé,26076,0,27281,2023
130000,77410,ANNET-SUR-MARNE,77,Maison,72,3,47,2023
7673603,77120,MOUROUX,77,Local industriel. commercial ou assimilé,150,0,496,2023
7673603,77120,MOUROUX,77,Maison,111,5,982,2023
7673603,77120,MOUROUX,77,Local industriel. commercial ou assimilé,320,0,982,2023
7673603,77120,MOUROUX,77,Maison,210,4,250,2023
7673603,77120,MOUROUX,77,Maison,210,4,1248,2023
85000,77320,ST REMY DE LA VANNE,77,Dépendance,0,0,1681,2023
85000,77320,ST REMY DE LA VANNE,77,Maison,40,1,1681,2023
310000,77270,VILLEPARISIS,77,Maison,100,6,461,2023
310000,77270,VILLEPARISIS,77,Dépendance,0,0,461,2023
190000,77160,SAINT-BRICE,77,Dépendance,0,0,451,2023
190000,77160,SAINT-BRICE,77,Appartement,43,1,451,2023
190000,77160,SAINT-BRICE,77,Appartement,61,2,451,2023
150000,77860,COUILLY-PONT-AUX-DAMES,77,Local industriel. commercial ou assimilé,77,0,384,2023
1,77450,ISLES-LES-VILLENOY,77,Local industriel. commercial ou assimilé,1480,0,2537,2023
237000,77139,ETREPILLY,77,Maison,81,4,386,2023
479000,77090,COLLEGIEN,77,Maison,126,5,562,2023
322700,77580,GUERARD,77,Maison,99,4,894,2023
322700,77580,GUERARD,77,Dépendance,0,0,894,2023
430000,77120,BEAUTHEIL-SAINTS,77,Appartement,67,2,512,2023
430000,77120,BEAUTHEIL-SAINTS,77,Appartement,104,4,512,2023
430000,77120,BEAUTHEIL-SAINTS,77,Dépendance,0,0,512,2023
430000,77120,BEAUTHEIL-SAINTS,77,Appartement,74,3,512,2023
430000,77120,BEAUTHEIL-SAINTS,77,Appartement,85,4,512,2023
68000,77520,DONNEMARIE-DONTILLY,77,Maison,31,2,436,2023
225000,77160,CHENOISE-CUCHARMOY,77,Maison,82,4,588,2023
200000,77540,BERNAY VILBERT,77,Dépendance,0,0,349,2023
200000,77540,BERNAY VILBERT,77,Maison,180,3,349,2023
285000,77515,FAREMOUTIERS,77,Maison,110,7,377,2023
235000,77169,BOISSY-LE-CHATEL,77,Maison,126,5,177,2023
168990,77260,LA FERTE SOUS JOUARRE,77,Maison,134,5,214,2023
277000,77270,VILLEPARISIS,77,Maison,96,4,245,2023
277000,77270,VILLEPARISIS,77,Dépendance,0,0,245,2023
229000,77122,MONTHYON,77,Maison,60,3,124,2023
600000,77100,MEAUX,77,Maison,65,3,2662,2023
600000,77100,MEAUX,77,Local industriel. commercial ou assimilé,600,0,2662,2023
100000,77515,CELLE-SUR-MORIN (LA),77,Maison,56,3,239,2023
260000,77640,JOUARRE,77,Dépendance,0,0,552,2023
260000,77640,JOUARRE,77,Appartement,35,2,552,2023
260000,77640,JOUARRE,77,Appartement,38,2,552,2023
260000,77640,JOUARRE,77,Appartement,50,3,552,2023
260000,77640,JOUARRE,77,Appartement,55,3,552,2023
260000,77640,JOUARRE,77,Appartement,43,2,552,2023
260000,77640,JOUARRE,77,Local industriel. commercial ou assimilé,26,0,552,2023
260000,77640,JOUARRE,77,Maison,98,5,68,2023
260000,77640,JOUARRE,77,Dépendance,0,0,68,2023
737000,77400,POMPONNE,77,Maison,106,5,688,2023
368000,77100,MEAUX,77,Maison,56,2,322,2023
336000,77177,BROU-SUR-CHANTEREINE,77,Dépendance,0,0,454,2023
336000,77177,BROU-SUR-CHANTEREINE,77,Maison,50,3,454,2023
736000,77100,MEAUX,77,Maison,95,3,322,2023
850000,77400,POMPONNE,77,Maison,160,5,849,2023
299000,77515,FAREMOUTIERS,77,Maison,106,5,402,2023
324000,77100,MEAUX,77,Maison,109,5,386,2023
261000,77450,CONDE-SAINTE-LIBIAIRE,77,Maison,35,3,651,2023
50000,77560,AUGERS-EN-BRIE,77,Dépendance,0,0,156,2023
50000,77560,AUGERS-EN-BRIE,77,Maison,93,4,156,2023
210000,77100,NANTEUIL-LES-MEAUX,77,Dépendance,0,0,143,2023
210000,77100,NANTEUIL-LES-MEAUX,77,Maison,45,3,143,2023
132500,77450,ISLES-LES-VILLENOY,77,Maison,72,4,300,2023
200000,77400,DAMPMART,77,Maison,28,1,527,2023
198030,77515,FAREMOUTIERS,77,Maison,60,3,105,2023
160000,77370,NANGIS,77,Maison,82,4,227,2023
545000,77515,POMMEUSE,77,Maison,220,5,206,2023
545000,77515,POMMEUSE,77,Dépendance,0,0,206,2023
375000,77515,CELLE-SUR-MORIN (LA),77,Dépendance,0,0,1147,2023
375000,77515,CELLE-SUR-MORIN (LA),77,Maison,230,6,1147,2023
375000,77515,CELLE-SUR-MORIN (LA),77,Local industriel. commercial ou assimilé,280,0,1147,2023
375000,77515,CELLE-SUR-MORIN (LA),77,Dépendance,0,0,56,2023
255000,77100,NANTEUIL-LES-MEAUX,77,Dépendance,0,0,349,2023
255000,77100,NANTEUIL-LES-MEAUX,77,Maison,106,5,349,2023
369000,77124,CHAUCONIN-NEUFMONTIERS,77,Dépendance,0,0,297,2023
369000,77124,CHAUCONIN-NEUFMONTIERS,77,Maison,90,5,297,2023
205000,77120,COULOMMIERS,77,Maison,67,3,546,2023
160000,77910,CHAMBRY,77,Maison,64,4,225,2023
304000,77124,CHAUCONIN-NEUFMONTIERS,77,Maison,100,5,194,2023
109000,77120,MOUROUX,77,Dépendance,0,0,500,2023
109000,77120,MOUROUX,77,Maison,80,5,1559,2023
109000,77120,MOUROUX,77,Maison,80,5,500,2023
109000,77120,MOUROUX,77,Dépendance,0,0,1559,2023
442000,77177,BROU-SUR-CHANTEREINE,77,Dépendance,0,0,549,2023
442000,77177,BROU-SUR-CHANTEREINE,77,Maison,66,4,549,2023
530000,77177,BROU-SUR-CHANTEREINE,77,Maison,40,2,500,2023
530000,77177,BROU-SUR-CHANTEREINE,77,Maison,40,2,63,2023
170000,77169,BOISSY-LE-CHATEL,77,Maison,68,4,874,2023
4850000,77420,CHAMPS-SUR-MARNE,77,Local industriel. commercial ou assimilé,1874,0,4479,2023
280000,77171,SOURDUN,77,Maison,150,4,780,2023
210000,77100,MEAUX,77,Maison,60,3,95,2023
325000,77230,MOUSSY-LE-NEUF,77,Maison,97,4,275,2023
305000,77860,COUILLY-PONT-AUX-DAMES,77,Local industriel. commercial ou assimilé,177,0,1487,2023
900000,77177,BROU-SUR-CHANTEREINE,77,Maison,157,6,562,2023
130000,77118,BALLOY,77,Dépendance,0,0,60,2023
130000,77118,BALLOY,77,Maison,98,4,60,2023
130000,77118,BALLOY,77,Dépendance,0,0,55,2023
1180000,77400,POMPONNE,77,Maison,100,4,732,2023
1180000,77400,POMPONNE,77,Dépendance,0,0,732,2023
326000,77118,BAZOCHES LES BRAY,77,Dépendance,0,0,495,2023
326000,77118,BAZOCHES LES BRAY,77,Maison,118,4,495,2023
235000,77560,COURTACON,77,Maison,98,5,141,2023
235000,77560,COURTACON,77,Maison,98,5,500,2023
450000,77177,BROU-SUR-CHANTEREINE,77,Local industriel. commercial ou assimilé,88,0,445,2023
450000,77177,BROU-SUR-CHANTEREINE,77,Appartement,40,2,445,2023
820000,77177,BROU-SUR-CHANTEREINE,77,Maison,76,4,364,2023
820000,77177,BROU-SUR-CHANTEREINE,77,Maison,76,4,500,2023
25000,77114,GOUAIX,77,Dépendance,0,0,351,2023
25000,77114,GOUAIX,77,Maison,134,6,351,2023
520000,77470,MONTCEAUX-LES-MEAUX,77,Maison,81,3,473,2023
520000,77470,MONTCEAUX-LES-MEAUX,77,Dépendance,0,0,473,2023
520000,77470,MONTCEAUX-LES-MEAUX,77,Maison,158,6,509,2023
160000,77139,DOUY-LA-RAMEE,77,Appartement,35,3,44,2023
339000,77500,CHELLES,77,Maison,68,4,478,2023
335000,77290,MITRY MORY,77,Maison,111,3,411,2023
225000,77120,MOUROUX,77,Dépendance,0,0,430,2023
225000,77120,MOUROUX,77,Maison,76,4,430,2023
225000,77120,MOUROUX,77,Local industriel. commercial ou assimilé,0,0,112,2023
138000,77410,CLAYE-SOUILLY,77,Appartement,25,1,73,2023
138000,77410,CLAYE-SOUILLY,77,Dépendance,0,0,73,2023
490000,77700,BAILLY-ROMAINVILLIERS,77,Maison,106,5,500,2023
490000,77700,BAILLY-ROMAINVILLIERS,77,Maison,106,5,95,2023
310000,77610,FONTENAY-TRESIGNY,77,Dépendance,0,0,665,2023
310000,77610,FONTENAY-TRESIGNY,77,Maison,88,3,665,2023
357000,77540,ROZAY-EN-BRIE,77,Maison,115,5,672,2023
335000,77410,CLAYE-SOUILLY,77,Dépendance,0,0,423,2023
335000,77410,CLAYE-SOUILLY,77,Maison,76,4,423,2023
240000,77500,CHELLES,77,Maison,44,3,355,2023
162000,77114,GOUAIX,77,Dépendance,0,0,666,2023
162000,77114,GOUAIX,77,Maison,44,4,666,2023
300000,77860,COUILLY-PONT-AUX-DAMES,77,Local industriel. commercial ou assimilé,400,0,1680,2023
300000,77860,COUILLY-PONT-AUX-DAMES,77,Local industriel. commercial ou assimilé,900,0,1680,2023
300000,77860,COUILLY-PONT-AUX-DAMES,77,Local industriel. commercial ou assimilé,900,0,9740,2023
300000,77860,COUILLY-PONT-AUX-DAMES,77,Local industriel. commercial ou assimilé,400,0,9740,2023
405000,77860,SAINT-GERMAIN-SUR-MORIN,77,Maison,97,4,808,2023
405000,77860,SAINT-GERMAIN-SUR-MORIN,77,Maison,97,4,500,2023
192500,77171,SOURDUN,77,Maison,90,3,679,2023
270000,77540,VOINSLES,77,Dépendance,0,0,722,2023
270000,77540,VOINSLES,77,Maison,99,6,722,2023
270000,77540,VOINSLES,77,Maison,99,6,500,2023
270000,77540,VOINSLES,77,Dépendance,0,0,500,2023
360000,77181,COURTRY,77,Dépendance,0,0,534,2023
360000,77181,COURTRY,77,Maison,67,3,534,2023
4777000,77500,CHELLES,77,Local industriel. commercial ou assimilé,2768,0,2641,2023
249000,77840,CROUY-SUR-OURCQ,77,Dépendance,0,0,577,2023
249000,77840,CROUY-SUR-OURCQ,77,Appartement,86,5,577,2023
249000,77840,CROUY-SUR-OURCQ,77,Appartement,59,3,577,2023
249000,77840,CROUY-SUR-OURCQ,77,Appartement,56,4,577,2023
249000,77840,CROUY-SUR-OURCQ,77,Appartement,25,1,577,2023
249000,77840,CROUY-SUR-OURCQ,77,Appartement,80,4,577,2023
326000,77230,ROUVRES,77,Maison,100,5,304,2023
326000,77230,ROUVRES,77,Dépendance,0,0,304,2023
500000,77100,NANTEUIL-LES-MEAUX,77,Maison,285,7,3479,2023
500000,77100,NANTEUIL-LES-MEAUX,77,Maison,285,7,500,2023
278000,77124,CREGY-LES-MEAUX,77,Maison,76,4,301,2023
435000,77510,SABLONNIERES,77,Dépendance,0,0,2500,2023
435000,77510,SABLONNIERES,77,Dépendance,0,0,1000,2023
435000,77510,SABLONNIERES,77,Maison,215,6,1000,2023
435000,77510,SABLONNIERES,77,Maison,215,6,2500,2023
435000,77510,SABLONNIERES,77,Maison,215,6,1514,2023
435000,77510,SABLONNIERES,77,Dépendance,0,0,1514,2023
48000,77840,GERMIGNY-SOUS-COULOMBS,77,Dépendance,0,0,354,2023
380000,77580,GUERARD,77,Maison,235,7,267,2023
380000,77580,GUERARD,77,Dépendance,0,0,267,2023
632500,77500,CHELLES,77,Maison,201,6,300,2023
632500,77500,CHELLES,77,Maison,201,6,500,2023
252000,77165,SAINT-SOUPPLETS,77,Maison,70,4,299,2023
430000,77400,DAMPMART,77,Maison,82,4,636,2023
430000,77400,DAMPMART,77,Maison,82,4,88,2023
178000,77450,ESBLY,77,Dépendance,0,0,60,2023
178000,77450,ESBLY,77,Maison,56,3,60,2023
283000,77181,COURTRY,77,Maison,62,3,313,2023
283000,77181,COURTRY,77,Dépendance,0,0,313,2023
455000,77181,COURTRY,77,Maison,75,5,513,2023
289000,77160,CHENOISE-CUCHARMOY,77,Maison,130,5,669,2023
289000,77160,CHENOISE-CUCHARMOY,77,Dépendance,0,0,669,2023
260000,77400,THORIGNY SUR MARNE,77,Maison,60,3,196,2023
1,77100,MEAUX,77,Local industriel. commercial ou assimilé,6000,0,10454,2023
511300,77290,MITRY MORY,77,Maison,164,5,500,2023
511300,77290,MITRY MORY,77,Maison,164,5,275,2023
511300,77290,MITRY MORY,77,Dépendance,0,0,275,2023
511300,77290,MITRY MORY,77,Dépendance,0,0,500,2023
340000,77270,VILLEPARISIS,77,Maison,88,4,460,2023
315000,77290,MITRY MORY,77,Maison,116,6,401,2023
300000,77860,SAINT-GERMAIN-SUR-MORIN,77,Maison,83,5,294,2023
368500,77290,MITRY MORY,77,Dépendance,0,0,404,2023
368500,77290,MITRY MORY,77,Maison,95,4,404,2023
335000,77124,CHAUCONIN-NEUFMONTIERS,77,Maison,103,5,545,2023
380000,77260,LA FERTE SOUS JOUARRE,77,Appartement,30,2,316,2023
380000,77260,LA FERTE SOUS JOUARRE,77,Appartement,52,3,316,2023
380000,77260,LA FERTE SOUS JOUARRE,77,Appartement,34,2,316,2023
296000,77270,VILLEPARISIS,77,Maison,85,4,94,2023
80000,77480,BRAY-SUR-SEINE,77,Maison,60,3,309,2023
98000,77260,LA FERTE SOUS JOUARRE,77,Maison,72,3,118,2023
192250,77320,CHEVRU,77,Maison,94,4,454,2023
140000,77480,JAULNES,77,Maison,45,1,1432,2023
315000,77470,TRILPORT,77,Maison,112,5,447,2023
315000,77470,TRILPORT,77,Dépendance,0,0,447,2023
405000,77470,BOUTIGNY,77,Maison,140,6,500,2023
176500,77660,CHANGIS-SUR-MARNE,77,Maison,80,4,50,2023
176500,77660,CHANGIS-SUR-MARNE,77,Dépendance,0,0,50,2023
160000,77260,LA FERTE SOUS JOUARRE,77,Maison,52,3,40,2023
280000,77290,MITRY MORY,77,Maison,75,4,183,2023
366000,77400,SAINT THIBAULT DES VIGNES,77,Maison,92,5,262,2023
318150,77580,VOULANGIS,77,Dépendance,0,0,2000,2023
318150,77580,VOULANGIS,77,Maison,61,3,2000,2023
318150,77580,VOULANGIS,77,Dépendance,0,0,584,2023
318150,77580,VOULANGIS,77,Maison,61,3,584,2023
580000,77400,LAGNY-SUR-MARNE,77,Maison,52,2,746,2023
580000,77400,LAGNY-SUR-MARNE,77,Maison,130,5,746,2023
522750,77860,COUILLY-PONT-AUX-DAMES,77,Maison,89,4,1578,2023
522750,77860,COUILLY-PONT-AUX-DAMES,77,Maison,89,4,500,2023
296400,77515,POMMEUSE,77,Maison,92,4,820,2023
296400,77515,POMMEUSE,77,Maison,92,4,388,2023
299000,77400,DAMPMART,77,Maison,132,5,19,2023
456550,77144,MONTEVRAIN,77,Maison,90,4,221,2023
419000,77174,VILLENEUVE-LE-COMTE,77,Dépendance,0,0,419,2023
419000,77174,VILLENEUVE-LE-COMTE,77,Maison,95,4,419,2023
199000,77100,NANTEUIL-LES-MEAUX,77,Maison,40,2,84,2023
240000,77120,MOUROUX,77,Maison,82,4,250,2023
240000,77120,MOUROUX,77,Maison,82,4,554,2023
285000,77410,ANNET-SUR-MARNE,77,Dépendance,0,0,102,2023
285000,77410,ANNET-SUR-MARNE,77,Maison,60,3,102,2023
259800,77200,TORCY,77,Maison,80,4,122,2023
160000,77520,VIMPELLES,77,Maison,91,4,485,2023
160000,77520,VIMPELLES,77,Maison,91,4,280,2023
340000,77270,VILLEPARISIS,77,Maison,99,4,360,2023
237000,77120,MOUROUX,77,Maison,72,4,460,2023
151200,77320,CERNEUX,77,Maison,214,6,317,2023
339900,77230,MOUSSY-LE-NEUF,77,Maison,82,5,204,2023
453700,77169,BOISSY-LE-CHATEL,77,Maison,131,4,500,2023
453700,77169,BOISSY-LE-CHATEL,77,Dépendance,0,0,500,2023
453700,77169,BOISSY-LE-CHATEL,77,Maison,131,4,3113,2023
453700,77169,BOISSY-LE-CHATEL,77,Dépendance,0,0,3113,2023
323000,77515,SAINT-AUGUSTIN,77,Maison,121,4,305,2023
323000,77515,SAINT-AUGUSTIN,77,Dépendance,0,0,305,2023
385000,77178,SAINT-PATHUS,77,Maison,95,5,603,2023
249000,77280,OTHIS,77,Maison,79,4,211,2023
249000,77280,OTHIS,77,Dépendance,0,0,211,2023
700000,77500,CHELLES,77,Maison,140,5,500,2023
700000,77500,CHELLES,77,Maison,140,5,370,2023
370000,77500,CHELLES,77,Maison,67,3,486,2023
370000,77500,CHELLES,77,Dépendance,0,0,486,2023
465000,77230,DAMMARTIN-EN-GOELE,77,Maison,128,5,551,2023
465000,77230,DAMMARTIN-EN-GOELE,77,Dépendance,0,0,500,2023
465000,77230,DAMMARTIN-EN-GOELE,77,Maison,128,5,500,2023
465000,77230,DAMMARTIN-EN-GOELE,77,Dépendance,0,0,551,2023
123000,77260,LA FERTE SOUS JOUARRE,77,Dépendance,0,0,233,2023
123000,77260,LA FERTE SOUS JOUARRE,77,Maison,80,4,233,2023
281972,77560,LOUAN-VILLEGRUIS-FONTAINE,77,Maison,190,6,786,2023
189900,77139,ETREPILLY,77,Maison,90,3,45,2023
189900,77139,ETREPILLY,77,Dépendance,0,0,34,2023
360000,77500,CHELLES,77,Dépendance,0,0,351,2023
360000,77500,CHELLES,77,Maison,88,5,351,2023
350000,77410,VILLEVAUDE,77,Local industriel. commercial ou assimilé,24,0,397,2023
350000,77410,VILLEVAUDE,77,Maison,28,1,397,2023
350000,77410,VILLEVAUDE,77,Maison,90,3,397,2023
181671,77860,SAINT-GERMAIN-SUR-MORIN,77,Maison,93,4,466,2023
305000,77500,CHELLES,77,Maison,89,5,136,2023
235000,77320,CHEVRU,77,Dépendance,0,0,640,2023
235000,77320,CHEVRU,77,Maison,101,5,640,2023
270000,77164,FERRIERES-EN-BRIE,77,Maison,98,4,125,2023
238000,77370,VANVILLE,77,Maison,105,6,505,2023
490000,77154,VILLENEUVE-LES-BORDES,77,Dépendance,0,0,516,2023
490000,77154,VILLENEUVE-LES-BORDES,77,Maison,177,7,516,2023
336000,77165,CUISY,77,Maison,136,6,500,2023
336000,77165,CUISY,77,Maison,136,6,5,2023
300000,77515,CELLE-SUR-MORIN (LA),77,Dépendance,0,0,22,2023
300000,77515,CELLE-SUR-MORIN (LA),77,Dépendance,0,0,339,2023
242470,77120,COULOMMIERS,77,Maison,80,4,640,2023
250000,77186,NOISIEL,77,Maison,48,3,343,2023
185000,77660,CHANGIS-SUR-MARNE,77,Dépendance,0,0,50,2023
185000,77660,CHANGIS-SUR-MARNE,77,Maison,60,3,50,2023
759490,77700,COUPVRAY,77,Maison,204,4,500,2023
759490,77700,COUPVRAY,77,Maison,204,4,271,2023
481000,77230,JUILLY,77,Maison,114,7,415,2023
481000,77230,JUILLY,77,Maison,114,7,500,2023
481000,77230,JUILLY,77,Dépendance,0,0,500,2023
481000,77230,JUILLY,77,Dépendance,0,0,415,2023
157000,77160,CHALAUTRE-LA-PETITE,77,Maison,110,4,155,2023
174000,77660,CHANGIS-SUR-MARNE,77,Dépendance,0,0,242,2023
174000,77660,CHANGIS-SUR-MARNE,77,Maison,50,2,500,2023
174000,77660,CHANGIS-SUR-MARNE,77,Dépendance,0,0,500,2023
174000,77660,CHANGIS-SUR-MARNE,77,Maison,50,2,242,2023
269900,77230,SAINT-MARD,77,Dépendance,0,0,411,2023
269900,77230,SAINT-MARD,77,Maison,62,3,411,2023
270000,77163,DAMMARTIN-SUR-TIGEAUX,77,Maison,84,4,193,2023
300000,77230,ROUVRES,77,Maison,80,4,457,2023
353382,77174,VILLENEUVE-LE-COMTE,77,Maison,79,4,167,2023
353382,77174,VILLENEUVE-LE-COMTE,77,Dépendance,0,0,167,2023
420000,77410,CLAYE-SOUILLY,77,Appartement,36,3,103,2023
420000,77410,CLAYE-SOUILLY,77,Dépendance,0,0,103,2023
420000,77410,CLAYE-SOUILLY,77,Appartement,34,1,103,2023
420000,77410,CLAYE-SOUILLY,77,Appartement,40,2,103,2023
420000,77410,CLAYE-SOUILLY,77,Appartement,46,2,103,2023
26000,77169,SAINT-GERMAIN-SOUS-DOUE,77,Dépendance,0,0,135,2023
305650,77260,USSY-SUR-MARNE,77,Dépendance,0,0,379,2023
305650,77260,USSY-SUR-MARNE,77,Maison,101,4,379,2023
150000,77171,SOURDUN,77,Maison,100,5,241,2023
547200,77700,BAILLY-ROMAINVILLIERS,77,Dépendance,0,0,245,2023
547200,77700,BAILLY-ROMAINVILLIERS,77,Maison,153,6,245,2023
239000,77515,FAREMOUTIERS,77,Maison,100,5,578,2023
148000,77580,PIERRE-LEVEE,77,Maison,110,5,101,2023
160000,77450,MONTRY,77,Dépendance,0,0,500,2023
386000,77120,COULOMMIERS,77,Dépendance,0,0,251,2023
386000,77120,COULOMMIERS,77,Maison,168,7,251,2023
685000,77600,BUSSY-SAINT-GEORGES,77,Maison,140,5,340,2023
155000,77169,BOISSY-LE-CHATEL,77,Dépendance,0,0,717,2023
155000,77169,BOISSY-LE-CHATEL,77,Dépendance,0,0,197,2023
155000,77169,BOISSY-LE-CHATEL,77,Maison,90,3,197,2023
155000,77169,BOISSY-LE-CHATEL,77,Maison,90,3,717,2023
638000,77600,BUSSY-SAINT-GEORGES,77,Maison,109,5,246,2023
205000,77700,BAILLY-ROMAINVILLIERS,77,Maison,50,3,34,2023
390000,77500,CHELLES,77,Maison,75,2,505,2023
390000,77500,CHELLES,77,Dépendance,0,0,505,2023
415000,77610,NEUFMOUTIERS-EN-BRIE,77,Maison,112,5,297,2023
170000,77260,REUIL-EN-BRIE,77,Maison,60,2,283,2023
180000,77650,SAVINS,77,Maison,88,4,920,2023
180000,77650,SAVINS,77,Maison,88,4,819,2023
13500,77126,EGLIGNY,77,Dépendance,0,0,196,2023
359000,77124,VILLENOY,77,Maison,84,5,500,2023
359000,77124,VILLENOY,77,Maison,84,5,261,2023
408500,77124,VILLENOY,77,Maison,97,4,500,2023
408500,77124,VILLENOY,77,Maison,97,4,361,2023
302500,77124,VILLENOY,77,Maison,95,5,449,2023
140000,77120,MAUPERTHUIS,77,Dépendance,0,0,387,2023
140000,77120,MAUPERTHUIS,77,Maison,60,3,387,2023
210000,77230,MOUSSY-LE-VIEUX,77,Maison,73,3,106,2023
458400,77400,GOUVERNES,77,Maison,130,4,402,2023
458400,77400,GOUVERNES,77,Maison,130,4,500,2023
1185000,77400,LAGNY-SUR-MARNE,77,Local industriel. commercial ou assimilé,370,0,1892,2023
1185000,77400,LAGNY-SUR-MARNE,77,Appartement,90,4,1892,2023
1185000,77400,LAGNY-SUR-MARNE,77,Dépendance,0,0,1892,2023
370000,77500,CHELLES,77,Maison,140,6,700,2023
305000,77230,DAMMARTIN-EN-GOELE,77,Dépendance,0,0,17,2023
305000,77230,DAMMARTIN-EN-GOELE,77,Maison,78,4,228,2023
305000,77230,DAMMARTIN-EN-GOELE,77,Dépendance,0,0,13,2023
199000,77540,COURPALAY,77,Maison,73,4,500,2023
199000,77540,COURPALAY,77,Dépendance,0,0,500,2023
199000,77540,COURPALAY,77,Dépendance,0,0,914,2023
199000,77540,COURPALAY,77,Maison,73,4,914,2023
119000,77440,DHUISY,77,Maison,57,3,209,2023
119000,77440,DHUISY,77,Dépendance,0,0,500,2023
119000,77440,DHUISY,77,Maison,57,3,500,2023
119000,77440,DHUISY,77,Dépendance,0,0,209,2023
223000,77370,NANGIS,77,Maison,72,5,650,2023
795000,77500,CHELLES,77,Dépendance,0,0,751,2023
795000,77500,CHELLES,77,Maison,163,8,751,2023
395000,77184,EMERAINVILLE,77,Maison,111,5,235,2023
300000,77580,BOULEURS,77,Maison,42,2,569,2023
300000,77580,BOULEURS,77,Dépendance,0,0,569,2023
300000,77580,BOULEURS,77,Maison,120,5,569,2023
352000,77500,CHELLES,77,Maison,109,5,411,2023
128000,77480,FONTAINE-FOURCHES,77,Dépendance,0,0,604,2023
128000,77480,FONTAINE-FOURCHES,77,Maison,72,2,604,2023
477000,77500,CHELLES,77,Maison,128,6,579,2023
233000,77470,TRILPORT,77,Dépendance,0,0,253,2023
233000,77470,TRILPORT,77,Maison,68,3,253,2023
695000,77700,MAGNY-LE-HONGRE,77,Dépendance,0,0,500,2023
695000,77700,MAGNY-LE-HONGRE,77,Maison,170,6,500,2023
695000,77700,MAGNY-LE-HONGRE,77,Dépendance,0,0,280,2023
695000,77700,MAGNY-LE-HONGRE,77,Maison,170,6,280,2023
240000,77520,MONTIGNY-LENCOUP,77,Dépendance,0,0,737,2023
240000,77520,MONTIGNY-LENCOUP,77,Maison,60,3,737,2023
475000,77410,CLAYE-SOUILLY,77,Dépendance,0,0,1278,2023
475000,77410,CLAYE-SOUILLY,77,Dépendance,0,0,500,2023
475000,77410,CLAYE-SOUILLY,77,Maison,176,9,500,2023
475000,77410,CLAYE-SOUILLY,77,Maison,176,9,1278,2023
55000,77540,BERNAY VILBERT,77,Dépendance,0,0,903,2023
55000,77540,BERNAY VILBERT,77,Maison,80,4,903,2023
619310,77410,CLAYE-SOUILLY,77,Maison,145,4,500,2023
619310,77410,CLAYE-SOUILLY,77,Dépendance,0,0,544,2023
619310,77410,CLAYE-SOUILLY,77,Maison,145,4,544,2023
619310,77410,CLAYE-SOUILLY,77,Dépendance,0,0,500,2023
458000,77183,CROISSY-BEAUBOURG,77,Maison,109,6,308,2023
261800,77410,VILLEVAUDE,77,Dépendance,0,0,111,2023
261800,77410,VILLEVAUDE,77,Maison,80,2,111,2023
60000,77560,COURCHAMP,77,Dépendance,0,0,795,2023
60000,77560,COURCHAMP,77,Maison,183,7,795,2023
635000,77660,SAINT JEAN LES DEUX JUMEAUX,77,Dépendance,0,0,1162,2023
635000,77660,SAINT JEAN LES DEUX JUMEAUX,77,Maison,272,6,1162,2023
405000,77580,SANCY-LES-MEAUX,77,Maison,98,5,411,2023
405000,77580,SANCY-LES-MEAUX,77,Maison,98,5,618,2023
340000,77860,QUINCY-VOISINS,77,Maison,86,6,406,2023
240000,77450,ESBLY,77,Maison,88,5,135,2023
280000,77370,MAISON-ROUGE,77,Maison,147,6,600,2023
280000,77370,MAISON-ROUGE,77,Maison,147,6,451,2023
439000,77860,QUINCY-VOISINS,77,Maison,114,5,204,2023
439000,77860,QUINCY-VOISINS,77,Maison,114,5,500,2023
100000,77100,NANTEUIL-LES-MEAUX,77,Maison,70,1,45,2023
137500,77169,BOISSY-LE-CHATEL,77,Dépendance,0,0,550,2023
137500,77169,BOISSY-LE-CHATEL,77,Maison,99,5,550,2023
137500,77169,BOISSY-LE-CHATEL,77,Maison,99,5,250,2023
137500,77169,BOISSY-LE-CHATEL,77,Dépendance,0,0,250,2023
305000,77120,MOUROUX,77,Maison,98,5,530,2023
305000,77120,MOUROUX,77,Maison,98,5,238,2023
215000,77120,MOUROUX,77,Maison,88,4,400,2023
215000,77120,MOUROUX,77,Dépendance,0,0,375,2023
465000,77400,LAGNY-SUR-MARNE,77,Dépendance,0,0,424,2023
465000,77400,LAGNY-SUR-MARNE,77,Maison,81,3,424,2023
324000,77260,LA FERTE SOUS JOUARRE,77,Maison,150,8,487,2023
240000,77860,SAINT-GERMAIN-SUR-MORIN,77,Maison,45,3,500,2023
240000,77860,SAINT-GERMAIN-SUR-MORIN,77,Maison,45,3,302,2023
438131,77100,MAREUIL-LES-MEAUX,77,Maison,150,7,500,2023
438131,77100,MAREUIL-LES-MEAUX,77,Maison,150,7,416,2023
334000,77610,FONTENAY-TRESIGNY,77,Maison,97,4,118,2023
334000,77610,FONTENAY-TRESIGNY,77,Maison,97,4,929,2023
90000,77480,FONTAINE-FOURCHES,77,Maison,48,2,345,2023
90000,77480,FONTAINE-FOURCHES,77,Dépendance,0,0,138,2023
90000,77480,FONTAINE-FOURCHES,77,Maison,63,3,138,2023
90000,77480,FONTAINE-FOURCHES,77,Maison,114,5,4,2023
342840,77860,SAINT-GERMAIN-SUR-MORIN,77,Maison,91,4,213,2023
742800,77500,CHELLES,77,Maison,239,6,500,2023
210000,77640,JOUARRE,77,Maison,77,4,515,2023
270000,77610,MARLES-EN-BRIE,77,Dépendance,0,0,469,2023
270000,77610,MARLES-EN-BRIE,77,Maison,124,6,500,2023
270000,77610,MARLES-EN-BRIE,77,Dépendance,0,0,500,2023
270000,77610,MARLES-EN-BRIE,77,Maison,124,6,469,2023
349000,77610,MARLES-EN-BRIE,77,Maison,129,5,568,2023
349000,77610,MARLES-EN-BRIE,77,Dépendance,0,0,568,2023
349000,77610,MARLES-EN-BRIE,77,Maison,129,5,250,2023
349000,77610,MARLES-EN-BRIE,77,Dépendance,0,0,250,2023
308000,77450,ISLES-LES-VILLENOY,77,Maison,89,4,600,2023
187900,77320,ST REMY DE LA VANNE,77,Maison,160,7,278,2023
275000,77440,VENDREST,77,Maison,127,5,476,2023
488550,77400,THORIGNY SUR MARNE,77,Maison,136,5,500,2023
320000,77124,CHAUCONIN-NEUFMONTIERS,77,Maison,98,4,237,2023
316000,77610,FONTENAY-TRESIGNY,77,Maison,126,3,623,2023
330000,77184,EMERAINVILLE,77,Maison,93,4,214,2023
500000,77450,CONDE-SAINTE-LIBIAIRE,77,Dépendance,0,0,492,2023
500000,77450,CONDE-SAINTE-LIBIAIRE,77,Maison,82,4,492,2023
342300,77580,SANCY-LES-MEAUX,77,Maison,98,4,500,2023
342300,77580,SANCY-LES-MEAUX,77,Maison,98,4,381,2023
342300,77580,SANCY-LES-MEAUX,77,Dépendance,0,0,381,2023
342300,77580,SANCY-LES-MEAUX,77,Dépendance,0,0,500,2023
242500,77510,HONDEVILLIERS,77,Maison,110,3,808,2023
420000,77580,CRECY LA CHAPELLE,77,Maison,109,6,421,2023
420000,77580,CRECY LA CHAPELLE,77,Maison,109,6,612,2023
107000,77750,SAINT-OUEN-SUR-MORIN,77,Dépendance,0,0,1600,2023
107000,77750,SAINT-OUEN-SUR-MORIN,77,Maison,113,5,1600,2023
107000,77750,SAINT-OUEN-SUR-MORIN,77,Dépendance,0,0,250,2023
107000,77750,SAINT-OUEN-SUR-MORIN,77,Maison,113,5,250,2023
765000,77700,MAGNY-LE-HONGRE,77,Maison,106,4,215,2023
765000,77700,MAGNY-LE-HONGRE,77,Maison,106,4,500,2023
765000,77700,MAGNY-LE-HONGRE,77,Dépendance,0,0,500,2023
765000,77700,MAGNY-LE-HONGRE,77,Dépendance,0,0,215,2023
229000,77160,PROVINS,77,Local industriel. commercial ou assimilé,69,0,62,2023
229000,77160,PROVINS,77,Appartement,70,3,62,2023
229000,77160,PROVINS,77,Appartement,41,2,62,2023
379000,77260,CHAMIGNY,77,Maison,103,4,3096,2023
379000,77260,CHAMIGNY,77,Maison,103,4,500,2023
252000,77910,VARREDDES,77,Maison,82,4,64,2023
185000,77910,CHAMBRY,77,Maison,94,3,196,2023
185000,77910,CHAMBRY,77,Dépendance,0,0,196,2023
250000,77440,MARY-SUR-MARNE,77,Maison,129,3,511,2023
185000,77440,ISLES-LES-MELDEUSES,77,Maison,100,5,223,2023
375250,77138,LUZANCY,77,Dépendance,0,0,500,2023
375250,77138,LUZANCY,77,Maison,192,6,2000,2023
375250,77138,LUZANCY,77,Maison,192,6,500,2023
375250,77138,LUZANCY,77,Dépendance,0,0,2000,2023
140000,77320,CHEVRU,77,Maison,140,5,849,2023
338450,77540,VOINSLES,77,Maison,100,6,500,2023
199000,77510,REBAIS,77,Appartement,23,1,487,2023
199000,77510,REBAIS,77,Maison,64,6,487,2023
100030,77860,COUILLY-PONT-AUX-DAMES,77,Maison,138,6,500,2023
100030,77860,COUILLY-PONT-AUX-DAMES,77,Maison,138,6,232,2023
252000,77510,SABLONNIERES,77,Dépendance,0,0,231,2023
252000,77510,SABLONNIERES,77,Maison,146,6,231,2023
220000,77650,SAINTE-COLOMBE,77,Maison,114,4,332,2023
220000,77650,SAINTE-COLOMBE,77,Dépendance,0,0,636,2023
220000,77650,SAINTE-COLOMBE,77,Maison,114,4,636,2023
220000,77650,SAINTE-COLOMBE,77,Dépendance,0,0,332,2023
583769,77410,CLAYE-SOUILLY,77,Dépendance,0,0,500,2023
583769,77410,CLAYE-SOUILLY,77,Maison,180,9,108,2023
583769,77410,CLAYE-SOUILLY,77,Dépendance,0,0,108,2023
583769,77410,CLAYE-SOUILLY,77,Maison,180,9,500,2023
188000,77120,BEAUTHEIL-SAINTS,77,Dépendance,0,0,380,2023
188000,77120,BEAUTHEIL-SAINTS,77,Maison,103,5,380,2023
185000,77470,FUBLAINES,77,Maison,48,3,209,2023
185000,77470,FUBLAINES,77,Maison,48,3,500,2023
375000,77120,MOUROUX,77,Maison,104,3,250,2023
375000,77120,MOUROUX,77,Maison,104,3,711,2023
840000,77700,BAILLY-ROMAINVILLIERS,77,Maison,185,6,258,2023
840000,77700,BAILLY-ROMAINVILLIERS,77,Maison,185,6,500,2023
287000,77580,VILLIERS-SUR-MORIN,77,Maison,66,4,44,2023
287000,77580,VILLIERS-SUR-MORIN,77,Dépendance,0,0,44,2023
287000,77580,VILLIERS-SUR-MORIN,77,Maison,66,4,643,2023
287000,77580,VILLIERS-SUR-MORIN,77,Dépendance,0,0,643,2023
30000,77450,MONTRY,77,Dépendance,0,0,55,2023
230000,77100,MEAUX,77,Appartement,18,1,30,2023
230000,77100,MEAUX,77,Appartement,20,1,30,2023
230000,77100,MEAUX,77,Appartement,14,1,30,2023
241000,77165,IVERNY,77,Maison,188,6,277,2023
241000,77165,IVERNY,77,Dépendance,0,0,277,2023
195000,77910,BARCY,77,Maison,63,4,247,2023
295000,77141,VAUDOY-EN-BRIE,77,Appartement,63,3,383,2023
295000,77141,VAUDOY-EN-BRIE,77,Dépendance,0,0,383,2023
295000,77141,VAUDOY-EN-BRIE,77,Appartement,88,3,383,2023
230000,77370,CROIX-EN-BRIE (LA),77,Maison,66,3,414,2023
219500,77580,MAISONCELLES-EN-BRIE,77,Maison,73,3,411,2023
249000,77750,BUSSIERES,77,Dépendance,0,0,724,2023
249000,77750,BUSSIERES,77,Maison,107,6,724,2023
216000,77730,CITRY,77,Maison,72,3,215,2023
165000,77120,CHAILLY-EN-BRIE,77,Maison,65,4,735,2023
165000,77120,CHAILLY-EN-BRIE,77,Dépendance,0,0,735,2023
150000,77860,SAINT-GERMAIN-SUR-MORIN,77,Maison,95,4,254,2023
480000,77700,BAILLY-ROMAINVILLIERS,77,Maison,87,5,304,2023
504100,77860,SAINT-GERMAIN-SUR-MORIN,77,Maison,126,4,722,2023
504100,77860,SAINT-GERMAIN-SUR-MORIN,77,Maison,126,4,500,2023
135000,77120,COULOMMIERS,77,Maison,43,3,173,2023
132000,77560,COURTACON,77,Maison,96,3,500,2023
132000,77560,COURTACON,77,Dépendance,0,0,500,2023
132000,77560,COURTACON,77,Maison,96,3,335,2023
132000,77560,COURTACON,77,Dépendance,0,0,335,2023
1190920,77260,LA FERTE SOUS JOUARRE,77,Maison,30,0,218,2023
1190920,77260,LA FERTE SOUS JOUARRE,77,Local industriel. commercial ou assimilé,290,0,218,2023
1190920,77260,LA FERTE SOUS JOUARRE,77,Maison,67,2,46,2023
1190920,77260,LA FERTE SOUS JOUARRE,77,Dépendance,0,0,27,2023
1190920,77260,LA FERTE SOUS JOUARRE,77,Maison,122,5,1907,2023
400000,77400,SAINT THIBAULT DES VIGNES,77,Maison,91,5,701,2023
292000,77500,CHELLES,77,Maison,65,4,153,2023
162000,77410,ANNET-SUR-MARNE,77,Maison,55,3,13,2023
180000,77160,PROVINS,77,Maison,136,11,7590,2023
180000,77160,PROVINS,77,Maison,136,11,660,2023
204000,77320,MEILLERAY,77,Maison,104,5,770,2023
204000,77320,MEILLERAY,77,Maison,104,5,300,2023
285900,77260,LA FERTE SOUS JOUARRE,77,Maison,114,6,500,2023
285900,77260,LA FERTE SOUS JOUARRE,77,Maison,114,6,103,2023
249000,77163,MORTCERF,77,Maison,85,4,604,2023
200000,77500,CHELLES,77,Maison,82,5,122,2023
235000,77360,VAIRES SUR MARNE,77,Dépendance,0,0,418,2023
235000,77360,VAIRES SUR MARNE,77,Maison,74,4,418,2023
187000,77120,CHAILLY-EN-BRIE,77,Maison,100,6,368,2023
187000,77120,CHAILLY-EN-BRIE,77,Dépendance,0,0,368,2023
538000,77360,VAIRES SUR MARNE,77,Maison,142,7,365,2023
177600,77290,MITRY MORY,77,Maison,120,4,432,2023
177600,77290,MITRY MORY,77,Dépendance,0,0,432,2023
515000,77600,CONCHES SUR GONDOIRE,77,Appartement,25,1,670,2023
515000,77600,CONCHES SUR GONDOIRE,77,Maison,60,4,670,2023
215000,77200,TORCY,77,Appartement,82,4,55,2023
175000,77410,CLAYE-SOUILLY,77,Maison,53,3,36,2023
293000,77540,LUMIGNY NESLES ORMEAUX,77,Maison,93,5,1155,2023
280000,77290,MITRY MORY,77,Maison,58,3,400,2023
245000,77160,SAINT-BRICE,77,Maison,125,6,584,2023
830500,77320,JOUY-SUR-MORIN,77,Local industriel. commercial ou assimilé,1140,0,1125,2023
830500,77320,JOUY-SUR-MORIN,77,Maison,190,5,9920,2023
830500,77320,JOUY-SUR-MORIN,77,Maison,103,5,11198,2023
830500,77320,JOUY-SUR-MORIN,77,Maison,190,5,11198,2023
830500,77320,JOUY-SUR-MORIN,77,Maison,103,5,9920,2023
830500,77320,JOUY-SUR-MORIN,77,Maison,103,5,10080,2023
830500,77320,JOUY-SUR-MORIN,77,Maison,190,5,10080,2023
830500,77320,JOUY-SUR-MORIN,77,Maison,103,5,555,2023
830500,77320,JOUY-SUR-MORIN,77,Maison,190,5,555,2023
830500,77320,JOUY-SUR-MORIN,77,Maison,103,5,3242,2023
830500,77320,JOUY-SUR-MORIN,77,Maison,190,5,3242,2023
525000,77400,LAGNY-SUR-MARNE,77,Maison,99,4,558,2023
525000,77400,LAGNY-SUR-MARNE,77,Dépendance,0,0,558,2023
1025000,77400,LAGNY-SUR-MARNE,77,Dépendance,0,0,170,2023
1025000,77400,LAGNY-SUR-MARNE,77,Local industriel. commercial ou assimilé,134,0,170,2023
1025000,77400,LAGNY-SUR-MARNE,77,Local industriel. commercial ou assimilé,61,0,170,2023
1025000,77400,LAGNY-SUR-MARNE,77,Appartement,40,2,170,2023
1025000,77400,LAGNY-SUR-MARNE,77,Appartement,35,2,170,2023
1025000,77400,LAGNY-SUR-MARNE,77,Appartement,46,3,170,2023
1025000,77400,LAGNY-SUR-MARNE,77,Local industriel. commercial ou assimilé,12,0,170,2023
385000,77184,EMERAINVILLE,77,Maison,90,4,448,2023
385000,77184,EMERAINVILLE,77,Dépendance,0,0,448,2023
1,77480,BRAY-SUR-SEINE,77,Maison,126,3,75,2023
1,77480,BRAY-SUR-SEINE,77,Dépendance,0,0,75,2023
505000,77165,SAINT-SOUPPLETS,77,Maison,156,6,902,2023
505000,77165,SAINT-SOUPPLETS,77,Maison,156,6,500,2023
290000,77122,MONTHYON,77,Maison,74,4,500,2023
290000,77122,MONTHYON,77,Maison,74,4,97,2023
615000,77410,CLAYE-SOUILLY,77,Maison,178,6,999,2023
263000,77260,REUIL-EN-BRIE,77,Dépendance,0,0,400,2023
263000,77260,REUIL-EN-BRIE,77,Maison,96,3,400,2023
361400,77400,THORIGNY SUR MARNE,77,Maison,87,4,373,2023
180000,77145,MAY-EN-MULTIEN,77,Maison,124,5,41,2023
110000,77400,SAINT THIBAULT DES VIGNES,77,Dépendance,0,0,179,2023
86500,77165,CUISY,77,Dépendance,0,0,85,2023
86500,77165,CUISY,77,Maison,70,4,85,2023
250000,77100,MEAUX,77,Maison,79,5,740,2023
250000,77100,MEAUX,77,Local industriel. commercial ou assimilé,268,0,740,2023
310000,77290,MITRY MORY,77,Dépendance,0,0,450,2023
310000,77290,MITRY MORY,77,Maison,111,6,450,2023
304000,77450,ESBLY,77,Maison,96,3,450,2023
395000,77270,VILLEPARISIS,77,Maison,102,3,502,2023
395000,77270,VILLEPARISIS,77,Dépendance,0,0,502,2023
235000,77100,MEAUX,77,Maison,102,5,182,2023
355000,77124,PENCHARD,77,Dépendance,0,0,489,2023
355000,77124,PENCHARD,77,Maison,90,5,489,2023
555000,77230,MOUSSY-LE-NEUF,77,Maison,177,5,500,2023
110500,77120,MOUROUX,77,Maison,84,4,871,2023
110500,77120,MOUROUX,77,Maison,84,4,560,2023
331000,77280,OTHIS,77,Dépendance,0,0,574,2023
331000,77280,OTHIS,77,Maison,104,5,574,2023
499000,77500,CHELLES,77,Maison,90,5,300,2023
27500,77480,MOUSSEAUX-LES-BRAY,77,Local industriel. commercial ou assimilé,42,0,59,2023
386000,77124,CREGY-LES-MEAUX,77,Maison,95,5,471,2023
169900,77580,LA HAUTE-MAISON,77,Maison,109,3,403,2023
237000,77120,COULOMMIERS,77,Maison,83,5,965,2023
237000,77120,COULOMMIERS,77,Maison,83,5,225,2023
319000,77410,FRESNES-SUR-MARNE,77,Maison,91,4,152,2023
319000,77410,FRESNES-SUR-MARNE,77,Dépendance,0,0,152,2023
388000,77174,VILLENEUVE-SAINT-DENIS,77,Maison,90,4,201,2023
369250,77320,FERTE-GAUCHER (LA),77,Maison,100,5,635,2023
369250,77320,FERTE-GAUCHER (LA),77,Dépendance,0,0,635,2023
311300,77120,COULOMMIERS,77,Maison,105,4,430,2023
198000,77120,MOUROUX,77,Appartement,94,4,59,2023
194000,77370,RAMPILLON,77,Maison,63,3,800,2023
260000,77540,BERNAY VILBERT,77,Maison,86,4,667,2023
260000,77540,BERNAY VILBERT,77,Dépendance,0,0,667,2023
311160,77260,CHAMIGNY,77,Maison,128,5,500,2023
311160,77260,CHAMIGNY,77,Maison,128,5,136,2023
297500,77270,VILLEPARISIS,77,Maison,61,3,387,2023
215000,77520,MONS-EN-MONTOIS,77,Maison,116,5,496,2023
215000,77520,MONS-EN-MONTOIS,77,Maison,116,5,500,2023
442000,77177,BROU-SUR-CHANTEREINE,77,Dépendance,0,0,643,2023
442000,77177,BROU-SUR-CHANTEREINE,77,Maison,92,4,643,2023
145000,77181,COURTRY,77,Dépendance,0,0,501,2023
145000,77181,COURTRY,77,Maison,80,4,501,2023
545000,77700,MAGNY-LE-HONGRE,77,Maison,126,7,232,2023
545000,77700,MAGNY-LE-HONGRE,77,Dépendance,0,0,232,2023
355000,77260,LA FERTE SOUS JOUARRE,77,Maison,117,6,629,2023
355000,77260,LA FERTE SOUS JOUARRE,77,Dépendance,0,0,500,2023
355000,77260,LA FERTE SOUS JOUARRE,77,Maison,117,6,500,2023
355000,77260,LA FERTE SOUS JOUARRE,77,Dépendance,0,0,629,2023
245000,77100,MEAUX,77,Maison,52,3,332,2023
245000,77100,MEAUX,77,Dépendance,0,0,332,2023
202250,77100,MEAUX,77,Dépendance,0,0,54,2023
202250,77100,MEAUX,77,Maison,65,3,54,2023
295000,77124,VILLENOY,77,Local industriel. commercial ou assimilé,212,0,500,2023
400000,77186,NOISIEL,77,Dépendance,0,0,309,2023
400000,77186,NOISIEL,77,Maison,100,6,309,2023
684600,77600,BUSSY-SAINT-MARTIN,77,Maison,149,6,500,2023
684600,77600,BUSSY-SAINT-MARTIN,77,Maison,149,6,107,2023
115000,77650,SAVINS,77,Maison,102,4,392,2023
195000,77860,QUINCY-VOISINS,77,Maison,60,2,455,2023
300000,77120,COULOMMIERS,77,Appartement,55,3,78,2023
300000,77120,COULOMMIERS,77,Appartement,50,3,78,2023
300000,77120,COULOMMIERS,77,Appartement,40,3,78,2023
245000,77120,MAROLLES-EN-BRIE,77,Maison,110,5,481,2023
490000,77600,BUSSY-SAINT-GEORGES,77,Maison,97,4,591,2023
490000,77600,BUSSY-SAINT-GEORGES,77,Local industriel. commercial ou assimilé,95,0,591,2023
350000,77440,ARMENTIERES-EN-BRIE,77,Maison,129,6,500,2023
360000,77124,VILLENOY,77,Maison,109,5,521,2023
415000,77410,ANNET-SUR-MARNE,77,Maison,104,6,500,2023
415000,77410,ANNET-SUR-MARNE,77,Maison,104,6,106,2023
320000,77120,MOUROUX,77,Maison,105,5,217,2023
378500,77100,MEAUX,77,Maison,88,4,500,2023
378500,77100,MEAUX,77,Maison,88,4,103,2023
320000,77400,LAGNY-SUR-MARNE,77,Dépendance,0,0,474,2023
320000,77400,LAGNY-SUR-MARNE,77,Maison,65,4,474,2023
45000,77660,SAINT JEAN LES DEUX JUMEAUX,77,Dépendance,0,0,106,2023
310000,77280,OTHIS,77,Maison,85,4,262,2023
15000,77131,TOUQUIN,77,Dépendance,0,0,69,2023
125000,77370,NANGIS,77,Maison,34,2,30,2023
382000,77610,NEUFMOUTIERS-EN-BRIE,77,Maison,105,5,501,2023
697029,77700,MAGNY-LE-HONGRE,77,Maison,128,5,500,2023
697029,77700,MAGNY-LE-HONGRE,77,Maison,128,5,258,2023
229000,77970,JOUY-LE-CHATEL,77,Maison,100,4,214,2023
229000,77970,JOUY-LE-CHATEL,77,Maison,100,4,500,2023
33000,77260,LA FERTE SOUS JOUARRE,77,Dépendance,0,0,96,2023
190000,77410,CHARMENTRAY,77,Maison,68,4,285,2023
292000,77260,CHAMIGNY,77,Dépendance,0,0,1315,2023
292000,77260,CHAMIGNY,77,Dépendance,0,0,500,2023
292000,77260,CHAMIGNY,77,Maison,128,6,500,2023
292000,77260,CHAMIGNY,77,Maison,128,6,1315,2023
315000,77100,MEAUX,77,Maison,106,5,272,2023
381000,77165,SAINT-SOUPPLETS,77,Maison,154,6,454,2023
360000,77290,MITRY MORY,77,Dépendance,0,0,500,2023
360000,77290,MITRY MORY,77,Dépendance,0,0,450,2023
360000,77290,MITRY MORY,77,Appartement,70,3,450,2023
360000,77290,MITRY MORY,77,Appartement,58,3,450,2023
360000,77290,MITRY MORY,77,Appartement,70,3,500,2023
360000,77290,MITRY MORY,77,Appartement,58,3,500,2023
230000,77260,USSY-SUR-MARNE,77,Maison,118,5,218,2023
280000,77580,SANCY-LES-MEAUX,77,Maison,141,6,461,2023
321520,77120,COULOMMIERS,77,Maison,92,3,664,2023
620000,77120,AMILLIS,77,Local industriel. commercial ou assimilé,0,0,26910,2023
1500,77750,SAINT-CYR-SUR-MORIN,77,Dépendance,0,0,2250,2023
1500,77750,SAINT-CYR-SUR-MORIN,77,Maison,175,6,250,2023
1500,77750,SAINT-CYR-SUR-MORIN,77,Dépendance,0,0,250,2023
1500,77750,SAINT-CYR-SUR-MORIN,77,Dépendance,0,0,3470,2023
1500,77750,SAINT-CYR-SUR-MORIN,77,Maison,175,6,3470,2023
1500,77750,SAINT-CYR-SUR-MORIN,77,Maison,175,6,2250,2023
778500,77750,SAINT-CYR-SUR-MORIN,77,Dépendance,0,0,3470,2023
778500,77750,SAINT-CYR-SUR-MORIN,77,Dépendance,0,0,250,2023
778500,77750,SAINT-CYR-SUR-MORIN,77,Maison,175,6,2250,2023
778500,77750,SAINT-CYR-SUR-MORIN,77,Maison,175,6,250,2023
778500,77750,SAINT-CYR-SUR-MORIN,77,Dépendance,0,0,2250,2023
778500,77750,SAINT-CYR-SUR-MORIN,77,Maison,175,6,3470,2023
237000,77120,MOUROUX,77,Dépendance,0,0,354,2023
237000,77120,MOUROUX,77,Maison,115,4,354,2023
350000,77400,THORIGNY SUR MARNE,77,Maison,97,5,500,2023
350000,77400,THORIGNY SUR MARNE,77,Maison,97,5,441,2023
95000,77370,CROIX-EN-BRIE (LA),77,Maison,61,3,962,2023
95000,77370,CROIX-EN-BRIE (LA),77,Dépendance,0,0,962,2023
95000,77370,CROIX-EN-BRIE (LA),77,Dépendance,0,0,150,2023
95000,77370,CROIX-EN-BRIE (LA),77,Maison,61,3,150,2023
106000,77134,ORMES-SUR-VOULZIE (LES),77,Maison,100,3,959,2023
106000,77134,ORMES-SUR-VOULZIE (LES),77,Dépendance,0,0,959,2023
340000,77500,CHELLES,77,Maison,65,3,300,2023
508000,77410,GRESSY,77,Maison,156,7,500,2023
508000,77410,GRESSY,77,Maison,156,7,240,2023
110000,77160,SAINT-HILLIERS,77,Dépendance,0,0,401,2023
110000,77160,SAINT-HILLIERS,77,Maison,100,3,401,2023
389800,77100,MEAUX,77,Maison,99,5,259,2023
220000,77650,CHALMAISON,77,Maison,150,6,495,2023
258000,77410,CLAYE-SOUILLY,77,Maison,63,3,642,2023
258000,77410,CLAYE-SOUILLY,77,Dépendance,0,0,642,2023
510000,77500,CHELLES,77,Maison,92,5,534,2023
100000,77650,SAINT-LOUP-DE-NAUD,77,Maison,70,3,242,2023
28000,77171,SOURDUN,77,Maison,8,1,477,2023
245000,77540,COURPALAY,77,Maison,75,3,477,2023
615000,77600,BUSSY-SAINT-GEORGES,77,Maison,155,7,452,2023
410000,77400,POMPONNE,77,Maison,115,5,307,2023
120000,77510,VILLENEUVE-SUR-BELLOT,77,Dépendance,0,0,250,2023
120000,77510,VILLENEUVE-SUR-BELLOT,77,Dépendance,0,0,534,2023
120000,77510,VILLENEUVE-SUR-BELLOT,77,Maison,74,2,534,2023
120000,77510,VILLENEUVE-SUR-BELLOT,77,Maison,74,2,250,2023
340000,77290,MITRY MORY,77,Dépendance,0,0,517,2023
340000,77290,MITRY MORY,77,Maison,106,4,517,2023
80000,77520,CESSOY-EN-MONTOIS,77,Dépendance,0,0,842,2023
80000,77520,CESSOY-EN-MONTOIS,77,Maison,105,4,842,2023
415000,77420,CHAMPS-SUR-MARNE,77,Maison,94,4,96,2023
166000,77560,VILLIERS-SAINT-GEORGES,77,Maison,87,4,289,2023
166000,77560,VILLIERS-SAINT-GEORGES,77,Maison,87,4,833,2023
165000,77515,FAREMOUTIERS,77,Appartement,66,2,68,2023
372000,77410,VILLEVAUDE,77,Maison,155,6,317,2023
360000,77400,DAMPMART,77,Maison,100,5,500,2023
55000,77320,BETON-BAZOCHES,77,Maison,70,5,49,2023
445000,77100,NANTEUIL-LES-MEAUX,77,Maison,110,4,500,2023
445000,77100,NANTEUIL-LES-MEAUX,77,Maison,110,4,706,2023
40000,77120,MOUROUX,77,Maison,22,1,44,2023
170000,77560,BEAUCHERY-SAINT-MARTIN,77,Maison,125,5,890,2023
273570,77100,NANTEUIL-LES-MEAUX,77,Maison,65,4,430,2023
273570,77100,NANTEUIL-LES-MEAUX,77,Dépendance,0,0,430,2023
270000,77157,EVERLY,77,Maison,170,8,384,2023
270000,77157,EVERLY,77,Dépendance,0,0,384,2023
76500,77320,SAINT-BARTHELEMY,77,Maison,126,3,157,2023
810000,77100,MEAUX,77,Maison,404,16,1420,2023
810000,77100,MEAUX,77,Maison,404,16,500,2023
455000,77144,MONTEVRAIN,77,Maison,108,4,303,2023
252000,77131,TOUQUIN,77,Dépendance,0,0,589,2023
252000,77131,TOUQUIN,77,Maison,73,4,250,2023
252000,77131,TOUQUIN,77,Dépendance,0,0,250,2023
252000,77131,TOUQUIN,77,Maison,73,4,589,2023
690000,77400,LAGNY-SUR-MARNE,77,Maison,114,4,635,2023
690000,77400,LAGNY-SUR-MARNE,77,Dépendance,0,0,635,2023
690000,77400,LAGNY-SUR-MARNE,77,Local industriel. commercial ou assimilé,115,0,635,2023
297000,77500,CHELLES,77,Maison,75,3,500,2023
297000,77500,CHELLES,77,Dépendance,0,0,500,2023
380000,77610,NEUFMOUTIERS-EN-BRIE,77,Maison,133,5,563,2023
380000,77610,NEUFMOUTIERS-EN-BRIE,77,Dépendance,0,0,563,2023
525400,77400,LAGNY-SUR-MARNE,77,Dépendance,0,0,75,2023
525400,77400,LAGNY-SUR-MARNE,77,Appartement,60,3,75,2023
525400,77400,LAGNY-SUR-MARNE,77,Appartement,22,2,75,2023
525400,77400,LAGNY-SUR-MARNE,77,Appartement,41,3,75,2023
525400,77400,LAGNY-SUR-MARNE,77,Appartement,33,2,75,2023
347000,77450,MONTRY,77,Maison,76,3,446,2023
475000,77700,MAGNY-LE-HONGRE,77,Maison,100,5,347,2023
920000,77370,NANGIS,77,Local industriel. commercial ou assimilé,201,0,246,2023
920000,77370,NANGIS,77,Local industriel. commercial ou assimilé,201,0,14419,2023
475000,77910,GERMIGNY-L EVEQUE,77,Maison,125,6,130,2023
475000,77910,GERMIGNY-L EVEQUE,77,Maison,125,6,2370,2023
115000,77480,BRAY-SUR-SEINE,77,Maison,85,4,92,2023
190000,77650,LIZINES,77,Maison,87,4,199,2023
272000,77450,ESBLY,77,Maison,88,5,155,2023
340000,77184,EMERAINVILLE,77,Maison,105,5,184,2023
285000,77290,MITRY MORY,77,Maison,65,4,308,2023
285000,77290,MITRY MORY,77,Dépendance,0,0,308,2023
627200,77100,MEAUX,77,Maison,180,6,291,2023
627200,77100,MEAUX,77,Dépendance,0,0,500,2023
627200,77100,MEAUX,77,Maison,180,6,500,2023
627200,77100,MEAUX,77,Dépendance,0,0,291,2023
350000,77450,ESBLY,77,Maison,97,5,323,2023
263000,77178,SAINT-PATHUS,77,Maison,100,5,469,2023
564021,77640,SIGNY-SIGNETS,77,Dépendance,0,0,1808,2023
564021,77640,SIGNY-SIGNETS,77,Appartement,105,4,1808,2023
564021,77640,SIGNY-SIGNETS,77,Appartement,60,3,1808,2023
564021,77640,SIGNY-SIGNETS,77,Maison,200,8,1808,2023
564021,77640,SIGNY-SIGNETS,77,Appartement,69,3,1808,2023
564021,77640,SIGNY-SIGNETS,77,Appartement,51,3,1808,2023
564021,77640,SIGNY-SIGNETS,77,Appartement,73,3,1808,2023
360000,77144,MONTEVRAIN,77,Maison,91,5,95,2023
3440000,77400,SAINT THIBAULT DES VIGNES,77,Local industriel. commercial ou assimilé,1168,0,3492,2023
250000,77640,JOUARRE,77,Maison,90,4,500,2023
192000,77580,GUERARD,77,Maison,78,4,61,2023
332000,77178,SAINT-PATHUS,77,Maison,112,6,305,2023
332000,77178,SAINT-PATHUS,77,Maison,112,6,500,2023
279970,77230,VILLENEUVE SOUS DAMMARTIN,77,Maison,97,4,276,2023
340000,77230,SAINT-MARD,77,Maison,79,4,367,2023
150000,77320,FERTE-GAUCHER (LA),77,Maison,80,6,426,2023
318000,77100,MAREUIL-LES-MEAUX,77,Maison,78,4,89,2023
209000,77122,MONTHYON,77,Maison,61,3,280,2023
368500,77450,ESBLY,77,Maison,145,3,522,2023
135000,77320,CHOISY-EN-BRIE,77,Maison,66,4,50,2023
103334,77450,MONTRY,77,Maison,108,7,439,2023
540000,77600,CONCHES SUR GONDOIRE,77,Dépendance,0,0,593,2023
540000,77600,CONCHES SUR GONDOIRE,77,Maison,148,7,593,2023
290000,77230,DAMMARTIN-EN-GOELE,77,Maison,86,4,197,2023
166400,77120,COULOMMIERS,77,Maison,40,3,167,2023
102000,77515,POMMEUSE,77,Maison,28,1,257,2023
102000,77515,POMMEUSE,77,Maison,28,1,500,2023
254000,77230,DAMMARTIN-EN-GOELE,77,Maison,102,3,416,2023
310000,77290,MITRY MORY,77,Maison,68,3,328,2023
285000,77450,VIGNELY,77,Maison,95,3,152,2023
310000,77230,SAINT-MARD,77,Maison,63,3,587,2023
228500,77120,BEAUTHEIL-SAINTS,77,Dépendance,0,0,250,2023
228500,77120,BEAUTHEIL-SAINTS,77,Dépendance,0,0,896,2023
228500,77120,BEAUTHEIL-SAINTS,77,Maison,90,5,250,2023
228500,77120,BEAUTHEIL-SAINTS,77,Maison,90,5,896,2023
218000,77260,LA FERTE SOUS JOUARRE,77,Maison,101,4,159,2023
270000,77320,ST REMY DE LA VANNE,77,Maison,143,4,178,2023
270000,77320,ST REMY DE LA VANNE,77,Dépendance,0,0,178,2023
270000,77320,ST REMY DE LA VANNE,77,Dépendance,0,0,367,2023
223000,77126,CHATENAY-SUR-SEINE,77,Maison,105,4,622,2023
335000,77160,PROVINS,77,Maison,171,9,296,2023
165000,77114,GOUAIX,77,Maison,63,2,422,2023
80000,77171,SOURDUN,77,Maison,72,2,373,2023
370000,77230,DAMMARTIN-EN-GOELE,77,Dépendance,0,0,522,2023
370000,77230,DAMMARTIN-EN-GOELE,77,Maison,112,4,522,2023
174900,77120,COULOMMIERS,77,Local industriel. commercial ou assimilé,25,0,52,2023
174900,77120,COULOMMIERS,77,Appartement,29,2,52,2023
174900,77120,COULOMMIERS,77,Dépendance,0,0,52,2023
243150,77160,POIGNY,77,Maison,118,5,593,2023
346000,77650,LIZINES,77,Local industriel. commercial ou assimilé,71,0,868,2023
346000,77650,LIZINES,77,Local industriel. commercial ou assimilé,71,0,500,2023
346000,77650,LIZINES,77,Local industriel. commercial ou assimilé,280,0,500,2023
346000,77650,LIZINES,77,Local industriel. commercial ou assimilé,280,0,868,2023
397500,77230,MOUSSY-LE-NEUF,77,Maison,80,4,333,2023
250000,77120,COULOMMIERS,77,Maison,82,5,523,2023
118000,77730,NANTEUIL-SUR-MARNE,77,Maison,90,5,65,2023
118000,77730,NANTEUIL-SUR-MARNE,77,Dépendance,0,0,65,2023
351000,77200,TORCY,77,Maison,100,5,167,2023
180000,77520,VIMPELLES,77,Maison,114,6,865,2023
170000,77470,BOUTIGNY,77,Maison,60,2,62,2023
294000,77520,SOGNOLLES-EN-MONTOIS,77,Maison,156,5,403,2023
301500,77124,VILLENOY,77,Maison,82,5,513,2023
301500,77124,VILLENOY,77,Dépendance,0,0,513,2023
290000,77124,VILLENOY,77,Dépendance,0,0,519,2023
290000,77124,VILLENOY,77,Maison,125,6,519,2023
267500,77290,MITRY MORY,77,Maison,69,4,330,2023
200000,77440,CONGIS-SUR-THEROUANNE,77,Maison,72,3,110,2023
253600,77520,MONTIGNY-LENCOUP,77,Maison,100,4,490,2023
354100,77290,MITRY MORY,77,Maison,87,5,414,2023
129000,77100,MAREUIL-LES-MEAUX,77,Maison,70,4,50,2023
275000,77120,MOUROUX,77,Maison,77,4,438,2023
2050000,77290,MITRY MORY,77,Local industriel. commercial ou assimilé,1240,0,2127,2023
265000,77122,MONTHYON,77,Maison,105,5,151,2023
230000,77270,VILLEPARISIS,77,Dépendance,0,0,400,2023
230000,77270,VILLEPARISIS,77,Maison,49,3,400,2023
515000,77410,CLAYE-SOUILLY,77,Maison,116,6,612,2023
337000,77181,COURTRY,77,Dépendance,0,0,371,2023
337000,77181,COURTRY,77,Maison,98,5,371,2023
380000,77500,CHELLES,77,Dépendance,0,0,355,2023
380000,77500,CHELLES,77,Maison,89,4,355,2023
210000,77290,MITRY MORY,77,Dépendance,0,0,403,2023
210000,77290,MITRY MORY,77,Maison,45,2,403,2023
900000,77100,MEAUX,77,Local industriel. commercial ou assimilé,10,0,614,2023
900000,77100,MEAUX,77,Local industriel. commercial ou assimilé,1370,0,614,2023
900000,77100,MEAUX,77,Local industriel. commercial ou assimilé,70,0,443,2023
434978,77410,GRESSY,77,Maison,138,5,17,2023
434978,77410,GRESSY,77,Maison,138,5,500,2023
440800,77410,CHARNY,77,Maison,140,5,421,2023
315000,77580,CRECY LA CHAPELLE,77,Maison,136,5,99,2023
315000,77580,CRECY LA CHAPELLE,77,Dépendance,0,0,99,2023
150000,77650,CHALMAISON,77,Maison,66,4,259,2023
150000,77650,CHALMAISON,77,Maison,66,4,1300,2023
506750,77860,QUINCY-VOISINS,77,Maison,71,6,370,2023
506750,77860,QUINCY-VOISINS,77,Dépendance,0,0,370,2023
330000,77144,MONTEVRAIN,77,Maison,78,5,227,2023
185000,77520,THENISY,77,Maison,170,4,410,2023
204000,77320,FERTE-GAUCHER (LA),77,Dépendance,0,0,184,2023
204000,77320,FERTE-GAUCHER (LA),77,Maison,113,5,184,2023
660000,77700,MAGNY-LE-HONGRE,77,Maison,122,4,558,2023
660000,77700,MAGNY-LE-HONGRE,77,Dépendance,0,0,558,2023
18000,77580,SANCY-LES-MEAUX,77,Maison,330,9,157,2023
18000,77580,SANCY-LES-MEAUX,77,Maison,330,9,500,2023
730000,77700,MAGNY-LE-HONGRE,77,Maison,155,6,500,2023
730000,77700,MAGNY-LE-HONGRE,77,Maison,155,6,155,2023
215000,77124,CREGY-LES-MEAUX,77,Maison,81,4,508,2023
1500000,77700,BAILLY-ROMAINVILLIERS,77,Local industriel. commercial ou assimilé,605,0,3000,2023
521000,77410,ANNET-SUR-MARNE,77,Dépendance,0,0,512,2023
521000,77410,ANNET-SUR-MARNE,77,Maison,143,5,512,2023
521000,77410,ANNET-SUR-MARNE,77,Dépendance,0,0,500,2023
521000,77410,ANNET-SUR-MARNE,77,Maison,143,5,500,2023
514500,77500,CHELLES,77,Maison,90,4,500,2023
514500,77500,CHELLES,77,Dépendance,0,0,500,2023
514500,77500,CHELLES,77,Dépendance,0,0,252,2023
514500,77500,CHELLES,77,Maison,90,4,252,2023
495000,77860,SAINT-GERMAIN-SUR-MORIN,77,Dépendance,0,0,293,2023
495000,77860,SAINT-GERMAIN-SUR-MORIN,77,Maison,149,7,293,2023
495000,77860,SAINT-GERMAIN-SUR-MORIN,77,Maison,149,7,500,2023
495000,77860,SAINT-GERMAIN-SUR-MORIN,77,Dépendance,0,0,500,2023
409000,77610,NEUFMOUTIERS-EN-BRIE,77,Maison,102,5,494,2023
394000,77370,NANGIS,77,Appartement,50,2,580,2023
394000,77370,NANGIS,77,Dépendance,0,0,580,2023
394000,77370,NANGIS,77,Appartement,72,3,580,2023
394000,77370,NANGIS,77,Appartement,56,3,580,2023
394000,77370,NANGIS,77,Appartement,67,3,580,2023
394000,77370,NANGIS,77,Appartement,53,3,580,2023
394000,77370,NANGIS,77,Appartement,35,2,580,2023
369000,77290,MITRY MORY,77,Maison,123,6,450,2023
430000,77580,CRECY LA CHAPELLE,77,Maison,105,5,745,2023
25000,77520,VIMPELLES,77,Local industriel. commercial ou assimilé,0,0,335,2023
300000,77120,MOUROUX,77,Maison,102,4,500,2023
300000,77120,MOUROUX,77,Maison,102,4,664,2023
314000,77400,DAMPMART,77,Maison,84,4,151,2023
110000,77114,NOYEN-SUR-SEINE,77,Dépendance,0,0,292,2023
110000,77114,NOYEN-SUR-SEINE,77,Maison,84,4,292,2023
345000,77360,VAIRES SUR MARNE,77,Dépendance,0,0,293,2023
345000,77360,VAIRES SUR MARNE,77,Maison,79,5,293,2023
345000,77360,VAIRES SUR MARNE,77,Local industriel. commercial ou assimilé,20,0,293,2023
651300,77450,ESBLY,77,Maison,182,7,126,2023
179000,77510,VILLENEUVE-SUR-BELLOT,77,Maison,120,5,746,2023
179000,77510,VILLENEUVE-SUR-BELLOT,77,Maison,120,5,74,2023
376753,77860,QUINCY-VOISINS,77,Maison,103,5,200,2023
376753,77860,QUINCY-VOISINS,77,Maison,103,5,500,2023
554000,77580,VOULANGIS,77,Maison,130,5,500,2023
554000,77580,VOULANGIS,77,Maison,130,5,1027,2023
475300,77400,LAGNY-SUR-MARNE,77,Dépendance,0,0,354,2023
475300,77400,LAGNY-SUR-MARNE,77,Maison,110,5,354,2023
488000,77700,BAILLY-ROMAINVILLIERS,77,Maison,105,5,500,2023
488000,77700,BAILLY-ROMAINVILLIERS,77,Maison,105,5,77,2023
320000,77360,VAIRES SUR MARNE,77,Dépendance,0,0,490,2023
320000,77360,VAIRES SUR MARNE,77,Maison,60,3,490,2023
69990,77320,JOUY-SUR-MORIN,77,Maison,30,2,36,2023
145000,77118,BAZOCHES LES BRAY,77,Maison,80,3,290,2023
145000,77118,BAZOCHES LES BRAY,77,Dépendance,0,0,290,2023
332400,77230,DAMMARTIN-EN-GOELE,77,Maison,101,5,500,2023
332400,77230,DAMMARTIN-EN-GOELE,77,Maison,101,5,1135,2023
87700,77560,LOUAN-VILLEGRUIS-FONTAINE,77,Maison,75,4,118,2023
416000,77181,COURTRY,77,Maison,100,5,512,2023
42000,77520,PAROY,77,Local industriel. commercial ou assimilé,240,0,1200,2023
205000,77480,BRAY-SUR-SEINE,77,Maison,87,4,355,2023
345000,77580,BOULEURS,77,Maison,95,4,454,2023
240000,77120,AMILLIS,77,Dépendance,0,0,2250,2023
240000,77120,AMILLIS,77,Dépendance,0,0,250,2023
240000,77120,AMILLIS,77,Maison,79,4,2250,2023
240000,77120,AMILLIS,77,Dépendance,0,0,1926,2023
240000,77120,AMILLIS,77,Maison,79,4,1926,2023
240000,77120,AMILLIS,77,Maison,79,4,250,2023
238000,77163,MORTCERF,77,Maison,66,3,479,2023
215000,77160,PROVINS,77,Maison,87,5,585,2023
215000,77160,PROVINS,77,Maison,87,5,225,2023
525000,77520,CESSOY-EN-MONTOIS,77,Maison,115,5,1000,2023
525000,77520,CESSOY-EN-MONTOIS,77,Maison,115,5,1375,2023
529000,77090,COLLEGIEN,77,Maison,78,5,532,2023
322749,77230,JUILLY,77,Maison,74,4,531,2023
230000,77650,SAINTE-COLOMBE,77,Local industriel. commercial ou assimilé,2140,0,2602,2023
230000,77650,SAINTE-COLOMBE,77,Maison,98,4,2602,2023
222000,77160,PROVINS,77,Maison,85,4,188,2023
222000,77160,PROVINS,77,Maison,85,4,600,2023
257250,77160,CHENOISE-CUCHARMOY,77,Maison,94,5,189,2023
303000,77178,SAINT-PATHUS,77,Dépendance,0,0,500,2023
303000,77178,SAINT-PATHUS,77,Maison,88,4,500,2023
303000,77178,SAINT-PATHUS,77,Dépendance,0,0,103,2023
303000,77178,SAINT-PATHUS,77,Maison,88,4,103,2023
265000,77650,SOISY-BOUY,77,Dépendance,0,0,274,2023
265000,77650,SOISY-BOUY,77,Maison,173,4,274,2023
229000,77320,CHOISY-EN-BRIE,77,Dépendance,0,0,257,2023
229000,77320,CHOISY-EN-BRIE,77,Maison,120,4,257,2023
350000,77515,FAREMOUTIERS,77,Maison,143,5,635,2023
210000,77370,NANGIS,77,Maison,68,4,351,2023
235000,77124,PENCHARD,77,Maison,71,4,673,2023
75000,77230,VILLENEUVE SOUS DAMMARTIN,77,Dépendance,0,0,18440,2023
75000,77230,VILLENEUVE SOUS DAMMARTIN,77,Dépendance,0,0,500,2023
75000,77230,VILLENEUVE SOUS DAMMARTIN,77,Maison,70,2,500,2023
75000,77230,VILLENEUVE SOUS DAMMARTIN,77,Maison,70,2,18440,2023
283000,77860,SAINT-GERMAIN-SUR-MORIN,77,Maison,80,2,231,2023
225000,77230,DAMMARTIN-EN-GOELE,77,Maison,135,4,185,2023
194000,77100,MEAUX,77,Dépendance,0,0,90,2023
194000,77100,MEAUX,77,Maison,80,5,90,2023
272500,77270,VILLEPARISIS,77,Maison,74,4,326,2023
290000,77230,DAMMARTIN-EN-GOELE,77,Maison,92,5,387,2023
290000,77230,DAMMARTIN-EN-GOELE,77,Dépendance,0,0,387,2023
1279179,77100,MAREUIL-LES-MEAUX,77,Local industriel. commercial ou assimilé,2385,0,4236,2023
790889,77100,MAREUIL-LES-MEAUX,77,Local industriel. commercial ou assimilé,0,0,2630,2023
790889,77100,MAREUIL-LES-MEAUX,77,Local industriel. commercial ou assimilé,1663,0,2630,2023
100000,77320,JOUY-SUR-MORIN,77,Maison,112,4,525,2023
170000,77160,POIGNY,77,Dépendance,0,0,380,2023
170000,77160,POIGNY,77,Maison,89,2,380,2023
210000,77450,JABLINES,77,Maison,140,3,329,2023
207850,77320,CHOISY-EN-BRIE,77,Maison,153,5,295,2023
12000,77320,FERTE-GAUCHER (LA),77,Dépendance,0,0,41,2023
370000,77540,PLESSIS-FEU-AUSSOUS (LE),77,Maison,80,1,296,2023
269000,77100,MAREUIL-LES-MEAUX,77,Maison,70,3,643,2023
269000,77100,MAREUIL-LES-MEAUX,77,Maison,70,3,500,2023
570000,77420,CHAMPS-SUR-MARNE,77,Dépendance,0,0,852,2023
570000,77420,CHAMPS-SUR-MARNE,77,Maison,120,5,852,2023
160000,77400,THORIGNY SUR MARNE,77,Maison,30,2,371,2023
608000,77860,SAINT-GERMAIN-SUR-MORIN,77,Maison,166,6,532,2023
441000,77600,BUSSY-SAINT-GEORGES,77,Maison,87,5,191,2023
250000,77120,MOUROUX,77,Maison,89,5,500,2023
250000,77120,MOUROUX,77,Dépendance,0,0,400,2023
250000,77120,MOUROUX,77,Maison,89,5,400,2023
250000,77120,MOUROUX,77,Dépendance,0,0,500,2023
326000,77640,SIGNY-SIGNETS,77,Maison,82,5,724,2023
326000,77640,SIGNY-SIGNETS,77,Maison,82,5,500,2023
320000,77840,CROUY-SUR-OURCQ,77,Dépendance,0,0,199,2023
320000,77840,CROUY-SUR-OURCQ,77,Maison,100,5,250,2023
320000,77840,CROUY-SUR-OURCQ,77,Dépendance,0,0,63,2023
165165,77910,GERMIGNY-L EVEQUE,77,Maison,145,6,1775,2023
165165,77910,GERMIGNY-L EVEQUE,77,Dépendance,0,0,500,2023
165165,77910,GERMIGNY-L EVEQUE,77,Maison,145,6,500,2023
165165,77910,GERMIGNY-L EVEQUE,77,Dépendance,0,0,1775,2023
212117,77400,POMPONNE,77,Dépendance,0,0,678,2023
212117,77400,POMPONNE,77,Maison,128,5,678,2023
421250,77420,CHAMPS-SUR-MARNE,77,Maison,77,4,472,2023
324000,77580,VILLIERS-SUR-MORIN,77,Maison,90,4,473,2023
235000,77600,BUSSY-SAINT-MARTIN,77,Maison,123,6,500,2023
235000,77600,BUSSY-SAINT-MARTIN,77,Maison,123,6,141,2023
239900,77450,ISLES-LES-VILLENOY,77,Maison,110,5,113,2023
368700,77290,MITRY MORY,77,Maison,130,5,420,2023
235000,77640,JOUARRE,77,Dépendance,0,0,500,2023
235000,77640,JOUARRE,77,Maison,108,3,500,2023
235000,77640,JOUARRE,77,Dépendance,0,0,925,2023
235000,77640,JOUARRE,77,Maison,108,3,925,2023
200000,77480,GRISY-SUR-SEINE,77,Dépendance,0,0,1359,2023
200000,77480,GRISY-SUR-SEINE,77,Maison,113,5,1359,2023
324000,77280,OTHIS,77,Dépendance,0,0,409,2023
324000,77280,OTHIS,77,Maison,105,5,409,2023
499000,77174,VILLENEUVE-LE-COMTE,77,Maison,128,6,250,2023
499000,77174,VILLENEUVE-LE-COMTE,77,Maison,128,6,501,2023
352000,77230,DAMMARTIN-EN-GOELE,77,Dépendance,0,0,500,2023
352000,77230,DAMMARTIN-EN-GOELE,77,Maison,112,6,500,2023
352000,77230,DAMMARTIN-EN-GOELE,77,Maison,112,6,288,2023
352000,77230,DAMMARTIN-EN-GOELE,77,Dépendance,0,0,288,2023
449000,77420,CHAMPS-SUR-MARNE,77,Maison,97,4,244,2023
250000,77260,LA FERTE SOUS JOUARRE,77,Local industriel. commercial ou assimilé,48,0,66,2023
250000,77260,LA FERTE SOUS JOUARRE,77,Local industriel. commercial ou assimilé,45,0,66,2023
379000,77185,LOGNES,77,Maison,81,4,250,2023
228000,77290,MITRY MORY,77,Maison,30,1,490,2023
228000,77290,MITRY MORY,77,Dépendance,0,0,490,2023
342500,77500,CHELLES,77,Maison,89,5,262,2023
265000,77100,MEAUX,77,Maison,88,5,282,2023
100000,77100,MAREUIL-LES-MEAUX,77,Dépendance,0,0,238,2023
100000,77100,MAREUIL-LES-MEAUX,77,Maison,76,4,238,2023
130000,77169,CHAUFFRY,77,Dépendance,0,0,173,2023
130000,77169,CHAUFFRY,77,Appartement,87,4,173,2023
220000,77260,USSY-SUR-MARNE,77,Maison,130,5,349,2023
476000,77360,VAIRES SUR MARNE,77,Maison,105,4,372,2023
338000,77515,POMMEUSE,77,Maison,106,5,250,2023
338000,77515,POMMEUSE,77,Dépendance,0,0,594,2023
338000,77515,POMMEUSE,77,Maison,106,5,594,2023
338000,77515,POMMEUSE,77,Dépendance,0,0,250,2023
270000,77910,GERMIGNY-L EVEQUE,77,Maison,12,1,540,2023
270000,77910,GERMIGNY-L EVEQUE,77,Dépendance,0,0,540,2023
270000,77910,GERMIGNY-L EVEQUE,77,Maison,65,3,500,2023
270000,77910,GERMIGNY-L EVEQUE,77,Maison,65,3,271,2023
309700,77910,VARREDDES,77,Maison,85,4,520,2023
302500,77860,QUINCY-VOISINS,77,Dépendance,0,0,512,2023
302500,77860,QUINCY-VOISINS,77,Maison,74,4,512,2023
140000,77120,COULOMMIERS,77,Maison,65,2,26,2023
222000,77100,MAREUIL-LES-MEAUX,77,Maison,80,4,70,2023
129000,77510,REBAIS,77,Local industriel. commercial ou assimilé,59,0,20,2023
129000,77510,REBAIS,77,Maison,10,1,20,2023
520000,77400,LAGNY-SUR-MARNE,77,Dépendance,0,0,661,2023
520000,77400,LAGNY-SUR-MARNE,77,Maison,127,6,661,2023
230000,77120,COULOMMIERS,77,Local industriel. commercial ou assimilé,450,0,2048,2023
380000,77500,CHELLES,77,Dépendance,0,0,487,2023
380000,77500,CHELLES,77,Maison,79,4,487,2023
409500,77185,LOGNES,77,Maison,90,6,177,2023
175000,77730,SAACY-SUR-MARNE,77,Maison,73,4,518,2023
165000,77260,SAMMERON,77,Maison,116,3,116,2023
879558,77400,LAGNY-SUR-MARNE,77,Maison,128,5,685,2023
372000,77860,QUINCY-VOISINS,77,Maison,72,4,250,2023
702439,77160,SAINT-BRICE,77,Dépendance,0,0,162,2023
702439,77160,SAINT-BRICE,77,Maison,350,8,162,2023
210000,77154,VILLENEUVE-LES-BORDES,77,Maison,97,4,500,2023
180000,77580,LA HAUTE-MAISON,77,Local industriel. commercial ou assimilé,48,0,445,2023
180000,77580,LA HAUTE-MAISON,77,Dépendance,0,0,445,2023
180000,77580,LA HAUTE-MAISON,77,Local industriel. commercial ou assimilé,48,0,500,2023
180000,77580,LA HAUTE-MAISON,77,Dépendance,0,0,500,2023
180000,77580,LA HAUTE-MAISON,77,Maison,50,3,130,2023
175000,77118,BAZOCHES LES BRAY,77,Maison,76,4,473,2023
379500,77860,COUILLY-PONT-AUX-DAMES,77,Maison,101,4,487,2023
223440,77370,FONTAINS,77,Maison,109,3,490,2023
259000,77470,TRILPORT,77,Maison,84,4,491,2023
312000,77610,FONTENAY-TRESIGNY,77,Maison,90,4,169,2023
351530,77230,SAINT-MARD,77,Maison,104,4,545,2023
195000,77260,LA FERTE SOUS JOUARRE,77,Appartement,45,2,163,2023
195000,77260,LA FERTE SOUS JOUARRE,77,Appartement,50,2,163,2023
185000,77520,DONNEMARIE-DONTILLY,77,Maison,75,4,250,2023
185000,77520,DONNEMARIE-DONTILLY,77,Maison,75,4,333,2023
335000,77290,MITRY MORY,77,Dépendance,0,0,450,2023
335000,77290,MITRY MORY,77,Maison,102,4,450,2023
160000,77410,VILLEVAUDE,77,Maison,25,2,263,2023
160000,77410,VILLEVAUDE,77,Maison,55,3,263,2023
285000,77515,SAINT-AUGUSTIN,77,Maison,40,1,182,2023
285000,77515,SAINT-AUGUSTIN,77,Dépendance,0,0,97,2023
125000,77510,TRETOIRE (LA),77,Dépendance,0,0,2530,2023
125000,77510,TRETOIRE (LA),77,Maison,90,3,500,2023
125000,77510,TRETOIRE (LA),77,Maison,90,3,2530,2023
125000,77510,TRETOIRE (LA),77,Dépendance,0,0,500,2023
234000,77260,LA FERTE SOUS JOUARRE,77,Dépendance,0,0,199,2023
234000,77260,LA FERTE SOUS JOUARRE,77,Maison,88,4,199,2023
52000,77118,BALLOY,77,Maison,41,2,31,2023
370000,77700,MAGNY-LE-HONGRE,77,Maison,87,4,125,2023
318000,77181,COURTRY,77,Appartement,81,4,207,2023
318000,77181,COURTRY,77,Dépendance,0,0,207,2023
325000,77410,CHARNY,77,Maison,96,4,272,2023
141000,77118,BALLOY,77,Dépendance,0,0,578,2023
141000,77118,BALLOY,77,Maison,72,4,578,2023
141000,77118,BALLOY,77,Maison,72,4,338,2023
141000,77118,BALLOY,77,Dépendance,0,0,338,2023
385000,77410,CLAYE-SOUILLY,77,Maison,97,5,605,2023
450000,77100,NANTEUIL-LES-MEAUX,77,Maison,120,6,453,2023
450000,77100,NANTEUIL-LES-MEAUX,77,Dépendance,0,0,453,2023
284580,77660,CHANGIS-SUR-MARNE,77,Maison,76,4,388,2023
133000,77138,LUZANCY,77,Maison,78,4,32,2023
248000,77260,LA FERTE SOUS JOUARRE,77,Maison,84,5,478,2023
248000,77260,LA FERTE SOUS JOUARRE,77,Dépendance,0,0,478,2023
365000,77270,VILLEPARISIS,77,Maison,65,3,407,2023
335000,77580,GUERARD,77,Maison,98,5,422,2023
335000,77580,GUERARD,77,Dépendance,0,0,422,2023
245000,77181,COURTRY,77,Dépendance,0,0,450,2023
245000,77181,COURTRY,77,Maison,59,3,450,2023
393000,77290,MITRY MORY,77,Maison,99,4,400,2023
393000,77290,MITRY MORY,77,Dépendance,0,0,400,2023
363970,77400,GOUVERNES,77,Maison,150,4,172,2023
250000,77470,TRILPORT,77,Maison,55,2,900,2023
160000,77520,DONNEMARIE-DONTILLY,77,Maison,150,6,1284,2023
418000,77500,CHELLES,77,Maison,104,5,660,2023
418000,77500,CHELLES,77,Dépendance,0,0,660,2023
240000,77169,SAINT-SIMEON,77,Maison,98,5,500,2023
240000,77169,SAINT-SIMEON,77,Maison,98,5,1170,2023
299000,77230,DAMMARTIN-EN-GOELE,77,Maison,85,4,181,2023
299000,77230,DAMMARTIN-EN-GOELE,77,Maison,85,4,500,2023
400000,77990,LE MESNIL-AMELOT,77,Appartement,48,2,932,2023
400000,77990,LE MESNIL-AMELOT,77,Dépendance,0,0,932,2023
400000,77990,LE MESNIL-AMELOT,77,Maison,51,3,932,2023
400000,77990,LE MESNIL-AMELOT,77,Appartement,19,1,932,2023
213600,77560,VILLIERS-SAINT-GEORGES,77,Maison,112,5,828,2023
213600,77560,VILLIERS-SAINT-GEORGES,77,Maison,112,5,449,2023
330000,77260,LA FERTE SOUS JOUARRE,77,Appartement,12,2,68,2023
330000,77260,LA FERTE SOUS JOUARRE,77,Dépendance,0,0,68,2023
330000,77260,LA FERTE SOUS JOUARRE,77,Appartement,20,1,68,2023
330000,77260,LA FERTE SOUS JOUARRE,77,Local industriel. commercial ou assimilé,50,0,68,2023
330000,77260,LA FERTE SOUS JOUARRE,77,Appartement,40,2,68,2023
445000,77860,SAINT-GERMAIN-SUR-MORIN,77,Maison,99,4,500,2023
445000,77860,SAINT-GERMAIN-SUR-MORIN,77,Dépendance,0,0,500,2023
445000,77860,SAINT-GERMAIN-SUR-MORIN,77,Maison,99,4,75,2023
445000,77860,SAINT-GERMAIN-SUR-MORIN,77,Dépendance,0,0,75,2023
92500,77520,DONNEMARIE-DONTILLY,77,Maison,35,2,146,2023
450000,77230,SAINT-MARD,77,Maison,144,5,179,2023
450000,77230,SAINT-MARD,77,Maison,144,5,500,2023
505000,77230,MONTGE-EN-GOELE,77,Dépendance,0,0,6674,2023
505000,77230,MONTGE-EN-GOELE,77,Maison,180,6,866,2023
505000,77230,MONTGE-EN-GOELE,77,Dépendance,0,0,866,2023
505000,77230,MONTGE-EN-GOELE,77,Maison,180,6,6674,2023
375000,77280,OTHIS,77,Maison,96,4,532,2023
375000,77280,OTHIS,77,Dépendance,0,0,532,2023
320000,77660,CHANGIS-SUR-MARNE,77,Dépendance,0,0,142,2023
320000,77660,CHANGIS-SUR-MARNE,77,Maison,158,6,142,2023
205000,77120,AULNOY,77,Dépendance,0,0,501,2023
205000,77120,AULNOY,77,Maison,58,4,501,2023
179300,77360,VAIRES SUR MARNE,77,Maison,85,3,475,2023
295000,77610,NEUFMOUTIERS-EN-BRIE,77,Maison,78,4,267,2023
315000,77230,DAMMARTIN-EN-GOELE,77,Maison,71,4,530,2023
233000,77120,MOUROUX,77,Dépendance,0,0,276,2023
233000,77120,MOUROUX,77,Maison,68,3,276,2023
205000,77120,COULOMMIERS,77,Maison,83,3,58,2023
179000,77660,SAINT JEAN LES DEUX JUMEAUX,77,Maison,71,4,412,2023
215000,77860,COUILLY-PONT-AUX-DAMES,77,Maison,94,4,122,2023
160000,77650,SAINT-LOUP-DE-NAUD,77,Maison,89,4,2117,2023
160000,77650,SAINT-LOUP-DE-NAUD,77,Maison,89,4,556,2023
150000,77120,MOUROUX,77,Dépendance,0,0,167,2023
150000,77120,MOUROUX,77,Maison,86,4,167,2023
189000,77260,LA FERTE SOUS JOUARRE,77,Maison,75,3,458,2023
289020,77120,AULNOY,77,Maison,142,5,803,2023
289020,77120,AULNOY,77,Maison,142,5,250,2023
306200,77260,LA FERTE SOUS JOUARRE,77,Maison,101,4,500,2023
306200,77260,LA FERTE SOUS JOUARRE,77,Maison,101,4,715,2023
115000,77515,POMMEUSE,77,Maison,42,3,32,2023
210000,77515,POMMEUSE,77,Dépendance,0,0,293,2023
210000,77515,POMMEUSE,77,Maison,75,3,293,2023
210000,77515,POMMEUSE,77,Dépendance,0,0,35,2023
450000,77260,LA FERTE SOUS JOUARRE,77,Maison,168,5,500,2023
450000,77260,LA FERTE SOUS JOUARRE,77,Maison,168,5,2404,2023
450000,77260,LA FERTE SOUS JOUARRE,77,Dépendance,0,0,2404,2023
450000,77260,LA FERTE SOUS JOUARRE,77,Dépendance,0,0,500,2023
595000,77860,COUILLY-PONT-AUX-DAMES,77,Maison,160,6,500,2023
595000,77860,COUILLY-PONT-AUX-DAMES,77,Maison,160,6,435,2023
249000,77515,POMMEUSE,77,Maison,100,5,309,2023
375000,77700,SERRIS,77,Dépendance,0,0,233,2023
375000,77700,SERRIS,77,Maison,86,4,233,2023
100000,77370,VIEUX-CHAMPAGNE,77,Dépendance,0,0,500,2023
100000,77370,VIEUX-CHAMPAGNE,77,Dépendance,0,0,275,2023
100000,77370,VIEUX-CHAMPAGNE,77,Maison,118,6,275,2023
100000,77370,VIEUX-CHAMPAGNE,77,Maison,118,6,500,2023
354635,77500,CHELLES,77,Maison,119,5,500,2023
180000,77270,VILLEPARISIS,77,Maison,50,2,110,2023
436645,77230,ROUVRES,77,Maison,119,5,326,2023
436645,77230,ROUVRES,77,Dépendance,0,0,326,2023
155000,77480,SAINT-SAUVEUR-LES-BRAY,77,Maison,49,3,608,2023
155000,77480,SAINT-SAUVEUR-LES-BRAY,77,Dépendance,0,0,608,2023
1200000,77184,EMERAINVILLE,77,Local industriel. commercial ou assimilé,2356,0,1344,2023
1200000,77184,EMERAINVILLE,77,Local industriel. commercial ou assimilé,828,0,2442,2023
202500,77410,VILLEROY,77,Dépendance,0,0,305,2023
202500,77410,VILLEROY,77,Maison,68,1,305,2023
373000,77270,VILLEPARISIS,77,Maison,110,4,510,2023
373000,77270,VILLEPARISIS,77,Dépendance,0,0,510,2023
690000,77400,LAGNY-SUR-MARNE,77,Maison,100,4,329,2023
80000,77160,ROUILLY,77,Maison,74,4,906,2023
80000,77160,ROUILLY,77,Maison,74,4,324,2023
150000,77600,JOSSIGNY,77,Dépendance,0,0,150,2023
150000,77600,JOSSIGNY,77,Maison,98,5,79,2023
150000,77600,JOSSIGNY,77,Dépendance,0,0,79,2023
327000,77169,BOISSY-LE-CHATEL,77,Maison,99,5,712,2023
327000,77169,BOISSY-LE-CHATEL,77,Dépendance,0,0,712,2023
361600,77860,QUINCY-VOISINS,77,Maison,134,5,500,2023
361600,77860,QUINCY-VOISINS,77,Maison,134,5,511,2023
357000,77610,HOUSSAYE-EN-BRIE (LA),77,Maison,69,3,500,2023
413000,77540,ROZAY-EN-BRIE,77,Dépendance,0,0,250,2023
413000,77540,ROZAY-EN-BRIE,77,Dépendance,0,0,863,2023
413000,77540,ROZAY-EN-BRIE,77,Maison,267,8,863,2023
413000,77540,ROZAY-EN-BRIE,77,Maison,267,8,250,2023
253000,77154,COUTENCON,77,Maison,97,4,500,2023
253000,77154,COUTENCON,77,Maison,97,4,515,2023
225000,77154,COUTENCON,77,Maison,88,5,1434,2023
225000,77154,COUTENCON,77,Maison,88,5,200,2023
330000,77610,HOUSSAYE-EN-BRIE (LA),77,Dépendance,0,0,480,2023
330000,77610,HOUSSAYE-EN-BRIE (LA),77,Maison,115,4,480,2023
294000,77610,FONTENAY-TRESIGNY,77,Maison,84,4,350,2023
300000,77540,LUMIGNY NESLES ORMEAUX,77,Maison,165,7,444,2023
300000,77540,LUMIGNY NESLES ORMEAUX,77,Maison,165,7,250,2023
400000,77540,PLESSIS-FEU-AUSSOUS (LE),77,Maison,127,4,260,2023
334000,77200,TORCY,77,Maison,91,4,384,2023
335000,77540,ROZAY-EN-BRIE,77,Maison,105,6,525,2023
139000,77370,MAISON-ROUGE,77,Dépendance,0,0,976,2023
139000,77370,MAISON-ROUGE,77,Maison,25,1,976,2023
139000,77370,MAISON-ROUGE,77,Maison,220,7,976,2023
270000,77370,NANGIS,77,Maison,100,3,561,2023
360000,77700,SERRIS,77,Maison,91,3,106,2023
315000,77370,RAMPILLON,77,Dépendance,0,0,517,2023
315000,77370,RAMPILLON,77,Maison,140,6,517,2023
420000,77124,CHAUCONIN-NEUFMONTIERS,77,Maison,108,7,215,2023
420000,77124,CHAUCONIN-NEUFMONTIERS,77,Maison,108,7,500,2023
319000,77120,AMILLIS,77,Maison,142,5,100,2023
530000,77410,CLAYE-SOUILLY,77,Maison,124,5,500,2023
530000,77410,CLAYE-SOUILLY,77,Maison,124,5,700,2023
360000,77540,ROZAY-EN-BRIE,77,Maison,130,4,635,2023
360000,77540,ROZAY-EN-BRIE,77,Dépendance,0,0,200,2023
360000,77540,ROZAY-EN-BRIE,77,Maison,130,4,200,2023
360000,77540,ROZAY-EN-BRIE,77,Dépendance,0,0,635,2023
285000,77163,MORTCERF,77,Dépendance,0,0,301,2023
285000,77163,MORTCERF,77,Maison,108,4,301,2023
260000,77100,MEAUX,77,Maison,87,6,378,2023
122000,77640,JOUARRE,77,Maison,86,4,59,2023
275000,77120,MOUROUX,77,Dépendance,0,0,295,2023
275000,77120,MOUROUX,77,Maison,130,5,295,2023
275000,77120,MOUROUX,77,Maison,130,5,500,2023
275000,77120,MOUROUX,77,Dépendance,0,0,500,2023
284500,77270,VILLEPARISIS,77,Maison,65,4,186,2023
284500,77270,VILLEPARISIS,77,Dépendance,0,0,186,2023
297000,77520,CESSOY-EN-MONTOIS,77,Maison,240,6,1048,2023
289000,77610,MARLES-EN-BRIE,77,Maison,93,4,121,2023
289000,77610,MARLES-EN-BRIE,77,Dépendance,0,0,121,2023
370000,77610,MARLES-EN-BRIE,77,Maison,103,5,246,2023
380450,77600,BUSSY-SAINT-GEORGES,77,Maison,82,4,172,2023
380450,77600,BUSSY-SAINT-GEORGES,77,Dépendance,0,0,13,2023
77000,77171,CHALAUTRE-LA-GRANDE,77,Maison,65,3,65,2023
167000,77750,SAINT-CYR-SUR-MORIN,77,Dépendance,0,0,36,2023
167000,77750,SAINT-CYR-SUR-MORIN,77,Dépendance,0,0,64,2023
167000,77750,SAINT-CYR-SUR-MORIN,77,Maison,90,3,64,2023
245000,77370,NANGIS,77,Maison,88,5,600,2023
243500,77260,LA FERTE SOUS JOUARRE,77,Maison,72,4,498,2023
150000,77171,LECHELLE,77,Maison,92,4,794,2023
168000,77160,CHENOISE-CUCHARMOY,77,Maison,78,4,178,2023
188000,77260,LA FERTE SOUS JOUARRE,77,Dépendance,0,0,238,2023
188000,77260,LA FERTE SOUS JOUARRE,77,Maison,80,3,238,2023
365000,77500,CHELLES,77,Maison,81,4,197,2023
462800,77910,VARREDDES,77,Maison,140,5,404,2023
462800,77910,VARREDDES,77,Maison,140,5,500,2023
130000,77144,CHALIFERT,77,Maison,80,3,574,2023
238000,77580,CRECY LA CHAPELLE,77,Maison,82,4,448,2023
238000,77580,CRECY LA CHAPELLE,77,Dépendance,0,0,448,2023
316000,77540,ROZAY-EN-BRIE,77,Dépendance,0,0,250,2023
316000,77540,ROZAY-EN-BRIE,77,Dépendance,0,0,231,2023
316000,77540,ROZAY-EN-BRIE,77,Maison,84,4,231,2023
316000,77540,ROZAY-EN-BRIE,77,Maison,84,4,250,2023
265000,77370,RAMPILLON,77,Maison,109,5,446,2023
338000,77100,MEAUX,77,Maison,97,4,193,2023
338000,77100,MEAUX,77,Maison,97,4,500,2023
274200,77100,MEAUX,77,Maison,76,4,204,2023
221000,77410,CLAYE-SOUILLY,77,Local industriel. commercial ou assimilé,50,0,518,2023
488000,77860,SAINT-GERMAIN-SUR-MORIN,77,Maison,114,5,588,2023
530000,77290,MITRY MORY,77,Local industriel. commercial ou assimilé,101,0,275,2023
530000,77290,MITRY MORY,77,Dépendance,0,0,275,2023
530000,77290,MITRY MORY,77,Maison,123,7,275,2023
530000,77290,MITRY MORY,77,Maison,87,3,529,2023
530000,77290,MITRY MORY,77,Dépendance,0,0,529,2023
400000,77610,MARLES-EN-BRIE,77,Dépendance,0,0,487,2023
400000,77610,MARLES-EN-BRIE,77,Maison,128,5,487,2023
246000,77290,MITRY MORY,77,Maison,49,3,404,2023
246000,77290,MITRY MORY,77,Dépendance,0,0,404,2023
363000,77515,POMMEUSE,77,Dépendance,0,0,45148,2023
363000,77515,POMMEUSE,77,Maison,123,5,500,2023
363000,77515,POMMEUSE,77,Maison,123,5,45148,2023
363000,77515,POMMEUSE,77,Dépendance,0,0,500,2023
357800,77515,POMMEUSE,77,Local industriel. commercial ou assimilé,0,0,730,2023
357800,77515,POMMEUSE,77,Maison,136,6,250,2023
357800,77515,POMMEUSE,77,Local industriel. commercial ou assimilé,0,0,250,2023
357800,77515,POMMEUSE,77,Maison,136,6,730,2023
570000,77700,SERRIS,77,Maison,129,6,203,2023
570000,77700,SERRIS,77,Maison,129,6,500,2023
390000,77120,MOUROUX,77,Maison,120,4,235,2023
330000,77540,LUMIGNY NESLES ORMEAUX,77,Maison,180,7,821,2023
330000,77540,LUMIGNY NESLES ORMEAUX,77,Maison,180,7,460,2023
375000,77610,HOUSSAYE-EN-BRIE (LA),77,Dépendance,0,0,1021,2023
375000,77610,HOUSSAYE-EN-BRIE (LA),77,Maison,106,6,1021,2023
283000,77178,SAINT-PATHUS,77,Maison,100,5,500,2023
283000,77178,SAINT-PATHUS,77,Maison,100,5,690,2023
305000,77450,MONTRY,77,Maison,67,4,529,2023
515000,77610,NEUFMOUTIERS-EN-BRIE,77,Maison,189,4,737,2023
540000,77700,BAILLY-ROMAINVILLIERS,77,Maison,110,5,335,2023
377000,77100,MAREUIL-LES-MEAUX,77,Maison,96,5,343,2023
377000,77100,MAREUIL-LES-MEAUX,77,Maison,96,5,500,2023
600000,77600,CHANTELOUP EN BRIE,77,Maison,111,4,397,2023
173820,77360,VAIRES SUR MARNE,77,Maison,54,3,240,2023
475000,77450,ISLES-LES-VILLENOY,77,Maison,93,5,500,2023
475000,77450,ISLES-LES-VILLENOY,77,Maison,93,5,319,2023
367500,77270,VILLEPARISIS,77,Dépendance,0,0,500,2023
367500,77270,VILLEPARISIS,77,Maison,100,6,500,2023
682000,77700,MAGNY-LE-HONGRE,77,Maison,148,7,500,2023
682000,77700,MAGNY-LE-HONGRE,77,Maison,148,7,179,2023
45000,77114,NOYEN-SUR-SEINE,77,Maison,77,4,871,2023
235000,77370,CROIX-EN-BRIE (LA),77,Maison,90,4,293,2023
235000,77370,CROIX-EN-BRIE (LA),77,Maison,90,4,500,2023
260000,77400,THORIGNY SUR MARNE,77,Maison,59,4,178,2023
446500,77580,VILLIERS-SUR-MORIN,77,Maison,108,5,696,2023
446500,77580,VILLIERS-SUR-MORIN,77,Maison,108,5,500,2023
280000,77120,MOUROUX,77,Maison,95,2,401,2023
280000,77120,MOUROUX,77,Dépendance,0,0,401,2023
396500,77860,QUINCY-VOISINS,77,Dépendance,0,0,496,2023
396500,77860,QUINCY-VOISINS,77,Maison,139,7,496,2023
549990,77700,BAILLY-ROMAINVILLIERS,77,Maison,120,6,344,2023
434650,77450,ESBLY,77,Maison,130,6,426,2023
570000,77410,GRESSY,77,Maison,138,8,371,2023
570000,77410,GRESSY,77,Maison,138,8,500,2023
112500,77400,GOUVERNES,77,Dépendance,0,0,624,2023
112500,77400,GOUVERNES,77,Maison,65,3,624,2023
245000,77650,SAINT-LOUP-DE-NAUD,77,Maison,110,5,423,2023
180000,77610,FONTENAY-TRESIGNY,77,Maison,39,2,65,2023
262960,77510,REBAIS,77,Dépendance,0,0,574,2023
262960,77510,REBAIS,77,Maison,118,6,574,2023
199900,77840,CROUY-SUR-OURCQ,77,Maison,66,4,817,2023
199900,77840,CROUY-SUR-OURCQ,77,Maison,66,4,500,2023
245000,77126,CHATENAY-SUR-SEINE,77,Maison,114,3,741,2023
245000,77126,CHATENAY-SUR-SEINE,77,Dépendance,0,0,741,2023
288000,77169,SAINT-GERMAIN-SOUS-DOUE,77,Maison,140,7,294,2023
288000,77169,SAINT-GERMAIN-SOUS-DOUE,77,Maison,140,7,1588,2023
366000,77270,VILLEPARISIS,77,Maison,96,4,600,2023
215000,77510,REBAIS,77,Dépendance,0,0,385,2023
215000,77510,REBAIS,77,Maison,120,5,385,2023
388500,77500,CHELLES,77,Maison,110,5,289,2023
170000,77640,JOUARRE,77,Appartement,40,2,63,2023
170000,77640,JOUARRE,77,Dépendance,0,0,63,2023
710000,77450,MONTRY,77,Maison,250,7,37,2023
710000,77450,MONTRY,77,Maison,250,7,500,2023
195062,77515,FAREMOUTIERS,77,Maison,180,7,163,2023
195062,77515,FAREMOUTIERS,77,Dépendance,0,0,163,2023
284000,77169,BOISSY-LE-CHATEL,77,Maison,83,3,687,2023
284000,77169,BOISSY-LE-CHATEL,77,Maison,83,3,250,2023
335290,77120,MAROLLES-EN-BRIE,77,Maison,80,3,510,2023
335290,77120,MAROLLES-EN-BRIE,77,Dépendance,0,0,808,2023
335290,77120,MAROLLES-EN-BRIE,77,Maison,80,3,808,2023
335290,77120,MAROLLES-EN-BRIE,77,Dépendance,0,0,510,2023
440000,77400,SAINT THIBAULT DES VIGNES,77,Maison,127,5,323,2023
440000,77400,SAINT THIBAULT DES VIGNES,77,Dépendance,0,0,323,2023
325000,77260,LA FERTE SOUS JOUARRE,77,Maison,102,4,793,2023
325000,77260,LA FERTE SOUS JOUARRE,77,Dépendance,0,0,500,2023
325000,77260,LA FERTE SOUS JOUARRE,77,Dépendance,0,0,793,2023
325000,77260,LA FERTE SOUS JOUARRE,77,Maison,102,4,500,2023
281000,77165,SAINT-SOUPPLETS,77,Maison,82,4,159,2023
235000,77160,PROVINS,77,Maison,123,7,414,2023
450000,77500,CHELLES,77,Maison,119,5,250,2023
195000,77650,LONGUEVILLE,77,Dépendance,0,0,480,2023
195000,77650,LONGUEVILLE,77,Maison,82,4,480,2023
429000,77450,ESBLY,77,Maison,126,5,500,2023
429000,77450,ESBLY,77,Maison,126,5,200,2023
265000,77290,MITRY MORY,77,Maison,54,3,354,2023
350000,77290,MITRY MORY,77,Maison,75,3,403,2023
159000,77450,ESBLY,77,Maison,77,4,152,2023
260000,77750,SAINT-CYR-SUR-MORIN,77,Dépendance,0,0,417,2023
260000,77750,SAINT-CYR-SUR-MORIN,77,Maison,163,5,417,2023
399000,77177,BROU-SUR-CHANTEREINE,77,Maison,93,4,199,2023
117000,77171,SOURDUN,77,Maison,82,4,193,2023
117000,77171,SOURDUN,77,Dépendance,0,0,193,2023
266500,77100,MEAUX,77,Dépendance,0,0,131,2023
266500,77100,MEAUX,77,Maison,78,4,131,2023
185000,77750,SAINT-CYR-SUR-MORIN,77,Maison,120,3,589,2023
185000,77750,SAINT-CYR-SUR-MORIN,77,Maison,120,3,500,2023
320000,77230,MOUSSY-LE-NEUF,77,Maison,83,5,225,2023
320000,77230,MOUSSY-LE-NEUF,77,Dépendance,0,0,225,2023
395800,77230,DAMMARTIN-EN-GOELE,77,Maison,107,6,524,2023
395800,77230,DAMMARTIN-EN-GOELE,77,Maison,107,6,500,2023
310000,77610,FONTENAY-TRESIGNY,77,Maison,90,4,189,2023
358500,77750,SAINT-CYR-SUR-MORIN,77,Maison,171,4,481,2023
358500,77750,SAINT-CYR-SUR-MORIN,77,Dépendance,0,0,481,2023
205000,77580,VILLIERS-SUR-MORIN,77,Maison,82,3,500,2023
205000,77580,VILLIERS-SUR-MORIN,77,Dépendance,0,0,327,2023
205000,77580,VILLIERS-SUR-MORIN,77,Maison,82,3,327,2023
205000,77580,VILLIERS-SUR-MORIN,77,Dépendance,0,0,500,2023
341600,77174,VILLENEUVE-LE-COMTE,77,Maison,85,4,277,2023
462200,77600,GUERMANTES,77,Maison,94,5,342,2023
345000,77230,ROUVRES,77,Maison,99,6,561,2023
343160,77230,JUILLY,77,Dépendance,0,0,436,2023
343160,77230,JUILLY,77,Maison,80,4,436,2023
80000,77910,CHAMBRY,77,Dépendance,0,0,336,2023
338165,77450,ESBLY,77,Maison,86,5,356,2023
735000,77580,GUERARD,77,Dépendance,0,0,3232,2023
735000,77580,GUERARD,77,Maison,120,5,4774,2023
735000,77580,GUERARD,77,Maison,120,5,3232,2023
735000,77580,GUERARD,77,Dépendance,0,0,4774,2023
400000,77600,CONCHES SUR GONDOIRE,77,Maison,135,6,143,2023
400000,77600,CONCHES SUR GONDOIRE,77,Dépendance,0,0,143,2023
400000,77600,CONCHES SUR GONDOIRE,77,Dépendance,0,0,500,2023
400000,77600,CONCHES SUR GONDOIRE,77,Maison,135,6,500,2023
165000,77480,SAINT-SAUVEUR-LES-BRAY,77,Maison,75,4,600,2023
165000,77480,SAINT-SAUVEUR-LES-BRAY,77,Maison,75,4,469,2023
218000,77640,JOUARRE,77,Maison,74,3,214,2023
344000,77120,COULOMMIERS,77,Maison,102,5,329,2023
354000,77410,CLAYE-SOUILLY,77,Maison,91,5,210,2023
340000,77410,VILLEROY,77,Dépendance,0,0,400,2023
340000,77410,VILLEROY,77,Maison,50,2,400,2023
370000,77090,COLLEGIEN,77,Maison,79,4,327,2023
253000,77410,CLAYE-SOUILLY,77,Dépendance,0,0,493,2023
253000,77410,CLAYE-SOUILLY,77,Maison,70,5,42,2023
155000,77181,COURTRY,77,Maison,110,5,65,2023
290000,77230,DAMMARTIN-EN-GOELE,77,Maison,94,5,600,2023
290000,77230,DAMMARTIN-EN-GOELE,77,Dépendance,0,0,500,2023
290000,77230,DAMMARTIN-EN-GOELE,77,Dépendance,0,0,600,2023
290000,77230,DAMMARTIN-EN-GOELE,77,Maison,94,5,500,2023
192000,77860,SAINT-GERMAIN-SUR-MORIN,77,Maison,114,6,460,2023
302000,77230,JUILLY,77,Maison,86,4,391,2023
390400,77410,VILLEVAUDE,77,Maison,108,6,427,2023
390400,77410,VILLEVAUDE,77,Dépendance,0,0,427,2023
260000,77370,NANGIS,77,Maison,126,6,399,2023
321400,77230,DAMMARTIN-EN-GOELE,77,Maison,105,6,400,2023
395000,77178,SAINT-PATHUS,77,Maison,106,6,579,2023
395000,77178,SAINT-PATHUS,77,Dépendance,0,0,579,2023
183000,77440,VENDREST,77,Maison,120,5,425,2023
189000,77100,MAREUIL-LES-MEAUX,77,Maison,82,3,471,2023
189000,77100,MAREUIL-LES-MEAUX,77,Dépendance,0,0,471,2023
538500,77580,CRECY LA CHAPELLE,77,Maison,222,6,697,2023
538500,77580,CRECY LA CHAPELLE,77,Dépendance,0,0,697,2023
380000,77270,VILLEPARISIS,77,Maison,100,5,320,2023
300000,77540,ROZAY-EN-BRIE,77,Dépendance,0,0,495,2023
300000,77540,ROZAY-EN-BRIE,77,Maison,99,4,495,2023
190000,77730,NANTEUIL-SUR-MARNE,77,Dépendance,0,0,569,2023
190000,77730,NANTEUIL-SUR-MARNE,77,Maison,74,3,569,2023
509270,77440,CONGIS-SUR-THEROUANNE,77,Maison,162,5,1099,2023
509270,77440,CONGIS-SUR-THEROUANNE,77,Maison,162,5,1100,2023
345000,77410,VILLEROY,77,Dépendance,0,0,560,2023
345000,77410,VILLEROY,77,Maison,141,6,560,2023
185500,77650,JUTIGNY,77,Dépendance,0,0,506,2023
185500,77650,JUTIGNY,77,Maison,74,5,506,2023
162000,77520,LUISETAINES,77,Maison,119,4,597,2023
162000,77520,LUISETAINES,77,Dépendance,0,0,597,2023
330000,77160,ROUILLY,77,Dépendance,0,0,1800,2023
330000,77160,ROUILLY,77,Maison,153,4,1800,2023
330000,77160,ROUILLY,77,Dépendance,0,0,552,2023
330000,77160,ROUILLY,77,Maison,153,4,552,2023
327000,77230,MOUSSY-LE-NEUF,77,Maison,86,4,202,2023
327000,77230,MOUSSY-LE-NEUF,77,Dépendance,0,0,202,2023
412000,77200,TORCY,77,Maison,87,4,291,2023
188000,77440,CONGIS-SUR-THEROUANNE,77,Maison,70,2,44,2023
103000,77750,BUSSIERES,77,Maison,74,3,49,2023
103000,77750,BUSSIERES,77,Dépendance,0,0,53,2023
103000,77750,BUSSIERES,77,Maison,68,3,53,2023
395000,77280,OTHIS,77,Maison,145,6,629,2023
395000,77280,OTHIS,77,Dépendance,0,0,629,2023
430000,77520,DONNEMARIE-DONTILLY,77,Maison,200,5,1375,2023
430000,77520,DONNEMARIE-DONTILLY,77,Maison,40,2,1375,2023
335000,77410,CLAYE-SOUILLY,77,Maison,100,6,154,2023
195500,77450,TRILBARDOU,77,Maison,80,4,49,2023
335000,77270,VILLEPARISIS,77,Maison,93,4,150,2023
308000,77178,OISSERY,77,Maison,103,5,300,2023
145000,77440,LIZY-SUR-OURCQ,77,Maison,70,4,294,2023
145000,77440,LIZY-SUR-OURCQ,77,Dépendance,0,0,294,2023
441239,77290,MITRY MORY,77,Dépendance,0,0,517,2023
441239,77290,MITRY MORY,77,Maison,106,4,517,2023
292000,77515,POMMEUSE,77,Maison,165,6,415,2023
292000,77515,POMMEUSE,77,Dépendance,0,0,415,2023
290000,77260,SAMMERON,77,Dépendance,0,0,610,2023
290000,77260,SAMMERON,77,Maison,190,5,610,2023
213900,77169,CHAUFFRY,77,Dépendance,0,0,325,2023
213900,77169,CHAUFFRY,77,Maison,94,3,325,2023
375000,77650,LIZINES,77,Maison,196,6,675,2023
350000,77400,LAGNY-SUR-MARNE,77,Maison,85,4,305,2023
366000,77580,CRECY LA CHAPELLE,77,Maison,138,5,705,2023
280000,77120,COULOMMIERS,77,Maison,115,5,513,2023
312000,77131,TOUQUIN,77,Maison,81,4,489,2023
220000,77730,CITRY,77,Maison,74,4,415,2023
330000,77400,LAGNY-SUR-MARNE,77,Maison,54,3,647,2023
330000,77400,LAGNY-SUR-MARNE,77,Dépendance,0,0,647,2023
165000,77860,COUILLY-PONT-AUX-DAMES,77,Dépendance,0,0,295,2023
165000,77860,COUILLY-PONT-AUX-DAMES,77,Maison,81,7,295,2023
254000,77600,BUSSY-SAINT-GEORGES,77,Dépendance,0,0,32,2023
254000,77600,BUSSY-SAINT-GEORGES,77,Maison,53,3,168,2023
254000,77600,BUSSY-SAINT-GEORGES,77,Dépendance,0,0,168,2023
275000,77138,LUZANCY,77,Maison,87,5,294,2023
275000,77138,LUZANCY,77,Dépendance,0,0,500,2023
275000,77138,LUZANCY,77,Maison,87,5,500,2023
275000,77138,LUZANCY,77,Dépendance,0,0,294,2023
242000,77580,PIERRE-LEVEE,77,Maison,136,4,181,2023
117000,77480,BRAY-SUR-SEINE,77,Maison,80,3,103,2023
280000,77260,LA FERTE SOUS JOUARRE,77,Maison,118,4,47,2023
520000,77500,CHELLES,77,Maison,186,8,178,2023
399000,77580,VILLIERS-SUR-MORIN,77,Maison,120,5,500,2023
399000,77580,VILLIERS-SUR-MORIN,77,Maison,120,5,379,2023
200000,77260,CHAMIGNY,77,Maison,66,3,594,2023
200000,77260,CHAMIGNY,77,Dépendance,0,0,594,2023
175000,77610,FONTENAY-TRESIGNY,77,Dépendance,0,0,13,2023
337500,77260,REUIL-EN-BRIE,77,Maison,114,5,540,2023
337500,77260,REUIL-EN-BRIE,77,Maison,114,5,500,2023
380000,77181,COURTRY,77,Maison,96,5,255,2023
261590,77515,FAREMOUTIERS,77,Dépendance,0,0,1030,2023
261590,77515,FAREMOUTIERS,77,Dépendance,0,0,500,2023
261590,77515,FAREMOUTIERS,77,Maison,64,3,500,2023
261590,77515,FAREMOUTIERS,77,Maison,64,3,1030,2023
210000,77515,POMMEUSE,77,Maison,78,4,438,2023
210000,77515,POMMEUSE,77,Maison,78,4,1579,2023
20000,77580,GUERARD,77,Dépendance,0,0,61,2023
490000,77200,TORCY,77,Maison,119,6,390,2023
89034,77169,BOISSY-LE-CHATEL,77,Maison,110,4,500,2023
89034,77169,BOISSY-LE-CHATEL,77,Maison,110,4,492,2023
375000,77910,GERMIGNY-L EVEQUE,77,Dépendance,0,0,715,2023
375000,77910,GERMIGNY-L EVEQUE,77,Dépendance,0,0,500,2023
375000,77910,GERMIGNY-L EVEQUE,77,Maison,86,5,500,2023
375000,77910,GERMIGNY-L EVEQUE,77,Maison,86,5,715,2023
334000,77230,DAMMARTIN-EN-GOELE,77,Maison,74,4,500,2023
334000,77230,DAMMARTIN-EN-GOELE,77,Dépendance,0,0,500,2023
334000,77230,DAMMARTIN-EN-GOELE,77,Maison,74,4,335,2023
334000,77230,DAMMARTIN-EN-GOELE,77,Dépendance,0,0,335,2023
149000,77230,DAMMARTIN-EN-GOELE,77,Maison,56,3,140,2023
294000,77260,LA FERTE SOUS JOUARRE,77,Maison,96,5,716,2023
503000,77400,THORIGNY SUR MARNE,77,Maison,130,6,500,2023
503000,77400,THORIGNY SUR MARNE,77,Maison,130,6,379,2023
1004205,77410,CHARNY,77,Local industriel. commercial ou assimilé,280,0,12231,2023
1004205,77410,CHARNY,77,Local industriel. commercial ou assimilé,945,0,12231,2023
1004205,77410,CHARNY,77,Local industriel. commercial ou assimilé,1143,0,12231,2023
1004205,77410,CHARNY,77,Local industriel. commercial ou assimilé,3860,0,12231,2023
1004205,77410,CHARNY,77,Local industriel. commercial ou assimilé,40,0,12231,2023
1004205,77410,CHARNY,77,Local industriel. commercial ou assimilé,140,0,12231,2023
200000,77500,CHELLES,77,Maison,42,2,400,2023
222000,77440,OCQUERRE,77,Dépendance,0,0,66,2023
222000,77440,OCQUERRE,77,Maison,84,4,66,2023
275000,77120,COULOMMIERS,77,Maison,121,6,600,2023
275000,77120,COULOMMIERS,77,Dépendance,0,0,600,2023
205000,77160,SAINT-BRICE,77,Maison,81,4,534,2023
210000,77120,COULOMMIERS,77,Maison,65,4,461,2023
582776,77450,ESBLY,77,Maison,159,6,113,2023
582776,77450,ESBLY,77,Maison,159,6,500,2023
332500,77400,THORIGNY SUR MARNE,77,Maison,97,4,368,2023
233000,77163,DAMMARTIN-SUR-TIGEAUX,77,Maison,156,5,89,2023
340000,77174,VILLENEUVE-LE-COMTE,77,Maison,110,5,636,2023
340000,77174,VILLENEUVE-LE-COMTE,77,Dépendance,0,0,636,2023
450000,77370,FONTAINS,77,Maison,235,5,1090,2023
450000,77370,FONTAINS,77,Dépendance,0,0,1090,2023
225000,77480,JAULNES,77,Maison,70,3,712,2023
308000,77230,SAINT-MARD,77,Maison,69,4,311,2023
180000,77171,SOURDUN,77,Maison,92,4,526,2023
410000,77178,OISSERY,77,Dépendance,0,0,500,2023
410000,77178,OISSERY,77,Maison,74,3,500,2023
410000,77178,OISSERY,77,Dépendance,0,0,391,2023
410000,77178,OISSERY,77,Maison,74,3,391,2023
65100,77730,NANTEUIL-SUR-MARNE,77,Maison,45,3,32,2023
440000,77200,TORCY,77,Maison,130,7,273,2023
440000,77200,TORCY,77,Maison,130,7,500,2023
101000,77120,MOUROUX,77,Maison,84,4,105,2023
101000,77120,MOUROUX,77,Dépendance,0,0,105,2023
39500,77510,REBAIS,77,Local industriel. commercial ou assimilé,95,0,96,2023
175000,77730,CITRY,77,Maison,118,3,69,2023
443186,77185,LOGNES,77,Maison,111,5,233,2023
443186,77185,LOGNES,77,Dépendance,0,0,233,2023
315000,77500,CHELLES,77,Maison,91,6,615,2023
340000,77860,COUILLY-PONT-AUX-DAMES,77,Maison,113,5,7169,2023
340000,77860,COUILLY-PONT-AUX-DAMES,77,Dépendance,0,0,500,2023
340000,77860,COUILLY-PONT-AUX-DAMES,77,Dépendance,0,0,7169,2023
340000,77860,COUILLY-PONT-AUX-DAMES,77,Maison,113,5,500,2023
100000,77840,CROUY-SUR-OURCQ,77,Dépendance,0,0,222,2023
100000,77840,CROUY-SUR-OURCQ,77,Maison,58,3,222,2023
285000,77181,COURTRY,77,Maison,119,6,315,2023
310000,77470,TRILPORT,77,Maison,73,3,837,2023
190000,77270,VILLEPARISIS,77,Maison,25,1,313,2023
190000,77270,VILLEPARISIS,77,Local industriel. commercial ou assimilé,54,0,313,2023
319000,77122,MONTHYON,77,Maison,115,6,426,2023
242000,77178,SAINT-PATHUS,77,Maison,83,5,409,2023
85000,77260,LA FERTE SOUS JOUARRE,77,Maison,51,3,36,2023
119000,77510,VILLENEUVE-SUR-BELLOT,77,Maison,64,4,245,2023
119000,77510,VILLENEUVE-SUR-BELLOT,77,Dépendance,0,0,245,2023
141000,77163,MORTCERF,77,Maison,73,4,478,2023
130000,77270,VILLEPARISIS,77,Maison,74,4,409,2023
200000,77181,COURTRY,77,Maison,33,2,406,2023
272000,77290,MITRY MORY,77,Maison,84,4,401,2023
235000,77120,COULOMMIERS,77,Maison,86,4,447,2023
293000,77290,MITRY MORY,77,Maison,72,4,570,2023
549000,77290,MITRY MORY,77,Dépendance,0,0,406,2023
549000,77290,MITRY MORY,77,Maison,130,5,406,2023
297000,77178,SAINT-PATHUS,77,Maison,106,5,281,2023
1500000,77120,COULOMMIERS,77,Local industriel. commercial ou assimilé,1395,0,3000,2023
225000,77290,MITRY MORY,77,Maison,60,3,414,2023
165000,77480,BRAY-SUR-SEINE,77,Maison,88,4,219,2023
155000,77120,MOUROUX,77,Maison,60,3,241,2023
155000,77120,MOUROUX,77,Dépendance,0,0,241,2023
362000,77131,TOUQUIN,77,Maison,82,3,721,2023
362000,77131,TOUQUIN,77,Maison,82,3,500,2023
230000,77270,VILLEPARISIS,77,Dépendance,0,0,170,2023
230000,77270,VILLEPARISIS,77,Maison,30,1,170,2023
355000,77610,FONTENAY-TRESIGNY,77,Maison,93,5,583,2023
355000,77610,FONTENAY-TRESIGNY,77,Dépendance,0,0,583,2023
565000,77160,PROVINS,77,Dépendance,0,0,1361,2023
565000,77160,PROVINS,77,Maison,237,9,1361,2023
333380,77270,VILLEPARISIS,77,Maison,100,5,170,2023
333380,77270,VILLEPARISIS,77,Dépendance,0,0,170,2023
135000,77114,NOYEN-SUR-SEINE,77,Maison,140,4,440,2023
14493255,77230,DAMMARTIN-EN-GOELE,77,Maison,116,5,3019,2023
14493255,77230,DAMMARTIN-EN-GOELE,77,Maison,116,5,500,2023
14493255,77230,DAMMARTIN-EN-GOELE,77,Dépendance,0,0,825,2023
14493255,77230,DAMMARTIN-EN-GOELE,77,Maison,101,6,825,2023
14493255,77230,DAMMARTIN-EN-GOELE,77,Dépendance,0,0,38,2023
14493255,77230,DAMMARTIN-EN-GOELE,77,Maison,27,2,38,2023
144000,77280,OTHIS,77,Maison,156,7,532,2023
144000,77280,OTHIS,77,Dépendance,0,0,532,2023
380000,77860,SAINT-GERMAIN-SUR-MORIN,77,Maison,136,4,500,2023
380000,77860,SAINT-GERMAIN-SUR-MORIN,77,Dépendance,0,0,500,2023
380000,77860,SAINT-GERMAIN-SUR-MORIN,77,Maison,136,4,710,2023
380000,77860,SAINT-GERMAIN-SUR-MORIN,77,Dépendance,0,0,710,2023
451510,77610,NEUFMOUTIERS-EN-BRIE,77,Maison,124,4,500,2023
451510,77610,NEUFMOUTIERS-EN-BRIE,77,Dépendance,0,0,295,2023
451510,77610,NEUFMOUTIERS-EN-BRIE,77,Maison,124,4,295,2023
451510,77610,NEUFMOUTIERS-EN-BRIE,77,Dépendance,0,0,500,2023
1450000,77270,VILLEPARISIS,77,Local industriel. commercial ou assimilé,143,0,5812,2023
1450000,77270,VILLEPARISIS,77,Local industriel. commercial ou assimilé,2950,0,5812,2023
1450000,77270,VILLEPARISIS,77,Local industriel. commercial ou assimilé,860,0,5812,2023
299000,77580,VILLIERS-SUR-MORIN,77,Maison,57,4,111,2023
512000,77600,BUSSY-SAINT-GEORGES,77,Maison,114,5,308,2023
172000,77515,POMMEUSE,77,Local industriel. commercial ou assimilé,250,0,154,2023
173200,77840,CROUY-SUR-OURCQ,77,Dépendance,0,0,62,2023
173200,77840,CROUY-SUR-OURCQ,77,Maison,90,4,62,2023
225000,77370,NANGIS,77,Maison,79,4,266,2023
380000,77700,COUPVRAY,77,Maison,120,5,668,2023
430000,77410,CLAYE-SOUILLY,77,Appartement,28,2,368,2023
430000,77410,CLAYE-SOUILLY,77,Appartement,21,1,368,2023
430000,77410,CLAYE-SOUILLY,77,Appartement,83,4,368,2023
200000,77970,BOISDON,77,Maison,95,4,212,2023
260000,77440,COCHEREL,77,Maison,99,5,500,2023
260000,77440,COCHEREL,77,Maison,99,5,300,2023
520000,77160,PROVINS,77,Maison,162,5,665,2023
310000,77178,SAINT-PATHUS,77,Maison,83,5,267,2023
310000,77178,SAINT-PATHUS,77,Dépendance,0,0,267,2023
335000,77450,ESBLY,77,Maison,140,6,500,2023
335000,77450,ESBLY,77,Maison,140,6,199,2023
582900,77700,MAGNY-LE-HONGRE,77,Maison,141,7,404,2023
449900,77120,MOUROUX,77,Maison,202,7,250,2023
449900,77120,MOUROUX,77,Maison,202,7,1190,2023
192000,77370,MAISON-ROUGE,77,Dépendance,0,0,489,2023
192000,77370,MAISON-ROUGE,77,Maison,70,3,552,2023
192000,77370,MAISON-ROUGE,77,Dépendance,0,0,552,2023
192000,77370,MAISON-ROUGE,77,Maison,70,3,489,2023
283000,77270,VILLEPARISIS,77,Maison,32,3,168,2023
162500,77520,MEIGNEUX,77,Dépendance,0,0,392,2023
162500,77520,MEIGNEUX,77,Maison,72,4,392,2023
162500,77520,MEIGNEUX,77,Dépendance,0,0,500,2023
162500,77520,MEIGNEUX,77,Maison,72,4,500,2023
510000,77400,LAGNY-SUR-MARNE,77,Maison,116,5,461,2023
218000,77520,PAROY,77,Maison,122,5,704,2023
527700,77700,BAILLY-ROMAINVILLIERS,77,Maison,104,5,392,2023
255500,77450,MONTRY,77,Maison,46,3,450,2023
255500,77450,MONTRY,77,Dépendance,0,0,450,2023
315000,77120,CHAILLY-EN-BRIE,77,Appartement,50,2,146,2023
315000,77120,CHAILLY-EN-BRIE,77,Appartement,50,3,146,2023
529650,77860,COUILLY-PONT-AUX-DAMES,77,Dépendance,0,0,500,2023
529650,77860,COUILLY-PONT-AUX-DAMES,77,Maison,152,5,500,2023
529650,77860,COUILLY-PONT-AUX-DAMES,77,Dépendance,0,0,658,2023
529650,77860,COUILLY-PONT-AUX-DAMES,77,Maison,152,5,658,2023
464280,77400,THORIGNY SUR MARNE,77,Maison,88,5,413,2023
361000,77100,MAREUIL-LES-MEAUX,77,Maison,97,6,307,2023
361000,77100,MAREUIL-LES-MEAUX,77,Maison,97,6,500,2023
300000,77610,FONTENAY-TRESIGNY,77,Dépendance,0,0,759,2023
300000,77610,FONTENAY-TRESIGNY,77,Maison,73,3,759,2023
36000,77560,VILLIERS-SAINT-GEORGES,77,Maison,55,3,507,2023
190000,77320,FERTE-GAUCHER (LA),77,Maison,84,5,524,2023
389000,77470,TRILPORT,77,Maison,125,5,600,2023
281000,77178,SAINT-PATHUS,77,Maison,75,4,115,2023
70000,77650,LONGUEVILLE,77,Dépendance,0,0,810,2023
70000,77650,LONGUEVILLE,77,Maison,47,3,810,2023
400000,77181,COURTRY,77,Maison,104,6,277,2023
165000,77320,FERTE-GAUCHER (LA),77,Dépendance,0,0,250,2023
165000,77320,FERTE-GAUCHER (LA),77,Appartement,86,3,250,2023
165000,77320,FERTE-GAUCHER (LA),77,Appartement,86,3,542,2023
165000,77320,FERTE-GAUCHER (LA),77,Dépendance,0,0,542,2023
10000,77124,CHAUCONIN-NEUFMONTIERS,77,Maison,20,1,18,2023
439000,77700,CHESSY,77,Maison,190,8,500,2023
439000,77700,CHESSY,77,Dépendance,0,0,609,2023
439000,77700,CHESSY,77,Dépendance,0,0,500,2023
439000,77700,CHESSY,77,Maison,190,8,609,2023
90000,77320,BETON-BAZOCHES,77,Maison,66,4,106,2023
90000,77320,BETON-BAZOCHES,77,Dépendance,0,0,106,2023
349000,77410,CHARNY,77,Maison,103,5,502,2023
145000,77510,BELLOT,77,Maison,48,3,600,2023
145000,77510,BELLOT,77,Maison,48,3,691,2023
145000,77510,BELLOT,77,Dépendance,0,0,600,2023
145000,77510,BELLOT,77,Dépendance,0,0,691,2023
439000,77700,COUPVRAY,77,Dépendance,0,0,484,2023
439000,77700,COUPVRAY,77,Maison,40,2,484,2023
439000,77700,COUPVRAY,77,Maison,200,7,484,2023
290000,77260,LA FERTE SOUS JOUARRE,77,Maison,102,4,477,2023
850000,77400,LAGNY-SUR-MARNE,77,Local industriel. commercial ou assimilé,400,0,2683,2023
850000,77400,LAGNY-SUR-MARNE,77,Local industriel. commercial ou assimilé,200,0,2683,2023
350000,77181,COURTRY,77,Maison,92,5,227,2023
198000,77320,MEILLERAY,77,Maison,183,4,981,2023
198000,77320,MEILLERAY,77,Dépendance,0,0,250,2023
198000,77320,MEILLERAY,77,Maison,183,4,250,2023
198000,77320,MEILLERAY,77,Dépendance,0,0,981,2023
272673,77730,SAACY-SUR-MARNE,77,Appartement,77,4,384,2023
272673,77730,SAACY-SUR-MARNE,77,Dépendance,0,0,384,2023
272673,77730,SAACY-SUR-MARNE,77,Appartement,33,2,384,2023
123000,77160,PROVINS,77,Maison,70,3,394,2023
424000,77500,CHELLES,77,Dépendance,0,0,402,2023
424000,77500,CHELLES,77,Maison,153,5,402,2023
326370,77100,NANTEUIL-LES-MEAUX,77,Maison,90,5,477,2023
510000,77120,COULOMMIERS,77,Maison,160,3,1174,2023
510000,77120,COULOMMIERS,77,Maison,160,3,250,2023
141000,77320,SAINT-MARS-VIEUX-MAISONS,77,Dépendance,0,0,1680,2023
141000,77320,SAINT-MARS-VIEUX-MAISONS,77,Dépendance,0,0,486,2023
141000,77320,SAINT-MARS-VIEUX-MAISONS,77,Maison,84,4,486,2023
141000,77320,SAINT-MARS-VIEUX-MAISONS,77,Maison,84,4,1680,2023
270000,77320,SAINT-BARTHELEMY,77,Maison,136,5,500,2023
270000,77320,SAINT-BARTHELEMY,77,Maison,136,5,275,2023
830000,77100,MEAUX,77,Maison,188,8,348,2023
830000,77100,MEAUX,77,Dépendance,0,0,348,2023
177000,77320,LESCHEROLLES,77,Maison,80,4,519,2023
254700,77320,CHOISY-EN-BRIE,77,Maison,93,5,245,2023
275000,77280,OTHIS,77,Maison,76,4,6,2023
220000,77260,USSY-SUR-MARNE,77,Maison,99,5,630,2023
773000,77600,CHANTELOUP EN BRIE,77,Maison,184,6,190,2023
773000,77600,CHANTELOUP EN BRIE,77,Dépendance,0,0,780,2023
773000,77600,CHANTELOUP EN BRIE,77,Maison,184,6,780,2023
773000,77600,CHANTELOUP EN BRIE,77,Dépendance,0,0,190,2023
169400,77163,TIGEAUX,77,Maison,58,3,52,2023
830500,77700,MAGNY-LE-HONGRE,77,Dépendance,0,0,204,2023
830500,77700,MAGNY-LE-HONGRE,77,Maison,183,7,204,2023
830500,77700,MAGNY-LE-HONGRE,77,Dépendance,0,0,500,2023
830500,77700,MAGNY-LE-HONGRE,77,Maison,183,7,500,2023
94129,77470,SAINT-FIACRE,77,Maison,91,6,700,2023
94129,77470,SAINT-FIACRE,77,Local industriel. commercial ou assimilé,0,0,700,2023
390000,77181,COURTRY,77,Maison,123,6,692,2023
15000,77580,VOULANGIS,77,Dépendance,0,0,2345,2023
760000,77183,CROISSY-BEAUBOURG,77,Maison,205,8,542,2023
760000,77183,CROISSY-BEAUBOURG,77,Dépendance,0,0,542,2023
260000,77450,ESBLY,77,Maison,88,5,162,2023
585650,77410,VILLEVAUDE,77,Dépendance,0,0,534,2023
585650,77410,VILLEVAUDE,77,Maison,226,5,534,2023
270000,77500,CHELLES,77,Maison,63,3,380,2023
135000,77169,CHAUFFRY,77,Maison,49,3,102,2023
135000,77169,CHAUFFRY,77,Maison,49,3,420,2023
270500,77290,MITRY MORY,77,Maison,89,6,164,2023
162500,77320,FERTE-GAUCHER (LA),77,Maison,60,3,531,2023
230000,77230,DAMMARTIN-EN-GOELE,77,Dépendance,0,0,9,2023
230000,77230,DAMMARTIN-EN-GOELE,77,Maison,65,3,107,2023
221000,77160,PROVINS,77,Dépendance,0,0,155,2023
221000,77160,PROVINS,77,Appartement,15,1,155,2023
221000,77160,PROVINS,77,Maison,144,7,155,2023
221000,77160,PROVINS,77,Local industriel. commercial ou assimilé,77,0,155,2023
516800,77600,BUSSY-SAINT-GEORGES,77,Maison,118,5,210,2023
160000,77320,FERTE-GAUCHER (LA),77,Maison,66,4,573,2023
505000,77144,MONTEVRAIN,77,Maison,92,4,317,2023
299970,77400,LAGNY-SUR-MARNE,77,Maison,99,4,432,2023
299970,77400,LAGNY-SUR-MARNE,77,Dépendance,0,0,432,2023
320000,77610,NEUFMOUTIERS-EN-BRIE,77,Maison,120,4,466,2023
150500,77500,CHELLES,77,Maison,75,4,560,2023
150500,77500,CHELLES,77,Dépendance,0,0,560,2023
240000,77520,DONNEMARIE-DONTILLY,77,Maison,30,1,35,2023
240000,77520,DONNEMARIE-DONTILLY,77,Maison,30,1,865,2023
240000,77520,DONNEMARIE-DONTILLY,77,Dépendance,0,0,418,2023
240000,77520,DONNEMARIE-DONTILLY,77,Maison,93,4,231,2023
240000,77520,DONNEMARIE-DONTILLY,77,Dépendance,0,0,231,2023
240000,77520,DONNEMARIE-DONTILLY,77,Maison,93,4,418,2023
240000,77520,DONNEMARIE-DONTILLY,77,Maison,93,4,582,2023
240000,77520,DONNEMARIE-DONTILLY,77,Dépendance,0,0,582,2023
125000,77320,MEILLERAY,77,Dépendance,0,0,685,2023
125000,77320,MEILLERAY,77,Maison,93,5,685,2023
300000,77124,CHAUCONIN-NEUFMONTIERS,77,Maison,90,4,300,2023
246000,77990,LE MESNIL-AMELOT,77,Maison,38,3,340,2023
246000,77990,LE MESNIL-AMELOT,77,Dépendance,0,0,340,2023
350000,77280,OTHIS,77,Maison,98,5,406,2023
350000,77280,OTHIS,77,Dépendance,0,0,406,2023
285000,77540,BERNAY VILBERT,77,Maison,98,4,709,2023
340000,77122,MONTHYON,77,Maison,104,6,500,2023
340000,77122,MONTHYON,77,Maison,104,6,464,2023
300000,77515,SAINT-AUGUSTIN,77,Dépendance,0,0,156,2023
300000,77515,SAINT-AUGUSTIN,77,Maison,142,6,156,2023
250000,77169,BOISSY-LE-CHATEL,77,Maison,113,6,210,2023
250000,77169,BOISSY-LE-CHATEL,77,Maison,113,6,1457,2023
315000,77124,CREGY-LES-MEAUX,77,Maison,87,4,431,2023
295000,77280,OTHIS,77,Maison,63,3,132,2023
640000,77100,MEAUX,77,Maison,220,9,505,2023
640000,77100,MEAUX,77,Dépendance,0,0,505,2023
15000,77186,NOISIEL,77,Local industriel. commercial ou assimilé,0,0,2370,2023
197000,77138,LUZANCY,77,Maison,90,5,150,2023
290000,77160,PROVINS,77,Maison,96,4,474,2023
225000,77320,BETON-BAZOCHES,77,Maison,120,4,666,2023
225000,77320,BETON-BAZOCHES,77,Dépendance,0,0,666,2023
292000,77290,MITRY MORY,77,Appartement,20,1,160,2023
292000,77290,MITRY MORY,77,Appartement,45,2,160,2023
292000,77290,MITRY MORY,77,Appartement,24,1,160,2023
400000,77580,GUERARD,77,Maison,155,4,661,2023
400000,77580,GUERARD,77,Dépendance,0,0,661,2023
470000,77181,COURTRY,77,Maison,127,6,641,2023
470000,77181,COURTRY,77,Dépendance,0,0,641,2023
262000,77169,BOISSY-LE-CHATEL,77,Maison,90,4,700,2023
262000,77169,BOISSY-LE-CHATEL,77,Dépendance,0,0,700,2023
350000,77320,ST REMY DE LA VANNE,77,Dépendance,0,0,3850,2023
350000,77320,ST REMY DE LA VANNE,77,Maison,204,6,3850,2023
350000,77320,ST REMY DE LA VANNE,77,Local industriel. commercial ou assimilé,1270,0,3850,2023
450000,77860,QUINCY-VOISINS,77,Maison,120,5,764,2023
450000,77860,QUINCY-VOISINS,77,Dépendance,0,0,764,2023
145000,77320,ST REMY DE LA VANNE,77,Dépendance,0,0,462,2023
145000,77320,ST REMY DE LA VANNE,77,Maison,79,4,462,2023
305000,77515,POMMEUSE,77,Dépendance,0,0,489,2023
305000,77515,POMMEUSE,77,Maison,94,4,489,2023
174000,77450,VIGNELY,77,Maison,50,3,64,2023
174000,77450,VIGNELY,77,Dépendance,0,0,64,2023
312000,77160,PROVINS,77,Dépendance,0,0,836,2023
312000,77160,PROVINS,77,Appartement,126,6,836,2023
312000,77160,PROVINS,77,Local industriel. commercial ou assimilé,169,0,836,2023
148000,77580,GUERARD,77,Maison,40,4,92,2023
148000,77580,GUERARD,77,Dépendance,0,0,40,2023
330000,77610,MARLES-EN-BRIE,77,Maison,104,5,500,2023
330000,77610,MARLES-EN-BRIE,77,Maison,104,5,249,2023
289000,77515,FAREMOUTIERS,77,Maison,129,4,185,2023
289000,77515,FAREMOUTIERS,77,Maison,129,4,500,2023
297000,77370,NANGIS,77,Maison,112,6,197,2023
244000,77120,COULOMMIERS,77,Maison,80,4,215,2023
293000,77580,GUERARD,77,Maison,130,5,295,2023
350500,77970,PECY,77,Maison,215,6,383,2023
350500,77970,PECY,77,Maison,215,6,1050,2023
570000,77515,FAREMOUTIERS,77,Local industriel. commercial ou assimilé,1050,0,4953,2023
174000,77120,BEAUTHEIL-SAINTS,77,Dépendance,0,0,110,2023
174000,77120,BEAUTHEIL-SAINTS,77,Maison,78,5,110,2023
219000,77120,COULOMMIERS,77,Maison,106,4,250,2023
219000,77120,COULOMMIERS,77,Maison,106,4,757,2023
220000,77118,BAZOCHES LES BRAY,77,Maison,68,4,588,2023
560000,77540,LUMIGNY NESLES ORMEAUX,77,Maison,160,6,2860,2023
504000,77100,NANTEUIL-LES-MEAUX,77,Maison,191,7,585,2023
504000,77100,NANTEUIL-LES-MEAUX,77,Maison,191,7,500,2023
185000,77320,CERNEUX,77,Maison,165,7,266,2023
185000,77320,CERNEUX,77,Dépendance,0,0,266,2023
289000,77515,SAINT-AUGUSTIN,77,Dépendance,0,0,1260,2023
289000,77515,SAINT-AUGUSTIN,77,Maison,90,4,1260,2023
250000,77169,BOISSY-LE-CHATEL,77,Local industriel. commercial ou assimilé,240,0,1408,2023
254200,77169,BOISSY-LE-CHATEL,77,Maison,74,4,605,2023
273350,77169,CHAUFFRY,77,Maison,115,6,736,2023
229000,77320,FERTE-GAUCHER (LA),77,Maison,141,6,310,2023
307555,77510,SABLONNIERES,77,Dépendance,0,0,2258,2023
307555,77510,SABLONNIERES,77,Maison,110,6,160,2023
307555,77510,SABLONNIERES,77,Dépendance,0,0,160,2023
307555,77510,SABLONNIERES,77,Maison,110,6,2258,2023
210000,77169,CHAUFFRY,77,Dépendance,0,0,360,2023
210000,77169,CHAUFFRY,77,Maison,108,4,360,2023
279000,77510,REBAIS,77,Appartement,69,3,450,2023
279000,77510,REBAIS,77,Appartement,64,3,450,2023
600000,77600,BUSSY-SAINT-GEORGES,77,Maison,131,5,490,2023
170000,77160,PROVINS,77,Dépendance,0,0,321,2023
170000,77160,PROVINS,77,Maison,70,4,280,2023
375000,77610,MARLES-EN-BRIE,77,Maison,134,7,386,2023
527000,77515,SAINT-AUGUSTIN,77,Dépendance,0,0,3118,2023
527000,77515,SAINT-AUGUSTIN,77,Dépendance,0,0,425,2023
527000,77515,SAINT-AUGUSTIN,77,Maison,77,3,425,2023
527000,77515,SAINT-AUGUSTIN,77,Maison,77,3,3118,2023
400000,77400,DAMPMART,77,Maison,86,4,500,2023
400000,77400,DAMPMART,77,Maison,86,4,322,2023
430000,77700,BAILLY-ROMAINVILLIERS,77,Dépendance,0,0,620,2023
430000,77700,BAILLY-ROMAINVILLIERS,77,Dépendance,0,0,500,2023
430000,77700,BAILLY-ROMAINVILLIERS,77,Maison,221,5,620,2023
430000,77700,BAILLY-ROMAINVILLIERS,77,Maison,221,5,500,2023
402400,77450,JABLINES,77,Maison,109,5,500,2023
402400,77450,JABLINES,77,Maison,109,5,272,2023
105000,77840,CROUY-SUR-OURCQ,77,Local industriel. commercial ou assimilé,170,0,616,2023
1475000,77124,VILLENOY,77,Local industriel. commercial ou assimilé,280,0,3502,2023
1475000,77124,VILLENOY,77,Local industriel. commercial ou assimilé,0,0,3502,2023
1475000,77124,VILLENOY,77,Local industriel. commercial ou assimilé,220,0,3502,2023
1475000,77124,VILLENOY,77,Local industriel. commercial ou assimilé,1520,0,3502,2023
1475000,77124,VILLENOY,77,Local industriel. commercial ou assimilé,1550,0,6063,2023
1475000,77124,VILLENOY,77,Local industriel. commercial ou assimilé,531,0,6063,2023
1475000,77124,VILLENOY,77,Local industriel. commercial ou assimilé,260,0,6063,2023
1475000,77124,VILLENOY,77,Local industriel. commercial ou assimilé,200,0,6063,2023
130000,77750,BUSSIERES,77,Maison,80,4,47,2023
125000,77260,USSY-SUR-MARNE,77,Maison,95,4,505,2023
337000,77440,LIZY-SUR-OURCQ,77,Maison,67,4,597,2023
233000,77750,ORLY-SUR-MORIN,77,Dépendance,0,0,413,2023
233000,77750,ORLY-SUR-MORIN,77,Maison,81,2,413,2023
1,77230,VILLENEUVE SOUS DAMMARTIN,77,Local industriel. commercial ou assimilé,1010,0,1782,2023
1,77230,VILLENEUVE SOUS DAMMARTIN,77,Local industriel. commercial ou assimilé,1010,0,4295,2023
277000,77540,ROZAY-EN-BRIE,77,Dépendance,0,0,837,2023
277000,77540,ROZAY-EN-BRIE,77,Maison,91,3,837,2023
277000,77540,ROZAY-EN-BRIE,77,Maison,91,3,250,2023
277000,77540,ROZAY-EN-BRIE,77,Dépendance,0,0,250,2023
130000,77480,MONTIGNY-LE-GUESDIER,77,Dépendance,0,0,349,2023
130000,77480,MONTIGNY-LE-GUESDIER,77,Maison,76,3,349,2023
255000,77640,SIGNY-SIGNETS,77,Maison,78,3,554,2023
255000,77640,SIGNY-SIGNETS,77,Maison,78,3,96,2023
137500,77320,JOUY-SUR-MORIN,77,Dépendance,0,0,41,2023
137500,77320,JOUY-SUR-MORIN,77,Dépendance,0,0,433,2023
137500,77320,JOUY-SUR-MORIN,77,Maison,63,3,190,2023
330000,77540,BERNAY VILBERT,77,Dépendance,0,0,5000,2023
330000,77540,BERNAY VILBERT,77,Maison,115,5,5000,2023
330000,77540,BERNAY VILBERT,77,Maison,115,5,900,2023
330000,77540,BERNAY VILBERT,77,Dépendance,0,0,900,2023
155000,77510,VILLENEUVE-SUR-BELLOT,77,Maison,49,3,2692,2023
155000,77510,VILLENEUVE-SUR-BELLOT,77,Maison,49,3,500,2023
155000,77510,VILLENEUVE-SUR-BELLOT,77,Maison,49,3,2500,2023
230000,77970,BEZALLES,77,Maison,101,6,571,2023
230000,77970,BEZALLES,77,Maison,101,6,500,2023
432200,77230,LONGPERRIER,77,Maison,168,6,500,2023
432200,77230,LONGPERRIER,77,Dépendance,0,0,500,2023
90000,77910,VARREDDES,77,Dépendance,0,0,350,2023
240000,77290,MITRY MORY,77,Maison,68,4,411,2023
240000,77290,MITRY MORY,77,Dépendance,0,0,411,2023
256000,77580,GUERARD,77,Maison,54,2,545,2023
250000,77120,MAUPERTHUIS,77,Maison,105,4,227,2023
415000,77860,SAINT-GERMAIN-SUR-MORIN,77,Dépendance,0,0,211,2023
415000,77860,SAINT-GERMAIN-SUR-MORIN,77,Maison,83,4,211,2023
415000,77860,SAINT-GERMAIN-SUR-MORIN,77,Dépendance,0,0,500,2023
415000,77860,SAINT-GERMAIN-SUR-MORIN,77,Maison,83,4,500,2023
252333,77515,FAREMOUTIERS,77,Maison,96,3,537,2023
300800,77174,VILLENEUVE-LE-COMTE,77,Maison,65,3,522,2023
300800,77174,VILLENEUVE-LE-COMTE,77,Dépendance,0,0,522,2023
352000,77122,MONTHYON,77,Maison,138,6,172,2023
330600,77230,MOUSSY-LE-NEUF,77,Maison,75,4,506,2023
330600,77230,MOUSSY-LE-NEUF,77,Dépendance,0,0,506,2023
680000,77320,JOUY-SUR-MORIN,77,Appartement,47,2,571,2023
680000,77320,JOUY-SUR-MORIN,77,Appartement,31,2,571,2023
680000,77320,JOUY-SUR-MORIN,77,Appartement,36,2,571,2023
680000,77320,JOUY-SUR-MORIN,77,Appartement,59,2,571,2023
680000,77320,JOUY-SUR-MORIN,77,Dépendance,0,0,571,2023
680000,77320,JOUY-SUR-MORIN,77,Appartement,52,3,571,2023
680000,77320,JOUY-SUR-MORIN,77,Appartement,44,2,571,2023
416500,77500,CHELLES,77,Dépendance,0,0,439,2023
416500,77500,CHELLES,77,Maison,105,4,439,2023
210000,77515,POMMEUSE,77,Local industriel. commercial ou assimilé,380,0,176,2023
352000,77500,CHELLES,77,Maison,82,5,416,2023
195000,77260,SAINTE-AULDE,77,Dépendance,0,0,500,2023
195000,77260,SAINTE-AULDE,77,Maison,72,4,500,2023
195000,77260,SAINTE-AULDE,77,Maison,72,4,357,2023
195000,77260,SAINTE-AULDE,77,Dépendance,0,0,357,2023
50000,77320,ST REMY DE LA VANNE,77,Maison,128,6,522,2023
157000,77320,FERTE-GAUCHER (LA),77,Maison,111,5,355,2023
157000,77320,FERTE-GAUCHER (LA),77,Dépendance,0,0,355,2023
64975,77260,LA FERTE SOUS JOUARRE,77,Dépendance,0,0,500,2023
64975,77260,LA FERTE SOUS JOUARRE,77,Dépendance,0,0,274,2023
350000,77270,VILLEPARISIS,77,Maison,109,5,391,2023
520000,77360,VAIRES SUR MARNE,77,Maison,121,4,462,2023
365000,77580,MAISONCELLES-EN-BRIE,77,Maison,73,4,575,2023
380000,77500,CHELLES,77,Dépendance,0,0,305,2023
380000,77500,CHELLES,77,Local industriel. commercial ou assimilé,245,0,305,2023
349860,77230,DAMMARTIN-EN-GOELE,77,Maison,99,6,500,2023
349860,77230,DAMMARTIN-EN-GOELE,77,Maison,99,6,382,2023
271270,77120,BEAUTHEIL-SAINTS,77,Dépendance,0,0,1821,2023
271270,77120,BEAUTHEIL-SAINTS,77,Maison,73,4,1821,2023
271270,77120,BEAUTHEIL-SAINTS,77,Dépendance,0,0,612,2023
271270,77120,BEAUTHEIL-SAINTS,77,Maison,73,4,612,2023
873000,77164,FERRIERES-EN-BRIE,77,Maison,171,6,500,2023
873000,77164,FERRIERES-EN-BRIE,77,Maison,171,6,698,2023
294000,77120,BEAUTHEIL-SAINTS,77,Dépendance,0,0,250,2023
294000,77120,BEAUTHEIL-SAINTS,77,Dépendance,0,0,1079,2023
294000,77120,BEAUTHEIL-SAINTS,77,Maison,81,3,250,2023
294000,77120,BEAUTHEIL-SAINTS,77,Maison,81,3,1079,2023
320000,77100,NANTEUIL-LES-MEAUX,77,Maison,144,4,444,2023
320000,77100,NANTEUIL-LES-MEAUX,77,Dépendance,0,0,444,2023
185000,77320,FERTE-GAUCHER (LA),77,Maison,134,7,564,2023
228000,77510,REBAIS,77,Dépendance,0,0,1301,2023
228000,77510,REBAIS,77,Maison,88,4,1301,2023
325000,77270,VILLEPARISIS,77,Maison,66,3,268,2023
190000,77138,LUZANCY,77,Maison,92,4,156,2023
198500,77510,DOUE,77,Dépendance,0,0,250,2023
198500,77510,DOUE,77,Maison,88,5,750,2023
198500,77510,DOUE,77,Dépendance,0,0,750,2023
198500,77510,DOUE,77,Maison,88,5,250,2023
470000,77450,CONDE-SAINTE-LIBIAIRE,77,Dépendance,0,0,53,2023
470000,77450,CONDE-SAINTE-LIBIAIRE,77,Dépendance,0,0,421,2023
470000,77450,CONDE-SAINTE-LIBIAIRE,77,Maison,103,5,421,2023
250000,77515,SAINT-AUGUSTIN,77,Maison,83,3,1999,2023
250000,77515,SAINT-AUGUSTIN,77,Dépendance,0,0,1999,2023
250000,77515,SAINT-AUGUSTIN,77,Maison,83,3,401,2023
250000,77515,SAINT-AUGUSTIN,77,Dépendance,0,0,401,2023
179500,77580,GUERARD,77,Dépendance,0,0,107,2023
179500,77580,GUERARD,77,Maison,75,4,107,2023
313100,77540,PLESSIS-FEU-AUSSOUS (LE),77,Maison,101,6,371,2023
400000,77260,LA FERTE SOUS JOUARRE,77,Maison,160,5,325,2023
400000,77260,LA FERTE SOUS JOUARRE,77,Maison,160,5,500,2023
364000,77120,COULOMMIERS,77,Maison,192,7,497,2023
364000,77120,COULOMMIERS,77,Maison,192,7,500,2023
320000,77230,DAMMARTIN-EN-GOELE,77,Maison,86,4,260,2023
336000,77290,MITRY MORY,77,Maison,87,3,300,2023
95000,77515,POMMEUSE,77,Maison,63,2,642,2023
95000,77515,POMMEUSE,77,Dépendance,0,0,642,2023
95000,77515,POMMEUSE,77,Dépendance,0,0,250,2023
95000,77515,POMMEUSE,77,Maison,63,2,250,2023
300000,77230,VILLENEUVE SOUS DAMMARTIN,77,Maison,140,5,220,2023
467960,77700,MAGNY-LE-HONGRE,77,Maison,91,4,418,2023
780000,77520,MONTIGNY-LENCOUP,77,Maison,192,3,1696,2023
250700,77145,MAY-EN-MULTIEN,77,Maison,89,4,500,2023
250700,77145,MAY-EN-MULTIEN,77,Maison,89,4,32,2023
240000,77120,COULOMMIERS,77,Maison,138,6,730,2023
210000,77260,CHAMIGNY,77,Maison,111,5,380,2023
210000,77260,CHAMIGNY,77,Maison,111,5,2500,2023
650000,77860,QUINCY-VOISINS,77,Local industriel. commercial ou assimilé,555,0,645,2023
339000,77450,ESBLY,77,Maison,103,5,990,2023
339000,77450,ESBLY,77,Maison,103,5,500,2023
311099,77440,CONGIS-SUR-THEROUANNE,77,Maison,85,3,26,2023
220000,77100,NANTEUIL-LES-MEAUX,77,Dépendance,0,0,113,2023
220000,77100,NANTEUIL-LES-MEAUX,77,Maison,80,5,113,2023
173910,77515,CELLE-SUR-MORIN (LA),77,Dépendance,0,0,2357,2023
173910,77515,CELLE-SUR-MORIN (LA),77,Maison,112,4,575,2023
173910,77515,CELLE-SUR-MORIN (LA),77,Dépendance,0,0,575,2023
173910,77515,CELLE-SUR-MORIN (LA),77,Maison,112,4,2357,2023
422000,77100,MEAUX,77,Maison,104,5,352,2023
201502,77122,MONTHYON,77,Dépendance,0,0,33,2023
201502,77122,MONTHYON,77,Dépendance,0,0,69,2023
201502,77122,MONTHYON,77,Maison,89,4,69,2023
334300,77860,SAINT-GERMAIN-SUR-MORIN,77,Maison,83,5,369,2023
515000,77174,VILLENEUVE-LE-COMTE,77,Maison,210,6,647,2023
515000,77174,VILLENEUVE-LE-COMTE,77,Dépendance,0,0,647,2023
515000,77174,VILLENEUVE-LE-COMTE,77,Maison,210,6,500,2023
515000,77174,VILLENEUVE-LE-COMTE,77,Dépendance,0,0,500,2023
359000,77178,SAINT-PATHUS,77,Maison,108,6,454,2023
359000,77178,SAINT-PATHUS,77,Dépendance,0,0,454,2023
274500,77100,MEAUX,77,Maison,63,4,87,2023
305000,77860,QUINCY-VOISINS,77,Maison,88,5,311,2023
269000,77580,SANCY-LES-MEAUX,77,Maison,115,5,410,2023
300155,77370,CHAPELLE-RABLAIS (LA),77,Maison,129,5,948,2023
300155,77370,CHAPELLE-RABLAIS (LA),77,Dépendance,0,0,249,2023
300155,77370,CHAPELLE-RABLAIS (LA),77,Maison,129,5,249,2023
300155,77370,CHAPELLE-RABLAIS (LA),77,Dépendance,0,0,948,2023
140000,77163,TIGEAUX,77,Maison,26,2,112,2023
384300,77178,SAINT-PATHUS,77,Maison,139,6,456,2023
250000,77510,SAINT-DENIS-LES-REBAIS,77,Maison,84,4,660,2023
250000,77510,SAINT-DENIS-LES-REBAIS,77,Dépendance,0,0,660,2023
294000,77500,CHELLES,77,Dépendance,0,0,300,2023
294000,77500,CHELLES,77,Maison,65,4,300,2023
328550,77470,BOUTIGNY,77,Maison,99,4,221,2023
530000,77500,CHELLES,77,Maison,144,6,470,2023
413000,77100,MAREUIL-LES-MEAUX,77,Maison,188,5,500,2023
413000,77100,MAREUIL-LES-MEAUX,77,Maison,188,5,434,2023
260000,77500,CHELLES,77,Appartement,45,2,99,2023
260000,77500,CHELLES,77,Local industriel. commercial ou assimilé,70,0,99,2023
260000,77500,CHELLES,77,Appartement,45,2,500,2023
260000,77500,CHELLES,77,Local industriel. commercial ou assimilé,70,0,500,2023
208000,77470,SAINT-FIACRE,77,Dépendance,0,0,52,2023
208000,77470,SAINT-FIACRE,77,Maison,100,3,52,2023
252850,77750,ORLY-SUR-MORIN,77,Maison,115,5,910,2023
356288,77410,CHARNY,77,Maison,87,5,583,2023
495000,77090,COLLEGIEN,77,Maison,120,5,607,2023
247470,77450,ESBLY,77,Maison,91,5,368,2023
125000,77370,NANGIS,77,Maison,75,4,147,2023
242000,77515,CELLE-SUR-MORIN (LA),77,Dépendance,0,0,122,2023
242000,77515,CELLE-SUR-MORIN (LA),77,Maison,100,4,199,2023
620000,77144,MONTEVRAIN,77,Maison,136,6,500,2023
620000,77144,MONTEVRAIN,77,Maison,136,6,78,2023
25000,77510,HONDEVILLIERS,77,Dépendance,0,0,10665,2023
25000,77510,HONDEVILLIERS,77,Dépendance,0,0,2025,2023
249000,77540,BERNAY VILBERT,77,Dépendance,0,0,276,2023
249000,77540,BERNAY VILBERT,77,Maison,67,3,51,2023
424000,77515,SAINT-AUGUSTIN,77,Maison,81,3,1936,2023
424000,77515,SAINT-AUGUSTIN,77,Maison,81,3,344,2023
330000,77400,LAGNY-SUR-MARNE,77,Maison,90,5,427,2023
330000,77400,LAGNY-SUR-MARNE,77,Dépendance,0,0,427,2023
1100000,77144,MONTEVRAIN,77,Maison,182,6,125,2023
1100000,77144,MONTEVRAIN,77,Maison,182,6,500,2023
175000,77260,LA FERTE SOUS JOUARRE,77,Maison,60,3,237,2023
200000,77260,LA FERTE SOUS JOUARRE,77,Maison,82,3,663,2023
200000,77260,LA FERTE SOUS JOUARRE,77,Dépendance,0,0,663,2023
248000,77470,MONTCEAUX-LES-MEAUX,77,Dépendance,0,0,692,2023
248000,77470,MONTCEAUX-LES-MEAUX,77,Maison,84,5,692,2023
385000,77500,CHELLES,77,Maison,153,8,506,2023
525000,77700,SERRIS,77,Maison,120,4,559,2023
525000,77700,SERRIS,77,Dépendance,0,0,559,2023
650000,77200,TORCY,77,Local industriel. commercial ou assimilé,1618,0,1619,2023
367920,77580,GUERARD,77,Maison,128,4,500,2023
367920,77580,GUERARD,77,Maison,128,4,88,2023
450000,77181,LE PIN,77,Dépendance,0,0,431,2023
450000,77181,LE PIN,77,Dépendance,0,0,400,2023
450000,77181,LE PIN,77,Maison,106,5,400,2023
450000,77181,LE PIN,77,Maison,106,5,431,2023
340200,77650,SAINTE-COLOMBE,77,Maison,138,6,500,2023
340200,77650,SAINTE-COLOMBE,77,Maison,138,6,908,2023
320000,77360,VAIRES SUR MARNE,77,Maison,105,4,458,2023
320000,77360,VAIRES SUR MARNE,77,Dépendance,0,0,458,2023
180000,77360,VAIRES SUR MARNE,77,Maison,49,2,555,2023
270000,77230,MOUSSY-LE-NEUF,77,Maison,83,5,267,2023
270000,77230,MOUSSY-LE-NEUF,77,Dépendance,0,0,267,2023
360000,77290,MITRY MORY,77,Maison,85,5,276,2023
360000,77290,MITRY MORY,77,Dépendance,0,0,276,2023
360000,77290,MITRY MORY,77,Dépendance,0,0,500,2023
360000,77290,MITRY MORY,77,Maison,85,5,500,2023
580000,77230,SAINT-MARD,77,Maison,128,5,398,2023
580000,77230,SAINT-MARD,77,Dépendance,0,0,398,2023
238050,77840,CROUY-SUR-OURCQ,77,Maison,117,5,190,2023
238050,77840,CROUY-SUR-OURCQ,77,Dépendance,0,0,190,2023
238050,77840,CROUY-SUR-OURCQ,77,Maison,117,5,500,2023
238050,77840,CROUY-SUR-OURCQ,77,Dépendance,0,0,500,2023
125000,77230,MONTGE-EN-GOELE,77,Maison,36,3,29,2023
125000,77230,MONTGE-EN-GOELE,77,Dépendance,0,0,29,2023
165000,77120,COULOMMIERS,77,Maison,41,3,310,2023
1576558,77120,COULOMMIERS,77,Local industriel. commercial ou assimilé,2226,0,6494,2023
387290,77470,VILLEMAREUIL,77,Maison,103,6,1424,2023
387290,77470,VILLEMAREUIL,77,Dépendance,0,0,1424,2023
285000,77160,CHENOISE-CUCHARMOY,77,Maison,188,7,287,2023
230000,77124,CREGY-LES-MEAUX,77,Maison,52,3,474,2023
360000,77270,VILLEPARISIS,77,Dépendance,0,0,440,2023
180000,77120,COULOMMIERS,77,Maison,60,4,352,2023
210000,77640,JOUARRE,77,Maison,90,4,92,2023
210000,77640,JOUARRE,77,Dépendance,0,0,92,2023
340000,77400,LAGNY-SUR-MARNE,77,Maison,87,4,437,2023
338000,77860,QUINCY-VOISINS,77,Maison,104,5,303,2023
196000,77440,VENDREST,77,Maison,102,5,406,2023
615000,77270,VILLEPARISIS,77,Appartement,39,2,500,2023
615000,77270,VILLEPARISIS,77,Appartement,42,2,500,2023
150000,77520,DONNEMARIE-DONTILLY,77,Maison,90,4,443,2023
150000,77520,DONNEMARIE-DONTILLY,77,Dépendance,0,0,443,2023
150000,77520,DONNEMARIE-DONTILLY,77,Maison,90,4,500,2023
150000,77520,DONNEMARIE-DONTILLY,77,Dépendance,0,0,500,2023
480000,77500,CHELLES,77,Maison,117,5,430,2023
565570,77126,CHATENAY-SUR-SEINE,77,Local industriel. commercial ou assimilé,337,0,886,2023
605000,77400,THORIGNY SUR MARNE,77,Maison,82,3,596,2023
605000,77400,THORIGNY SUR MARNE,77,Dépendance,0,0,596,2023
301150,77410,FRESNES-SUR-MARNE,77,Maison,83,4,241,2023
281200,77270,VILLEPARISIS,77,Maison,72,3,515,2023
435000,77700,CHESSY,77,Dépendance,0,0,34,2023
435000,77700,CHESSY,77,Maison,111,6,156,2023
647008,77450,MONTRY,77,Maison,233,7,1560,2023
647008,77450,MONTRY,77,Dépendance,0,0,1560,2023
647008,77450,MONTRY,77,Maison,233,7,500,2023
647008,77450,MONTRY,77,Dépendance,0,0,500,2023
304000,77860,COUILLY-PONT-AUX-DAMES,77,Maison,112,5,500,2023
304000,77860,COUILLY-PONT-AUX-DAMES,77,Maison,112,5,425,2023
200000,77510,BELLOT,77,Maison,80,3,172,2023
130000,77124,VILLENOY,77,Maison,62,3,57,2023
284000,77520,VIMPELLES,77,Dépendance,0,0,576,2023
284000,77520,VIMPELLES,77,Maison,140,5,576,2023
419300,77470,FUBLAINES,77,Maison,168,7,500,2023
419300,77470,FUBLAINES,77,Maison,168,7,84,2023
315000,77450,CONDE-SAINTE-LIBIAIRE,77,Maison,103,6,816,2023
265000,77100,MEAUX,77,Maison,78,4,188,2023
220000,77515,CELLE-SUR-MORIN (LA),77,Dépendance,0,0,526,2023
220000,77515,CELLE-SUR-MORIN (LA),77,Maison,80,3,250,2023
220000,77515,CELLE-SUR-MORIN (LA),77,Dépendance,0,0,250,2023
220000,77515,CELLE-SUR-MORIN (LA),77,Maison,80,3,526,2023
770000,77600,BUSSY-SAINT-GEORGES,77,Maison,129,4,238,2023
770000,77600,BUSSY-SAINT-GEORGES,77,Maison,129,4,500,2023
1900000,77410,MESSY,77,Appartement,47,2,594,2023
1900000,77410,MESSY,77,Appartement,43,2,594,2023
1900000,77410,MESSY,77,Appartement,53,2,594,2023
1900000,77410,MESSY,77,Appartement,55,3,594,2023
340000,77090,COLLEGIEN,77,Maison,94,5,326,2023
339000,77470,FUBLAINES,77,Maison,106,4,46,2023
380000,77270,VILLEPARISIS,77,Maison,138,7,114,2023
380000,77270,VILLEPARISIS,77,Maison,138,7,838,2023
180000,77165,CUISY,77,Maison,75,5,60,2023
180000,77165,CUISY,77,Local industriel. commercial ou assimilé,22,0,60,2023
310000,77230,DAMMARTIN-EN-GOELE,77,Dépendance,0,0,321,2023
310000,77230,DAMMARTIN-EN-GOELE,77,Maison,105,6,321,2023
210000,77169,SAINT-SIMEON,77,Maison,80,4,500,2023
210000,77169,SAINT-SIMEON,77,Dépendance,0,0,500,2023
210000,77169,SAINT-SIMEON,77,Dépendance,0,0,1004,2023
210000,77169,SAINT-SIMEON,77,Maison,80,4,1004,2023
620000,77600,GUERMANTES,77,Appartement,48,2,488,2023
620000,77600,GUERMANTES,77,Appartement,52,2,488,2023
620000,77600,GUERMANTES,77,Appartement,64,2,488,2023
620000,77600,GUERMANTES,77,Appartement,57,2,488,2023
620000,77600,GUERMANTES,77,Appartement,68,2,488,2023
292000,77165,SAINT-SOUPPLETS,77,Maison,80,4,301,2023
460000,77580,GUERARD,77,Maison,180,5,503,2023
460000,77580,GUERARD,77,Dépendance,0,0,503,2023
230000,77320,JOUY-SUR-MORIN,77,Maison,170,8,363,2023
255000,77440,TANCROU,77,Maison,104,4,423,2023
255000,77440,TANCROU,77,Dépendance,0,0,423,2023
180000,77970,JOUY-LE-CHATEL,77,Appartement,65,4,293,2023
180000,77970,JOUY-LE-CHATEL,77,Local industriel. commercial ou assimilé,30,0,293,2023
180000,77970,JOUY-LE-CHATEL,77,Appartement,80,4,293,2023
180000,77970,JOUY-LE-CHATEL,77,Dépendance,0,0,293,2023
340000,77186,NOISIEL,77,Maison,122,6,483,2023
135900,77260,CHAMIGNY,77,Maison,60,3,40,2023
290000,77580,LA HAUTE-MAISON,77,Maison,90,3,350,2023
290000,77580,LA HAUTE-MAISON,77,Maison,90,3,500,2023
165700,77320,CHEVRU,77,Maison,130,4,410,2023
165700,77320,CHEVRU,77,Dépendance,0,0,410,2023
300000,77290,MITRY MORY,77,Dépendance,0,0,402,2023
300000,77290,MITRY MORY,77,Maison,67,3,402,2023
300000,77100,MEAUX,77,Maison,103,5,26,2023
300000,77100,MEAUX,77,Maison,103,5,500,2023
175000,77320,FERTE-GAUCHER (LA),77,Maison,68,4,439,2023
287000,77540,BERNAY VILBERT,77,Maison,110,5,828,2023
287000,77540,BERNAY VILBERT,77,Dépendance,0,0,828,2023
108000,77320,BETON-BAZOCHES,77,Maison,61,3,1129,2023
108000,77320,BETON-BAZOCHES,77,Dépendance,0,0,595,2023
108000,77320,BETON-BAZOCHES,77,Maison,61,3,595,2023
108000,77320,BETON-BAZOCHES,77,Dépendance,0,0,1129,2023
690000,77600,BUSSY-SAINT-GEORGES,77,Maison,171,6,167,2023
690000,77600,BUSSY-SAINT-GEORGES,77,Maison,171,6,500,2023
174000,77260,SAMMERON,77,Maison,83,4,66,2023
137000,77480,SAINT-SAUVEUR-LES-BRAY,77,Dépendance,0,0,187,2023
137000,77480,SAINT-SAUVEUR-LES-BRAY,77,Maison,93,2,187,2023
179000,77126,CHATENAY-SUR-SEINE,77,Maison,72,3,426,2023
179000,77126,CHATENAY-SUR-SEINE,77,Dépendance,0,0,426,2023
203000,77420,CHAMPS-SUR-MARNE,77,Maison,67,4,37,2023
175000,77480,MOUY-SUR-SEINE,77,Dépendance,0,0,1380,2023
175000,77480,MOUY-SUR-SEINE,77,Maison,128,6,1380,2023
175000,77480,MOUY-SUR-SEINE,77,Maison,16,1,1380,2023
569000,77270,VILLEPARISIS,77,Maison,220,13,420,2023
569000,77270,VILLEPARISIS,77,Maison,220,13,500,2023
569000,77270,VILLEPARISIS,77,Dépendance,0,0,500,2023
569000,77270,VILLEPARISIS,77,Dépendance,0,0,420,2023
437000,77186,NOISIEL,77,Maison,118,5,544,2023
266000,77910,VARREDDES,77,Maison,87,5,135,2023
266000,77910,VARREDDES,77,Dépendance,0,0,135,2023
266000,77910,VARREDDES,77,Maison,87,5,500,2023
266000,77910,VARREDDES,77,Dépendance,0,0,500,2023
115000,77440,OCQUERRE,77,Dépendance,0,0,303,2023
115000,77440,OCQUERRE,77,Maison,120,4,303,2023
406000,77290,MITRY MORY,77,Dépendance,0,0,403,2023
406000,77290,MITRY MORY,77,Maison,126,5,403,2023
426600,77860,SAINT-GERMAIN-SUR-MORIN,77,Maison,189,9,500,2023
426600,77860,SAINT-GERMAIN-SUR-MORIN,77,Maison,189,9,80,2023
250800,77320,CHOISY-EN-BRIE,77,Maison,94,4,431,2023
2780000,77400,SAINT THIBAULT DES VIGNES,77,Dépendance,0,0,500,2023
2780000,77400,SAINT THIBAULT DES VIGNES,77,Maison,285,8,1103,2023
2780000,77400,SAINT THIBAULT DES VIGNES,77,Dépendance,0,0,1103,2023
2780000,77400,SAINT THIBAULT DES VIGNES,77,Maison,285,8,500,2023
2780000,77400,SAINT THIBAULT DES VIGNES,77,Maison,75,3,628,2023
274209,77400,DAMPMART,77,Maison,74,4,110,2023
321000,77178,OISSERY,77,Maison,114,5,500,2023
321000,77178,OISSERY,77,Dépendance,0,0,500,2023
321000,77178,OISSERY,77,Dépendance,0,0,310,2023
321000,77178,OISSERY,77,Maison,114,5,310,2023
490000,77200,TORCY,77,Maison,119,4,320,2023
256000,77260,REUIL-EN-BRIE,77,Maison,76,5,140,2023
256000,77260,REUIL-EN-BRIE,77,Maison,76,5,500,2023
250000,77500,CHELLES,77,Maison,58,4,465,2023
250000,77500,CHELLES,77,Dépendance,0,0,465,2023
287600,77139,MARCILLY,77,Maison,112,4,163,2023
372500,77500,CHELLES,77,Maison,77,4,480,2023
372500,77500,CHELLES,77,Dépendance,0,0,480,2023
166600,77440,VENDREST,77,Dépendance,0,0,183,2023
166600,77440,VENDREST,77,Maison,65,3,183,2023
190000,77440,CONGIS-SUR-THEROUANNE,77,Maison,65,3,178,2023
190000,77440,CONGIS-SUR-THEROUANNE,77,Dépendance,0,0,178,2023
380000,77177,BROU-SUR-CHANTEREINE,77,Dépendance,0,0,400,2023
380000,77177,BROU-SUR-CHANTEREINE,77,Local industriel. commercial ou assimilé,60,0,400,2023
380000,77177,BROU-SUR-CHANTEREINE,77,Appartement,30,2,400,2023
318000,77280,OTHIS,77,Dépendance,0,0,354,2023
318000,77280,OTHIS,77,Maison,109,6,354,2023
347000,77230,MONTGE-EN-GOELE,77,Maison,133,8,596,2023
203000,77410,CHARNY,77,Maison,138,6,186,2023
203000,77410,CHARNY,77,Dépendance,0,0,186,2023
283000,77230,SAINT-MARD,77,Maison,77,4,310,2023
283000,77230,SAINT-MARD,77,Maison,77,4,500,2023
260000,77750,BUSSIERES,77,Maison,104,5,989,2023
260000,77750,BUSSIERES,77,Maison,104,5,500,2023
329000,77970,PECY,77,Maison,125,6,500,2023
329000,77970,PECY,77,Maison,125,6,511,2023
499000,77600,BUSSY-SAINT-GEORGES,77,Maison,98,5,304,2023
80000,77970,PECY,77,Dépendance,0,0,179,2023
520000,77181,LE PIN,77,Maison,156,6,525,2023
199500,77440,VENDREST,77,Maison,75,3,73,2023
199500,77440,VENDREST,77,Local industriel. commercial ou assimilé,42,0,108,2023
672000,77600,BUSSY-SAINT-GEORGES,77,Maison,147,6,622,2023
225000,77154,VILLENEUVE-LES-BORDES,77,Dépendance,0,0,972,2023
225000,77154,VILLENEUVE-LES-BORDES,77,Maison,104,4,972,2023
315000,77290,MITRY MORY,77,Dépendance,0,0,420,2023
315000,77290,MITRY MORY,77,Maison,94,5,420,2023
633000,77600,BUSSY-SAINT-GEORGES,77,Maison,106,3,616,2023
285000,77100,MEAUX,77,Maison,99,4,1,2023
285000,77100,MEAUX,77,Dépendance,0,0,1,2023
175000,77160,CHENOISE-CUCHARMOY,77,Maison,66,3,523,2023
155000,77370,CHAPELLE-RABLAIS (LA),77,Dépendance,0,0,521,2023
155000,77370,CHAPELLE-RABLAIS (LA),77,Maison,140,4,521,2023
443675,77290,MITRY MORY,77,Maison,103,5,403,2023
443675,77290,MITRY MORY,77,Dépendance,0,0,403,2023
606000,77600,BUSSY-SAINT-GEORGES,77,Maison,167,6,407,2023
655000,77600,BUSSY-SAINT-GEORGES,77,Maison,125,5,500,2023
655000,77600,BUSSY-SAINT-GEORGES,77,Maison,125,5,145,2023
245000,77370,GASTINS,77,Maison,96,5,186,2023
290000,77290,MITRY MORY,77,Dépendance,0,0,451,2023
290000,77290,MITRY MORY,77,Maison,76,4,451,2023
250000,77450,JABLINES,77,Maison,59,3,211,2023
420000,77600,JOSSIGNY,77,Maison,131,5,520,2023
470000,77100,NANTEUIL-LES-MEAUX,77,Maison,150,6,504,2023
195000,77730,CITRY,77,Maison,68,3,255,2023
195000,77730,CITRY,77,Dépendance,0,0,255,2023
210000,77320,CHARTRONGES,77,Maison,120,5,250,2023
210000,77320,CHARTRONGES,77,Maison,120,5,716,2023
85000,77169,CHAUFFRY,77,Maison,112,5,936,2023
85000,77169,CHAUFFRY,77,Dépendance,0,0,936,2023
261450,77660,SAINT JEAN LES DEUX JUMEAUX,77,Maison,74,3,500,2023
455000,77450,ESBLY,77,Maison,108,5,600,2023
654532,77181,LE PIN,77,Maison,106,5,431,2023
654532,77181,LE PIN,77,Dépendance,0,0,431,2023
654532,77181,LE PIN,77,Maison,106,5,400,2023
654532,77181,LE PIN,77,Dépendance,0,0,400,2023
16000000,77990,LE MESNIL-AMELOT,77,Local industriel. commercial ou assimilé,0,0,13369,2023
16000000,77990,LE MESNIL-AMELOT,77,Local industriel. commercial ou assimilé,13924,0,13369,2023
140000,77320,MONTOLIVET,77,Maison,130,5,89,2023
18600,77160,CHENOISE-CUCHARMOY,77,Maison,118,5,372,2023
320000,77440,CONGIS-SUR-THEROUANNE,77,Maison,90,2,500,2023
320000,77440,CONGIS-SUR-THEROUANNE,77,Maison,90,2,275,2023
375000,77500,CHELLES,77,Maison,92,5,430,2023
375000,77500,CHELLES,77,Dépendance,0,0,430,2023
8250,77700,COUPVRAY,77,Dépendance,0,0,16,2023
210000,77520,DONNEMARIE-DONTILLY,77,Maison,80,2,500,2023
200000,77750,BUSSIERES,77,Maison,80,4,845,2023
200000,77750,BUSSIERES,77,Maison,80,4,500,2023
237000,77970,BANNOST-VILLEGAGNON,77,Maison,90,3,1042,2023
2000000,77160,PROVINS,77,Local industriel. commercial ou assimilé,2550,0,7124,2023
205000,77515,FAREMOUTIERS,77,Dépendance,0,0,500,2023
205000,77515,FAREMOUTIERS,77,Dépendance,0,0,129,2023
205000,77515,FAREMOUTIERS,77,Maison,57,3,129,2023
205000,77515,FAREMOUTIERS,77,Maison,57,3,500,2023
165000,77370,NANGIS,77,Appartement,36,1,105,2023
165000,77370,NANGIS,77,Dépendance,0,0,105,2023
165000,77370,NANGIS,77,Appartement,25,1,105,2023
165000,77370,NANGIS,77,Appartement,37,1,105,2023
111000,77114,NOYEN-SUR-SEINE,77,Maison,83,4,128,2023
111000,77114,NOYEN-SUR-SEINE,77,Maison,28,1,159,2023
380000,77500,CHELLES,77,Maison,103,6,525,2023
380000,77500,CHELLES,77,Dépendance,0,0,525,2023
760000,77700,CHESSY,77,Dépendance,0,0,500,2023
760000,77700,CHESSY,77,Appartement,25,1,307,2023
760000,77700,CHESSY,77,Appartement,148,5,307,2023
760000,77700,CHESSY,77,Maison,100,4,307,2023
760000,77700,CHESSY,77,Dépendance,0,0,307,2023
760000,77700,CHESSY,77,Appartement,25,1,500,2023
760000,77700,CHESSY,77,Appartement,148,5,500,2023
760000,77700,CHESSY,77,Maison,100,4,500,2023
151000,77320,FERTE-GAUCHER (LA),77,Dépendance,0,0,473,2023
151000,77320,FERTE-GAUCHER (LA),77,Maison,65,4,473,2023
410000,77600,CHANTELOUP EN BRIE,77,Maison,99,5,690,2023
410000,77600,CHANTELOUP EN BRIE,77,Dépendance,0,0,690,2023
327000,77400,DAMPMART,77,Maison,99,4,714,2023
281002,77515,FAREMOUTIERS,77,Maison,104,5,609,2023
295000,77650,SAINTE-COLOMBE,77,Dépendance,0,0,643,2023
295000,77650,SAINTE-COLOMBE,77,Maison,127,5,643,2023
205000,77600,BUSSY-SAINT-GEORGES,77,Maison,61,3,354,2023
205000,77600,BUSSY-SAINT-GEORGES,77,Dépendance,0,0,354,2023
245000,77540,VOINSLES,77,Dépendance,0,0,487,2023
245000,77540,VOINSLES,77,Dépendance,0,0,500,2023
245000,77540,VOINSLES,77,Maison,74,3,487,2023
245000,77540,VOINSLES,77,Maison,74,3,500,2023
384000,77500,CHELLES,77,Maison,105,5,495,2023
755000,77600,BUSSY-SAINT-GEORGES,77,Maison,141,4,333,2023
755000,77600,BUSSY-SAINT-GEORGES,77,Maison,141,4,500,2023
319850,77120,MOUROUX,77,Maison,123,6,600,2023
700000,77400,THORIGNY SUR MARNE,77,Local industriel. commercial ou assimilé,250,0,2000,2023
700000,77400,THORIGNY SUR MARNE,77,Local industriel. commercial ou assimilé,1304,0,2000,2023
700000,77400,THORIGNY SUR MARNE,77,Local industriel. commercial ou assimilé,13,0,2000,2023
235000,77470,TRILPORT,77,Maison,68,4,249,2023
470000,77420,CHAMPS-SUR-MARNE,77,Maison,101,3,592,2023
235000,77560,VILLIERS-SAINT-GEORGES,77,Dépendance,0,0,1200,2023
235000,77560,VILLIERS-SAINT-GEORGES,77,Maison,119,5,1200,2023
235000,77560,VILLIERS-SAINT-GEORGES,77,Maison,119,5,614,2023
235000,77560,VILLIERS-SAINT-GEORGES,77,Dépendance,0,0,614,2023
480000,77184,EMERAINVILLE,77,Maison,135,5,5,2023
480000,77184,EMERAINVILLE,77,Dépendance,0,0,5,2023
199610,77470,TRILPORT,77,Maison,91,3,58,2023
385000,77360,VAIRES SUR MARNE,77,Maison,90,3,180,2023
385000,77360,VAIRES SUR MARNE,77,Dépendance,0,0,180,2023
310000,77186,NOISIEL,77,Maison,98,5,118,2023
175000,77540,COURPALAY,77,Maison,130,4,921,2023
467500,77410,CHARNY,77,Maison,141,5,623,2023
368000,77450,LESCHES,77,Maison,165,5,226,2023
105000,77320,FERTE-GAUCHER (LA),77,Maison,90,2,51,2023
184000,77510,BELLOT,77,Maison,94,5,784,2023
184000,77510,BELLOT,77,Maison,94,5,509,2023
125000,77510,VILLENEUVE-SUR-BELLOT,77,Dépendance,0,0,364,2023
125000,77510,VILLENEUVE-SUR-BELLOT,77,Maison,48,1,364,2023
262000,77320,LESCHEROLLES,77,Dépendance,0,0,343,2023
262000,77320,LESCHEROLLES,77,Maison,88,4,343,2023
262000,77320,LESCHEROLLES,77,Dépendance,0,0,835,2023
262000,77320,LESCHEROLLES,77,Maison,88,4,835,2023
740000,77600,BUSSY-SAINT-GEORGES,77,Maison,142,6,645,2023
740000,77600,BUSSY-SAINT-GEORGES,77,Dépendance,0,0,645,2023
88000,77440,DHUISY,77,Maison,45,3,31,2023
458000,77400,THORIGNY SUR MARNE,77,Maison,96,4,501,2023
128000,77840,GERMIGNY-SOUS-COULOMBS,77,Maison,98,5,301,2023
128000,77840,GERMIGNY-SOUS-COULOMBS,77,Dépendance,0,0,301,2023
302900,77100,MEAUX,77,Maison,90,4,500,2023
302900,77100,MEAUX,77,Maison,90,4,187,2023
385000,77470,TRILPORT,77,Maison,142,6,604,2023
204250,77138,LUZANCY,77,Maison,132,4,130,2023
233000,77440,TANCROU,77,Maison,94,4,540,2023
233000,77440,TANCROU,77,Maison,94,4,500,2023
428000,77181,COURTRY,77,Maison,136,5,417,2023
235000,77470,TRILPORT,77,Maison,60,3,558,2023
340000,77100,MEAUX,77,Appartement,30,2,49,2023
340000,77100,MEAUX,77,Dépendance,0,0,49,2023
340000,77100,MEAUX,77,Appartement,36,3,49,2023
340000,77100,MEAUX,77,Dépendance,0,0,11,2023
215000,77510,TRETOIRE (LA),77,Maison,135,5,200,2023
541635,77600,GUERMANTES,77,Maison,135,6,305,2023
541635,77600,GUERMANTES,77,Maison,135,6,500,2023
165000,77440,ISLES-LES-MELDEUSES,77,Maison,45,2,275,2023
350000,77400,SAINT THIBAULT DES VIGNES,77,Maison,83,4,293,2023
271000,77260,CHAMIGNY,77,Dépendance,0,0,500,2023
271000,77260,CHAMIGNY,77,Maison,127,6,460,2023
271000,77260,CHAMIGNY,77,Dépendance,0,0,460,2023
271000,77260,CHAMIGNY,77,Maison,127,6,500,2023
98000,77260,REUIL-EN-BRIE,77,Maison,59,4,40,2023
449000,77420,CHAMPS-SUR-MARNE,77,Maison,104,4,154,2023
350000,77360,VAIRES SUR MARNE,77,Maison,48,3,236,2023
430400,77600,BUSSY-SAINT-GEORGES,77,Maison,110,5,313,2023
416000,77200,TORCY,77,Maison,131,6,513,2023
445000,77181,COURTRY,77,Local industriel. commercial ou assimilé,400,0,1000,2023
445000,77181,COURTRY,77,Appartement,55,2,1000,2023
370000,77177,BROU-SUR-CHANTEREINE,77,Maison,77,3,450,2023
370000,77177,BROU-SUR-CHANTEREINE,77,Maison,77,3,250,2023
290000,77400,LAGNY-SUR-MARNE,77,Maison,64,3,394,2023
466563,77500,CHELLES,77,Maison,92,5,430,2023
466563,77500,CHELLES,77,Dépendance,0,0,430,2023
368000,77400,LAGNY-SUR-MARNE,77,Local industriel. commercial ou assimilé,400,0,471,2023
296450,77360,VAIRES SUR MARNE,77,Maison,62,4,173,2023
343040,77124,CHAUCONIN-NEUFMONTIERS,77,Maison,96,6,498,2023
480000,77700,CHESSY,77,Maison,100,5,370,2023
480000,77700,CHESSY,77,Maison,100,5,500,2023
470022,77700,BAILLY-ROMAINVILLIERS,77,Maison,115,5,406,2023
80000,77650,CHALMAISON,77,Maison,60,2,976,2023
80000,77650,CHALMAISON,77,Dépendance,0,0,500,2023
80000,77650,CHALMAISON,77,Maison,60,2,500,2023
80000,77650,CHALMAISON,77,Dépendance,0,0,976,2023
152000,77510,REBAIS,77,Dépendance,0,0,65,2023
152000,77510,REBAIS,77,Appartement,92,4,65,2023
152000,77510,REBAIS,77,Appartement,26,1,65,2023
120000,77440,CONGIS-SUR-THEROUANNE,77,Dépendance,0,0,551,2023
120000,77440,CONGIS-SUR-THEROUANNE,77,Maison,112,6,551,2023
159000,77440,LIZY-SUR-OURCQ,77,Maison,85,4,117,2023
250000,77400,DAMPMART,77,Maison,80,5,243,2023
250000,77400,DAMPMART,77,Dépendance,0,0,243,2023
230000,77114,GOUAIX,77,Local industriel. commercial ou assimilé,800,0,801,2023
341584,77370,NANGIS,77,Maison,109,6,190,2023
341584,77370,NANGIS,77,Dépendance,0,0,202,2023
275000,77370,NANGIS,77,Maison,129,5,788,2023
400000,77270,VILLEPARISIS,77,Dépendance,0,0,394,2023
400000,77270,VILLEPARISIS,77,Maison,80,5,394,2023
120000,77500,CHELLES,77,Dépendance,0,0,515,2023
120000,77500,CHELLES,77,Maison,25,1,515,2023
307740,77610,NEUFMOUTIERS-EN-BRIE,77,Dépendance,0,0,491,2023
307740,77610,NEUFMOUTIERS-EN-BRIE,77,Maison,83,4,491,2023
775000,77700,MAGNY-LE-HONGRE,77,Maison,163,7,500,2023
775000,77700,MAGNY-LE-HONGRE,77,Maison,163,7,146,2023
345000,77450,ISLES-LES-VILLENOY,77,Maison,89,5,500,2023
345000,77450,ISLES-LES-VILLENOY,77,Maison,89,5,300,2023
476000,77450,MONTRY,77,Maison,121,4,500,2023
476000,77450,MONTRY,77,Maison,121,4,46,2023
447000,77440,ARMENTIERES-EN-BRIE,77,Maison,134,7,1027,2023
447000,77440,ARMENTIERES-EN-BRIE,77,Maison,134,7,500,2023
229000,77370,NANGIS,77,Maison,97,5,458,2023
289900,77360,VAIRES SUR MARNE,77,Maison,50,3,505,2023
560000,77450,ISLES-LES-VILLENOY,77,Maison,162,5,500,2023
560000,77450,ISLES-LES-VILLENOY,77,Maison,162,5,1500,2023
524000,77420,CHAMPS-SUR-MARNE,77,Appartement,26,1,525,2023
524000,77420,CHAMPS-SUR-MARNE,77,Appartement,63,3,525,2023
524000,77420,CHAMPS-SUR-MARNE,77,Dépendance,0,0,525,2023
524000,77420,CHAMPS-SUR-MARNE,77,Appartement,25,1,525,2023
524000,77420,CHAMPS-SUR-MARNE,77,Appartement,53,2,525,2023
215000,77163,TIGEAUX,77,Maison,88,3,500,2023
215000,77163,TIGEAUX,77,Maison,88,3,193,2023
449000,77500,CHELLES,77,Maison,125,5,373,2023
449000,77500,CHELLES,77,Dépendance,0,0,373,2023
402470,77124,CHAUCONIN-NEUFMONTIERS,77,Maison,163,5,576,2023
494000,77500,CHELLES,77,Dépendance,0,0,525,2023
494000,77500,CHELLES,77,Maison,111,5,525,2023
427000,77500,CHELLES,77,Dépendance,0,0,474,2023
427000,77500,CHELLES,77,Maison,134,5,474,2023
205000,77120,BEAUTHEIL-SAINTS,77,Dépendance,0,0,506,2023
205000,77120,BEAUTHEIL-SAINTS,77,Maison,96,6,506,2023
345000,77580,CRECY LA CHAPELLE,77,Dépendance,0,0,869,2023
345000,77580,CRECY LA CHAPELLE,77,Dépendance,0,0,500,2023
345000,77580,CRECY LA CHAPELLE,77,Maison,140,5,500,2023
345000,77580,CRECY LA CHAPELLE,77,Maison,140,5,869,2023
280000,77450,ESBLY,77,Maison,96,4,511,2023
635500,77700,BAILLY-ROMAINVILLIERS,77,Maison,132,5,92,2023
635500,77700,BAILLY-ROMAINVILLIERS,77,Maison,132,5,500,2023
280000,77970,BANNOST-VILLEGAGNON,77,Maison,137,4,800,2023
313000,77600,CONCHES SUR GONDOIRE,77,Dépendance,0,0,143,2023
313000,77600,CONCHES SUR GONDOIRE,77,Dépendance,0,0,500,2023
313000,77600,CONCHES SUR GONDOIRE,77,Maison,135,6,143,2023
313000,77600,CONCHES SUR GONDOIRE,77,Maison,135,6,500,2023
350000,77400,LAGNY-SUR-MARNE,77,Maison,69,5,500,2023
350000,77400,LAGNY-SUR-MARNE,77,Maison,69,5,272,2023
555400,77500,CHELLES,77,Maison,45,2,575,2023
390000,77420,CHAMPS-SUR-MARNE,77,Maison,85,4,246,2023
320000,77169,BOISSY-LE-CHATEL,77,Dépendance,0,0,718,2023
320000,77169,BOISSY-LE-CHATEL,77,Maison,135,6,718,2023
240000,77320,CHEVRU,77,Maison,90,5,434,2023
51000,77320,FERTE-GAUCHER (LA),77,Local industriel. commercial ou assimilé,28,0,31,2023
400000,77100,MEAUX,77,Maison,144,6,110,2023
300000,77131,PEZARCHES,77,Maison,140,5,716,2023
300000,77131,PEZARCHES,77,Maison,140,5,500,2023
169000,77970,BANNOST-VILLEGAGNON,77,Maison,82,3,370,2023
169000,77970,BANNOST-VILLEGAGNON,77,Maison,82,3,4600,2023
169000,77970,BANNOST-VILLEGAGNON,77,Dépendance,0,0,817,2023
260000,77580,BOULEURS,77,Dépendance,0,0,1173,2023
260000,77580,BOULEURS,77,Maison,76,4,1173,2023
440000,77420,CHAMPS-SUR-MARNE,77,Maison,75,4,466,2023
299000,77100,MAREUIL-LES-MEAUX,77,Maison,136,5,122,2023
443800,77120,GIREMOUTIERS,77,Maison,141,5,500,2023
360000,77860,QUINCY-VOISINS,77,Maison,116,5,554,2023
300000,77515,SAINT-AUGUSTIN,77,Dépendance,0,0,490,2023
300000,77515,SAINT-AUGUSTIN,77,Maison,150,5,490,2023
364850,77580,VAUCOURTOIS,77,Maison,133,3,500,2023
321500,77500,CHELLES,77,Maison,135,5,426,2023
321500,77500,CHELLES,77,Dépendance,0,0,426,2023
329000,77124,CREGY-LES-MEAUX,77,Dépendance,0,0,390,2023
329000,77124,CREGY-LES-MEAUX,77,Maison,118,3,390,2023
307400,77124,VILLENOY,77,Maison,85,4,286,2023
356331,77410,CLAYE-SOUILLY,77,Maison,69,3,243,2023
279650,77124,CREGY-LES-MEAUX,77,Maison,75,4,263,2023
415750,77400,THORIGNY SUR MARNE,77,Maison,115,4,465,2023
1425000,77100,MEAUX,77,Local industriel. commercial ou assimilé,900,0,2060,2023
1425000,77100,MEAUX,77,Local industriel. commercial ou assimilé,871,0,1067,2023
347000,77610,HOUSSAYE-EN-BRIE (LA),77,Dépendance,0,0,518,2023
347000,77610,HOUSSAYE-EN-BRIE (LA),77,Maison,120,6,518,2023
640000,77144,MONTEVRAIN,77,Local industriel. commercial ou assimilé,265,0,285,2023
640000,77144,MONTEVRAIN,77,Maison,90,4,285,2023
258000,77100,MEAUX,77,Dépendance,0,0,475,2023
258000,77100,MEAUX,77,Maison,71,4,475,2023
250000,77290,MITRY MORY,77,Dépendance,0,0,403,2023
250000,77290,MITRY MORY,77,Maison,50,3,403,2023
365000,77610,NEUFMOUTIERS-EN-BRIE,77,Maison,122,6,339,2023
91000,77510,VILLENEUVE-SUR-BELLOT,77,Maison,153,6,199,2023
268850,77470,TRILPORT,77,Dépendance,0,0,843,2023
268850,77470,TRILPORT,77,Maison,75,4,843,2023
353000,77124,VILLENOY,77,Maison,110,4,459,2023
86000,77260,LA FERTE SOUS JOUARRE,77,Maison,43,3,40,2023
181000,77840,CROUY-SUR-OURCQ,77,Maison,69,3,500,2023
181000,77840,CROUY-SUR-OURCQ,77,Maison,69,3,205,2023
295000,77450,CONDE-SAINTE-LIBIAIRE,77,Maison,102,5,587,2023
295000,77450,CONDE-SAINTE-LIBIAIRE,77,Maison,102,5,500,2023
230000,77730,SAACY-SUR-MARNE,77,Local industriel. commercial ou assimilé,100,0,472,2023
230000,77730,SAACY-SUR-MARNE,77,Maison,89,5,472,2023
230000,77730,SAACY-SUR-MARNE,77,Dépendance,0,0,472,2023
178000,77470,TRILPORT,77,Dépendance,0,0,76,2023
178000,77470,TRILPORT,77,Appartement,62,3,76,2023
280000,77510,DOUE,77,Maison,108,5,164,2023
280000,77510,DOUE,77,Maison,108,5,500,2023
837560,77270,VILLEPARISIS,77,Maison,172,5,458,2023
837560,77270,VILLEPARISIS,77,Dépendance,0,0,458,2023
314000,77260,LA FERTE SOUS JOUARRE,77,Local industriel. commercial ou assimilé,193,0,298,2023
190000,77260,SAMMERON,77,Appartement,79,4,165,2023
190000,77260,SAMMERON,77,Dépendance,0,0,165,2023
310000,77270,VILLEPARISIS,77,Maison,100,5,376,2023
310000,77270,VILLEPARISIS,77,Dépendance,0,0,376,2023
238000,77270,VILLEPARISIS,77,Maison,86,4,103,2023
365000,77860,QUINCY-VOISINS,77,Maison,110,5,810,2023
365000,77860,QUINCY-VOISINS,77,Maison,110,5,500,2023
399000,77610,CREVECOEUR-EN-BRIE,77,Maison,132,5,500,2023
399000,77610,CREVECOEUR-EN-BRIE,77,Maison,132,5,134,2023
460800,77700,COUPVRAY,77,Maison,109,5,561,2023
149900,77510,REBAIS,77,Maison,75,3,54,2023
367000,77100,MEAUX,77,Maison,115,6,511,2023
367000,77100,MEAUX,77,Dépendance,0,0,511,2023
195200,77580,GUERARD,77,Maison,55,3,55,2023
280000,77260,LA FERTE SOUS JOUARRE,77,Maison,64,3,245,2023
280000,77260,LA FERTE SOUS JOUARRE,77,Dépendance,0,0,245,2023
208000,77171,CHALAUTRE-LA-GRANDE,77,Maison,153,7,820,2023
200000,77450,CONDE-SAINTE-LIBIAIRE,77,Dépendance,0,0,643,2023
200000,77450,CONDE-SAINTE-LIBIAIRE,77,Maison,110,6,643,2023
177000,77320,BETON-BAZOCHES,77,Maison,107,4,451,2023
177000,77320,BETON-BAZOCHES,77,Dépendance,0,0,451,2023
372000,77450,MONTRY,77,Maison,147,6,500,2023
372000,77450,MONTRY,77,Maison,147,6,844,2023
329000,77181,COURTRY,77,Maison,87,4,483,2023
580000,77910,GERMIGNY-L EVEQUE,77,Maison,170,4,538,2023
580000,77910,GERMIGNY-L EVEQUE,77,Dépendance,0,0,538,2023
580000,77910,GERMIGNY-L EVEQUE,77,Dépendance,0,0,36,2023
143000,77700,COUPVRAY,77,Dépendance,0,0,58,2023
143000,77700,COUPVRAY,77,Maison,27,1,58,2023
174000,77118,BAZOCHES LES BRAY,77,Dépendance,0,0,557,2023
174000,77118,BAZOCHES LES BRAY,77,Maison,80,3,557,2023
285500,77750,SAINT-CYR-SUR-MORIN,77,Maison,180,5,100,2023
285500,77750,SAINT-CYR-SUR-MORIN,77,Dépendance,0,0,100,2023
285500,77750,SAINT-CYR-SUR-MORIN,77,Dépendance,0,0,41,2023
388000,77400,THORIGNY SUR MARNE,77,Local industriel. commercial ou assimilé,25,0,22,2023
388000,77400,THORIGNY SUR MARNE,77,Maison,101,6,500,2023
388000,77400,THORIGNY SUR MARNE,77,Maison,101,6,22,2023
388000,77400,THORIGNY SUR MARNE,77,Local industriel. commercial ou assimilé,25,0,500,2023
170000,77480,SAINT-SAUVEUR-LES-BRAY,77,Dépendance,0,0,441,2023
170000,77480,SAINT-SAUVEUR-LES-BRAY,77,Maison,70,4,441,2023
277030,77450,CONDE-SAINTE-LIBIAIRE,77,Dépendance,0,0,205,2023
277030,77450,CONDE-SAINTE-LIBIAIRE,77,Maison,77,5,205,2023
405000,77200,TORCY,77,Maison,81,4,549,2023
8600000,77600,BUSSY-SAINT-GEORGES,77,Local industriel. commercial ou assimilé,2792,0,6055,2023
2500000,77100,MEAUX,77,Local industriel. commercial ou assimilé,507,0,2254,2023
2500000,77100,MEAUX,77,Local industriel. commercial ou assimilé,505,0,2254,2023
379500,77400,LAGNY-SUR-MARNE,77,Maison,99,4,311,2023
193000,77120,MOUROUX,77,Maison,65,4,550,2023
193000,77120,MOUROUX,77,Dépendance,0,0,550,2023
875000,77400,POMPONNE,77,Dépendance,0,0,1000,2023
875000,77400,POMPONNE,77,Maison,350,7,3131,2023
875000,77400,POMPONNE,77,Dépendance,0,0,3131,2023
875000,77400,POMPONNE,77,Maison,350,7,1000,2023
297000,77120,MOUROUX,77,Maison,120,3,410,2023
297000,77120,MOUROUX,77,Dépendance,0,0,410,2023
300000,77290,MITRY MORY,77,Local industriel. commercial ou assimilé,30,0,401,2023
300000,77290,MITRY MORY,77,Maison,150,9,401,2023
443000,77400,THORIGNY SUR MARNE,77,Maison,195,4,500,2023
443000,77400,THORIGNY SUR MARNE,77,Maison,195,4,278,2023
443000,77400,THORIGNY SUR MARNE,77,Dépendance,0,0,500,2023
443000,77400,THORIGNY SUR MARNE,77,Dépendance,0,0,278,2023
125000,77120,MOUROUX,77,Maison,100,5,606,2023
477350,77500,CHELLES,77,Maison,134,5,445,2023
477350,77500,CHELLES,77,Dépendance,0,0,445,2023
583500,77580,CRECY LA CHAPELLE,77,Maison,190,7,552,2023
583500,77580,CRECY LA CHAPELLE,77,Dépendance,0,0,552,2023
583500,77580,CRECY LA CHAPELLE,77,Dépendance,0,0,181,2023
290000,77230,MOUSSY-LE-NEUF,77,Dépendance,0,0,288,2023
290000,77230,MOUSSY-LE-NEUF,77,Maison,83,5,288,2023
150000,77163,DAMMARTIN-SUR-TIGEAUX,77,Maison,71,2,74,2023
286000,77860,QUINCY-VOISINS,77,Maison,99,5,88,2023
151000,77750,BOITRON,77,Maison,145,4,413,2023
151000,77750,BOITRON,77,Dépendance,0,0,413,2023
11000,77320,FERTE-GAUCHER (LA),77,Dépendance,0,0,38,2023
113000,77160,ROUILLY,77,Dépendance,0,0,151,2023
320000,77178,SAINT-PATHUS,77,Maison,149,6,699,2023
170000,77650,SOISY-BOUY,77,Dépendance,0,0,435,2023
170000,77650,SOISY-BOUY,77,Dépendance,0,0,674,2023
170000,77650,SOISY-BOUY,77,Maison,88,5,674,2023
170000,77650,SOISY-BOUY,77,Maison,88,5,435,2023
280000,77290,MITRY MORY,77,Maison,60,3,342,2023
367700,77280,OTHIS,77,Dépendance,0,0,437,2023
367700,77280,OTHIS,77,Maison,116,6,437,2023
272000,77124,CREGY-LES-MEAUX,77,Dépendance,0,0,201,2023
272000,77124,CREGY-LES-MEAUX,77,Maison,90,5,201,2023
43535,77580,GUERARD,77,Maison,40,2,320,2023
340000,77860,QUINCY-VOISINS,77,Dépendance,0,0,343,2023
340000,77860,QUINCY-VOISINS,77,Maison,102,4,343,2023
321200,77910,CHAMBRY,77,Maison,116,5,555,2023
345000,77580,BOULEURS,77,Maison,102,4,375,2023
362630,77100,MEAUX,77,Maison,115,5,57,2023
362630,77100,MEAUX,77,Maison,115,5,500,2023
251800,77450,ESBLY,77,Dépendance,0,0,150,2023
251800,77450,ESBLY,77,Maison,51,3,150,2023
115500,77440,CONGIS-SUR-THEROUANNE,77,Dépendance,0,0,720,2023
115500,77440,CONGIS-SUR-THEROUANNE,77,Maison,94,4,720,2023
290000,77230,MOUSSY-LE-NEUF,77,Maison,84,5,391,2023
252000,77500,CHELLES,77,Maison,65,3,611,2023
252000,77500,CHELLES,77,Dépendance,0,0,611,2023
349550,77280,OTHIS,77,Maison,89,4,530,2023
267500,77165,SAINT-SOUPPLETS,77,Maison,91,5,278,2023
267500,77165,SAINT-SOUPPLETS,77,Dépendance,0,0,278,2023
296110,77370,NANGIS,77,Maison,111,5,507,2023
230000,77660,CHANGIS-SUR-MARNE,77,Maison,82,4,152,2023
230000,77660,CHANGIS-SUR-MARNE,77,Dépendance,0,0,152,2023
415000,77520,MONTIGNY-LENCOUP,77,Maison,198,7,3807,2023
415000,77520,MONTIGNY-LENCOUP,77,Dépendance,0,0,3807,2023
210000,77320,FRETOY,77,Maison,64,3,574,2023
70000,77118,BAZOCHES LES BRAY,77,Maison,75,4,401,2023
70000,77118,BAZOCHES LES BRAY,77,Maison,75,4,500,2023
280000,77290,MITRY MORY,77,Maison,50,3,548,2023
380000,77500,CHELLES,77,Maison,95,6,490,2023
265000,77178,SAINT-PATHUS,77,Maison,103,5,533,2023
365000,77120,COULOMMIERS,77,Maison,95,6,558,2023
200000,77124,CHAUCONIN-NEUFMONTIERS,77,Maison,90,4,348,2023
200000,77124,CHAUCONIN-NEUFMONTIERS,77,Dépendance,0,0,348,2023
440000,77500,CHELLES,77,Maison,116,5,533,2023
585000,77260,LA FERTE SOUS JOUARRE,77,Maison,158,6,771,2023
585000,77260,LA FERTE SOUS JOUARRE,77,Dépendance,0,0,771,2023
117243,77610,FONTENAY-TRESIGNY,77,Maison,84,4,208,2023
410000,77200,TORCY,77,Maison,77,4,500,2023
410000,77200,TORCY,77,Maison,77,4,137,2023
369000,77178,SAINT-PATHUS,77,Maison,130,6,500,2023
330000,77178,SAINT-PATHUS,77,Maison,102,6,109,2023
330000,77178,SAINT-PATHUS,77,Maison,102,6,500,2023
110000,77650,JUTIGNY,77,Maison,67,2,321,2023
110000,77650,JUTIGNY,77,Dépendance,0,0,321,2023
348000,77178,SAINT-PATHUS,77,Maison,67,5,77,2023
60000,77480,MOUSSEAUX-LES-BRAY,77,Dépendance,0,0,139,2023
371500,77260,REUIL-EN-BRIE,77,Maison,143,7,1000,2023
371500,77260,REUIL-EN-BRIE,77,Maison,143,7,500,2023
335000,77270,VILLEPARISIS,77,Maison,62,3,450,2023
398000,77400,THORIGNY SUR MARNE,77,Maison,108,6,468,2023
577000,77600,BUSSY-SAINT-GEORGES,77,Maison,118,5,500,2023
577000,77600,BUSSY-SAINT-GEORGES,77,Maison,118,5,148,2023
198000,77169,SAINT-SIMEON,77,Maison,130,4,959,2023
198000,77169,SAINT-SIMEON,77,Maison,130,4,250,2023
530750,77860,COUILLY-PONT-AUX-DAMES,77,Maison,90,5,500,2023
530750,77860,COUILLY-PONT-AUX-DAMES,77,Maison,90,5,922,2023
286000,77163,DAMMARTIN-SUR-TIGEAUX,77,Maison,79,4,553,2023
286000,77163,DAMMARTIN-SUR-TIGEAUX,77,Dépendance,0,0,553,2023
135000,77640,JOUARRE,77,Dépendance,0,0,152,2023
135000,77640,JOUARRE,77,Maison,80,4,152,2023
225000,77138,LUZANCY,77,Maison,73,3,500,2023
225000,77138,LUZANCY,77,Maison,73,3,875,2023
150000,77126,CHATENAY-SUR-SEINE,77,Dépendance,0,0,641,2023
150000,77126,CHATENAY-SUR-SEINE,77,Maison,78,5,641,2023
659000,77700,SERRIS,77,Maison,244,9,656,2023
429000,77280,OTHIS,77,Maison,113,5,422,2023
257000,77260,REUIL-EN-BRIE,77,Dépendance,0,0,1213,2023
257000,77260,REUIL-EN-BRIE,77,Maison,104,4,1213,2023
257000,77260,REUIL-EN-BRIE,77,Maison,104,4,500,2023
257000,77260,REUIL-EN-BRIE,77,Dépendance,0,0,500,2023
383681,77139,MARCILLY,77,Maison,136,5,400,2023
475250,77400,THORIGNY SUR MARNE,77,Dépendance,0,0,280,2023
475250,77400,THORIGNY SUR MARNE,77,Maison,135,5,500,2023
475250,77400,THORIGNY SUR MARNE,77,Maison,135,5,280,2023
475250,77400,THORIGNY SUR MARNE,77,Dépendance,0,0,500,2023
70000,77660,SAINT JEAN LES DEUX JUMEAUX,77,Dépendance,0,0,254,2023
346460,77230,MOUSSY-LE-NEUF,77,Maison,101,4,357,2023
369000,77410,FRESNES-SUR-MARNE,77,Maison,94,4,263,2023
440000,77500,CHELLES,77,Maison,105,5,461,2023
420600,77400,THORIGNY SUR MARNE,77,Maison,143,5,500,2023
420600,77400,THORIGNY SUR MARNE,77,Maison,143,5,148,2023
89172,77124,CHAUCONIN-NEUFMONTIERS,77,Maison,100,4,112,2023
350000,77181,LE PIN,77,Maison,72,4,335,2023
500000,77700,SERRIS,77,Maison,115,5,456,2023
500000,77700,SERRIS,77,Dépendance,0,0,456,2023
285000,77171,SOURDUN,77,Maison,166,6,832,2023
195000,77520,DONNEMARIE-DONTILLY,77,Dépendance,0,0,388,2023
195000,77520,DONNEMARIE-DONTILLY,77,Maison,110,2,388,2023
332500,77100,MAREUIL-LES-MEAUX,77,Maison,118,6,400,2023
222000,77126,CHATENAY-SUR-SEINE,77,Maison,99,4,702,2023
345100,77100,NANTEUIL-LES-MEAUX,77,Dépendance,0,0,458,2023
345100,77100,NANTEUIL-LES-MEAUX,77,Maison,123,6,458,2023
255000,77580,VILLIERS-SUR-MORIN,77,Maison,49,3,169,2023
410000,77860,COUILLY-PONT-AUX-DAMES,77,Maison,103,4,300,2023
410000,77860,COUILLY-PONT-AUX-DAMES,77,Maison,103,4,500,2023
455000,77100,NANTEUIL-LES-MEAUX,77,Maison,40,1,62,2023
455000,77100,NANTEUIL-LES-MEAUX,77,Maison,130,4,500,2023
455000,77100,NANTEUIL-LES-MEAUX,77,Maison,130,4,62,2023
455000,77100,NANTEUIL-LES-MEAUX,77,Maison,40,1,500,2023
239000,77450,MONTRY,77,Dépendance,0,0,290,2023
239000,77450,MONTRY,77,Maison,64,3,290,2023
468480,77260,USSY-SUR-MARNE,77,Dépendance,0,0,1395,2023
468480,77260,USSY-SUR-MARNE,77,Appartement,89,3,1395,2023
468480,77260,USSY-SUR-MARNE,77,Appartement,76,4,1395,2023
468480,77260,USSY-SUR-MARNE,77,Appartement,56,3,1395,2023
468480,77260,USSY-SUR-MARNE,77,Appartement,70,3,1395,2023
468480,77260,USSY-SUR-MARNE,77,Appartement,57,3,1395,2023
468480,77260,USSY-SUR-MARNE,77,Maison,150,5,419,2023
468480,77260,USSY-SUR-MARNE,77,Local industriel. commercial ou assimilé,162,0,419,2023
110000,77260,REUIL-EN-BRIE,77,Maison,92,5,65,2023
393000,77540,LUMIGNY NESLES ORMEAUX,77,Maison,130,4,1229,2023
393000,77540,LUMIGNY NESLES ORMEAUX,77,Dépendance,0,0,1229,2023
393000,77540,LUMIGNY NESLES ORMEAUX,77,Dépendance,0,0,300,2023
393000,77540,LUMIGNY NESLES ORMEAUX,77,Maison,130,4,300,2023
298700,77580,BOULEURS,77,Maison,80,4,386,2023
150000,77160,SAINT-BRICE,77,Maison,89,4,500,2023
150000,77160,SAINT-BRICE,77,Maison,89,4,1458,2023
245300,77750,SAINT-CYR-SUR-MORIN,77,Maison,80,4,429,2023
270000,77860,COUILLY-PONT-AUX-DAMES,77,Dépendance,0,0,314,2023
270000,77860,COUILLY-PONT-AUX-DAMES,77,Maison,120,4,314,2023
185000,77260,SAINTE-AULDE,77,Maison,74,4,193,2023
185000,77260,SAINTE-AULDE,77,Dépendance,0,0,193,2023
309500,77320,LESCHEROLLES,77,Maison,140,4,283,2023
309500,77320,LESCHEROLLES,77,Dépendance,0,0,283,2023
278300,77515,POMMEUSE,77,Dépendance,0,0,64,2023
278300,77515,POMMEUSE,77,Maison,52,2,64,2023
278300,77515,POMMEUSE,77,Dépendance,0,0,174,2023
278300,77515,POMMEUSE,77,Dépendance,0,0,36,2023
280000,77580,SANCY-LES-MEAUX,77,Maison,61,3,512,2023
1075000,77183,CROISSY-BEAUBOURG,77,Maison,168,5,5500,2023
1075000,77183,CROISSY-BEAUBOURG,77,Maison,77,3,5500,2023
1075000,77183,CROISSY-BEAUBOURG,77,Maison,168,5,366,2023
1075000,77183,CROISSY-BEAUBOURG,77,Maison,77,3,366,2023
385000,77700,BAILLY-ROMAINVILLIERS,77,Dépendance,0,0,398,2023
385000,77700,BAILLY-ROMAINVILLIERS,77,Maison,123,5,398,2023
379660,77100,MAREUIL-LES-MEAUX,77,Maison,115,5,500,2023
379660,77100,MAREUIL-LES-MEAUX,77,Maison,115,5,313,2023
575000,77500,CHELLES,77,Dépendance,0,0,520,2023
575000,77500,CHELLES,77,Maison,101,5,520,2023
220000,77420,CHAMPS-SUR-MARNE,77,Maison,67,4,462,2023
220000,77420,CHAMPS-SUR-MARNE,77,Dépendance,0,0,462,2023
270000,77230,VILLENEUVE SOUS DAMMARTIN,77,Maison,112,4,54,2023
1300000,77515,POMMEUSE,77,Local industriel. commercial ou assimilé,199,0,8801,2023
1300000,77515,POMMEUSE,77,Local industriel. commercial ou assimilé,96,0,8801,2023
1300000,77515,POMMEUSE,77,Local industriel. commercial ou assimilé,10,0,8801,2023
1300000,77515,POMMEUSE,77,Local industriel. commercial ou assimilé,24,0,8801,2023
1300000,77515,POMMEUSE,77,Local industriel. commercial ou assimilé,31,0,8801,2023
1300000,77515,POMMEUSE,77,Local industriel. commercial ou assimilé,13,0,8801,2023
1300000,77515,POMMEUSE,77,Local industriel. commercial ou assimilé,58,0,8801,2023
1300000,77515,POMMEUSE,77,Local industriel. commercial ou assimilé,1850,0,8801,2023
275000,77515,SAINT-AUGUSTIN,77,Maison,142,6,156,2023
275000,77515,SAINT-AUGUSTIN,77,Dépendance,0,0,156,2023
342900,77515,SAINT-AUGUSTIN,77,Maison,207,7,384,2023
263620,77515,SAINT-AUGUSTIN,77,Maison,111,5,250,2023
255000,77860,QUINCY-VOISINS,77,Maison,62,2,168,2023
145000,77320,MEILLERAY,77,Maison,79,3,1648,2023
145000,77320,MEILLERAY,77,Dépendance,0,0,407,2023
145000,77320,MEILLERAY,77,Maison,79,3,407,2023
145000,77320,MEILLERAY,77,Dépendance,0,0,1648,2023
268000,77970,JOUY-LE-CHATEL,77,Maison,125,5,167,2023
268000,77970,JOUY-LE-CHATEL,77,Maison,125,5,500,2023
220000,77480,BRAY-SUR-SEINE,77,Appartement,56,2,79,2023
220000,77480,BRAY-SUR-SEINE,77,Dépendance,0,0,79,2023
220000,77480,BRAY-SUR-SEINE,77,Appartement,44,2,79,2023
324300,77124,VILLENOY,77,Maison,75,4,517,2023
290000,77230,MOUSSY-LE-NEUF,77,Dépendance,0,0,250,2023
290000,77230,MOUSSY-LE-NEUF,77,Maison,83,5,250,2023
242000,77840,GERMIGNY-SOUS-COULOMBS,77,Maison,84,3,800,2023
242000,77840,GERMIGNY-SOUS-COULOMBS,77,Maison,84,3,500,2023
285000,77410,CLAYE-SOUILLY,77,Maison,72,4,392,2023
321758,77270,VILLEPARISIS,77,Maison,100,4,257,2023
300000,77410,CLAYE-SOUILLY,77,Maison,70,4,713,2023
515000,77400,LAGNY-SUR-MARNE,77,Maison,99,4,327,2023
515000,77400,LAGNY-SUR-MARNE,77,Dépendance,0,0,327,2023
263000,77370,MAISON-ROUGE,77,Maison,140,5,600,2023
500000,77410,CLAYE-SOUILLY,77,Maison,110,5,695,2023
500000,77410,CLAYE-SOUILLY,77,Dépendance,0,0,695,2023
240000,77169,SAINT-SIMEON,77,Maison,105,4,320,2023
331150,77580,CRECY LA CHAPELLE,77,Dépendance,0,0,564,2023
331150,77580,CRECY LA CHAPELLE,77,Maison,110,4,564,2023
191814,77520,GURCY-LE-CHATEL,77,Maison,132,4,447,2023
175000,77370,NANGIS,77,Maison,75,4,265,2023
175000,77370,NANGIS,77,Dépendance,0,0,265,2023
330634,77400,THORIGNY SUR MARNE,77,Maison,107,6,500,2023
330634,77400,THORIGNY SUR MARNE,77,Maison,107,6,312,2023
149000,77540,ROZAY-EN-BRIE,77,Maison,42,2,96,2023
289450,77370,NANGIS,77,Maison,143,7,589,2023
275000,77860,SAINT-GERMAIN-SUR-MORIN,77,Dépendance,0,0,47,2023
275000,77860,SAINT-GERMAIN-SUR-MORIN,77,Maison,58,2,47,2023
445000,77860,SAINT-GERMAIN-SUR-MORIN,77,Dépendance,0,0,504,2023
445000,77860,SAINT-GERMAIN-SUR-MORIN,77,Maison,138,6,504,2023
235000,77100,NANTEUIL-LES-MEAUX,77,Maison,90,4,504,2023
280000,77131,TOUQUIN,77,Dépendance,0,0,363,2023
280000,77131,TOUQUIN,77,Maison,155,5,363,2023
486000,77420,CHAMPS-SUR-MARNE,77,Maison,85,5,270,2023
352500,77970,JOUY-LE-CHATEL,77,Maison,60,3,681,2023
352500,77970,JOUY-LE-CHATEL,77,Dépendance,0,0,681,2023
300000,77400,LAGNY-SUR-MARNE,77,Dépendance,0,0,504,2023
300000,77400,LAGNY-SUR-MARNE,77,Maison,80,4,504,2023
230000,77169,BOISSY-LE-CHATEL,77,Maison,99,5,250,2023
230000,77169,BOISSY-LE-CHATEL,77,Maison,99,5,540,2023
299000,77124,CREGY-LES-MEAUX,77,Maison,92,4,452,2023
185000,77510,HONDEVILLIERS,77,Maison,111,5,222,2023
185000,77510,HONDEVILLIERS,77,Dépendance,0,0,222,2023
96000,77290,MITRY MORY,77,Appartement,29,2,43,2023
100000,77580,GUERARD,77,Maison,104,3,500,2023
100000,77580,GUERARD,77,Maison,104,3,300,2023
294500,77165,SAINT-SOUPPLETS,77,Maison,120,5,230,2023
369000,77360,VAIRES SUR MARNE,77,Maison,65,4,551,2023
369000,77360,VAIRES SUR MARNE,77,Dépendance,0,0,551,2023
128000,77260,LA FERTE SOUS JOUARRE,77,Maison,93,5,95,2023
128000,77260,LA FERTE SOUS JOUARRE,77,Dépendance,0,0,95,2023
395000,77700,BAILLY-ROMAINVILLIERS,77,Maison,87,5,475,2023
3000,77510,SAINT-DENIS-LES-REBAIS,77,Dépendance,0,0,500,2023
3000,77510,SAINT-DENIS-LES-REBAIS,77,Dépendance,0,0,509,2023
360000,77230,DAMMARTIN-EN-GOELE,77,Maison,108,6,352,2023
360000,77230,DAMMARTIN-EN-GOELE,77,Dépendance,0,0,352,2023
18000,77160,PROVINS,77,Dépendance,0,0,34,2023
346000,77700,COUPVRAY,77,Maison,95,5,640,2023
450000,77580,VOULANGIS,77,Maison,90,5,500,2023
450000,77580,VOULANGIS,77,Dépendance,0,0,500,2023
450000,77580,VOULANGIS,77,Dépendance,0,0,652,2023
450000,77580,VOULANGIS,77,Maison,90,5,652,2023
210000,77126,CHATENAY-SUR-SEINE,77,Maison,93,4,300,2023
210000,77126,CHATENAY-SUR-SEINE,77,Maison,93,4,378,2023
210000,77126,CHATENAY-SUR-SEINE,77,Dépendance,0,0,378,2023
210000,77126,CHATENAY-SUR-SEINE,77,Dépendance,0,0,300,2023
175000,77520,DONNEMARIE-DONTILLY,77,Maison,65,5,69,2023
283000,77540,ROZAY-EN-BRIE,77,Maison,75,4,540,2023
140000,77510,BELLOT,77,Maison,75,3,219,2023
312000,77120,COULOMMIERS,77,Maison,88,4,567,2023
302000,77580,CRECY LA CHAPELLE,77,Maison,100,4,557,2023
225000,77169,CHAUFFRY,77,Maison,131,7,500,2023
225000,77169,CHAUFFRY,77,Maison,131,7,118,2023
360000,77290,MITRY MORY,77,Maison,119,5,310,2023
145000,77560,VILLIERS-SAINT-GEORGES,77,Maison,95,4,127,2023
125000,77515,POMMEUSE,77,Dépendance,0,0,8,2023
125000,77515,POMMEUSE,77,Maison,65,3,2227,2023
125000,77515,POMMEUSE,77,Dépendance,0,0,2227,2023
125000,77515,POMMEUSE,77,Maison,65,3,8,2023
350000,77580,BOULEURS,77,Maison,120,4,767,2023
435000,77400,LAGNY-SUR-MARNE,77,Maison,90,5,355,2023
370000,77500,CHELLES,77,Maison,100,4,500,2023
38500,77730,MERY-SUR-MARNE,77,Dépendance,0,0,146,2023
38500,77730,MERY-SUR-MARNE,77,Maison,60,3,146,2023
161500,77230,MOUSSY-LE-VIEUX,77,Maison,64,4,36,2023
800000,77100,MEAUX,77,Maison,396,13,886,2023
800000,77100,MEAUX,77,Dépendance,0,0,886,2023
800000,77100,MEAUX,77,Appartement,65,3,886,2023
2064000,77100,NANTEUIL-LES-MEAUX,77,Local industriel. commercial ou assimilé,2245,0,4000,2023
384100,77163,DAMMARTIN-SUR-TIGEAUX,77,Maison,107,5,250,2023
384100,77163,DAMMARTIN-SUR-TIGEAUX,77,Maison,107,5,726,2023
262500,77410,ANNET-SUR-MARNE,77,Maison,126,5,486,2023
262500,77410,ANNET-SUR-MARNE,77,Dépendance,0,0,486,2023
3034218,77163,DAMMARTIN-SUR-TIGEAUX,77,Dépendance,0,0,1320,2023
3034218,77163,DAMMARTIN-SUR-TIGEAUX,77,Maison,110,4,5072,2023
3034218,77163,DAMMARTIN-SUR-TIGEAUX,77,Local industriel. commercial ou assimilé,361,0,5072,2023
3034218,77163,DAMMARTIN-SUR-TIGEAUX,77,Maison,91,2,5072,2023
3034218,77163,DAMMARTIN-SUR-TIGEAUX,77,Dépendance,0,0,5072,2023
3034218,77163,DAMMARTIN-SUR-TIGEAUX,77,Maison,110,4,1320,2023
3034218,77163,DAMMARTIN-SUR-TIGEAUX,77,Local industriel. commercial ou assimilé,361,0,1320,2023
3034218,77163,DAMMARTIN-SUR-TIGEAUX,77,Maison,91,2,1320,2023
400000,77500,CHELLES,77,Dépendance,0,0,700,2023
400000,77500,CHELLES,77,Maison,51,3,700,2023
214000,77165,SAINT-SOUPPLETS,77,Maison,91,2,116,2023
24000,77100,NANTEUIL-LES-MEAUX,77,Dépendance,0,0,317,2023
365800,77400,LAGNY-SUR-MARNE,77,Dépendance,0,0,695,2023
365800,77400,LAGNY-SUR-MARNE,77,Maison,82,5,695,2023
8000,77100,MEAUX,77,Dépendance,0,0,15,2023
280000,77144,CHALIFERT,77,Maison,66,3,500,2023
280000,77144,CHALIFERT,77,Maison,66,3,73,2023
215000,77260,LA FERTE SOUS JOUARRE,77,Maison,105,6,544,2023
215000,77260,LA FERTE SOUS JOUARRE,77,Dépendance,0,0,544,2023
156000,77750,BUSSIERES,77,Maison,100,3,110,2023
156000,77750,BUSSIERES,77,Dépendance,0,0,110,2023
298000,77360,VAIRES SUR MARNE,77,Dépendance,0,0,422,2023
298000,77360,VAIRES SUR MARNE,77,Maison,82,5,422,2023
180000,77500,CHELLES,77,Maison,60,4,480,2023
140000,77730,SAACY-SUR-MARNE,77,Dépendance,0,0,369,2023
140000,77730,SAACY-SUR-MARNE,77,Appartement,30,2,369,2023
140000,77730,SAACY-SUR-MARNE,77,Appartement,56,2,369,2023
330000,77500,CHELLES,77,Maison,77,4,126,2023
330000,77500,CHELLES,77,Dépendance,0,0,16,2023
230000,77515,FAREMOUTIERS,77,Maison,147,5,454,2023
570000,77500,CHELLES,77,Maison,213,7,561,2023
449000,77500,CHELLES,77,Maison,103,5,440,2023
369000,77500,CHELLES,77,Maison,90,4,360,2023
350000,77360,VAIRES SUR MARNE,77,Maison,106,5,326,2023
310000,77450,ESBLY,77,Maison,117,5,458,2023
310000,77450,ESBLY,77,Maison,117,5,500,2023
315000,77181,COURTRY,77,Maison,97,5,233,2023
240410,77270,VILLEPARISIS,77,Maison,55,4,449,2023
240410,77270,VILLEPARISIS,77,Dépendance,0,0,449,2023
550000,77370,SAINT-JUST-EN-BRIE,77,Maison,95,3,1240,2023
550000,77370,SAINT-JUST-EN-BRIE,77,Maison,110,4,1240,2023
550000,77370,SAINT-JUST-EN-BRIE,77,Dépendance,0,0,1240,2023
304000,77470,TRILPORT,77,Maison,95,5,454,2023
224000,77145,MAY-EN-MULTIEN,77,Maison,98,5,435,2023
400000,77410,VILLEVAUDE,77,Maison,173,5,500,2023
400000,77410,VILLEVAUDE,77,Maison,173,5,927,2023
285000,77470,TRILPORT,77,Maison,99,5,354,2023
58500,77650,LONGUEVILLE,77,Maison,58,3,163,2023
206990,77118,BALLOY,77,Maison,120,5,268,2023
206990,77118,BALLOY,77,Dépendance,0,0,268,2023
337500,77600,CONCHES SUR GONDOIRE,77,Maison,75,3,203,2023
370000,77144,MONTEVRAIN,77,Maison,40,2,53,2023
370000,77144,MONTEVRAIN,77,Dépendance,0,0,53,2023
200000,77660,CHANGIS-SUR-MARNE,77,Maison,54,4,500,2023
200000,77660,CHANGIS-SUR-MARNE,77,Maison,54,4,436,2023
583050,77400,POMPONNE,77,Dépendance,0,0,105,2023
583050,77400,POMPONNE,77,Maison,140,5,105,2023
285000,77500,CHELLES,77,Maison,60,3,318,2023
264000,77410,PRECY-SUR-MARNE,77,Dépendance,0,0,218,2023
264000,77410,PRECY-SUR-MARNE,77,Maison,98,6,218,2023
26790000,77100,MAREUIL-LES-MEAUX,77,Local industriel. commercial ou assimilé,2128,0,15322,2023
265000,77860,QUINCY-VOISINS,77,Maison,56,3,52,2023
265000,77860,QUINCY-VOISINS,77,Dépendance,0,0,52,2023
290000,77120,MAUPERTHUIS,77,Maison,124,4,281,2023
215000,77141,VAUDOY-EN-BRIE,77,Maison,82,4,211,2023
205000,77114,GOUAIX,77,Maison,36,2,457,2023
205000,77114,GOUAIX,77,Dépendance,0,0,457,2023
2000,77440,CONGIS-SUR-THEROUANNE,77,Maison,110,3,2400,2023
432960,77515,POMMEUSE,77,Dépendance,0,0,500,2023
432960,77515,POMMEUSE,77,Maison,193,6,1558,2023
432960,77515,POMMEUSE,77,Maison,193,6,500,2023
432960,77515,POMMEUSE,77,Dépendance,0,0,1558,2023
245000,77580,GUERARD,77,Maison,94,3,620,2023
245000,77580,GUERARD,77,Dépendance,0,0,620,2023
211000,77169,SAINT-SIMEON,77,Maison,110,5,289,2023
115000,77480,VILLENAUXE-LA-PETITE,77,Maison,65,3,874,2023
437400,77118,BAZOCHES LES BRAY,77,Maison,246,6,3780,2023
437400,77118,BAZOCHES LES BRAY,77,Maison,246,6,500,2023
242500,77320,BETON-BAZOCHES,77,Maison,72,3,199,2023
269000,77120,MOUROUX,77,Maison,91,4,314,2023
269000,77120,MOUROUX,77,Dépendance,0,0,314,2023
366000,77185,LOGNES,77,Maison,100,5,160,2023
89000,77260,USSY-SUR-MARNE,77,Dépendance,0,0,528,2023
600000,77600,BUSSY-SAINT-GEORGES,77,Maison,137,5,455,2023
314000,77440,LIZY-SUR-OURCQ,77,Maison,124,6,500,2023
314000,77440,LIZY-SUR-OURCQ,77,Maison,124,6,2353,2023
360000,77124,VILLENOY,77,Maison,121,5,340,2023
360000,77124,VILLENOY,77,Dépendance,0,0,500,2023
360000,77124,VILLENOY,77,Dépendance,0,0,340,2023
360000,77124,VILLENOY,77,Maison,121,5,500,2023
160000,77410,CLAYE-SOUILLY,77,Maison,70,3,362,2023
595000,77400,LAGNY-SUR-MARNE,77,Maison,116,4,189,2023
214000,77131,TOUQUIN,77,Dépendance,0,0,505,2023
214000,77131,TOUQUIN,77,Maison,90,3,505,2023
256000,77640,SIGNY-SIGNETS,77,Dépendance,0,0,185,2023
256000,77640,SIGNY-SIGNETS,77,Dépendance,0,0,500,2023
256000,77640,SIGNY-SIGNETS,77,Maison,82,4,185,2023
256000,77640,SIGNY-SIGNETS,77,Maison,82,4,500,2023
149000,77510,VILLENEUVE-SUR-BELLOT,77,Maison,109,5,82,2023
339300,77100,MEAUX,77,Maison,105,4,179,2023
105000,77171,LECHELLE,77,Maison,140,4,790,2023
105000,77171,LECHELLE,77,Dépendance,0,0,790,2023
100000,77169,SAINT-GERMAIN-SOUS-DOUE,77,Maison,104,5,613,2023
302000,77580,COUTEVROULT,77,Dépendance,0,0,65,2023
302000,77580,COUTEVROULT,77,Maison,78,3,65,2023
241000,77470,TRILPORT,77,Maison,65,3,500,2023
241000,77470,TRILPORT,77,Maison,65,3,137,2023
405000,77230,VILLENEUVE SOUS DAMMARTIN,77,Dépendance,0,0,500,2023
405000,77230,VILLENEUVE SOUS DAMMARTIN,77,Dépendance,0,0,145,2023
405000,77230,VILLENEUVE SOUS DAMMARTIN,77,Maison,71,2,500,2023
405000,77230,VILLENEUVE SOUS DAMMARTIN,77,Maison,71,2,145,2023
350000,77230,JUILLY,77,Maison,103,5,135,2023
350000,77230,JUILLY,77,Maison,103,5,500,2023
60000,77470,TRILPORT,77,Dépendance,0,0,51,2023
190000,77230,SAINT-MARD,77,Maison,60,4,40,2023
190000,77230,SAINT-MARD,77,Dépendance,0,0,36,2023
550000,77230,DAMMARTIN-EN-GOELE,77,Maison,144,5,454,2023
550000,77230,DAMMARTIN-EN-GOELE,77,Local industriel. commercial ou assimilé,145,0,454,2023
550000,77230,DAMMARTIN-EN-GOELE,77,Local industriel. commercial ou assimilé,60,0,191,2023
280000,77400,POMPONNE,77,Maison,101,5,513,2023
365000,77230,DAMMARTIN-EN-GOELE,77,Maison,120,5,500,2023
365000,77230,DAMMARTIN-EN-GOELE,77,Maison,120,5,65,2023
360000,77183,CROISSY-BEAUBOURG,77,Maison,95,4,448,2023
232000,77730,SAACY-SUR-MARNE,77,Dépendance,0,0,500,2023
232000,77730,SAACY-SUR-MARNE,77,Maison,75,5,635,2023
232000,77730,SAACY-SUR-MARNE,77,Maison,75,5,500,2023
232000,77730,SAACY-SUR-MARNE,77,Dépendance,0,0,635,2023
278000,77650,CHALMAISON,77,Dépendance,0,0,700,2023
278000,77650,CHALMAISON,77,Maison,82,5,700,2023
278000,77650,CHALMAISON,77,Dépendance,0,0,688,2023
278000,77650,CHALMAISON,77,Maison,82,5,688,2023
288000,77470,FUBLAINES,77,Maison,88,4,200,2023
288000,77470,FUBLAINES,77,Maison,88,4,500,2023
373000,77860,QUINCY-VOISINS,77,Maison,115,4,194,2023
373000,77860,QUINCY-VOISINS,77,Maison,115,4,500,2023
314500,77400,THORIGNY SUR MARNE,77,Maison,65,3,512,2023
314500,77400,THORIGNY SUR MARNE,77,Dépendance,0,0,512,2023
251000,77320,DAGNY,77,Maison,108,5,2242,2023
251000,77320,DAGNY,77,Maison,108,5,561,2023
280000,77730,SAACY-SUR-MARNE,77,Maison,151,6,500,2023
280000,77730,SAACY-SUR-MARNE,77,Maison,151,6,1226,2023
241500,77145,MAY-EN-MULTIEN,77,Maison,93,5,500,2023
241500,77145,MAY-EN-MULTIEN,77,Maison,93,5,34,2023
519500,77580,CRECY LA CHAPELLE,77,Dépendance,0,0,161,2023
519500,77580,CRECY LA CHAPELLE,77,Maison,153,5,161,2023
330000,77515,POMMEUSE,77,Maison,106,3,500,2023
330000,77515,POMMEUSE,77,Maison,106,3,2850,2023
272000,77120,AMILLIS,77,Maison,82,5,250,2023
272000,77120,AMILLIS,77,Maison,82,5,1450,2023
449000,77400,THORIGNY SUR MARNE,77,Maison,113,6,413,2023
586000,77124,PENCHARD,77,Maison,223,4,72,2023
586000,77124,PENCHARD,77,Dépendance,0,0,72,2023
490000,77410,FRESNES-SUR-MARNE,77,Maison,118,6,487,2023
200000,77510,VERDELOT,77,Maison,140,4,520,2023
200000,77510,VERDELOT,77,Dépendance,0,0,520,2023
326000,77400,LAGNY-SUR-MARNE,77,Maison,81,5,276,2023
320000,77860,SAINT-GERMAIN-SUR-MORIN,77,Local industriel. commercial ou assimilé,171,0,588,2023
311550,77165,SAINT-SOUPPLETS,77,Dépendance,0,0,600,2023
311550,77165,SAINT-SOUPPLETS,77,Maison,98,5,600,2023
136000,77370,CROIX-EN-BRIE (LA),77,Maison,70,3,93,2023
375000,77600,CHANTELOUP EN BRIE,77,Maison,86,5,174,2023
565000,77600,BUSSY-SAINT-GEORGES,77,Maison,128,5,431,2023
565000,77600,BUSSY-SAINT-GEORGES,77,Dépendance,0,0,431,2023
235000,77260,USSY-SUR-MARNE,77,Maison,121,4,178,2023
373000,77450,ESBLY,77,Maison,95,4,500,2023
373000,77450,ESBLY,77,Maison,95,4,188,2023
405000,77270,VILLEPARISIS,77,Maison,158,6,443,2023
350000,77260,LA FERTE SOUS JOUARRE,77,Dépendance,0,0,578,2023
350000,77260,LA FERTE SOUS JOUARRE,77,Appartement,40,2,578,2023
350000,77260,LA FERTE SOUS JOUARRE,77,Appartement,40,3,578,2023
350000,77260,LA FERTE SOUS JOUARRE,77,Appartement,58,3,578,2023
350000,77260,LA FERTE SOUS JOUARRE,77,Appartement,63,3,578,2023
350000,77260,LA FERTE SOUS JOUARRE,77,Appartement,102,3,578,2023
350000,77260,LA FERTE SOUS JOUARRE,77,Appartement,44,3,578,2023
350000,77260,LA FERTE SOUS JOUARRE,77,Appartement,48,2,578,2023
350000,77260,LA FERTE SOUS JOUARRE,77,Appartement,63,2,578,2023
350000,77260,LA FERTE SOUS JOUARRE,77,Local industriel. commercial ou assimilé,29,0,578,2023
350000,77260,LA FERTE SOUS JOUARRE,77,Local industriel. commercial ou assimilé,77,0,578,2023
152000,77260,LA FERTE SOUS JOUARRE,77,Maison,73,4,83,2023
483000,77500,CHELLES,77,Maison,116,6,97,2023
483000,77500,CHELLES,77,Maison,116,6,639,2023
290000,77500,CHELLES,77,Maison,80,3,254,2023
206000,77520,GURCY-LE-CHATEL,77,Maison,91,4,500,2023
310000,77160,CHALAUTRE-LA-PETITE,77,Dépendance,0,0,515,2023
310000,77160,CHALAUTRE-LA-PETITE,77,Maison,202,5,515,2023
415000,77410,CLAYE-SOUILLY,77,Maison,106,4,535,2023
415000,77410,CLAYE-SOUILLY,77,Dépendance,0,0,535,2023
415000,77410,CLAYE-SOUILLY,77,Maison,106,4,500,2023
415000,77410,CLAYE-SOUILLY,77,Dépendance,0,0,500,2023
350000,77230,DAMMARTIN-EN-GOELE,77,Maison,74,4,426,2023
420000,77500,CHELLES,77,Maison,82,4,388,2023
401000,77860,QUINCY-VOISINS,77,Maison,132,5,500,2023
401000,77860,QUINCY-VOISINS,77,Maison,132,5,229,2023
285500,77860,QUINCY-VOISINS,77,Maison,92,4,296,2023
270000,77165,SAINT-SOUPPLETS,77,Maison,75,4,278,2023
228050,77124,VILLENOY,77,Dépendance,0,0,12,2023
953383,77450,MONTRY,77,Dépendance,0,0,167,2023
953383,77450,MONTRY,77,Maison,290,7,167,2023
280000,77260,LA FERTE SOUS JOUARRE,77,Local industriel. commercial ou assimilé,210,0,228,2023
280000,77169,SAINT-SIMEON,77,Dépendance,0,0,250,2023
280000,77169,SAINT-SIMEON,77,Maison,110,4,1950,2023
280000,77169,SAINT-SIMEON,77,Dépendance,0,0,1950,2023
280000,77169,SAINT-SIMEON,77,Maison,110,4,250,2023
367000,77165,SAINT-SOUPPLETS,77,Maison,127,6,520,2023
367000,77165,SAINT-SOUPPLETS,77,Dépendance,0,0,520,2023
288000,77178,SAINT-PATHUS,77,Maison,86,4,502,2023
288000,77178,SAINT-PATHUS,77,Maison,86,4,500,2023
281000,77860,COUILLY-PONT-AUX-DAMES,77,Maison,74,5,670,2023
281000,77860,COUILLY-PONT-AUX-DAMES,77,Maison,74,5,500,2023
440060,77450,LESCHES,77,Maison,121,6,500,2023
440060,77450,LESCHES,77,Maison,121,6,119,2023
731500,77400,DAMPMART,77,Maison,184,6,473,2023
216650,77410,CLAYE-SOUILLY,77,Maison,75,3,109,2023
332550,77730,SAACY-SUR-MARNE,77,Maison,191,6,422,2023
208500,77145,MAY-EN-MULTIEN,77,Maison,88,5,100,2023
179000,77750,BUSSIERES,77,Maison,90,4,500,2023
179000,77750,BUSSIERES,77,Dépendance,0,0,500,2023
179000,77750,BUSSIERES,77,Dépendance,0,0,504,2023
179000,77750,BUSSIERES,77,Maison,90,4,504,2023
291000,77500,CHELLES,77,Maison,78,4,500,2023
145800,77114,VILLIERS-SUR-SEINE,77,Maison,67,3,284,2023
114000,77118,BAZOCHES LES BRAY,77,Maison,74,4,457,2023
338000,77450,ESBLY,77,Maison,97,5,498,2023
312000,77174,VILLENEUVE-LE-COMTE,77,Maison,85,4,60,2023
312000,77174,VILLENEUVE-LE-COMTE,77,Dépendance,0,0,60,2023
320000,77610,FONTENAY-TRESIGNY,77,Maison,74,4,197,2023
218000,77500,CHELLES,77,Dépendance,0,0,288,2023
218000,77500,CHELLES,77,Maison,34,3,288,2023
628800,77144,MONTEVRAIN,77,Maison,154,6,181,2023
628800,77144,MONTEVRAIN,77,Maison,154,6,500,2023
265000,77600,CONCHES SUR GONDOIRE,77,Maison,42,2,230,2023
299000,77120,AMILLIS,77,Dépendance,0,0,100,2023
299000,77120,AMILLIS,77,Maison,96,4,100,2023
272000,77230,ROUVRES,77,Dépendance,0,0,82,2023
272000,77230,ROUVRES,77,Maison,60,4,82,2023
272000,77230,ROUVRES,77,Dépendance,0,0,500,2023
272000,77230,ROUVRES,77,Maison,60,4,500,2023
1110,77450,ESBLY,77,Dépendance,0,0,222,2023
290000,77230,SAINT-MARD,77,Maison,50,3,577,2023
130000,77290,MITRY MORY,77,Maison,69,3,28,2023
173000,77580,VILLIERS-SUR-MORIN,77,Maison,36,1,366,2023
413000,77860,SAINT-GERMAIN-SUR-MORIN,77,Maison,123,6,129,2023
413000,77860,SAINT-GERMAIN-SUR-MORIN,77,Maison,123,6,500,2023
90000,77100,MEAUX,77,Dépendance,0,0,187,2023
453870,77860,SAINT-GERMAIN-SUR-MORIN,77,Maison,117,5,73,2023
453870,77860,SAINT-GERMAIN-SUR-MORIN,77,Dépendance,0,0,73,2023
510000,77144,MONTEVRAIN,77,Maison,122,6,527,2023
350000,77450,MONTRY,77,Maison,94,5,439,2023
175000,77320,JOUY-SUR-MORIN,77,Maison,89,5,756,2023
175000,77320,JOUY-SUR-MORIN,77,Maison,89,5,500,2023
130000,77500,CHELLES,77,Dépendance,0,0,293,2023
130000,77500,CHELLES,77,Maison,43,3,293,2023
197000,77970,JOUY-LE-CHATEL,77,Dépendance,0,0,45,2023
197000,77970,JOUY-LE-CHATEL,77,Maison,60,4,45,2023
348000,77290,MITRY MORY,77,Maison,111,6,315,2023
430000,77450,MONTRY,77,Maison,122,6,426,2023
425000,77400,SAINT THIBAULT DES VIGNES,77,Dépendance,0,0,430,2023
425000,77400,SAINT THIBAULT DES VIGNES,77,Maison,103,6,430,2023
355000,77144,MONTEVRAIN,77,Dépendance,0,0,572,2023
355000,77144,MONTEVRAIN,77,Maison,87,4,572,2023
316000,77270,VILLEPARISIS,77,Maison,105,6,397,2023
112500,77270,VILLEPARISIS,77,Appartement,18,1,40,2023
300000,77260,LA FERTE SOUS JOUARRE,77,Dépendance,0,0,174,2023
300000,77260,LA FERTE SOUS JOUARRE,77,Maison,156,4,174,2023
300000,77260,LA FERTE SOUS JOUARRE,77,Dépendance,0,0,500,2023
300000,77260,LA FERTE SOUS JOUARRE,77,Maison,156,4,500,2023
700000,77400,LAGNY-SUR-MARNE,77,Dépendance,0,0,325,2023
700000,77400,LAGNY-SUR-MARNE,77,Maison,198,9,325,2023
309500,77290,MITRY MORY,77,Maison,96,4,180,2023
313000,77230,DAMMARTIN-EN-GOELE,77,Maison,90,5,244,2023
313000,77230,DAMMARTIN-EN-GOELE,77,Dépendance,0,0,244,2023
130000,77650,SAINT-LOUP-DE-NAUD,77,Maison,59,4,45,2023
279400,77122,MONTHYON,77,Maison,106,4,401,2023
215000,77126,CHATENAY-SUR-SEINE,77,Maison,88,4,618,2023
110000,77160,SAINT-HILLIERS,77,Maison,58,3,380,2023
127500,77320,LESCHEROLLES,77,Maison,121,6,702,2023
127500,77320,LESCHEROLLES,77,Maison,121,6,250,2023
134000,77160,PROVINS,77,Dépendance,0,0,585,2023
134000,77160,PROVINS,77,Maison,44,2,585,2023
134000,77160,PROVINS,77,Maison,102,5,585,2023
302000,77610,MARLES-EN-BRIE,77,Maison,92,6,869,2023
129000,77540,CHAPELLE-IGER (LA),77,Dépendance,0,0,500,2023
129000,77540,CHAPELLE-IGER (LA),77,Maison,56,2,500,2023
129000,77540,CHAPELLE-IGER (LA),77,Dépendance,0,0,315,2023
129000,77540,CHAPELLE-IGER (LA),77,Maison,56,2,315,2023
7861000,77410,CLAYE-SOUILLY,77,Appartement,27,1,11713,2023
7861000,77410,CLAYE-SOUILLY,77,Appartement,82,4,11713,2023
7861000,77410,CLAYE-SOUILLY,77,Appartement,28,1,11713,2023
7861000,77410,CLAYE-SOUILLY,77,Local industriel. commercial ou assimilé,4212,0,11713,2023
160000,77515,FAREMOUTIERS,77,Maison,68,4,148,2023
275000,77440,TROCY-EN-MULTIEN,77,Dépendance,0,0,500,2023
275000,77440,TROCY-EN-MULTIEN,77,Dépendance,0,0,330,2023
275000,77440,TROCY-EN-MULTIEN,77,Maison,91,3,330,2023
275000,77440,TROCY-EN-MULTIEN,77,Maison,91,3,500,2023
400000,77400,THORIGNY SUR MARNE,77,Maison,110,5,403,2023
165000,77730,CITRY,77,Maison,48,2,163,2023
165000,77730,CITRY,77,Dépendance,0,0,163,2023
255000,77320,SAINT-MARTIN-DU-BOSCHET,77,Dépendance,0,0,360,2023
255000,77320,SAINT-MARTIN-DU-BOSCHET,77,Maison,125,4,360,2023
156000,77157,EVERLY,77,Maison,100,4,500,2023
156000,77157,EVERLY,77,Maison,100,4,400,2023
298000,77580,SANCY-LES-MEAUX,77,Maison,78,3,168,2023
298000,77580,SANCY-LES-MEAUX,77,Dépendance,0,0,168,2023
1,77164,FERRIERES-EN-BRIE,77,Local industriel. commercial ou assimilé,813,0,1910,2023
175000,77160,PROVINS,77,Dépendance,0,0,514,2023
175000,77160,PROVINS,77,Maison,85,4,514,2023
268000,77270,VILLEPARISIS,77,Dépendance,0,0,415,2023
268000,77270,VILLEPARISIS,77,Maison,74,2,415,2023
259000,77370,RAMPILLON,77,Dépendance,0,0,500,2023
259000,77370,RAMPILLON,77,Maison,103,4,500,2023
259000,77370,RAMPILLON,77,Dépendance,0,0,310,2023
259000,77370,RAMPILLON,77,Maison,103,4,310,2023
363870,77540,BERNAY VILBERT,77,Maison,140,5,566,2023
363870,77540,BERNAY VILBERT,77,Dépendance,0,0,566,2023
207750,77370,NANGIS,77,Maison,89,5,225,2023
1800000,77400,LAGNY-SUR-MARNE,77,Local industriel. commercial ou assimilé,1100,0,1783,2023
372000,77124,CHAUCONIN-NEUFMONTIERS,77,Maison,101,4,500,2023
372000,77124,CHAUCONIN-NEUFMONTIERS,77,Maison,101,4,39,2023
205000,77165,SAINT-SOUPPLETS,77,Maison,79,5,96,2023
205000,77165,SAINT-SOUPPLETS,77,Dépendance,0,0,96,2023
205000,77165,SAINT-SOUPPLETS,77,Dépendance,0,0,45,2023
396000,77100,NANTEUIL-LES-MEAUX,77,Maison,126,5,660,2023
396000,77100,NANTEUIL-LES-MEAUX,77,Maison,126,5,500,2023
289000,77100,NANTEUIL-LES-MEAUX,77,Dépendance,0,0,174,2023
289000,77100,NANTEUIL-LES-MEAUX,77,Maison,124,6,174,2023
314000,77124,CREGY-LES-MEAUX,77,Maison,95,4,400,2023
165000,77126,CHATENAY-SUR-SEINE,77,Dépendance,0,0,650,2023
165000,77126,CHATENAY-SUR-SEINE,77,Maison,77,3,650,2023
128000,77640,SIGNY-SIGNETS,77,Maison,78,4,50,2023
128000,77640,SIGNY-SIGNETS,77,Dépendance,0,0,50,2023
355000,77440,ISLES-LES-MELDEUSES,77,Dépendance,0,0,600,2023
355000,77440,ISLES-LES-MELDEUSES,77,Maison,93,4,559,2023
355000,77440,ISLES-LES-MELDEUSES,77,Dépendance,0,0,559,2023
355000,77440,ISLES-LES-MELDEUSES,77,Maison,93,4,600,2023
100000,77230,MOUSSY-LE-VIEUX,77,Maison,100,4,88,2023
205000,77650,SAINT-LOUP-DE-NAUD,77,Dépendance,0,0,552,2023
205000,77650,SAINT-LOUP-DE-NAUD,77,Maison,138,6,552,2023
390000,77910,GERMIGNY-L EVEQUE,77,Maison,144,5,500,2023
390000,77910,GERMIGNY-L EVEQUE,77,Dépendance,0,0,500,2023
390000,77910,GERMIGNY-L EVEQUE,77,Dépendance,0,0,969,2023
390000,77910,GERMIGNY-L EVEQUE,77,Maison,144,5,969,2023
902383,77700,MAGNY-LE-HONGRE,77,Maison,197,5,344,2023
902383,77700,MAGNY-LE-HONGRE,77,Dépendance,0,0,500,2023
902383,77700,MAGNY-LE-HONGRE,77,Maison,197,5,500,2023
902383,77700,MAGNY-LE-HONGRE,77,Dépendance,0,0,344,2023
251000,77860,QUINCY-VOISINS,77,Maison,101,3,287,2023
230000,77730,CITRY,77,Maison,123,3,360,2023
124500,77660,SAINT JEAN LES DEUX JUMEAUX,77,Maison,44,1,656,2023
592600,77400,POMPONNE,77,Dépendance,0,0,500,2023
592600,77400,POMPONNE,77,Dépendance,0,0,556,2023
592600,77400,POMPONNE,77,Maison,143,8,500,2023
592600,77400,POMPONNE,77,Maison,143,8,556,2023
625000,77400,SAINT THIBAULT DES VIGNES,77,Maison,162,8,686,2023
320000,77120,COULOMMIERS,77,Local industriel. commercial ou assimilé,52,0,68,2023
320000,77120,COULOMMIERS,77,Appartement,51,3,68,2023
320000,77120,COULOMMIERS,77,Appartement,28,2,68,2023
263978,77290,MITRY MORY,77,Maison,72,3,497,2023
263978,77290,MITRY MORY,77,Maison,36,1,497,2023
1050000,77165,SAINT-SOUPPLETS,77,Local industriel. commercial ou assimilé,1095,0,2713,2023
335000,77990,MAUREGARD,77,Maison,105,5,451,2023
148950,77540,LUMIGNY NESLES ORMEAUX,77,Maison,30,1,300,2023
107000,77118,BAZOCHES LES BRAY,77,Maison,51,3,319,2023
107000,77118,BAZOCHES LES BRAY,77,Local industriel. commercial ou assimilé,107,0,319,2023
137527,77600,JOSSIGNY,77,Maison,90,6,500,2023
137527,77600,JOSSIGNY,77,Maison,90,6,358,2023
137527,77600,JOSSIGNY,77,Local industriel. commercial ou assimilé,0,0,5035,2023
247800,77500,CHELLES,77,Maison,65,2,435,2023
247800,77500,CHELLES,77,Dépendance,0,0,435,2023
323000,77290,MITRY MORY,77,Dépendance,0,0,378,2023
323000,77290,MITRY MORY,77,Maison,68,3,378,2023
389000,77500,CHELLES,77,Maison,71,3,217,2023
389000,77500,CHELLES,77,Dépendance,0,0,217,2023
459000,77400,THORIGNY SUR MARNE,77,Maison,140,7,393,2023
694000,77400,LAGNY-SUR-MARNE,77,Dépendance,0,0,458,2023
694000,77400,LAGNY-SUR-MARNE,77,Maison,137,4,458,2023
229131,77610,CHAPELLES-BOURBON (LES),77,Dépendance,0,0,930,2023
229131,77610,CHAPELLES-BOURBON (LES),77,Dépendance,0,0,250,2023
229131,77610,CHAPELLES-BOURBON (LES),77,Maison,85,4,250,2023
229131,77610,CHAPELLES-BOURBON (LES),77,Maison,85,4,930,2023
30000,77990,LE MESNIL-AMELOT,77,Maison,113,4,87,2023
120540,77650,LIZINES,77,Maison,53,2,429,2023
120540,77650,LIZINES,77,Dépendance,0,0,429,2023
363600,77410,CLAYE-SOUILLY,77,Maison,81,4,631,2023
325795,77500,CHELLES,77,Maison,102,5,258,2023
327600,77169,BOISSY-LE-CHATEL,77,Dépendance,0,0,500,2023
327600,77169,BOISSY-LE-CHATEL,77,Maison,99,5,500,2023
327600,77169,BOISSY-LE-CHATEL,77,Dépendance,0,0,1273,2023
327600,77169,BOISSY-LE-CHATEL,77,Maison,99,5,1273,2023
245000,77124,CHAUCONIN-NEUFMONTIERS,77,Maison,103,4,210,2023
366500,77290,MITRY MORY,77,Dépendance,0,0,513,2023
366500,77290,MITRY MORY,77,Maison,50,3,513,2023
335000,77860,COUILLY-PONT-AUX-DAMES,77,Maison,82,4,118,2023
265000,77320,FERTE-GAUCHER (LA),77,Maison,122,6,500,2023
265000,77320,FERTE-GAUCHER (LA),77,Maison,122,6,520,2023
285000,77860,QUINCY-VOISINS,77,Maison,99,5,265,2023
375400,77230,DAMMARTIN-EN-GOELE,77,Maison,123,6,500,2023
375400,77230,DAMMARTIN-EN-GOELE,77,Maison,123,6,459,2023
323698,77515,FAREMOUTIERS,77,Maison,103,4,395,2023
3378384,77181,COURTRY,77,Local industriel. commercial ou assimilé,2240,0,23306,2023
270000,77120,COULOMMIERS,77,Dépendance,0,0,715,2023
270000,77120,COULOMMIERS,77,Maison,105,4,315,2023
270000,77120,COULOMMIERS,77,Dépendance,0,0,315,2023
270000,77120,COULOMMIERS,77,Maison,105,4,715,2023
288000,77580,SANCY-LES-MEAUX,77,Maison,92,4,312,2023
365000,77410,CLAYE-SOUILLY,77,Maison,87,4,659,2023
300000,77540,LUMIGNY NESLES ORMEAUX,77,Maison,128,6,245,2023
300000,77540,LUMIGNY NESLES ORMEAUX,77,Dépendance,0,0,245,2023
300000,77540,LUMIGNY NESLES ORMEAUX,77,Dépendance,0,0,846,2023
300000,77540,LUMIGNY NESLES ORMEAUX,77,Maison,128,6,846,2023
305000,77540,ROZAY-EN-BRIE,77,Local industriel. commercial ou assimilé,2557,0,2257,2023
455000,77144,MONTEVRAIN,77,Maison,94,5,281,2023
257850,77580,GUERARD,77,Maison,115,4,116,2023
200000,77169,SAINT-SIMEON,77,Maison,116,4,1452,2023
200000,77169,SAINT-SIMEON,77,Dépendance,0,0,1452,2023
200000,77169,SAINT-SIMEON,77,Maison,116,4,250,2023
200000,77169,SAINT-SIMEON,77,Dépendance,0,0,250,2023
355000,77169,BOISSY-LE-CHATEL,77,Maison,96,3,1221,2023
355000,77169,BOISSY-LE-CHATEL,77,Maison,96,3,499,2023
402000,77400,DAMPMART,77,Maison,110,4,400,2023
680000,77600,BUSSY-SAINT-GEORGES,77,Maison,152,6,504,2023
265000,77500,CHELLES,77,Maison,82,5,161,2023
475000,77600,BUSSY-SAINT-GEORGES,77,Maison,120,6,246,2023
334000,77500,CHELLES,77,Maison,80,4,500,2023
484690,77163,MORTCERF,77,Maison,144,7,595,2023
484690,77163,MORTCERF,77,Dépendance,0,0,595,2023
555000,77500,CHELLES,77,Dépendance,0,0,480,2023
555000,77500,CHELLES,77,Maison,165,6,480,2023
399000,77600,CONCHES SUR GONDOIRE,77,Maison,135,4,590,2023
375000,77360,VAIRES SUR MARNE,77,Dépendance,0,0,400,2023
375000,77360,VAIRES SUR MARNE,77,Maison,82,4,400,2023
373570,77410,CLAYE-SOUILLY,77,Maison,87,5,278,2023
119360,77730,SAACY-SUR-MARNE,77,Maison,75,3,236,2023
119360,77730,SAACY-SUR-MARNE,77,Dépendance,0,0,236,2023
119360,77730,SAACY-SUR-MARNE,77,Dépendance,0,0,21,2023
5000,77910,CHAMBRY,77,Dépendance,0,0,80,2023
600000,77410,CLAYE-SOUILLY,77,Maison,196,7,500,2023
600000,77410,CLAYE-SOUILLY,77,Maison,196,7,787,2023
600000,77410,CLAYE-SOUILLY,77,Dépendance,0,0,787,2023
600000,77410,CLAYE-SOUILLY,77,Dépendance,0,0,500,2023
97500,77510,BELLOT,77,Maison,99,4,555,2023
580000,77600,BUSSY-SAINT-GEORGES,77,Maison,95,5,631,2023
580000,77600,BUSSY-SAINT-GEORGES,77,Dépendance,0,0,631,2023
455000,77600,GUERMANTES,77,Maison,112,7,109,2023
455000,77600,GUERMANTES,77,Maison,112,7,500,2023
225050,77650,SAINTE-COLOMBE,77,Maison,105,5,473,2023
170000,77480,JAULNES,77,Dépendance,0,0,445,2023
170000,77480,JAULNES,77,Maison,120,4,445,2023
455000,77400,THORIGNY SUR MARNE,77,Maison,88,3,200,2023
455000,77400,THORIGNY SUR MARNE,77,Maison,88,3,500,2023
260000,77160,PROVINS,77,Maison,128,5,694,2023
305000,77160,PROVINS,77,Maison,128,4,500,2023
305000,77160,PROVINS,77,Maison,128,4,1568,2023
230000,77650,CHALMAISON,77,Dépendance,0,0,800,2023
230000,77650,CHALMAISON,77,Maison,86,4,800,2023
230000,77650,CHALMAISON,77,Dépendance,0,0,509,2023
230000,77650,CHALMAISON,77,Maison,86,4,509,2023
230000,77650,CHALMAISON,77,Dépendance,0,0,1300,2023
230000,77650,CHALMAISON,77,Maison,86,4,1300,2023
264000,77515,FAREMOUTIERS,77,Dépendance,0,0,753,2023
264000,77515,FAREMOUTIERS,77,Maison,89,5,753,2023
185000,77450,CONDE-SAINTE-LIBIAIRE,77,Maison,80,3,60,2023
490000,77164,FERRIERES-EN-BRIE,77,Dépendance,0,0,572,2023
490000,77164,FERRIERES-EN-BRIE,77,Maison,160,7,572,2023
327500,77100,MEAUX,77,Maison,96,4,457,2023
320000,77290,MITRY MORY,77,Maison,90,1,385,2023
320000,77290,MITRY MORY,77,Dépendance,0,0,385,2023
225000,77100,NANTEUIL-LES-MEAUX,77,Maison,146,7,386,2023
225000,77100,NANTEUIL-LES-MEAUX,77,Dépendance,0,0,386,2023
229000,77270,VILLEPARISIS,77,Dépendance,0,0,431,2023
229000,77270,VILLEPARISIS,77,Maison,54,3,431,2023
274200,77100,MAREUIL-LES-MEAUX,77,Maison,79,4,302,2023
200000,77290,MITRY MORY,77,Dépendance,0,0,298,2023
200000,77290,MITRY MORY,77,Maison,38,2,298,2023
280000,77420,CHAMPS-SUR-MARNE,77,Maison,90,4,170,2023
120000,77510,BELLOT,77,Maison,83,5,333,2023
120000,77510,BELLOT,77,Dépendance,0,0,333,2023
330000,77580,BOULEURS,77,Maison,104,5,1107,2023
330000,77580,BOULEURS,77,Maison,104,5,500,2023
450000,77100,NANTEUIL-LES-MEAUX,77,Maison,116,4,133,2023
128000,77138,LUZANCY,77,Maison,65,3,200,2023
182000,77440,LIZY-SUR-OURCQ,77,Maison,90,3,194,2023
265000,77290,MITRY MORY,77,Dépendance,0,0,450,2023
265000,77290,MITRY MORY,77,Maison,90,4,450,2023
6632,77450,ESBLY,77,Dépendance,0,0,19,2023
290000,77290,MITRY MORY,77,Dépendance,0,0,423,2023
572450,77400,SAINT THIBAULT DES VIGNES,77,Maison,151,7,375,2023
260000,77970,BANNOST-VILLEGAGNON,77,Maison,114,3,1900,2023
260000,77970,BANNOST-VILLEGAGNON,77,Maison,114,3,200,2023
26400,77910,CHAMBRY,77,Dépendance,0,0,57,2023
305000,77970,PECY,77,Maison,107,5,1000,2023
305000,77970,PECY,77,Maison,107,5,455,2023
180000,77510,REBAIS,77,Maison,110,2,618,2023
180000,77510,REBAIS,77,Dépendance,0,0,438,2023
247300,77160,CHENOISE-CUCHARMOY,77,Maison,112,5,59,2023
247300,77160,CHENOISE-CUCHARMOY,77,Maison,112,5,600,2023
320000,77160,PROVINS,77,Maison,310,10,495,2023
320000,77160,PROVINS,77,Dépendance,0,0,495,2023
215000,77169,BOISSY-LE-CHATEL,77,Maison,83,5,500,2023
215000,77169,BOISSY-LE-CHATEL,77,Dépendance,0,0,402,2023
215000,77169,BOISSY-LE-CHATEL,77,Local industriel. commercial ou assimilé,0,0,402,2023
215000,77169,BOISSY-LE-CHATEL,77,Maison,83,5,402,2023
215000,77169,BOISSY-LE-CHATEL,77,Dépendance,0,0,500,2023
215000,77169,BOISSY-LE-CHATEL,77,Local industriel. commercial ou assimilé,0,0,500,2023
436000,77730,SAACY-SUR-MARNE,77,Maison,120,5,9000,2023
436000,77730,SAACY-SUR-MARNE,77,Dépendance,0,0,9000,2023
125000,77370,NANGIS,77,Maison,78,4,154,2023
316000,77270,VILLEPARISIS,77,Maison,71,3,500,2023
318270,77410,CLAYE-SOUILLY,77,Maison,64,3,227,2023
235000,77420,CHAMPS-SUR-MARNE,77,Maison,78,4,153,2023
310000,77177,BROU-SUR-CHANTEREINE,77,Maison,57,3,385,2023
340000,77280,OTHIS,77,Maison,104,5,456,2023
40000,77260,LA FERTE SOUS JOUARRE,77,Dépendance,0,0,80,2023
40000,77260,LA FERTE SOUS JOUARRE,77,Maison,100,4,80,2023
545050,77410,VILLEVAUDE,77,Maison,152,6,534,2023
319000,77515,FAREMOUTIERS,77,Maison,118,6,665,2023
319000,77515,FAREMOUTIERS,77,Dépendance,0,0,665,2023
280000,77178,SAINT-PATHUS,77,Maison,89,5,222,2023
250000,77510,SABLONNIERES,77,Maison,175,5,1938,2023
250000,77510,SABLONNIERES,77,Maison,175,5,500,2023
250000,77510,SABLONNIERES,77,Dépendance,0,0,1938,2023
250000,77510,SABLONNIERES,77,Dépendance,0,0,500,2023
460000,77450,CONDE-SAINTE-LIBIAIRE,77,Maison,77,3,677,2023
660000,77360,VAIRES SUR MARNE,77,Maison,105,4,345,2023
660000,77360,VAIRES SUR MARNE,77,Maison,105,4,556,2023
270000,77120,MOUROUX,77,Maison,135,4,400,2023
270000,77120,MOUROUX,77,Dépendance,0,0,1161,2023
270000,77120,MOUROUX,77,Maison,135,4,1161,2023
270000,77120,MOUROUX,77,Dépendance,0,0,400,2023
220000,77515,FAREMOUTIERS,77,Maison,84,5,400,2023
220000,77515,FAREMOUTIERS,77,Maison,84,5,86,2023
250000,77515,POMMEUSE,77,Maison,75,5,400,2023
209000,77520,DONNEMARIE-DONTILLY,77,Maison,82,4,500,2023
209000,77520,DONNEMARIE-DONTILLY,77,Maison,82,4,509,2023
335000,77280,OTHIS,77,Maison,125,6,303,2023
335000,77280,OTHIS,77,Dépendance,0,0,303,2023
394700,77700,CHESSY,77,Maison,98,5,139,2023
380000,77280,OTHIS,77,Maison,100,4,452,2023
188613,77114,GOUAIX,77,Maison,119,6,77,2023
188613,77114,GOUAIX,77,Dépendance,0,0,77,2023
242000,77120,COULOMMIERS,77,Dépendance,0,0,669,2023
242000,77120,COULOMMIERS,77,Maison,79,3,250,2023
242000,77120,COULOMMIERS,77,Maison,79,3,669,2023
242000,77120,COULOMMIERS,77,Dépendance,0,0,250,2023
200000,77650,SOISY-BOUY,77,Maison,93,3,393,2023
200000,77650,SOISY-BOUY,77,Dépendance,0,0,393,2023
950000,77181,COURTRY,77,Local industriel. commercial ou assimilé,231,0,1500,2023
950000,77181,COURTRY,77,Local industriel. commercial ou assimilé,364,0,1500,2023
175000,77120,COULOMMIERS,77,Maison,63,4,597,2023
175000,77120,COULOMMIERS,77,Maison,63,4,78,2023
199000,77320,SAINT-MARS-VIEUX-MAISONS,77,Dépendance,0,0,585,2023
199000,77320,SAINT-MARS-VIEUX-MAISONS,77,Maison,79,4,585,2023
375000,77600,BUSSY-SAINT-GEORGES,77,Maison,100,5,457,2023
207900,77440,OCQUERRE,77,Local industriel. commercial ou assimilé,382,0,401,2023
200000,77100,MEAUX,77,Dépendance,0,0,72,2023
200000,77100,MEAUX,77,Maison,60,3,72,2023
341300,77186,NOISIEL,77,Maison,116,5,119,2023
160000,77515,SAINT-AUGUSTIN,77,Dépendance,0,0,500,2023
160000,77515,SAINT-AUGUSTIN,77,Maison,56,3,500,2023
160000,77515,SAINT-AUGUSTIN,77,Dépendance,0,0,630,2023
160000,77515,SAINT-AUGUSTIN,77,Maison,56,3,630,2023
160000,77320,BETON-BAZOCHES,77,Local industriel. commercial ou assimilé,170,0,800,2023
160000,77320,BETON-BAZOCHES,77,Local industriel. commercial ou assimilé,170,0,773,2023
280000,77410,FRESNES-SUR-MARNE,77,Maison,87,4,179,2023
245000,77320,LEUDON-EN-BRIE,77,Maison,95,5,550,2023
245000,77320,LEUDON-EN-BRIE,77,Maison,95,5,250,2023
220000,77100,MEAUX,77,Maison,152,6,500,2023
220000,77100,MEAUX,77,Maison,152,6,801,2023
270000,77440,LIZY-SUR-OURCQ,77,Local industriel. commercial ou assimilé,38,0,1054,2023
270000,77440,LIZY-SUR-OURCQ,77,Local industriel. commercial ou assimilé,500,0,1054,2023
361000,77124,PENCHARD,77,Maison,86,4,500,2023
440000,77450,MONTRY,77,Appartement,28,1,500,2023
440000,77450,MONTRY,77,Dépendance,0,0,300,2023
440000,77450,MONTRY,77,Appartement,33,2,300,2023
440000,77450,MONTRY,77,Appartement,28,1,300,2023
440000,77450,MONTRY,77,Appartement,54,3,300,2023
440000,77450,MONTRY,77,Appartement,54,3,500,2023
440000,77450,MONTRY,77,Dépendance,0,0,500,2023
440000,77450,MONTRY,77,Appartement,33,2,500,2023
281300,77124,VILLENOY,77,Dépendance,0,0,267,2023
281300,77124,VILLENOY,77,Maison,84,4,267,2023
410000,77500,CHELLES,77,Maison,130,6,389,2023
110000,77165,CUISY,77,Maison,37,3,83,2023
110000,77165,CUISY,77,Dépendance,0,0,83,2023
270000,77165,SAINT-SOUPPLETS,77,Maison,89,4,560,2023
277000,77160,PROVINS,77,Dépendance,0,0,207,2023
277000,77160,PROVINS,77,Maison,140,6,207,2023
650000,77500,CHELLES,77,Local industriel. commercial ou assimilé,360,0,1010,2023
180000,77660,SAINT JEAN LES DEUX JUMEAUX,77,Dépendance,0,0,51,2023
180000,77660,SAINT JEAN LES DEUX JUMEAUX,77,Maison,100,5,51,2023
68000,77650,SAINTE-COLOMBE,77,Maison,30,1,174,2023
190000,77400,THORIGNY SUR MARNE,77,Dépendance,0,0,10,2023
237000,77500,CHELLES,77,Maison,57,3,360,2023
235000,77500,CHELLES,77,Maison,76,4,449,2023
185000,77500,CHELLES,77,Dépendance,0,0,313,2023
185000,77500,CHELLES,77,Maison,40,2,313,2023
200000,77131,TOUQUIN,77,Dépendance,0,0,142,2023
200000,77131,TOUQUIN,77,Maison,90,4,1108,2023
200000,77131,TOUQUIN,77,Dépendance,0,0,1108,2023
200000,77131,TOUQUIN,77,Maison,90,4,142,2023
300000,77500,CHELLES,77,Maison,90,5,424,2023
315000,77360,VAIRES SUR MARNE,77,Maison,50,3,554,2023
315000,77360,VAIRES SUR MARNE,77,Maison,27,1,554,2023
315000,77360,VAIRES SUR MARNE,77,Dépendance,0,0,554,2023
180000,77500,CHELLES,77,Dépendance,0,0,465,2023
180000,77500,CHELLES,77,Maison,60,3,465,2023
270000,77230,DAMMARTIN-EN-GOELE,77,Maison,75,4,110,2023
270000,77230,DAMMARTIN-EN-GOELE,77,Dépendance,0,0,35,2023
293000,77500,CHELLES,77,Maison,82,5,75,2023
70000,77580,GUERARD,77,Dépendance,0,0,36,2023
313900,77230,MOUSSY-LE-NEUF,77,Maison,95,4,482,2023
112000,77580,CRECY LA CHAPELLE,77,Maison,65,3,36,2023
185000,77100,NANTEUIL-LES-MEAUX,77,Maison,65,3,55,2023
285000,77580,COULOMMES,77,Maison,95,4,170,2023
201000,77120,MOUROUX,77,Maison,91,4,310,2023
387000,77580,CRECY LA CHAPELLE,77,Maison,86,4,500,2023
387000,77580,CRECY LA CHAPELLE,77,Maison,86,4,225,2023
142000,77120,MAUPERTHUIS,77,Maison,52,3,46,2023
86000,77515,POMMEUSE,77,Maison,58,3,158,2023
86000,77515,POMMEUSE,77,Dépendance,0,0,158,2023
510000,77500,CHELLES,77,Dépendance,0,0,484,2023
510000,77500,CHELLES,77,Maison,160,6,484,2023
200000,77910,VARREDDES,77,Maison,90,4,620,2023
200000,77910,VARREDDES,77,Dépendance,0,0,620,2023
407000,77144,MONTEVRAIN,77,Maison,120,5,295,2023
355000,77610,HOUSSAYE-EN-BRIE (LA),77,Maison,130,6,503,2023
355000,77610,HOUSSAYE-EN-BRIE (LA),77,Dépendance,0,0,503,2023
181650,77520,VIMPELLES,77,Maison,92,4,722,2023
181650,77520,VIMPELLES,77,Maison,92,4,328,2023
236000,77520,GURCY-LE-CHATEL,77,Maison,110,4,638,2023
14000,77370,NANGIS,77,Dépendance,0,0,21,2023
213000,77370,NANGIS,77,Maison,104,5,660,2023
540000,77400,THORIGNY SUR MARNE,77,Maison,177,5,500,2023
540000,77400,THORIGNY SUR MARNE,77,Maison,177,5,601,2023
245000,77270,VILLEPARISIS,77,Dépendance,0,0,450,2023
245000,77270,VILLEPARISIS,77,Local industriel. commercial ou assimilé,18,0,450,2023
245000,77270,VILLEPARISIS,77,Maison,70,3,450,2023
254000,77174,VILLENEUVE-LE-COMTE,77,Maison,77,4,47,2023
270000,77450,MONTRY,77,Maison,105,6,566,2023
350000,77860,QUINCY-VOISINS,77,Maison,82,5,725,2023
440000,77700,CHESSY,77,Dépendance,0,0,125,2023
440000,77700,CHESSY,77,Maison,126,5,125,2023
120000,77515,POMMEUSE,77,Dépendance,0,0,35,2023
120000,77515,POMMEUSE,77,Maison,34,2,35,2023
120000,77515,POMMEUSE,77,Dépendance,0,0,565,2023
120000,77515,POMMEUSE,77,Maison,34,2,565,2023
451200,77700,COUPVRAY,77,Maison,135,6,402,2023
451200,77700,COUPVRAY,77,Maison,135,6,500,2023
451200,77700,COUPVRAY,77,Dépendance,0,0,402,2023
451200,77700,COUPVRAY,77,Dépendance,0,0,500,2023
950000,77290,MITRY MORY,77,Maison,104,5,998,2023
950000,77290,MITRY MORY,77,Maison,116,4,998,2023
950000,77290,MITRY MORY,77,Maison,43,2,998,2023
950000,77290,MITRY MORY,77,Local industriel. commercial ou assimilé,834,0,998,2023
106010,77120,CHAILLY-EN-BRIE,77,Maison,45,3,461,2023
255000,77169,SAINT-GERMAIN-SOUS-DOUE,77,Maison,112,4,570,2023
255000,77169,SAINT-GERMAIN-SOUS-DOUE,77,Maison,112,4,250,2023
312000,77100,MEAUX,77,Maison,130,6,588,2023
275000,77124,VILLENOY,77,Dépendance,0,0,630,2023
275000,77124,VILLENOY,77,Maison,124,4,630,2023
620200,77700,MAGNY-LE-HONGRE,77,Maison,123,5,395,2023
620200,77700,MAGNY-LE-HONGRE,77,Dépendance,0,0,395,2023
125000,77120,BEAUTHEIL-SAINTS,77,Maison,78,4,68,2023
137500,77470,TRILPORT,77,Maison,99,5,351,2023
100100,77171,SOURDUN,77,Maison,83,4,255,2023
120000,77320,JOUY-SUR-MORIN,77,Maison,90,4,91,2023
120000,77320,JOUY-SUR-MORIN,77,Dépendance,0,0,37,2023
274000,77510,REBAIS,77,Maison,135,6,602,2023
428000,77510,REBAIS,77,Local industriel. commercial ou assimilé,918,0,2620,2023
145000,77660,SAINT JEAN LES DEUX JUMEAUX,77,Maison,52,4,74,2023
145000,77660,SAINT JEAN LES DEUX JUMEAUX,77,Dépendance,0,0,74,2023
137000,77118,BALLOY,77,Maison,70,3,876,2023
330000,77290,MITRY MORY,77,Maison,110,4,500,2023
330000,77290,MITRY MORY,77,Maison,110,4,262,2023
440800,77600,BUSSY-SAINT-GEORGES,77,Maison,94,5,251,2023
136000,77260,CHAMIGNY,77,Maison,60,4,133,2023
136000,77260,CHAMIGNY,77,Dépendance,0,0,133,2023
79000,77169,BOISSY-LE-CHATEL,77,Maison,103,6,240,2023
468000,77183,CROISSY-BEAUBOURG,77,Local industriel. commercial ou assimilé,257,0,249,2023
180000,77126,CHATENAY-SUR-SEINE,77,Maison,104,5,500,2023
549000,77450,MONTRY,77,Maison,145,5,528,2023
549000,77450,MONTRY,77,Dépendance,0,0,528,2023
400475,77410,VILLEVAUDE,77,Maison,80,5,425,2023
315000,77580,VOULANGIS,77,Local industriel. commercial ou assimilé,14,0,840,2023
315000,77580,VOULANGIS,77,Maison,88,3,840,2023
132000,77320,CHOISY-EN-BRIE,77,Dépendance,0,0,500,2023
132000,77320,CHOISY-EN-BRIE,77,Dépendance,0,0,425,2023
132000,77320,CHOISY-EN-BRIE,77,Maison,90,5,425,2023
132000,77320,CHOISY-EN-BRIE,77,Maison,90,5,500,2023
175000,77400,LAGNY-SUR-MARNE,77,Maison,77,4,564,2023
179000,77520,CESSOY-EN-MONTOIS,77,Maison,105,3,630,2023
179000,77520,CESSOY-EN-MONTOIS,77,Dépendance,0,0,630,2023
355000,77700,BAILLY-ROMAINVILLIERS,77,Maison,94,5,365,2023
355000,77700,BAILLY-ROMAINVILLIERS,77,Dépendance,0,0,365,2023
380000,77260,LA FERTE SOUS JOUARRE,77,Maison,105,6,190,2023
380000,77260,LA FERTE SOUS JOUARRE,77,Dépendance,0,0,190,2023
230000,77370,NANGIS,77,Maison,86,4,153,2023
169000,77520,DONNEMARIE-DONTILLY,77,Maison,79,3,379,2023
169000,77520,DONNEMARIE-DONTILLY,77,Dépendance,0,0,643,2023
169000,77520,DONNEMARIE-DONTILLY,77,Maison,79,3,643,2023
169000,77520,DONNEMARIE-DONTILLY,77,Dépendance,0,0,379,2023
281500,77970,JOUY-LE-CHATEL,77,Maison,99,5,262,2023
281500,77970,JOUY-LE-CHATEL,77,Maison,99,5,500,2023
83000,77510,REBAIS,77,Maison,75,3,51,2023
585000,77600,CHANTELOUP EN BRIE,77,Maison,131,5,101,2023
585000,77600,CHANTELOUP EN BRIE,77,Maison,131,5,500,2023
255000,77500,CHELLES,77,Dépendance,0,0,350,2023
255000,77500,CHELLES,77,Maison,58,4,350,2023
403200,77400,THORIGNY SUR MARNE,77,Maison,28,1,1567,2023
403200,77400,THORIGNY SUR MARNE,77,Maison,28,1,500,2023
403200,77400,THORIGNY SUR MARNE,77,Maison,105,3,500,2023
403200,77400,THORIGNY SUR MARNE,77,Maison,105,3,1567,2023
469000,77450,CONDE-SAINTE-LIBIAIRE,77,Maison,104,6,613,2023
469000,77450,CONDE-SAINTE-LIBIAIRE,77,Dépendance,0,0,613,2023
160000,77124,CREGY-LES-MEAUX,77,Dépendance,0,0,77,2023
160000,77124,CREGY-LES-MEAUX,77,Dépendance,0,0,581,2023
160000,77124,CREGY-LES-MEAUX,77,Maison,65,4,77,2023
160000,77124,CREGY-LES-MEAUX,77,Maison,65,4,581,2023
144000,77450,ESBLY,77,Maison,45,3,397,2023
144000,77450,ESBLY,77,Dépendance,0,0,397,2023
238000,77520,CESSOY-EN-MONTOIS,77,Maison,160,3,380,2023
520000,77144,MONTEVRAIN,77,Maison,133,5,340,2023
310000,77610,HOUSSAYE-EN-BRIE (LA),77,Maison,135,4,975,2023
310000,77610,HOUSSAYE-EN-BRIE (LA),77,Dépendance,0,0,975,2023
149000,77230,DAMMARTIN-EN-GOELE,77,Maison,50,3,54,2023
198000,77910,VARREDDES,77,Maison,160,4,104,2023
198000,77910,VARREDDES,77,Dépendance,0,0,104,2023
265000,77177,BROU-SUR-CHANTEREINE,77,Dépendance,0,0,525,2023
265000,77177,BROU-SUR-CHANTEREINE,77,Maison,74,5,525,2023
210000,77510,SAINT-DENIS-LES-REBAIS,77,Maison,115,5,642,2023
255000,77500,CHELLES,77,Maison,78,5,380,2023
492500,77650,SOISY-BOUY,77,Local industriel. commercial ou assimilé,260,0,1680,2023
492500,77650,SOISY-BOUY,77,Maison,154,4,1920,2023
492500,77650,SOISY-BOUY,77,Local industriel. commercial ou assimilé,260,0,1920,2023
492500,77650,SOISY-BOUY,77,Maison,154,4,1680,2023
490000,77400,THORIGNY SUR MARNE,77,Dépendance,0,0,567,2023
490000,77400,THORIGNY SUR MARNE,77,Maison,138,4,500,2023
490000,77400,THORIGNY SUR MARNE,77,Dépendance,0,0,500,2023
490000,77400,THORIGNY SUR MARNE,77,Maison,138,4,567,2023
230000,77120,MOUROUX,77,Maison,90,4,357,2023
233000,77160,PROVINS,77,Dépendance,0,0,300,2023
233000,77160,PROVINS,77,Maison,78,4,300,2023
170000,77580,CRECY LA CHAPELLE,77,Maison,50,2,724,2023
312000,77163,DAMMARTIN-SUR-TIGEAUX,77,Maison,93,6,188,2023
292000,77100,NANTEUIL-LES-MEAUX,77,Maison,77,3,292,2023
416150,77410,VILLEVAUDE,77,Maison,145,5,500,2023
416150,77410,VILLEVAUDE,77,Maison,145,5,1212,2023
300000,77160,PROVINS,77,Appartement,80,4,346,2023
300000,77160,PROVINS,77,Dépendance,0,0,346,2023
300000,77160,PROVINS,77,Appartement,66,3,346,2023
380600,77174,VILLENEUVE-LE-COMTE,77,Maison,124,5,294,2023
410000,77181,COURTRY,77,Dépendance,0,0,500,2023
410000,77181,COURTRY,77,Maison,79,4,500,2023
550000,77100,MEAUX,77,Maison,90,7,916,2023
550000,77100,MEAUX,77,Dépendance,0,0,916,2023
550000,77100,MEAUX,77,Local industriel. commercial ou assimilé,120,0,916,2023
232000,77500,CHELLES,77,Maison,68,3,145,2023
322250,77400,LAGNY-SUR-MARNE,77,Maison,83,4,580,2023
222000,77730,SAACY-SUR-MARNE,77,Maison,105,4,407,2023
328000,77580,SANCY-LES-MEAUX,77,Maison,126,6,417,2023
328000,77580,SANCY-LES-MEAUX,77,Maison,126,6,631,2023
290000,77500,CHELLES,77,Maison,82,5,500,2023
290000,77500,CHELLES,77,Dépendance,0,0,500,2023
210000,77410,ANNET-SUR-MARNE,77,Maison,90,4,38,2023
280000,77230,NANTOUILLET,77,Maison,84,5,690,2023
280000,77230,NANTOUILLET,77,Dépendance,0,0,690,2023
305000,77230,DAMMARTIN-EN-GOELE,77,Maison,98,5,274,2023
523400,77360,VAIRES SUR MARNE,77,Dépendance,0,0,622,2023
523400,77360,VAIRES SUR MARNE,77,Maison,80,3,622,2023
75000,77160,PROVINS,77,Maison,42,2,110,2023
75000,77160,PROVINS,77,Dépendance,0,0,110,2023
254000,77160,PROVINS,77,Maison,102,4,638,2023
299900,77360,VAIRES SUR MARNE,77,Dépendance,0,0,154,2023
299900,77360,VAIRES SUR MARNE,77,Maison,58,3,154,2023
170000,77160,PROVINS,77,Local industriel. commercial ou assimilé,35,0,62,2023
170000,77160,PROVINS,77,Maison,97,3,62,2023
12000,77181,COURTRY,77,Dépendance,0,0,50,2023
335000,77184,EMERAINVILLE,77,Maison,122,6,401,2023
335000,77184,EMERAINVILLE,77,Local industriel. commercial ou assimilé,0,0,21927,2023
320000,77500,CHELLES,77,Maison,50,2,559,2023
396600,77270,VILLEPARISIS,77,Maison,88,3,413,2023
440000,77124,CREGY-LES-MEAUX,77,Maison,139,6,587,2023
440000,77124,CREGY-LES-MEAUX,77,Maison,139,6,500,2023
288000,77230,MOUSSY-LE-NEUF,77,Maison,84,5,438,2023
288000,77230,MOUSSY-LE-NEUF,77,Dépendance,0,0,438,2023
345000,77500,CHELLES,77,Maison,132,5,285,2023
360000,77610,FONTENAY-TRESIGNY,77,Dépendance,0,0,442,2023
360000,77610,FONTENAY-TRESIGNY,77,Maison,80,5,442,2023
272000,77100,NANTEUIL-LES-MEAUX,77,Dépendance,0,0,95,2023
272000,77100,NANTEUIL-LES-MEAUX,77,Maison,190,7,95,2023
190000,77750,SAINT-CYR-SUR-MORIN,77,Dépendance,0,0,110,2023
190000,77750,SAINT-CYR-SUR-MORIN,77,Appartement,55,3,110,2023
190000,77750,SAINT-CYR-SUR-MORIN,77,Appartement,40,2,110,2023
400000,77090,COLLEGIEN,77,Maison,88,4,453,2023
225000,77520,MONTIGNY-LENCOUP,77,Dépendance,0,0,953,2023
225000,77520,MONTIGNY-LENCOUP,77,Maison,67,3,700,2023
225000,77520,MONTIGNY-LENCOUP,77,Dépendance,0,0,700,2023
225000,77520,MONTIGNY-LENCOUP,77,Maison,67,3,953,2023
245600,77165,SAINT-SOUPPLETS,77,Maison,108,5,682,2023
6750000,77410,CHARNY,77,Maison,39,2,500,2023
6750000,77410,CHARNY,77,Maison,39,2,19500,2023
6750000,77410,CHARNY,77,Local industriel. commercial ou assimilé,400,0,10930,2023
6750000,77410,CHARNY,77,Local industriel. commercial ou assimilé,490,0,10930,2023
6750000,77410,CHARNY,77,Local industriel. commercial ou assimilé,2442,0,10930,2023
250000,77860,COUILLY-PONT-AUX-DAMES,77,Dépendance,0,0,489,2023
250000,77860,COUILLY-PONT-AUX-DAMES,77,Maison,70,3,489,2023
323000,77280,OTHIS,77,Maison,102,5,410,2023
193960,77480,MOUY-SUR-SEINE,77,Maison,102,5,703,2023
350000,77400,THORIGNY SUR MARNE,77,Maison,64,6,86,2023
320000,77163,DAMMARTIN-SUR-TIGEAUX,77,Maison,90,5,275,2023
320000,77163,DAMMARTIN-SUR-TIGEAUX,77,Maison,90,5,500,2023
323800,77186,NOISIEL,77,Maison,98,5,119,2023
460000,77200,TORCY,77,Maison,120,6,506,2023
72000,77730,CITRY,77,Maison,35,2,37,2023
72000,77730,CITRY,77,Maison,35,2,3439,2023
95000,77320,LESCHEROLLES,77,Dépendance,0,0,741,2023
95000,77320,LESCHEROLLES,77,Maison,55,3,741,2023
260000,77165,IVERNY,77,Maison,77,5,500,2023
260000,77165,IVERNY,77,Maison,77,5,503,2023
260000,77165,IVERNY,77,Dépendance,0,0,503,2023
260000,77165,IVERNY,77,Dépendance,0,0,500,2023
295000,77580,CRECY LA CHAPELLE,77,Maison,70,5,150,2023
270000,77120,MOUROUX,77,Dépendance,0,0,530,2023
270000,77120,MOUROUX,77,Appartement,65,3,530,2023
270000,77120,MOUROUX,77,Appartement,60,3,530,2023
299500,77700,COUPVRAY,77,Dépendance,0,0,500,2023
299500,77700,COUPVRAY,77,Maison,110,6,500,2023
299500,77700,COUPVRAY,77,Dépendance,0,0,669,2023
299500,77700,COUPVRAY,77,Maison,110,6,669,2023
294000,77610,FONTENAY-TRESIGNY,77,Dépendance,0,0,393,2023
294000,77610,FONTENAY-TRESIGNY,77,Maison,77,5,393,2023
155000,77540,COURPALAY,77,Maison,97,4,111,2023
166019,77141,VAUDOY-EN-BRIE,77,Maison,58,3,312,2023
166019,77141,VAUDOY-EN-BRIE,77,Dépendance,0,0,312,2023
242000,77515,POMMEUSE,77,Maison,68,3,2010,2023
242000,77515,POMMEUSE,77,Maison,68,3,500,2023
395000,77500,CHELLES,77,Maison,120,4,726,2023
170000,77515,POMMEUSE,77,Maison,65,4,972,2023
170000,77515,POMMEUSE,77,Maison,65,4,250,2023
170000,77990,LE MESNIL-AMELOT,77,Dépendance,0,0,61,2023
170000,77990,LE MESNIL-AMELOT,77,Appartement,45,1,61,2023
170000,77990,LE MESNIL-AMELOT,77,Appartement,65,3,61,2023
70000,77520,LUISETAINES,77,Dépendance,0,0,699,2023
70000,77520,LUISETAINES,77,Maison,135,3,699,2023
80000,77320,JOUY-SUR-MORIN,77,Dépendance,0,0,93,2023
135000,77320,FERTE-GAUCHER (LA),77,Maison,83,3,76,2023
576500,77400,DAMPMART,77,Maison,173,5,562,2023
525100,77400,LAGNY-SUR-MARNE,77,Maison,68,4,266,2023
525100,77400,LAGNY-SUR-MARNE,77,Maison,68,4,500,2023
485000,77600,GUERMANTES,77,Maison,130,5,209,2023
818500,77600,BUSSY-SAINT-GEORGES,77,Dépendance,0,0,500,2023
818500,77600,BUSSY-SAINT-GEORGES,77,Maison,176,8,500,2023
818500,77600,BUSSY-SAINT-GEORGES,77,Dépendance,0,0,291,2023
818500,77600,BUSSY-SAINT-GEORGES,77,Maison,176,8,291,2023
306000,77230,MOUSSY-LE-NEUF,77,Dépendance,0,0,199,2023
306000,77230,MOUSSY-LE-NEUF,77,Maison,108,5,199,2023
385000,77290,MITRY MORY,77,Appartement,58,3,130,2023
385000,77290,MITRY MORY,77,Appartement,23,2,130,2023
385000,77290,MITRY MORY,77,Local industriel. commercial ou assimilé,53,0,130,2023
385000,77290,MITRY MORY,77,Local industriel. commercial ou assimilé,38,0,130,2023
385000,77290,MITRY MORY,77,Local industriel. commercial ou assimilé,15,0,130,2023
385000,77290,MITRY MORY,77,Dépendance,0,0,130,2023
364000,77400,LAGNY-SUR-MARNE,77,Dépendance,0,0,394,2023
364000,77400,LAGNY-SUR-MARNE,77,Maison,60,4,394,2023
247000,77515,POMMEUSE,77,Maison,76,3,609,2023
305000,77100,MAREUIL-LES-MEAUX,77,Maison,102,7,200,2023
305000,77100,MAREUIL-LES-MEAUX,77,Dépendance,0,0,200,2023
305000,77100,MAREUIL-LES-MEAUX,77,Maison,102,7,500,2023
305000,77100,MAREUIL-LES-MEAUX,77,Dépendance,0,0,500,2023
450000,77400,LAGNY-SUR-MARNE,77,Maison,97,5,266,2023
450000,77400,LAGNY-SUR-MARNE,77,Dépendance,0,0,266,2023
325000,77124,VILLENOY,77,Dépendance,0,0,500,2023
325000,77124,VILLENOY,77,Dépendance,0,0,336,2023
325000,77124,VILLENOY,77,Maison,90,4,500,2023
325000,77124,VILLENOY,77,Maison,90,4,336,2023
99000,77370,FONTAINS,77,Maison,60,4,560,2023
94000,77540,PLESSIS-FEU-AUSSOUS (LE),77,Dépendance,0,0,2900,2023
94000,77540,PLESSIS-FEU-AUSSOUS (LE),77,Dépendance,0,0,100,2023
186000,77840,CROUY-SUR-OURCQ,77,Maison,82,4,500,2023
186000,77840,CROUY-SUR-OURCQ,77,Maison,82,4,170,2023
460200,77420,CHAMPS-SUR-MARNE,77,Maison,127,5,252,2023
185000,77114,GOUAIX,77,Maison,77,3,500,2023
185000,77114,GOUAIX,77,Maison,77,3,723,2023
611000,77144,MONTEVRAIN,77,Maison,130,6,77,2023
611000,77144,MONTEVRAIN,77,Maison,130,6,500,2023
268600,77100,NANTEUIL-LES-MEAUX,77,Maison,60,4,357,2023
770000,77600,CHANTELOUP EN BRIE,77,Maison,170,5,3049,2023
770000,77600,CHANTELOUP EN BRIE,77,Maison,170,5,127,2023
194000,77580,GUERARD,77,Maison,92,3,59,2023
194000,77580,GUERARD,77,Maison,247,8,972,2023
194000,77580,GUERARD,77,Maison,247,8,250,2023
120000,77181,COURTRY,77,Maison,98,5,170,2023
282000,77700,COUPVRAY,77,Maison,70,4,500,2023
282000,77700,COUPVRAY,77,Maison,70,4,113,2023
442000,77470,TRILPORT,77,Maison,85,3,826,2023
442000,77470,TRILPORT,77,Maison,85,3,500,2023
326600,77124,CHAUCONIN-NEUFMONTIERS,77,Maison,81,4,500,2023
326600,77124,CHAUCONIN-NEUFMONTIERS,77,Maison,81,4,46,2023
220000,77510,REBAIS,77,Maison,90,4,138,2023
220000,77510,REBAIS,77,Dépendance,0,0,138,2023
35000,77510,BELLOT,77,Maison,102,5,250,2023
35000,77510,BELLOT,77,Maison,102,5,810,2023
35000,77510,BELLOT,77,Dépendance,0,0,810,2023
35000,77510,BELLOT,77,Dépendance,0,0,250,2023
285000,77750,SAINT-CYR-SUR-MORIN,77,Maison,100,4,500,2023
285000,77750,SAINT-CYR-SUR-MORIN,77,Maison,100,4,431,2023
199600,77320,CHOISY-EN-BRIE,77,Maison,86,4,502,2023
96000,77320,JOUY-SUR-MORIN,77,Dépendance,0,0,74,2023
96000,77320,JOUY-SUR-MORIN,77,Maison,100,4,74,2023
215000,77169,BOISSY-LE-CHATEL,77,Dépendance,0,0,355,2023
215000,77169,BOISSY-LE-CHATEL,77,Maison,107,5,355,2023
240000,77270,VILLEPARISIS,77,Maison,63,3,285,2023
240000,77270,VILLEPARISIS,77,Dépendance,0,0,285,2023
210000,77450,ESBLY,77,Maison,69,4,468,2023
435000,77360,VAIRES SUR MARNE,77,Maison,23,2,483,2023
435000,77360,VAIRES SUR MARNE,77,Maison,123,6,483,2023
330000,77580,LA HAUTE-MAISON,77,Maison,93,4,500,2023
330000,77580,LA HAUTE-MAISON,77,Maison,93,4,161,2023
386000,77420,CHAMPS-SUR-MARNE,77,Maison,86,4,134,2023
332000,77400,LAGNY-SUR-MARNE,77,Dépendance,0,0,730,2023
332000,77400,LAGNY-SUR-MARNE,77,Maison,74,5,730,2023
349000,77400,LAGNY-SUR-MARNE,77,Maison,57,3,455,2023
499000,77400,LAGNY-SUR-MARNE,77,Maison,119,5,200,2023
499000,77400,LAGNY-SUR-MARNE,77,Maison,119,5,500,2023
135000,77480,JAULNES,77,Dépendance,0,0,687,2023
135000,77480,JAULNES,77,Maison,74,4,687,2023
249000,77120,BEAUTHEIL-SAINTS,77,Maison,83,4,651,2023
50000,77160,ROUILLY,77,Maison,90,4,300,2023
50000,77160,ROUILLY,77,Dépendance,0,0,630,2023
50000,77160,ROUILLY,77,Maison,90,4,630,2023
50000,77160,ROUILLY,77,Dépendance,0,0,300,2023
367450,77120,BEAUTHEIL-SAINTS,77,Maison,75,2,250,2023
367450,77120,BEAUTHEIL-SAINTS,77,Maison,52,3,250,2023
367450,77120,BEAUTHEIL-SAINTS,77,Dépendance,0,0,250,2023
367450,77120,BEAUTHEIL-SAINTS,77,Maison,75,2,3676,2023
367450,77120,BEAUTHEIL-SAINTS,77,Maison,52,3,3676,2023
367450,77120,BEAUTHEIL-SAINTS,77,Dépendance,0,0,3676,2023
230000,77510,SAINT-DENIS-LES-REBAIS,77,Maison,88,4,613,2023
230000,77510,SAINT-DENIS-LES-REBAIS,77,Maison,88,4,500,2023
25000,77169,BOISSY-LE-CHATEL,77,Maison,25,2,921,2023
25000,77169,BOISSY-LE-CHATEL,77,Dépendance,0,0,921,2023
25000,77169,BOISSY-LE-CHATEL,77,Maison,25,2,2196,2023
25000,77169,BOISSY-LE-CHATEL,77,Dépendance,0,0,2196,2023
25000,77169,BOISSY-LE-CHATEL,77,Maison,25,2,223,2023
25000,77169,BOISSY-LE-CHATEL,77,Dépendance,0,0,223,2023
359000,77510,TRETOIRE (LA),77,Maison,176,7,577,2023
359000,77510,TRETOIRE (LA),77,Dépendance,0,0,577,2023
359000,77510,TRETOIRE (LA),77,Dépendance,0,0,1553,2023
359000,77510,TRETOIRE (LA),77,Maison,176,7,1553,2023
340000,77165,LE PLESSIS-AUX-BOIS,77,Maison,109,5,431,2023
340000,77165,LE PLESSIS-AUX-BOIS,77,Maison,109,5,500,2023
2500000,77400,SAINT THIBAULT DES VIGNES,77,Local industriel. commercial ou assimilé,2921,0,4416,2023
647490,77500,CHELLES,77,Maison,183,7,661,2023
60000,77510,HONDEVILLIERS,77,Maison,92,5,708,2023
60000,77510,HONDEVILLIERS,77,Dépendance,0,0,708,2023
457300,77144,MONTEVRAIN,77,Maison,108,4,604,2023
190000,77120,MOUROUX,77,Maison,105,6,484,2023
317000,77370,NANGIS,77,Dépendance,0,0,645,2023
317000,77370,NANGIS,77,Maison,185,7,645,2023
208000,77141,VAUDOY-EN-BRIE,77,Maison,116,4,459,2023
182000,77260,CHAMIGNY,77,Dépendance,0,0,308,2023
182000,77260,CHAMIGNY,77,Maison,65,3,308,2023
265000,77660,CHANGIS-SUR-MARNE,77,Dépendance,0,0,45,2023
265000,77660,CHANGIS-SUR-MARNE,77,Maison,65,3,45,2023
265000,77660,CHANGIS-SUR-MARNE,77,Dépendance,0,0,35,2023
158000,77178,SAINT-PATHUS,77,Maison,80,3,500,2023
158000,77178,SAINT-PATHUS,77,Maison,80,3,405,2023
310000,77500,CHELLES,77,Maison,64,3,526,2023
120000,77650,SAINTE-COLOMBE,77,Maison,89,5,679,2023
250000,77260,LA FERTE SOUS JOUARRE,77,Maison,113,6,185,2023
250000,77260,LA FERTE SOUS JOUARRE,77,Maison,113,6,500,2023
1277000,77410,CLAYE-SOUILLY,77,Dépendance,0,0,500,2023
1277000,77410,CLAYE-SOUILLY,77,Appartement,55,1,500,2023
1277000,77410,CLAYE-SOUILLY,77,Appartement,49,2,500,2023
1277000,77410,CLAYE-SOUILLY,77,Appartement,39,1,500,2023
1277000,77410,CLAYE-SOUILLY,77,Appartement,49,1,500,2023
1277000,77410,CLAYE-SOUILLY,77,Appartement,29,1,500,2023
1277000,77410,CLAYE-SOUILLY,77,Appartement,28,1,500,2023
1277000,77410,CLAYE-SOUILLY,77,Appartement,25,1,500,2023
1277000,77410,CLAYE-SOUILLY,77,Dépendance,0,0,10342,2023
1277000,77410,CLAYE-SOUILLY,77,Appartement,39,1,10342,2023
1277000,77410,CLAYE-SOUILLY,77,Appartement,49,2,10342,2023
1277000,77410,CLAYE-SOUILLY,77,Appartement,25,1,10342,2023
1277000,77410,CLAYE-SOUILLY,77,Appartement,28,1,10342,2023
1277000,77410,CLAYE-SOUILLY,77,Appartement,29,1,10342,2023
1277000,77410,CLAYE-SOUILLY,77,Appartement,49,1,10342,2023
1277000,77410,CLAYE-SOUILLY,77,Appartement,55,1,10342,2023
1277000,77410,CLAYE-SOUILLY,77,Appartement,158,4,10342,2023
1277000,77410,CLAYE-SOUILLY,77,Appartement,158,4,500,2023
180000,77100,MEAUX,77,Dépendance,0,0,402,2023
149000,77370,NANGIS,77,Maison,79,4,135,2023
282000,77178,SAINT-PATHUS,77,Maison,103,6,254,2023
165000,77120,AMILLIS,77,Dépendance,0,0,267,2023
165000,77120,AMILLIS,77,Maison,63,2,267,2023
530000,77610,MARLES-EN-BRIE,77,Maison,230,7,546,2023
530000,77610,MARLES-EN-BRIE,77,Dépendance,0,0,546,2023
530000,77610,MARLES-EN-BRIE,77,Dépendance,0,0,150,2023
530000,77610,MARLES-EN-BRIE,77,Maison,230,7,150,2023
399000,77500,CHELLES,77,Maison,109,4,343,2023
205000,77290,MITRY MORY,77,Maison,62,3,280,2023
205000,77290,MITRY MORY,77,Dépendance,0,0,280,2023
331000,77230,MOUSSY-LE-NEUF,77,Maison,120,5,650,2023
331000,77230,MOUSSY-LE-NEUF,77,Dépendance,0,0,650,2023
6500,77410,ANNET-SUR-MARNE,77,Dépendance,0,0,25,2023
185000,77510,VERDELOT,77,Maison,172,5,417,2023
185000,77510,VERDELOT,77,Dépendance,0,0,417,2023
475000,77450,ESBLY,77,Maison,146,5,353,2023
200000,77750,ORLY-SUR-MORIN,77,Maison,125,5,580,2023
1150000,77270,VILLEPARISIS,77,Maison,188,7,177,2023
1150000,77270,VILLEPARISIS,77,Dépendance,0,0,177,2023
1150000,77270,VILLEPARISIS,77,Dépendance,0,0,1844,2023
1150000,77270,VILLEPARISIS,77,Maison,188,7,1844,2023
252000,77450,ESBLY,77,Maison,59,3,293,2023
252000,77450,ESBLY,77,Dépendance,0,0,293,2023
260000,77520,THENISY,77,Maison,65,3,898,2023
260000,77520,THENISY,77,Dépendance,0,0,898,2023
160000,77370,CROIX-EN-BRIE (LA),77,Maison,88,3,1603,2023
160000,77370,CROIX-EN-BRIE (LA),77,Maison,32,2,1603,2023
191000,77154,VILLENEUVE-LES-BORDES,77,Maison,81,4,609,2023
191000,77154,VILLENEUVE-LES-BORDES,77,Maison,81,4,500,2023
305000,77410,CLAYE-SOUILLY,77,Dépendance,0,0,661,2023
305000,77410,CLAYE-SOUILLY,77,Maison,150,7,661,2023
440000,77360,VAIRES SUR MARNE,77,Maison,65,2,303,2023
440000,77360,VAIRES SUR MARNE,77,Dépendance,0,0,303,2023
440000,77360,VAIRES SUR MARNE,77,Maison,65,2,500,2023
440000,77360,VAIRES SUR MARNE,77,Dépendance,0,0,500,2023
105000,77260,LA FERTE SOUS JOUARRE,77,Maison,70,2,344,2023
105000,77260,LA FERTE SOUS JOUARRE,77,Dépendance,0,0,344,2023
397560,77181,LE PIN,77,Dépendance,0,0,555,2023
397560,77181,LE PIN,77,Maison,180,7,555,2023
424000,77450,CONDE-SAINTE-LIBIAIRE,77,Maison,107,5,800,2023
424000,77450,CONDE-SAINTE-LIBIAIRE,77,Maison,107,5,1829,2023
321000,77610,HOUSSAYE-EN-BRIE (LA),77,Maison,103,5,465,2023
260000,77120,COULOMMIERS,77,Maison,143,6,244,2023
260000,77120,COULOMMIERS,77,Dépendance,0,0,244,2023
260000,77120,COULOMMIERS,77,Maison,143,6,500,2023
260000,77120,COULOMMIERS,77,Dépendance,0,0,500,2023
280000,77270,VILLEPARISIS,77,Maison,100,4,500,2023
305000,77230,DAMMARTIN-EN-GOELE,77,Maison,92,5,268,2023
305000,77230,DAMMARTIN-EN-GOELE,77,Dépendance,0,0,268,2023
260000,77186,NOISIEL,77,Maison,64,3,309,2023
260000,77186,NOISIEL,77,Dépendance,0,0,309,2023
262000,77470,TRILPORT,77,Maison,90,4,437,2023
420000,77100,MEAUX,77,Maison,109,6,327,2023
340000,77500,CHELLES,77,Appartement,57,3,319,2023
340000,77500,CHELLES,77,Appartement,32,2,319,2023
340000,77500,CHELLES,77,Local industriel. commercial ou assimilé,43,0,319,2023
733000,77910,GERMIGNY-L EVEQUE,77,Local industriel. commercial ou assimilé,70,0,500,2023
733000,77910,GERMIGNY-L EVEQUE,77,Local industriel. commercial ou assimilé,70,0,2652,2023
733000,77910,GERMIGNY-L EVEQUE,77,Maison,203,6,500,2023
733000,77910,GERMIGNY-L EVEQUE,77,Maison,203,6,2652,2023
283800,77860,QUINCY-VOISINS,77,Maison,82,4,194,2023
60000,77100,MEAUX,77,Dépendance,0,0,345,2023
390000,77144,CHALIFERT,77,Maison,123,5,500,2023
390000,77144,CHALIFERT,77,Maison,123,5,519,2023
279000,77270,VILLEPARISIS,77,Maison,48,3,90,2023
279000,77270,VILLEPARISIS,77,Maison,48,3,710,2023
93000,77580,GUERARD,77,Dépendance,0,0,125,2023
93000,77580,GUERARD,77,Maison,38,3,125,2023
415000,77181,LE PIN,77,Maison,113,8,500,2023
415000,77181,LE PIN,77,Maison,113,8,55,2023
300000,77540,LUMIGNY NESLES ORMEAUX,77,Maison,82,5,130,2023
300000,77540,LUMIGNY NESLES ORMEAUX,77,Dépendance,0,0,130,2023
300000,77540,LUMIGNY NESLES ORMEAUX,77,Maison,82,5,500,2023
300000,77540,LUMIGNY NESLES ORMEAUX,77,Dépendance,0,0,500,2023
129000,77370,SAINT-JUST-EN-BRIE,77,Maison,30,2,209,2023
129000,77370,SAINT-JUST-EN-BRIE,77,Maison,30,2,1338,2023
129000,77370,SAINT-JUST-EN-BRIE,77,Dépendance,0,0,1338,2023
129000,77370,SAINT-JUST-EN-BRIE,77,Dépendance,0,0,209,2023
421000,77169,BOISSY-LE-CHATEL,77,Maison,127,5,1453,2023
421000,77169,BOISSY-LE-CHATEL,77,Maison,127,5,250,2023
270000,77370,NANGIS,77,Maison,94,5,325,2023
270000,77370,NANGIS,77,Maison,94,5,500,2023
460000,77400,LAGNY-SUR-MARNE,77,Maison,76,4,358,2023
333000,77100,MEAUX,77,Local industriel. commercial ou assimilé,240,0,461,2023
480025,77600,GUERMANTES,77,Maison,151,6,507,2023
362000,77100,MEAUX,77,Maison,117,5,101,2023
362000,77100,MEAUX,77,Maison,117,5,500,2023
362000,77100,MEAUX,77,Dépendance,0,0,500,2023
362000,77100,MEAUX,77,Dépendance,0,0,101,2023
310000,77230,SAINT-MARD,77,Maison,86,4,107,2023
310000,77230,SAINT-MARD,77,Maison,86,4,500,2023
273000,77970,PECY,77,Maison,104,6,333,2023
105000,77420,CHAMPS-SUR-MARNE,77,Maison,48,3,108,2023
375000,77183,CROISSY-BEAUBOURG,77,Maison,93,5,468,2023
280000,77410,CHARNY,77,Maison,108,4,348,2023
280000,77410,CHARNY,77,Dépendance,0,0,348,2023
107000,77515,POMMEUSE,77,Maison,40,2,35,2023
853,77320,BETON-BAZOCHES,77,Local industriel. commercial ou assimilé,10,0,342,2023
399000,77270,VILLEPARISIS,77,Maison,155,6,389,2023
399000,77270,VILLEPARISIS,77,Dépendance,0,0,389,2023
1000000,77160,PROVINS,77,Local industriel. commercial ou assimilé,683,0,2021,2023
295000,77270,VILLEPARISIS,77,Maison,62,4,338,2023
209000,77320,CHOISY-EN-BRIE,77,Maison,70,3,700,2023
970000,77700,MAGNY-LE-HONGRE,77,Maison,285,6,500,2023
970000,77700,MAGNY-LE-HONGRE,77,Maison,285,6,1070,2023
16500,77320,FERTE-GAUCHER (LA),77,Dépendance,0,0,29,2023
314970,77181,COURTRY,77,Maison,92,5,223,2023
220000,77580,VOULANGIS,77,Dépendance,0,0,466,2023
220000,77580,VOULANGIS,77,Maison,35,2,500,2023
220000,77580,VOULANGIS,77,Maison,35,2,368,2023
320000,77440,LIZY-SUR-OURCQ,77,Maison,90,3,367,2023
320000,77440,LIZY-SUR-OURCQ,77,Dépendance,0,0,367,2023
330000,77510,REBAIS,77,Local industriel. commercial ou assimilé,646,0,6696,2023
330000,77510,REBAIS,77,Maison,184,7,6696,2023
330000,77510,REBAIS,77,Dépendance,0,0,6696,2023
310000,77580,GUERARD,77,Maison,105,6,765,2023
310000,77580,GUERARD,77,Maison,105,6,500,2023
425000,77515,FAREMOUTIERS,77,Dépendance,0,0,1216,2023
425000,77515,FAREMOUTIERS,77,Dépendance,0,0,382,2023
425000,77515,FAREMOUTIERS,77,Local industriel. commercial ou assimilé,154,0,382,2023
425000,77515,FAREMOUTIERS,77,Maison,170,6,382,2023
425000,77515,FAREMOUTIERS,77,Local industriel. commercial ou assimilé,154,0,1216,2023
425000,77515,FAREMOUTIERS,77,Maison,170,6,1216,2023
169000,77515,CELLE-SUR-MORIN (LA),77,Maison,79,4,93,2023
169000,77515,CELLE-SUR-MORIN (LA),77,Maison,108,5,19,2023
169000,77515,CELLE-SUR-MORIN (LA),77,Maison,75,2,19,2023
169000,77515,CELLE-SUR-MORIN (LA),77,Maison,105,5,19,2023
169000,77515,CELLE-SUR-MORIN (LA),77,Dépendance,0,0,19,2023
239000,77640,JOUARRE,77,Maison,83,5,500,2023
239000,77640,JOUARRE,77,Maison,83,5,239,2023
80000,77114,GOUAIX,77,Maison,55,2,417,2023
80000,77114,GOUAIX,77,Maison,13,1,417,2023
80000,77114,GOUAIX,77,Dépendance,0,0,417,2023
84268,77520,MEIGNEUX,77,Dépendance,0,0,600,2023
84268,77520,MEIGNEUX,77,Dépendance,0,0,1260,2023
84268,77520,MEIGNEUX,77,Maison,46,2,600,2023
84268,77520,MEIGNEUX,77,Maison,46,2,1260,2023
6500,77650,JUTIGNY,77,Dépendance,0,0,519,2023
150000,77650,SAINTE-COLOMBE,77,Dépendance,0,0,375,2023
150000,77650,SAINTE-COLOMBE,77,Appartement,111,4,375,2023
150000,77650,SAINTE-COLOMBE,77,Appartement,121,6,375,2023
352000,77100,NANTEUIL-LES-MEAUX,77,Dépendance,0,0,440,2023
352000,77100,NANTEUIL-LES-MEAUX,77,Maison,100,4,440,2023
128000,77520,DONNEMARIE-DONTILLY,77,Maison,102,4,91,2023
299900,77400,LAGNY-SUR-MARNE,77,Maison,69,3,454,2023
275000,77470,FUBLAINES,77,Maison,119,5,261,2023
275000,77470,FUBLAINES,77,Maison,119,5,500,2023
176000,77860,QUINCY-VOISINS,77,Maison,90,4,812,2023
530000,77144,MONTEVRAIN,77,Maison,114,5,481,2023
1460907,77100,MEAUX,77,Dépendance,0,0,2498,2023
1750000,77174,VILLENEUVE-LE-COMTE,77,Dépendance,0,0,765,2023
1750000,77174,VILLENEUVE-LE-COMTE,77,Appartement,65,3,765,2023
1750000,77174,VILLENEUVE-LE-COMTE,77,Appartement,54,2,765,2023
1750000,77174,VILLENEUVE-LE-COMTE,77,Appartement,52,2,765,2023
1750000,77174,VILLENEUVE-LE-COMTE,77,Appartement,51,2,765,2023
1750000,77174,VILLENEUVE-LE-COMTE,77,Appartement,61,3,765,2023
1750000,77174,VILLENEUVE-LE-COMTE,77,Appartement,66,3,765,2023
1750000,77174,VILLENEUVE-LE-COMTE,77,Appartement,53,2,545,2023
1750000,77174,VILLENEUVE-LE-COMTE,77,Appartement,46,2,545,2023
1750000,77174,VILLENEUVE-LE-COMTE,77,Appartement,63,3,545,2023
1750000,77174,VILLENEUVE-LE-COMTE,77,Dépendance,0,0,545,2023
260000,77420,CHAMPS-SUR-MARNE,77,Maison,82,4,60,2023
148000,77480,FONTAINE-FOURCHES,77,Maison,77,3,600,2023
224000,77420,CHAMPS-SUR-MARNE,77,Maison,103,6,193,2023
224000,77420,CHAMPS-SUR-MARNE,77,Local industriel. commercial ou assimilé,0,0,33,2023
230000,77100,MEAUX,77,Dépendance,0,0,410,2023
230000,77100,MEAUX,77,Maison,51,3,410,2023
259000,77860,QUINCY-VOISINS,77,Maison,74,3,100,2023
229000,77160,CHENOISE-CUCHARMOY,77,Maison,120,3,239,2023
227000,77260,LA FERTE SOUS JOUARRE,77,Appartement,37,1,63,2023
227000,77260,LA FERTE SOUS JOUARRE,77,Appartement,33,1,63,2023
227000,77260,LA FERTE SOUS JOUARRE,77,Appartement,29,1,63,2023
164000,77171,MELZ-SUR-SEINE,77,Maison,125,5,198,2023
100000,77122,MONTHYON,77,Local industriel. commercial ou assimilé,121,0,3412,2023
100000,77122,MONTHYON,77,Local industriel. commercial ou assimilé,178,0,591,2023
100000,77122,MONTHYON,77,Local industriel. commercial ou assimilé,119,0,591,2023
100000,77122,MONTHYON,77,Local industriel. commercial ou assimilé,121,0,591,2023
100000,77122,MONTHYON,77,Local industriel. commercial ou assimilé,178,0,3412,2023
100000,77122,MONTHYON,77,Local industriel. commercial ou assimilé,119,0,3412,2023
265000,77181,COURTRY,77,Maison,57,3,480,2023
248000,77230,MOUSSY-LE-VIEUX,77,Maison,162,5,393,2023
500000,77410,GRESSY,77,Maison,142,6,500,2023
500000,77410,GRESSY,77,Maison,142,6,579,2023
2000000,77400,LAGNY-SUR-MARNE,77,Local industriel. commercial ou assimilé,2432,0,4358,2023
335000,77181,LE PIN,77,Maison,83,4,286,2023
434500,77165,SAINT-SOUPPLETS,77,Maison,183,8,340,2023
434500,77165,SAINT-SOUPPLETS,77,Dépendance,0,0,340,2023
250000,77640,JOUARRE,77,Appartement,46,2,80,2023
250000,77640,JOUARRE,77,Dépendance,0,0,80,2023
94000,77122,MONTHYON,77,Maison,41,2,41,2023
94000,77122,MONTHYON,77,Dépendance,0,0,41,2023
399000,77181,COURTRY,77,Maison,139,6,344,2023
129200,77120,BEAUTHEIL-SAINTS,77,Maison,104,3,70,2023
129200,77120,BEAUTHEIL-SAINTS,77,Dépendance,0,0,70,2023
129200,77120,BEAUTHEIL-SAINTS,77,Dépendance,0,0,3985,2023
129200,77120,BEAUTHEIL-SAINTS,77,Maison,104,3,3985,2023
735000,77910,GERMIGNY-L EVEQUE,77,Maison,221,6,1810,2023
735000,77910,GERMIGNY-L EVEQUE,77,Dépendance,0,0,4743,2023
735000,77910,GERMIGNY-L EVEQUE,77,Dépendance,0,0,1810,2023
735000,77910,GERMIGNY-L EVEQUE,77,Maison,221,6,4743,2023
390400,77410,PRECY-SUR-MARNE,77,Maison,111,4,500,2023
390400,77410,PRECY-SUR-MARNE,77,Maison,111,4,73,2023
247000,77100,MEAUX,77,Maison,90,6,142,2023
247000,77100,MEAUX,77,Dépendance,0,0,142,2023
200000,77600,BUSSY-SAINT-GEORGES,77,Maison,70,3,58,2023
97000,77124,VILLENOY,77,Maison,50,3,50,2023
313000,77290,MITRY MORY,77,Maison,93,4,488,2023
255000,77178,SAINT-PATHUS,77,Maison,83,5,347,2023
275000,77181,COURTRY,77,Maison,67,4,512,2023
275000,77181,COURTRY,77,Dépendance,0,0,512,2023
190500,77470,TRILPORT,77,Maison,69,3,205,2023
179000,77450,MONTRY,77,Maison,42,2,201,2023
179000,77450,MONTRY,77,Dépendance,0,0,201,2023
245000,77510,SAINT-DENIS-LES-REBAIS,77,Maison,90,4,1266,2023
245000,77510,SAINT-DENIS-LES-REBAIS,77,Maison,90,4,250,2023
279000,77420,CHAMPS-SUR-MARNE,77,Maison,60,3,106,2023
315000,77580,VILLIERS-SUR-MORIN,77,Maison,119,4,108,2023
366000,77100,MAREUIL-LES-MEAUX,77,Maison,136,5,600,2023
366000,77100,MAREUIL-LES-MEAUX,77,Maison,136,5,1548,2023
157500,77184,EMERAINVILLE,77,Maison,109,5,261,2023
420000,77400,LAGNY-SUR-MARNE,77,Maison,124,5,408,2023
493300,77860,SAINT-GERMAIN-SUR-MORIN,77,Dépendance,0,0,785,2023
493300,77860,SAINT-GERMAIN-SUR-MORIN,77,Maison,118,6,785,2023
248000,77100,MAREUIL-LES-MEAUX,77,Maison,77,3,208,2023
141920,77320,CHOISY-EN-BRIE,77,Maison,40,2,675,2023
295000,77400,CARNETIN,77,Maison,90,5,78,2023
280000,77169,SAINT-SIMEON,77,Maison,120,4,250,2023
280000,77169,SAINT-SIMEON,77,Maison,120,4,661,2023
239000,77100,NANTEUIL-LES-MEAUX,77,Dépendance,0,0,462,2023
239000,77100,NANTEUIL-LES-MEAUX,77,Maison,72,4,462,2023
470000,77500,CHELLES,77,Maison,155,6,508,2023
520000,77500,CHELLES,77,Dépendance,0,0,481,2023
520000,77500,CHELLES,77,Maison,108,4,481,2023
590000,77420,CHAMPS-SUR-MARNE,77,Maison,143,5,478,2023
600000,77600,BUSSY-SAINT-GEORGES,77,Appartement,25,2,468,2023
600000,77600,BUSSY-SAINT-GEORGES,77,Dépendance,0,0,468,2023
600000,77600,BUSSY-SAINT-GEORGES,77,Maison,123,6,468,2023
437710,77420,CHAMPS-SUR-MARNE,77,Dépendance,0,0,244,2023
437710,77420,CHAMPS-SUR-MARNE,77,Maison,65,3,244,2023
840000,77610,FONTENAY-TRESIGNY,77,Local industriel. commercial ou assimilé,693,0,3031,2023
200000,77640,JOUARRE,77,Local industriel. commercial ou assimilé,400,0,422,2023
350168,77100,NANTEUIL-LES-MEAUX,77,Maison,148,7,306,2023
280000,77100,MEAUX,77,Local industriel. commercial ou assimilé,200,0,950,2023
280000,77100,MEAUX,77,Maison,70,2,950,2023
280000,77100,MEAUX,77,Local industriel. commercial ou assimilé,200,0,500,2023
280000,77100,MEAUX,77,Maison,70,2,500,2023
150000,77160,PROVINS,77,Maison,95,4,95,2023
190000,77120,MOUROUX,77,Maison,60,3,1271,2023
190000,77120,MOUROUX,77,Maison,60,3,346,2023
93000,77370,MAISON-ROUGE,77,Dépendance,0,0,446,2023
93000,77370,MAISON-ROUGE,77,Maison,110,2,446,2023
190000,77970,JOUY-LE-CHATEL,77,Appartement,35,2,87,2023
190000,77970,JOUY-LE-CHATEL,77,Appartement,30,2,87,2023
190000,77970,JOUY-LE-CHATEL,77,Dépendance,0,0,87,2023
190000,77970,JOUY-LE-CHATEL,77,Appartement,42,3,87,2023
170000,77650,SAINT-LOUP-DE-NAUD,77,Maison,115,4,500,2023
187650,77114,GOUAIX,77,Maison,88,4,220,2023
187650,77114,GOUAIX,77,Maison,88,4,500,2023
101000,77650,CHALMAISON,77,Maison,58,2,278,2023
190000,77370,NANGIS,77,Dépendance,0,0,328,2023
190000,77370,NANGIS,77,Appartement,54,3,328,2023
233755,77650,CHALMAISON,77,Maison,100,5,424,2023
233755,77650,CHALMAISON,77,Maison,100,5,560,2023
87000,77370,NANGIS,77,Dépendance,0,0,248,2023
184000,77320,FERTE-GAUCHER (LA),77,Maison,96,4,300,2023
217000,77230,DAMMARTIN-EN-GOELE,77,Appartement,22,1,51,2023
217000,77230,DAMMARTIN-EN-GOELE,77,Appartement,35,1,51,2023
217000,77230,DAMMARTIN-EN-GOELE,77,Appartement,32,1,51,2023
260000,77640,JOUARRE,77,Local industriel. commercial ou assimilé,94,0,285,2023
260000,77640,JOUARRE,77,Dépendance,0,0,285,2023
260000,77640,JOUARRE,77,Maison,123,5,285,2023
206000,77480,BRAY-SUR-SEINE,77,Maison,110,5,605,2023
147500,77560,LOUAN-VILLEGRUIS-FONTAINE,77,Maison,87,4,1040,2023
147500,77560,LOUAN-VILLEGRUIS-FONTAINE,77,Dépendance,0,0,1040,2023
147500,77560,LOUAN-VILLEGRUIS-FONTAINE,77,Maison,87,4,600,2023
147500,77560,LOUAN-VILLEGRUIS-FONTAINE,77,Dépendance,0,0,600,2023
318500,77230,SAINT-MARD,77,Maison,115,5,500,2023
318500,77230,SAINT-MARD,77,Maison,115,5,161,2023
135500,77515,POMMEUSE,77,Maison,108,5,50,2023
405000,77600,GUERMANTES,77,Maison,105,5,429,2023
242000,77230,DAMMARTIN-EN-GOELE,77,Appartement,27,1,55,2023
285000,77165,SAINT-SOUPPLETS,77,Maison,86,4,228,2023
400000,77120,AULNOY,77,Maison,381,9,500,2023
400000,77120,AULNOY,77,Maison,381,9,3535,2023
330000,77100,MEAUX,77,Maison,152,5,433,2023
280000,77860,SAINT-GERMAIN-SUR-MORIN,77,Maison,83,5,476,2023
277000,77750,ORLY-SUR-MORIN,77,Maison,111,6,406,2023
277000,77750,ORLY-SUR-MORIN,77,Dépendance,0,0,406,2023
780000,77910,GERMIGNY-L EVEQUE,77,Maison,203,5,500,2023
780000,77910,GERMIGNY-L EVEQUE,77,Maison,203,5,2000,2023
243000,77730,NANTEUIL-SUR-MARNE,77,Maison,97,4,500,2023
243000,77730,NANTEUIL-SUR-MARNE,77,Maison,97,4,708,2023
370000,77540,LUMIGNY NESLES ORMEAUX,77,Maison,110,4,1424,2023
370000,77540,LUMIGNY NESLES ORMEAUX,77,Maison,110,4,500,2023
72000,77750,SAINT-CYR-SUR-MORIN,77,Dépendance,0,0,316,2023
259000,77100,MEAUX,77,Dépendance,0,0,450,2023
259000,77100,MEAUX,77,Maison,73,4,450,2023
475500,77165,GESVRES-LE-CHAPITRE,77,Maison,73,4,500,2023
475500,77165,GESVRES-LE-CHAPITRE,77,Maison,73,4,700,2023
150000,77270,VILLEPARISIS,77,Dépendance,0,0,170,2023
150000,77270,VILLEPARISIS,77,Maison,30,1,170,2023
277000,77440,ARMENTIERES-EN-BRIE,77,Dépendance,0,0,158,2023
277000,77440,ARMENTIERES-EN-BRIE,77,Maison,95,4,663,2023
2000,77610,FONTENAY-TRESIGNY,77,Dépendance,0,0,20,2023
265000,77178,SAINT-PATHUS,77,Maison,112,8,500,2023
170000,77320,JOUY-SUR-MORIN,77,Maison,64,3,163,2023
170000,77320,JOUY-SUR-MORIN,77,Dépendance,0,0,163,2023
170000,77320,JOUY-SUR-MORIN,77,Dépendance,0,0,205,2023
477000,77860,QUINCY-VOISINS,77,Maison,142,6,589,2023
1840000,77160,PROVINS,77,Local industriel. commercial ou assimilé,891,0,2137,2023
415000,77700,SERRIS,77,Maison,95,5,137,2023
90000,77260,CHAMIGNY,77,Dépendance,0,0,73,2023
90000,77260,CHAMIGNY,77,Maison,53,3,73,2023
475000,77120,BEAUTHEIL-SAINTS,77,Dépendance,0,0,424,2023
475000,77120,BEAUTHEIL-SAINTS,77,Maison,97,5,424,2023
475000,77120,BEAUTHEIL-SAINTS,77,Maison,97,5,12,2023
475000,77120,BEAUTHEIL-SAINTS,77,Dépendance,0,0,12,2023
475000,77120,BEAUTHEIL-SAINTS,77,Dépendance,0,0,3212,2023
520000,77144,MONTEVRAIN,77,Maison,133,5,452,2023
450000,77610,FONTENAY-TRESIGNY,77,Maison,190,8,390,2023
450000,77610,FONTENAY-TRESIGNY,77,Dépendance,0,0,25,2023
180000,77290,MITRY MORY,77,Dépendance,0,0,196,2023
180000,77290,MITRY MORY,77,Maison,45,3,196,2023
316000,77178,SAINT-PATHUS,77,Maison,126,5,500,2023
316000,77178,SAINT-PATHUS,77,Maison,126,5,393,2023
190000,77260,LA FERTE SOUS JOUARRE,77,Maison,139,4,111,2023
337000,77500,CHELLES,77,Dépendance,0,0,1087,2023
337000,77500,CHELLES,77,Maison,100,4,1087,2023
140000,77126,CHATENAY-SUR-SEINE,77,Maison,70,2,500,2023
140000,77126,CHATENAY-SUR-SEINE,77,Maison,15,1,500,2023
140000,77126,CHATENAY-SUR-SEINE,77,Maison,15,1,673,2023
140000,77126,CHATENAY-SUR-SEINE,77,Maison,70,2,673,2023
195000,77370,NANGIS,77,Maison,83,4,234,2023
255000,77260,LA FERTE SOUS JOUARRE,77,Maison,88,6,622,2023
60000,77730,SAACY-SUR-MARNE,77,Maison,38,1,42,2023
25000,77730,CITRY,77,Dépendance,0,0,50,2023
379000,77163,MORTCERF,77,Maison,178,4,135,2023
379000,77163,MORTCERF,77,Dépendance,0,0,135,2023
8000,77970,JOUY-LE-CHATEL,77,Maison,22,1,3282,2023
260000,77400,SAINT THIBAULT DES VIGNES,77,Maison,83,3,44,2023
59000,77510,HONDEVILLIERS,77,Maison,39,3,2041,2023
59000,77510,HONDEVILLIERS,77,Maison,39,3,41,2023
425000,77400,POMPONNE,77,Maison,110,3,590,2023
425000,77400,POMPONNE,77,Dépendance,0,0,590,2023
380000,77400,SAINT THIBAULT DES VIGNES,77,Maison,99,5,266,2023
607000,77700,SERRIS,77,Maison,104,5,65,2023
607000,77700,SERRIS,77,Maison,104,5,500,2023
292000,77320,LA CHAPELLE-MOUTILS,77,Maison,210,7,1510,2023
278000,77500,CHELLES,77,Maison,90,4,309,2023
255500,77270,VILLEPARISIS,77,Maison,73,4,374,2023
255500,77270,VILLEPARISIS,77,Dépendance,0,0,374,2023
370000,77420,CHAMPS-SUR-MARNE,77,Appartement,90,4,300,2023
370000,77420,CHAMPS-SUR-MARNE,77,Dépendance,0,0,300,2023
370000,77420,CHAMPS-SUR-MARNE,77,Appartement,56,4,300,2023
370000,77420,CHAMPS-SUR-MARNE,77,Dépendance,0,0,833,2023
370000,77420,CHAMPS-SUR-MARNE,77,Appartement,56,4,833,2023
370000,77420,CHAMPS-SUR-MARNE,77,Appartement,90,4,833,2023
328500,77450,MONTRY,77,Maison,91,5,617,2023
373000,77120,BEAUTHEIL-SAINTS,77,Dépendance,0,0,358,2023
373000,77120,BEAUTHEIL-SAINTS,77,Maison,170,6,358,2023
405416,77100,MEAUX,77,Local industriel. commercial ou assimilé,51,0,1,2023
330000,77610,NEUFMOUTIERS-EN-BRIE,77,Maison,100,5,501,2023
330000,77610,NEUFMOUTIERS-EN-BRIE,77,Dépendance,0,0,501,2023
190000,77650,LONGUEVILLE,77,Maison,84,5,573,2023
270500,77160,PROVINS,77,Maison,74,3,804,2023
415000,77360,VAIRES SUR MARNE,77,Maison,100,4,400,2023
160000,77270,VILLEPARISIS,77,Dépendance,0,0,595,2023
160000,77270,VILLEPARISIS,77,Maison,27,1,595,2023
284000,77910,VARREDDES,77,Dépendance,0,0,500,2023
284000,77910,VARREDDES,77,Maison,84,5,219,2023
284000,77910,VARREDDES,77,Dépendance,0,0,219,2023
284000,77910,VARREDDES,77,Maison,84,5,500,2023
265000,77270,VILLEPARISIS,77,Maison,70,4,386,2023
380000,77500,CHELLES,77,Maison,109,6,480,2023
556000,77177,BROU-SUR-CHANTEREINE,77,Dépendance,0,0,227,2023
556000,77177,BROU-SUR-CHANTEREINE,77,Maison,45,3,227,2023
556000,77177,BROU-SUR-CHANTEREINE,77,Maison,45,3,500,2023
556000,77177,BROU-SUR-CHANTEREINE,77,Dépendance,0,0,500,2023
275000,77440,LIZY-SUR-OURCQ,77,Maison,78,4,437,2023
706000,77177,BROU-SUR-CHANTEREINE,77,Dépendance,0,0,223,2023
706000,77177,BROU-SUR-CHANTEREINE,77,Dépendance,0,0,500,2023
706000,77177,BROU-SUR-CHANTEREINE,77,Maison,92,5,223,2023
706000,77177,BROU-SUR-CHANTEREINE,77,Maison,92,5,500,2023
382000,77700,BAILLY-ROMAINVILLIERS,77,Maison,85,5,201,2023
275820,77100,MEAUX,77,Maison,75,4,357,2023
275820,77100,MEAUX,77,Dépendance,0,0,357,2023
542020,77600,CHANTELOUP EN BRIE,77,Maison,142,5,368,2023
270000,77260,LA FERTE SOUS JOUARRE,77,Dépendance,0,0,500,2023
270000,77260,LA FERTE SOUS JOUARRE,77,Maison,130,6,790,2023
270000,77260,LA FERTE SOUS JOUARRE,77,Dépendance,0,0,790,2023
270000,77260,LA FERTE SOUS JOUARRE,77,Maison,130,6,500,2023
1700000,77100,MAREUIL-LES-MEAUX,77,Local industriel. commercial ou assimilé,1731,0,2268,2023
425000,77164,FERRIERES-EN-BRIE,77,Maison,80,4,520,2023
208750,77410,CLAYE-SOUILLY,77,Maison,106,5,542,2023
100000,77480,BRAY-SUR-SEINE,77,Appartement,30,1,63,2023
100000,77480,BRAY-SUR-SEINE,77,Appartement,55,2,63,2023
112500,77500,CHELLES,77,Dépendance,0,0,350,2023
112500,77500,CHELLES,77,Maison,99,5,350,2023
415000,77410,VILLEVAUDE,77,Maison,125,4,451,2023
170000,77400,THORIGNY SUR MARNE,77,Dépendance,0,0,326,2023
105000,77178,SAINT-PATHUS,77,Maison,110,5,620,2023
807000,77177,BROU-SUR-CHANTEREINE,77,Maison,115,6,410,2023
807000,77177,BROU-SUR-CHANTEREINE,77,Maison,115,6,500,2023
351000,77500,CHELLES,77,Maison,75,3,404,2023
145000,77560,VOULTON,77,Maison,97,5,695,2023
235400,77520,MONTIGNY-LENCOUP,77,Maison,112,5,500,2023
235400,77520,MONTIGNY-LENCOUP,77,Maison,112,5,588,2023
470000,77515,CELLE-SUR-MORIN (LA),77,Maison,106,3,250,2023
470000,77515,CELLE-SUR-MORIN (LA),77,Maison,106,3,993,2023
236500,77120,MOUROUX,77,Maison,108,6,545,2023
236500,77120,MOUROUX,77,Maison,108,6,228,2023
700000,77230,DAMMARTIN-EN-GOELE,77,Appartement,43,2,869,2023
700000,77230,DAMMARTIN-EN-GOELE,77,Appartement,38,2,869,2023
700000,77230,DAMMARTIN-EN-GOELE,77,Dépendance,0,0,869,2023
330000,77400,THORIGNY SUR MARNE,77,Maison,62,4,493,2023
262000,77370,NANGIS,77,Maison,140,6,154,2023
262000,77370,NANGIS,77,Maison,140,6,950,2023
610000,77700,SERRIS,77,Dépendance,0,0,500,2023
610000,77700,SERRIS,77,Dépendance,0,0,66,2023
610000,77700,SERRIS,77,Maison,142,5,66,2023
610000,77700,SERRIS,77,Maison,142,5,500,2023
55000,77450,TRILBARDOU,77,Maison,90,5,674,2023
410000,77700,BAILLY-ROMAINVILLIERS,77,Maison,85,5,235,2023
190850,77122,MONTHYON,77,Maison,70,4,74,2023
190850,77122,MONTHYON,77,Dépendance,0,0,74,2023
64000,77580,GUERARD,77,Maison,280,6,113,2023
540000,77120,CHAILLY-EN-BRIE,77,Maison,166,4,1000,2023
540000,77120,CHAILLY-EN-BRIE,77,Dépendance,0,0,2500,2023
540000,77120,CHAILLY-EN-BRIE,77,Maison,166,4,2400,2023
540000,77120,CHAILLY-EN-BRIE,77,Dépendance,0,0,18510,2023
540000,77120,CHAILLY-EN-BRIE,77,Maison,166,4,18510,2023
540000,77120,CHAILLY-EN-BRIE,77,Dépendance,0,0,1000,2023
540000,77120,CHAILLY-EN-BRIE,77,Maison,166,4,2500,2023
540000,77120,CHAILLY-EN-BRIE,77,Dépendance,0,0,2400,2023
210000,77520,MONTIGNY-LENCOUP,77,Dépendance,0,0,575,2023
210000,77520,MONTIGNY-LENCOUP,77,Maison,105,5,575,2023
210000,77520,MONTIGNY-LENCOUP,77,Dépendance,0,0,325,2023
210000,77520,MONTIGNY-LENCOUP,77,Maison,105,5,325,2023
380000,77260,USSY-SUR-MARNE,77,Maison,85,3,700,2023
380000,77260,USSY-SUR-MARNE,77,Dépendance,0,0,700,2023
380000,77260,USSY-SUR-MARNE,77,Maison,85,3,500,2023
380000,77260,USSY-SUR-MARNE,77,Dépendance,0,0,500,2023
315000,77280,OTHIS,77,Maison,124,6,636,2023
283490,77400,DAMPMART,77,Maison,112,5,318,2023
291836,77450,MONTRY,77,Maison,60,2,513,2023
707850,77700,MAGNY-LE-HONGRE,77,Maison,196,6,244,2023
707850,77700,MAGNY-LE-HONGRE,77,Maison,196,6,500,2023
254300,77120,CHAILLY-EN-BRIE,77,Maison,82,4,487,2023
149000,77120,COULOMMIERS,77,Dépendance,0,0,305,2023
149000,77120,COULOMMIERS,77,Maison,60,3,305,2023
550000,77144,MONTEVRAIN,77,Maison,137,6,405,2023
427000,77540,ROZAY-EN-BRIE,77,Maison,220,7,348,2023
427000,77540,ROZAY-EN-BRIE,77,Maison,220,7,982,2023
427000,77540,ROZAY-EN-BRIE,77,Dépendance,0,0,982,2023
427000,77540,ROZAY-EN-BRIE,77,Dépendance,0,0,348,2023
300000,77160,PROVINS,77,Maison,98,3,177,2023
300000,77160,PROVINS,77,Local industriel. commercial ou assimilé,38,0,177,2023
120000,77650,SOISY-BOUY,77,Dépendance,0,0,505,2023
120000,77650,SOISY-BOUY,77,Maison,77,2,505,2023
210000,77450,MONTRY,77,Maison,56,3,513,2023
210000,77160,CHALAUTRE-LA-PETITE,77,Maison,83,4,875,2023
210000,77160,CHALAUTRE-LA-PETITE,77,Maison,83,4,323,2023
150000,77160,PROVINS,77,Maison,55,3,542,2023
150000,77160,PROVINS,77,Maison,55,3,285,2023
55000,77560,VILLIERS-SAINT-GEORGES,77,Local industriel. commercial ou assimilé,400,0,469,2023
795000,77144,MONTEVRAIN,77,Maison,163,6,1015,2023
795000,77144,MONTEVRAIN,77,Maison,163,6,500,2023
480000,77230,SAINT-MARD,77,Maison,137,5,410,2023
480000,77230,SAINT-MARD,77,Maison,137,5,500,2023
270000,77860,SAINT-GERMAIN-SUR-MORIN,77,Maison,74,3,669,2023
201330,77100,MEAUX,77,Maison,83,4,106,2023
201330,77100,MEAUX,77,Dépendance,0,0,106,2023
170000,77730,MERY-SUR-MARNE,77,Dépendance,0,0,130,2023
170000,77730,MERY-SUR-MARNE,77,Maison,72,3,130,2023
143000,77320,FERTE-GAUCHER (LA),77,Maison,67,3,49,2023
52800,77580,CRECY LA CHAPELLE,77,Maison,139,5,505,2023
52800,77580,CRECY LA CHAPELLE,77,Dépendance,0,0,505,2023
226000,77290,MITRY MORY,77,Dépendance,0,0,415,2023
226000,77290,MITRY MORY,77,Maison,122,5,415,2023
737000,77400,LAGNY-SUR-MARNE,77,Maison,152,5,500,2023
737000,77400,LAGNY-SUR-MARNE,77,Maison,152,5,294,2023
176500,77440,CONGIS-SUR-THEROUANNE,77,Maison,91,6,609,2023
320000,77500,CHELLES,77,Maison,87,5,547,2023
383140,77580,MAISONCELLES-EN-BRIE,77,Maison,135,4,757,2023
383140,77580,MAISONCELLES-EN-BRIE,77,Maison,135,4,250,2023
684114,77600,CHANTELOUP EN BRIE,77,Local industriel. commercial ou assimilé,0,0,6001,2023
174500,77320,CHOISY-EN-BRIE,77,Maison,125,5,318,2023
174500,77320,CHOISY-EN-BRIE,77,Dépendance,0,0,318,2023
327000,77860,QUINCY-VOISINS,77,Maison,80,5,705,2023
123000,77510,VILLENEUVE-SUR-BELLOT,77,Maison,75,3,45,2023
294800,77470,TRILPORT,77,Maison,95,5,609,2023
143000,77320,FERTE-GAUCHER (LA),77,Maison,76,3,1000,2023
272000,77290,MITRY MORY,77,Maison,80,5,342,2023
285000,77500,CHELLES,77,Maison,57,3,378,2023
285000,77500,CHELLES,77,Dépendance,0,0,378,2023
425000,77400,SAINT THIBAULT DES VIGNES,77,Maison,105,6,380,2023
344850,77500,CHELLES,77,Maison,69,3,435,2023
344850,77500,CHELLES,77,Dépendance,0,0,435,2023
594250,77400,SAINT THIBAULT DES VIGNES,77,Maison,117,5,287,2023
594250,77400,SAINT THIBAULT DES VIGNES,77,Maison,117,5,500,2023
342770,77124,CHAUCONIN-NEUFMONTIERS,77,Maison,100,6,497,2023
335000,77470,TRILPORT,77,Maison,122,6,403,2023
335000,77470,TRILPORT,77,Dépendance,0,0,403,2023
275000,77860,SAINT-GERMAIN-SUR-MORIN,77,Maison,83,5,474,2023
266000,77400,THORIGNY SUR MARNE,77,Local industriel. commercial ou assimilé,1304,0,548,2023
345000,77420,CHAMPS-SUR-MARNE,77,Maison,57,3,509,2023
165000,77730,SAACY-SUR-MARNE,77,Maison,100,4,210,2023
273000,77440,CONGIS-SUR-THEROUANNE,77,Dépendance,0,0,500,2023
273000,77440,CONGIS-SUR-THEROUANNE,77,Maison,74,5,500,2023
151500,77100,MEAUX,77,Dépendance,0,0,20,2023
197000,77540,LUMIGNY NESLES ORMEAUX,77,Maison,65,3,223,2023
402000,77100,MEAUX,77,Maison,106,4,340,2023
402000,77100,MEAUX,77,Dépendance,0,0,340,2023
312000,77100,NANTEUIL-LES-MEAUX,77,Maison,93,5,312,2023
253967,77910,VARREDDES,77,Maison,80,3,560,2023
253967,77910,VARREDDES,77,Dépendance,0,0,560,2023
1,77144,MONTEVRAIN,77,Local industriel. commercial ou assimilé,0,0,10,2023
588550,77600,BUSSY-SAINT-GEORGES,77,Maison,128,6,431,2023
460000,77165,SAINT-SOUPPLETS,77,Dépendance,0,0,438,2023
460000,77165,SAINT-SOUPPLETS,77,Maison,180,7,678,2023
460000,77165,SAINT-SOUPPLETS,77,Dépendance,0,0,678,2023
460000,77165,SAINT-SOUPPLETS,77,Maison,180,7,438,2023
195000,77139,VINCY-MANOEUVRE,77,Maison,96,4,125,2023
350000,77700,COUPVRAY,77,Maison,113,5,612,2023
1500,77320,CHEVRU,77,Maison,12,1,300,2023
7280400,77090,COLLEGIEN,77,Local industriel. commercial ou assimilé,0,0,9222,2023
265000,77120,MOUROUX,77,Maison,98,4,500,2023
265000,77120,MOUROUX,77,Maison,98,4,269,2023
175000,77320,FERTE-GAUCHER (LA),77,Maison,100,5,500,2023
175000,77320,FERTE-GAUCHER (LA),77,Maison,100,5,272,2023
3700000,77290,MITRY MORY,77,Local industriel. commercial ou assimilé,2611,0,5913,2023
3700000,77290,MITRY MORY,77,Local industriel. commercial ou assimilé,2298,0,5913,2023
392000,77260,LA FERTE SOUS JOUARRE,77,Maison,169,5,232,2023
264500,77640,JOUARRE,77,Maison,101,4,500,2023
172000,77144,MONTEVRAIN,77,Maison,16,1,289,2023
293000,77540,ROZAY-EN-BRIE,77,Dépendance,0,0,450,2023
293000,77540,ROZAY-EN-BRIE,77,Maison,79,3,450,2023
727550,77163,MORTCERF,77,Dépendance,0,0,890,2023
727550,77163,MORTCERF,77,Maison,217,9,890,2023
130000,77600,BUSSY-SAINT-GEORGES,77,Maison,167,5,652,2023
80000,77260,LA FERTE SOUS JOUARRE,77,Dépendance,0,0,290,2023
80000,77260,LA FERTE SOUS JOUARRE,77,Maison,54,3,290,2023
363000,77520,DONNEMARIE-DONTILLY,77,Maison,150,7,812,2023
363000,77520,DONNEMARIE-DONTILLY,77,Dépendance,0,0,812,2023
363000,77520,DONNEMARIE-DONTILLY,77,Maison,20,1,812,2023
258450,77660,CHANGIS-SUR-MARNE,77,Maison,75,4,77,2023
258450,77660,CHANGIS-SUR-MARNE,77,Dépendance,0,0,77,2023
322604,77163,MORTCERF,77,Maison,120,6,580,2023
55000,77260,LA FERTE SOUS JOUARRE,77,Dépendance,0,0,200,2023
169000,77660,SAINT JEAN LES DEUX JUMEAUX,77,Maison,75,4,325,2023
170000,77160,ROUILLY,77,Maison,69,3,182,2023
170000,77160,ROUILLY,77,Maison,69,3,735,2023
377000,77400,LAGNY-SUR-MARNE,77,Maison,112,5,128,2023
520000,77700,BAILLY-ROMAINVILLIERS,77,Maison,133,6,410,2023
310000,77500,CHELLES,77,Maison,60,4,324,2023
333000,77280,OTHIS,77,Maison,102,5,476,2023
347342,77540,COURPALAY,77,Maison,160,6,323,2023
347342,77540,COURPALAY,77,Dépendance,0,0,323,2023
347342,77540,COURPALAY,77,Dépendance,0,0,382,2023
267788,77860,QUINCY-VOISINS,77,Maison,70,3,146,2023
452000,77580,BOULEURS,77,Maison,87,5,261,2023
452000,77580,BOULEURS,77,Maison,87,5,500,2023
289000,77580,CRECY LA CHAPELLE,77,Maison,72,3,450,2023
161965,77370,CHAPELLE-RABLAIS (LA),77,Maison,69,3,413,2023
50000,77141,VAUDOY-EN-BRIE,77,Local industriel. commercial ou assimilé,115,0,230,2023
50000,77141,VAUDOY-EN-BRIE,77,Maison,85,4,230,2023
323280,77540,ROZAY-EN-BRIE,77,Maison,102,5,287,2023
365000,77580,VOULANGIS,77,Maison,107,5,629,2023
140000,77120,CHAILLY-EN-BRIE,77,Maison,63,3,127,2023
140000,77120,CHAILLY-EN-BRIE,77,Maison,150,5,257,2023
140000,77120,CHAILLY-EN-BRIE,77,Dépendance,0,0,257,2023
500000,77600,CHANTELOUP EN BRIE,77,Maison,115,5,256,2023
500000,77600,CHANTELOUP EN BRIE,77,Maison,115,5,500,2023
84000,77730,MERY-SUR-MARNE,77,Maison,47,1,1274,2023
84000,77730,MERY-SUR-MARNE,77,Maison,47,1,500,2023
130000,77440,MARY-SUR-MARNE,77,Maison,92,4,340,2023
180000,77440,ISLES-LES-MELDEUSES,77,Maison,110,4,506,2023
306500,77500,CHELLES,77,Maison,60,3,440,2023
306500,77500,CHELLES,77,Dépendance,0,0,440,2023
111000,77171,CHALAUTRE-LA-GRANDE,77,Maison,75,2,1207,2023
111000,77171,CHALAUTRE-LA-GRANDE,77,Dépendance,0,0,1207,2023
236500,77139,VINCY-MANOEUVRE,77,Maison,84,4,476,2023
104000,77171,CHALAUTRE-LA-GRANDE,77,Dépendance,0,0,1027,2023
104000,77171,CHALAUTRE-LA-GRANDE,77,Maison,61,2,1027,2023
111250,77320,CHEVRU,77,Maison,91,4,340,2023
111250,77320,CHEVRU,77,Dépendance,0,0,340,2023
317000,77470,TRILPORT,77,Maison,130,5,991,2023
418000,77100,MAREUIL-LES-MEAUX,77,Maison,240,7,626,2023
358000,77124,CREGY-LES-MEAUX,77,Dépendance,0,0,488,2023
358000,77124,CREGY-LES-MEAUX,77,Maison,131,6,488,2023
137800,77260,LA FERTE SOUS JOUARRE,77,Maison,62,4,616,2023
115000,77970,JOUY-LE-CHATEL,77,Maison,73,3,70,2023
252000,77131,PEZARCHES,77,Maison,103,6,696,2023
252000,77131,PEZARCHES,77,Maison,103,6,500,2023
245000,77860,SAINT-GERMAIN-SUR-MORIN,77,Dépendance,0,0,596,2023
245000,77860,SAINT-GERMAIN-SUR-MORIN,77,Maison,47,2,596,2023
321550,77450,ESBLY,77,Maison,97,4,524,2023
585000,77700,BAILLY-ROMAINVILLIERS,77,Maison,116,6,404,2023
585000,77700,BAILLY-ROMAINVILLIERS,77,Maison,116,6,500,2023
355000,77260,LA FERTE SOUS JOUARRE,77,Maison,126,7,500,2023
355000,77260,LA FERTE SOUS JOUARRE,77,Maison,126,7,514,2023
345000,77280,OTHIS,77,Maison,97,6,404,2023
312000,77178,SAINT-PATHUS,77,Maison,100,4,500,2023
293350,77700,COUPVRAY,77,Maison,61,2,141,2023
293350,77700,COUPVRAY,77,Dépendance,0,0,141,2023
295000,77290,MITRY MORY,77,Maison,93,5,408,2023
295000,77280,OTHIS,77,Maison,89,4,415,2023
310000,77230,JUILLY,77,Maison,94,5,475,2023
400500,77400,SAINT THIBAULT DES VIGNES,77,Maison,92,5,216,2023
168000,77500,CHELLES,77,Dépendance,0,0,400,2023
475000,77400,CARNETIN,77,Dépendance,0,0,1782,2023
475000,77400,CARNETIN,77,Maison,140,5,1782,2023
475000,77400,CARNETIN,77,Dépendance,0,0,500,2023
475000,77400,CARNETIN,77,Maison,140,5,500,2023
10475756,77177,BROU-SUR-CHANTEREINE,77,Dépendance,0,0,500,2023
10475756,77177,BROU-SUR-CHANTEREINE,77,Maison,92,5,500,2023
10475756,77177,BROU-SUR-CHANTEREINE,77,Dépendance,0,0,223,2023
10475756,77177,BROU-SUR-CHANTEREINE,77,Maison,92,5,223,2023
10475756,77177,BROU-SUR-CHANTEREINE,77,Maison,45,3,500,2023
10475756,77177,BROU-SUR-CHANTEREINE,77,Maison,45,3,227,2023
10475756,77177,BROU-SUR-CHANTEREINE,77,Dépendance,0,0,227,2023
10475756,77177,BROU-SUR-CHANTEREINE,77,Maison,115,6,500,2023
10475756,77177,BROU-SUR-CHANTEREINE,77,Maison,115,6,410,2023
319000,77186,NOISIEL,77,Maison,134,5,249,2023
250000,77230,SAINT-MARD,77,Maison,69,4,109,2023
190000,77320,MONTDAUPHIN,77,Local industriel. commercial ou assimilé,837,0,637,2023
190000,77320,MONTDAUPHIN,77,Maison,130,3,637,2023
190000,77320,MONTDAUPHIN,77,Maison,190,6,637,2023
400000,77410,CLAYE-SOUILLY,77,Dépendance,0,0,500,2023
400000,77410,CLAYE-SOUILLY,77,Maison,99,5,120,2023
400000,77410,CLAYE-SOUILLY,77,Maison,99,5,500,2023
400000,77410,CLAYE-SOUILLY,77,Dépendance,0,0,120,2023
239000,77970,BANNOST-VILLEGAGNON,77,Dépendance,0,0,695,2023
239000,77970,BANNOST-VILLEGAGNON,77,Maison,88,4,695,2023
239000,77970,BANNOST-VILLEGAGNON,77,Dépendance,0,0,378,2023
239000,77970,BANNOST-VILLEGAGNON,77,Maison,88,4,378,2023
358000,77124,CREGY-LES-MEAUX,77,Maison,111,5,360,2023
155000,77171,SOURDUN,77,Dépendance,0,0,534,2023
155000,77171,SOURDUN,77,Maison,84,5,534,2023
50000,77520,MONTIGNY-LENCOUP,77,Maison,54,3,87,2023
50000,77520,MONTIGNY-LENCOUP,77,Dépendance,0,0,87,2023
5000,77100,MEAUX,77,Dépendance,0,0,14,2023
525000,77700,MAGNY-LE-HONGRE,77,Maison,113,5,448,2023
249000,77124,VILLENOY,77,Dépendance,0,0,307,2023
249000,77124,VILLENOY,77,Maison,65,3,307,2023
255550,77470,SAINT-FIACRE,77,Maison,100,5,140,2023
159000,77160,PROVINS,77,Maison,70,4,1150,2023
159000,77160,PROVINS,77,Maison,70,4,215,2023
135000,77440,LIZY-SUR-OURCQ,77,Maison,68,4,75,2023
135000,77440,LIZY-SUR-OURCQ,77,Dépendance,0,0,75,2023
31500,77178,SAINT-PATHUS,77,Maison,101,5,500,2023
31500,77178,SAINT-PATHUS,77,Maison,101,5,121,2023
272950,77515,FAREMOUTIERS,77,Local industriel. commercial ou assimilé,2016,0,1895,2023
1300000,77600,BUSSY-SAINT-GEORGES,77,Maison,200,6,781,2023
1300000,77600,BUSSY-SAINT-GEORGES,77,Maison,200,6,500,2023
221000,77230,SAINT-MARD,77,Maison,103,6,104,2023
265000,77178,SAINT-PATHUS,77,Maison,81,4,559,2023
145000,77540,COURPALAY,77,Maison,82,4,76,2023
145000,77540,COURPALAY,77,Dépendance,0,0,76,2023
280000,77970,PECY,77,Maison,142,8,1159,2023
120000,77440,LIZY-SUR-OURCQ,77,Dépendance,0,0,65,2023
120000,77440,LIZY-SUR-OURCQ,77,Maison,71,4,65,2023
160000,77440,COCHEREL,77,Maison,74,4,181,2023
265000,77320,JOUY-SUR-MORIN,77,Maison,117,6,1697,2023
265000,77320,JOUY-SUR-MORIN,77,Maison,117,6,321,2023
153000,77320,FERTE-GAUCHER (LA),77,Maison,74,4,494,2023
335000,77450,ESBLY,77,Maison,91,5,573,2023
402285,77100,MEAUX,77,Local industriel. commercial ou assimilé,25,0,1474,2023
402285,77100,MEAUX,77,Local industriel. commercial ou assimilé,22,0,1474,2023
402285,77100,MEAUX,77,Local industriel. commercial ou assimilé,12,0,1474,2023
402285,77100,MEAUX,77,Local industriel. commercial ou assimilé,350,0,1474,2023
402285,77100,MEAUX,77,Appartement,180,4,1474,2023
210000,77910,GERMIGNY-L EVEQUE,77,Dépendance,0,0,310,2023
210000,77910,GERMIGNY-L EVEQUE,77,Maison,64,3,310,2023
305000,77450,ESBLY,77,Maison,100,4,392,2023
265000,77450,ESBLY,77,Maison,88,5,112,2023
447500,77181,COURTRY,77,Maison,118,6,753,2023
447500,77181,COURTRY,77,Dépendance,0,0,753,2023
306000,77181,COURTRY,77,Maison,73,4,488,2023
370000,77178,SAINT-PATHUS,77,Maison,128,5,501,2023
370000,77178,SAINT-PATHUS,77,Maison,128,5,500,2023
370000,77178,SAINT-PATHUS,77,Dépendance,0,0,500,2023
370000,77178,SAINT-PATHUS,77,Dépendance,0,0,501,2023
250000,77120,COULOMMIERS,77,Local industriel. commercial ou assimilé,0,0,269,2023
250000,77120,COULOMMIERS,77,Maison,75,4,705,2023
344500,77410,VILLEVAUDE,77,Maison,108,4,335,2023
344500,77410,VILLEVAUDE,77,Dépendance,0,0,335,2023
470000,77100,MEAUX,77,Dépendance,0,0,482,2023
470000,77100,MEAUX,77,Appartement,32,1,482,2023
470000,77100,MEAUX,77,Appartement,49,2,482,2023
470000,77100,MEAUX,77,Appartement,60,3,482,2023
470000,77100,MEAUX,77,Appartement,44,2,482,2023
10000,77124,CHAUCONIN-NEUFMONTIERS,77,Dépendance,0,0,1235,2023
1732404,77100,MEAUX,77,Appartement,30,1,1363,2023
1732404,77100,MEAUX,77,Appartement,40,1,1363,2023
1732404,77100,MEAUX,77,Appartement,57,2,1363,2023
1732404,77100,MEAUX,77,Appartement,71,3,1363,2023
1732404,77100,MEAUX,77,Appartement,85,4,1363,2023
1732404,77100,MEAUX,77,Appartement,78,4,1363,2023
1732404,77100,MEAUX,77,Appartement,55,2,1363,2023
1732404,77100,MEAUX,77,Appartement,79,3,1363,2023
1732404,77100,MEAUX,77,Appartement,69,3,1363,2023
1732404,77100,MEAUX,77,Dépendance,0,0,1363,2023
1732404,77100,MEAUX,77,Local industriel. commercial ou assimilé,408,0,1363,2023
1732404,77100,MEAUX,77,Appartement,50,2,1363,2023
1732404,77100,MEAUX,77,Appartement,66,3,1363,2023
1732404,77100,MEAUX,77,Appartement,79,4,1363,2023
1732404,77100,MEAUX,77,Appartement,67,3,1363,2023
1732404,77100,MEAUX,77,Appartement,63,3,1363,2023
1732404,77100,MEAUX,77,Appartement,31,1,1363,2023
1732404,77100,MEAUX,77,Appartement,61,3,1363,2023
1732404,77100,MEAUX,77,Appartement,60,3,1363,2023
1732404,77100,MEAUX,77,Appartement,108,5,1363,2023
1732404,77100,MEAUX,77,Appartement,97,3,1363,2023
1732404,77100,MEAUX,77,Appartement,86,4,1363,2023
1732404,77100,MEAUX,77,Appartement,32,1,1363,2023
1732404,77100,MEAUX,77,Appartement,56,2,1363,2023
1732404,77100,MEAUX,77,Appartement,52,2,1363,2023
1732404,77100,MEAUX,77,Appartement,34,1,1363,2023
1732404,77100,MEAUX,77,Appartement,76,3,1363,2023
332500,77610,FONTENAY-TRESIGNY,77,Maison,133,5,550,2023
330000,77520,SOGNOLLES-EN-MONTOIS,77,Maison,119,4,576,2023
330000,77520,SOGNOLLES-EN-MONTOIS,77,Dépendance,0,0,576,2023
55000,77320,FERTE-GAUCHER (LA),77,Maison,38,2,18,2023
465000,77400,THORIGNY SUR MARNE,77,Maison,66,2,500,2023
465000,77400,THORIGNY SUR MARNE,77,Maison,66,2,687,2023
780000,77600,BUSSY-SAINT-GEORGES,77,Maison,160,5,500,2023
780000,77600,BUSSY-SAINT-GEORGES,77,Maison,160,5,493,2023
400000,77660,SAINT JEAN LES DEUX JUMEAUX,77,Maison,123,7,1985,2023
400000,77660,SAINT JEAN LES DEUX JUMEAUX,77,Maison,123,7,500,2023
142880,77126,EGLIGNY,77,Dépendance,0,0,570,2023
142880,77126,EGLIGNY,77,Maison,101,6,570,2023
258000,77640,JOUARRE,77,Maison,93,4,500,2023
258000,77640,JOUARRE,77,Maison,93,4,250,2023
304000,77640,JOUARRE,77,Dépendance,0,0,500,2023
304000,77640,JOUARRE,77,Dépendance,0,0,424,2023
304000,77640,JOUARRE,77,Maison,80,5,424,2023
304000,77640,JOUARRE,77,Maison,80,5,500,2023
140000,77560,LOUAN-VILLEGRUIS-FONTAINE,77,Dépendance,0,0,596,2023
140000,77560,LOUAN-VILLEGRUIS-FONTAINE,77,Maison,120,4,596,2023
325000,77470,TRILPORT,77,Dépendance,0,0,399,2023
325000,77470,TRILPORT,77,Maison,118,6,399,2023
300000,77970,PECY,77,Maison,83,3,500,2023
300000,77970,PECY,77,Maison,83,3,840,2023
704040,77700,SERRIS,77,Maison,104,5,500,2023
704040,77700,SERRIS,77,Maison,104,5,65,2023
191000,77370,NANGIS,77,Maison,64,4,442,2023
282000,77230,ROUVRES,77,Maison,91,5,405,2023
275000,77610,FONTENAY-TRESIGNY,77,Maison,86,4,539,2023
250000,77970,JOUY-LE-CHATEL,77,Maison,109,4,740,2023
245000,77370,NANGIS,77,Maison,108,6,400,2023
243500,77580,LA HAUTE-MAISON,77,Maison,90,4,70,2023
155000,77160,CHENOISE-CUCHARMOY,77,Maison,65,3,250,2023
199900,77320,FERTE-GAUCHER (LA),77,Maison,87,5,500,2023
199900,77320,FERTE-GAUCHER (LA),77,Maison,87,5,217,2023
269600,77145,MAY-EN-MULTIEN,77,Maison,109,6,380,2023
115000,77165,LE PLESSIS-L EVEQUE,77,Dépendance,0,0,176,2023
115000,77165,LE PLESSIS-L EVEQUE,77,Maison,61,3,176,2023
233070,77450,TRILBARDOU,77,Dépendance,0,0,240,2023
233070,77450,TRILBARDOU,77,Dépendance,0,0,500,2023
233070,77450,TRILBARDOU,77,Maison,102,4,240,2023
233070,77450,TRILBARDOU,77,Maison,102,4,500,2023
290000,77440,MARY-SUR-MARNE,77,Dépendance,0,0,393,2023
290000,77440,MARY-SUR-MARNE,77,Dépendance,0,0,500,2023
290000,77440,MARY-SUR-MARNE,77,Maison,71,4,500,2023
290000,77440,MARY-SUR-MARNE,77,Maison,71,4,393,2023
345000,77230,DAMMARTIN-EN-GOELE,77,Maison,104,6,500,2023
345000,77230,DAMMARTIN-EN-GOELE,77,Maison,104,6,232,2023
285000,77178,SAINT-PATHUS,77,Maison,103,6,252,2023
280000,77580,COULOMMES,77,Dépendance,0,0,110,2023
280000,77580,COULOMMES,77,Maison,102,5,150,2023
130500,77600,BUSSY-SAINT-GEORGES,77,Maison,147,5,475,2023
570000,77181,LE PIN,77,Maison,46,3,300000,2023
1630000,77600,CHANTELOUP EN BRIE,77,Local industriel. commercial ou assimilé,1436,0,2377,2023
1630000,77600,CHANTELOUP EN BRIE,77,Local industriel. commercial ou assimilé,1436,0,500,2023
817300,77470,TRILPORT,77,Appartement,44,2,988,2023
817300,77470,TRILPORT,77,Appartement,24,1,988,2023
817300,77470,TRILPORT,77,Appartement,56,3,988,2023
817300,77470,TRILPORT,77,Appartement,55,3,988,2023
817300,77470,TRILPORT,77,Appartement,38,2,988,2023
85000,77480,GRISY-SUR-SEINE,77,Appartement,118,5,999,2023
85000,77480,GRISY-SUR-SEINE,77,Appartement,36,1,999,2023
237000,77169,CHAUFFRY,77,Maison,160,5,341,2023
237000,77169,CHAUFFRY,77,Dépendance,0,0,341,2023
237000,77169,CHAUFFRY,77,Maison,160,5,611,2023
237000,77169,CHAUFFRY,77,Dépendance,0,0,611,2023
296500,77440,CONGIS-SUR-THEROUANNE,77,Maison,131,6,421,2023
296500,77440,CONGIS-SUR-THEROUANNE,77,Dépendance,0,0,421,2023
322000,77580,GUERARD,77,Maison,86,3,82,2023
340000,77515,FAREMOUTIERS,77,Maison,131,6,434,2023
340000,77515,FAREMOUTIERS,77,Dépendance,0,0,434,2023
209000,77260,LA FERTE SOUS JOUARRE,77,Dépendance,0,0,112,2023
209000,77260,LA FERTE SOUS JOUARRE,77,Maison,65,4,112,2023
250000,77580,CRECY LA CHAPELLE,77,Maison,75,5,373,2023
250000,77580,CRECY LA CHAPELLE,77,Dépendance,0,0,373,2023
346900,77184,EMERAINVILLE,77,Maison,109,5,218,2023
1200000,77600,CHANTELOUP EN BRIE,77,Local industriel. commercial ou assimilé,1450,0,2095,2023
612500,77860,SAINT-GERMAIN-SUR-MORIN,77,Maison,212,5,500,2023
612500,77860,SAINT-GERMAIN-SUR-MORIN,77,Maison,212,5,1735,2023
294000,77640,SIGNY-SIGNETS,77,Dépendance,0,0,1074,2023
294000,77640,SIGNY-SIGNETS,77,Maison,99,5,500,2023
294000,77640,SIGNY-SIGNETS,77,Dépendance,0,0,500,2023
294000,77640,SIGNY-SIGNETS,77,Maison,99,5,1074,2023
209000,77100,NANTEUIL-LES-MEAUX,77,Dépendance,0,0,313,2023
209000,77100,NANTEUIL-LES-MEAUX,77,Maison,105,4,313,2023
10450000,77185,LOGNES,77,Local industriel. commercial ou assimilé,4588,0,4052,2023
520000,77420,CHAMPS-SUR-MARNE,77,Maison,134,4,574,2023
160000,77260,SAMMERON,77,Appartement,29,2,270,2023
160000,77260,SAMMERON,77,Local industriel. commercial ou assimilé,45,0,270,2023
160000,77260,SAMMERON,77,Dépendance,0,0,270,2023
160000,77260,SAMMERON,77,Appartement,17,1,270,2023
331000,77440,ARMENTIERES-EN-BRIE,77,Maison,146,5,500,2023
331000,77440,ARMENTIERES-EN-BRIE,77,Maison,146,5,555,2023
306500,77860,QUINCY-VOISINS,77,Maison,79,4,257,2023
1365000,77400,LAGNY-SUR-MARNE,77,Dépendance,0,0,500,2023
1365000,77400,LAGNY-SUR-MARNE,77,Maison,324,11,500,2023
1365000,77400,LAGNY-SUR-MARNE,77,Maison,324,11,2448,2023
1365000,77400,LAGNY-SUR-MARNE,77,Dépendance,0,0,2448,2023
125000,77440,DHUISY,77,Dépendance,0,0,97,2023
125000,77440,DHUISY,77,Maison,80,3,97,2023
418100,77120,CHAILLY-EN-BRIE,77,Dépendance,0,0,600,2023
418100,77120,CHAILLY-EN-BRIE,77,Maison,200,5,2640,2023
418100,77120,CHAILLY-EN-BRIE,77,Dépendance,0,0,2640,2023
418100,77120,CHAILLY-EN-BRIE,77,Maison,200,5,600,2023
310000,77120,COULOMMIERS,77,Local industriel. commercial ou assimilé,80,0,72,2023
310000,77120,COULOMMIERS,77,Local industriel. commercial ou assimilé,80,0,509,2023
569350,77400,DAMPMART,77,Maison,142,3,1190,2023
245000,77100,MEAUX,77,Maison,107,6,128,2023
245000,77100,MEAUX,77,Dépendance,0,0,128,2023
530000,77160,PROVINS,77,Local industriel. commercial ou assimilé,608,0,3205,2023
530000,77160,PROVINS,77,Maison,68,3,3205,2023
20000,77510,BELLOT,77,Dépendance,0,0,358,2023
252080,77420,CHAMPS-SUR-MARNE,77,Maison,76,4,63,2023
281000,77320,LESCHEROLLES,77,Maison,200,5,703,2023
281000,77320,LESCHEROLLES,77,Dépendance,0,0,703,2023
508700,77500,CHELLES,77,Dépendance,0,0,588,2023
508700,77500,CHELLES,77,Appartement,110,5,588,2023
508700,77500,CHELLES,77,Appartement,40,2,588,2023
160000,77650,CHALMAISON,77,Maison,83,4,500,2023
160000,77650,CHALMAISON,77,Maison,83,4,623,2023
366000,77270,VILLEPARISIS,77,Local industriel. commercial ou assimilé,120,0,600,2023
366000,77270,VILLEPARISIS,77,Dépendance,0,0,600,2023
366000,77270,VILLEPARISIS,77,Maison,104,5,600,2023
285000,77270,VILLEPARISIS,77,Maison,83,4,524,2023
285000,77270,VILLEPARISIS,77,Maison,83,4,76,2023
256000,77500,CHELLES,77,Maison,70,4,646,2023
340000,77500,CHELLES,77,Maison,90,4,337,2023
149500,77370,NANGIS,77,Maison,79,4,207,2023
270000,77270,VILLEPARISIS,77,Dépendance,0,0,555,2023
270000,77270,VILLEPARISIS,77,Maison,82,5,555,2023
214900,77120,BEAUTHEIL-SAINTS,77,Maison,99,4,75,2023
178000,77370,CROIX-EN-BRIE (LA),77,Dépendance,0,0,275,2023
178000,77370,CROIX-EN-BRIE (LA),77,Maison,54,3,275,2023
87000,77640,JOUARRE,77,Maison,70,2,54,2023
201483,77400,THORIGNY SUR MARNE,77,Dépendance,0,0,288,2023
201483,77400,THORIGNY SUR MARNE,77,Maison,203,8,288,2023
139000,77120,BEAUTHEIL-SAINTS,77,Maison,130,5,745,2023
139000,77120,BEAUTHEIL-SAINTS,77,Dépendance,0,0,745,2023
1000000,77660,SAINT JEAN LES DEUX JUMEAUX,77,Appartement,63,3,1432,2023
1000000,77660,SAINT JEAN LES DEUX JUMEAUX,77,Appartement,45,2,1432,2023
1000000,77660,SAINT JEAN LES DEUX JUMEAUX,77,Appartement,53,3,1432,2023
1000000,77660,SAINT JEAN LES DEUX JUMEAUX,77,Appartement,51,3,1432,2023
1000000,77660,SAINT JEAN LES DEUX JUMEAUX,77,Appartement,41,2,1432,2023
1000000,77660,SAINT JEAN LES DEUX JUMEAUX,77,Appartement,37,2,1432,2023
1000000,77660,SAINT JEAN LES DEUX JUMEAUX,77,Appartement,49,3,1432,2023
1000000,77660,SAINT JEAN LES DEUX JUMEAUX,77,Appartement,53,3,1827,2023
1000000,77660,SAINT JEAN LES DEUX JUMEAUX,77,Appartement,51,3,1827,2023
1000000,77660,SAINT JEAN LES DEUX JUMEAUX,77,Appartement,41,2,1827,2023
1000000,77660,SAINT JEAN LES DEUX JUMEAUX,77,Appartement,33,2,1432,2023
1000000,77660,SAINT JEAN LES DEUX JUMEAUX,77,Appartement,37,2,1827,2023
1000000,77660,SAINT JEAN LES DEUX JUMEAUX,77,Appartement,45,2,1827,2023
1000000,77660,SAINT JEAN LES DEUX JUMEAUX,77,Appartement,63,3,641,2023
1000000,77660,SAINT JEAN LES DEUX JUMEAUX,77,Appartement,45,2,641,2023
1000000,77660,SAINT JEAN LES DEUX JUMEAUX,77,Appartement,53,3,641,2023
1000000,77660,SAINT JEAN LES DEUX JUMEAUX,77,Appartement,51,3,641,2023
1000000,77660,SAINT JEAN LES DEUX JUMEAUX,77,Appartement,41,2,641,2023
1000000,77660,SAINT JEAN LES DEUX JUMEAUX,77,Appartement,33,2,1827,2023
1000000,77660,SAINT JEAN LES DEUX JUMEAUX,77,Appartement,31,2,1827,2023
1000000,77660,SAINT JEAN LES DEUX JUMEAUX,77,Appartement,26,2,1827,2023
1000000,77660,SAINT JEAN LES DEUX JUMEAUX,77,Appartement,49,3,1827,2023
1000000,77660,SAINT JEAN LES DEUX JUMEAUX,77,Appartement,63,3,1827,2023
1000000,77660,SAINT JEAN LES DEUX JUMEAUX,77,Appartement,26,2,1432,2023
1000000,77660,SAINT JEAN LES DEUX JUMEAUX,77,Appartement,31,2,1432,2023
1000000,77660,SAINT JEAN LES DEUX JUMEAUX,77,Appartement,33,2,641,2023
1000000,77660,SAINT JEAN LES DEUX JUMEAUX,77,Appartement,31,2,641,2023
1000000,77660,SAINT JEAN LES DEUX JUMEAUX,77,Appartement,26,2,641,2023
1000000,77660,SAINT JEAN LES DEUX JUMEAUX,77,Appartement,49,3,641,2023
1000000,77660,SAINT JEAN LES DEUX JUMEAUX,77,Appartement,37,2,641,2023
224800,77520,DONNEMARIE-DONTILLY,77,Maison,115,5,578,2023
260000,77320,FERTE-GAUCHER (LA),77,Appartement,20,1,187,2023
260000,77320,FERTE-GAUCHER (LA),77,Dépendance,0,0,187,2023
260000,77320,FERTE-GAUCHER (LA),77,Appartement,22,2,187,2023
260000,77320,FERTE-GAUCHER (LA),77,Local industriel. commercial ou assimilé,197,0,187,2023
260000,77320,FERTE-GAUCHER (LA),77,Appartement,31,1,187,2023
260000,77320,FERTE-GAUCHER (LA),77,Appartement,34,1,187,2023
269000,77370,CHAPELLE-RABLAIS (LA),77,Maison,106,4,500,2023
269000,77370,CHAPELLE-RABLAIS (LA),77,Maison,106,4,558,2023
226,77730,CITRY,77,Maison,35,1,452,2023
964000,77610,NEUFMOUTIERS-EN-BRIE,77,Local industriel. commercial ou assimilé,340,0,196,2023
964000,77610,NEUFMOUTIERS-EN-BRIE,77,Appartement,77,3,190,2023
964000,77610,NEUFMOUTIERS-EN-BRIE,77,Appartement,101,3,190,2023
237500,77120,BEAUTHEIL-SAINTS,77,Dépendance,0,0,574,2023
237500,77120,BEAUTHEIL-SAINTS,77,Maison,64,4,574,2023
385000,77600,CONCHES SUR GONDOIRE,77,Maison,95,4,453,2023
221425,77370,GASTINS,77,Maison,113,5,300,2023
221425,77370,GASTINS,77,Maison,113,5,500,2023
120000,77100,MEAUX,77,Maison,72,4,191,2023
9000,77165,SAINT-SOUPPLETS,77,Maison,80,2,87,2023
9000,77165,SAINT-SOUPPLETS,77,Dépendance,0,0,87,2023
233000,77120,MOUROUX,77,Maison,120,6,465,2023
233000,77120,MOUROUX,77,Dépendance,0,0,465,2023
129000,77230,MONTGE-EN-GOELE,77,Maison,52,2,33,2023
212000,77139,VINCY-MANOEUVRE,77,Maison,111,4,275,2023
140000,77480,JAULNES,77,Maison,120,3,168,2023
248500,77139,ETREPILLY,77,Maison,88,5,436,2023
366000,77970,PECY,77,Dépendance,0,0,561,2023
366000,77970,PECY,77,Maison,140,4,561,2023
129500,77640,JOUARRE,77,Maison,57,2,28,2023
340000,77400,CARNETIN,77,Maison,245,5,1722,2023
236500,77165,SAINT-SOUPPLETS,77,Maison,98,3,216,2023
230000,77500,CHELLES,77,Maison,76,4,161,2023
201000,77270,VILLEPARISIS,77,Maison,85,4,242,2023
310000,77500,CHELLES,77,Maison,65,3,477,2023
310000,77500,CHELLES,77,Dépendance,0,0,477,2023
220000,77360,VAIRES SUR MARNE,77,Maison,42,2,427,2023
220000,77360,VAIRES SUR MARNE,77,Dépendance,0,0,427,2023
270000,77500,CHELLES,77,Maison,91,5,207,2023
255000,77580,VOULANGIS,77,Maison,145,6,254,2023
422500,77860,SAINT-GERMAIN-SUR-MORIN,77,Maison,142,8,500,2023
15000,77750,BOITRON,77,Dépendance,0,0,572,2023
224200,77100,NANTEUIL-LES-MEAUX,77,Maison,95,4,258,2023
166500,77510,SABLONNIERES,77,Maison,73,4,540,2023
240000,77510,VILLENEUVE-SUR-BELLOT,77,Maison,88,3,929,2023
240000,77510,VILLENEUVE-SUR-BELLOT,77,Maison,18,1,929,2023
240000,77510,VILLENEUVE-SUR-BELLOT,77,Maison,18,1,2131,2023
240000,77510,VILLENEUVE-SUR-BELLOT,77,Maison,88,3,2131,2023
240000,77510,VILLENEUVE-SUR-BELLOT,77,Maison,88,3,406,2023
240000,77510,VILLENEUVE-SUR-BELLOT,77,Maison,18,1,406,2023
393000,77270,VILLEPARISIS,77,Maison,109,5,372,2023
393000,77270,VILLEPARISIS,77,Dépendance,0,0,372,2023
225000,77840,CROUY-SUR-OURCQ,77,Maison,100,5,1304,2023
225000,77840,CROUY-SUR-OURCQ,77,Dépendance,0,0,1304,2023
225000,77840,CROUY-SUR-OURCQ,77,Maison,100,5,500,2023
225000,77840,CROUY-SUR-OURCQ,77,Dépendance,0,0,500,2023
248000,77260,LA FERTE SOUS JOUARRE,77,Maison,93,4,306,2023
90000,77370,MAISON-ROUGE,77,Maison,25,1,356,2023
90000,77370,MAISON-ROUGE,77,Dépendance,0,0,356,2023
90000,77370,MAISON-ROUGE,77,Maison,220,7,356,2023
272000,77450,MONTRY,77,Maison,111,4,90,2023
272000,77450,MONTRY,77,Dépendance,0,0,90,2023
350000,77400,POMPONNE,77,Maison,90,4,618,2023
350000,77400,POMPONNE,77,Maison,90,4,500,2023
200000,77290,MITRY MORY,77,Maison,120,2,276,2023
356000,77400,THORIGNY SUR MARNE,77,Maison,92,5,727,2023
356000,77400,THORIGNY SUR MARNE,77,Maison,92,5,36,2023
3195758,77290,MITRY MORY,77,Local industriel. commercial ou assimilé,14957,0,41606,2023
364000,77165,SAINT-SOUPPLETS,77,Appartement,49,2,69,2023
364000,77165,SAINT-SOUPPLETS,77,Appartement,49,1,69,2023
364000,77165,SAINT-SOUPPLETS,77,Appartement,53,3,69,2023
364000,77165,SAINT-SOUPPLETS,77,Dépendance,0,0,189,2023
200000,77260,SAINTE-AULDE,77,Maison,80,3,80,2023
200000,77260,SAINTE-AULDE,77,Dépendance,0,0,80,2023
131500,77520,DONNEMARIE-DONTILLY,77,Local industriel. commercial ou assimilé,950,0,522,2023
300000,77169,BOISSY-LE-CHATEL,77,Maison,98,4,543,2023
300000,77169,BOISSY-LE-CHATEL,77,Maison,98,4,500,2023
300000,77169,BOISSY-LE-CHATEL,77,Dépendance,0,0,500,2023
300000,77169,BOISSY-LE-CHATEL,77,Dépendance,0,0,543,2023
485000,77500,CHELLES,77,Maison,72,3,486,2023
892000,77126,EGLIGNY,77,Local industriel. commercial ou assimilé,548,0,23851,2023
892000,77126,EGLIGNY,77,Local industriel. commercial ou assimilé,1739,0,23851,2023
892000,77126,EGLIGNY,77,Local industriel. commercial ou assimilé,1777,0,23851,2023
892000,77126,EGLIGNY,77,Dépendance,0,0,23851,2023
892000,77126,EGLIGNY,77,Maison,174,5,23851,2023
129500,77450,LESCHES,77,Maison,93,4,221,2023
343000,77100,MAREUIL-LES-MEAUX,77,Maison,98,5,431,2023
334000,77610,FONTENAY-TRESIGNY,77,Maison,175,6,711,2023
275000,77610,FONTENAY-TRESIGNY,77,Maison,75,4,96,2023
278666,77120,COULOMMIERS,77,Dépendance,0,0,250,2023
278666,77120,COULOMMIERS,77,Dépendance,0,0,581,2023
278666,77120,COULOMMIERS,77,Maison,123,6,250,2023
278666,77120,COULOMMIERS,77,Maison,123,6,581,2023
153000,77183,CROISSY-BEAUBOURG,77,Maison,196,7,780,2023
153000,77183,CROISSY-BEAUBOURG,77,Dépendance,0,0,780,2023
90000,77144,MONTEVRAIN,77,Maison,25,1,211,2023
426300,77400,LAGNY-SUR-MARNE,77,Dépendance,0,0,454,2023
426300,77400,LAGNY-SUR-MARNE,77,Maison,80,3,454,2023
460000,77600,CHANTELOUP EN BRIE,77,Maison,83,4,198,2023
315000,77970,JOUY-LE-CHATEL,77,Maison,101,5,500,2023
315000,77970,JOUY-LE-CHATEL,77,Maison,101,5,144,2023
365050,77580,COULOMMES,77,Maison,111,5,515,2023
394000,77540,BERNAY VILBERT,77,Dépendance,0,0,1137,2023
394000,77540,BERNAY VILBERT,77,Maison,120,5,1137,2023
164000,77510,SABLONNIERES,77,Maison,48,3,553,2023
164000,77510,SABLONNIERES,77,Dépendance,0,0,446,2023
466550,77700,BAILLY-ROMAINVILLIERS,77,Maison,90,4,579,2023
250000,77270,VILLEPARISIS,77,Maison,86,4,62,2023
240000,77540,VOINSLES,77,Dépendance,0,0,180,2023
240000,77540,VOINSLES,77,Maison,78,4,180,2023
180000,77480,MONTIGNY-LE-GUESDIER,77,Maison,90,4,597,2023
180000,77480,MONTIGNY-LE-GUESDIER,77,Maison,90,4,845,2023
315050,77260,LA FERTE SOUS JOUARRE,77,Maison,110,5,599,2023
285000,77124,CREGY-LES-MEAUX,77,Maison,77,4,215,2023
261417,77440,COCHEREL,77,Maison,74,4,181,2023
109000,77320,FERTE-GAUCHER (LA),77,Dépendance,0,0,386,2023
109000,77320,FERTE-GAUCHER (LA),77,Maison,91,4,386,2023
234000,77440,CONGIS-SUR-THEROUANNE,77,Maison,105,5,535,2023
234000,77440,CONGIS-SUR-THEROUANNE,77,Dépendance,0,0,535,2023
253000,77124,CREGY-LES-MEAUX,77,Maison,67,3,500,2023
253000,77124,CREGY-LES-MEAUX,77,Maison,67,3,707,2023
210000,77320,FERTE-GAUCHER (LA),77,Maison,93,4,500,2023
210000,77320,FERTE-GAUCHER (LA),77,Maison,93,4,256,2023
8000,77320,LESCHEROLLES,77,Dépendance,0,0,42,2023
174960,77515,POMMEUSE,77,Maison,104,4,500,2023
174960,77515,POMMEUSE,77,Maison,104,4,198,2023
140636,77500,CHELLES,77,Local industriel. commercial ou assimilé,553,0,1960,2023
465000,77400,SAINT THIBAULT DES VIGNES,77,Maison,140,5,200,2023
465000,77400,SAINT THIBAULT DES VIGNES,77,Maison,140,5,500,2023
540431,77700,MAGNY-LE-HONGRE,77,Maison,102,5,265,2023
540431,77700,MAGNY-LE-HONGRE,77,Maison,102,5,500,2023
130000,77160,PROVINS,77,Appartement,41,2,206,2023
130000,77160,PROVINS,77,Appartement,52,3,206,2023
130000,77160,PROVINS,77,Appartement,78,3,206,2023
58000,77151,MONTCEAUX-LES-PROVINS,77,Maison,81,4,332,2023
58000,77151,MONTCEAUX-LES-PROVINS,77,Dépendance,0,0,332,2023
292000,77270,VILLEPARISIS,77,Maison,68,4,462,2023
243000,77171,CHALAUTRE-LA-GRANDE,77,Maison,108,5,158,2023
155000,77171,SOURDUN,77,Maison,275,5,1068,2023
253600,77174,VILLENEUVE-SAINT-DENIS,77,Maison,190,7,588,2023
190000,77650,LONGUEVILLE,77,Dépendance,0,0,408,2023
190000,77650,LONGUEVILLE,77,Maison,145,7,408,2023
285000,77100,MAREUIL-LES-MEAUX,77,Maison,79,3,304,2023
52000,77450,TRILBARDOU,77,Dépendance,0,0,426,2023
52000,77450,TRILBARDOU,77,Maison,19,1,426,2023
30000,77510,VILLENEUVE-SUR-BELLOT,77,Dépendance,0,0,161,2023
250000,77500,CHELLES,77,Dépendance,0,0,20,2023
250000,77500,CHELLES,77,Dépendance,0,0,480,2023
715000,77750,SAINT-CYR-SUR-MORIN,77,Maison,77,3,2985,2023
715000,77750,SAINT-CYR-SUR-MORIN,77,Dépendance,0,0,2985,2023
715000,77750,SAINT-CYR-SUR-MORIN,77,Maison,162,5,2985,2023
265500,77580,VAUCOURTOIS,77,Maison,84,4,1104,2023
265500,77580,VAUCOURTOIS,77,Maison,84,4,500,2023
265500,77580,VAUCOURTOIS,77,Dépendance,0,0,500,2023
265500,77580,VAUCOURTOIS,77,Dépendance,0,0,1104,2023
265500,77580,VAUCOURTOIS,77,Maison,84,4,1211,2023
265500,77580,VAUCOURTOIS,77,Dépendance,0,0,1211,2023
108000,77450,ISLES-LES-VILLENOY,77,Dépendance,0,0,355,2023
310000,77370,GASTINS,77,Maison,190,4,437,2023
150000,77120,CHAILLY-EN-BRIE,77,Maison,110,3,129,2023
150000,77120,CHAILLY-EN-BRIE,77,Maison,110,3,500,2023
190000,77750,ORLY-SUR-MORIN,77,Dépendance,0,0,459,2023
190000,77750,ORLY-SUR-MORIN,77,Maison,88,3,459,2023
190000,77750,ORLY-SUR-MORIN,77,Dépendance,0,0,1231,2023
190000,77750,ORLY-SUR-MORIN,77,Maison,88,3,1231,2023
400000,77600,BUSSY-SAINT-MARTIN,77,Maison,81,3,100,2023
400000,77600,BUSSY-SAINT-MARTIN,77,Maison,81,3,500,2023
213000,77450,TRILBARDOU,77,Dépendance,0,0,202,2023
213000,77450,TRILBARDOU,77,Dépendance,0,0,425,2023
213000,77450,TRILBARDOU,77,Maison,162,5,202,2023
213000,77450,TRILBARDOU,77,Maison,162,5,425,2023
162567,77163,DAMMARTIN-SUR-TIGEAUX,77,Maison,78,4,500,2023
68000,77118,BALLOY,77,Dépendance,0,0,5410,2023
68000,77118,BALLOY,77,Maison,173,5,5410,2023
215000,77320,FERTE-GAUCHER (LA),77,Maison,89,3,500,2023
215000,77320,FERTE-GAUCHER (LA),77,Maison,89,3,557,2023
175000,77750,ORLY-SUR-MORIN,77,Maison,95,5,338,2023
175000,77750,ORLY-SUR-MORIN,77,Maison,95,5,500,2023
200000,77410,CLAYE-SOUILLY,77,Maison,137,6,451,2023
520000,77270,VILLEPARISIS,77,Maison,158,4,332,2023
468805,77184,EMERAINVILLE,77,Local industriel. commercial ou assimilé,1510,0,5818,2023
153500,77580,GUERARD,77,Dépendance,0,0,146,2023
97200,77480,GRISY-SUR-SEINE,77,Maison,45,3,569,2023
326830,77230,SAINT-MARD,77,Maison,100,5,300,2023
326830,77230,SAINT-MARD,77,Maison,100,5,500,2023
135000,77370,NANGIS,77,Dépendance,0,0,167,2023
135000,77370,NANGIS,77,Maison,42,2,167,2023
382000,77185,LOGNES,77,Maison,106,5,598,2023
334900,77230,MOUSSY-LE-NEUF,77,Maison,90,4,212,2023
184914,77171,SOURDUN,77,Maison,109,5,540,2023
184914,77171,SOURDUN,77,Maison,109,5,863,2023
380000,77400,LAGNY-SUR-MARNE,77,Maison,45,2,273,2023
380000,77400,LAGNY-SUR-MARNE,77,Dépendance,0,0,273,2023
365000,77185,LOGNES,77,Maison,77,4,187,2023
210000,77290,MITRY MORY,77,Maison,48,2,408,2023
399000,77400,GOUVERNES,77,Maison,81,4,530,2023
284000,77270,VILLEPARISIS,77,Dépendance,0,0,391,2023
284000,77270,VILLEPARISIS,77,Maison,106,5,391,2023
601500,77400,GOUVERNES,77,Maison,167,6,195,2023
601500,77400,GOUVERNES,77,Maison,167,6,500,2023
350000,77500,CHELLES,77,Dépendance,0,0,280,2023
350000,77500,CHELLES,77,Maison,109,5,280,2023
340000,77580,VILLIERS-SUR-MORIN,77,Dépendance,0,0,93,2023
340000,77580,VILLIERS-SUR-MORIN,77,Maison,175,7,120,2023
340000,77580,VILLIERS-SUR-MORIN,77,Dépendance,0,0,120,2023
290000,77370,GASTINS,77,Maison,110,5,503,2023
360000,77186,NOISIEL,77,Maison,84,4,283,2023
300000,77118,GRAVON,77,Dépendance,0,0,432,2023
300000,77118,GRAVON,77,Dépendance,0,0,375,2023
300000,77118,GRAVON,77,Maison,195,7,375,2023
17900,77730,MERY-SUR-MARNE,77,Dépendance,0,0,155,2023
17900,77730,MERY-SUR-MARNE,77,Dépendance,0,0,65,2023
17900,77730,MERY-SUR-MARNE,77,Dépendance,0,0,25,2023
17900,77730,MERY-SUR-MARNE,77,Maison,35,2,25,2023
360000,77100,MEAUX,77,Maison,107,4,500,2023
400000,77200,TORCY,77,Maison,76,4,546,2023
400000,77200,TORCY,77,Dépendance,0,0,546,2023
157000,77540,ROZAY-EN-BRIE,77,Maison,45,1,165,2023
280000,77500,CHELLES,77,Maison,50,4,338,2023
445000,77400,LAGNY-SUR-MARNE,77,Maison,130,5,567,2023
268000,77120,COULOMMIERS,77,Dépendance,0,0,752,2023
268000,77120,COULOMMIERS,77,Dépendance,0,0,250,2023
268000,77120,COULOMMIERS,77,Maison,102,5,250,2023
268000,77120,COULOMMIERS,77,Maison,102,5,752,2023
325000,77400,LAGNY-SUR-MARNE,77,Maison,81,5,246,2023
105000,77122,MONTHYON,77,Dépendance,0,0,101,2023
105000,77122,MONTHYON,77,Maison,72,4,101,2023
550000,77450,JABLINES,77,Maison,150,3,575,2023
550000,77450,JABLINES,77,Maison,150,3,500,2023
400000,77400,THORIGNY SUR MARNE,77,Maison,75,3,660,2023
400000,77400,THORIGNY SUR MARNE,77,Dépendance,0,0,660,2023
3548,77400,GOUVERNES,77,Appartement,54,4,500,2023
3548,77400,GOUVERNES,77,Appartement,54,3,658,2023
3548,77400,GOUVERNES,77,Appartement,54,4,658,2023
3548,77400,GOUVERNES,77,Appartement,45,3,658,2023
3548,77400,GOUVERNES,77,Dépendance,0,0,658,2023
3548,77400,GOUVERNES,77,Appartement,54,3,500,2023
3548,77400,GOUVERNES,77,Appartement,45,3,500,2023
3548,77400,GOUVERNES,77,Dépendance,0,0,500,2023
280000,77400,THORIGNY SUR MARNE,77,Maison,90,5,477,2023
280000,77400,THORIGNY SUR MARNE,77,Dépendance,0,0,477,2023
115000,77750,BOITRON,77,Dépendance,0,0,1064,2023
115000,77750,BOITRON,77,Maison,160,4,1064,2023
160500,77370,NANGIS,77,Local industriel. commercial ou assimilé,3200,0,2670,2023
160500,77370,NANGIS,77,Local industriel. commercial ou assimilé,3200,0,2690,2023
213100,77660,SAINT JEAN LES DEUX JUMEAUX,77,Dépendance,0,0,143,2023
213100,77660,SAINT JEAN LES DEUX JUMEAUX,77,Maison,75,4,143,2023
200000,77420,CHAMPS-SUR-MARNE,77,Maison,136,5,525,2023
100000,77160,PROVINS,77,Local industriel. commercial ou assimilé,249,0,49,2023
100000,77160,PROVINS,77,Appartement,44,2,49,2023
325000,77410,VILLEVAUDE,77,Maison,125,4,451,2023
335500,77270,VILLEPARISIS,77,Maison,114,4,278,2023
245000,77910,VARREDDES,77,Maison,84,3,306,2023
245000,77120,MOUROUX,77,Dépendance,0,0,517,2023
245000,77120,MOUROUX,77,Maison,84,4,517,2023
294000,77470,FUBLAINES,77,Maison,85,4,500,2023
294000,77470,FUBLAINES,77,Maison,85,4,200,2023
144450,77154,COUTENCON,77,Maison,89,3,229,2023
1000,77090,COLLEGIEN,77,Local industriel. commercial ou assimilé,0,0,863,2023
305000,77186,NOISIEL,77,Maison,77,4,110,2023
425000,77164,FERRIERES-EN-BRIE,77,Maison,83,5,530,2023
175000,77122,MONTHYON,77,Maison,72,4,162,2023
220000,77290,MITRY MORY,77,Maison,40,2,415,2023
220000,77290,MITRY MORY,77,Dépendance,0,0,415,2023
51000,77100,NANTEUIL-LES-MEAUX,77,Dépendance,0,0,97,2023
282000,77290,MITRY MORY,77,Maison,102,5,382,2023
60000,77970,JOUY-LE-CHATEL,77,Maison,77,2,85,2023
60000,77970,JOUY-LE-CHATEL,77,Dépendance,0,0,85,2023
409000,77700,COUPVRAY,77,Maison,109,6,1047,2023
409000,77700,COUPVRAY,77,Maison,109,6,500,2023
537000,77700,BAILLY-ROMAINVILLIERS,77,Dépendance,0,0,289,2023
537000,77700,BAILLY-ROMAINVILLIERS,77,Maison,113,5,289,2023
760000,77500,CHELLES,77,Local industriel. commercial ou assimilé,553,0,1960,2023
487000,77400,SAINT THIBAULT DES VIGNES,77,Maison,90,3,500,2023
487000,77400,SAINT THIBAULT DES VIGNES,77,Maison,90,3,412,2023
325000,77126,EGLIGNY,77,Dépendance,0,0,2970,2023
325000,77126,EGLIGNY,77,Maison,220,8,2970,2023
568590,77144,MONTEVRAIN,77,Maison,81,2,341,2023
568590,77144,MONTEVRAIN,77,Dépendance,0,0,341,2023
295000,77184,EMERAINVILLE,77,Maison,89,4,169,2023
50000,77100,MAREUIL-LES-MEAUX,77,Local industriel. commercial ou assimilé,132,0,500,2023
50000,77100,MAREUIL-LES-MEAUX,77,Local industriel. commercial ou assimilé,132,0,601,2023
110000,77260,SAMMERON,77,Maison,72,5,81,2023
110000,77260,SAMMERON,77,Dépendance,0,0,81,2023
300000,77100,NANTEUIL-LES-MEAUX,77,Dépendance,0,0,500,2023
300000,77100,NANTEUIL-LES-MEAUX,77,Dépendance,0,0,279,2023
300000,77100,NANTEUIL-LES-MEAUX,77,Maison,128,5,500,2023
300000,77100,NANTEUIL-LES-MEAUX,77,Maison,128,5,279,2023
58000,77174,VILLENEUVE-LE-COMTE,77,Dépendance,0,0,60,2023
210000,77260,USSY-SUR-MARNE,77,Dépendance,0,0,170,2023
210000,77260,USSY-SUR-MARNE,77,Dépendance,0,0,500,2023
210000,77260,USSY-SUR-MARNE,77,Maison,87,6,500,2023
210000,77260,USSY-SUR-MARNE,77,Maison,87,6,170,2023
306000,77290,MITRY MORY,77,Maison,58,2,300,2023
229000,77515,FAREMOUTIERS,77,Maison,94,3,228,2023
229000,77515,FAREMOUTIERS,77,Dépendance,0,0,228,2023
153000,77160,CHENOISE-CUCHARMOY,77,Maison,89,4,525,2023
335000,77260,LA FERTE SOUS JOUARRE,77,Dépendance,0,0,585,2023
335000,77260,LA FERTE SOUS JOUARRE,77,Maison,138,6,585,2023
694800,77580,VILLIERS-SUR-MORIN,77,Maison,237,7,7636,2023
694800,77580,VILLIERS-SUR-MORIN,77,Dépendance,0,0,7636,2023
694800,77580,VILLIERS-SUR-MORIN,77,Maison,237,7,500,2023
694800,77580,VILLIERS-SUR-MORIN,77,Dépendance,0,0,500,2023
487000,77500,CHELLES,77,Maison,159,9,595,2023
420000,77370,VIEUX-CHAMPAGNE,77,Dépendance,0,0,358,2023
420000,77370,VIEUX-CHAMPAGNE,77,Maison,222,9,358,2023
160000,77510,SAINT-DENIS-LES-REBAIS,77,Dépendance,0,0,589,2023
160000,77510,SAINT-DENIS-LES-REBAIS,77,Maison,109,5,589,2023
317000,77270,VILLEPARISIS,77,Maison,114,5,244,2023
266000,77400,LAGNY-SUR-MARNE,77,Maison,60,1,621,2023
266000,77400,LAGNY-SUR-MARNE,77,Maison,60,1,82,2023
505000,77164,FERRIERES-EN-BRIE,77,Maison,105,4,304,2023
242000,77600,BUSSY-SAINT-GEORGES,77,Maison,89,4,75,2023
191450,77515,FAREMOUTIERS,77,Maison,70,3,53,2023
191450,77515,FAREMOUTIERS,77,Dépendance,0,0,160,2023
191450,77515,FAREMOUTIERS,77,Dépendance,0,0,6,2023
166280,77100,MEAUX,77,Maison,74,4,249,2023
283000,77120,MOUROUX,77,Maison,114,5,545,2023
133750,77480,MOUSSEAUX-LES-BRAY,77,Local industriel. commercial ou assimilé,0,0,413,2023
133750,77480,MOUSSEAUX-LES-BRAY,77,Maison,93,3,413,2023
133750,77480,MOUSSEAUX-LES-BRAY,77,Dépendance,0,0,413,2023
24000,77157,EVERLY,77,Dépendance,0,0,68,2023
235000,77120,AMILLIS,77,Dépendance,0,0,3500,2023
235000,77120,AMILLIS,77,Maison,142,4,500,2023
235000,77120,AMILLIS,77,Dépendance,0,0,500,2023
235000,77120,AMILLIS,77,Maison,142,4,3500,2023
205000,77370,NANGIS,77,Dépendance,0,0,461,2023
205000,77370,NANGIS,77,Maison,95,3,461,2023
100000,77100,MEAUX,77,Dépendance,0,0,168,2023
100000,77100,MEAUX,77,Maison,79,4,168,2023
620000,77100,MEAUX,77,Dépendance,0,0,345,2023
620000,77100,MEAUX,77,Maison,230,8,345,2023
60000,77440,ISLES-LES-MELDEUSES,77,Dépendance,0,0,185,2023
295000,77440,ISLES-LES-MELDEUSES,77,Dépendance,0,0,293,2023
295000,77440,ISLES-LES-MELDEUSES,77,Maison,79,3,293,2023
300000,77500,CHELLES,77,Maison,144,5,500,2023
327200,77124,CREGY-LES-MEAUX,77,Dépendance,0,0,320,2023
327200,77124,CREGY-LES-MEAUX,77,Maison,96,5,320,2023
257000,77370,NANGIS,77,Maison,100,4,470,2023
290000,77120,MOUROUX,77,Maison,101,6,161,2023
290000,77120,MOUROUX,77,Maison,101,6,500,2023
75000,77139,DOUY-LA-RAMEE,77,Maison,70,4,27,2023
75000,77139,DOUY-LA-RAMEE,77,Dépendance,0,0,27,2023
75000,77139,DOUY-LA-RAMEE,77,Maison,68,4,196,2023
75000,77139,DOUY-LA-RAMEE,77,Dépendance,0,0,196,2023
320000,77600,CHANTELOUP EN BRIE,77,Maison,82,4,195,2023
502923,77515,SAINT-AUGUSTIN,77,Dépendance,0,0,2442,2023
502923,77515,SAINT-AUGUSTIN,77,Dépendance,0,0,3883,2023
502923,77515,SAINT-AUGUSTIN,77,Maison,110,3,3883,2023
502923,77515,SAINT-AUGUSTIN,77,Dépendance,0,0,735,2023
502923,77515,SAINT-AUGUSTIN,77,Maison,110,3,735,2023
502923,77515,SAINT-AUGUSTIN,77,Maison,110,3,2442,2023
343940,77410,VILLEVAUDE,77,Maison,108,5,414,2023
374000,77186,NOISIEL,77,Maison,84,4,283,2023
250000,77090,COLLEGIEN,77,Dépendance,0,0,394,2023
250000,77090,COLLEGIEN,77,Maison,53,2,394,2023
348800,77230,MOUSSY-LE-VIEUX,77,Maison,89,5,489,2023
147000,77320,FERTE-GAUCHER (LA),77,Appartement,74,4,586,2023
147000,77320,FERTE-GAUCHER (LA),77,Dépendance,0,0,250,2023
147000,77320,FERTE-GAUCHER (LA),77,Appartement,74,4,250,2023
147000,77320,FERTE-GAUCHER (LA),77,Dépendance,0,0,586,2023
147000,77320,JOUY-SUR-MORIN,77,Dépendance,0,0,16,2023
327000,77230,DAMMARTIN-EN-GOELE,77,Maison,88,5,500,2023
327000,77230,DAMMARTIN-EN-GOELE,77,Maison,88,5,193,2023
352000,77178,SAINT-PATHUS,77,Maison,120,6,500,2023
352000,77178,SAINT-PATHUS,77,Maison,120,6,363,2023
250000,77970,BANNOST-VILLEGAGNON,77,Maison,125,4,445,2023
250000,77970,BANNOST-VILLEGAGNON,77,Maison,125,4,500,2023
457000,77400,LAGNY-SUR-MARNE,77,Maison,56,4,492,2023
52000,77139,DOUY-LA-RAMEE,77,Dépendance,0,0,13,2023
430000,77540,PLESSIS-FEU-AUSSOUS (LE),77,Maison,160,5,250,2023
430000,77540,PLESSIS-FEU-AUSSOUS (LE),77,Maison,160,5,1432,2023
270000,77290,MITRY MORY,77,Dépendance,0,0,731,2023
270000,77290,MITRY MORY,77,Dépendance,0,0,500,2023
291000,77178,SAINT-PATHUS,77,Maison,74,4,623,2023
291000,77178,SAINT-PATHUS,77,Maison,74,4,500,2023
472000,77290,MITRY MORY,77,Appartement,40,2,414,2023
472000,77290,MITRY MORY,77,Appartement,52,3,414,2023
240000,77120,COULOMMIERS,77,Maison,82,5,323,2023
409000,77540,ROZAY-EN-BRIE,77,Maison,104,5,247,2023
345000,77171,SOURDUN,77,Dépendance,0,0,289,2023
345000,77171,SOURDUN,77,Maison,110,5,289,2023
119000,77130,TOMBE (LA),77,Maison,66,4,191,2023
200000,77410,ANNET-SUR-MARNE,77,Local industriel. commercial ou assimilé,30132,0,62046,2023
281653,77420,CHAMPS-SUR-MARNE,77,Dépendance,0,0,162,2023
281653,77420,CHAMPS-SUR-MARNE,77,Maison,93,4,162,2023
220000,77400,CARNETIN,77,Maison,55,3,135,2023
325000,77500,CHELLES,77,Maison,136,5,577,2023
325000,77500,CHELLES,77,Dépendance,0,0,577,2023
220000,77500,CHELLES,77,Maison,25,2,450,2023
118000,77320,SAINT-MARS-VIEUX-MAISONS,77,Maison,81,3,514,2023
460000,77860,COUILLY-PONT-AUX-DAMES,77,Maison,156,6,480,2023
460000,77860,COUILLY-PONT-AUX-DAMES,77,Dépendance,0,0,480,2023
274871,77480,BRAY-SUR-SEINE,77,Maison,110,2,730,2023
210000,77120,COULOMMIERS,77,Maison,74,4,116,2023
210000,77120,COULOMMIERS,77,Maison,74,4,616,2023
252000,77440,LIZY-SUR-OURCQ,77,Maison,110,5,500,2023
252000,77440,LIZY-SUR-OURCQ,77,Maison,110,5,233,2023
371500,77400,DAMPMART,77,Maison,112,5,750,2023
550000,77860,QUINCY-VOISINS,77,Maison,109,6,672,2023
308000,77500,CHELLES,77,Maison,65,4,714,2023
412000,77270,VILLEPARISIS,77,Dépendance,0,0,471,2023
412000,77270,VILLEPARISIS,77,Maison,120,6,471,2023
278000,77120,MOUROUX,77,Maison,78,3,244,2023
278000,77120,MOUROUX,77,Maison,78,3,500,2023
113000,77730,MERY-SUR-MARNE,77,Dépendance,0,0,500,2023
113000,77730,MERY-SUR-MARNE,77,Maison,30,2,537,2023
113000,77730,MERY-SUR-MARNE,77,Dépendance,0,0,537,2023
113000,77730,MERY-SUR-MARNE,77,Maison,30,2,500,2023
180000,77910,VARREDDES,77,Maison,82,4,612,2023
180000,77910,VARREDDES,77,Dépendance,0,0,612,2023
358000,77230,MOUSSY-LE-NEUF,77,Maison,115,6,552,2023
415200,77100,MAREUIL-LES-MEAUX,77,Maison,245,6,210,2023
415200,77100,MAREUIL-LES-MEAUX,77,Maison,245,6,500,2023
245000,77440,CONGIS-SUR-THEROUANNE,77,Maison,84,5,671,2023
245000,77440,CONGIS-SUR-THEROUANNE,77,Dépendance,0,0,671,2023
212000,77580,VILLIERS-SUR-MORIN,77,Maison,50,2,500,2023
212000,77580,VILLIERS-SUR-MORIN,77,Maison,50,2,1000,2023
212000,77580,VILLIERS-SUR-MORIN,77,Maison,50,2,2026,2023
162000,77910,BARCY,77,Dépendance,0,0,37,2023
162000,77910,BARCY,77,Dépendance,0,0,8,2023
225000,77178,OISSERY,77,Dépendance,0,0,522,2023
225000,77178,OISSERY,77,Maison,84,3,522,2023
1,77320,JOUY-SUR-MORIN,77,Local industriel. commercial ou assimilé,1207,0,6462,2023
460000,77164,FERRIERES-EN-BRIE,77,Maison,91,5,590,2023
481970,77260,CHAMIGNY,77,Dépendance,0,0,2308,2023
481970,77260,CHAMIGNY,77,Maison,264,8,2308,2023
227000,77440,LIZY-SUR-OURCQ,77,Maison,85,4,575,2023
240000,77230,DAMMARTIN-EN-GOELE,77,Appartement,54,3,90,2023
240000,77230,DAMMARTIN-EN-GOELE,77,Dépendance,0,0,90,2023
240000,77230,DAMMARTIN-EN-GOELE,77,Appartement,43,2,90,2023
170000,77320,FERTE-GAUCHER (LA),77,Dépendance,0,0,650,2023
170000,77320,FERTE-GAUCHER (LA),77,Maison,90,6,650,2023
150000,77120,COULOMMIERS,77,Dépendance,0,0,79,2023
80000,77520,VIMPELLES,77,Dépendance,0,0,761,2023
80000,77520,VIMPELLES,77,Appartement,67,3,761,2023
80000,77520,VIMPELLES,77,Appartement,71,3,761,2023
235000,77120,MOUROUX,77,Maison,95,3,253,2023
292000,77320,SANCY LES PROVINS,77,Maison,140,3,2085,2023
292000,77320,SANCY LES PROVINS,77,Dépendance,0,0,2085,2023
425000,77120,MOUROUX,77,Dépendance,0,0,1021,2023
425000,77120,MOUROUX,77,Maison,153,5,1021,2023
425000,77120,MOUROUX,77,Dépendance,0,0,1500,2023
425000,77120,MOUROUX,77,Dépendance,0,0,250,2023
425000,77120,MOUROUX,77,Maison,153,5,250,2023
425000,77120,MOUROUX,77,Maison,153,5,1500,2023
577000,77450,ISLES-LES-VILLENOY,77,Maison,150,7,540,2023
577000,77450,ISLES-LES-VILLENOY,77,Maison,150,7,500,2023
242000,77840,CROUY-SUR-OURCQ,77,Maison,94,5,657,2023
51500,77320,SAINT-BARTHELEMY,77,Maison,110,4,345,2023
254000,77270,VILLEPARISIS,77,Dépendance,0,0,447,2023
254000,77270,VILLEPARISIS,77,Maison,84,5,447,2023
287000,77124,PENCHARD,77,Maison,95,4,808,2023
250000,77131,TOUQUIN,77,Maison,114,4,152,2023
10500000,77600,CHANTELOUP EN BRIE,77,Local industriel. commercial ou assimilé,3932,0,5505,2023
200000,77660,CHANGIS-SUR-MARNE,77,Appartement,70,3,103,2023
300000,77500,CHELLES,77,Maison,70,3,397,2023
275000,77540,BERNAY VILBERT,77,Maison,122,5,417,2023
340000,77400,POMPONNE,77,Maison,101,6,396,2023
376000,77124,CREGY-LES-MEAUX,77,Maison,200,6,2650,2023
376000,77124,CREGY-LES-MEAUX,77,Maison,200,6,1000,2023
282000,77370,NANGIS,77,Dépendance,0,0,516,2023
282000,77370,NANGIS,77,Maison,126,5,516,2023
157000,77640,JOUARRE,77,Dépendance,0,0,58,2023
157000,77640,JOUARRE,77,Maison,113,5,58,2023
180000,77230,MARCHEMORET,77,Dépendance,0,0,500,2023
180000,77230,MARCHEMORET,77,Maison,68,4,500,2023
180000,77230,MARCHEMORET,77,Dépendance,0,0,158,2023
180000,77230,MARCHEMORET,77,Maison,68,4,158,2023
150000,77100,MEAUX,77,Local industriel. commercial ou assimilé,196,0,55,2023
150000,77100,MEAUX,77,Maison,42,3,21,2023
294000,77370,CROIX-EN-BRIE (LA),77,Maison,147,6,180,2023
294000,77370,CROIX-EN-BRIE (LA),77,Maison,147,6,340,2023
294000,77370,CROIX-EN-BRIE (LA),77,Maison,147,6,360,2023
250000,77400,LAGNY-SUR-MARNE,77,Dépendance,0,0,155,2023
250000,77400,LAGNY-SUR-MARNE,77,Maison,55,3,155,2023
280000,77280,OTHIS,77,Maison,77,4,151,2023
180000,77270,VILLEPARISIS,77,Dépendance,0,0,231,2023
180000,77270,VILLEPARISIS,77,Maison,85,4,231,2023
375000,77270,VILLEPARISIS,77,Maison,120,7,500,2023
208000,77320,LESCHEROLLES,77,Dépendance,0,0,250,2023
208000,77320,LESCHEROLLES,77,Maison,90,4,250,2023
208000,77320,LESCHEROLLES,77,Dépendance,0,0,795,2023
208000,77320,LESCHEROLLES,77,Maison,90,4,795,2023
245900,77124,PENCHARD,77,Maison,102,5,194,2023
250000,77230,DAMMARTIN-EN-GOELE,77,Maison,73,4,450,2023
211000,77910,GERMIGNY-L EVEQUE,77,Maison,62,2,148,2023
211000,77910,GERMIGNY-L EVEQUE,77,Dépendance,0,0,148,2023
150000,77120,MOUROUX,77,Maison,115,3,1000,2023
150000,77120,MOUROUX,77,Maison,115,3,250,2023
150000,77120,MOUROUX,77,Maison,115,3,2250,2023
150000,77120,MOUROUX,77,Maison,115,3,1777,2023
305000,77450,ESBLY,77,Maison,64,3,186,2023
305000,77450,ESBLY,77,Maison,64,3,500,2023
237000,77500,CHELLES,77,Dépendance,0,0,480,2023
190000,77169,SAINT-SIMEON,77,Maison,75,4,760,2023
190000,77169,SAINT-SIMEON,77,Maison,75,4,1245,2023
93000,77118,BAZOCHES LES BRAY,77,Dépendance,0,0,205,2023
93000,77118,BAZOCHES LES BRAY,77,Maison,39,2,205,2023
180000,77120,COULOMMIERS,77,Dépendance,0,0,450,2023
180000,77120,COULOMMIERS,77,Appartement,90,3,450,2023
209000,77580,GUERARD,77,Maison,82,4,131,2023
445000,77410,CLAYE-SOUILLY,77,Dépendance,0,0,500,2023
445000,77410,CLAYE-SOUILLY,77,Maison,80,4,500,2023
445000,77410,CLAYE-SOUILLY,77,Dépendance,0,0,191,2023
445000,77410,CLAYE-SOUILLY,77,Maison,80,4,191,2023
459389,77860,QUINCY-VOISINS,77,Dépendance,0,0,500,2023
459389,77860,QUINCY-VOISINS,77,Maison,148,5,518,2023
459389,77860,QUINCY-VOISINS,77,Maison,148,5,500,2023
459389,77860,QUINCY-VOISINS,77,Dépendance,0,0,518,2023
282400,77860,QUINCY-VOISINS,77,Maison,76,4,228,2023
16000,77120,MOUROUX,77,Dépendance,0,0,92,2023
16000,77120,MOUROUX,77,Dépendance,0,0,585,2023
225000,77515,POMMEUSE,77,Maison,82,3,1137,2023
225000,77515,POMMEUSE,77,Maison,82,3,424,2023
75000,77400,LAGNY-SUR-MARNE,77,Maison,50,3,388,2023
221000,77640,JOUARRE,77,Maison,91,6,861,2023
150000,77580,GUERARD,77,Dépendance,0,0,390,2023
150000,77580,GUERARD,77,Maison,160,5,365,2023
150000,77580,GUERARD,77,Dépendance,0,0,365,2023
267000,77580,SANCY-LES-MEAUX,77,Dépendance,0,0,503,2023
267000,77580,SANCY-LES-MEAUX,77,Maison,106,5,503,2023
189500,77660,CHANGIS-SUR-MARNE,77,Maison,44,2,233,2023
145000,77970,BEZALLES,77,Maison,78,5,500,2023
145000,77970,BEZALLES,77,Maison,78,5,295,2023
240000,77560,VILLIERS-SAINT-GEORGES,77,Maison,95,5,400,2023
240000,77560,VILLIERS-SAINT-GEORGES,77,Maison,95,5,500,2023
4800000,77700,BAILLY-ROMAINVILLIERS,77,Local industriel. commercial ou assimilé,1964,0,8512,2023
400000,77450,ISLES-LES-VILLENOY,77,Dépendance,0,0,500,2023
400000,77450,ISLES-LES-VILLENOY,77,Maison,195,6,500,2023
400000,77450,ISLES-LES-VILLENOY,77,Maison,195,6,642,2023
400000,77450,ISLES-LES-VILLENOY,77,Dépendance,0,0,642,2023
325000,77124,CHAUCONIN-NEUFMONTIERS,77,Maison,103,5,376,2023
170000,77480,MONTIGNY-LE-GUESDIER,77,Maison,152,5,410,2023
170000,77480,MONTIGNY-LE-GUESDIER,77,Dépendance,0,0,410,2023
280000,77165,CUISY,77,Maison,103,5,393,2023
280000,77165,CUISY,77,Maison,103,5,500,2023
285000,77860,COUILLY-PONT-AUX-DAMES,77,Local industriel. commercial ou assimilé,316,0,316,2023
285000,77860,COUILLY-PONT-AUX-DAMES,77,Maison,46,3,316,2023
230000,77650,SAINTE-COLOMBE,77,Dépendance,0,0,542,2023
230000,77650,SAINTE-COLOMBE,77,Maison,96,5,542,2023
168000,77160,PROVINS,77,Dépendance,0,0,1840,2023
168000,77160,PROVINS,77,Maison,78,4,1840,2023
168000,77160,PROVINS,77,Dépendance,0,0,332,2023
168000,77160,PROVINS,77,Maison,78,4,332,2023
182000,77480,FONTAINE-FOURCHES,77,Maison,109,4,772,2023
182000,77480,FONTAINE-FOURCHES,77,Dépendance,0,0,772,2023
265000,77500,CHELLES,77,Maison,61,4,212,2023
313000,77750,ORLY-SUR-MORIN,77,Maison,150,7,326,2023
313000,77750,ORLY-SUR-MORIN,77,Dépendance,0,0,326,2023
318000,77270,VILLEPARISIS,77,Maison,70,4,405,2023
280000,77610,HOUSSAYE-EN-BRIE (LA),77,Dépendance,0,0,189,2023
280000,77610,HOUSSAYE-EN-BRIE (LA),77,Maison,42,2,189,2023
280000,77610,HOUSSAYE-EN-BRIE (LA),77,Dépendance,0,0,605,2023
280000,77610,HOUSSAYE-EN-BRIE (LA),77,Maison,42,2,605,2023
280000,77610,HOUSSAYE-EN-BRIE (LA),77,Maison,155,6,605,2023
280000,77610,HOUSSAYE-EN-BRIE (LA),77,Maison,155,6,189,2023
572300,77360,VAIRES SUR MARNE,77,Maison,142,7,557,2023
323810,77169,CHAUFFRY,77,Maison,130,5,665,2023
323810,77169,CHAUFFRY,77,Maison,130,5,250,2023
323810,77169,CHAUFFRY,77,Dépendance,0,0,250,2023
323810,77169,CHAUFFRY,77,Dépendance,0,0,665,2023
243902,77440,TROCY-EN-MULTIEN,77,Maison,120,5,683,2023
393000,77400,GOUVERNES,77,Maison,76,5,549,2023
393000,77400,GOUVERNES,77,Local industriel. commercial ou assimilé,0,0,17,2023
215000,77840,CROUY-SUR-OURCQ,77,Maison,101,6,298,2023
215000,77840,CROUY-SUR-OURCQ,77,Dépendance,0,0,298,2023
275000,77500,CHELLES,77,Maison,69,4,460,2023
229000,77515,CELLE-SUR-MORIN (LA),77,Maison,104,4,181,2023
229000,77515,CELLE-SUR-MORIN (LA),77,Dépendance,0,0,181,2023
143000,77260,LA FERTE SOUS JOUARRE,77,Maison,50,3,46,2023
427430,77400,SAINT THIBAULT DES VIGNES,77,Maison,114,7,298,2023
1490000,77410,CLAYE-SOUILLY,77,Appartement,43,2,800,2023
1490000,77410,CLAYE-SOUILLY,77,Local industriel. commercial ou assimilé,220,0,800,2023
1490000,77410,CLAYE-SOUILLY,77,Appartement,82,3,800,2023
1490000,77410,CLAYE-SOUILLY,77,Appartement,76,3,800,2023
1490000,77410,CLAYE-SOUILLY,77,Appartement,80,3,800,2023
1490000,77410,CLAYE-SOUILLY,77,Appartement,74,3,800,2023
1490000,77410,CLAYE-SOUILLY,77,Appartement,51,2,800,2023
1490000,77410,CLAYE-SOUILLY,77,Dépendance,0,0,800,2023
1490000,77410,CLAYE-SOUILLY,77,Local industriel. commercial ou assimilé,25,0,800,2023
1490000,77410,CLAYE-SOUILLY,77,Local industriel. commercial ou assimilé,10,0,800,2023
200000,77270,VILLEPARISIS,77,Maison,40,2,277,2023
200000,77270,VILLEPARISIS,77,Dépendance,0,0,277,2023
325000,77290,MITRY MORY,77,Maison,87,4,476,2023
237500,77990,LE MESNIL-AMELOT,77,Maison,210,9,568,2023
265000,77500,CHELLES,77,Maison,80,5,325,2023
260300,77580,CRECY LA CHAPELLE,77,Maison,78,4,318,2023
165000,77370,CROIX-EN-BRIE (LA),77,Dépendance,0,0,316,2023
165000,77370,CROIX-EN-BRIE (LA),77,Appartement,85,4,316,2023
304100,77120,BEAUTHEIL-SAINTS,77,Maison,140,5,959,2023
304100,77120,BEAUTHEIL-SAINTS,77,Dépendance,0,0,250,2023
304100,77120,BEAUTHEIL-SAINTS,77,Dépendance,0,0,959,2023
304100,77120,BEAUTHEIL-SAINTS,77,Maison,140,5,250,2023
222138,77320,CERNEUX,77,Local industriel. commercial ou assimilé,0,0,7915,2023
222138,77320,CERNEUX,77,Local industriel. commercial ou assimilé,0,0,15830,2023
144000,77515,POMMEUSE,77,Maison,52,2,64,2023
144000,77515,POMMEUSE,77,Dépendance,0,0,64,2023
144000,77515,POMMEUSE,77,Maison,11,1,16,2023
144000,77515,POMMEUSE,77,Dépendance,0,0,16,2023
810400,77700,MAGNY-LE-HONGRE,77,Maison,176,7,500,2023
810400,77700,MAGNY-LE-HONGRE,77,Maison,176,7,278,2023
307591,77700,SERRIS,77,Maison,83,4,136,2023
245000,77320,CHEVRU,77,Maison,142,6,619,2023
169100,77640,SIGNY-SIGNETS,77,Maison,80,3,332,2023
417000,77410,CLAYE-SOUILLY,77,Maison,136,5,500,2023
417000,77410,CLAYE-SOUILLY,77,Maison,136,5,359,2023
246000,77270,VILLEPARISIS,77,Maison,92,4,264,2023
450760,77700,BAILLY-ROMAINVILLIERS,77,Maison,107,5,454,2023
450760,77700,BAILLY-ROMAINVILLIERS,77,Dépendance,0,0,454,2023
263600,77515,FAREMOUTIERS,77,Maison,87,5,350,2023
145000,77171,CHALAUTRE-LA-GRANDE,77,Maison,110,4,684,2023
128000,77750,SAINT-CYR-SUR-MORIN,77,Maison,60,3,119,2023
128000,77750,SAINT-CYR-SUR-MORIN,77,Dépendance,0,0,119,2023
432000,77090,COLLEGIEN,77,Maison,104,5,303,2023
400000,77174,VILLENEUVE-LE-COMTE,77,Dépendance,0,0,241,2023
400000,77174,VILLENEUVE-LE-COMTE,77,Maison,100,4,500,2023
400000,77174,VILLENEUVE-LE-COMTE,77,Dépendance,0,0,500,2023
400000,77174,VILLENEUVE-LE-COMTE,77,Maison,100,4,241,2023
185000,77450,ESBLY,77,Maison,63,3,42,2023
67000,77910,BARCY,77,Dépendance,0,0,50,2023
352900,77410,CLAYE-SOUILLY,77,Maison,81,4,508,2023
200000,77750,ORLY-SUR-MORIN,77,Local industriel. commercial ou assimilé,70,0,478,2023
200000,77750,ORLY-SUR-MORIN,77,Maison,330,7,478,2023
359000,77165,IVERNY,77,Maison,111,5,500,2023
359000,77165,IVERNY,77,Maison,111,5,502,2023
362500,77090,COLLEGIEN,77,Maison,100,6,478,2023
540000,77700,CHESSY,77,Maison,115,5,408,2023
172243,77610,FONTENAY-TRESIGNY,77,Maison,87,5,184,2023
200000,77450,MONTRY,77,Maison,110,4,562,2023
570000,77400,LAGNY-SUR-MARNE,77,Appartement,46,2,169,2023
570000,77400,LAGNY-SUR-MARNE,77,Local industriel. commercial ou assimilé,113,0,169,2023
570000,77400,LAGNY-SUR-MARNE,77,Local industriel. commercial ou assimilé,46,0,169,2023
275000,77178,SAINT-PATHUS,77,Maison,103,6,250,2023
230000,77120,MOUROUX,77,Maison,82,4,500,2023
230000,77120,MOUROUX,77,Maison,82,4,300,2023
280000,77118,BAZOCHES LES BRAY,77,Maison,175,7,619,2023
280000,77118,BAZOCHES LES BRAY,77,Maison,175,7,786,2023
333000,77230,ROUVRES,77,Maison,92,4,500,2023
333000,77230,ROUVRES,77,Maison,92,4,25,2023
25000,77750,ORLY-SUR-MORIN,77,Dépendance,0,0,30,2023
325000,77230,DAMMARTIN-EN-GOELE,77,Maison,101,5,500,2023
325000,77230,DAMMARTIN-EN-GOELE,77,Dépendance,0,0,500,2023
325000,77230,DAMMARTIN-EN-GOELE,77,Maison,101,5,273,2023
325000,77230,DAMMARTIN-EN-GOELE,77,Dépendance,0,0,273,2023
320000,77230,SAINT-MARD,77,Maison,89,4,451,2023
325000,77280,OTHIS,77,Maison,89,5,568,2023
620000,77178,SAINT-PATHUS,77,Maison,214,5,500,2023
620000,77178,SAINT-PATHUS,77,Maison,214,5,300,2023
315000,77230,MOUSSY-LE-NEUF,77,Maison,136,5,404,2023
315000,77230,MOUSSY-LE-NEUF,77,Dépendance,0,0,404,2023
580000,77700,SERRIS,77,Maison,96,5,500,2023
580000,77700,SERRIS,77,Maison,96,5,388,2023
295000,77124,CHAUCONIN-NEUFMONTIERS,77,Maison,88,4,102,2023
150000,77470,TRILPORT,77,Maison,80,4,798,2023
150000,77470,TRILPORT,77,Maison,80,4,500,2023
195000,77260,SEPT-SORTS,77,Maison,68,4,385,2023
195000,77260,SEPT-SORTS,77,Maison,68,4,500,2023
285000,77400,LAGNY-SUR-MARNE,77,Maison,108,6,750,2023
305560,77700,SERRIS,77,Maison,83,4,130,2023
330000,77840,CROUY-SUR-OURCQ,77,Maison,125,4,540,2023
330000,77840,CROUY-SUR-OURCQ,77,Maison,125,4,500,2023
234000,77260,LA FERTE SOUS JOUARRE,77,Maison,90,6,798,2023
385300,77860,QUINCY-VOISINS,77,Maison,122,5,673,2023
330000,77100,MAREUIL-LES-MEAUX,77,Dépendance,0,0,563,2023
330000,77100,MAREUIL-LES-MEAUX,77,Maison,114,6,563,2023
360000,77410,FRESNES-SUR-MARNE,77,Maison,139,6,207,2023
570000,77700,MAGNY-LE-HONGRE,77,Maison,130,5,487,2023
150000,77510,DOUE,77,Maison,52,3,134,2023
345000,77450,ESBLY,77,Maison,110,6,672,2023
312500,77230,JUILLY,77,Maison,102,5,285,2023
312500,77230,JUILLY,77,Maison,102,5,500,2023
234000,77450,MONTRY,77,Maison,42,2,303,2023
172000,77370,RAMPILLON,77,Dépendance,0,0,330,2023
172000,77370,RAMPILLON,77,Maison,70,3,330,2023
102000,77370,CROIX-EN-BRIE (LA),77,Maison,49,3,337,2023
462500,77700,BAILLY-ROMAINVILLIERS,77,Maison,84,4,422,2023
301000,77270,VILLEPARISIS,77,Maison,73,4,512,2023
281250,77270,VILLEPARISIS,77,Dépendance,0,0,502,2023
281250,77270,VILLEPARISIS,77,Maison,76,5,502,2023
245000,77100,NANTEUIL-LES-MEAUX,77,Maison,76,4,512,2023
245000,77100,NANTEUIL-LES-MEAUX,77,Dépendance,0,0,512,2023
245000,77100,NANTEUIL-LES-MEAUX,77,Dépendance,0,0,12,2023
163000,77320,FERTE-GAUCHER (LA),77,Maison,68,4,504,2023
227000,77124,VILLENOY,77,Maison,62,3,217,2023
350000,77400,LAGNY-SUR-MARNE,77,Local industriel. commercial ou assimilé,161,0,137,2023
350000,77400,LAGNY-SUR-MARNE,77,Appartement,41,2,137,2023
70000,77510,DOUE,77,Maison,62,2,132,2023
320000,77860,SAINT-GERMAIN-SUR-MORIN,77,Maison,101,5,243,2023
312401,77700,SERRIS,77,Maison,84,4,148,2023
574910,77540,ROZAY-EN-BRIE,77,Dépendance,0,0,1539,2023
574910,77540,ROZAY-EN-BRIE,77,Maison,95,3,1539,2023
574910,77540,ROZAY-EN-BRIE,77,Maison,95,3,250,2023
574910,77540,ROZAY-EN-BRIE,77,Dépendance,0,0,250,2023
363500,77270,VILLEPARISIS,77,Maison,83,4,100,2023
363500,77270,VILLEPARISIS,77,Maison,83,4,500,2023
365000,77183,CROISSY-BEAUBOURG,77,Dépendance,0,0,480,2023
365000,77183,CROISSY-BEAUBOURG,77,Maison,80,4,480,2023
281500,77515,CELLE-SUR-MORIN (LA),77,Dépendance,0,0,500,2023
281500,77515,CELLE-SUR-MORIN (LA),77,Maison,100,5,500,2023
90000,77450,LESCHES,77,Maison,43,1,1737,2023
254000,77230,MOUSSY-LE-NEUF,77,Maison,64,4,599,2023
392000,77450,ESBLY,77,Maison,100,6,475,2023
312590,77120,MOUROUX,77,Dépendance,0,0,541,2023
312590,77120,MOUROUX,77,Maison,99,4,541,2023
372000,77100,MAREUIL-LES-MEAUX,77,Maison,168,4,400,2023
372000,77100,MAREUIL-LES-MEAUX,77,Dépendance,0,0,400,2023
434000,77580,COULOMMES,77,Maison,123,6,160,2023
760000,77600,BUSSY-SAINT-MARTIN,77,Dépendance,0,0,500,2023
760000,77600,BUSSY-SAINT-MARTIN,77,Dépendance,0,0,230,2023
760000,77600,BUSSY-SAINT-MARTIN,77,Maison,174,6,230,2023
760000,77600,BUSSY-SAINT-MARTIN,77,Maison,174,6,500,2023
349000,77178,SAINT-PATHUS,77,Local industriel. commercial ou assimilé,30,0,500,2023
349000,77178,SAINT-PATHUS,77,Local industriel. commercial ou assimilé,30,0,592,2023
349000,77178,SAINT-PATHUS,77,Maison,182,5,592,2023
349000,77178,SAINT-PATHUS,77,Maison,182,5,500,2023
199710,77120,MOUROUX,77,Maison,75,3,197,2023
199710,77120,MOUROUX,77,Dépendance,0,0,197,2023
330000,77580,GUERARD,77,Maison,113,4,500,2023
330000,77580,GUERARD,77,Dépendance,0,0,243,2023
330000,77580,GUERARD,77,Maison,113,4,243,2023
330000,77580,GUERARD,77,Dépendance,0,0,500,2023
730000,77600,CHANTELOUP EN BRIE,77,Maison,220,8,500,2023
695000,77610,NEUFMOUTIERS-EN-BRIE,77,Dépendance,0,0,500,2023
695000,77610,NEUFMOUTIERS-EN-BRIE,77,Dépendance,0,0,3090,2023
695000,77610,NEUFMOUTIERS-EN-BRIE,77,Maison,236,7,500,2023
695000,77610,NEUFMOUTIERS-EN-BRIE,77,Maison,236,7,3090,2023
400000,77610,CREVECOEUR-EN-BRIE,77,Maison,105,7,437,2023
400000,77610,CREVECOEUR-EN-BRIE,77,Maison,105,7,2063,2023
400000,77610,CREVECOEUR-EN-BRIE,77,Local industriel. commercial ou assimilé,463,0,2063,2023
400000,77610,CREVECOEUR-EN-BRIE,77,Local industriel. commercial ou assimilé,463,0,437,2023
604296,77184,EMERAINVILLE,77,Local industriel. commercial ou assimilé,0,0,5303,2023
173531,77114,HERME,77,Maison,70,4,544,2023
100000,77410,CLAYE-SOUILLY,77,Local industriel. commercial ou assimilé,99,0,141,2023
218000,77120,COULOMMIERS,77,Dépendance,0,0,250,2023
218000,77120,COULOMMIERS,77,Maison,63,3,500,2023
218000,77120,COULOMMIERS,77,Dépendance,0,0,500,2023
218000,77120,COULOMMIERS,77,Maison,63,3,250,2023
555000,77400,LAGNY-SUR-MARNE,77,Dépendance,0,0,500,2023
555000,77400,LAGNY-SUR-MARNE,77,Maison,90,3,500,2023
555000,77400,LAGNY-SUR-MARNE,77,Dépendance,0,0,439,2023
555000,77400,LAGNY-SUR-MARNE,77,Maison,90,3,439,2023
82500,77650,SAINTE-COLOMBE,77,Maison,80,4,334,2023
324800,77139,ETREPILLY,77,Maison,128,6,468,2023
324800,77139,ETREPILLY,77,Dépendance,0,0,468,2023
215000,77230,NANTOUILLET,77,Maison,90,5,371,2023
215000,77230,NANTOUILLET,77,Dépendance,0,0,371,2023
316850,77470,TRILPORT,77,Maison,138,5,500,2023
316850,77470,TRILPORT,77,Maison,138,5,523,2023
227000,77500,CHELLES,77,Dépendance,0,0,362,2023
227000,77500,CHELLES,77,Maison,77,3,362,2023
414900,77450,ISLES-LES-VILLENOY,77,Dépendance,0,0,500,2023
414900,77450,ISLES-LES-VILLENOY,77,Dépendance,0,0,304,2023
414900,77450,ISLES-LES-VILLENOY,77,Maison,154,8,500,2023
414900,77450,ISLES-LES-VILLENOY,77,Maison,154,8,304,2023
295000,77184,EMERAINVILLE,77,Maison,119,5,56,2023
118000,77650,JUTIGNY,77,Dépendance,0,0,458,2023
118000,77650,JUTIGNY,77,Maison,68,2,458,2023
290000,77100,MEAUX,77,Maison,88,5,333,2023
290000,77100,MEAUX,77,Dépendance,0,0,333,2023
390000,77750,ORLY-SUR-MORIN,77,Maison,180,6,322,2023
390000,77750,ORLY-SUR-MORIN,77,Dépendance,0,0,322,2023
350000,77510,DOUE,77,Maison,120,4,510,2023
110000,77160,PROVINS,77,Maison,69,3,94,2023
328026,77500,CHELLES,77,Dépendance,0,0,480,2023
328026,77500,CHELLES,77,Maison,78,5,480,2023
125000,77114,VILLIERS-SUR-SEINE,77,Dépendance,0,0,1065,2023
125000,77114,VILLIERS-SUR-SEINE,77,Maison,84,3,1065,2023
125000,77114,VILLIERS-SUR-SEINE,77,Dépendance,0,0,36,2023
290000,77186,NOISIEL,77,Maison,79,4,233,2023
225000,77450,ISLES-LES-VILLENOY,77,Maison,72,4,219,2023
225000,77450,ISLES-LES-VILLENOY,77,Dépendance,0,0,219,2023
290000,77450,MONTRY,77,Maison,84,5,526,2023
154500,77440,LIZY-SUR-OURCQ,77,Maison,60,3,137,2023
154500,77440,LIZY-SUR-OURCQ,77,Dépendance,0,0,137,2023
230000,77515,POMMEUSE,77,Maison,96,3,106,2023
230000,77515,POMMEUSE,77,Dépendance,0,0,220,2023
309000,77290,MITRY MORY,77,Maison,67,4,333,2023
309000,77290,MITRY MORY,77,Dépendance,0,0,333,2023
310000,77500,CHELLES,77,Dépendance,0,0,484,2023
310000,77500,CHELLES,77,Maison,74,4,484,2023
210000,77470,TRILPORT,77,Maison,75,4,803,2023
1,77500,CHELLES,77,Maison,81,3,175,2023
1,77500,CHELLES,77,Maison,84,4,175,2023
210000,77650,SOISY-BOUY,77,Dépendance,0,0,442,2023
210000,77650,SOISY-BOUY,77,Maison,71,2,442,2023
200000,77500,CHELLES,77,Maison,110,5,408,2023
200000,77500,CHELLES,77,Dépendance,0,0,408,2023
358000,77124,CHAUCONIN-NEUFMONTIERS,77,Maison,133,6,524,2023
1380000,77090,COLLEGIEN,77,Dépendance,0,0,327,2023
1380000,77090,COLLEGIEN,77,Maison,116,7,327,2023
183000,77160,POIGNY,77,Maison,74,4,534,2023
597200,77910,GERMIGNY-L EVEQUE,77,Maison,191,6,2000,2023
597200,77910,GERMIGNY-L EVEQUE,77,Dépendance,0,0,2000,2023
597200,77910,GERMIGNY-L EVEQUE,77,Dépendance,0,0,500,2023
597200,77910,GERMIGNY-L EVEQUE,77,Maison,191,6,500,2023
245000,77540,PLESSIS-FEU-AUSSOUS (LE),77,Maison,60,4,522,2023
319900,77500,CHELLES,77,Maison,68,3,422,2023
319900,77500,CHELLES,77,Dépendance,0,0,422,2023
189000,77370,NANGIS,77,Maison,79,4,322,2023
435000,77540,ROZAY-EN-BRIE,77,Maison,125,6,780,2023
105000,77515,POMMEUSE,77,Dépendance,0,0,188,2023
202650,77450,CONDE-SAINTE-LIBIAIRE,77,Maison,57,3,53,2023
560000,77144,MONTEVRAIN,77,Maison,91,5,500,2023
560000,77144,MONTEVRAIN,77,Maison,91,5,566,2023
435000,77400,THORIGNY SUR MARNE,77,Maison,106,6,509,2023
220000,77360,VAIRES SUR MARNE,77,Maison,80,9,111,2023
1300000,77400,LAGNY-SUR-MARNE,77,Maison,225,8,729,2023
1300000,77400,LAGNY-SUR-MARNE,77,Maison,225,8,500,2023
88125,77183,CROISSY-BEAUBOURG,77,Dépendance,0,0,198,2023
88125,77183,CROISSY-BEAUBOURG,77,Maison,95,5,198,2023
250000,77580,COUTEVROULT,77,Maison,120,6,1734,2023
250000,77580,COUTEVROULT,77,Maison,78,4,1734,2023
250000,77580,COUTEVROULT,77,Maison,84,4,7851,2023
250000,77580,COUTEVROULT,77,Maison,78,4,7851,2023
250000,77580,COUTEVROULT,77,Maison,84,4,1734,2023
250000,77580,COUTEVROULT,77,Maison,120,6,7851,2023
1,77090,COLLEGIEN,77,Local industriel. commercial ou assimilé,0,0,6901,2023
1,77090,COLLEGIEN,77,Local industriel. commercial ou assimilé,0,0,32834,2023
495350,77540,LUMIGNY NESLES ORMEAUX,77,Maison,207,6,625,2023
495350,77540,LUMIGNY NESLES ORMEAUX,77,Maison,207,6,500,2023
505000,77410,VILLEVAUDE,77,Maison,216,7,891,2023
505000,77410,VILLEVAUDE,77,Maison,216,7,500,2023
302827,77700,SERRIS,77,Maison,86,4,107,2023
308000,77320,CHOISY-EN-BRIE,77,Maison,150,6,250,2023
308000,77320,CHOISY-EN-BRIE,77,Maison,150,6,1256,2023
291500,77260,REUIL-EN-BRIE,77,Maison,100,5,500,2023
291500,77260,REUIL-EN-BRIE,77,Maison,100,5,663,2023
830750,77144,MONTEVRAIN,77,Maison,185,5,419,2023
223000,77100,NANTEUIL-LES-MEAUX,77,Maison,82,3,333,2023
316000,77100,NANTEUIL-LES-MEAUX,77,Maison,138,6,263,2023
305150,77515,FAREMOUTIERS,77,Maison,165,5,500,2023
305150,77515,FAREMOUTIERS,77,Maison,165,5,1188,2023
307480,77700,SERRIS,77,Maison,83,4,136,2023
307480,77700,SERRIS,77,Dépendance,0,0,136,2023
130000,77510,REBAIS,77,Maison,80,4,397,2023
257000,77400,THORIGNY SUR MARNE,77,Maison,72,3,103,2023
257000,77400,THORIGNY SUR MARNE,77,Maison,72,3,612,2023
129000,77138,LUZANCY,77,Dépendance,0,0,58,2023
129000,77138,LUZANCY,77,Maison,75,3,58,2023
375390,77470,TRILPORT,77,Dépendance,0,0,500,2023
375390,77470,TRILPORT,77,Maison,102,5,500,2023
375390,77470,TRILPORT,77,Dépendance,0,0,681,2023
375390,77470,TRILPORT,77,Maison,102,5,681,2023
283000,77139,MARCILLY,77,Maison,120,6,600,2023
260000,77510,REBAIS,77,Maison,101,4,464,2023
150000,77169,CHAUFFRY,77,Dépendance,0,0,621,2023
150000,77169,CHAUFFRY,77,Maison,128,6,621,2023
317800,77500,CHELLES,77,Dépendance,0,0,500,2023
317800,77500,CHELLES,77,Maison,111,4,500,2023
1400000,77090,COLLEGIEN,77,Appartement,24,1,99,2023
1400000,77090,COLLEGIEN,77,Maison,140,5,632,2023
1400000,77090,COLLEGIEN,77,Maison,140,5,500,2023
253000,77100,NANTEUIL-LES-MEAUX,77,Dépendance,0,0,343,2023
253000,77100,NANTEUIL-LES-MEAUX,77,Maison,106,5,343,2023
306850,77450,JABLINES,77,Maison,97,4,241,2023
260150,77184,EMERAINVILLE,77,Maison,80,4,93,2023
260150,77184,EMERAINVILLE,77,Dépendance,0,0,20,2023
270000,77178,SAINT-PATHUS,77,Maison,91,4,270,2023
246075,77450,VIGNELY,77,Maison,51,3,391,2023
246075,77450,VIGNELY,77,Dépendance,0,0,391,2023
341000,77410,ANNET-SUR-MARNE,77,Maison,158,4,148,2023
341000,77410,ANNET-SUR-MARNE,77,Dépendance,0,0,148,2023
40000,77450,ISLES-LES-VILLENOY,77,Local industriel. commercial ou assimilé,1500,0,2201,2023
224600,77120,MOUROUX,77,Dépendance,0,0,478,2023
224600,77120,MOUROUX,77,Maison,84,5,478,2023
220000,77160,CHENOISE-CUCHARMOY,77,Dépendance,0,0,1606,2023
220000,77160,CHENOISE-CUCHARMOY,77,Maison,71,4,1606,2023
220000,77160,CHENOISE-CUCHARMOY,77,Dépendance,0,0,600,2023
220000,77160,CHENOISE-CUCHARMOY,77,Maison,71,4,600,2023
219900,77120,COULOMMIERS,77,Maison,83,3,207,2023
230000,77440,LIZY-SUR-OURCQ,77,Maison,85,3,395,2023
230000,77440,LIZY-SUR-OURCQ,77,Appartement,50,2,395,2023
230000,77440,LIZY-SUR-OURCQ,77,Local industriel. commercial ou assimilé,0,0,395,2023
166500,77160,CHENOISE-CUCHARMOY,77,Maison,78,4,425,2023
170000,77160,CHALAUTRE-LA-PETITE,77,Dépendance,0,0,1038,2023
170000,77160,CHALAUTRE-LA-PETITE,77,Maison,70,2,1038,2023
235000,77580,VAUCOURTOIS,77,Maison,81,3,495,2023
235000,77580,VAUCOURTOIS,77,Dépendance,0,0,495,2023
174000,77370,NANGIS,77,Maison,65,4,476,2023
371840,77400,DAMPMART,77,Maison,120,6,570,2023
320000,77230,DAMMARTIN-EN-GOELE,77,Local industriel. commercial ou assimilé,55,0,74,2023
320000,77230,DAMMARTIN-EN-GOELE,77,Maison,75,3,74,2023
369000,77270,VILLEPARISIS,77,Maison,91,4,482,2023
225000,77122,MONTHYON,77,Maison,91,4,261,2023
225000,77122,MONTHYON,77,Dépendance,0,0,261,2023
457600,77860,SAINT-GERMAIN-SUR-MORIN,77,Dépendance,0,0,641,2023
457600,77860,SAINT-GERMAIN-SUR-MORIN,77,Maison,119,4,641,2023
617220,77400,LAGNY-SUR-MARNE,77,Maison,131,5,392,2023
415000,77370,RAMPILLON,77,Maison,150,5,942,2023
415000,77370,RAMPILLON,77,Dépendance,0,0,942,2023
293000,77370,NANGIS,77,Maison,120,4,427,2023
200000,77290,MITRY MORY,77,Maison,80,4,196,2023
200000,77290,MITRY MORY,77,Dépendance,0,0,196,2023
279000,77500,CHELLES,77,Maison,48,2,500,2023
279000,77500,CHELLES,77,Dépendance,0,0,500,2023
458000,77360,VAIRES SUR MARNE,77,Dépendance,0,0,627,2023
458000,77360,VAIRES SUR MARNE,77,Maison,115,5,627,2023
255000,77290,MITRY MORY,77,Dépendance,0,0,399,2023
255000,77290,MITRY MORY,77,Maison,60,2,399,2023
255000,77200,TORCY,77,Maison,69,3,293,2023
376585,77410,ANNET-SUR-MARNE,77,Maison,50,2,184,2023
360000,77230,THIEUX,77,Local industriel. commercial ou assimilé,520,0,996,2023
240000,77120,COULOMMIERS,77,Maison,84,5,632,2023
240000,77120,COULOMMIERS,77,Dépendance,0,0,632,2023
299000,77540,LUMIGNY NESLES ORMEAUX,77,Maison,110,5,539,2023
130000,77370,CHAPELLE-RABLAIS (LA),77,Maison,108,5,405,2023
130000,77370,CHAPELLE-RABLAIS (LA),77,Maison,108,5,500,2023
700000,77400,LAGNY-SUR-MARNE,77,Local industriel. commercial ou assimilé,1200,0,2380,2023
193000,77990,MAUREGARD,77,Maison,40,3,54,2023
193000,77990,MAUREGARD,77,Dépendance,0,0,54,2023
193000,77990,MAUREGARD,77,Dépendance,0,0,138,2023
105000,77134,ORMES-SUR-VOULZIE (LES),77,Maison,80,3,626,2023
207472,77400,LAGNY-SUR-MARNE,77,Maison,74,4,553,2023
207472,77400,LAGNY-SUR-MARNE,77,Dépendance,0,0,553,2023
72500,77750,SAINT-CYR-SUR-MORIN,77,Maison,31,1,308,2023
307000,77600,CONCHES SUR GONDOIRE,77,Maison,65,3,217,2023
307000,77600,CONCHES SUR GONDOIRE,77,Dépendance,0,0,217,2023
195000,77510,BELLOT,77,Maison,106,4,370,2023
195000,77510,BELLOT,77,Dépendance,0,0,370,2023
450000,77750,BUSSIERES,77,Dépendance,0,0,558,2023
450000,77750,BUSSIERES,77,Appartement,60,3,820,2023
450000,77750,BUSSIERES,77,Appartement,76,3,820,2023
450000,77750,BUSSIERES,77,Appartement,33,2,820,2023
450000,77750,BUSSIERES,77,Dépendance,0,0,820,2023
450000,77750,BUSSIERES,77,Appartement,23,1,820,2023
450000,77750,BUSSIERES,77,Appartement,56,3,820,2023
450000,77750,BUSSIERES,77,Appartement,51,2,820,2023
510000,77700,MAGNY-LE-HONGRE,77,Maison,117,5,350,2023
31000,77320,SAINT-MARTIN-DES-CHAMPS,77,Dépendance,0,0,3103,2023
31000,77320,SAINT-MARTIN-DES-CHAMPS,77,Dépendance,0,0,500,2023
215000,77290,MITRY MORY,77,Dépendance,0,0,403,2023
215000,77290,MITRY MORY,77,Maison,50,2,403,2023
425500,77400,THORIGNY SUR MARNE,77,Dépendance,0,0,470,2023
425500,77400,THORIGNY SUR MARNE,77,Maison,94,5,470,2023
185000,77169,BOISSY-LE-CHATEL,77,Maison,113,5,438,2023
1,77510,VILLENEUVE-SUR-BELLOT,77,Local industriel. commercial ou assimilé,0,0,270,2023
340300,77270,VILLEPARISIS,77,Dépendance,0,0,346,2023
340300,77270,VILLEPARISIS,77,Maison,92,6,346,2023
142000,77320,SAINT-BARTHELEMY,77,Dépendance,0,0,257,2023
142000,77320,SAINT-BARTHELEMY,77,Maison,59,3,257,2023
142000,77320,SAINT-BARTHELEMY,77,Maison,59,3,500,2023
142000,77320,SAINT-BARTHELEMY,77,Dépendance,0,0,500,2023
395850,77410,CLAYE-SOUILLY,77,Maison,96,5,21,2023
395850,77410,CLAYE-SOUILLY,77,Dépendance,0,0,21,2023
2832000,77700,BAILLY-ROMAINVILLIERS,77,Local industriel. commercial ou assimilé,0,0,2338,2023
2832000,77700,BAILLY-ROMAINVILLIERS,77,Local industriel. commercial ou assimilé,0,0,816,2023
13465398,77186,NOISIEL,77,Appartement,19,1,3197,2023
13465398,77186,NOISIEL,77,Appartement,23,1,3197,2023
13465398,77186,NOISIEL,77,Appartement,24,1,3197,2023
13465398,77186,NOISIEL,77,Appartement,20,1,3197,2023
13465398,77186,NOISIEL,77,Appartement,22,1,3197,2023
13465398,77186,NOISIEL,77,Dépendance,0,0,3197,2023
13465398,77186,NOISIEL,77,Local industriel. commercial ou assimilé,34,0,3197,2023
13465398,77186,NOISIEL,77,Local industriel. commercial ou assimilé,694,0,3197,2023
13465398,77186,NOISIEL,77,Local industriel. commercial ou assimilé,67,0,3197,2023
13465398,77186,NOISIEL,77,Local industriel. commercial ou assimilé,20,0,3197,2023
13465398,77186,NOISIEL,77,Local industriel. commercial ou assimilé,33,0,3197,2023
13465398,77186,NOISIEL,77,Local industriel. commercial ou assimilé,58,0,3197,2023
13465398,77186,NOISIEL,77,Local industriel. commercial ou assimilé,403,0,3197,2023
13465398,77186,NOISIEL,77,Local industriel. commercial ou assimilé,73,0,3197,2023
13465398,77186,NOISIEL,77,Local industriel. commercial ou assimilé,74,0,3197,2023
13465398,77186,NOISIEL,77,Local industriel. commercial ou assimilé,312,0,3197,2023
13465398,77186,NOISIEL,77,Local industriel. commercial ou assimilé,136,0,3197,2023
13465398,77186,NOISIEL,77,Local industriel. commercial ou assimilé,70,0,3197,2023
13465398,77186,NOISIEL,77,Local industriel. commercial ou assimilé,96,0,3197,2023
13465398,77186,NOISIEL,77,Local industriel. commercial ou assimilé,60,0,3197,2023
13465398,77186,NOISIEL,77,Local industriel. commercial ou assimilé,62,0,3197,2023
13465398,77186,NOISIEL,77,Local industriel. commercial ou assimilé,15,0,3197,2023
13465398,77186,NOISIEL,77,Local industriel. commercial ou assimilé,16,0,3197,2023
13465398,77186,NOISIEL,77,Local industriel. commercial ou assimilé,63,0,3197,2023
13465398,77186,NOISIEL,77,Local industriel. commercial ou assimilé,55,0,3197,2023
13465398,77186,NOISIEL,77,Local industriel. commercial ou assimilé,19,0,3197,2023
13465398,77186,NOISIEL,77,Local industriel. commercial ou assimilé,27,0,3197,2023
13465398,77186,NOISIEL,77,Local industriel. commercial ou assimilé,64,0,3197,2023
13465398,77186,NOISIEL,77,Local industriel. commercial ou assimilé,17,0,3197,2023
246000,77120,MOUROUX,77,Maison,99,4,700,2023
246000,77120,MOUROUX,77,Dépendance,0,0,700,2023
375000,77860,QUINCY-VOISINS,77,Dépendance,0,0,411,2023
375000,77860,QUINCY-VOISINS,77,Maison,88,4,411,2023
3168000,77600,BUSSY-SAINT-GEORGES,77,Local industriel. commercial ou assimilé,421,0,3057,2023
3168000,77600,BUSSY-SAINT-GEORGES,77,Local industriel. commercial ou assimilé,416,0,3057,2023
315000,77270,VILLEPARISIS,77,Maison,90,4,264,2023
260000,77165,SAINT-SOUPPLETS,77,Maison,83,4,122,2023
315000,77178,SAINT-PATHUS,77,Maison,120,6,450,2023
284500,77178,SAINT-PATHUS,77,Dépendance,0,0,500,2023
284500,77178,SAINT-PATHUS,77,Maison,92,5,500,2023
284500,77178,SAINT-PATHUS,77,Dépendance,0,0,249,2023
284500,77178,SAINT-PATHUS,77,Maison,92,5,249,2023
523400,77270,VILLEPARISIS,77,Maison,153,4,332,2023
250000,77178,SAINT-PATHUS,77,Maison,123,7,478,2023
210000,77515,POMMEUSE,77,Dépendance,0,0,556,2023
210000,77515,POMMEUSE,77,Maison,72,3,567,2023
210000,77515,POMMEUSE,77,Dépendance,0,0,567,2023
210000,77515,POMMEUSE,77,Maison,72,3,556,2023
600000,77270,VILLEPARISIS,77,Maison,244,5,500,2023
600000,77270,VILLEPARISIS,77,Maison,244,5,121,2023
135000,77520,PAROY,77,Maison,80,4,500,2023
242000,77178,SAINT-PATHUS,77,Maison,90,5,662,2023
320000,77230,VILLENEUVE SOUS DAMMARTIN,77,Maison,156,4,321,2023
590000,77178,SAINT-PATHUS,77,Appartement,106,5,1433,2023
590000,77178,SAINT-PATHUS,77,Local industriel. commercial ou assimilé,125,0,1433,2023
209000,77320,SAINT-MARS-VIEUX-MAISONS,77,Maison,86,4,535,2023
209000,77320,SAINT-MARS-VIEUX-MAISONS,77,Maison,86,4,500,2023
120000,77840,CROUY-SUR-OURCQ,77,Maison,90,4,198,2023
355000,77270,VILLEPARISIS,77,Maison,100,5,367,2023
355000,77270,VILLEPARISIS,77,Dépendance,0,0,367,2023
310000,77610,FONTENAY-TRESIGNY,77,Maison,60,4,1484,2023
310000,77610,FONTENAY-TRESIGNY,77,Dépendance,0,0,1484,2023
310000,77610,FONTENAY-TRESIGNY,77,Maison,60,4,93,2023
310000,77610,FONTENAY-TRESIGNY,77,Dépendance,0,0,93,2023
350000,77120,BEAUTHEIL-SAINTS,77,Dépendance,0,0,500,2023
350000,77120,BEAUTHEIL-SAINTS,77,Maison,133,7,500,2023
350000,77120,BEAUTHEIL-SAINTS,77,Maison,133,7,995,2023
350000,77120,BEAUTHEIL-SAINTS,77,Dépendance,0,0,995,2023
28364700,77290,MITRY MORY,77,Dépendance,0,0,609,2023
28364700,77290,MITRY MORY,77,Maison,77,3,609,2023
28364700,77290,MITRY MORY,77,Maison,66,3,742,2023
28364700,77290,MITRY MORY,77,Dépendance,0,0,742,2023
28364700,77290,MITRY MORY,77,Dépendance,0,0,615,2023
28364700,77290,MITRY MORY,77,Maison,77,3,615,2023
28364700,77290,MITRY MORY,77,Dépendance,0,0,825,2023
28364700,77290,MITRY MORY,77,Maison,99,5,825,2023
28364700,77290,MITRY MORY,77,Maison,79,4,598,2023
28364700,77290,MITRY MORY,77,Dépendance,0,0,598,2023
28364700,77290,MITRY MORY,77,Maison,78,4,725,2023
28364700,77290,MITRY MORY,77,Maison,104,5,684,2023
28364700,77290,MITRY MORY,77,Dépendance,0,0,684,2023
28364700,77290,MITRY MORY,77,Maison,100,6,627,2023
28364700,77290,MITRY MORY,77,Dépendance,0,0,627,2023
28364700,77290,MITRY MORY,77,Maison,66,3,492,2023
28364700,77290,MITRY MORY,77,Dépendance,0,0,492,2023
28364700,77290,MITRY MORY,77,Dépendance,0,0,500,2023
28364700,77290,MITRY MORY,77,Maison,66,3,500,2023
28364700,77290,MITRY MORY,77,Dépendance,0,0,502,2023
28364700,77290,MITRY MORY,77,Maison,66,3,502,2023
28364700,77290,MITRY MORY,77,Maison,66,3,510,2023
28364700,77290,MITRY MORY,77,Dépendance,0,0,510,2023
28364700,77290,MITRY MORY,77,Maison,61,3,494,2023
28364700,77290,MITRY MORY,77,Dépendance,0,0,494,2023
28364700,77290,MITRY MORY,77,Dépendance,0,0,486,2023
28364700,77290,MITRY MORY,77,Maison,61,3,486,2023
28364700,77290,MITRY MORY,77,Dépendance,0,0,487,2023
28364700,77290,MITRY MORY,77,Maison,61,3,487,2023
28364700,77290,MITRY MORY,77,Dépendance,0,0,485,2023
28364700,77290,MITRY MORY,77,Maison,61,3,485,2023
28364700,77290,MITRY MORY,77,Maison,66,3,488,2023
28364700,77290,MITRY MORY,77,Dépendance,0,0,488,2023
28364700,77290,MITRY MORY,77,Dépendance,0,0,490,2023
28364700,77290,MITRY MORY,77,Maison,66,3,490,2023
28364700,77290,MITRY MORY,77,Dépendance,0,0,511,2023
28364700,77290,MITRY MORY,77,Maison,66,3,511,2023
28364700,77290,MITRY MORY,77,Dépendance,0,0,592,2023
28364700,77290,MITRY MORY,77,Maison,66,3,592,2023
28364700,77290,MITRY MORY,77,Dépendance,0,0,713,2023
28364700,77290,MITRY MORY,77,Maison,88,5,713,2023
28364700,77290,MITRY MORY,77,Maison,61,3,734,2023
28364700,77290,MITRY MORY,77,Dépendance,0,0,734,2023
28364700,77290,MITRY MORY,77,Dépendance,0,0,661,2023
28364700,77290,MITRY MORY,77,Maison,61,3,661,2023
28364700,77290,MITRY MORY,77,Maison,66,3,518,2023
28364700,77290,MITRY MORY,77,Dépendance,0,0,518,2023
28364700,77290,MITRY MORY,77,Dépendance,0,0,543,2023
28364700,77290,MITRY MORY,77,Maison,66,4,543,2023
28364700,77290,MITRY MORY,77,Maison,66,4,571,2023
28364700,77290,MITRY MORY,77,Dépendance,0,0,571,2023
28364700,77290,MITRY MORY,77,Dépendance,0,0,563,2023
28364700,77290,MITRY MORY,77,Maison,76,4,563,2023
28364700,77290,MITRY MORY,77,Dépendance,0,0,576,2023
28364700,77290,MITRY MORY,77,Maison,76,4,576,2023
28364700,77290,MITRY MORY,77,Dépendance,0,0,512,2023
28364700,77290,MITRY MORY,77,Maison,84,4,512,2023
28364700,77290,MITRY MORY,77,Maison,78,4,530,2023
28364700,77290,MITRY MORY,77,Dépendance,0,0,530,2023
28364700,77290,MITRY MORY,77,Dépendance,0,0,547,2023
28364700,77290,MITRY MORY,77,Maison,66,3,547,2023
28364700,77290,MITRY MORY,77,Maison,61,3,531,2023
28364700,77290,MITRY MORY,77,Dépendance,0,0,531,2023
28364700,77290,MITRY MORY,77,Dépendance,0,0,517,2023
28364700,77290,MITRY MORY,77,Maison,61,3,517,2023
28364700,77290,MITRY MORY,77,Maison,83,4,636,2023
28364700,77290,MITRY MORY,77,Dépendance,0,0,636,2023
28364700,77290,MITRY MORY,77,Maison,83,4,572,2023
28364700,77290,MITRY MORY,77,Dépendance,0,0,572,2023
28364700,77290,MITRY MORY,77,Maison,76,4,519,2023
28364700,77290,MITRY MORY,77,Dépendance,0,0,519,2023
28364700,77290,MITRY MORY,77,Maison,80,4,589,2023
28364700,77290,MITRY MORY,77,Dépendance,0,0,589,2023
28364700,77290,MITRY MORY,77,Dépendance,0,0,858,2023
28364700,77290,MITRY MORY,77,Maison,102,5,858,2023
28364700,77290,MITRY MORY,77,Dépendance,0,0,709,2023
28364700,77290,MITRY MORY,77,Maison,101,5,709,2023
28364700,77290,MITRY MORY,77,Dépendance,0,0,540,2023
28364700,77290,MITRY MORY,77,Maison,80,4,540,2023
28364700,77290,MITRY MORY,77,Maison,66,3,552,2023
28364700,77290,MITRY MORY,77,Dépendance,0,0,552,2023
28364700,77290,MITRY MORY,77,Maison,66,3,543,2023
28364700,77290,MITRY MORY,77,Maison,82,4,508,2023
28364700,77290,MITRY MORY,77,Dépendance,0,0,508,2023
28364700,77290,MITRY MORY,77,Maison,68,3,735,2023
28364700,77290,MITRY MORY,77,Maison,77,3,735,2023
28364700,77290,MITRY MORY,77,Dépendance,0,0,735,2023
28364700,77290,MITRY MORY,77,Maison,76,4,497,2023
28364700,77290,MITRY MORY,77,Dépendance,0,0,497,2023
28364700,77290,MITRY MORY,77,Maison,76,4,639,2023
28364700,77290,MITRY MORY,77,Dépendance,0,0,639,2023
28364700,77290,MITRY MORY,77,Maison,83,4,599,2023
28364700,77290,MITRY MORY,77,Dépendance,0,0,599,2023
28364700,77290,MITRY MORY,77,Dépendance,0,0,700,2023
28364700,77290,MITRY MORY,77,Maison,83,4,700,2023
28364700,77290,MITRY MORY,77,Maison,178,8,824,2023
28364700,77290,MITRY MORY,77,Dépendance,0,0,824,2023
28364700,77290,MITRY MORY,77,Maison,64,3,628,2023
28364700,77290,MITRY MORY,77,Dépendance,0,0,628,2023
28364700,77290,MITRY MORY,77,Maison,64,3,624,2023
28364700,77290,MITRY MORY,77,Dépendance,0,0,624,2023
28364700,77290,MITRY MORY,77,Dépendance,0,0,622,2023
28364700,77290,MITRY MORY,77,Maison,77,3,622,2023
28364700,77290,MITRY MORY,77,Maison,77,3,570,2023
28364700,77290,MITRY MORY,77,Dépendance,0,0,570,2023
28364700,77290,MITRY MORY,77,Maison,77,3,505,2023
28364700,77290,MITRY MORY,77,Dépendance,0,0,505,2023
28364700,77290,MITRY MORY,77,Maison,78,4,500,2023
28364700,77290,MITRY MORY,77,Dépendance,0,0,600,2023
28364700,77290,MITRY MORY,77,Maison,77,4,600,2023
28364700,77290,MITRY MORY,77,Dépendance,0,0,560,2023
28364700,77290,MITRY MORY,77,Maison,73,4,560,2023
28364700,77290,MITRY MORY,77,Maison,72,3,533,2023
28364700,77290,MITRY MORY,77,Dépendance,0,0,533,2023
28364700,77290,MITRY MORY,77,Dépendance,0,0,584,2023
28364700,77290,MITRY MORY,77,Maison,70,4,584,2023
28364700,77290,MITRY MORY,77,Maison,101,6,632,2023
28364700,77290,MITRY MORY,77,Dépendance,0,0,632,2023
28364700,77290,MITRY MORY,77,Maison,65,3,465,2023
28364700,77290,MITRY MORY,77,Dépendance,0,0,465,2023
28364700,77290,MITRY MORY,77,Maison,65,3,626,2023
28364700,77290,MITRY MORY,77,Dépendance,0,0,626,2023
28364700,77290,MITRY MORY,77,Dépendance,0,0,611,2023
28364700,77290,MITRY MORY,77,Maison,71,4,611,2023
28364700,77290,MITRY MORY,77,Dépendance,0,0,574,2023
28364700,77290,MITRY MORY,77,Maison,75,4,574,2023
28364700,77290,MITRY MORY,77,Maison,64,3,573,2023
28364700,77290,MITRY MORY,77,Dépendance,0,0,573,2023
28364700,77290,MITRY MORY,77,Maison,64,3,576,2023
28364700,77290,MITRY MORY,77,Maison,73,4,576,2023
28364700,77290,MITRY MORY,77,Dépendance,0,0,594,2023
28364700,77290,MITRY MORY,77,Maison,75,4,594,2023
28364700,77290,MITRY MORY,77,Dépendance,0,0,583,2023
28364700,77290,MITRY MORY,77,Maison,75,4,583,2023
28364700,77290,MITRY MORY,77,Maison,75,4,590,2023
28364700,77290,MITRY MORY,77,Dépendance,0,0,590,2023
28364700,77290,MITRY MORY,77,Maison,64,3,590,2023
28364700,77290,MITRY MORY,77,Maison,86,4,650,2023
28364700,77290,MITRY MORY,77,Dépendance,0,0,650,2023
28364700,77290,MITRY MORY,77,Maison,79,4,552,2023
28364700,77290,MITRY MORY,77,Dépendance,0,0,555,2023
28364700,77290,MITRY MORY,77,Maison,90,4,555,2023
28364700,77290,MITRY MORY,77,Maison,64,2,582,2023
28364700,77290,MITRY MORY,77,Dépendance,0,0,582,2023
28364700,77290,MITRY MORY,77,Maison,65,3,548,2023
28364700,77290,MITRY MORY,77,Dépendance,0,0,548,2023
28364700,77290,MITRY MORY,77,Maison,65,3,615,2023
28364700,77290,MITRY MORY,77,Maison,68,3,679,2023
28364700,77290,MITRY MORY,77,Maison,77,3,679,2023
28364700,77290,MITRY MORY,77,Dépendance,0,0,621,2023
28364700,77290,MITRY MORY,77,Maison,77,4,621,2023
28364700,77290,MITRY MORY,77,Dépendance,0,0,535,2023
28364700,77290,MITRY MORY,77,Maison,77,4,535,2023
28364700,77290,MITRY MORY,77,Dépendance,0,0,745,2023
28364700,77290,MITRY MORY,77,Maison,75,4,745,2023
28364700,77290,MITRY MORY,77,Maison,75,4,648,2023
28364700,77290,MITRY MORY,77,Dépendance,0,0,648,2023
28364700,77290,MITRY MORY,77,Dépendance,0,0,542,2023
28364700,77290,MITRY MORY,77,Maison,65,3,542,2023
28364700,77290,MITRY MORY,77,Maison,75,4,542,2023
28364700,77290,MITRY MORY,77,Maison,76,4,578,2023
28364700,77290,MITRY MORY,77,Dépendance,0,0,578,2023
28364700,77290,MITRY MORY,77,Maison,65,3,540,2023
28364700,77290,MITRY MORY,77,Maison,75,4,514,2023
28364700,77290,MITRY MORY,77,Dépendance,0,0,514,2023
28364700,77290,MITRY MORY,77,Maison,75,4,723,2023
28364700,77290,MITRY MORY,77,Dépendance,0,0,723,2023
28364700,77290,MITRY MORY,77,Dépendance,0,0,550,2023
28364700,77290,MITRY MORY,77,Maison,72,4,550,2023
28364700,77290,MITRY MORY,77,Maison,73,4,600,2023
28364700,77290,MITRY MORY,77,Maison,90,5,720,2023
28364700,77290,MITRY MORY,77,Dépendance,0,0,720,2023
28364700,77290,MITRY MORY,77,Maison,90,5,785,2023
28364700,77290,MITRY MORY,77,Dépendance,0,0,785,2023
28364700,77290,MITRY MORY,77,Dépendance,0,0,619,2023
28364700,77290,MITRY MORY,77,Maison,68,3,619,2023
28364700,77290,MITRY MORY,77,Dépendance,0,0,631,2023
28364700,77290,MITRY MORY,77,Maison,68,3,631,2023
28364700,77290,MITRY MORY,77,Maison,68,4,656,2023
28364700,77290,MITRY MORY,77,Dépendance,0,0,656,2023
28364700,77290,MITRY MORY,77,Dépendance,0,0,640,2023
28364700,77290,MITRY MORY,77,Maison,68,4,640,2023
28364700,77290,MITRY MORY,77,Maison,74,4,655,2023
28364700,77290,MITRY MORY,77,Dépendance,0,0,655,2023
28364700,77290,MITRY MORY,77,Maison,72,4,582,2023
28364700,77290,MITRY MORY,77,Maison,64,3,679,2023
28364700,77290,MITRY MORY,77,Dépendance,0,0,679,2023
28364700,77290,MITRY MORY,77,Dépendance,0,0,715,2023
28364700,77290,MITRY MORY,77,Maison,64,3,715,2023
28364700,77290,MITRY MORY,77,Dépendance,0,0,541,2023
28364700,77290,MITRY MORY,77,Maison,66,4,541,2023
28364700,77290,MITRY MORY,77,Maison,66,4,522,2023
28364700,77290,MITRY MORY,77,Dépendance,0,0,522,2023
28364700,77290,MITRY MORY,77,Dépendance,0,0,957,2023
28364700,77290,MITRY MORY,77,Maison,62,3,957,2023
28364700,77290,MITRY MORY,77,Maison,62,3,584,2023
28364700,77290,MITRY MORY,77,Maison,62,3,622,2023
28364700,77290,MITRY MORY,77,Dépendance,0,0,862,2023
28364700,77290,MITRY MORY,77,Maison,62,3,862,2023
28364700,77290,MITRY MORY,77,Maison,64,3,453,2023
28364700,77290,MITRY MORY,77,Dépendance,0,0,453,2023
28364700,77290,MITRY MORY,77,Dépendance,0,0,425,2023
28364700,77290,MITRY MORY,77,Maison,64,3,425,2023
28364700,77290,MITRY MORY,77,Maison,77,3,3503,2023
28364700,77290,MITRY MORY,77,Maison,93,4,3503,2023
28364700,77290,MITRY MORY,77,Maison,90,5,3503,2023
28364700,77290,MITRY MORY,77,Maison,68,3,3503,2023
28364700,77290,MITRY MORY,77,Maison,68,3,2722,2023
28364700,77290,MITRY MORY,77,Maison,97,5,2722,2023
28364700,77290,MITRY MORY,77,Maison,89,4,2722,2023
28364700,77290,MITRY MORY,77,Maison,88,4,2722,2023
28364700,77290,MITRY MORY,77,Maison,96,5,2722,2023
28364700,77290,MITRY MORY,77,Maison,77,3,2722,2023
28364700,77290,MITRY MORY,77,Maison,89,4,1986,2023
28364700,77290,MITRY MORY,77,Maison,97,5,1986,2023
28364700,77290,MITRY MORY,77,Maison,68,3,1986,2023
28364700,77290,MITRY MORY,77,Maison,63,4,941,2023
28364700,77290,MITRY MORY,77,Dépendance,0,0,941,2023
28364700,77290,MITRY MORY,77,Maison,90,5,3328,2023
28364700,77290,MITRY MORY,77,Maison,89,4,3328,2023
28364700,77290,MITRY MORY,77,Maison,98,5,3328,2023
28364700,77290,MITRY MORY,77,Maison,68,3,3328,2023
28364700,77290,MITRY MORY,77,Maison,90,5,3340,2023
28364700,77290,MITRY MORY,77,Maison,89,4,3340,2023
28364700,77290,MITRY MORY,77,Maison,68,3,3340,2023
28364700,77290,MITRY MORY,77,Maison,98,5,3340,2023
28364700,77290,MITRY MORY,77,Appartement,66,3,991,2023
28364700,77290,MITRY MORY,77,Dépendance,0,0,991,2023
28364700,77290,MITRY MORY,77,Appartement,63,2,991,2023
28364700,77290,MITRY MORY,77,Appartement,57,2,991,2023
28364700,77290,MITRY MORY,77,Maison,96,5,2578,2023
28364700,77290,MITRY MORY,77,Local industriel. commercial ou assimilé,0,0,2578,2023
28364700,77290,MITRY MORY,77,Maison,88,4,2578,2023
28364700,77290,MITRY MORY,77,Dépendance,0,0,569,2023
28364700,77290,MITRY MORY,77,Maison,65,4,569,2023
28364700,77290,MITRY MORY,77,Dépendance,0,0,504,2023
28364700,77290,MITRY MORY,77,Maison,64,3,504,2023
28364700,77290,MITRY MORY,77,Maison,64,3,572,2023
190300,77118,BAZOCHES LES BRAY,77,Maison,97,5,155,2023
190300,77118,BAZOCHES LES BRAY,77,Maison,97,5,500,2023
346000,77169,CHAUFFRY,77,Dépendance,0,0,2788,2023
346000,77169,CHAUFFRY,77,Maison,138,4,2788,2023
346000,77169,CHAUFFRY,77,Maison,138,4,500,2023
346000,77169,CHAUFFRY,77,Dépendance,0,0,500,2023
255000,77160,PROVINS,77,Appartement,15,1,85,2023
255000,77160,PROVINS,77,Appartement,45,4,85,2023
255000,77160,PROVINS,77,Appartement,35,3,85,2023
255000,77160,PROVINS,77,Appartement,23,1,85,2023
255000,77160,PROVINS,77,Dépendance,0,0,85,2023
91500,77750,SAINT-CYR-SUR-MORIN,77,Dépendance,0,0,63,2023
91500,77750,SAINT-CYR-SUR-MORIN,77,Maison,63,5,63,2023
168000,77120,BEAUTHEIL-SAINTS,77,Maison,127,7,92,2023
305000,77131,TOUQUIN,77,Dépendance,0,0,344,2023
305000,77131,TOUQUIN,77,Maison,149,8,344,2023
352000,77230,DAMMARTIN-EN-GOELE,77,Maison,63,3,500,2023
352000,77230,DAMMARTIN-EN-GOELE,77,Maison,63,3,142,2023
297000,77230,DAMMARTIN-EN-GOELE,77,Maison,88,5,446,2023
425000,77410,ANNET-SUR-MARNE,77,Dépendance,0,0,500,2023
425000,77410,ANNET-SUR-MARNE,77,Maison,154,4,500,2023
425000,77410,ANNET-SUR-MARNE,77,Maison,154,4,433,2023
425000,77410,ANNET-SUR-MARNE,77,Dépendance,0,0,433,2023
240000,77260,SEPT-SORTS,77,Dépendance,0,0,470,2023
240000,77260,SEPT-SORTS,77,Maison,70,4,470,2023
344000,77410,CLAYE-SOUILLY,77,Maison,100,6,423,2023
199500,77181,COURTRY,77,Maison,110,5,65,2023
315000,77120,BEAUTHEIL-SAINTS,77,Maison,90,4,185,2023
135000,77120,BEAUTHEIL-SAINTS,77,Maison,32,2,384,2023
135000,77120,BEAUTHEIL-SAINTS,77,Maison,32,2,1516,2023
307438,77700,SERRIS,77,Dépendance,0,0,126,2023
307438,77700,SERRIS,77,Maison,83,4,126,2023
110693,77510,REBAIS,77,Dépendance,0,0,1001,2023
110693,77510,REBAIS,77,Maison,249,8,1001,2023
310000,77320,LEUDON-EN-BRIE,77,Dépendance,0,0,802,2023
310000,77320,LEUDON-EN-BRIE,77,Maison,170,7,802,2023
267000,77360,VAIRES SUR MARNE,77,Maison,56,2,196,2023
267000,77360,VAIRES SUR MARNE,77,Dépendance,0,0,196,2023
289960,77515,FAREMOUTIERS,77,Dépendance,0,0,609,2023
289960,77515,FAREMOUTIERS,77,Maison,136,6,609,2023
100000,77440,OCQUERRE,77,Maison,60,2,33,2023
130000,77440,VENDREST,77,Dépendance,0,0,348,2023
130000,77440,VENDREST,77,Maison,72,3,348,2023
545000,77164,FERRIERES-EN-BRIE,77,Maison,106,5,351,2023
160000,77260,REUIL-EN-BRIE,77,Maison,65,2,250,2023
302811,77700,SERRIS,77,Maison,86,4,108,2023
472205,77540,LUMIGNY NESLES ORMEAUX,77,Maison,167,5,275,2023
395000,77230,DAMMARTIN-EN-GOELE,77,Maison,124,6,372,2023
390000,77500,CHELLES,77,Maison,85,5,308,2023
145000,77171,MELZ-SUR-SEINE,77,Dépendance,0,0,553,2023
145000,77171,MELZ-SUR-SEINE,77,Maison,109,5,553,2023
110000,77370,CHATEAUBLEAU,77,Maison,109,4,541,2023
207000,77540,COURPALAY,77,Maison,40,2,122,2023
207000,77540,COURPALAY,77,Dépendance,0,0,122,2023
210000,77860,QUINCY-VOISINS,77,Maison,116,5,102,2023
210000,77860,QUINCY-VOISINS,77,Dépendance,0,0,20,2023
217000,77560,COURCHAMP,77,Maison,112,5,405,2023
217000,77560,COURCHAMP,77,Maison,112,5,500,2023
80000,77157,EVERLY,77,Dépendance,0,0,779,2023
750000,77360,VAIRES SUR MARNE,77,Dépendance,0,0,997,2023
750000,77360,VAIRES SUR MARNE,77,Dépendance,0,0,500,2023
750000,77360,VAIRES SUR MARNE,77,Maison,110,5,500,2023
750000,77360,VAIRES SUR MARNE,77,Maison,110,5,997,2023
292700,77520,DONNEMARIE-DONTILLY,77,Maison,145,4,11312,2023
292700,77520,DONNEMARIE-DONTILLY,77,Dépendance,0,0,11312,2023
292700,77520,DONNEMARIE-DONTILLY,77,Dépendance,0,0,422,2023
292700,77520,DONNEMARIE-DONTILLY,77,Maison,145,4,422,2023
1039500,77600,GUERMANTES,77,Maison,220,6,500,2023
1039500,77600,GUERMANTES,77,Dépendance,0,0,566,2023
1039500,77600,GUERMANTES,77,Maison,220,6,566,2023
1039500,77600,GUERMANTES,77,Dépendance,0,0,500,2023
256000,77540,LUMIGNY NESLES ORMEAUX,77,Dépendance,0,0,795,2023
256000,77540,LUMIGNY NESLES ORMEAUX,77,Maison,130,3,795,2023
531350,77400,SAINT THIBAULT DES VIGNES,77,Maison,133,4,554,2023
193000,77540,CHAPELLE-IGER (LA),77,Maison,50,2,45,2023
193000,77540,CHAPELLE-IGER (LA),77,Dépendance,0,0,45,2023
700000,77700,COUPVRAY,77,Maison,160,5,400,2023
700000,77700,COUPVRAY,77,Maison,160,5,489,2023
223000,77510,VILLENEUVE-SUR-BELLOT,77,Maison,111,6,662,2023
426400,77450,TRILBARDOU,77,Maison,161,5,106,2023
426400,77450,TRILBARDOU,77,Maison,161,5,500,2023
294100,77120,MOUROUX,77,Dépendance,0,0,383,2023
294100,77120,MOUROUX,77,Maison,111,4,383,2023
185600,77230,THIEUX,77,Maison,100,5,119,2023
90000,77120,COULOMMIERS,77,Dépendance,0,0,41,2023
90000,77120,COULOMMIERS,77,Maison,24,2,2062,2023
90000,77120,COULOMMIERS,77,Maison,24,2,41,2023
90000,77120,COULOMMIERS,77,Dépendance,0,0,2062,2023
400000,77144,MONTEVRAIN,77,Maison,76,4,240,2023
200000,77515,POMMEUSE,77,Dépendance,0,0,500,2023
200000,77515,POMMEUSE,77,Maison,77,2,500,2023
200000,77515,POMMEUSE,77,Maison,77,2,1678,2023
200000,77515,POMMEUSE,77,Dépendance,0,0,1678,2023
179000,77580,CRECY LA CHAPELLE,77,Maison,46,2,528,2023
179000,77580,CRECY LA CHAPELLE,77,Dépendance,0,0,528,2023
749623,77700,MAGNY-LE-HONGRE,77,Maison,287,9,491,2023
749623,77700,MAGNY-LE-HONGRE,77,Dépendance,0,0,491,2023
340000,77100,MEAUX,77,Appartement,110,1,840,2023
340000,77100,MEAUX,77,Local industriel. commercial ou assimilé,1640,0,840,2023
25000,77100,MAREUIL-LES-MEAUX,77,Dépendance,0,0,240,2023
367000,77650,SAINTE-COLOMBE,77,Maison,115,5,301,2023
367000,77650,SAINTE-COLOMBE,77,Dépendance,0,0,301,2023
257250,77160,SAINT-HILLIERS,77,Dépendance,0,0,138,2023
257250,77160,SAINT-HILLIERS,77,Maison,151,4,138,2023
315000,77270,VILLEPARISIS,77,Dépendance,0,0,415,2023
315000,77270,VILLEPARISIS,77,Maison,87,4,415,2023
350000,77181,COURTRY,77,Maison,107,5,358,2023
294000,77100,MEAUX,77,Maison,109,5,413,2023
125000,77440,ISLES-LES-MELDEUSES,77,Dépendance,0,0,158,2023
125000,77440,ISLES-LES-MELDEUSES,77,Maison,45,3,158,2023
600000,77400,LAGNY-SUR-MARNE,77,Maison,150,6,500,2023
600000,77400,LAGNY-SUR-MARNE,77,Maison,150,6,568,2023
275000,77120,COULOMMIERS,77,Maison,97,4,631,2023
275000,77120,COULOMMIERS,77,Maison,97,4,255,2023
275000,77640,JOUARRE,77,Maison,92,6,424,2023
275000,77640,JOUARRE,77,Dépendance,0,0,424,2023
275000,77640,JOUARRE,77,Dépendance,0,0,500,2023
275000,77640,JOUARRE,77,Maison,92,6,500,2023
148000,77270,VILLEPARISIS,77,Maison,52,3,220,2023
148000,77270,VILLEPARISIS,77,Dépendance,0,0,220,2023
170000,77650,SAINT-LOUP-DE-NAUD,77,Maison,150,6,560,2023
368000,77100,MEAUX,77,Maison,119,6,100,2023
368000,77100,MEAUX,77,Maison,119,6,500,2023
154200,77650,SAINT-LOUP-DE-NAUD,77,Maison,87,5,330,2023
655000,77510,REBAIS,77,Maison,99,5,1624,2023
655000,77510,REBAIS,77,Maison,99,5,812,2023
655000,77510,REBAIS,77,Local industriel. commercial ou assimilé,95,0,2349,2023
655000,77510,REBAIS,77,Local industriel. commercial ou assimilé,167,0,2349,2023
655000,77510,REBAIS,77,Local industriel. commercial ou assimilé,165,0,2349,2023
655000,77510,REBAIS,77,Local industriel. commercial ou assimilé,153,0,2349,2023
655000,77510,REBAIS,77,Local industriel. commercial ou assimilé,260,0,2349,2023
655000,77510,REBAIS,77,Local industriel. commercial ou assimilé,93,0,2349,2023
655000,77510,REBAIS,77,Local industriel. commercial ou assimilé,150,0,2349,2023
655000,77510,REBAIS,77,Local industriel. commercial ou assimilé,201,0,2349,2023
655000,77510,REBAIS,77,Local industriel. commercial ou assimilé,210,0,2349,2023
360000,77650,LONGUEVILLE,77,Local industriel. commercial ou assimilé,246,0,2780,2023
360000,77650,LONGUEVILLE,77,Maison,226,8,2780,2023
360000,77650,LONGUEVILLE,77,Dépendance,0,0,2100,2023
335500,77860,COUILLY-PONT-AUX-DAMES,77,Maison,88,5,437,2023
335500,77860,COUILLY-PONT-AUX-DAMES,77,Maison,88,5,500,2023
222500,77260,REUIL-EN-BRIE,77,Dépendance,0,0,180,2023
222500,77260,REUIL-EN-BRIE,77,Maison,74,3,180,2023
288000,77100,MEAUX,77,Maison,131,6,235,2023
600000,77515,POMMEUSE,77,Maison,97,4,10500,2023
600000,77515,POMMEUSE,77,Local industriel. commercial ou assimilé,0,0,10500,2023
688800,77410,CLAYE-SOUILLY,77,Maison,246,8,500,2023
688800,77410,CLAYE-SOUILLY,77,Dépendance,0,0,500,2023
688800,77410,CLAYE-SOUILLY,77,Maison,246,8,514,2023
688800,77410,CLAYE-SOUILLY,77,Dépendance,0,0,514,2023
1579000,77160,PROVINS,77,Local industriel. commercial ou assimilé,1193,0,4132,2023
415000,77450,ESBLY,77,Dépendance,0,0,525,2023
415000,77450,ESBLY,77,Maison,110,5,525,2023
373150,77144,MONTEVRAIN,77,Maison,103,4,452,2023
373150,77144,MONTEVRAIN,77,Dépendance,0,0,452,2023
173000,77160,CHALAUTRE-LA-PETITE,77,Maison,150,5,570,2023
173000,77560,CHAMPCENEST,77,Maison,81,4,770,2023
173000,77560,CHAMPCENEST,77,Dépendance,0,0,770,2023
263000,77650,LONGUEVILLE,77,Maison,163,7,143,2023
263000,77650,LONGUEVILLE,77,Maison,163,7,2417,2023
627000,77600,BUSSY-SAINT-GEORGES,77,Maison,178,7,537,2023
627000,77600,BUSSY-SAINT-GEORGES,77,Dépendance,0,0,537,2023
4000,77151,MONTCEAUX-LES-PROVINS,77,Dépendance,0,0,165,2023
1,77420,CHAMPS-SUR-MARNE,77,Local industriel. commercial ou assimilé,1734,0,3435,2023
105000,77860,QUINCY-VOISINS,77,Dépendance,0,0,115,2023
351520,77910,GERMIGNY-L EVEQUE,77,Maison,103,4,965,2023
351520,77910,GERMIGNY-L EVEQUE,77,Maison,103,4,500,2023
230000,77260,SEPT-SORTS,77,Maison,90,4,262,2023
230000,77260,SEPT-SORTS,77,Maison,90,4,500,2023
227200,77120,MOUROUX,77,Maison,152,5,140,2023
227200,77120,MOUROUX,77,Dépendance,0,0,140,2023
348664,77500,CHELLES,77,Maison,134,5,517,2023
137000,77400,DAMPMART,77,Maison,99,4,219,2023
175824,77860,SAINT-GERMAIN-SUR-MORIN,77,Maison,87,4,485,2023
333000,77860,QUINCY-VOISINS,77,Maison,89,4,289,2023
160000,77860,QUINCY-VOISINS,77,Dépendance,0,0,16,2023
160000,77860,QUINCY-VOISINS,77,Maison,155,5,85,2023
500000,77610,FONTENAY-TRESIGNY,77,Local industriel. commercial ou assimilé,321,0,1500,2023
1550000,77178,SAINT-PATHUS,77,Local industriel. commercial ou assimilé,1383,0,9597,2023
150000,77610,NEUFMOUTIERS-EN-BRIE,77,Maison,105,5,521,2023
110000,77440,CONGIS-SUR-THEROUANNE,77,Dépendance,0,0,186,2023
110000,77440,CONGIS-SUR-THEROUANNE,77,Maison,165,9,186,2023
175000,77480,BRAY-SUR-SEINE,77,Maison,100,5,351,2023
480000,77580,GUERARD,77,Maison,67,3,307,2023
450000,77270,VILLEPARISIS,77,Maison,160,7,425,2023
672000,77400,LAGNY-SUR-MARNE,77,Maison,129,5,638,2023
120000,77165,LE PLESSIS-L EVEQUE,77,Dépendance,0,0,697,2023
120000,77165,LE PLESSIS-L EVEQUE,77,Maison,57,3,697,2023
89500,77910,CHAMBRY,77,Maison,80,3,113,2023
105000,77260,CHAMIGNY,77,Maison,41,2,88,2023
264000,77230,MOUSSY-LE-NEUF,77,Maison,110,8,606,2023
264000,77230,MOUSSY-LE-NEUF,77,Dépendance,0,0,606,2023
292600,77410,CLAYE-SOUILLY,77,Dépendance,0,0,556,2023
292600,77410,CLAYE-SOUILLY,77,Maison,86,5,556,2023
14500,77320,JOUY-SUR-MORIN,77,Dépendance,0,0,23,2023
242650,77500,CHELLES,77,Maison,61,3,458,2023
260000,77120,CHAILLY-EN-BRIE,77,Maison,95,4,1031,2023
260000,77120,CHAILLY-EN-BRIE,77,Maison,95,4,308,2023
324000,77290,MITRY MORY,77,Maison,101,5,349,2023
395000,77410,VILLEVAUDE,77,Maison,131,4,414,2023
214000,77650,SOISY-BOUY,77,Dépendance,0,0,597,2023
214000,77650,SOISY-BOUY,77,Maison,76,3,597,2023
575000,77860,QUINCY-VOISINS,77,Local industriel. commercial ou assimilé,145,0,453,2023
575000,77860,QUINCY-VOISINS,77,Local industriel. commercial ou assimilé,145,0,500,2023
237000,77400,LAGNY-SUR-MARNE,77,Maison,60,4,326,2023
90000,77440,CONGIS-SUR-THEROUANNE,77,Dépendance,0,0,101,2023
90000,77440,CONGIS-SUR-THEROUANNE,77,Appartement,20,1,105,2023
825000,77600,BUSSY-SAINT-GEORGES,77,Maison,201,5,500,2023
825000,77600,BUSSY-SAINT-GEORGES,77,Maison,201,5,650,2023
237000,77165,IVERNY,77,Dépendance,0,0,677,2023
237000,77165,IVERNY,77,Maison,84,4,677,2023
265000,77165,IVERNY,77,Maison,120,6,509,2023
265000,77165,IVERNY,77,Dépendance,0,0,509,2023
269000,77165,IVERNY,77,Maison,88,4,3,2023
242000,77910,CHAMBRY,77,Maison,114,7,101,2023
135000,77100,MEAUX,77,Local industriel. commercial ou assimilé,96,0,99,2023
337000,77360,VAIRES SUR MARNE,77,Maison,84,3,221,2023
337000,77360,VAIRES SUR MARNE,77,Dépendance,0,0,221,2023
295000,77160,SAINT-BRICE,77,Local industriel. commercial ou assimilé,500,0,1425,2023
395000,77100,MEAUX,77,Maison,159,6,102,2023
322120,77124,CHAUCONIN-NEUFMONTIERS,77,Dépendance,0,0,399,2023
322120,77124,CHAUCONIN-NEUFMONTIERS,77,Maison,89,5,399,2023
322120,77124,CHAUCONIN-NEUFMONTIERS,77,Dépendance,0,0,500,2023
322120,77124,CHAUCONIN-NEUFMONTIERS,77,Maison,89,5,500,2023
268650,77100,MEAUX,77,Maison,112,5,188,2023
310500,77100,MEAUX,77,Maison,124,6,200,2023
310500,77100,MEAUX,77,Maison,124,6,500,2023
150000,77120,CHAILLY-EN-BRIE,77,Maison,78,5,87,2023
150000,77120,CHAILLY-EN-BRIE,77,Dépendance,0,0,295,2023
155000,77660,SAINT JEAN LES DEUX JUMEAUX,77,Dépendance,0,0,164,2023
155000,77660,SAINT JEAN LES DEUX JUMEAUX,77,Maison,140,5,164,2023
12000,77100,MEAUX,77,Dépendance,0,0,14,2023
267000,77178,SAINT-PATHUS,77,Maison,73,4,561,2023
267000,77178,SAINT-PATHUS,77,Dépendance,0,0,561,2023
100000,77580,CRECY LA CHAPELLE,77,Maison,64,3,392,2023
326000,77100,NANTEUIL-LES-MEAUX,77,Maison,88,4,350,2023
900000,77515,FAREMOUTIERS,77,Local industriel. commercial ou assimilé,378,0,6342,2023
900000,77515,FAREMOUTIERS,77,Local industriel. commercial ou assimilé,1800,0,6342,2023
338000,77230,DAMMARTIN-EN-GOELE,77,Maison,65,4,438,2023
340000,77500,CHELLES,77,Maison,91,5,288,2023
370000,77185,LOGNES,77,Dépendance,0,0,16,2023
370000,77185,LOGNES,77,Maison,82,4,133,2023
457000,77400,SAINT THIBAULT DES VIGNES,77,Maison,127,5,500,2023
457000,77400,SAINT THIBAULT DES VIGNES,77,Maison,127,5,436,2023
505000,77600,BUSSY-SAINT-GEORGES,77,Maison,142,6,226,2023
320000,77500,CHELLES,77,Maison,118,6,260,2023
320000,77500,CHELLES,77,Dépendance,0,0,260,2023
350000,77450,MONTRY,77,Maison,111,6,607,2023
115000,77480,VILLENAUXE-LA-PETITE,77,Dépendance,0,0,421,2023
115000,77480,VILLENAUXE-LA-PETITE,77,Maison,100,5,421,2023
1,77500,CHELLES,77,Local industriel. commercial ou assimilé,793,0,3000,2023
344000,77270,VILLEPARISIS,77,Maison,85,4,514,2023
3900000,77400,LAGNY-SUR-MARNE,77,Local industriel. commercial ou assimilé,3259,0,720,2023
380000,77185,LOGNES,77,Maison,107,6,217,2023
240000,77410,CLAYE-SOUILLY,77,Dépendance,0,0,529,2023
240000,77410,CLAYE-SOUILLY,77,Maison,88,4,529,2023
280000,77120,COULOMMIERS,77,Dépendance,0,0,500,2023
280000,77120,COULOMMIERS,77,Dépendance,0,0,1762,2023
280000,77120,COULOMMIERS,77,Dépendance,0,0,4563,2023
280000,77120,COULOMMIERS,77,Maison,84,4,1762,2023
280000,77120,COULOMMIERS,77,Maison,84,4,519,2023
280000,77120,COULOMMIERS,77,Maison,84,4,4563,2023
280000,77120,COULOMMIERS,77,Dépendance,0,0,519,2023
280000,77120,COULOMMIERS,77,Maison,84,4,500,2023
7000,77120,COULOMMIERS,77,Dépendance,0,0,39,2023
139750,77169,BOISSY-LE-CHATEL,77,Maison,70,3,78,2023
220000,77130,TOMBE (LA),77,Maison,100,5,768,2023
220000,77130,TOMBE (LA),77,Maison,100,5,3200,2023
136000,77520,THENISY,77,Local industriel. commercial ou assimilé,90,0,412,2023
87000,77520,CESSOY-EN-MONTOIS,77,Dépendance,0,0,306,2023
30000,77181,LE PIN,77,Dépendance,0,0,413,2023
156500,77100,MEAUX,77,Maison,99,5,96,2023
330000,77100,MEAUX,77,Local industriel. commercial ou assimilé,1700,0,3355,2023
407000,77500,CHELLES,77,Maison,49,3,296,2023
210000,77120,CHAILLY-EN-BRIE,77,Maison,132,6,958,2023
210000,77120,CHAILLY-EN-BRIE,77,Maison,132,6,250,2023
504669,77500,CHELLES,77,Local industriel. commercial ou assimilé,0,0,4834,2023
274000,77540,COURPALAY,77,Dépendance,0,0,346,2023
274000,77540,COURPALAY,77,Maison,100,6,346,2023
355000,77230,MOUSSY-LE-NEUF,77,Maison,103,6,432,2023
222000,77450,CONDE-SAINTE-LIBIAIRE,77,Dépendance,0,0,240,2023
222000,77450,CONDE-SAINTE-LIBIAIRE,77,Maison,56,3,240,2023
445000,77270,VILLEPARISIS,77,Maison,56,3,504,2023
390000,77270,VILLEPARISIS,77,Dépendance,0,0,450,2023
390000,77270,VILLEPARISIS,77,Maison,75,4,450,2023
228000,77480,BRAY-SUR-SEINE,77,Dépendance,0,0,816,2023
228000,77480,BRAY-SUR-SEINE,77,Appartement,77,4,816,2023
228000,77480,BRAY-SUR-SEINE,77,Local industriel. commercial ou assimilé,143,0,816,2023
228000,77480,BRAY-SUR-SEINE,77,Local industriel. commercial ou assimilé,611,0,816,2023
65000,77510,VILLENEUVE-SUR-BELLOT,77,Maison,96,4,432,2023
65000,77510,VILLENEUVE-SUR-BELLOT,77,Dépendance,0,0,432,2023
150000,77750,SAINT-CYR-SUR-MORIN,77,Maison,74,3,120,2023
50000,77580,VILLIERS-SUR-MORIN,77,Dépendance,0,0,144,2023
280000,77270,VILLEPARISIS,77,Appartement,10,1,453,2023
280000,77270,VILLEPARISIS,77,Appartement,20,2,453,2023
280000,77270,VILLEPARISIS,77,Appartement,20,1,453,2023
280000,77270,VILLEPARISIS,77,Dépendance,0,0,453,2023
400000,77200,TORCY,77,Maison,81,3,766,2023
80000,77141,VAUDOY-EN-BRIE,77,Dépendance,0,0,178,2023
200000,77178,OISSERY,77,Appartement,70,3,148,2023
280000,77230,SAINT-MARD,77,Maison,110,5,394,2023
101000,77910,BARCY,77,Dépendance,0,0,552,2023
311300,77178,SAINT-PATHUS,77,Dépendance,0,0,270,2023
311300,77178,SAINT-PATHUS,77,Maison,96,5,270,2023
311300,77178,SAINT-PATHUS,77,Maison,96,5,500,2023
311300,77178,SAINT-PATHUS,77,Dépendance,0,0,500,2023
329200,77171,CHALAUTRE-LA-GRANDE,77,Maison,136,3,365,2023
450000,77100,MEAUX,77,Dépendance,0,0,356,2023
450000,77100,MEAUX,77,Appartement,27,2,356,2023
450000,77100,MEAUX,77,Appartement,64,3,356,2023
128100,77160,PROVINS,77,Maison,37,2,57,2023
128100,77160,PROVINS,77,Local industriel. commercial ou assimilé,27,0,57,2023
494000,77500,CHELLES,77,Maison,129,4,313,2023
494000,77500,CHELLES,77,Dépendance,0,0,313,2023
318000,77400,LAGNY-SUR-MARNE,77,Maison,97,5,442,2023
105585,77650,SOISY-BOUY,77,Dépendance,0,0,3646,2023
105585,77650,SOISY-BOUY,77,Dépendance,0,0,52,2023
105585,77650,SOISY-BOUY,77,Maison,132,6,1135,2023
220000,77120,COULOMMIERS,77,Dépendance,0,0,508,2023
220000,77120,COULOMMIERS,77,Maison,91,5,508,2023
744000,77500,CHELLES,77,Appartement,20,1,283,2023
744000,77500,CHELLES,77,Appartement,37,2,283,2023
744000,77500,CHELLES,77,Appartement,46,2,283,2023
744000,77500,CHELLES,77,Appartement,38,2,283,2023
744000,77500,CHELLES,77,Appartement,22,1,283,2023
744000,77500,CHELLES,77,Appartement,27,2,283,2023
744000,77500,CHELLES,77,Appartement,24,1,283,2023
744000,77500,CHELLES,77,Appartement,25,1,283,2023
744000,77500,CHELLES,77,Appartement,34,2,283,2023
744000,77500,CHELLES,77,Local industriel. commercial ou assimilé,21,0,283,2023
744000,77500,CHELLES,77,Appartement,21,1,283,2023
744000,77500,CHELLES,77,Appartement,36,2,283,2023
238750,77515,FAREMOUTIERS,77,Maison,80,3,141,2023
238750,77515,FAREMOUTIERS,77,Maison,25,1,141,2023
135000,77400,LAGNY-SUR-MARNE,77,Dépendance,0,0,261,2023
135000,77400,LAGNY-SUR-MARNE,77,Maison,64,4,500,2023
135000,77400,LAGNY-SUR-MARNE,77,Dépendance,0,0,500,2023
135000,77400,LAGNY-SUR-MARNE,77,Maison,64,4,261,2023
510000,77144,CHALIFERT,77,Maison,227,8,1115,2023
510000,77144,CHALIFERT,77,Maison,227,8,500,2023
245000,77410,SAINT-MESMES,77,Local industriel. commercial ou assimilé,0,0,420,2023
245000,77410,SAINT-MESMES,77,Dépendance,0,0,420,2023
245000,77410,SAINT-MESMES,77,Maison,101,5,420,2023
153000,77160,PROVINS,77,Maison,70,4,405,2023
310000,77100,MEAUX,77,Maison,100,6,263,2023
164000,77510,SABLONNIERES,77,Dépendance,0,0,500,2023
164000,77510,SABLONNIERES,77,Dépendance,0,0,650,2023
164000,77510,SABLONNIERES,77,Maison,87,4,650,2023
164000,77510,SABLONNIERES,77,Maison,87,4,500,2023
249000,77470,TRILPORT,77,Maison,87,4,139,2023
245000,77100,MEAUX,77,Maison,78,3,106,2023
245000,77100,MEAUX,77,Dépendance,0,0,106,2023
210000,77320,ST REMY DE LA VANNE,77,Dépendance,0,0,500,2023
210000,77320,ST REMY DE LA VANNE,77,Maison,91,4,200,2023
210000,77320,ST REMY DE LA VANNE,77,Dépendance,0,0,200,2023
210000,77320,ST REMY DE LA VANNE,77,Maison,91,4,500,2023
370000,77500,CHELLES,77,Dépendance,0,0,460,2023
370000,77500,CHELLES,77,Maison,64,4,460,2023
370000,77500,CHELLES,77,Maison,64,4,500,2023
370000,77500,CHELLES,77,Dépendance,0,0,500,2023
322000,77200,TORCY,77,Local industriel. commercial ou assimilé,328,0,1058,2023
322000,77200,TORCY,77,Local industriel. commercial ou assimilé,97,0,1058,2023
322000,77200,TORCY,77,Local industriel. commercial ou assimilé,106,0,1058,2023
322000,77200,TORCY,77,Local industriel. commercial ou assimilé,93,0,1058,2023
322000,77200,TORCY,77,Local industriel. commercial ou assimilé,399,0,1058,2023
322000,77200,TORCY,77,Local industriel. commercial ou assimilé,108,0,1058,2023
322000,77200,TORCY,77,Local industriel. commercial ou assimilé,172,0,1058,2023
322000,77200,TORCY,77,Local industriel. commercial ou assimilé,146,0,1058,2023
322000,77200,TORCY,77,Local industriel. commercial ou assimilé,41,0,1058,2023
185000,77114,GOUAIX,77,Dépendance,0,0,124,2023
185000,77114,GOUAIX,77,Maison,114,6,124,2023
341350,77515,SAINT-AUGUSTIN,77,Maison,74,3,1253,2023
341350,77515,SAINT-AUGUSTIN,77,Maison,74,3,250,2023
275000,77515,POMMEUSE,77,Dépendance,0,0,252,2023
275000,77515,POMMEUSE,77,Maison,56,2,252,2023
155000,77580,VOULANGIS,77,Maison,81,5,360,2023
155000,77580,VOULANGIS,77,Dépendance,0,0,360,2023
335000,77500,CHELLES,77,Maison,70,4,310,2023
1500000,77260,LA FERTE SOUS JOUARRE,77,Local industriel. commercial ou assimilé,4920,0,5620,2023
460000,77500,CHELLES,77,Maison,94,6,465,2023
545000,77260,REUIL-EN-BRIE,77,Maison,138,5,1330,2023
545000,77260,REUIL-EN-BRIE,77,Dépendance,0,0,6270,2023
545000,77260,REUIL-EN-BRIE,77,Dépendance,0,0,230,2023
545000,77260,REUIL-EN-BRIE,77,Maison,138,5,230,2023
545000,77260,REUIL-EN-BRIE,77,Dépendance,0,0,1330,2023
545000,77260,REUIL-EN-BRIE,77,Maison,138,5,6270,2023
180000,77480,BRAY-SUR-SEINE,77,Dépendance,0,0,457,2023
180000,77480,BRAY-SUR-SEINE,77,Maison,73,3,457,2023
336000,77500,CHELLES,77,Maison,111,6,400,2023
336000,77500,CHELLES,77,Dépendance,0,0,400,2023
290000,77500,CHELLES,77,Maison,60,3,719,2023
290000,77500,CHELLES,77,Maison,60,3,260,2023
299000,77400,THORIGNY SUR MARNE,77,Maison,91,5,304,2023
1800000,77186,NOISIEL,77,Local industriel. commercial ou assimilé,736,0,1590,2023
187500,77260,LA FERTE SOUS JOUARRE,77,Local industriel. commercial ou assimilé,200,0,152,2023
187500,77260,LA FERTE SOUS JOUARRE,77,Maison,57,2,152,2023
350000,77700,SERRIS,77,Maison,98,5,170,2023
179000,77134,ORMES-SUR-VOULZIE (LES),77,Maison,73,4,332,2023
179000,77134,ORMES-SUR-VOULZIE (LES),77,Maison,73,4,1175,2023
179000,77134,ORMES-SUR-VOULZIE (LES),77,Dépendance,0,0,332,2023
179000,77134,ORMES-SUR-VOULZIE (LES),77,Dépendance,0,0,1175,2023
359500,77144,MONTEVRAIN,77,Maison,87,4,718,2023
6500,77480,MOUSSEAUX-LES-BRAY,77,Dépendance,0,0,812,2023
130000,77970,JOUY-LE-CHATEL,77,Dépendance,0,0,540,2023
130000,77970,JOUY-LE-CHATEL,77,Dépendance,0,0,2200,2023
130000,77970,JOUY-LE-CHATEL,77,Maison,150,5,540,2023
130000,77970,JOUY-LE-CHATEL,77,Maison,150,5,2200,2023
255000,77515,POMMEUSE,77,Maison,89,4,503,2023
227000,77480,JAULNES,77,Dépendance,0,0,1100,2023
227000,77480,JAULNES,77,Maison,90,3,1100,2023
466200,77124,CHAUCONIN-NEUFMONTIERS,77,Dépendance,0,0,185,2023
466200,77124,CHAUCONIN-NEUFMONTIERS,77,Maison,250,4,185,2023
150000,77610,FONTENAY-TRESIGNY,77,Local industriel. commercial ou assimilé,75,0,55,2023
165000,77515,POMMEUSE,77,Dépendance,0,0,40,2023
165000,77515,POMMEUSE,77,Maison,60,3,40,2023
104000,77510,DOUE,77,Maison,45,2,38,2023
30000,77169,CHAUFFRY,77,Dépendance,0,0,271,2023
233200,77290,MITRY MORY,77,Maison,48,3,406,2023
275850,77540,LUMIGNY NESLES ORMEAUX,77,Dépendance,0,0,475,2023
275850,77540,LUMIGNY NESLES ORMEAUX,77,Maison,99,4,475,2023
95000,77515,SAINT-AUGUSTIN,77,Dépendance,0,0,64,2023
285000,77610,FONTENAY-TRESIGNY,77,Dépendance,0,0,12,2023
285000,77610,FONTENAY-TRESIGNY,77,Maison,75,4,194,2023
285000,77610,FONTENAY-TRESIGNY,77,Dépendance,0,0,10,2023
255000,77580,GUERARD,77,Maison,92,3,533,2023
380000,77470,FUBLAINES,77,Dépendance,0,0,288,2023
380000,77470,FUBLAINES,77,Maison,160,6,288,2023
380000,77470,FUBLAINES,77,Dépendance,0,0,500,2023
380000,77470,FUBLAINES,77,Maison,160,6,500,2023
22962380,77090,COLLEGIEN,77,Appartement,24,1,99,2023
22962380,77090,COLLEGIEN,77,Maison,140,5,500,2023
22962380,77090,COLLEGIEN,77,Maison,140,5,632,2023
22962380,77090,COLLEGIEN,77,Maison,116,7,327,2023
22962380,77090,COLLEGIEN,77,Dépendance,0,0,327,2023
35000,77120,MOUROUX,77,Maison,10,1,250,2023
35000,77120,MOUROUX,77,Maison,10,1,1102,2023
382000,77420,CHAMPS-SUR-MARNE,77,Dépendance,0,0,317,2023
382000,77420,CHAMPS-SUR-MARNE,77,Maison,89,4,317,2023
250000,77400,SAINT THIBAULT DES VIGNES,77,Maison,82,4,392,2023
240000,77640,JOUARRE,77,Maison,93,4,500,2023
240000,77640,JOUARRE,77,Maison,93,4,253,2023
377000,77100,NANTEUIL-LES-MEAUX,77,Maison,100,4,491,2023
178500,77230,SAINT-MARD,77,Maison,55,2,118,2023
200000,77163,DAMMARTIN-SUR-TIGEAUX,77,Maison,72,4,80,2023
200000,77163,DAMMARTIN-SUR-TIGEAUX,77,Dépendance,0,0,16,2023
200000,77163,DAMMARTIN-SUR-TIGEAUX,77,Dépendance,0,0,18,2023
143000,77640,JOUARRE,77,Maison,70,3,101,2023
143000,77640,JOUARRE,77,Dépendance,0,0,101,2023
219850,77480,FONTAINE-FOURCHES,77,Maison,129,1,315,2023
360000,77400,LAGNY-SUR-MARNE,77,Dépendance,0,0,562,2023
360000,77400,LAGNY-SUR-MARNE,77,Maison,56,4,562,2023
230000,77100,MEAUX,77,Maison,133,6,163,2023
120000,77160,PROVINS,77,Local industriel. commercial ou assimilé,780,0,1020,2023
135000,77410,CLAYE-SOUILLY,77,Maison,36,3,29,2023
185000,77260,LA FERTE SOUS JOUARRE,77,Maison,90,3,61,2023
365000,77410,SAINT-MESMES,77,Maison,150,6,294,2023
365000,77410,SAINT-MESMES,77,Maison,150,6,500,2023
318000,77470,MONTCEAUX-LES-MEAUX,77,Maison,171,8,136,2023
523450,77500,CHELLES,77,Maison,177,6,506,2023
380000,77400,THORIGNY SUR MARNE,77,Dépendance,0,0,500,2023
380000,77400,THORIGNY SUR MARNE,77,Maison,99,6,480,2023
380000,77400,THORIGNY SUR MARNE,77,Dépendance,0,0,480,2023
380000,77400,THORIGNY SUR MARNE,77,Maison,99,6,500,2023
79000,77640,JOUARRE,77,Dépendance,0,0,277,2023
79000,77640,JOUARRE,77,Dépendance,0,0,49,2023
158000,77610,FONTENAY-TRESIGNY,77,Dépendance,0,0,20,2023
289000,77580,GUERARD,77,Maison,147,4,731,2023
289000,77580,GUERARD,77,Maison,147,4,500,2023
570000,77138,LUZANCY,77,Appartement,83,4,451,2023
570000,77138,LUZANCY,77,Appartement,72,3,451,2023
570000,77138,LUZANCY,77,Appartement,80,3,451,2023
570000,77138,LUZANCY,77,Appartement,50,2,451,2023
7960375,77270,VILLEPARISIS,77,Maison,56,3,504,2023
7960375,77270,VILLEPARISIS,77,Maison,75,4,450,2023
7960375,77270,VILLEPARISIS,77,Dépendance,0,0,450,2023
7960375,77270,VILLEPARISIS,77,Appartement,20,1,453,2023
7960375,77270,VILLEPARISIS,77,Dépendance,0,0,453,2023
7960375,77270,VILLEPARISIS,77,Appartement,10,1,453,2023
7960375,77270,VILLEPARISIS,77,Appartement,20,2,453,2023
555000,77400,THORIGNY SUR MARNE,77,Maison,172,5,892,2023
555000,77400,THORIGNY SUR MARNE,77,Maison,172,5,389,2023
257850,77320,ST REMY DE LA VANNE,77,Maison,86,3,590,2023
940000,77500,CHELLES,77,Local industriel. commercial ou assimilé,1071,0,2895,2023
14500,77181,COURTRY,77,Maison,87,5,404,2023
350000,77090,COLLEGIEN,77,Maison,79,3,420,2023
350000,77090,COLLEGIEN,77,Maison,79,3,500,2023
180000,77500,CHELLES,77,Dépendance,0,0,527,2023
180000,77500,CHELLES,77,Maison,39,2,527,2023
660000,77230,DAMMARTIN-EN-GOELE,77,Maison,147,4,500,2023
660000,77230,DAMMARTIN-EN-GOELE,77,Maison,147,4,1778,2023
660000,77230,DAMMARTIN-EN-GOELE,77,Dépendance,0,0,500,2023
660000,77230,DAMMARTIN-EN-GOELE,77,Dépendance,0,0,1778,2023
254560,77400,LAGNY-SUR-MARNE,77,Dépendance,0,0,482,2023
254560,77400,LAGNY-SUR-MARNE,77,Maison,85,4,482,2023
145000,77750,SAINT-CYR-SUR-MORIN,77,Dépendance,0,0,25,2023
145000,77750,SAINT-CYR-SUR-MORIN,77,Maison,88,5,328,2023
145000,77750,SAINT-CYR-SUR-MORIN,77,Dépendance,0,0,328,2023
357000,77860,COUILLY-PONT-AUX-DAMES,77,Maison,60,3,734,2023
357000,77860,COUILLY-PONT-AUX-DAMES,77,Maison,60,3,500,2023
128000,77450,CONDE-SAINTE-LIBIAIRE,77,Maison,36,3,140,2023
128000,77450,CONDE-SAINTE-LIBIAIRE,77,Dépendance,0,0,140,2023
165000,77320,ST REMY DE LA VANNE,77,Maison,91,4,250,2023
165000,77320,ST REMY DE LA VANNE,77,Dépendance,0,0,901,2023
165000,77320,ST REMY DE LA VANNE,77,Maison,91,4,901,2023
165000,77320,ST REMY DE LA VANNE,77,Dépendance,0,0,250,2023
380000,77610,MARLES-EN-BRIE,77,Maison,113,5,1140,2023
380000,77610,MARLES-EN-BRIE,77,Maison,113,5,500,2023
316000,77120,COULOMMIERS,77,Maison,145,5,618,2023
316000,77120,COULOMMIERS,77,Dépendance,0,0,618,2023
316000,77120,COULOMMIERS,77,Local industriel. commercial ou assimilé,0,0,378,2023
149000,77440,OCQUERRE,77,Maison,62,4,31,2023
149000,77440,OCQUERRE,77,Dépendance,0,0,31,2023
149000,77440,OCQUERRE,77,Dépendance,0,0,155,2023
260000,77100,MEAUX,77,Maison,75,4,568,2023
260000,77100,MEAUX,77,Local industriel. commercial ou assimilé,156,0,568,2023
270000,77440,LIZY-SUR-OURCQ,77,Maison,124,5,500,2023
270000,77440,LIZY-SUR-OURCQ,77,Maison,124,5,31,2023
139000,77120,COULOMMIERS,77,Maison,44,3,136,2023
262000,77169,BOISSY-LE-CHATEL,77,Maison,101,6,2008,2023
262000,77169,BOISSY-LE-CHATEL,77,Maison,101,6,800,2023
1100000,77260,SEPT-SORTS,77,Local industriel. commercial ou assimilé,1630,0,3807,2023
1100000,77260,SEPT-SORTS,77,Local industriel. commercial ou assimilé,0,0,3807,2023
1100000,77260,SEPT-SORTS,77,Local industriel. commercial ou assimilé,1378,0,3807,2023
177000,77320,CHEVRU,77,Dépendance,0,0,891,2023
177000,77320,CHEVRU,77,Maison,200,6,891,2023
60000,77520,THENISY,77,Maison,115,3,555,2023
60000,77520,THENISY,77,Dépendance,0,0,555,2023
190000,77370,NANGIS,77,Maison,61,4,410,2023
190000,77370,NANGIS,77,Dépendance,0,0,410,2023
280000,77120,MOUROUX,77,Maison,168,5,298,2023
263500,77910,BARCY,77,Maison,89,4,500,2023
310000,77186,NOISIEL,77,Maison,79,4,243,2023
370000,77186,NOISIEL,77,Maison,103,5,300,2023
490000,77200,TORCY,77,Maison,141,4,500,2023
490000,77200,TORCY,77,Maison,30,2,500,2023
490000,77200,TORCY,77,Maison,141,4,599,2023
490000,77200,TORCY,77,Maison,30,2,599,2023
290000,77165,LE PLESSIS-AUX-BOIS,77,Maison,215,6,500,2023
290000,77165,LE PLESSIS-AUX-BOIS,77,Maison,215,6,300,2023
239000,77320,JOUY-SUR-MORIN,77,Maison,175,5,292,2023
250000,77163,TIGEAUX,77,Dépendance,0,0,404,2023
250000,77163,TIGEAUX,77,Maison,90,4,404,2023
250000,77500,CHELLES,77,Dépendance,0,0,223,2023
250000,77500,CHELLES,77,Maison,61,3,223,2023
140000,77515,CELLE-SUR-MORIN (LA),77,Dépendance,0,0,100,2023
140000,77515,CELLE-SUR-MORIN (LA),77,Maison,55,3,710,2023
140000,77515,CELLE-SUR-MORIN (LA),77,Dépendance,0,0,710,2023
140000,77515,CELLE-SUR-MORIN (LA),77,Maison,55,3,100,2023
179000,77750,BUSSIERES,77,Maison,160,5,733,2023
179000,77750,BUSSIERES,77,Dépendance,0,0,733,2023
455000,77174,VILLENEUVE-LE-COMTE,77,Dépendance,0,0,306,2023
455000,77174,VILLENEUVE-LE-COMTE,77,Maison,180,6,306,2023
